Warning: Failed writing log files to directory [/var/log/nvidia-mps]. No logs will be available.
[I 2026-03-18 22:16:24,739] Using an existing study with name 'opt_full-model_seed=42_task=247' instead of creating a new one.
[I 2026-03-18 22:16:24,742] Using an existing study with name 'opt_full-model_seed=42_task=249' instead of creating a new one.
[I 2026-03-18 22:16:24,742] Using an existing study with name 'opt_full-model_seed=42_task=241' instead of creating a new one.
[I 2026-03-18 22:16:24,743] Using an existing study with name 'opt_full-model_seed=42_task=251' instead of creating a new one.
[I 2026-03-18 22:16:24,753] Using an existing study with name 'opt_full-model_seed=42_task=242' instead of creating a new one.
[I 2026-03-18 22:16:24,753] Using an existing study with name 'opt_full-model_seed=42_task=244' instead of creating a new one.
[I 2026-03-18 22:16:24,755] Using an existing study with name 'opt_full-model_seed=42_task=252' instead of creating a new one.
[I 2026-03-18 22:16:24,765] Using an existing study with name 'opt_full-model_seed=42_task=254' instead of creating a new one.
[I 2026-03-18 22:16:24,787] Using an existing study with name 'opt_full-model_seed=42_task=255' instead of creating a new one.
[I 2026-03-18 22:16:24,788] Using an existing study with name 'opt_full-model_seed=42_task=245' instead of creating a new one.
[I 2026-03-18 22:16:24,799] Using an existing study with name 'opt_full-model_seed=42_task=253' instead of creating a new one.
[I 2026-03-18 22:16:24,819] Using an existing study with name 'opt_full-model_seed=42_task=250' instead of creating a new one.
[I 2026-03-18 22:16:24,823] Using an existing study with name 'opt_full-model_seed=42_task=243' instead of creating a new one.
[I 2026-03-18 22:16:24,826] Using an existing study with name 'opt_full-model_seed=42_task=246' instead of creating a new one.
[I 2026-03-18 22:16:24,836] Using an existing study with name 'opt_full-model_seed=42_task=248' instead of creating a new one.
[I 2026-03-18 22:16:24,849] Using an existing study with name 'opt_full-model_seed=42_task=240' instead of creating a new one.
[I 2026-03-18 22:16:55,021] Trial 35 pruned. 
[I 2026-03-18 22:16:55,050] Trial 45 pruned. 
[I 2026-03-18 22:16:55,131] Trial 32 pruned. 
[I 2026-03-18 22:16:55,134] Trial 27 pruned. 
[I 2026-03-18 22:16:57,605] Trial 25 pruned. 
[I 2026-03-18 22:16:58,589] Trial 30 pruned. 
[I 2026-03-18 22:16:58,850] Trial 46 pruned. 
[I 2026-03-18 22:17:04,964] Trial 26 pruned. 
[I 2026-03-18 22:17:05,774] Trial 31 pruned. 
[I 2026-03-18 22:17:07,917] Trial 33 pruned. 
[I 2026-03-18 22:17:08,008] Trial 49 pruned. 
[I 2026-03-18 22:17:08,990] Trial 43 pruned. 
[I 2026-03-18 22:17:09,282] Trial 32 pruned. 
[I 2026-03-18 22:17:12,311] Trial 28 pruned. 
[I 2026-03-18 22:17:12,626] Trial 36 pruned. 
[I 2026-03-18 22:17:13,341] Trial 33 pruned. 
[I 2026-03-18 22:17:15,786] Trial 34 pruned. 
[I 2026-03-18 22:17:17,271] Trial 34 pruned. 
[I 2026-03-18 22:17:19,471] Trial 37 pruned. 
[I 2026-03-18 22:17:23,241] Trial 38 pruned. 
[I 2026-03-18 22:17:23,614] Trial 35 pruned. 
[I 2026-03-18 22:17:23,685] Trial 34 pruned. 
[I 2026-03-18 22:17:23,950] Trial 18 finished with value: -1.4536573439378004 and parameters: {'n_layers_yyx': 1, 'hidden_size_yyx_l0': 5, 'context_size_yyx': 4, 'num_mix_components_yyx': 5, 'context_extractor_yyx': 'lstm', 'activation_func_yyx': 'Tanh', 'L2_weight_yyx': 7.538903534723198e-08, 'L_entropy_weight_yyx': 3.410007936570009e-08, 'L_sep_weight_yyx': 1.4380025865201948e-06, 'L_scale_weight_yyx': 1.5340108805112915e-08, 'learning_rate_yyx': 0.007214708572860085}. Best is trial 12 with value: -1.460441659780649.
[I 2026-03-18 22:17:23,984] Trial 37 finished with value: -1.4219808255709134 and parameters: {'n_layers_yyx': 2, 'hidden_size_yyx_l0': 3, 'hidden_size_yyx_l1': 5, 'context_size_yyx': 4, 'num_mix_components_yyx': 5, 'context_extractor_yyx': 'gru', 'activation_func_yyx': 'Tanh', 'L2_weight_yyx': 2.672392286819808e-07, 'L_entropy_weight_yyx': 1.968967499512301e-08, 'L_sep_weight_yyx': 2.2500960607169315e-08, 'L_scale_weight_yyx': 1.1265910638520375e-06, 'learning_rate_yyx': 0.0053815463322667385}. Best is trial 29 with value: -1.4683670278695913.
[I 2026-03-18 22:17:25,825] Trial 50 pruned. 
[I 2026-03-18 22:17:26,826] Trial 33 finished with value: -1.4323148522010216 and parameters: {'n_layers_yyx': 1, 'hidden_size_yyx_l0': 6, 'context_size_yyx': 4, 'num_mix_components_yyx': 3, 'context_extractor_yyx': 'lstm', 'activation_func_yyx': 'Tanh', 'L2_weight_yyx': 3.5150011240637816e-05, 'L_entropy_weight_yyx': 8.676974602977741e-06, 'L_sep_weight_yyx': 2.034163938462431e-08, 'L_scale_weight_yyx': 0.00026445732677472415, 'learning_rate_yyx': 0.008583381349825772}. Best is trial 7 with value: -1.4538350266676683.
[I 2026-03-18 22:17:27,434] Trial 38 pruned. 
[I 2026-03-18 22:17:28,267] Trial 36 finished with value: -1.4315606219951924 and parameters: {'n_layers_yyx': 2, 'hidden_size_yyx_l0': 6, 'hidden_size_yyx_l1': 4, 'context_size_yyx': 4, 'num_mix_components_yyx': 2, 'context_extractor_yyx': 'gru', 'activation_func_yyx': 'Tanh', 'L2_weight_yyx': 2.3851168640308436e-07, 'L_entropy_weight_yyx': 0.00023579613941856196, 'L_sep_weight_yyx': 6.510982578329882e-08, 'L_scale_weight_yyx': 1.3936446046342833e-07, 'learning_rate_yyx': 0.009980261526272311}. Best is trial 1 with value: -1.4389243727463943.
[I 2026-03-18 22:17:29,852] Trial 39 pruned. 
[I 2026-03-18 22:17:31,038] Trial 36 pruned. 
[I 2026-03-18 22:17:31,376] Trial 19 pruned. 
[I 2026-03-18 22:17:35,766] Trial 37 pruned. 
[I 2026-03-18 22:17:37,085] Trial 40 pruned. 
[I 2026-03-18 22:17:38,157] Trial 37 pruned. 
[I 2026-03-18 22:17:38,313] Trial 20 pruned. 
[I 2026-03-18 22:17:38,446] Trial 37 pruned. 
[I 2026-03-18 22:17:40,698] Trial 47 finished with value: -1.4433821458082932 and parameters: {'n_layers_yyx': 2, 'hidden_size_yyx_l0': 3, 'hidden_size_yyx_l1': 6, 'context_size_yyx': 3, 'num_mix_components_yyx': 4, 'context_extractor_yyx': 'lstm', 'activation_func_yyx': 'GELU', 'L2_weight_yyx': 2.5726846147965877e-07, 'L_entropy_weight_yyx': 1.931808381570464e-07, 'L_sep_weight_yyx': 0.00011261474970736172, 'L_scale_weight_yyx': 2.1807940903398343e-05, 'learning_rate_yyx': 0.0071211884063890705}. Best is trial 32 with value: -1.4672450138972355.
[I 2026-03-18 22:17:41,846] Trial 21 pruned. 
[I 2026-03-18 22:17:44,557] Trial 41 pruned. 
[I 2026-03-18 22:17:44,953] Trial 38 pruned. 
[I 2026-03-18 22:17:46,288] Trial 38 pruned. 
[I 2026-03-18 22:17:47,993] Trial 42 pruned. 
[I 2026-03-18 22:17:48,048] Trial 48 pruned. 
[I 2026-03-18 22:17:48,484] Trial 44 finished with value: -1.4095544533651383 and parameters: {'n_layers_yyx': 2, 'hidden_size_yyx_l0': 5, 'hidden_size_yyx_l1': 2, 'context_size_yyx': 3, 'num_mix_components_yyx': 3, 'context_extractor_yyx': 'lstm', 'activation_func_yyx': 'Tanh', 'L2_weight_yyx': 2.0888893321285875e-05, 'L_entropy_weight_yyx': 8.618970845768207e-05, 'L_sep_weight_yyx': 5.388387443559962e-07, 'L_scale_weight_yyx': 8.741917015353608e-07, 'learning_rate_yyx': 0.009069843020728621}. Best is trial 0 with value: -1.5190498727266906.
[I 2026-03-18 22:17:50,005] Trial 35 finished with value: -1.395443068284255 and parameters: {'n_layers_yyx': 2, 'hidden_size_yyx_l0': 4, 'hidden_size_yyx_l1': 5, 'context_size_yyx': 3, 'num_mix_components_yyx': 4, 'context_extractor_yyx': 'lstm', 'activation_func_yyx': 'ReLU', 'L2_weight_yyx': 5.758774141963135e-06, 'L_entropy_weight_yyx': 4.697456067969584e-08, 'L_sep_weight_yyx': 8.311900297923997e-05, 'L_scale_weight_yyx': 0.000250763475923299, 'learning_rate_yyx': 0.005499906957530362}. Best is trial 27 with value: -1.4597027822641226.
[I 2026-03-18 22:17:51,637] Trial 43 pruned. 
[I 2026-03-18 22:17:51,917] Trial 49 pruned. 
[I 2026-03-18 22:17:53,377] Trial 39 pruned. 
[I 2026-03-18 22:17:53,765] Trial 36 pruned. 
[I 2026-03-18 22:17:54,705] Trial 44 pruned. 
[I 2026-03-18 22:17:55,338] Trial 45 pruned. 
[I 2026-03-18 22:17:57,269] Trial 37 pruned. 
[I 2026-03-18 22:17:58,015] Trial 33 finished with value: -1.4466177368164062 and parameters: {'n_layers_yyx': 1, 'hidden_size_yyx_l0': 4, 'context_size_yyx': 3, 'num_mix_components_yyx': 4, 'context_extractor_yyx': 'lstm', 'activation_func_yyx': 'GELU', 'L2_weight_yyx': 3.9125843797365776e-05, 'L_entropy_weight_yyx': 8.062875407917209e-07, 'L_sep_weight_yyx': 1.079068672903242e-05, 'L_scale_weight_yyx': 2.0636093732231593e-07, 'learning_rate_yyx': 0.0012268662126109185}. Best is trial 19 with value: -1.4628589806189904.
[I 2026-03-18 22:17:58,756] Trial 50 pruned. 
[I 2026-03-18 22:17:59,053] Trial 46 pruned. 
[I 2026-03-18 22:18:01,030] Trial 39 pruned. 
[I 2026-03-18 22:18:02,399] Trial 45 pruned. 
[I 2026-03-18 22:18:02,707] Trial 47 pruned. 
[I 2026-03-18 22:18:02,844] Trial 22 finished with value: -1.4437252103365386 and parameters: {'n_layers_yyx': 1, 'hidden_size_yyx_l0': 5, 'context_size_yyx': 4, 'num_mix_components_yyx': 5, 'context_extractor_yyx': 'lstm', 'activation_func_yyx': 'Tanh', 'L2_weight_yyx': 1.612791413601558e-07, 'L_entropy_weight_yyx': 4.840466962159288e-08, 'L_sep_weight_yyx': 1.29655682589115e-06, 'L_scale_weight_yyx': 1.007653404905428e-08, 'learning_rate_yyx': 0.007069813398567804}. Best is trial 12 with value: -1.460441659780649.
[I 2026-03-18 22:18:02,871] Trial 51 pruned. 
[I 2026-03-18 22:18:04,151] Trial 38 pruned. 
[I 2026-03-18 22:18:04,894] Trial 34 pruned. 
[I 2026-03-18 22:18:06,261] Trial 38 finished with value: -1.4181401883638822 and parameters: {'n_layers_yyx': 2, 'hidden_size_yyx_l0': 6, 'hidden_size_yyx_l1': 4, 'context_size_yyx': 4, 'num_mix_components_yyx': 4, 'context_extractor_yyx': 'lstm', 'activation_func_yyx': 'Tanh', 'L2_weight_yyx': 8.71427748452933e-09, 'L_entropy_weight_yyx': 1.6717010890360932e-08, 'L_sep_weight_yyx': 0.00019310860997250978, 'L_scale_weight_yyx': 9.672516029293438e-07, 'learning_rate_yyx': 0.007358521381197151}. Best is trial 1 with value: -1.4389243727463943.
[I 2026-03-18 22:18:06,262] Trial 39 finished with value: -1.4557222806490384 and parameters: {'n_layers_yyx': 1, 'hidden_size_yyx_l0': 4, 'context_size_yyx': 4, 'num_mix_components_yyx': 5, 'context_extractor_yyx': 'gru', 'activation_func_yyx': 'Tanh', 'L2_weight_yyx': 2.834910954265219e-06, 'L_entropy_weight_yyx': 0.0002847328916790768, 'L_sep_weight_yyx': 6.8303059677597536e-09, 'L_scale_weight_yyx': 3.702505334648544e-09, 'learning_rate_yyx': 0.008512242682626158}. Best is trial 29 with value: -1.4683670278695913.
[I 2026-03-18 22:18:06,368] Trial 48 pruned. 
[I 2026-03-18 22:18:07,468] Trial 39 pruned. 
[I 2026-03-18 22:18:07,824] Trial 40 pruned. 
[I 2026-03-18 22:18:08,368] Trial 35 pruned. 
[I 2026-03-18 22:18:09,340] Trial 40 pruned. 
[I 2026-03-18 22:18:09,499] Trial 23 pruned. 
[I 2026-03-18 22:18:09,785] Trial 40 pruned. 
[I 2026-03-18 22:18:10,016] Trial 49 pruned. 
[I 2026-03-18 22:18:10,895] Trial 41 pruned. 
[I 2026-03-18 22:18:12,188] Trial 36 pruned. 
[I 2026-03-18 22:18:13,105] Trial 34 finished with value: -1.40730226956881 and parameters: {'n_layers_yyx': 1, 'hidden_size_yyx_l0': 6, 'context_size_yyx': 4, 'num_mix_components_yyx': 2, 'context_extractor_yyx': 'lstm', 'activation_func_yyx': 'Tanh', 'L2_weight_yyx': 3.439718153869319e-05, 'L_entropy_weight_yyx': 1.0860914613487076e-05, 'L_sep_weight_yyx': 2.3040507083717126e-08, 'L_scale_weight_yyx': 0.00032892536432514203, 'learning_rate_yyx': 0.008204902800841565}. Best is trial 7 with value: -1.4538350266676683.
[I 2026-03-18 22:18:13,206] Trial 24 pruned. 
[I 2026-03-18 22:18:13,312] Trial 39 pruned. 
[I 2026-03-18 22:18:13,353] Trial 51 pruned. 
[I 2026-03-18 22:18:13,515] Trial 41 pruned. 
[I 2026-03-18 22:18:13,730] Trial 35 pruned. 
[I 2026-03-18 22:18:14,102] Trial 42 pruned. 
[I 2026-03-18 22:18:14,159] Trial 40 pruned. 
[I 2026-03-18 22:18:15,455] Trial 37 pruned. 
[I 2026-03-18 22:18:16,674] Trial 41 pruned. 
[I 2026-03-18 22:18:17,454] Trial 43 pruned. 
[I 2026-03-18 22:18:17,700] Trial 41 pruned. 
[I 2026-03-18 22:18:18,987] Trial 46 pruned. 
[I 2026-03-18 22:18:20,823] Trial 40 pruned. 
[I 2026-03-18 22:18:21,037] Trial 44 pruned. 
[I 2026-03-18 22:18:23,638] Trial 29 finished with value: -1.3514117431640624 and parameters: {'n_layers_yyx': 2, 'hidden_size_yyx_l0': 2, 'hidden_size_yyx_l1': 4, 'context_size_yyx': 2, 'num_mix_components_yyx': 3, 'context_extractor_yyx': 'gru', 'activation_func_yyx': 'ReLU', 'L2_weight_yyx': 1.234416365175826e-09, 'L_entropy_weight_yyx': 0.0009357574121246194, 'L_sep_weight_yyx': 1.0234627677621929e-10, 'L_scale_weight_yyx': 1.0292719909747294e-08, 'learning_rate_yyx': 0.003007435558384999}. Best is trial 13 with value: -1.4421805044320914.
[I 2026-03-18 22:18:24,490] Trial 45 pruned. 
[I 2026-03-18 22:18:25,433] Trial 27 finished with value: -2.490398512924754 and parameters: {'n_layers_yyx': 1, 'hidden_size_yyx_l0': 4, 'context_size_yyx': 2, 'num_mix_components_yyx': 3, 'context_extractor_yyx': 'lstm', 'activation_func_yyx': 'Tanh', 'L2_weight_yyx': 4.1432053221847544e-09, 'L_entropy_weight_yyx': 1.3050540582208754e-07, 'L_sep_weight_yyx': 5.8513757916337276e-06, 'L_scale_weight_yyx': 1.361113360190363e-09, 'learning_rate_yyx': 0.0067809928674243325}. Best is trial 4 with value: -2.49523174750643.
[I 2026-03-18 22:18:25,829] Trial 47 pruned. 
[I 2026-03-18 22:18:27,428] Trial 50 pruned. 
[I 2026-03-18 22:18:27,750] Trial 21 finished with value: -2.4422125972878415 and parameters: {'n_layers_yyx': 1, 'hidden_size_yyx_l0': 2, 'context_size_yyx': 1, 'num_mix_components_yyx': 3, 'context_extractor_yyx': 'lstm', 'activation_func_yyx': 'ReLU', 'L2_weight_yyx': 5.220725333456019e-10, 'L_entropy_weight_yyx': 0.00015742472584872572, 'L_sep_weight_yyx': 5.3001938822214394e-09, 'L_scale_weight_yyx': 0.00012901237507855032, 'learning_rate_yyx': 0.0032846563110922656}. Best is trial 12 with value: -2.4732728871279206.
[I 2026-03-18 22:18:27,947] Trial 41 pruned. 
[I 2026-03-18 22:18:30,641] Trial 46 pruned. 
[I 2026-03-18 22:18:30,704] Trial 30 pruned. 
[I 2026-03-18 22:18:30,833] Trial 35 pruned. 
[I 2026-03-18 22:18:31,293] Trial 51 pruned. 
[I 2026-03-18 22:18:32,346] Trial 28 pruned. 
[I 2026-03-18 22:18:32,527] Trial 52 finished with value: -1.456236337515024 and parameters: {'n_layers_yyx': 2, 'hidden_size_yyx_l0': 6, 'hidden_size_yyx_l1': 5, 'context_size_yyx': 3, 'num_mix_components_yyx': 4, 'context_extractor_yyx': 'lstm', 'activation_func_yyx': 'Tanh', 'L2_weight_yyx': 1.2103281997971555e-07, 'L_entropy_weight_yyx': 1.2445820366877256e-08, 'L_sep_weight_yyx': 0.00017944489793854422, 'L_scale_weight_yyx': 8.176759114732561e-08, 'learning_rate_yyx': 0.00996942848342421}. Best is trial 32 with value: -1.4672450138972355.
[I 2026-03-18 22:18:35,344] Trial 52 pruned. 
[I 2026-03-18 22:18:37,375] Trial 47 pruned. 
[I 2026-03-18 22:18:41,399] Trial 25 finished with value: -1.4383455716646634 and parameters: {'n_layers_yyx': 1, 'hidden_size_yyx_l0': 6, 'context_size_yyx': 4, 'num_mix_components_yyx': 5, 'context_extractor_yyx': 'lstm', 'activation_func_yyx': 'Tanh', 'L2_weight_yyx': 5.910833723791444e-09, 'L_entropy_weight_yyx': 1.001919764164895e-05, 'L_sep_weight_yyx': 2.358498312055399e-06, 'L_scale_weight_yyx': 6.559321309959009e-08, 'learning_rate_yyx': 0.007758788116842966}. Best is trial 12 with value: -1.460441659780649.
[I 2026-03-18 22:18:43,178] Trial 48 pruned. 
[I 2026-03-18 22:18:45,104] Trial 42 finished with value: -1.4509664212740385 and parameters: {'n_layers_yyx': 1, 'hidden_size_yyx_l0': 4, 'context_size_yyx': 4, 'num_mix_components_yyx': 5, 'context_extractor_yyx': 'gru', 'activation_func_yyx': 'Tanh', 'L2_weight_yyx': 1.4513360228406162e-07, 'L_entropy_weight_yyx': 0.00021990724217300786, 'L_sep_weight_yyx': 5.50273713638147e-08, 'L_scale_weight_yyx': 3.0291152390269588e-09, 'learning_rate_yyx': 0.008251253180416203}. Best is trial 29 with value: -1.4683670278695913.
[I 2026-03-18 22:18:45,158] Trial 26 pruned. 
[I 2026-03-18 22:18:46,019] Trial 22 pruned. 
[I 2026-03-18 22:18:47,105] Trial 42 finished with value: -1.4406649076021634 and parameters: {'n_layers_yyx': 2, 'hidden_size_yyx_l0': 6, 'hidden_size_yyx_l1': 5, 'context_size_yyx': 2, 'num_mix_components_yyx': 3, 'context_extractor_yyx': 'lstm', 'activation_func_yyx': 'ReLU', 'L2_weight_yyx': 5.686198334199724e-06, 'L_entropy_weight_yyx': 4.073776337717067e-05, 'L_sep_weight_yyx': 2.048469377345365e-06, 'L_scale_weight_yyx': 0.0001618975446231688, 'learning_rate_yyx': 0.008660176823057772}. Best is trial 27 with value: -1.4597027822641226.
[I 2026-03-18 22:18:47,245] Trial 29 pruned. 
[I 2026-03-18 22:18:49,130] Trial 27 pruned. 
[I 2026-03-18 22:18:49,561] Trial 49 pruned. 
[I 2026-03-18 22:18:52,749] Trial 28 pruned. 
[I 2026-03-18 22:18:56,485] Trial 50 pruned. 
[I 2026-03-18 22:18:56,619] Trial 29 pruned. 
[I 2026-03-18 22:18:58,723] Trial 52 finished with value: -2.4726841989750814 and parameters: {'n_layers_yyx': 1, 'hidden_size_yyx_l0': 6, 'context_size_yyx': 3, 'num_mix_components_yyx': 5, 'context_extractor_yyx': 'gru', 'activation_func_yyx': 'ReLU', 'L2_weight_yyx': 1.4271323473617133e-07, 'L_entropy_weight_yyx': 2.880965396367217e-08, 'L_sep_weight_yyx': 2.700874009397589e-07, 'L_scale_weight_yyx': 0.0004551459559725367, 'learning_rate_yyx': 0.009932167984163647}. Best is trial 25 with value: -2.4764732316599813.
[I 2026-03-18 22:18:59,737] Trial 36 finished with value: -1.418621567946214 and parameters: {'n_layers_yyx': 1, 'hidden_size_yyx_l0': 6, 'context_size_yyx': 4, 'num_mix_components_yyx': 3, 'context_extractor_yyx': 'lstm', 'activation_func_yyx': 'Tanh', 'L2_weight_yyx': 3.967516996661373e-06, 'L_entropy_weight_yyx': 0.00010397798845015714, 'L_sep_weight_yyx': 3.195634845968274e-09, 'L_scale_weight_yyx': 0.00024055925789493718, 'learning_rate_yyx': 0.009817036324091024}. Best is trial 7 with value: -1.4538350266676683.
[I 2026-03-18 22:19:00,979] Trial 42 pruned. 
[I 2026-03-18 22:19:02,739] Trial 38 pruned. 
[I 2026-03-18 22:19:03,084] Trial 43 pruned. 
[I 2026-03-18 22:19:03,743] Trial 42 finished with value: -1.4339773559570312 and parameters: {'n_layers_yyx': 2, 'hidden_size_yyx_l0': 6, 'hidden_size_yyx_l1': 4, 'context_size_yyx': 4, 'num_mix_components_yyx': 4, 'context_extractor_yyx': 'lstm', 'activation_func_yyx': 'Tanh', 'L2_weight_yyx': 8.265810748637517e-09, 'L_entropy_weight_yyx': 1.9814237779951092e-08, 'L_sep_weight_yyx': 0.00028291304118263264, 'L_scale_weight_yyx': 8.423239654229166e-07, 'learning_rate_yyx': 0.008268248063720047}. Best is trial 1 with value: -1.4389243727463943.
[I 2026-03-18 22:19:03,824] Trial 23 pruned. 
[I 2026-03-18 22:19:04,078] Trial 30 pruned. 
[I 2026-03-18 22:19:04,199] Trial 36 pruned. 
[I 2026-03-18 22:19:04,610] Trial 43 pruned. 
[I 2026-03-18 22:19:06,070] Trial 39 pruned. 
[I 2026-03-18 22:19:07,392] Trial 37 pruned. 
[I 2026-03-18 22:19:08,012] Trial 37 pruned. 
[I 2026-03-18 22:19:09,521] Trial 40 pruned. 
[I 2026-03-18 22:19:10,106] Trial 53 finished with value: -1.4549348801832933 and parameters: {'n_layers_yyx': 2, 'hidden_size_yyx_l0': 6, 'hidden_size_yyx_l1': 5, 'context_size_yyx': 3, 'num_mix_components_yyx': 4, 'context_extractor_yyx': 'lstm', 'activation_func_yyx': 'Tanh', 'L2_weight_yyx': 4.6116039030619497e-08, 'L_entropy_weight_yyx': 1.0350116807020135e-08, 'L_sep_weight_yyx': 0.0003356708469940386, 'L_scale_weight_yyx': 5.5120534410128375e-08, 'learning_rate_yyx': 0.008835643963582197}. Best is trial 32 with value: -1.4672450138972355.
[I 2026-03-18 22:19:11,538] Trial 24 pruned. 
[I 2026-03-18 22:19:11,820] Trial 38 pruned. 
[I 2026-03-18 22:19:18,789] Trial 31 pruned. 
[I 2026-03-18 22:19:19,341] Trial 39 pruned. 
[I 2026-03-18 22:19:19,610] Trial 25 pruned. 
[I 2026-03-18 22:19:20,400] Trial 44 pruned. 
[I 2026-03-18 22:19:20,944] Trial 31 pruned. 
[I 2026-03-18 22:19:21,310] Trial 48 finished with value: -1.32581468498182 and parameters: {'n_layers_yyx': 2, 'hidden_size_yyx_l0': 4, 'hidden_size_yyx_l1': 2, 'context_size_yyx': 4, 'num_mix_components_yyx': 2, 'context_extractor_yyx': 'gru', 'activation_func_yyx': 'Tanh', 'L2_weight_yyx': 3.122265759536245e-07, 'L_entropy_weight_yyx': 1.0582818385073455e-06, 'L_sep_weight_yyx': 3.643311732071982e-05, 'L_scale_weight_yyx': 2.3733967136889045e-10, 'learning_rate_yyx': 0.008998853483018618}. Best is trial 24 with value: -1.4518791534615763.
[I 2026-03-18 22:19:23,942] Trial 53 pruned. 
[I 2026-03-18 22:19:24,828] Trial 38 pruned. 
[I 2026-03-18 22:19:27,360] Trial 54 pruned. 
[I 2026-03-18 22:19:27,523] Trial 54 pruned. 
[I 2026-03-18 22:19:27,807] Trial 32 pruned. 
[I 2026-03-18 22:19:31,662] Trial 33 pruned. 
[I 2026-03-18 22:19:32,196] Trial 39 pruned. 
[I 2026-03-18 22:19:35,481] Trial 43 finished with value: -1.451051001915565 and parameters: {'n_layers_yyx': 2, 'hidden_size_yyx_l0': 6, 'hidden_size_yyx_l1': 3, 'context_size_yyx': 4, 'num_mix_components_yyx': 4, 'context_extractor_yyx': 'lstm', 'activation_func_yyx': 'Tanh', 'L2_weight_yyx': 2.0303979676200673e-08, 'L_entropy_weight_yyx': 1.9451746283604918e-07, 'L_sep_weight_yyx': 0.0002353232171081732, 'L_scale_weight_yyx': 0.00016106346055920728, 'learning_rate_yyx': 0.008187738650823954}. Best is trial 43 with value: -1.451051001915565.
[I 2026-03-18 22:19:35,901] Trial 44 finished with value: -1.4383400080754207 and parameters: {'n_layers_yyx': 2, 'hidden_size_yyx_l0': 6, 'hidden_size_yyx_l1': 4, 'context_size_yyx': 1, 'num_mix_components_yyx': 2, 'context_extractor_yyx': 'lstm', 'activation_func_yyx': 'ReLU', 'L2_weight_yyx': 9.333465004539049e-06, 'L_entropy_weight_yyx': 0.0002549390165764291, 'L_sep_weight_yyx': 6.195312320201413e-06, 'L_scale_weight_yyx': 0.00012376932409601706, 'learning_rate_yyx': 0.008642538029315095}. Best is trial 27 with value: -1.4597027822641226.
[I 2026-03-18 22:19:35,983] Trial 40 pruned. 
[I 2026-03-18 22:19:36,904] Trial 40 pruned. 
[I 2026-03-18 22:19:37,062] Trial 49 pruned. 
[I 2026-03-18 22:19:37,281] Trial 26 pruned. 
[I 2026-03-18 22:19:39,962] Trial 30 finished with value: -2.4892611902818076 and parameters: {'n_layers_yyx': 2, 'hidden_size_yyx_l0': 4, 'hidden_size_yyx_l1': 5, 'context_size_yyx': 3, 'num_mix_components_yyx': 3, 'context_extractor_yyx': 'lstm', 'activation_func_yyx': 'Tanh', 'L2_weight_yyx': 6.573947322433701e-05, 'L_entropy_weight_yyx': 0.0006378874631615939, 'L_sep_weight_yyx': 2.650596561994054e-08, 'L_scale_weight_yyx': 6.062092467377187e-08, 'learning_rate_yyx': 0.0061155385151905745}. Best is trial 4 with value: -2.49523174750643.
[I 2026-03-18 22:19:40,274] Trial 45 pruned. 
[I 2026-03-18 22:19:40,739] Trial 41 pruned. 
[I 2026-03-18 22:19:41,361] Trial 51 pruned. 
[I 2026-03-18 22:19:43,925] Trial 41 pruned. 
[I 2026-03-18 22:19:44,813] Trial 53 finished with value: -2.472607612777439 and parameters: {'n_layers_yyx': 1, 'hidden_size_yyx_l0': 6, 'context_size_yyx': 3, 'num_mix_components_yyx': 5, 'context_extractor_yyx': 'gru', 'activation_func_yyx': 'ReLU', 'L2_weight_yyx': 2.88247895047464e-07, 'L_entropy_weight_yyx': 3.261511667943039e-08, 'L_sep_weight_yyx': 2.544570048978092e-07, 'L_scale_weight_yyx': 0.00018883208915314396, 'learning_rate_yyx': 0.009892118064882034}. Best is trial 25 with value: -2.4764732316599813.
[I 2026-03-18 22:19:47,005] Trial 43 pruned. 
[I 2026-03-18 22:19:48,408] Trial 52 pruned. 
[I 2026-03-18 22:19:55,465] Trial 27 pruned. 
[I 2026-03-18 22:19:56,021] Trial 31 pruned. 
[I 2026-03-18 22:19:56,311] Trial 41 pruned. 
[I 2026-03-18 22:19:56,934] Trial 45 finished with value: -1.4564744215745193 and parameters: {'n_layers_yyx': 1, 'hidden_size_yyx_l0': 4, 'context_size_yyx': 4, 'num_mix_components_yyx': 5, 'context_extractor_yyx': 'gru', 'activation_func_yyx': 'Tanh', 'L2_weight_yyx': 5.24848440380492e-07, 'L_entropy_weight_yyx': 2.279600471234158e-06, 'L_sep_weight_yyx': 5.073149157548812e-10, 'L_scale_weight_yyx': 2.334076980193822e-08, 'learning_rate_yyx': 0.00810935822017376}. Best is trial 29 with value: -1.4683670278695913.
[I 2026-03-18 22:19:59,872] Trial 42 pruned. 
[I 2026-03-18 22:20:01,166] Trial 55 finished with value: -1.480258804071145 and parameters: {'n_layers_yyx': 1, 'hidden_size_yyx_l0': 5, 'context_size_yyx': 4, 'num_mix_components_yyx': 4, 'context_extractor_yyx': 'lstm', 'activation_func_yyx': 'ReLU', 'L2_weight_yyx': 1.633463989079786e-10, 'L_entropy_weight_yyx': 7.5925798056749e-10, 'L_sep_weight_yyx': 4.279222437986908e-05, 'L_scale_weight_yyx': 1.6349395205905186e-08, 'learning_rate_yyx': 0.007672994023637117}. Best is trial 0 with value: -1.5190498727266906.
[I 2026-03-18 22:20:02,014] Trial 55 finished with value: -1.4324410071739784 and parameters: {'n_layers_yyx': 2, 'hidden_size_yyx_l0': 6, 'hidden_size_yyx_l1': 6, 'context_size_yyx': 3, 'num_mix_components_yyx': 4, 'context_extractor_yyx': 'lstm', 'activation_func_yyx': 'Tanh', 'L2_weight_yyx': 0.0009524050397587358, 'L_entropy_weight_yyx': 6.5237435353070434e-09, 'L_sep_weight_yyx': 0.0005560937159364052, 'L_scale_weight_yyx': 2.675903214258918e-08, 'learning_rate_yyx': 0.008454142023643432}. Best is trial 32 with value: -1.4672450138972355.
[I 2026-03-18 22:20:02,115] Trial 42 pruned. 
[I 2026-03-18 22:20:03,290] Trial 34 finished with value: -1.4114558762770433 and parameters: {'n_layers_yyx': 1, 'hidden_size_yyx_l0': 6, 'context_size_yyx': 4, 'num_mix_components_yyx': 3, 'context_extractor_yyx': 'lstm', 'activation_func_yyx': 'ReLU', 'L2_weight_yyx': 2.40379952845957e-06, 'L_entropy_weight_yyx': 1.082314033996324e-10, 'L_sep_weight_yyx': 7.871193158521525e-09, 'L_scale_weight_yyx': 0.0003097123386760616, 'learning_rate_yyx': 0.006155729898669729}. Best is trial 12 with value: -1.460441659780649.
[I 2026-03-18 22:20:04,475] Trial 44 pruned. 
[I 2026-03-18 22:20:04,527] Trial 53 pruned. 
[I 2026-03-18 22:20:05,910] Trial 43 pruned. 
[I 2026-03-18 22:20:06,350] Trial 43 pruned. 
[I 2026-03-18 22:20:06,640] Trial 50 finished with value: -1.379633105775845 and parameters: {'n_layers_yyx': 2, 'hidden_size_yyx_l0': 6, 'hidden_size_yyx_l1': 5, 'context_size_yyx': 4, 'num_mix_components_yyx': 3, 'context_extractor_yyx': 'gru', 'activation_func_yyx': 'ReLU', 'L2_weight_yyx': 2.1146041574091924e-05, 'L_entropy_weight_yyx': 1.6413770864858617e-08, 'L_sep_weight_yyx': 0.00018137236878682306, 'L_scale_weight_yyx': 0.00043589935312519663, 'learning_rate_yyx': 0.007153892306903029}. Best is trial 24 with value: -1.4518791534615763.
[I 2026-03-18 22:20:06,896] Trial 35 pruned. 
[I 2026-03-18 22:20:08,721] Trial 56 pruned. 
[I 2026-03-18 22:20:11,824] Trial 32 finished with value: -1.4344869760366588 and parameters: {'n_layers_yyx': 2, 'hidden_size_yyx_l0': 2, 'hidden_size_yyx_l1': 5, 'context_size_yyx': 4, 'num_mix_components_yyx': 2, 'context_extractor_yyx': 'gru', 'activation_func_yyx': 'Tanh', 'L2_weight_yyx': 0.00016977978854308912, 'L_entropy_weight_yyx': 0.00039946203967594027, 'L_sep_weight_yyx': 1.2740382947770508e-05, 'L_scale_weight_yyx': 3.717138401785737e-07, 'learning_rate_yyx': 0.005684975856238764}. Best is trial 13 with value: -1.4421805044320914.
[I 2026-03-18 22:20:12,073] Trial 42 finished with value: -1.4389837646484376 and parameters: {'n_layers_yyx': 2, 'hidden_size_yyx_l0': 3, 'hidden_size_yyx_l1': 5, 'context_size_yyx': 2, 'num_mix_components_yyx': 4, 'context_extractor_yyx': 'lstm', 'activation_func_yyx': 'Tanh', 'L2_weight_yyx': 9.43325910500542e-06, 'L_entropy_weight_yyx': 2.053525238857292e-06, 'L_sep_weight_yyx': 7.52945476607033e-09, 'L_scale_weight_yyx': 2.273943992619589e-09, 'learning_rate_yyx': 0.009804321227947029}. Best is trial 32 with value: -1.4612882173978365.
[I 2026-03-18 22:20:13,733] Trial 51 pruned. 
[I 2026-03-18 22:20:13,897] Trial 36 pruned. 
[I 2026-03-18 22:20:14,769] Trial 44 finished with value: -1.4539102407602162 and parameters: {'n_layers_yyx': 2, 'hidden_size_yyx_l0': 6, 'hidden_size_yyx_l1': 3, 'context_size_yyx': 4, 'num_mix_components_yyx': 4, 'context_extractor_yyx': 'lstm', 'activation_func_yyx': 'Tanh', 'L2_weight_yyx': 1.1439310042600765e-08, 'L_entropy_weight_yyx': 1.4729558969346198e-09, 'L_sep_weight_yyx': 0.00017691089604000588, 'L_scale_weight_yyx': 0.00016169189201746062, 'learning_rate_yyx': 0.00793997423671466}. Best is trial 44 with value: -1.4539102407602162.
[I 2026-03-18 22:20:16,281] Trial 57 pruned. 
[I 2026-03-18 22:20:17,300] Trial 37 pruned. 
[I 2026-03-18 22:20:18,742] Trial 56 pruned. 
[I 2026-03-18 22:20:19,433] Trial 43 pruned. 
[I 2026-03-18 22:20:20,730] Trial 52 pruned. 
[I 2026-03-18 22:20:21,293] Trial 54 pruned. 
[I 2026-03-18 22:20:21,774] Trial 38 pruned. 
[I 2026-03-18 22:20:21,964] Trial 45 pruned. 
[I 2026-03-18 22:20:23,392] Trial 44 pruned. 
[I 2026-03-18 22:20:25,015] Trial 55 pruned. 
[I 2026-03-18 22:20:25,097] Trial 44 pruned. 
[I 2026-03-18 22:20:25,857] Trial 57 pruned. 
[I 2026-03-18 22:20:29,063] Trial 46 pruned. 
[I 2026-03-18 22:20:31,620] Trial 56 pruned. 
[I 2026-03-18 22:20:33,258] Trial 58 pruned. 
[I 2026-03-18 22:20:33,937] Trial 54 finished with value: -2.4730695457371357 and parameters: {'n_layers_yyx': 1, 'hidden_size_yyx_l0': 6, 'context_size_yyx': 3, 'num_mix_components_yyx': 5, 'context_extractor_yyx': 'gru', 'activation_func_yyx': 'ReLU', 'L2_weight_yyx': 2.0290368774662172e-07, 'L_entropy_weight_yyx': 2.7275609439227922e-08, 'L_sep_weight_yyx': 3.232868830606485e-07, 'L_scale_weight_yyx': 0.0005335513047183264, 'learning_rate_yyx': 0.007547068373811991}. Best is trial 25 with value: -2.4764732316599813.
[I 2026-03-18 22:20:33,940] Trial 46 finished with value: -1.4578504122220552 and parameters: {'n_layers_yyx': 1, 'hidden_size_yyx_l0': 4, 'context_size_yyx': 4, 'num_mix_components_yyx': 5, 'context_extractor_yyx': 'gru', 'activation_func_yyx': 'Tanh', 'L2_weight_yyx': 6.867247229008508e-07, 'L_entropy_weight_yyx': 2.597555326844379e-06, 'L_sep_weight_yyx': 1.7508401462982494e-10, 'L_scale_weight_yyx': 2.611919579329532e-08, 'learning_rate_yyx': 0.008539002132306064}. Best is trial 29 with value: -1.4683670278695913.
[I 2026-03-18 22:20:34,932] Trial 57 pruned. 
[I 2026-03-18 22:20:35,968] Trial 47 pruned. 
[I 2026-03-18 22:20:36,784] Trial 59 pruned. 
[I 2026-03-18 22:20:38,075] Trial 53 pruned. 
[I 2026-03-18 22:20:39,497] Trial 39 pruned. 
[I 2026-03-18 22:20:39,705] Trial 48 pruned. 
[I 2026-03-18 22:20:40,171] Trial 60 pruned. 
[I 2026-03-18 22:20:43,845] Trial 58 finished with value: -1.3929036067082332 and parameters: {'n_layers_yyx': 2, 'hidden_size_yyx_l0': 6, 'hidden_size_yyx_l1': 5, 'context_size_yyx': 2, 'num_mix_components_yyx': 4, 'context_extractor_yyx': 'gru', 'activation_func_yyx': 'Tanh', 'L2_weight_yyx': 6.0269141297413e-08, 'L_entropy_weight_yyx': 1.4087338592900287e-08, 'L_sep_weight_yyx': 2.8917985060596302e-05, 'L_scale_weight_yyx': 1.0347691616759094e-09, 'learning_rate_yyx': 0.009956967194958649}. Best is trial 32 with value: -1.4672450138972355.
[I 2026-03-18 22:20:43,954] Trial 61 pruned. 
[I 2026-03-18 22:20:47,188] Trial 49 pruned. 
[I 2026-03-18 22:20:47,267] Trial 40 pruned. 
[I 2026-03-18 22:20:47,670] Trial 62 pruned. 
[I 2026-03-18 22:20:50,903] Trial 50 pruned. 
[I 2026-03-18 22:20:50,912] Trial 41 pruned. 
[I 2026-03-18 22:20:51,226] Trial 59 pruned. 
[I 2026-03-18 22:20:51,474] Trial 63 pruned. 
[I 2026-03-18 22:20:51,923] Trial 45 finished with value: -1.4540170522836537 and parameters: {'n_layers_yyx': 2, 'hidden_size_yyx_l0': 6, 'hidden_size_yyx_l1': 3, 'context_size_yyx': 4, 'num_mix_components_yyx': 4, 'context_extractor_yyx': 'lstm', 'activation_func_yyx': 'Tanh', 'L2_weight_yyx': 1.4382691641160464e-09, 'L_entropy_weight_yyx': 1.3568389995285492e-09, 'L_sep_weight_yyx': 0.0001671705175461347, 'L_scale_weight_yyx': 0.0001744703031071347, 'learning_rate_yyx': 0.007974349920764458}. Best is trial 45 with value: -1.4540170522836537.
[I 2026-03-18 22:20:52,091] Trial 47 pruned. 
[I 2026-03-18 22:20:52,529] Trial 55 pruned. 
[I 2026-03-18 22:20:54,496] Trial 44 pruned. 
[I 2026-03-18 22:20:54,518] Trial 51 pruned. 
[I 2026-03-18 22:20:54,808] Trial 45 finished with value: -1.418960735614483 and parameters: {'n_layers_yyx': 1, 'hidden_size_yyx_l0': 6, 'context_size_yyx': 4, 'num_mix_components_yyx': 3, 'context_extractor_yyx': 'lstm', 'activation_func_yyx': 'Tanh', 'L2_weight_yyx': 2.808480403486567e-05, 'L_entropy_weight_yyx': 0.0001357960225128584, 'L_sep_weight_yyx': 1.0567296971249504e-10, 'L_scale_weight_yyx': 9.154713483118414e-06, 'learning_rate_yyx': 0.009982792465361484}. Best is trial 7 with value: -1.4538350266676683.
[I 2026-03-18 22:20:54,930] Trial 64 pruned. 
[I 2026-03-18 22:20:55,459] Trial 54 pruned. 
[I 2026-03-18 22:20:57,906] Trial 33 finished with value: -1.4308134577824518 and parameters: {'n_layers_yyx': 2, 'hidden_size_yyx_l0': 2, 'hidden_size_yyx_l1': 5, 'context_size_yyx': 4, 'num_mix_components_yyx': 2, 'context_extractor_yyx': 'gru', 'activation_func_yyx': 'Tanh', 'L2_weight_yyx': 0.00022814747726733546, 'L_entropy_weight_yyx': 0.0003237365193892198, 'L_sep_weight_yyx': 1.040193307464784e-05, 'L_scale_weight_yyx': 1.2570016931503853e-06, 'learning_rate_yyx': 0.00785420139132888}. Best is trial 13 with value: -1.4421805044320914.
[I 2026-03-18 22:20:58,019] Trial 60 pruned. 
[I 2026-03-18 22:20:58,314] Trial 46 pruned. 
[I 2026-03-18 22:20:58,429] Trial 65 pruned. 
[I 2026-03-18 22:20:58,882] Trial 46 pruned. 
[I 2026-03-18 22:21:01,431] Trial 45 pruned. 
[I 2026-03-18 22:21:04,906] Trial 46 pruned. 
[I 2026-03-18 22:21:05,067] Trial 66 pruned. 
[I 2026-03-18 22:21:05,156] Trial 61 pruned. 
[I 2026-03-18 22:21:05,608] Trial 45 finished with value: -1.4366891714242789 and parameters: {'n_layers_yyx': 2, 'hidden_size_yyx_l0': 3, 'hidden_size_yyx_l1': 5, 'context_size_yyx': 2, 'num_mix_components_yyx': 4, 'context_extractor_yyx': 'lstm', 'activation_func_yyx': 'Tanh', 'L2_weight_yyx': 0.00011173144675728086, 'L_entropy_weight_yyx': 2.3429080140931854e-07, 'L_sep_weight_yyx': 3.275534279173265e-09, 'L_scale_weight_yyx': 9.182897681532184e-06, 'learning_rate_yyx': 0.005558849429825374}. Best is trial 32 with value: -1.4612882173978365.
[I 2026-03-18 22:21:05,612] Trial 28 finished with value: -2.4742031077214275 and parameters: {'n_layers_yyx': 2, 'hidden_size_yyx_l0': 4, 'hidden_size_yyx_l1': 6, 'context_size_yyx': 1, 'num_mix_components_yyx': 4, 'context_extractor_yyx': 'lstm', 'activation_func_yyx': 'ReLU', 'L2_weight_yyx': 4.064905258313674e-08, 'L_entropy_weight_yyx': 0.00032799901214707343, 'L_sep_weight_yyx': 4.073307551054412e-08, 'L_scale_weight_yyx': 2.553872828058986e-06, 'learning_rate_yyx': 0.006040649232098684}. Best is trial 28 with value: -2.4742031077214275.
[I 2026-03-18 22:21:05,929] Trial 47 pruned. 
[I 2026-03-18 22:21:06,427] Trial 47 pruned. 
[I 2026-03-18 22:21:06,817] Trial 58 finished with value: -1.5792045729016069 and parameters: {'n_layers_yyx': 2, 'hidden_size_yyx_l0': 5, 'hidden_size_yyx_l1': 5, 'context_size_yyx': 2, 'num_mix_components_yyx': 5, 'context_extractor_yyx': 'gru', 'activation_func_yyx': 'Tanh', 'L2_weight_yyx': 5.4152942959157974e-05, 'L_entropy_weight_yyx': 3.9495161353099224e-10, 'L_sep_weight_yyx': 4.894317824407834e-07, 'L_scale_weight_yyx': 5.302898317245125e-07, 'learning_rate_yyx': 0.009192077911244668}. Best is trial 26 with value: -1.584650032885134.
[I 2026-03-18 22:21:06,961] Trial 32 finished with value: -2.4932584176797206 and parameters: {'n_layers_yyx': 1, 'hidden_size_yyx_l0': 6, 'context_size_yyx': 4, 'num_mix_components_yyx': 5, 'context_extractor_yyx': 'gru', 'activation_func_yyx': 'GELU', 'L2_weight_yyx': 2.738359199213135e-09, 'L_entropy_weight_yyx': 0.0003285684278916151, 'L_sep_weight_yyx': 1.0817804983692989e-10, 'L_scale_weight_yyx': 7.214205596426418e-07, 'learning_rate_yyx': 0.0076078324743902755}. Best is trial 4 with value: -2.49523174750643.
[I 2026-03-18 22:21:09,466] Trial 46 pruned. 
[I 2026-03-18 22:21:09,768] Trial 48 pruned. 
[I 2026-03-18 22:21:10,053] Trial 48 pruned. 
[I 2026-03-18 22:21:10,177] Trial 56 pruned. 
[I 2026-03-18 22:21:11,236] Trial 52 pruned. 
[I 2026-03-18 22:21:11,828] Trial 47 pruned. 
[I 2026-03-18 22:21:12,085] Trial 55 pruned. 
[I 2026-03-18 22:21:13,151] Trial 47 pruned. 
[I 2026-03-18 22:21:13,726] Trial 49 pruned. 
[I 2026-03-18 22:21:13,986] Trial 49 pruned. 
[I 2026-03-18 22:21:15,353] Trial 48 pruned. 
[I 2026-03-18 22:21:18,001] Trial 57 pruned. 
[I 2026-03-18 22:21:22,058] Trial 50 pruned. 
[I 2026-03-18 22:21:22,969] Trial 49 pruned. 
[I 2026-03-18 22:21:28,958] Trial 53 pruned. 
[I 2026-03-18 22:21:28,968] Trial 42 finished with value: -1.449471200796274 and parameters: {'n_layers_yyx': 1, 'hidden_size_yyx_l0': 5, 'context_size_yyx': 4, 'num_mix_components_yyx': 4, 'context_extractor_yyx': 'lstm', 'activation_func_yyx': 'Tanh', 'L2_weight_yyx': 5.776853838320967e-10, 'L_entropy_weight_yyx': 1.4421144528957444e-10, 'L_sep_weight_yyx': 6.1892514132908195e-06, 'L_scale_weight_yyx': 0.0005221585709070995, 'learning_rate_yyx': 0.003917539604710592}. Best is trial 12 with value: -1.460441659780649.
[I 2026-03-18 22:21:29,486] Trial 56 pruned. 
[I 2026-03-18 22:21:30,499] Trial 50 pruned. 
[I 2026-03-18 22:21:31,996] Trial 48 finished with value: -1.4610194279597355 and parameters: {'n_layers_yyx': 2, 'hidden_size_yyx_l0': 4, 'hidden_size_yyx_l1': 3, 'context_size_yyx': 4, 'num_mix_components_yyx': 5, 'context_extractor_yyx': 'lstm', 'activation_func_yyx': 'Tanh', 'L2_weight_yyx': 4.8644047679623475e-09, 'L_entropy_weight_yyx': 1.9809922675116672e-10, 'L_sep_weight_yyx': 0.00011207655687701342, 'L_scale_weight_yyx': 2.923133776504649e-05, 'learning_rate_yyx': 0.008228634092167982}. Best is trial 48 with value: -1.4610194279597355.
[I 2026-03-18 22:21:32,772] Trial 57 pruned. 
[I 2026-03-18 22:21:32,946] Trial 50 pruned. 
[I 2026-03-18 22:21:33,303] Trial 62 finished with value: -1.4505547626201922 and parameters: {'n_layers_yyx': 2, 'hidden_size_yyx_l0': 6, 'hidden_size_yyx_l1': 5, 'context_size_yyx': 3, 'num_mix_components_yyx': 4, 'context_extractor_yyx': 'lstm', 'activation_func_yyx': 'Tanh', 'L2_weight_yyx': 9.8154915270176e-08, 'L_entropy_weight_yyx': 9.901253562502867e-09, 'L_sep_weight_yyx': 6.23887880048993e-05, 'L_scale_weight_yyx': 3.394073588299263e-08, 'learning_rate_yyx': 0.009743255632573515}. Best is trial 32 with value: -1.4672450138972355.
[I 2026-03-18 22:21:34,134] Trial 51 pruned. 
[I 2026-03-18 22:21:34,294] Trial 59 finished with value: -1.5706077385627502 and parameters: {'n_layers_yyx': 2, 'hidden_size_yyx_l0': 5, 'hidden_size_yyx_l1': 5, 'context_size_yyx': 2, 'num_mix_components_yyx': 5, 'context_extractor_yyx': 'gru', 'activation_func_yyx': 'Tanh', 'L2_weight_yyx': 4.9495278421413216e-05, 'L_entropy_weight_yyx': 4.0837329794055636e-10, 'L_sep_weight_yyx': 2.188315391677781e-06, 'L_scale_weight_yyx': 5.896222995338721e-07, 'learning_rate_yyx': 0.008852966187353688}. Best is trial 26 with value: -1.584650032885134.
[I 2026-03-18 22:21:36,500] Trial 43 pruned. 
[I 2026-03-18 22:21:37,173] Trial 63 pruned. 
[I 2026-03-18 22:21:40,719] Trial 51 pruned. 
[I 2026-03-18 22:21:41,587] Trial 52 pruned. 
[I 2026-03-18 22:21:45,529] Trial 34 pruned. 
[I 2026-03-18 22:21:48,569] Trial 67 finished with value: -1.5294848582783684 and parameters: {'n_layers_yyx': 1, 'hidden_size_yyx_l0': 5, 'context_size_yyx': 1, 'num_mix_components_yyx': 5, 'context_extractor_yyx': 'lstm', 'activation_func_yyx': 'Tanh', 'L2_weight_yyx': 6.010680956456034e-08, 'L_entropy_weight_yyx': 4.2797311553631924e-08, 'L_sep_weight_yyx': 1.6702686568429663e-08, 'L_scale_weight_yyx': 2.6942163045735864e-07, 'learning_rate_yyx': 0.009948298712518467}. Best is trial 67 with value: -1.5294848582783684.
[I 2026-03-18 22:21:49,925] Trial 33 pruned. 
[I 2026-03-18 22:21:50,270] Trial 58 pruned. 
[I 2026-03-18 22:21:50,314] Trial 51 finished with value: -1.448351816030649 and parameters: {'n_layers_yyx': 1, 'hidden_size_yyx_l0': 5, 'context_size_yyx': 4, 'num_mix_components_yyx': 3, 'context_extractor_yyx': 'lstm', 'activation_func_yyx': 'Tanh', 'L2_weight_yyx': 1.6167475742347395e-08, 'L_entropy_weight_yyx': 0.0004398690727365325, 'L_sep_weight_yyx': 5.361586035832908e-09, 'L_scale_weight_yyx': 2.1637788179026845e-07, 'learning_rate_yyx': 0.008888081961911182}. Best is trial 7 with value: -1.4538350266676683.
[I 2026-03-18 22:21:51,372] Trial 60 pruned. 
[I 2026-03-18 22:21:53,296] Trial 29 pruned. 
[I 2026-03-18 22:21:53,558] Trial 59 pruned. 
[I 2026-03-18 22:21:54,635] Trial 61 pruned. 
[I 2026-03-18 22:21:55,418] Trial 44 pruned. 
[I 2026-03-18 22:21:56,709] Trial 60 pruned. 
[I 2026-03-18 22:21:58,801] Trial 48 finished with value: -1.4039104755108174 and parameters: {'n_layers_yyx': 2, 'hidden_size_yyx_l0': 2, 'hidden_size_yyx_l1': 6, 'context_size_yyx': 3, 'num_mix_components_yyx': 3, 'context_extractor_yyx': 'lstm', 'activation_func_yyx': 'Tanh', 'L2_weight_yyx': 0.0006731294840878929, 'L_entropy_weight_yyx': 5.212858212432654e-07, 'L_sep_weight_yyx': 1.2402206083079248e-09, 'L_scale_weight_yyx': 2.8263210069661267e-10, 'learning_rate_yyx': 0.003086911959204414}. Best is trial 32 with value: -1.4612882173978365.
[I 2026-03-18 22:21:59,448] Trial 54 finished with value: -1.4165079439603365 and parameters: {'n_layers_yyx': 2, 'hidden_size_yyx_l0': 6, 'hidden_size_yyx_l1': 6, 'context_size_yyx': 2, 'num_mix_components_yyx': 3, 'context_extractor_yyx': 'lstm', 'activation_func_yyx': 'ReLU', 'L2_weight_yyx': 7.0953655533130165e-06, 'L_entropy_weight_yyx': 0.00032537780029139106, 'L_sep_weight_yyx': 1.8421252868111278e-06, 'L_scale_weight_yyx': 4.792121472793035e-09, 'learning_rate_yyx': 0.00714992256075161}. Best is trial 27 with value: -1.4597027822641226.
[I 2026-03-18 22:22:00,380] Trial 61 pruned. 
[I 2026-03-18 22:22:03,025] Trial 45 pruned. 
[I 2026-03-18 22:22:03,852] Trial 49 finished with value: -1.4726762272761418 and parameters: {'n_layers_yyx': 1, 'hidden_size_yyx_l0': 4, 'context_size_yyx': 4, 'num_mix_components_yyx': 5, 'context_extractor_yyx': 'lstm', 'activation_func_yyx': 'Tanh', 'L2_weight_yyx': 4.000774370933989e-10, 'L_entropy_weight_yyx': 2.088567630554434e-10, 'L_sep_weight_yyx': 9.358862745815493e-05, 'L_scale_weight_yyx': 4.493393645730873e-05, 'learning_rate_yyx': 0.005181326871169629}. Best is trial 49 with value: -1.4726762272761418.
[I 2026-03-18 22:22:05,688] Trial 68 pruned. 
[I 2026-03-18 22:22:06,658] Trial 46 pruned. 
[I 2026-03-18 22:22:07,656] Trial 50 pruned. 
[I 2026-03-18 22:22:10,734] Trial 47 pruned. 
[I 2026-03-18 22:22:12,410] Trial 69 pruned. 
[I 2026-03-18 22:22:12,781] Trial 64 finished with value: -1.4601979417067308 and parameters: {'n_layers_yyx': 2, 'hidden_size_yyx_l0': 6, 'hidden_size_yyx_l1': 5, 'context_size_yyx': 3, 'num_mix_components_yyx': 4, 'context_extractor_yyx': 'lstm', 'activation_func_yyx': 'Tanh', 'L2_weight_yyx': 4.2438529850257905e-07, 'L_entropy_weight_yyx': 2.4727188308808007e-08, 'L_sep_weight_yyx': 0.0005693921567736423, 'L_scale_weight_yyx': 1.6482400467923966e-08, 'learning_rate_yyx': 0.007194380432475705}. Best is trial 32 with value: -1.4672450138972355.
[I 2026-03-18 22:22:13,336] Trial 46 finished with value: -2.4875562296733595 and parameters: {'n_layers_yyx': 1, 'hidden_size_yyx_l0': 5, 'context_size_yyx': 4, 'num_mix_components_yyx': 3, 'context_extractor_yyx': 'gru', 'activation_func_yyx': 'ReLU', 'L2_weight_yyx': 0.0001259396735947516, 'L_entropy_weight_yyx': 3.2336816539548145e-05, 'L_sep_weight_yyx': 4.896956398971254e-06, 'L_scale_weight_yyx': 2.6375537464719626e-08, 'learning_rate_yyx': 0.005620113517098078}. Best is trial 46 with value: -2.4875562296733595.
[I 2026-03-18 22:22:14,639] Trial 48 pruned. 
[I 2026-03-18 22:22:15,459] Trial 51 pruned. 
[I 2026-03-18 22:22:16,829] Trial 52 finished with value: -1.4600100473257211 and parameters: {'n_layers_yyx': 1, 'hidden_size_yyx_l0': 4, 'context_size_yyx': 4, 'num_mix_components_yyx': 5, 'context_extractor_yyx': 'gru', 'activation_func_yyx': 'Tanh', 'L2_weight_yyx': 1.0404812186750324e-06, 'L_entropy_weight_yyx': 2.192551467965421e-08, 'L_sep_weight_yyx': 3.1729863948447977e-09, 'L_scale_weight_yyx': 2.64630484872753e-09, 'learning_rate_yyx': 0.009061406329186308}. Best is trial 29 with value: -1.4683670278695913.
[I 2026-03-18 22:22:17,185] Trial 49 pruned. 
[I 2026-03-18 22:22:18,123] Trial 52 finished with value: -1.4483432241586538 and parameters: {'n_layers_yyx': 1, 'hidden_size_yyx_l0': 5, 'context_size_yyx': 4, 'num_mix_components_yyx': 3, 'context_extractor_yyx': 'lstm', 'activation_func_yyx': 'Tanh', 'L2_weight_yyx': 2.537840083497185e-10, 'L_entropy_weight_yyx': 0.0005257041677647205, 'L_sep_weight_yyx': 1.136039034183374e-08, 'L_scale_weight_yyx': 2.933837533881288e-08, 'learning_rate_yyx': 0.008854626111002994}. Best is trial 7 with value: -1.4538350266676683.
[I 2026-03-18 22:22:19,010] Trial 70 pruned. 
[I 2026-03-18 22:22:20,632] Trial 47 pruned. 
[I 2026-03-18 22:22:21,649] Trial 53 pruned. 
[I 2026-03-18 22:22:22,012] Trial 49 pruned. 
[I 2026-03-18 22:22:22,644] Trial 71 pruned. 
[I 2026-03-18 22:22:24,860] Trial 50 pruned. 
[I 2026-03-18 22:22:25,084] Trial 53 finished with value: -1.4418531212439905 and parameters: {'n_layers_yyx': 2, 'hidden_size_yyx_l0': 3, 'hidden_size_yyx_l1': 4, 'context_size_yyx': 2, 'num_mix_components_yyx': 4, 'context_extractor_yyx': 'lstm', 'activation_func_yyx': 'Tanh', 'L2_weight_yyx': 1.7315384769949174e-09, 'L_entropy_weight_yyx': 1.6808343175174464e-09, 'L_sep_weight_yyx': 0.00011245627172713187, 'L_scale_weight_yyx': 1.4243621424554789e-08, 'learning_rate_yyx': 0.0063255978541541386}. Best is trial 19 with value: -1.4628589806189904.
[I 2026-03-18 22:22:25,436] Trial 54 pruned. 
[I 2026-03-18 22:22:25,713] Trial 50 pruned. 
[I 2026-03-18 22:22:25,957] Trial 62 finished with value: -1.5770680980750251 and parameters: {'n_layers_yyx': 2, 'hidden_size_yyx_l0': 5, 'hidden_size_yyx_l1': 5, 'context_size_yyx': 2, 'num_mix_components_yyx': 5, 'context_extractor_yyx': 'gru', 'activation_func_yyx': 'Tanh', 'L2_weight_yyx': 1.9790639620753018e-05, 'L_entropy_weight_yyx': 1.5003591388653872e-10, 'L_sep_weight_yyx': 3.97272249044872e-07, 'L_scale_weight_yyx': 3.4393794505775553e-07, 'learning_rate_yyx': 0.008130518236728002}. Best is trial 26 with value: -1.584650032885134.
[I 2026-03-18 22:22:26,119] Trial 55 finished with value: -1.4323180213341347 and parameters: {'n_layers_yyx': 2, 'hidden_size_yyx_l0': 6, 'hidden_size_yyx_l1': 6, 'context_size_yyx': 2, 'num_mix_components_yyx': 3, 'context_extractor_yyx': 'lstm', 'activation_func_yyx': 'ReLU', 'L2_weight_yyx': 8.599570565718852e-07, 'L_entropy_weight_yyx': 5.792987340393973e-05, 'L_sep_weight_yyx': 7.921240009616025e-06, 'L_scale_weight_yyx': 0.00010673864095805472, 'learning_rate_yyx': 0.008970986349163268}. Best is trial 27 with value: -1.4597027822641226.
[I 2026-03-18 22:22:27,915] Trial 62 finished with value: -1.3670783852631192 and parameters: {'n_layers_yyx': 2, 'hidden_size_yyx_l0': 6, 'hidden_size_yyx_l1': 5, 'context_size_yyx': 4, 'num_mix_components_yyx': 3, 'context_extractor_yyx': 'gru', 'activation_func_yyx': 'ReLU', 'L2_weight_yyx': 1.9719608082647456e-05, 'L_entropy_weight_yyx': 4.5374976801068756e-09, 'L_sep_weight_yyx': 0.00018487521637682602, 'L_scale_weight_yyx': 0.0004321353867969805, 'learning_rate_yyx': 0.00745569923398048}. Best is trial 24 with value: -1.4518791534615763.
[I 2026-03-18 22:22:29,462] Trial 51 pruned. 
[I 2026-03-18 22:22:29,573] Trial 72 pruned. 
[I 2026-03-18 22:22:29,666] Trial 65 pruned. 
[I 2026-03-18 22:22:29,699] Trial 56 pruned. 
[I 2026-03-18 22:22:30,355] Trial 58 finished with value: -2.47487052792804 and parameters: {'n_layers_yyx': 2, 'hidden_size_yyx_l0': 6, 'hidden_size_yyx_l1': 5, 'context_size_yyx': 4, 'num_mix_components_yyx': 4, 'context_extractor_yyx': 'gru', 'activation_func_yyx': 'ReLU', 'L2_weight_yyx': 1.6598780300379805e-08, 'L_entropy_weight_yyx': 5.425218938788557e-07, 'L_sep_weight_yyx': 1.402367264719486e-07, 'L_scale_weight_yyx': 0.0003914399119823741, 'learning_rate_yyx': 0.006409628504676766}. Best is trial 25 with value: -2.4764732316599813.
[I 2026-03-18 22:22:31,955] Trial 35 pruned. 
[I 2026-03-18 22:22:33,000] Trial 73 pruned. 
[I 2026-03-18 22:22:36,330] Trial 74 pruned. 
[I 2026-03-18 22:22:38,300] Trial 48 pruned. 
[I 2026-03-18 22:22:39,398] Trial 75 pruned. 
[I 2026-03-18 22:22:41,740] Trial 54 pruned. 
[I 2026-03-18 22:22:44,011] Trial 55 pruned. 
[I 2026-03-18 22:22:44,989] Trial 63 pruned. 
[I 2026-03-18 22:22:46,088] Trial 49 pruned. 
[I 2026-03-18 22:22:46,438] Trial 57 pruned. 
[I 2026-03-18 22:22:46,713] Trial 66 pruned. 
[I 2026-03-18 22:22:46,765] Trial 53 finished with value: -1.4500379356971154 and parameters: {'n_layers_yyx': 1, 'hidden_size_yyx_l0': 4, 'context_size_yyx': 4, 'num_mix_components_yyx': 5, 'context_extractor_yyx': 'gru', 'activation_func_yyx': 'Tanh', 'L2_weight_yyx': 7.198846958152171e-07, 'L_entropy_weight_yyx': 1.680729638640019e-08, 'L_sep_weight_yyx': 8.009591277320903e-10, 'L_scale_weight_yyx': 1.9225550776483458e-07, 'learning_rate_yyx': 0.009114873847284129}. Best is trial 29 with value: -1.4683670278695913.
[I 2026-03-18 22:22:47,781] Trial 56 pruned. 
[I 2026-03-18 22:22:48,220] Trial 36 pruned. 
[I 2026-03-18 22:22:49,771] Trial 58 pruned. 
[I 2026-03-18 22:22:51,513] Trial 52 finished with value: -1.457707801231971 and parameters: {'n_layers_yyx': 1, 'hidden_size_yyx_l0': 4, 'context_size_yyx': 4, 'num_mix_components_yyx': 5, 'context_extractor_yyx': 'lstm', 'activation_func_yyx': 'Tanh', 'L2_weight_yyx': 1.7533900715489091e-09, 'L_entropy_weight_yyx': 1.0581637303452366e-10, 'L_sep_weight_yyx': 2.5354056793662436e-05, 'L_scale_weight_yyx': 8.030085563310393e-05, 'learning_rate_yyx': 0.004764003799310957}. Best is trial 49 with value: -1.4726762272761418.
[I 2026-03-18 22:22:53,302] Trial 67 pruned. 
[I 2026-03-18 22:22:53,316] Trial 59 pruned. 
[I 2026-03-18 22:22:54,132] Trial 50 pruned. 
[I 2026-03-18 22:22:54,661] Trial 63 finished with value: -1.569660308946494 and parameters: {'n_layers_yyx': 2, 'hidden_size_yyx_l0': 5, 'hidden_size_yyx_l1': 5, 'context_size_yyx': 2, 'num_mix_components_yyx': 5, 'context_extractor_yyx': 'gru', 'activation_func_yyx': 'Tanh', 'L2_weight_yyx': 5.252388813822346e-05, 'L_entropy_weight_yyx': 8.622804028583629e-10, 'L_sep_weight_yyx': 4.6004068198916986e-07, 'L_scale_weight_yyx': 2.4993676453992367e-07, 'learning_rate_yyx': 0.008446835121085149}. Best is trial 26 with value: -1.584650032885134.
[I 2026-03-18 22:23:00,853] Trial 60 pruned. 
[I 2026-03-18 22:23:01,410] Trial 51 pruned. 
[I 2026-03-18 22:23:03,105] Trial 54 pruned. 
[I 2026-03-18 22:23:03,269] Trial 51 finished with value: -1.4564813701923076 and parameters: {'n_layers_yyx': 2, 'hidden_size_yyx_l0': 4, 'hidden_size_yyx_l1': 5, 'context_size_yyx': 1, 'num_mix_components_yyx': 3, 'context_extractor_yyx': 'lstm', 'activation_func_yyx': 'Tanh', 'L2_weight_yyx': 8.767023615580939e-05, 'L_entropy_weight_yyx': 0.00012793743146012046, 'L_sep_weight_yyx': 2.5584555174920713e-10, 'L_scale_weight_yyx': 1.8499288842616677e-10, 'learning_rate_yyx': 0.007708769570432326}. Best is trial 32 with value: -1.4612882173978365.
[I 2026-03-18 22:23:04,256] Trial 30 finished with value: -2.474835118092794 and parameters: {'n_layers_yyx': 1, 'hidden_size_yyx_l0': 4, 'context_size_yyx': 4, 'num_mix_components_yyx': 2, 'context_extractor_yyx': 'gru', 'activation_func_yyx': 'ReLU', 'L2_weight_yyx': 1.4509084628901392e-06, 'L_entropy_weight_yyx': 5.586080396573943e-06, 'L_sep_weight_yyx': 8.622388928329588e-07, 'L_scale_weight_yyx': 3.229467778727771e-07, 'learning_rate_yyx': 0.0074658618031242605}. Best is trial 30 with value: -2.474835118092794.
[I 2026-03-18 22:23:05,564] Trial 57 pruned. 
[I 2026-03-18 22:23:07,750] Trial 52 finished with value: -1.4474527681790865 and parameters: {'n_layers_yyx': 1, 'hidden_size_yyx_l0': 5, 'context_size_yyx': 4, 'num_mix_components_yyx': 3, 'context_extractor_yyx': 'lstm', 'activation_func_yyx': 'Tanh', 'L2_weight_yyx': 2.2442920862503512e-10, 'L_entropy_weight_yyx': 1.1453002357517294e-10, 'L_sep_weight_yyx': 2.0605106915236954e-06, 'L_scale_weight_yyx': 0.0009860636441477166, 'learning_rate_yyx': 0.0037344837608157396}. Best is trial 12 with value: -1.460441659780649.
[I 2026-03-18 22:23:08,336] Trial 64 finished with value: -1.4106387972081982 and parameters: {'n_layers_yyx': 2, 'hidden_size_yyx_l0': 6, 'hidden_size_yyx_l1': 5, 'context_size_yyx': 4, 'num_mix_components_yyx': 4, 'context_extractor_yyx': 'gru', 'activation_func_yyx': 'ReLU', 'L2_weight_yyx': 5.600637271942362e-06, 'L_entropy_weight_yyx': 2.7621535032053128e-08, 'L_sep_weight_yyx': 1.0001696671196221e-05, 'L_scale_weight_yyx': 0.00012631910029773218, 'learning_rate_yyx': 0.009290513754774764}. Best is trial 24 with value: -1.4518791534615763.
[I 2026-03-18 22:23:10,615] Trial 68 pruned. 
[I 2026-03-18 22:23:11,962] Trial 53 pruned. 
[I 2026-03-18 22:23:13,202] Trial 58 pruned. 
[I 2026-03-18 22:23:14,411] Trial 55 finished with value: -1.4387256798377404 and parameters: {'n_layers_yyx': 2, 'hidden_size_yyx_l0': 3, 'hidden_size_yyx_l1': 4, 'context_size_yyx': 2, 'num_mix_components_yyx': 4, 'context_extractor_yyx': 'lstm', 'activation_func_yyx': 'Tanh', 'L2_weight_yyx': 5.093098268342495e-09, 'L_entropy_weight_yyx': 2.169497370565139e-09, 'L_sep_weight_yyx': 3.9328895615474795e-05, 'L_scale_weight_yyx': 7.3442888056410075e-09, 'learning_rate_yyx': 0.008926239921139716}. Best is trial 19 with value: -1.4628589806189904.
[I 2026-03-18 22:23:16,187] Trial 37 finished with value: -1.3962881704477164 and parameters: {'n_layers_yyx': 2, 'hidden_size_yyx_l0': 5, 'hidden_size_yyx_l1': 6, 'context_size_yyx': 3, 'num_mix_components_yyx': 3, 'context_extractor_yyx': 'gru', 'activation_func_yyx': 'Tanh', 'L2_weight_yyx': 1.0262773312536245e-07, 'L_entropy_weight_yyx': 4.4624791124722326e-08, 'L_sep_weight_yyx': 4.0099222006502476e-10, 'L_scale_weight_yyx': 2.154508021688184e-09, 'learning_rate_yyx': 0.008087475973995357}. Best is trial 13 with value: -1.4421805044320914.
[I 2026-03-18 22:23:16,927] Trial 59 pruned. 
[I 2026-03-18 22:23:18,098] Trial 34 finished with value: -2.493789125353962 and parameters: {'n_layers_yyx': 1, 'hidden_size_yyx_l0': 6, 'context_size_yyx': 4, 'num_mix_components_yyx': 5, 'context_extractor_yyx': 'gru', 'activation_func_yyx': 'GELU', 'L2_weight_yyx': 1.498061793568838e-10, 'L_entropy_weight_yyx': 3.1138893047995674e-05, 'L_sep_weight_yyx': 4.851672778077346e-10, 'L_scale_weight_yyx': 1.2833151142263258e-07, 'learning_rate_yyx': 0.006080306206850753}. Best is trial 4 with value: -2.49523174750643.
[I 2026-03-18 22:23:18,864] Trial 52 pruned. 
[I 2026-03-18 22:23:19,223] Trial 54 pruned. 
[I 2026-03-18 22:23:20,101] Trial 52 pruned. 
[I 2026-03-18 22:23:22,789] Trial 64 finished with value: -1.5633588227512998 and parameters: {'n_layers_yyx': 2, 'hidden_size_yyx_l0': 5, 'hidden_size_yyx_l1': 5, 'context_size_yyx': 2, 'num_mix_components_yyx': 5, 'context_extractor_yyx': 'gru', 'activation_func_yyx': 'Tanh', 'L2_weight_yyx': 2.7837112892216604e-06, 'L_entropy_weight_yyx': 9.243984372711998e-10, 'L_sep_weight_yyx': 1.6862001096403198e-06, 'L_scale_weight_yyx': 6.326571809803194e-07, 'learning_rate_yyx': 0.006630441770707939}. Best is trial 26 with value: -1.584650032885134.
[I 2026-03-18 22:23:23,096] Trial 38 pruned. 
[I 2026-03-18 22:23:23,505] Trial 55 pruned. 
[I 2026-03-18 22:23:24,223] Trial 60 pruned. 
[I 2026-03-18 22:23:25,109] Trial 65 pruned. 
[I 2026-03-18 22:23:26,510] Trial 39 pruned. 
[I 2026-03-18 22:23:27,128] Trial 56 pruned. 
[I 2026-03-18 22:23:28,364] Trial 61 pruned. 
[I 2026-03-18 22:23:28,613] Trial 53 finished with value: -1.461368924654447 and parameters: {'n_layers_yyx': 1, 'hidden_size_yyx_l0': 4, 'context_size_yyx': 4, 'num_mix_components_yyx': 5, 'context_extractor_yyx': 'lstm', 'activation_func_yyx': 'Tanh', 'L2_weight_yyx': 1.9308897970658126e-09, 'L_entropy_weight_yyx': 1.7879331014310371e-10, 'L_sep_weight_yyx': 9.31636651205157e-05, 'L_scale_weight_yyx': 9.050132259062348e-05, 'learning_rate_yyx': 0.004708391010574516}. Best is trial 49 with value: -1.4726762272761418.
[I 2026-03-18 22:23:31,197] Trial 56 pruned. 
[I 2026-03-18 22:23:32,218] Trial 62 pruned. 
[I 2026-03-18 22:23:32,749] Trial 59 finished with value: -2.4754074088636044 and parameters: {'n_layers_yyx': 2, 'hidden_size_yyx_l0': 6, 'hidden_size_yyx_l1': 5, 'context_size_yyx': 4, 'num_mix_components_yyx': 3, 'context_extractor_yyx': 'gru', 'activation_func_yyx': 'ReLU', 'L2_weight_yyx': 1.905440430618835e-09, 'L_entropy_weight_yyx': 1.3519188144641988e-06, 'L_sep_weight_yyx': 3.0099388841994632e-09, 'L_scale_weight_yyx': 5.6534901979985945e-05, 'learning_rate_yyx': 0.006582573026951313}. Best is trial 25 with value: -2.4764732316599813.
[I 2026-03-18 22:23:33,152] Trial 55 finished with value: -1.4111086331881009 and parameters: {'n_layers_yyx': 1, 'hidden_size_yyx_l0': 5, 'context_size_yyx': 4, 'num_mix_components_yyx': 5, 'context_extractor_yyx': 'gru', 'activation_func_yyx': 'Tanh', 'L2_weight_yyx': 3.5415917651265575e-07, 'L_entropy_weight_yyx': 7.013975993501239e-10, 'L_sep_weight_yyx': 6.397730782665501e-10, 'L_scale_weight_yyx': 2.1101045201584335e-09, 'learning_rate_yyx': 0.007619319866776115}. Best is trial 29 with value: -1.4683670278695913.
[I 2026-03-18 22:23:33,935] Trial 40 pruned. 
[I 2026-03-18 22:23:34,848] Trial 57 pruned. 
[I 2026-03-18 22:23:35,220] Trial 61 finished with value: -1.4413824932391828 and parameters: {'n_layers_yyx': 2, 'hidden_size_yyx_l0': 5, 'hidden_size_yyx_l1': 6, 'context_size_yyx': 2, 'num_mix_components_yyx': 3, 'context_extractor_yyx': 'lstm', 'activation_func_yyx': 'ReLU', 'L2_weight_yyx': 2.5697889389015185e-05, 'L_entropy_weight_yyx': 3.6189936364488696e-06, 'L_sep_weight_yyx': 5.997324608261081e-07, 'L_scale_weight_yyx': 0.0009804117946654125, 'learning_rate_yyx': 0.007860214244733816}. Best is trial 27 with value: -1.4597027822641226.
[I 2026-03-18 22:23:35,802] Trial 63 pruned. 
[I 2026-03-18 22:23:36,222] Trial 54 pruned. 
[I 2026-03-18 22:23:36,649] Trial 56 pruned. 
[I 2026-03-18 22:23:38,068] Trial 76 finished with value: -1.4864199028640497 and parameters: {'n_layers_yyx': 1, 'hidden_size_yyx_l0': 2, 'context_size_yyx': 1, 'num_mix_components_yyx': 2, 'context_extractor_yyx': 'lstm', 'activation_func_yyx': 'Tanh', 'L2_weight_yyx': 1.760282163344633e-08, 'L_entropy_weight_yyx': 1.958351114647724e-09, 'L_sep_weight_yyx': 1.6588244860949812e-08, 'L_scale_weight_yyx': 2.6230157317316757e-06, 'learning_rate_yyx': 0.008393987296642817}. Best is trial 67 with value: -1.5294848582783684.
[I 2026-03-18 22:23:38,580] Trial 58 pruned. 
[I 2026-03-18 22:23:38,628] Trial 53 pruned. 
[I 2026-03-18 22:23:40,092] Trial 55 pruned. 
[I 2026-03-18 22:23:41,941] Trial 66 pruned. 
[I 2026-03-18 22:23:42,452] Trial 62 pruned. 
[I 2026-03-18 22:23:43,953] Trial 64 pruned. 
[I 2026-03-18 22:23:44,050] Trial 56 pruned. 
[I 2026-03-18 22:23:46,188] Trial 54 pruned. 
[I 2026-03-18 22:23:46,351] Trial 69 finished with value: -1.408121830866887 and parameters: {'n_layers_yyx': 2, 'hidden_size_yyx_l0': 2, 'hidden_size_yyx_l1': 4, 'context_size_yyx': 2, 'num_mix_components_yyx': 5, 'context_extractor_yyx': 'lstm', 'activation_func_yyx': 'Tanh', 'L2_weight_yyx': 4.509928979037904e-08, 'L_entropy_weight_yyx': 7.418671832496243e-10, 'L_sep_weight_yyx': 1.8565998342046296e-05, 'L_scale_weight_yyx': 5.143945213816157e-08, 'learning_rate_yyx': 0.008345740348357349}. Best is trial 32 with value: -1.4672450138972355.
[I 2026-03-18 22:23:47,743] Trial 57 pruned. 
[I 2026-03-18 22:23:50,171] Trial 55 pruned. 
[I 2026-03-18 22:23:50,627] Trial 65 finished with value: -1.5807001242858234 and parameters: {'n_layers_yyx': 2, 'hidden_size_yyx_l0': 5, 'hidden_size_yyx_l1': 5, 'context_size_yyx': 2, 'num_mix_components_yyx': 5, 'context_extractor_yyx': 'gru', 'activation_func_yyx': 'Tanh', 'L2_weight_yyx': 1.4707140953628277e-05, 'L_entropy_weight_yyx': 2.6976652272063105e-10, 'L_sep_weight_yyx': 7.333712834563158e-06, 'L_scale_weight_yyx': 2.6570729550636865e-06, 'learning_rate_yyx': 0.008381283938280542}. Best is trial 26 with value: -1.584650032885134.
[I 2026-03-18 22:23:51,313] Trial 65 pruned. 
[I 2026-03-18 22:23:52,861] Trial 70 pruned. 
[I 2026-03-18 22:23:54,083] Trial 57 pruned. 
[I 2026-03-18 22:23:54,528] Trial 77 pruned. 
[I 2026-03-18 22:23:55,270] Trial 58 pruned. 
[I 2026-03-18 22:23:55,947] Trial 59 pruned. 
[I 2026-03-18 22:23:56,660] Trial 71 pruned. 
[I 2026-03-18 22:23:57,019] Trial 58 pruned. 
[I 2026-03-18 22:23:57,207] Trial 56 pruned. 
[I 2026-03-18 22:23:58,437] Trial 67 pruned. 
[I 2026-03-18 22:23:59,431] Trial 60 pruned. 
[I 2026-03-18 22:23:59,951] Trial 72 pruned. 
[I 2026-03-18 22:24:00,409] Trial 59 pruned. 
[I 2026-03-18 22:24:00,742] Trial 78 pruned. 
[I 2026-03-18 22:24:00,920] Trial 57 pruned. 
[I 2026-03-18 22:24:01,564] Trial 68 pruned. 
[I 2026-03-18 22:24:03,550] Trial 60 pruned. 
[I 2026-03-18 22:24:03,789] Trial 73 pruned. 
[I 2026-03-18 22:24:03,867] Trial 79 pruned. 
[I 2026-03-18 22:24:07,433] Trial 74 pruned. 
[I 2026-03-18 22:24:07,588] Trial 58 pruned. 
[I 2026-03-18 22:24:08,228] Trial 63 finished with value: -1.4004306265024038 and parameters: {'n_layers_yyx': 2, 'hidden_size_yyx_l0': 6, 'hidden_size_yyx_l1': 6, 'context_size_yyx': 2, 'num_mix_components_yyx': 3, 'context_extractor_yyx': 'lstm', 'activation_func_yyx': 'ReLU', 'L2_weight_yyx': 1.1470457296853153e-05, 'L_entropy_weight_yyx': 3.1785332846629885e-06, 'L_sep_weight_yyx': 7.450373102698966e-07, 'L_scale_weight_yyx': 0.0006046399165213496, 'learning_rate_yyx': 0.009023004447588478}. Best is trial 27 with value: -1.4597027822641226.
[I 2026-03-18 22:24:08,395] Trial 69 pruned. 
[I 2026-03-18 22:24:08,857] Trial 66 pruned. 
[I 2026-03-18 22:24:09,753] Trial 61 pruned. 
[I 2026-03-18 22:24:11,102] Trial 75 pruned. 
[I 2026-03-18 22:24:11,583] Trial 70 pruned. 
[I 2026-03-18 22:24:11,667] Trial 64 pruned. 
[I 2026-03-18 22:24:12,388] Trial 67 pruned. 
[I 2026-03-18 22:24:12,905] Trial 59 pruned. 
[I 2026-03-18 22:24:14,187] Trial 53 finished with value: -2.4848587740384613 and parameters: {'n_layers_yyx': 1, 'hidden_size_yyx_l0': 6, 'context_size_yyx': 4, 'num_mix_components_yyx': 5, 'context_extractor_yyx': 'gru', 'activation_func_yyx': 'ReLU', 'L2_weight_yyx': 2.4711803985272642e-05, 'L_entropy_weight_yyx': 0.00015893245276646226, 'L_sep_weight_yyx': 7.163004466201544e-05, 'L_scale_weight_yyx': 1.3025060793772995e-06, 'learning_rate_yyx': 0.006600675088190618}. Best is trial 46 with value: -2.4875562296733595.
[I 2026-03-18 22:24:15,339] Trial 65 pruned. 
[I 2026-03-18 22:24:16,868] Trial 31 finished with value: -2.4747782100269493 and parameters: {'n_layers_yyx': 1, 'hidden_size_yyx_l0': 4, 'context_size_yyx': 4, 'num_mix_components_yyx': 2, 'context_extractor_yyx': 'gru', 'activation_func_yyx': 'ReLU', 'L2_weight_yyx': 2.531172228390515e-06, 'L_entropy_weight_yyx': 2.030410935237888e-06, 'L_sep_weight_yyx': 5.188851976173544e-07, 'L_scale_weight_yyx': 3.921289673871278e-08, 'learning_rate_yyx': 0.008937185071762816}. Best is trial 30 with value: -2.474835118092794.
[I 2026-03-18 22:24:17,990] Trial 76 pruned. 
[I 2026-03-18 22:24:18,515] Trial 66 finished with value: -1.5736568627408392 and parameters: {'n_layers_yyx': 2, 'hidden_size_yyx_l0': 5, 'hidden_size_yyx_l1': 5, 'context_size_yyx': 2, 'num_mix_components_yyx': 5, 'context_extractor_yyx': 'gru', 'activation_func_yyx': 'Tanh', 'L2_weight_yyx': 1.3005833042576787e-05, 'L_entropy_weight_yyx': 2.2330562765044457e-10, 'L_sep_weight_yyx': 8.78099885288922e-06, 'L_scale_weight_yyx': 1.0792949788332926e-05, 'learning_rate_yyx': 0.008094569962546238}. Best is trial 26 with value: -1.584650032885134.
[I 2026-03-18 22:24:20,175] Trial 80 pruned. 
[I 2026-03-18 22:24:20,469] Trial 60 pruned. 
[I 2026-03-18 22:24:22,397] Trial 41 pruned. 
[I 2026-03-18 22:24:26,127] Trial 61 finished with value: -1.355027794471154 and parameters: {'n_layers_yyx': 2, 'hidden_size_yyx_l0': 3, 'hidden_size_yyx_l1': 5, 'context_size_yyx': 1, 'num_mix_components_yyx': 3, 'context_extractor_yyx': 'lstm', 'activation_func_yyx': 'GELU', 'L2_weight_yyx': 9.033034967140774e-10, 'L_entropy_weight_yyx': 9.066610723922415e-05, 'L_sep_weight_yyx': 3.970913193403411e-09, 'L_scale_weight_yyx': 6.96773495650816e-10, 'learning_rate_yyx': 0.009537111957377971}. Best is trial 19 with value: -1.4628589806189904.
[I 2026-03-18 22:24:30,748] Trial 60 pruned. 
[I 2026-03-18 22:24:31,724] Trial 66 pruned. 
[I 2026-03-18 22:24:31,864] Trial 54 pruned. 
[I 2026-03-18 22:24:33,378] Trial 35 finished with value: -2.497237209565205 and parameters: {'n_layers_yyx': 2, 'hidden_size_yyx_l0': 6, 'hidden_size_yyx_l1': 4, 'context_size_yyx': 4, 'num_mix_components_yyx': 5, 'context_extractor_yyx': 'gru', 'activation_func_yyx': 'GELU', 'L2_weight_yyx': 1.2615428186136745e-10, 'L_entropy_weight_yyx': 2.035667800559902e-05, 'L_sep_weight_yyx': 3.5284201860476975e-09, 'L_scale_weight_yyx': 1.0793199879036811e-07, 'learning_rate_yyx': 0.009985419040591815}. Best is trial 35 with value: -2.497237209565205.
[I 2026-03-18 22:24:33,499] Trial 62 pruned. 
[I 2026-03-18 22:24:35,338] Trial 77 pruned. 
[I 2026-03-18 22:24:37,045] Trial 62 finished with value: -1.4500626314603366 and parameters: {'n_layers_yyx': 1, 'hidden_size_yyx_l0': 4, 'context_size_yyx': 4, 'num_mix_components_yyx': 5, 'context_extractor_yyx': 'gru', 'activation_func_yyx': 'Tanh', 'L2_weight_yyx': 2.5237911472496715e-06, 'L_entropy_weight_yyx': 9.460262206637412e-06, 'L_sep_weight_yyx': 9.18651081093201e-09, 'L_scale_weight_yyx': 3.276861496498392e-09, 'learning_rate_yyx': 0.008855633975823363}. Best is trial 29 with value: -1.4683670278695913.
[I 2026-03-18 22:24:37,874] Trial 81 pruned. 
[I 2026-03-18 22:24:38,409] Trial 67 pruned. 
[I 2026-03-18 22:24:38,751] Trial 61 pruned. 
[I 2026-03-18 22:24:38,885] Trial 78 pruned. 
[I 2026-03-18 22:24:39,094] Trial 71 finished with value: -1.390860431599167 and parameters: {'n_layers_yyx': 2, 'hidden_size_yyx_l0': 6, 'hidden_size_yyx_l1': 5, 'context_size_yyx': 4, 'num_mix_components_yyx': 3, 'context_extractor_yyx': 'gru', 'activation_func_yyx': 'ReLU', 'L2_weight_yyx': 3.069164262867661e-05, 'L_entropy_weight_yyx': 2.1815038762041925e-08, 'L_sep_weight_yyx': 1.6586440760052932e-06, 'L_scale_weight_yyx': 0.000372436459565574, 'learning_rate_yyx': 0.007388886336436181}. Best is trial 24 with value: -1.4518791534615763.
[I 2026-03-18 22:24:39,497] Trial 55 pruned. 
[I 2026-03-18 22:24:41,641] Trial 68 pruned. 
[I 2026-03-18 22:24:45,901] Trial 62 pruned. 
[I 2026-03-18 22:24:46,021] Trial 79 pruned. 
[I 2026-03-18 22:24:47,229] Trial 56 pruned. 
[I 2026-03-18 22:24:47,485] Trial 67 finished with value: -1.5340940129290273 and parameters: {'n_layers_yyx': 2, 'hidden_size_yyx_l0': 5, 'hidden_size_yyx_l1': 6, 'context_size_yyx': 2, 'num_mix_components_yyx': 5, 'context_extractor_yyx': 'gru', 'activation_func_yyx': 'Tanh', 'L2_weight_yyx': 1.679330391087365e-05, 'L_entropy_weight_yyx': 2.300072537705067e-10, 'L_sep_weight_yyx': 9.399621845994737e-06, 'L_scale_weight_yyx': 3.141167846588335e-06, 'learning_rate_yyx': 0.007858673064588295}. Best is trial 26 with value: -1.584650032885134.
[I 2026-03-18 22:24:48,413] Trial 59 finished with value: -1.4591312349759615 and parameters: {'n_layers_yyx': 2, 'hidden_size_yyx_l0': 3, 'hidden_size_yyx_l1': 6, 'context_size_yyx': 1, 'num_mix_components_yyx': 3, 'context_extractor_yyx': 'lstm', 'activation_func_yyx': 'Tanh', 'L2_weight_yyx': 3.28394704840637e-06, 'L_entropy_weight_yyx': 8.618387268196874e-07, 'L_sep_weight_yyx': 1.8430404890394347e-08, 'L_scale_weight_yyx': 2.1237358441796776e-10, 'learning_rate_yyx': 0.008057696535377969}. Best is trial 32 with value: -1.4612882173978365.
[I 2026-03-18 22:24:53,710] Trial 82 pruned. 
[I 2026-03-18 22:24:57,320] Trial 83 pruned. 
[I 2026-03-18 22:24:57,435] Trial 68 finished with value: -1.447804941030649 and parameters: {'n_layers_yyx': 1, 'hidden_size_yyx_l0': 4, 'context_size_yyx': 3, 'num_mix_components_yyx': 3, 'context_extractor_yyx': 'lstm', 'activation_func_yyx': 'Tanh', 'L2_weight_yyx': 4.935001206297759e-05, 'L_entropy_weight_yyx': 9.222169737813096e-05, 'L_sep_weight_yyx': 9.117216313893204e-08, 'L_scale_weight_yyx': 1.1294779442851032e-08, 'learning_rate_yyx': 0.00779441696557363}. Best is trial 7 with value: -1.4538350266676683.
[I 2026-03-18 22:24:57,668] Trial 57 finished with value: -1.331038536658654 and parameters: {'n_layers_yyx': 1, 'hidden_size_yyx_l0': 5, 'context_size_yyx': 4, 'num_mix_components_yyx': 1, 'context_extractor_yyx': 'lstm', 'activation_func_yyx': 'Tanh', 'L2_weight_yyx': 2.615867947761867e-08, 'L_entropy_weight_yyx': 0.0007990406601590338, 'L_sep_weight_yyx': 1.4754332692376584e-06, 'L_scale_weight_yyx': 1.4193353838506374e-07, 'learning_rate_yyx': 0.0014347575540617484}. Best is trial 12 with value: -1.460441659780649.
[I 2026-03-18 22:24:58,650] Trial 69 pruned. 
[I 2026-03-18 22:25:01,847] Trial 58 pruned. 
[I 2026-03-18 22:25:04,418] Trial 68 pruned. 
[I 2026-03-18 22:25:04,814] Trial 69 pruned. 
[I 2026-03-18 22:25:05,318] Trial 60 pruned. 
[I 2026-03-18 22:25:07,502] Trial 72 finished with value: -1.386278860224118 and parameters: {'n_layers_yyx': 2, 'hidden_size_yyx_l0': 6, 'hidden_size_yyx_l1': 5, 'context_size_yyx': 4, 'num_mix_components_yyx': 3, 'context_extractor_yyx': 'gru', 'activation_func_yyx': 'ReLU', 'L2_weight_yyx': 6.35534850050001e-05, 'L_entropy_weight_yyx': 5.558055547965685e-07, 'L_sep_weight_yyx': 1.7028744286231456e-06, 'L_scale_weight_yyx': 0.0006171034745135587, 'learning_rate_yyx': 0.008060106081817016}. Best is trial 24 with value: -1.4518791534615763.
[I 2026-03-18 22:25:08,429] Trial 63 finished with value: -1.4483954326923076 and parameters: {'n_layers_yyx': 1, 'hidden_size_yyx_l0': 4, 'context_size_yyx': 4, 'num_mix_components_yyx': 5, 'context_extractor_yyx': 'gru', 'activation_func_yyx': 'Tanh', 'L2_weight_yyx': 1.0026567758903347e-06, 'L_entropy_weight_yyx': 3.7890471463402814e-05, 'L_sep_weight_yyx': 3.187917796449213e-09, 'L_scale_weight_yyx': 4.6528512215321905e-09, 'learning_rate_yyx': 0.007778389239788527}. Best is trial 29 with value: -1.4683670278695913.
[I 2026-03-18 22:25:08,524] Trial 61 pruned. 
[I 2026-03-18 22:25:08,626] Trial 61 pruned. 
[I 2026-03-18 22:25:11,066] Trial 42 pruned. 
[I 2026-03-18 22:25:11,852] Trial 80 finished with value: -1.4473619666466346 and parameters: {'n_layers_yyx': 2, 'hidden_size_yyx_l0': 5, 'hidden_size_yyx_l1': 5, 'context_size_yyx': 3, 'num_mix_components_yyx': 4, 'context_extractor_yyx': 'lstm', 'activation_func_yyx': 'Tanh', 'L2_weight_yyx': 0.0001322491514687769, 'L_entropy_weight_yyx': 1.8987821635361985e-06, 'L_sep_weight_yyx': 1.3222472750056857e-07, 'L_scale_weight_yyx': 6.619519646868434e-05, 'learning_rate_yyx': 0.00765792042788249}. Best is trial 32 with value: -1.4672450138972355.
[I 2026-03-18 22:25:12,257] Trial 70 pruned. 
[I 2026-03-18 22:25:13,761] Trial 63 finished with value: -1.4433802678034855 and parameters: {'n_layers_yyx': 1, 'hidden_size_yyx_l0': 5, 'context_size_yyx': 4, 'num_mix_components_yyx': 4, 'context_extractor_yyx': 'lstm', 'activation_func_yyx': 'Tanh', 'L2_weight_yyx': 5.1698029750160165e-09, 'L_entropy_weight_yyx': 4.110754421770406e-09, 'L_sep_weight_yyx': 0.00032184952681742944, 'L_scale_weight_yyx': 2.5126310312148434e-05, 'learning_rate_yyx': 0.008496130055106703}. Best is trial 49 with value: -1.4726762272761418.
[I 2026-03-18 22:25:14,098] Trial 84 pruned. 
[I 2026-03-18 22:25:14,562] Trial 43 pruned. 
[I 2026-03-18 22:25:14,778] Trial 63 finished with value: -1.4364236215444712 and parameters: {'n_layers_yyx': 2, 'hidden_size_yyx_l0': 3, 'hidden_size_yyx_l1': 4, 'context_size_yyx': 2, 'num_mix_components_yyx': 4, 'context_extractor_yyx': 'lstm', 'activation_func_yyx': 'Tanh', 'L2_weight_yyx': 1.1020063098738197e-09, 'L_entropy_weight_yyx': 1.3354481455989212e-09, 'L_sep_weight_yyx': 0.00011572009339377023, 'L_scale_weight_yyx': 1.4765529319180474e-08, 'learning_rate_yyx': 0.005589654252913116}. Best is trial 19 with value: -1.4628589806189904.
[I 2026-03-18 22:25:14,797] Trial 70 pruned. 
[I 2026-03-18 22:25:15,582] Trial 81 pruned. 
[I 2026-03-18 22:25:15,873] Trial 71 pruned. 
[I 2026-03-18 22:25:21,012] Trial 64 pruned. 
[I 2026-03-18 22:25:21,064] Trial 85 pruned. 
[I 2026-03-18 22:25:21,613] Trial 71 pruned. 
[I 2026-03-18 22:25:23,504] Trial 72 pruned. 
[I 2026-03-18 22:25:25,173] Trial 62 pruned. 
[I 2026-03-18 22:25:25,235] Trial 65 pruned. 
[I 2026-03-18 22:25:27,211] Trial 73 pruned. 
[I 2026-03-18 22:25:28,071] Trial 36 finished with value: -2.4904948477568163 and parameters: {'n_layers_yyx': 2, 'hidden_size_yyx_l0': 5, 'hidden_size_yyx_l1': 4, 'context_size_yyx': 3, 'num_mix_components_yyx': 4, 'context_extractor_yyx': 'gru', 'activation_func_yyx': 'Tanh', 'L2_weight_yyx': 1.171463671034521e-10, 'L_entropy_weight_yyx': 3.4446549683483134e-05, 'L_sep_weight_yyx': 3.901786259082818e-09, 'L_scale_weight_yyx': 1.9646584235140777e-08, 'learning_rate_yyx': 0.009964841470700224}. Best is trial 35 with value: -2.497237209565205.
[I 2026-03-18 22:25:28,257] Trial 86 pruned. 
[I 2026-03-18 22:25:29,964] Trial 32 finished with value: -2.475194051078045 and parameters: {'n_layers_yyx': 1, 'hidden_size_yyx_l0': 4, 'context_size_yyx': 4, 'num_mix_components_yyx': 2, 'context_extractor_yyx': 'gru', 'activation_func_yyx': 'ReLU', 'L2_weight_yyx': 6.533543127386357e-06, 'L_entropy_weight_yyx': 6.883073399649505e-07, 'L_sep_weight_yyx': 1.0956972633225578e-06, 'L_scale_weight_yyx': 3.8812212349634586e-08, 'learning_rate_yyx': 0.009191834068503636}. Best is trial 32 with value: -2.475194051078045.
[I 2026-03-18 22:25:32,452] Trial 66 pruned. 
[I 2026-03-18 22:25:32,508] Trial 57 finished with value: -2.455849079114819 and parameters: {'n_layers_yyx': 1, 'hidden_size_yyx_l0': 6, 'context_size_yyx': 3, 'num_mix_components_yyx': 4, 'context_extractor_yyx': 'gru', 'activation_func_yyx': 'ReLU', 'L2_weight_yyx': 0.0003615238263349114, 'L_entropy_weight_yyx': 3.0141790809129855e-07, 'L_sep_weight_yyx': 3.477319726530543e-05, 'L_scale_weight_yyx': 9.631840273432298e-08, 'learning_rate_yyx': 0.00783289417974242}. Best is trial 46 with value: -2.4875562296733595.
[I 2026-03-18 22:25:32,564] Trial 69 finished with value: -1.5667817329596794 and parameters: {'n_layers_yyx': 2, 'hidden_size_yyx_l0': 5, 'hidden_size_yyx_l1': 5, 'context_size_yyx': 2, 'num_mix_components_yyx': 5, 'context_extractor_yyx': 'gru', 'activation_func_yyx': 'Tanh', 'L2_weight_yyx': 2.368286138557689e-06, 'L_entropy_weight_yyx': 1.2532305069619685e-10, 'L_sep_weight_yyx': 1.695126666687702e-05, 'L_scale_weight_yyx': 8.696294980597478e-06, 'learning_rate_yyx': 0.008752660390254071}. Best is trial 26 with value: -1.584650032885134.
[I 2026-03-18 22:25:33,428] Trial 59 finished with value: -1.4467008385291467 and parameters: {'n_layers_yyx': 1, 'hidden_size_yyx_l0': 6, 'context_size_yyx': 3, 'num_mix_components_yyx': 5, 'context_extractor_yyx': 'gru', 'activation_func_yyx': 'Tanh', 'L2_weight_yyx': 3.3460554844319945e-09, 'L_entropy_weight_yyx': 1.0065965626539574e-07, 'L_sep_weight_yyx': 5.007846893710688e-07, 'L_scale_weight_yyx': 8.775779861467175e-07, 'learning_rate_yyx': 0.007618454373101976}. Best is trial 12 with value: -1.460441659780649.
[I 2026-03-18 22:25:34,228] Trial 74 pruned. 
[I 2026-03-18 22:25:35,385] Trial 73 finished with value: -1.382231370458063 and parameters: {'n_layers_yyx': 2, 'hidden_size_yyx_l0': 6, 'hidden_size_yyx_l1': 5, 'context_size_yyx': 4, 'num_mix_components_yyx': 3, 'context_extractor_yyx': 'gru', 'activation_func_yyx': 'ReLU', 'L2_weight_yyx': 3.181391522583252e-05, 'L_entropy_weight_yyx': 1.0282517133947865e-07, 'L_sep_weight_yyx': 1.09549757017633e-06, 'L_scale_weight_yyx': 0.0003446324629052854, 'learning_rate_yyx': 0.007662772912339204}. Best is trial 24 with value: -1.4518791534615763.
[I 2026-03-18 22:25:37,144] Trial 60 pruned. 
[I 2026-03-18 22:25:38,134] Trial 72 pruned. 
[I 2026-03-18 22:25:40,003] Trial 58 pruned. 
[I 2026-03-18 22:25:40,871] Trial 61 pruned. 
[I 2026-03-18 22:25:41,408] Trial 75 pruned. 
[I 2026-03-18 22:25:41,687] Trial 64 finished with value: -1.4545999849759614 and parameters: {'n_layers_yyx': 1, 'hidden_size_yyx_l0': 4, 'context_size_yyx': 4, 'num_mix_components_yyx': 5, 'context_extractor_yyx': 'gru', 'activation_func_yyx': 'Tanh', 'L2_weight_yyx': 6.3449923803968384e-06, 'L_entropy_weight_yyx': 7.294716186975765e-08, 'L_sep_weight_yyx': 6.447964636079395e-08, 'L_scale_weight_yyx': 1.0587196726270606e-10, 'learning_rate_yyx': 0.0066957570592182086}. Best is trial 29 with value: -1.4683670278695913.
[I 2026-03-18 22:25:44,622] Trial 37 pruned. 
[I 2026-03-18 22:25:44,625] Trial 44 finished with value: -1.2958448204627404 and parameters: {'n_layers_yyx': 2, 'hidden_size_yyx_l0': 2, 'hidden_size_yyx_l1': 5, 'context_size_yyx': 4, 'num_mix_components_yyx': 1, 'context_extractor_yyx': 'gru', 'activation_func_yyx': 'Tanh', 'L2_weight_yyx': 1.5174311566062759e-05, 'L_entropy_weight_yyx': 6.373816823378495e-05, 'L_sep_weight_yyx': 5.549197915488784e-06, 'L_scale_weight_yyx': 2.1342475856927312e-07, 'learning_rate_yyx': 0.006671261059762298}. Best is trial 13 with value: -1.4421805044320914.
[I 2026-03-18 22:25:47,860] Trial 59 pruned. 
[I 2026-03-18 22:25:48,386] Trial 76 pruned. 
[I 2026-03-18 22:25:51,471] Trial 82 finished with value: -1.4536221548227164 and parameters: {'n_layers_yyx': 2, 'hidden_size_yyx_l0': 6, 'hidden_size_yyx_l1': 5, 'context_size_yyx': 3, 'num_mix_components_yyx': 4, 'context_extractor_yyx': 'lstm', 'activation_func_yyx': 'Tanh', 'L2_weight_yyx': 9.327457113417711e-08, 'L_entropy_weight_yyx': 1.4623581909454314e-08, 'L_sep_weight_yyx': 6.173300504471668e-05, 'L_scale_weight_yyx': 3.598270231080702e-08, 'learning_rate_yyx': 0.009679781099012448}. Best is trial 32 with value: -1.4672450138972355.
[I 2026-03-18 22:25:51,984] Trial 38 pruned. 
[I 2026-03-18 22:25:52,025] Trial 74 pruned. 
[I 2026-03-18 22:25:54,507] Trial 64 finished with value: -1.4476447941706732 and parameters: {'n_layers_yyx': 2, 'hidden_size_yyx_l0': 3, 'hidden_size_yyx_l1': 4, 'context_size_yyx': 2, 'num_mix_components_yyx': 4, 'context_extractor_yyx': 'lstm', 'activation_func_yyx': 'Tanh', 'L2_weight_yyx': 1.5853950547337898e-09, 'L_entropy_weight_yyx': 8.380185014500698e-09, 'L_sep_weight_yyx': 0.0004042222685177659, 'L_scale_weight_yyx': 3.8219622223076006e-08, 'learning_rate_yyx': 0.007899371524273642}. Best is trial 19 with value: -1.4628589806189904.
[I 2026-03-18 22:25:55,230] Trial 70 finished with value: -1.5625680536562014 and parameters: {'n_layers_yyx': 2, 'hidden_size_yyx_l0': 6, 'hidden_size_yyx_l1': 6, 'context_size_yyx': 3, 'num_mix_components_yyx': 5, 'context_extractor_yyx': 'gru', 'activation_func_yyx': 'Tanh', 'L2_weight_yyx': 1.4219635548518515e-05, 'L_entropy_weight_yyx': 2.715444818205285e-10, 'L_sep_weight_yyx': 2.7653011548147876e-05, 'L_scale_weight_yyx': 1.0848234753886084e-05, 'learning_rate_yyx': 0.0061674472225244975}. Best is trial 26 with value: -1.584650032885134.
[I 2026-03-18 22:25:58,313] Trial 62 pruned. 
[I 2026-03-18 22:25:59,371] Trial 39 pruned. 
[I 2026-03-18 22:26:00,722] Trial 62 finished with value: -2.475346086817453 and parameters: {'n_layers_yyx': 2, 'hidden_size_yyx_l0': 6, 'hidden_size_yyx_l1': 6, 'context_size_yyx': 4, 'num_mix_components_yyx': 3, 'context_extractor_yyx': 'gru', 'activation_func_yyx': 'ReLU', 'L2_weight_yyx': 9.247976611951107e-09, 'L_entropy_weight_yyx': 1.5260754555136676e-06, 'L_sep_weight_yyx': 1.0939897587251224e-10, 'L_scale_weight_yyx': 0.00028129439429844374, 'learning_rate_yyx': 0.008757719102310497}. Best is trial 25 with value: -2.4764732316599813.
[I 2026-03-18 22:26:01,481] Trial 65 pruned. 
[I 2026-03-18 22:26:01,641] Trial 71 pruned. 
[I 2026-03-18 22:26:02,081] Trial 63 pruned. 
[I 2026-03-18 22:26:04,472] Trial 60 pruned. 
[I 2026-03-18 22:26:05,350] Trial 77 pruned. 
[I 2026-03-18 22:26:06,577] Trial 73 finished with value: -1.4402182241586539 and parameters: {'n_layers_yyx': 2, 'hidden_size_yyx_l0': 6, 'hidden_size_yyx_l1': 5, 'context_size_yyx': 2, 'num_mix_components_yyx': 3, 'context_extractor_yyx': 'lstm', 'activation_func_yyx': 'ReLU', 'L2_weight_yyx': 3.6218267525343192e-06, 'L_entropy_weight_yyx': 0.00015641756794457522, 'L_sep_weight_yyx': 5.0948750808335325e-06, 'L_scale_weight_yyx': 0.0002742877529558458, 'learning_rate_yyx': 0.009454508215600108}. Best is trial 27 with value: -1.4597027822641226.
[I 2026-03-18 22:26:08,741] Trial 75 pruned. 
[I 2026-03-18 22:26:09,128] Trial 78 pruned. 
[I 2026-03-18 22:26:14,165] Trial 63 finished with value: -1.4621721942608172 and parameters: {'n_layers_yyx': 2, 'hidden_size_yyx_l0': 3, 'hidden_size_yyx_l1': 4, 'context_size_yyx': 1, 'num_mix_components_yyx': 3, 'context_extractor_yyx': 'lstm', 'activation_func_yyx': 'Tanh', 'L2_weight_yyx': 2.659536077199592e-05, 'L_entropy_weight_yyx': 1.8650552805265497e-06, 'L_sep_weight_yyx': 1.0729225545422669e-07, 'L_scale_weight_yyx': 7.737847539994642e-10, 'learning_rate_yyx': 0.005707177079355613}. Best is trial 63 with value: -1.4621721942608172.
[I 2026-03-18 22:26:15,552] Trial 45 finished with value: -1.4586368032602164 and parameters: {'n_layers_yyx': 2, 'hidden_size_yyx_l0': 3, 'hidden_size_yyx_l1': 6, 'context_size_yyx': 4, 'num_mix_components_yyx': 2, 'context_extractor_yyx': 'gru', 'activation_func_yyx': 'Tanh', 'L2_weight_yyx': 0.00043696708366065004, 'L_entropy_weight_yyx': 0.00017864246392463123, 'L_sep_weight_yyx': 0.00013886467534313533, 'L_scale_weight_yyx': 1.0394391577841792e-07, 'learning_rate_yyx': 0.008271907645567352}. Best is trial 45 with value: -1.4586368032602164.
[I 2026-03-18 22:26:16,809] Trial 65 finished with value: -1.45673093355619 and parameters: {'n_layers_yyx': 1, 'hidden_size_yyx_l0': 4, 'context_size_yyx': 4, 'num_mix_components_yyx': 5, 'context_extractor_yyx': 'gru', 'activation_func_yyx': 'Tanh', 'L2_weight_yyx': 5.1296902218929976e-05, 'L_entropy_weight_yyx': 9.444549885333757e-09, 'L_sep_weight_yyx': 1.9139563610308323e-08, 'L_scale_weight_yyx': 1.6387427371990582e-09, 'learning_rate_yyx': 0.009021456708242958}. Best is trial 29 with value: -1.4683670278695913.
[I 2026-03-18 22:26:16,847] Trial 79 pruned. 
[I 2026-03-18 22:26:19,056] Trial 64 pruned. 
[I 2026-03-18 22:26:20,839] Trial 80 pruned. 
[I 2026-03-18 22:26:21,392] Trial 64 pruned. 
[I 2026-03-18 22:26:21,973] Trial 87 finished with value: -1.5267760855252626 and parameters: {'n_layers_yyx': 1, 'hidden_size_yyx_l0': 4, 'context_size_yyx': 3, 'num_mix_components_yyx': 2, 'context_extractor_yyx': 'lstm', 'activation_func_yyx': 'Tanh', 'L2_weight_yyx': 2.223227867171566e-06, 'L_entropy_weight_yyx': 7.709777911298564e-07, 'L_sep_weight_yyx': 9.010545079062925e-05, 'L_scale_weight_yyx': 1.7260910304367882e-09, 'learning_rate_yyx': 0.009290291486461464}. Best is trial 67 with value: -1.5294848582783684.
[I 2026-03-18 22:26:22,325] Trial 61 pruned. 
[I 2026-03-18 22:26:22,862] Trial 65 pruned. 
[I 2026-03-18 22:26:23,502] Trial 66 pruned. 
[I 2026-03-18 22:26:25,924] Trial 76 pruned. 
[I 2026-03-18 22:26:26,699] Trial 66 pruned. 
[I 2026-03-18 22:26:27,503] Trial 67 finished with value: -1.4163655677208533 and parameters: {'n_layers_yyx': 2, 'hidden_size_yyx_l0': 5, 'hidden_size_yyx_l1': 2, 'context_size_yyx': 4, 'num_mix_components_yyx': 4, 'context_extractor_yyx': 'lstm', 'activation_func_yyx': 'Tanh', 'L2_weight_yyx': 1.1588740976155144e-09, 'L_entropy_weight_yyx': 4.814709798258245e-10, 'L_sep_weight_yyx': 5.930381884087793e-05, 'L_scale_weight_yyx': 0.0005830141920948162, 'learning_rate_yyx': 0.0036081844320040254}. Best is trial 49 with value: -1.4726762272761418.
[I 2026-03-18 22:26:27,966] Trial 81 pruned. 
[I 2026-03-18 22:26:28,011] Trial 83 finished with value: -1.4437777005709134 and parameters: {'n_layers_yyx': 2, 'hidden_size_yyx_l0': 6, 'hidden_size_yyx_l1': 5, 'context_size_yyx': 3, 'num_mix_components_yyx': 4, 'context_extractor_yyx': 'lstm', 'activation_func_yyx': 'Tanh', 'L2_weight_yyx': 3.2009806147371654e-08, 'L_entropy_weight_yyx': 1.840224538560425e-08, 'L_sep_weight_yyx': 0.00021628853166851284, 'L_scale_weight_yyx': 1.1013878953573015e-08, 'learning_rate_yyx': 0.008528210393654563}. Best is trial 32 with value: -1.4672450138972355.
[I 2026-03-18 22:26:28,765] Trial 65 pruned. 
[I 2026-03-18 22:26:29,033] Trial 77 pruned. 
[I 2026-03-18 22:26:31,250] Trial 72 finished with value: -1.5875397135778677 and parameters: {'n_layers_yyx': 2, 'hidden_size_yyx_l0': 5, 'hidden_size_yyx_l1': 5, 'context_size_yyx': 2, 'num_mix_components_yyx': 5, 'context_extractor_yyx': 'gru', 'activation_func_yyx': 'Tanh', 'L2_weight_yyx': 4.3210974636772724e-05, 'L_entropy_weight_yyx': 1.4755310377902814e-10, 'L_sep_weight_yyx': 5.804075766810146e-07, 'L_scale_weight_yyx': 2.7094240971714994e-07, 'learning_rate_yyx': 0.008396852641163343}. Best is trial 72 with value: -1.5875397135778677.
[I 2026-03-18 22:26:32,573] Trial 66 pruned. 
[I 2026-03-18 22:26:32,994] Trial 46 pruned. 
[I 2026-03-18 22:26:33,594] Trial 67 pruned. 

Source events: 3403
Target events: 31112
Full model ln_yyx : 313.85533 nats/sec, 9.07913 nats/event
Full model Log loss : -1.45366
Full model ln_yyx : 312.41402 nats/sec, 9.03743 nats/event
Full model Log loss : -1.44373
Full model ln_yyx : 311.04087 nats/sec, 8.99771 nats/event
Full model Log loss : -1.43835
Full model ln_yyx : 309.14162 nats/sec, 8.94277 nats/event
Full model Log loss : -1.41146
Full model ln_yyx : 313.61622 nats/sec, 9.07221 nats/event
Full model Log loss : -1.44947
Full model ln_yyx : 315.18442 nats/sec, 9.11757 nats/event
Full model Log loss : -1.44745
Full model ln_yyx : 298.34081 nats/sec, 8.63033 nats/event
Full model Log loss : -1.33104
Full model ln_yyx : 309.08703 nats/sec, 8.94119 nats/event
Full model Log loss : -1.44670
Optimization finished. Config saved to results/opt-full/opt_full_240_best_config.txt
[I 2026-03-18 22:26:35,271] Trial 68 pruned. 
[I 2026-03-18 22:26:37,916] Trial 74 finished with value: -1.4512747896634615 and parameters: {'n_layers_yyx': 2, 'hidden_size_yyx_l0': 6, 'hidden_size_yyx_l1': 4, 'context_size_yyx': 2, 'num_mix_components_yyx': 3, 'context_extractor_yyx': 'lstm', 'activation_func_yyx': 'ReLU', 'L2_weight_yyx': 1.8099613482758357e-06, 'L_entropy_weight_yyx': 0.0004917029583275841, 'L_sep_weight_yyx': 5.421165216227539e-07, 'L_scale_weight_yyx': 0.000342999888124138, 'learning_rate_yyx': 0.006887235264675632}. Best is trial 27 with value: -1.4597027822641226.
[I 2026-03-18 22:26:38,586] Trial 66 finished with value: -1.4471868661733773 and parameters: {'n_layers_yyx': 2, 'hidden_size_yyx_l0': 3, 'hidden_size_yyx_l1': 4, 'context_size_yyx': 2, 'num_mix_components_yyx': 4, 'context_extractor_yyx': 'lstm', 'activation_func_yyx': 'Tanh', 'L2_weight_yyx': 3.3214626090201513e-09, 'L_entropy_weight_yyx': 1.2963992624407371e-06, 'L_sep_weight_yyx': 0.00028395454568599904, 'L_scale_weight_yyx': 4.0206606198609246e-08, 'learning_rate_yyx': 0.009017545545387928}. Best is trial 19 with value: -1.4628589806189904.
[I 2026-03-18 22:26:39,574] Trial 88 pruned. 
[I 2026-03-18 22:26:41,339] Trial 75 pruned. 
[I 2026-03-18 22:26:42,826] Trial 33 finished with value: -2.4752025233954456 and parameters: {'n_layers_yyx': 1, 'hidden_size_yyx_l0': 4, 'context_size_yyx': 4, 'num_mix_components_yyx': 2, 'context_extractor_yyx': 'gru', 'activation_func_yyx': 'ReLU', 'L2_weight_yyx': 3.1238267909871793e-06, 'L_entropy_weight_yyx': 7.917380991245881e-07, 'L_sep_weight_yyx': 7.754850257291424e-07, 'L_scale_weight_yyx': 2.3424239034711875e-08, 'learning_rate_yyx': 0.009364319961440905}. Best is trial 33 with value: -2.4752025233954456.
[I 2026-03-18 22:26:44,684] Trial 76 pruned. 
[I 2026-03-18 22:26:45,988] Trial 82 pruned. 

Source events: 3403
Target events: 39192
Full model ln_yyx : 395.98266 nats/sec, 9.09329 nats/event
Full model Log loss : -1.43231
Full model ln_yyx : 388.49166 nats/sec, 8.92127 nats/event
Full model Log loss : -1.40730
Full model ln_yyx : 393.85434 nats/sec, 9.04442 nats/event
Full model Log loss : -1.41862
Full model ln_yyx : 393.47543 nats/sec, 9.03572 nats/event
Full model Log loss : -1.41896
Full model ln_yyx : 394.23638 nats/sec, 9.05319 nats/event
Full model Log loss : -1.44835
Full model ln_yyx : 394.22131 nats/sec, 9.05285 nats/event
Full model Log loss : -1.44834
Full model ln_yyx : 396.40972 nats/sec, 9.10310 nats/event
Full model Log loss : -1.44780
Optimization finished. Config saved to results/opt-full/opt_full_250_best_config.txt
[I 2026-03-18 22:26:46,396] Trial 89 pruned. 
[I 2026-03-18 22:26:47,080] Trial 73 pruned. 
[I 2026-03-18 22:26:47,974] Trial 77 pruned. 
[I 2026-03-18 22:26:48,630] Trial 63 pruned. 
[I 2026-03-18 22:26:52,125] Trial 69 pruned. 
[I 2026-03-18 22:26:52,953] Trial 90 pruned. 
[I 2026-03-18 22:26:54,439] Trial 67 finished with value: -1.435750732421875 and parameters: {'n_layers_yyx': 1, 'hidden_size_yyx_l0': 4, 'context_size_yyx': 4, 'num_mix_components_yyx': 5, 'context_extractor_yyx': 'lstm', 'activation_func_yyx': 'ReLU', 'L2_weight_yyx': 6.362233861659792e-05, 'L_entropy_weight_yyx': 3.3569744182491885e-08, 'L_sep_weight_yyx': 1.777029191951042e-07, 'L_scale_weight_yyx': 2.6970220139376556e-10, 'learning_rate_yyx': 0.005650431541700506}. Best is trial 29 with value: -1.4683670278695913.
[I 2026-03-18 22:26:54,849] Trial 84 finished with value: -1.4513138052133414 and parameters: {'n_layers_yyx': 2, 'hidden_size_yyx_l0': 6, 'hidden_size_yyx_l1': 5, 'context_size_yyx': 3, 'num_mix_components_yyx': 4, 'context_extractor_yyx': 'lstm', 'activation_func_yyx': 'Tanh', 'L2_weight_yyx': 8.243518297436465e-08, 'L_entropy_weight_yyx': 3.4813149670395654e-08, 'L_sep_weight_yyx': 0.00034645269314949166, 'L_scale_weight_yyx': 2.2562266803452767e-08, 'learning_rate_yyx': 0.009276772355144668}. Best is trial 32 with value: -1.4672450138972355.
[I 2026-03-18 22:26:56,714] Trial 91 pruned. 
[I 2026-03-18 22:27:00,935] Trial 47 finished with value: -1.354379648061899 and parameters: {'n_layers_yyx': 2, 'hidden_size_yyx_l0': 4, 'hidden_size_yyx_l1': 6, 'context_size_yyx': 3, 'num_mix_components_yyx': 1, 'context_extractor_yyx': 'gru', 'activation_func_yyx': 'GELU', 'L2_weight_yyx': 0.0004915021679543238, 'L_entropy_weight_yyx': 5.2109000206966186e-06, 'L_sep_weight_yyx': 0.0001810550694504461, 'L_scale_weight_yyx': 1.026729576526654e-07, 'learning_rate_yyx': 0.009480867202969806}. Best is trial 45 with value: -1.4586368032602164.
[I 2026-03-18 22:27:01,846] Trial 74 pruned. 
[I 2026-03-18 22:27:02,699] Trial 67 finished with value: -1.3259963989257812 and parameters: {'n_layers_yyx': 2, 'hidden_size_yyx_l0': 3, 'hidden_size_yyx_l1': 4, 'context_size_yyx': 3, 'num_mix_components_yyx': 3, 'context_extractor_yyx': 'gru', 'activation_func_yyx': 'Tanh', 'L2_weight_yyx': 3.1499024394896227e-09, 'L_entropy_weight_yyx': 1.4253550384391083e-06, 'L_sep_weight_yyx': 0.0009053928179753683, 'L_scale_weight_yyx': 3.758085925705953e-08, 'learning_rate_yyx': 0.008950378637689051}. Best is trial 19 with value: -1.4628589806189904.
[I 2026-03-18 22:27:04,225] Trial 78 finished with value: -1.4170277913411458 and parameters: {'n_layers_yyx': 1, 'hidden_size_yyx_l0': 6, 'context_size_yyx': 4, 'num_mix_components_yyx': 4, 'context_extractor_yyx': 'lstm', 'activation_func_yyx': 'Tanh', 'L2_weight_yyx': 9.419713984621e-06, 'L_entropy_weight_yyx': 1.044171545725183e-05, 'L_sep_weight_yyx': 3.1587947881571114e-06, 'L_scale_weight_yyx': 2.319749606229934e-09, 'learning_rate_yyx': 0.008401822657756674}. Best is trial 24 with value: -1.4518791534615763.
[I 2026-03-18 22:27:05,764] Trial 64 pruned. 
[I 2026-03-18 22:27:07,439] Trial 75 pruned. 
[I 2026-03-18 22:27:08,205] Trial 70 pruned. 
[I 2026-03-18 22:27:08,445] Trial 40 finished with value: -2.4852120465012417 and parameters: {'n_layers_yyx': 2, 'hidden_size_yyx_l0': 5, 'hidden_size_yyx_l1': 5, 'context_size_yyx': 1, 'num_mix_components_yyx': 5, 'context_extractor_yyx': 'lstm', 'activation_func_yyx': 'GELU', 'L2_weight_yyx': 2.3712113724282787e-07, 'L_entropy_weight_yyx': 1.6691899515424647e-07, 'L_sep_weight_yyx': 5.6476554142658006e-09, 'L_scale_weight_yyx': 1.65729212529891e-08, 'learning_rate_yyx': 0.005862461892406849}. Best is trial 35 with value: -2.497237209565205.
[I 2026-03-18 22:27:09,173] Trial 85 pruned. 
[I 2026-03-18 22:27:09,796] Trial 79 pruned. 
[I 2026-03-18 22:27:16,254] Trial 80 pruned. 
[I 2026-03-18 22:27:16,272] Trial 48 pruned. 
[I 2026-03-18 22:27:17,681] Trial 62 finished with value: -2.4841048103436085 and parameters: {'n_layers_yyx': 1, 'hidden_size_yyx_l0': 6, 'context_size_yyx': 4, 'num_mix_components_yyx': 5, 'context_extractor_yyx': 'gru', 'activation_func_yyx': 'ReLU', 'L2_weight_yyx': 5.8334323847866276e-05, 'L_entropy_weight_yyx': 0.00014762619302066343, 'L_sep_weight_yyx': 3.2747728741563403e-06, 'L_scale_weight_yyx': 8.856495963819303e-07, 'learning_rate_yyx': 0.009181285527854369}. Best is trial 46 with value: -2.4875562296733595.
[I 2026-03-18 22:27:18,088] Trial 78 finished with value: -1.4289117901141828 and parameters: {'n_layers_yyx': 2, 'hidden_size_yyx_l0': 4, 'hidden_size_yyx_l1': 3, 'context_size_yyx': 2, 'num_mix_components_yyx': 5, 'context_extractor_yyx': 'lstm', 'activation_func_yyx': 'ReLU', 'L2_weight_yyx': 4.681400595594838e-05, 'L_entropy_weight_yyx': 0.00025857182522964945, 'L_sep_weight_yyx': 5.359569475997292e-07, 'L_scale_weight_yyx': 4.248670294158862e-05, 'learning_rate_yyx': 0.005018613804666589}. Best is trial 27 with value: -1.4597027822641226.
[I 2026-03-18 22:27:18,989] Trial 81 pruned. 
[I 2026-03-18 22:27:19,215] Trial 49 pruned. 
[I 2026-03-18 22:27:19,537] Trial 67 finished with value: -1.4402753624549278 and parameters: {'n_layers_yyx': 2, 'hidden_size_yyx_l0': 3, 'hidden_size_yyx_l1': 4, 'context_size_yyx': 1, 'num_mix_components_yyx': 3, 'context_extractor_yyx': 'lstm', 'activation_func_yyx': 'ReLU', 'L2_weight_yyx': 5.416601122416782e-05, 'L_entropy_weight_yyx': 2.7195462882860855e-05, 'L_sep_weight_yyx': 2.250248383227067e-07, 'L_scale_weight_yyx': 1.591633975428276e-10, 'learning_rate_yyx': 0.00645197221325333}. Best is trial 63 with value: -1.4621721942608172.
[I 2026-03-18 22:27:22,239] Trial 65 pruned. 
[I 2026-03-18 22:27:22,537] Trial 50 pruned. 
[I 2026-03-18 22:27:22,557] Trial 68 finished with value: -1.4631113140399639 and parameters: {'n_layers_yyx': 1, 'hidden_size_yyx_l0': 4, 'context_size_yyx': 4, 'num_mix_components_yyx': 5, 'context_extractor_yyx': 'lstm', 'activation_func_yyx': 'Tanh', 'L2_weight_yyx': 0.00018650895004985348, 'L_entropy_weight_yyx': 6.4002879864415505e-09, 'L_sep_weight_yyx': 4.947684281843718e-07, 'L_scale_weight_yyx': 1.20507733818418e-09, 'learning_rate_yyx': 0.009116106589773245}. Best is trial 29 with value: -1.4683670278695913.
[I 2026-03-18 22:27:23,349] Trial 86 pruned. 
[I 2026-03-18 22:27:33,667] Trial 63 pruned. 
[I 2026-03-18 22:27:33,755] Trial 82 pruned. 
[I 2026-03-18 22:27:35,569] Trial 68 finished with value: -1.4565111835186297 and parameters: {'n_layers_yyx': 1, 'hidden_size_yyx_l0': 4, 'context_size_yyx': 2, 'num_mix_components_yyx': 4, 'context_extractor_yyx': 'lstm', 'activation_func_yyx': 'Tanh', 'L2_weight_yyx': 1.4464730399706651e-08, 'L_entropy_weight_yyx': 1.098535613856677e-05, 'L_sep_weight_yyx': 0.0002494903617255313, 'L_scale_weight_yyx': 8.272945605221992e-07, 'learning_rate_yyx': 0.009518713735994746}. Best is trial 19 with value: -1.4628589806189904.
[I 2026-03-18 22:27:35,644] Trial 76 finished with value: -1.5710180017871789 and parameters: {'n_layers_yyx': 2, 'hidden_size_yyx_l0': 5, 'hidden_size_yyx_l1': 5, 'context_size_yyx': 2, 'num_mix_components_yyx': 5, 'context_extractor_yyx': 'gru', 'activation_func_yyx': 'Tanh', 'L2_weight_yyx': 3.4732419655051254e-05, 'L_entropy_weight_yyx': 2.0665169988206106e-10, 'L_sep_weight_yyx': 3.00913213815044e-07, 'L_scale_weight_yyx': 0.0001042702590232202, 'learning_rate_yyx': 0.006830170303590965}. Best is trial 72 with value: -1.5875397135778677.
[I 2026-03-18 22:27:35,962] Trial 68 pruned. 
[I 2026-03-18 22:27:38,864] Trial 66 pruned. 
[I 2026-03-18 22:27:39,512] Trial 71 finished with value: -1.4466248262845554 and parameters: {'n_layers_yyx': 1, 'hidden_size_yyx_l0': 3, 'context_size_yyx': 4, 'num_mix_components_yyx': 4, 'context_extractor_yyx': 'lstm', 'activation_func_yyx': 'Tanh', 'L2_weight_yyx': 6.553969749376634e-10, 'L_entropy_weight_yyx': 7.275725416849219e-09, 'L_sep_weight_yyx': 1.9692494029041367e-05, 'L_scale_weight_yyx': 0.0002612034798026385, 'learning_rate_yyx': 0.00815926697459787}. Best is trial 49 with value: -1.4726762272761418.
[I 2026-03-18 22:27:40,912] Trial 92 finished with value: -1.5097517795250064 and parameters: {'n_layers_yyx': 1, 'hidden_size_yyx_l0': 5, 'context_size_yyx': 4, 'num_mix_components_yyx': 2, 'context_extractor_yyx': 'lstm', 'activation_func_yyx': 'Tanh', 'L2_weight_yyx': 3.773384074014507e-08, 'L_entropy_weight_yyx': 2.113991643753508e-07, 'L_sep_weight_yyx': 8.346105522186799e-05, 'L_scale_weight_yyx': 1.2635949988180542e-10, 'learning_rate_yyx': 0.009310486291935713}. Best is trial 67 with value: -1.5294848582783684.

Source events: 3403
Target events: 3618
Full model ln_yyx : 35.35163 nats/sec, 8.79394 nats/event
Full model Log loss : -1.40955
Full model ln_yyx : 36.94391 nats/sec, 9.19003 nats/event
Full model Log loss : -1.48026
Full model ln_yyx : 36.85563 nats/sec, 9.16807 nats/event
Full model Log loss : -1.52948
Full model ln_yyx : 35.85544 nats/sec, 8.91926 nats/event
Full model Log loss : -1.48642
Full model ln_yyx : 36.88212 nats/sec, 9.17466 nats/event
Full model Log loss : -1.52678
Full model ln_yyx : 36.75573 nats/sec, 9.14322 nats/event
Full model Log loss : -1.50975
Optimization finished. Config saved to results/opt-full/opt_full_251_best_config.txt
[I 2026-03-18 22:27:41,616] Trial 77 pruned. 
[I 2026-03-18 22:27:42,619] Trial 69 pruned. 
[I 2026-03-18 22:27:45,701] Trial 72 pruned. 
[I 2026-03-18 22:27:48,680] Trial 73 pruned. 
[I 2026-03-18 22:27:48,683] Trial 87 finished with value: -1.4384678532527044 and parameters: {'n_layers_yyx': 2, 'hidden_size_yyx_l0': 6, 'hidden_size_yyx_l1': 4, 'context_size_yyx': 3, 'num_mix_components_yyx': 5, 'context_extractor_yyx': 'lstm', 'activation_func_yyx': 'Tanh', 'L2_weight_yyx': 7.577454422102703e-07, 'L_entropy_weight_yyx': 3.6947530310119704e-07, 'L_sep_weight_yyx': 0.0006650378657177307, 'L_scale_weight_yyx': 2.677056414500152e-07, 'learning_rate_yyx': 0.004597677605307175}. Best is trial 32 with value: -1.4672450138972355.
[I 2026-03-18 22:27:50,304] Trial 69 finished with value: -1.464608882023738 and parameters: {'n_layers_yyx': 1, 'hidden_size_yyx_l0': 4, 'context_size_yyx': 4, 'num_mix_components_yyx': 5, 'context_extractor_yyx': 'lstm', 'activation_func_yyx': 'Tanh', 'L2_weight_yyx': 0.00017813836549253033, 'L_entropy_weight_yyx': 8.921673280340935e-09, 'L_sep_weight_yyx': 1.7226757990318455e-08, 'L_scale_weight_yyx': 1.1294769441954108e-09, 'learning_rate_yyx': 0.009202041229362379}. Best is trial 29 with value: -1.4683670278695913.
[I 2026-03-18 22:27:51,769] Trial 88 pruned. 
[I 2026-03-18 22:27:52,903] Trial 51 finished with value: -1.4480335881159856 and parameters: {'n_layers_yyx': 2, 'hidden_size_yyx_l0': 3, 'hidden_size_yyx_l1': 4, 'context_size_yyx': 4, 'num_mix_components_yyx': 4, 'context_extractor_yyx': 'gru', 'activation_func_yyx': 'Tanh', 'L2_weight_yyx': 7.357617310821915e-07, 'L_entropy_weight_yyx': 8.345212549518418e-05, 'L_sep_weight_yyx': 3.5438092066929273e-09, 'L_scale_weight_yyx': 1.172835535465115e-07, 'learning_rate_yyx': 0.007874354596767849}. Best is trial 45 with value: -1.4586368032602164.
[I 2026-03-18 22:27:54,492] Trial 74 pruned. 
[I 2026-03-18 22:27:55,526] Trial 67 pruned. 
[I 2026-03-18 22:27:56,614] Trial 70 pruned. 
[I 2026-03-18 22:27:56,720] Trial 69 finished with value: -1.407183368389423 and parameters: {'n_layers_yyx': 2, 'hidden_size_yyx_l0': 3, 'hidden_size_yyx_l1': 5, 'context_size_yyx': 2, 'num_mix_components_yyx': 4, 'context_extractor_yyx': 'lstm', 'activation_func_yyx': 'Tanh', 'L2_weight_yyx': 1.523294349273461e-08, 'L_entropy_weight_yyx': 1.091584989075165e-05, 'L_sep_weight_yyx': 0.00024858320290254646, 'L_scale_weight_yyx': 1.6572940377794765e-10, 'learning_rate_yyx': 0.008436965745536361}. Best is trial 19 with value: -1.4628589806189904.
[I 2026-03-18 22:27:57,007] Trial 79 finished with value: -1.4283969350961538 and parameters: {'n_layers_yyx': 2, 'hidden_size_yyx_l0': 3, 'hidden_size_yyx_l1': 4, 'context_size_yyx': 3, 'num_mix_components_yyx': 3, 'context_extractor_yyx': 'lstm', 'activation_func_yyx': 'ReLU', 'L2_weight_yyx': 2.2933807737513054e-07, 'L_entropy_weight_yyx': 0.0009773535641706128, 'L_sep_weight_yyx': 0.0005485068699655834, 'L_scale_weight_yyx': 0.0009901710305881275, 'learning_rate_yyx': 0.007062332020773308}. Best is trial 27 with value: -1.4597027822641226.

Source events: 3403
Target events: 10683
Full model ln_yyx : 105.79311 nats/sec, 8.91265 nats/event
Full model Log loss : -1.39544
Full model ln_yyx : 106.22121 nats/sec, 8.94871 nats/event
Full model Log loss : -1.44066
Full model ln_yyx : 108.06551 nats/sec, 9.10409 nats/event
Full model Log loss : -1.43834
Full model ln_yyx : 107.39327 nats/sec, 9.04745 nats/event
Full model Log loss : -1.41651
Full model ln_yyx : 108.62071 nats/sec, 9.15086 nats/event
Full model Log loss : -1.43232
Full model ln_yyx : 110.00651 nats/sec, 9.26761 nats/event
Full model Log loss : -1.44138
Full model ln_yyx : 108.28344 nats/sec, 9.12245 nats/event
Full model Log loss : -1.40043
Full model ln_yyx : 108.44139 nats/sec, 9.13575 nats/event
Full model Log loss : -1.44022
Full model ln_yyx : 107.79653 nats/sec, 9.08143 nats/event
Full model Log loss : -1.45127
Full model ln_yyx : 107.09056 nats/sec, 9.02195 nats/event
Full model Log loss : -1.42891
Full model ln_yyx : 107.93501 nats/sec, 9.09309 nats/event
Full model Log loss : -1.42840
Optimization finished. Config saved to results/opt-full/opt_full_246_best_config.txt
[I 2026-03-18 22:27:57,154] Trial 89 pruned. 
[I 2026-03-18 22:28:02,314] Trial 70 pruned. 
[I 2026-03-18 22:28:02,448] Trial 71 pruned. 
[I 2026-03-18 22:28:05,235] Trial 72 pruned. 
[I 2026-03-18 22:28:05,827] Trial 78 finished with value: -1.5809977928514583 and parameters: {'n_layers_yyx': 2, 'hidden_size_yyx_l0': 5, 'hidden_size_yyx_l1': 5, 'context_size_yyx': 2, 'num_mix_components_yyx': 5, 'context_extractor_yyx': 'gru', 'activation_func_yyx': 'Tanh', 'L2_weight_yyx': 1.7530829484441396e-05, 'L_entropy_weight_yyx': 1.0862413939036716e-10, 'L_sep_weight_yyx': 2.5117256686808374e-06, 'L_scale_weight_yyx': 0.00010039439768682186, 'learning_rate_yyx': 0.00916671637476551}. Best is trial 72 with value: -1.5875397135778677.
[I 2026-03-18 22:28:07,867] Trial 71 pruned. 
[I 2026-03-18 22:28:07,911] Trial 75 pruned. 
[I 2026-03-18 22:28:08,333] Trial 83 finished with value: -1.4132271532742482 and parameters: {'n_layers_yyx': 1, 'hidden_size_yyx_l0': 6, 'context_size_yyx': 4, 'num_mix_components_yyx': 3, 'context_extractor_yyx': 'lstm', 'activation_func_yyx': 'Tanh', 'L2_weight_yyx': 3.2748528903279984e-05, 'L_entropy_weight_yyx': 9.059569868217741e-10, 'L_sep_weight_yyx': 4.568011638074615e-06, 'L_scale_weight_yyx': 1.0239946852736029e-08, 'learning_rate_yyx': 0.00825764193451284}. Best is trial 24 with value: -1.4518791534615763.
[I 2026-03-18 22:28:10,765] Trial 76 pruned. 
[I 2026-03-18 22:28:11,221] Trial 79 pruned. 
[I 2026-03-18 22:28:11,790] Trial 68 pruned. 
[I 2026-03-18 22:28:13,049] Trial 72 pruned. 
[I 2026-03-18 22:28:15,818] Trial 73 pruned. 
[I 2026-03-18 22:28:16,439] Trial 80 pruned. 
[I 2026-03-18 22:28:18,466] Trial 74 pruned. 
[I 2026-03-18 22:28:18,826] Trial 73 pruned. 
[I 2026-03-18 22:28:19,909] Trial 64 finished with value: -2.485264423076923 and parameters: {'n_layers_yyx': 1, 'hidden_size_yyx_l0': 6, 'context_size_yyx': 4, 'num_mix_components_yyx': 5, 'context_extractor_yyx': 'gru', 'activation_func_yyx': 'ReLU', 'L2_weight_yyx': 6.871041248123934e-06, 'L_entropy_weight_yyx': 0.0004889773355840556, 'L_sep_weight_yyx': 2.274839937287955e-05, 'L_scale_weight_yyx': 3.127423661424374e-07, 'learning_rate_yyx': 0.00741258747086932}. Best is trial 46 with value: -2.4875562296733595.
[I 2026-03-18 22:28:21,013] Trial 90 finished with value: -1.3741959087665265 and parameters: {'n_layers_yyx': 2, 'hidden_size_yyx_l0': 5, 'hidden_size_yyx_l1': 6, 'context_size_yyx': 4, 'num_mix_components_yyx': 4, 'context_extractor_yyx': 'lstm', 'activation_func_yyx': 'Tanh', 'L2_weight_yyx': 4.443324720175443e-07, 'L_entropy_weight_yyx': 1.4108132822941762e-07, 'L_sep_weight_yyx': 1.3947149632520776e-06, 'L_scale_weight_yyx': 1.5649798700200726e-05, 'learning_rate_yyx': 0.00991646168740297}. Best is trial 32 with value: -1.4672450138972355.
[I 2026-03-18 22:28:21,805] Trial 52 finished with value: -1.4370253342848558 and parameters: {'n_layers_yyx': 2, 'hidden_size_yyx_l0': 3, 'hidden_size_yyx_l1': 4, 'context_size_yyx': 4, 'num_mix_components_yyx': 5, 'context_extractor_yyx': 'gru', 'activation_func_yyx': 'Tanh', 'L2_weight_yyx': 7.481373496557403e-07, 'L_entropy_weight_yyx': 0.00012786927590313654, 'L_sep_weight_yyx': 4.6984778194378264e-09, 'L_scale_weight_yyx': 1.2661186811628555e-07, 'learning_rate_yyx': 0.007793883336221991}. Best is trial 45 with value: -1.4586368032602164.
[I 2026-03-18 22:28:22,593] Trial 84 pruned. 
[I 2026-03-18 22:28:23,408] Trial 41 finished with value: -2.4904704237960544 and parameters: {'n_layers_yyx': 2, 'hidden_size_yyx_l0': 6, 'hidden_size_yyx_l1': 4, 'context_size_yyx': 3, 'num_mix_components_yyx': 4, 'context_extractor_yyx': 'gru', 'activation_func_yyx': 'Tanh', 'L2_weight_yyx': 4.3551051275945175e-10, 'L_entropy_weight_yyx': 7.096342654269831e-07, 'L_sep_weight_yyx': 1.53750647951582e-08, 'L_scale_weight_yyx': 1.5777316399167722e-07, 'learning_rate_yyx': 0.0020902126990841323}. Best is trial 35 with value: -2.497237209565205.
[I 2026-03-18 22:28:23,631] Trial 70 pruned. 
[I 2026-03-18 22:28:23,728] Trial 75 pruned. 
[I 2026-03-18 22:28:23,812] Trial 91 pruned. 
[I 2026-03-18 22:28:26,737] Trial 71 pruned. 
[I 2026-03-18 22:28:27,760] Trial 69 pruned. 
[I 2026-03-18 22:28:30,160] Trial 34 finished with value: -2.477771523391826 and parameters: {'n_layers_yyx': 1, 'hidden_size_yyx_l0': 4, 'context_size_yyx': 4, 'num_mix_components_yyx': 2, 'context_extractor_yyx': 'gru', 'activation_func_yyx': 'ReLU', 'L2_weight_yyx': 3.948782419000453e-06, 'L_entropy_weight_yyx': 3.827855520872612e-07, 'L_sep_weight_yyx': 7.721513542892622e-07, 'L_scale_weight_yyx': 2.5362885381675862e-08, 'learning_rate_yyx': 0.009605754691455668}. Best is trial 34 with value: -2.477771523391826.
[I 2026-03-18 22:28:33,256] Trial 72 pruned. 
[I 2026-03-18 22:28:35,731] Trial 65 pruned. 
[I 2026-03-18 22:28:37,556] Trial 85 pruned. 
[I 2026-03-18 22:28:39,364] Trial 77 finished with value: -1.4538535954402043 and parameters: {'n_layers_yyx': 2, 'hidden_size_yyx_l0': 6, 'hidden_size_yyx_l1': 3, 'context_size_yyx': 4, 'num_mix_components_yyx': 4, 'context_extractor_yyx': 'lstm', 'activation_func_yyx': 'Tanh', 'L2_weight_yyx': 6.081886494786821e-09, 'L_entropy_weight_yyx': 2.868941120130645e-08, 'L_sep_weight_yyx': 0.0003660693367335287, 'L_scale_weight_yyx': 8.308638753674713e-05, 'learning_rate_yyx': 0.007852041865394649}. Best is trial 49 with value: -1.4726762272761418.
[I 2026-03-18 22:28:42,110] Trial 78 pruned. 
[I 2026-03-18 22:28:43,387] Trial 86 pruned. 

Source events: 3403
Target events: 3828
Full model ln_yyx : 36.69317 nats/sec, 8.62692 nats/event
Full model Log loss : -1.32581
Full model ln_yyx : 37.14064 nats/sec, 8.73212 nats/event
Full model Log loss : -1.37963
Full model ln_yyx : 37.29128 nats/sec, 8.76754 nats/event
Full model Log loss : -1.36708
Full model ln_yyx : 38.36530 nats/sec, 9.02006 nats/event
Full model Log loss : -1.41064
Full model ln_yyx : 37.26745 nats/sec, 8.76194 nats/event
Full model Log loss : -1.39086
Full model ln_yyx : 37.97449 nats/sec, 8.92817 nats/event
Full model Log loss : -1.38628
Full model ln_yyx : 38.10353 nats/sec, 8.95851 nats/event
Full model Log loss : -1.38223
Full model ln_yyx : 38.30660 nats/sec, 9.00625 nats/event
Full model Log loss : -1.41703
Full model ln_yyx : 38.05257 nats/sec, 8.94653 nats/event
Full model Log loss : -1.41323
Optimization finished. Config saved to results/opt-full/opt_full_243_best_config.txt
[I 2026-03-18 22:28:43,987] Trial 81 finished with value: -1.5962556995106763 and parameters: {'n_layers_yyx': 2, 'hidden_size_yyx_l0': 5, 'hidden_size_yyx_l1': 4, 'context_size_yyx': 2, 'num_mix_components_yyx': 5, 'context_extractor_yyx': 'gru', 'activation_func_yyx': 'Tanh', 'L2_weight_yyx': 7.08756371747079e-10, 'L_entropy_weight_yyx': 2.3003405415523213e-10, 'L_sep_weight_yyx': 2.7371492883829965e-05, 'L_scale_weight_yyx': 1.9210540252310777e-10, 'learning_rate_yyx': 0.009970979086012521}. Best is trial 81 with value: -1.5962556995106763.
[I 2026-03-18 22:28:44,716] Trial 74 finished with value: -1.465376915564904 and parameters: {'n_layers_yyx': 1, 'hidden_size_yyx_l0': 4, 'context_size_yyx': 4, 'num_mix_components_yyx': 5, 'context_extractor_yyx': 'lstm', 'activation_func_yyx': 'Tanh', 'L2_weight_yyx': 0.00011571900989162701, 'L_entropy_weight_yyx': 2.163463300631359e-09, 'L_sep_weight_yyx': 1.4693652239373482e-08, 'L_scale_weight_yyx': 1.0526339759776869e-09, 'learning_rate_yyx': 0.009098930954866372}. Best is trial 29 with value: -1.4683670278695913.
[I 2026-03-18 22:28:44,766] Trial 70 pruned. 
[I 2026-03-18 22:28:45,241] Trial 79 pruned. 
[I 2026-03-18 22:28:45,804] Trial 92 finished with value: -1.451388667179988 and parameters: {'n_layers_yyx': 2, 'hidden_size_yyx_l0': 6, 'hidden_size_yyx_l1': 5, 'context_size_yyx': 3, 'num_mix_components_yyx': 4, 'context_extractor_yyx': 'lstm', 'activation_func_yyx': 'Tanh', 'L2_weight_yyx': 7.505386926501627e-08, 'L_entropy_weight_yyx': 2.9804840924875e-08, 'L_sep_weight_yyx': 0.0002667025457323821, 'L_scale_weight_yyx': 2.960173326393945e-08, 'learning_rate_yyx': 0.009149360047631915}. Best is trial 32 with value: -1.4672450138972355.
[I 2026-03-18 22:28:48,087] Trial 80 pruned. 
[I 2026-03-18 22:28:49,590] Trial 75 pruned. 
[I 2026-03-18 22:28:50,822] Trial 76 finished with value: -1.4517383986253005 and parameters: {'n_layers_yyx': 1, 'hidden_size_yyx_l0': 5, 'context_size_yyx': 3, 'num_mix_components_yyx': 4, 'context_extractor_yyx': 'lstm', 'activation_func_yyx': 'Tanh', 'L2_weight_yyx': 2.1666022776163557e-07, 'L_entropy_weight_yyx': 3.045463674232073e-07, 'L_sep_weight_yyx': 1.6790686154308102e-05, 'L_scale_weight_yyx': 1.24633559547965e-07, 'learning_rate_yyx': 0.00978180168389825}. Best is trial 19 with value: -1.4628589806189904.
[I 2026-03-18 22:28:50,897] Trial 66 pruned. 
[I 2026-03-18 22:28:53,146] Trial 81 pruned. 
[I 2026-03-18 22:28:53,488] Trial 53 finished with value: -1.4396224271334135 and parameters: {'n_layers_yyx': 2, 'hidden_size_yyx_l0': 3, 'hidden_size_yyx_l1': 4, 'context_size_yyx': 4, 'num_mix_components_yyx': 5, 'context_extractor_yyx': 'gru', 'activation_func_yyx': 'Tanh', 'L2_weight_yyx': 9.041107072537116e-07, 'L_entropy_weight_yyx': 8.834967334243829e-05, 'L_sep_weight_yyx': 6.818006808111662e-09, 'L_scale_weight_yyx': 7.29209949609667e-08, 'learning_rate_yyx': 0.007776237505122816}. Best is trial 45 with value: -1.4586368032602164.
[I 2026-03-18 22:28:55,354] Trial 82 pruned. 
[I 2026-03-18 22:28:56,210] Trial 77 pruned. 
[I 2026-03-18 22:28:57,751] Trial 93 pruned. 
[I 2026-03-18 22:28:59,729] Trial 71 pruned. 
[I 2026-03-18 22:29:02,811] Trial 94 pruned. 

Source events: 3403
Target events: 20158
Full model ln_yyx : 205.60342 nats/sec, 9.17963 nats/event
Full model Log loss : -1.44338
Full model ln_yyx : 204.69103 nats/sec, 9.13890 nats/event
Full model Log loss : -1.45624
Full model ln_yyx : 203.61027 nats/sec, 9.09065 nats/event
Full model Log loss : -1.45493
Full model ln_yyx : 202.96877 nats/sec, 9.06200 nats/event
Full model Log loss : -1.43244
Full model ln_yyx : 199.36570 nats/sec, 8.90114 nats/event
Full model Log loss : -1.39290
Full model ln_yyx : 199.15471 nats/sec, 8.89172 nats/event
Full model Log loss : -1.45055
Full model ln_yyx : 202.91945 nats/sec, 9.05980 nats/event
Full model Log loss : -1.46020
Full model ln_yyx : 200.42368 nats/sec, 8.94837 nats/event
Full model Log loss : -1.40812
Full model ln_yyx : 204.23446 nats/sec, 9.11851 nats/event
Full model Log loss : -1.44736
Full model ln_yyx : 206.35112 nats/sec, 9.21302 nats/event
Full model Log loss : -1.45362
Full model ln_yyx : 202.47860 nats/sec, 9.04012 nats/event
Full model Log loss : -1.44378
Full model ln_yyx : 200.49849 nats/sec, 8.95171 nats/event
Full model Log loss : -1.45131
Full model ln_yyx : 201.40655 nats/sec, 8.99226 nats/event
Full model Log loss : -1.43847
Full model ln_yyx : 202.70786 nats/sec, 9.05036 nats/event
Full model Log loss : -1.37420
Full model ln_yyx : 204.96121 nats/sec, 9.15096 nats/event
Full model Log loss : -1.45139
Optimization finished. Config saved to results/opt-full/opt_full_249_best_config.txt
[I 2026-03-18 22:29:06,831] Trial 73 finished with value: -1.3895217191256009 and parameters: {'n_layers_yyx': 2, 'hidden_size_yyx_l0': 3, 'hidden_size_yyx_l1': 4, 'context_size_yyx': 1, 'num_mix_components_yyx': 3, 'context_extractor_yyx': 'lstm', 'activation_func_yyx': 'ReLU', 'L2_weight_yyx': 4.397766975880996e-05, 'L_entropy_weight_yyx': 1.3903833995827914e-05, 'L_sep_weight_yyx': 2.7687078071762944e-07, 'L_scale_weight_yyx': 2.5842159724550915e-10, 'learning_rate_yyx': 0.004654134072620945}. Best is trial 63 with value: -1.4621721942608172.
[I 2026-03-18 22:29:07,480] Trial 83 pruned. 
[I 2026-03-18 22:29:09,580] Trial 74 pruned. 
[I 2026-03-18 22:29:13,829] Trial 76 finished with value: -1.4553011850210336 and parameters: {'n_layers_yyx': 1, 'hidden_size_yyx_l0': 4, 'context_size_yyx': 4, 'num_mix_components_yyx': 5, 'context_extractor_yyx': 'lstm', 'activation_func_yyx': 'Tanh', 'L2_weight_yyx': 0.00011945412433173371, 'L_entropy_weight_yyx': 2.432209282247163e-09, 'L_sep_weight_yyx': 3.744293203447496e-08, 'L_scale_weight_yyx': 1.0817588285470839e-09, 'learning_rate_yyx': 0.008247061382541583}. Best is trial 29 with value: -1.4683670278695913.
[I 2026-03-18 22:29:14,645] Trial 75 pruned. 
[I 2026-03-18 22:29:16,035] Trial 77 pruned. 
[I 2026-03-18 22:29:16,916] Trial 78 finished with value: -1.4575289682241586 and parameters: {'n_layers_yyx': 1, 'hidden_size_yyx_l0': 6, 'context_size_yyx': 4, 'num_mix_components_yyx': 5, 'context_extractor_yyx': 'lstm', 'activation_func_yyx': 'Tanh', 'L2_weight_yyx': 6.404720173650351e-07, 'L_entropy_weight_yyx': 3.2576411749890056e-08, 'L_sep_weight_yyx': 3.7186024330882287e-06, 'L_scale_weight_yyx': 8.183283717976983e-08, 'learning_rate_yyx': 0.008412122477718652}. Best is trial 19 with value: -1.4628589806189904.
[I 2026-03-18 22:29:17,008] Trial 76 pruned. 
[I 2026-03-18 22:29:18,728] Trial 82 finished with value: -1.45536135160006 and parameters: {'n_layers_yyx': 2, 'hidden_size_yyx_l0': 6, 'hidden_size_yyx_l1': 3, 'context_size_yyx': 4, 'num_mix_components_yyx': 4, 'context_extractor_yyx': 'lstm', 'activation_func_yyx': 'Tanh', 'L2_weight_yyx': 1.1387222013196644e-09, 'L_entropy_weight_yyx': 1.1329958931620865e-08, 'L_sep_weight_yyx': 0.000149158109727663, 'L_scale_weight_yyx': 0.0004030254921369262, 'learning_rate_yyx': 0.007993511056773255}. Best is trial 49 with value: -1.4726762272761418.
[I 2026-03-18 22:29:20,933] Trial 42 finished with value: -2.4929611110165277 and parameters: {'n_layers_yyx': 1, 'hidden_size_yyx_l0': 6, 'context_size_yyx': 4, 'num_mix_components_yyx': 5, 'context_extractor_yyx': 'gru', 'activation_func_yyx': 'GELU', 'L2_weight_yyx': 9.13288183847648e-10, 'L_entropy_weight_yyx': 5.529797616664988e-06, 'L_sep_weight_yyx': 3.6375368314989583e-10, 'L_scale_weight_yyx': 7.342389568875523e-08, 'learning_rate_yyx': 0.00835660622267147}. Best is trial 35 with value: -2.497237209565205.
[I 2026-03-18 22:29:22,151] Trial 79 pruned. 
[I 2026-03-18 22:29:22,154] Trial 54 finished with value: -1.4451107788085937 and parameters: {'n_layers_yyx': 2, 'hidden_size_yyx_l0': 3, 'hidden_size_yyx_l1': 4, 'context_size_yyx': 4, 'num_mix_components_yyx': 5, 'context_extractor_yyx': 'gru', 'activation_func_yyx': 'Tanh', 'L2_weight_yyx': 7.728821810881505e-07, 'L_entropy_weight_yyx': 0.00012624763579826347, 'L_sep_weight_yyx': 3.480042009702761e-09, 'L_scale_weight_yyx': 9.776263316856803e-08, 'learning_rate_yyx': 0.00785901288836546}. Best is trial 45 with value: -1.4586368032602164.
[I 2026-03-18 22:29:23,184] Trial 67 finished with value: -2.454583679475396 and parameters: {'n_layers_yyx': 1, 'hidden_size_yyx_l0': 6, 'context_size_yyx': 4, 'num_mix_components_yyx': 3, 'context_extractor_yyx': 'gru', 'activation_func_yyx': 'Tanh', 'L2_weight_yyx': 8.548312078998836e-10, 'L_entropy_weight_yyx': 4.601615150915912e-08, 'L_sep_weight_yyx': 1.1622929858654979e-05, 'L_scale_weight_yyx': 6.24396098272653e-07, 'learning_rate_yyx': 0.005697727534233445}. Best is trial 46 with value: -2.4875562296733595.
[I 2026-03-18 22:29:24,439] Trial 80 pruned. 
[I 2026-03-18 22:29:26,492] Trial 84 finished with value: -1.5801074072135302 and parameters: {'n_layers_yyx': 2, 'hidden_size_yyx_l0': 5, 'hidden_size_yyx_l1': 5, 'context_size_yyx': 2, 'num_mix_components_yyx': 5, 'context_extractor_yyx': 'gru', 'activation_func_yyx': 'Tanh', 'L2_weight_yyx': 7.794646810879083e-10, 'L_entropy_weight_yyx': 2.963677201821157e-10, 'L_sep_weight_yyx': 2.9364790380275256e-07, 'L_scale_weight_yyx': 0.00013575005180943984, 'learning_rate_yyx': 0.009533545258328571}. Best is trial 81 with value: -1.5962556995106763.

Source events: 3403
Target events: 1783
Full model ln_yyx : 18.50416 nats/sec, 9.34029 nats/event
Full model Log loss : -1.57920
Full model ln_yyx : 18.67049 nats/sec, 9.42425 nats/event
Full model Log loss : -1.57061
Full model ln_yyx : 18.30975 nats/sec, 9.24216 nats/event
Full model Log loss : -1.57707
Full model ln_yyx : 18.51278 nats/sec, 9.34465 nats/event
Full model Log loss : -1.56966
Full model ln_yyx : 18.25399 nats/sec, 9.21402 nats/event
Full model Log loss : -1.56336
Full model ln_yyx : 18.63104 nats/sec, 9.40434 nats/event
Full model Log loss : -1.58070
Full model ln_yyx : 18.37860 nats/sec, 9.27691 nats/event
Full model Log loss : -1.57366
Full model ln_yyx : 17.87216 nats/sec, 9.02128 nats/event
Full model Log loss : -1.53409
Full model ln_yyx : 18.43075 nats/sec, 9.30324 nats/event
Full model Log loss : -1.56678
Full model ln_yyx : 18.19845 nats/sec, 9.18598 nats/event
Full model Log loss : -1.56257
Full model ln_yyx : 18.48834 nats/sec, 9.33231 nats/event
Full model Log loss : -1.58754
Full model ln_yyx : 18.62061 nats/sec, 9.39907 nats/event
Full model Log loss : -1.57102
Full model ln_yyx : 18.52528 nats/sec, 9.35096 nats/event
Full model Log loss : -1.58100
Full model ln_yyx : 18.80741 nats/sec, 9.49336 nats/event
Full model Log loss : -1.59626
Full model ln_yyx : 18.42559 nats/sec, 9.30063 nats/event
Full model Log loss : -1.58011
Optimization finished. Config saved to results/opt-full/opt_full_241_best_config.txt
[I 2026-03-18 22:29:27,080] Trial 78 pruned. 
[I 2026-03-18 22:29:29,104] Trial 68 pruned. 
[I 2026-03-18 22:29:29,172] Trial 81 pruned. 

Source events: 3403
Target events: 20315
Full model ln_yyx : 204.06756 nats/sec, 9.04065 nats/event
Full model Log loss : -1.44662
Full model ln_yyx : 203.05971 nats/sec, 8.99600 nats/event
Full model Log loss : -1.44185
Full model ln_yyx : 203.68499 nats/sec, 9.02370 nats/event
Full model Log loss : -1.43873
Full model ln_yyx : 197.74981 nats/sec, 8.76076 nats/event
Full model Log loss : -1.35503
Full model ln_yyx : 202.53801 nats/sec, 8.97289 nats/event
Full model Log loss : -1.43642
Full model ln_yyx : 205.03917 nats/sec, 9.08369 nats/event
Full model Log loss : -1.44764
Full model ln_yyx : 205.66476 nats/sec, 9.11141 nats/event
Full model Log loss : -1.44719
Full model ln_yyx : 193.38500 nats/sec, 8.56739 nats/event
Full model Log loss : -1.32600
Full model ln_yyx : 205.49031 nats/sec, 9.10368 nats/event
Full model Log loss : -1.45651
Full model ln_yyx : 200.04291 nats/sec, 8.86235 nats/event
Full model Log loss : -1.40718
Full model ln_yyx : 205.28155 nats/sec, 9.09443 nats/event
Full model Log loss : -1.45174
Full model ln_yyx : 207.21334 nats/sec, 9.18002 nats/event
Full model Log loss : -1.45753
Optimization finished. Config saved to results/opt-full/opt_full_242_best_config.txt
[I 2026-03-18 22:29:30,900] Trial 79 pruned. 
[I 2026-03-18 22:29:32,170] Trial 35 finished with value: -2.4757675012008824 and parameters: {'n_layers_yyx': 1, 'hidden_size_yyx_l0': 5, 'context_size_yyx': 4, 'num_mix_components_yyx': 2, 'context_extractor_yyx': 'gru', 'activation_func_yyx': 'ReLU', 'L2_weight_yyx': 5.634993276320586e-06, 'L_entropy_weight_yyx': 1.1080504864973794e-07, 'L_sep_weight_yyx': 2.5982392699438674e-06, 'L_scale_weight_yyx': 6.381372804977655e-09, 'learning_rate_yyx': 0.007541929443649097}. Best is trial 34 with value: -2.477771523391826.
[I 2026-03-18 22:29:33,834] Trial 43 pruned. 
[I 2026-03-18 22:29:36,436] Trial 83 finished with value: -1.4531894625150241 and parameters: {'n_layers_yyx': 2, 'hidden_size_yyx_l0': 6, 'hidden_size_yyx_l1': 3, 'context_size_yyx': 4, 'num_mix_components_yyx': 4, 'context_extractor_yyx': 'lstm', 'activation_func_yyx': 'Tanh', 'L2_weight_yyx': 1.2630414113839547e-09, 'L_entropy_weight_yyx': 1.2356426829451455e-08, 'L_sep_weight_yyx': 0.0001606204708077629, 'L_scale_weight_yyx': 0.00015469284207389792, 'learning_rate_yyx': 0.009017282657403331}. Best is trial 49 with value: -1.4726762272761418.
[I 2026-03-18 22:29:39,292] Trial 72 pruned. 
[I 2026-03-18 22:29:40,406] Trial 80 pruned. 
[I 2026-03-18 22:29:42,213] Trial 81 pruned. 
[I 2026-03-18 22:29:43,852] Trial 55 finished with value: -1.4550770686222956 and parameters: {'n_layers_yyx': 2, 'hidden_size_yyx_l0': 3, 'hidden_size_yyx_l1': 4, 'context_size_yyx': 4, 'num_mix_components_yyx': 5, 'context_extractor_yyx': 'gru', 'activation_func_yyx': 'Tanh', 'L2_weight_yyx': 1.8534199231283353e-07, 'L_entropy_weight_yyx': 4.833951025453536e-05, 'L_sep_weight_yyx': 1.1365977918439936e-08, 'L_scale_weight_yyx': 1.0041553153475775e-08, 'learning_rate_yyx': 0.008504540384758908}. Best is trial 45 with value: -1.4586368032602164.
[I 2026-03-18 22:29:45,630] Trial 44 pruned. 
[I 2026-03-18 22:29:46,136] Trial 36 pruned. 
[I 2026-03-18 22:29:50,770] Trial 45 pruned. 
[I 2026-03-18 22:29:52,492] Trial 77 finished with value: -1.4526081026517428 and parameters: {'n_layers_yyx': 2, 'hidden_size_yyx_l0': 4, 'hidden_size_yyx_l1': 4, 'context_size_yyx': 1, 'num_mix_components_yyx': 3, 'context_extractor_yyx': 'lstm', 'activation_func_yyx': 'GELU', 'L2_weight_yyx': 1.7340666713650037e-05, 'L_entropy_weight_yyx': 4.5781416498670806e-06, 'L_sep_weight_yyx': 1.8970770073347848e-06, 'L_scale_weight_yyx': 7.386637044286795e-07, 'learning_rate_yyx': 0.006219892683210151}. Best is trial 63 with value: -1.4621721942608172.
[I 2026-03-18 22:29:53,525] Trial 84 finished with value: -1.4523145235501802 and parameters: {'n_layers_yyx': 2, 'hidden_size_yyx_l0': 6, 'hidden_size_yyx_l1': 3, 'context_size_yyx': 4, 'num_mix_components_yyx': 4, 'context_extractor_yyx': 'lstm', 'activation_func_yyx': 'Tanh', 'L2_weight_yyx': 1.3203434911702828e-09, 'L_entropy_weight_yyx': 1.7290218843016983e-08, 'L_sep_weight_yyx': 0.0001232376158588985, 'L_scale_weight_yyx': 0.0004241884953106141, 'learning_rate_yyx': 0.00899039210214727}. Best is trial 49 with value: -1.4726762272761418.
[I 2026-03-18 22:29:54,789] Trial 78 pruned. 
[I 2026-03-18 22:29:57,109] Trial 79 pruned. 
[I 2026-03-18 22:29:59,203] Trial 80 pruned. 
[I 2026-03-18 22:30:00,794] Trial 82 finished with value: -1.4628918691781851 and parameters: {'n_layers_yyx': 1, 'hidden_size_yyx_l0': 4, 'context_size_yyx': 4, 'num_mix_components_yyx': 5, 'context_extractor_yyx': 'lstm', 'activation_func_yyx': 'Tanh', 'L2_weight_yyx': 4.7566341267276765e-05, 'L_entropy_weight_yyx': 1.3609163394624178e-08, 'L_sep_weight_yyx': 1.5694355882011354e-08, 'L_scale_weight_yyx': 1.7083423658008928e-09, 'learning_rate_yyx': 0.009174101768787213}. Best is trial 29 with value: -1.4683670278695913.
[I 2026-03-18 22:30:01,493] Trial 81 pruned. 
[I 2026-03-18 22:30:02,320] Trial 46 pruned. 
[I 2026-03-18 22:30:03,708] Trial 56 finished with value: -1.4388630089393029 and parameters: {'n_layers_yyx': 2, 'hidden_size_yyx_l0': 3, 'hidden_size_yyx_l1': 4, 'context_size_yyx': 4, 'num_mix_components_yyx': 5, 'context_extractor_yyx': 'gru', 'activation_func_yyx': 'Tanh', 'L2_weight_yyx': 1.6207322744536603e-07, 'L_entropy_weight_yyx': 4.363282233825335e-05, 'L_sep_weight_yyx': 8.525106993026008e-09, 'L_scale_weight_yyx': 6.238990854213619e-09, 'learning_rate_yyx': 0.009911209394557434}. Best is trial 45 with value: -1.4586368032602164.
[I 2026-03-18 22:30:04,381] Trial 69 pruned. 
[I 2026-03-18 22:30:05,724] Trial 82 pruned. 
[I 2026-03-18 22:30:07,781] Trial 47 pruned. 
[I 2026-03-18 22:30:07,952] Trial 83 pruned. 

Source events: 3403
Target events: 32635
Full model ln_yyx : 326.05134 nats/sec, 8.99176 nats/event
Full model Log loss : -1.43898
Full model ln_yyx : 327.13324 nats/sec, 9.02160 nats/event
Full model Log loss : -1.43669
Full model ln_yyx : 321.12359 nats/sec, 8.85587 nats/event
Full model Log loss : -1.40391
Full model ln_yyx : 328.09921 nats/sec, 9.04824 nats/event
Full model Log loss : -1.45648
Full model ln_yyx : 328.46046 nats/sec, 9.05820 nats/event
Full model Log loss : -1.45913
Full model ln_yyx : 329.91351 nats/sec, 9.09827 nats/event
Full model Log loss : -1.46217
Full model ln_yyx : 326.87751 nats/sec, 9.01455 nats/event
Full model Log loss : -1.44028
Full model ln_yyx : 320.20356 nats/sec, 8.83050 nats/event
Full model Log loss : -1.38952
Full model ln_yyx : 329.21246 nats/sec, 9.07894 nats/event
Full model Log loss : -1.45261
Optimization finished. Config saved to results/opt-full/opt_full_247_best_config.txt
[I 2026-03-18 22:30:10,221] Trial 70 pruned. 
[I 2026-03-18 22:30:13,619] Trial 57 pruned. 
[I 2026-03-18 22:30:15,191] Trial 85 finished with value: -1.4532755220853366 and parameters: {'n_layers_yyx': 2, 'hidden_size_yyx_l0': 6, 'hidden_size_yyx_l1': 3, 'context_size_yyx': 4, 'num_mix_components_yyx': 4, 'context_extractor_yyx': 'lstm', 'activation_func_yyx': 'Tanh', 'L2_weight_yyx': 2.148643467307661e-09, 'L_entropy_weight_yyx': 1.0884654726958182e-08, 'L_sep_weight_yyx': 6.843314900262717e-05, 'L_scale_weight_yyx': 0.0007743857918052129, 'learning_rate_yyx': 0.006511328157577656}. Best is trial 49 with value: -1.4726762272761418.

Source events: 3403
Target events: 54211
Full model ln_yyx : 550.20639 nats/sec, 9.13441 nats/event
Full model Log loss : -1.43156
Full model ln_yyx : 541.18174 nats/sec, 8.98459 nats/event
Full model Log loss : -1.41814
Full model ln_yyx : 543.41980 nats/sec, 9.02175 nats/event
Full model Log loss : -1.43398
Full model ln_yyx : 549.80477 nats/sec, 9.12775 nats/event
Full model Log loss : -1.45105
Full model ln_yyx : 550.93530 nats/sec, 9.14652 nats/event
Full model Log loss : -1.45391
Full model ln_yyx : 552.06490 nats/sec, 9.16527 nats/event
Full model Log loss : -1.45402
Full model ln_yyx : 548.51499 nats/sec, 9.10633 nats/event
Full model Log loss : -1.46102
Full model ln_yyx : 549.53656 nats/sec, 9.12329 nats/event
Full model Log loss : -1.47268
Full model ln_yyx : 547.21365 nats/sec, 9.08473 nats/event
Full model Log loss : -1.45771
Full model ln_yyx : 550.31064 nats/sec, 9.13615 nats/event
Full model Log loss : -1.46137
Full model ln_yyx : 546.55889 nats/sec, 9.07386 nats/event
Full model Log loss : -1.44338
Full model ln_yyx : 531.47097 nats/sec, 8.82337 nats/event
Full model Log loss : -1.41637
Full model ln_yyx : 545.37577 nats/sec, 9.05422 nats/event
Full model Log loss : -1.44662
Full model ln_yyx : 550.60122 nats/sec, 9.14097 nats/event
Full model Log loss : -1.45385
Full model ln_yyx : 552.88215 nats/sec, 9.17884 nats/event
Full model Log loss : -1.45536
Full model ln_yyx : 550.79069 nats/sec, 9.14412 nats/event
Full model Log loss : -1.45319
Full model ln_yyx : 550.51824 nats/sec, 9.13959 nats/event
Full model Log loss : -1.45231
Full model ln_yyx : 549.46572 nats/sec, 9.12212 nats/event
Full model Log loss : -1.45328
Optimization finished. Config saved to results/opt-full/opt_full_244_best_config.txt
[I 2026-03-18 22:30:15,652] Trial 71 pruned. 
[I 2026-03-18 22:30:15,730] Trial 73 pruned. 
[I 2026-03-18 22:30:19,235] Trial 83 finished with value: -1.463613750751202 and parameters: {'n_layers_yyx': 1, 'hidden_size_yyx_l0': 4, 'context_size_yyx': 4, 'num_mix_components_yyx': 5, 'context_extractor_yyx': 'lstm', 'activation_func_yyx': 'Tanh', 'L2_weight_yyx': 2.3208263120223155e-05, 'L_entropy_weight_yyx': 3.667933600028889e-08, 'L_sep_weight_yyx': 1.2417670922076941e-08, 'L_scale_weight_yyx': 1.0170807478764698e-09, 'learning_rate_yyx': 0.008497017015792679}. Best is trial 29 with value: -1.4683670278695913.
[I 2026-03-18 22:30:19,287] Trial 48 pruned. 
[I 2026-03-18 22:30:20,804] Trial 84 pruned. 
[I 2026-03-18 22:30:22,470] Trial 85 pruned. 
[I 2026-03-18 22:30:24,116] Trial 86 pruned. 

Source events: 3403
Target events: 5634
Full model ln_yyx : 55.69511 nats/sec, 8.89698 nats/event
Full model Log loss : -1.42198
Full model ln_yyx : 56.66736 nats/sec, 9.05229 nats/event
Full model Log loss : -1.45572
Full model ln_yyx : 56.36076 nats/sec, 9.00332 nats/event
Full model Log loss : -1.45097
Full model ln_yyx : 57.30369 nats/sec, 9.15394 nats/event
Full model Log loss : -1.45647
Full model ln_yyx : 56.98498 nats/sec, 9.10303 nats/event
Full model Log loss : -1.45785
Full model ln_yyx : 56.84066 nats/sec, 9.07998 nats/event
Full model Log loss : -1.46001
Full model ln_yyx : 56.33950 nats/sec, 8.99992 nats/event
Full model Log loss : -1.45004
Full model ln_yyx : 55.91400 nats/sec, 8.93195 nats/event
Full model Log loss : -1.41111
Full model ln_yyx : 56.74756 nats/sec, 9.06510 nats/event
Full model Log loss : -1.45006
Full model ln_yyx : 56.48966 nats/sec, 9.02391 nats/event
Full model Log loss : -1.44840
Full model ln_yyx : 56.70654 nats/sec, 9.05855 nats/event
Full model Log loss : -1.45460
Full model ln_yyx : 57.43955 nats/sec, 9.17565 nats/event
Full model Log loss : -1.45673
Full model ln_yyx : 56.59713 nats/sec, 9.04107 nats/event
Full model Log loss : -1.43575
Full model ln_yyx : 57.61908 nats/sec, 9.20433 nats/event
Full model Log loss : -1.46311
Full model ln_yyx : 57.63884 nats/sec, 9.20748 nats/event
Full model Log loss : -1.46461
Full model ln_yyx : 57.83144 nats/sec, 9.23825 nats/event
Full model Log loss : -1.46538
Full model ln_yyx : 57.13805 nats/sec, 9.12748 nats/event
Full model Log loss : -1.45530
Full model ln_yyx : 57.74336 nats/sec, 9.22418 nats/event
Full model Log loss : -1.46289
Full model ln_yyx : 57.69079 nats/sec, 9.21578 nats/event
Full model Log loss : -1.46361
Optimization finished. Config saved to results/opt-full/opt_full_245_best_config.txt
[I 2026-03-18 22:30:30,089] Trial 49 pruned. 
[I 2026-03-18 22:30:31,234] Trial 58 finished with value: -1.4450364567683294 and parameters: {'n_layers_yyx': 2, 'hidden_size_yyx_l0': 3, 'hidden_size_yyx_l1': 4, 'context_size_yyx': 4, 'num_mix_components_yyx': 5, 'context_extractor_yyx': 'gru', 'activation_func_yyx': 'Tanh', 'L2_weight_yyx': 1.7985747111143826e-06, 'L_entropy_weight_yyx': 7.387437474176162e-05, 'L_sep_weight_yyx': 8.537250801142311e-10, 'L_scale_weight_yyx': 2.2895813936237542e-09, 'learning_rate_yyx': 0.00891667349771191}. Best is trial 45 with value: -1.4586368032602164.
[I 2026-03-18 22:30:39,575] Trial 37 finished with value: -2.4767462491063403 and parameters: {'n_layers_yyx': 1, 'hidden_size_yyx_l0': 5, 'context_size_yyx': 4, 'num_mix_components_yyx': 1, 'context_extractor_yyx': 'gru', 'activation_func_yyx': 'ReLU', 'L2_weight_yyx': 4.872780704724365e-05, 'L_entropy_weight_yyx': 2.5736846392128774e-07, 'L_sep_weight_yyx': 1.5678794629536764e-07, 'L_scale_weight_yyx': 1.5110566432429195e-08, 'learning_rate_yyx': 0.0076886171956735755}. Best is trial 34 with value: -2.477771523391826.
[I 2026-03-18 22:30:44,961] Trial 59 finished with value: -1.4605118267352764 and parameters: {'n_layers_yyx': 2, 'hidden_size_yyx_l0': 4, 'hidden_size_yyx_l1': 4, 'context_size_yyx': 4, 'num_mix_components_yyx': 5, 'context_extractor_yyx': 'gru', 'activation_func_yyx': 'Tanh', 'L2_weight_yyx': 1.8315193618037972e-06, 'L_entropy_weight_yyx': 6.837383811088574e-06, 'L_sep_weight_yyx': 4.22615132397347e-08, 'L_scale_weight_yyx': 1.527776595336246e-09, 'learning_rate_yyx': 0.008917282212436055}. Best is trial 59 with value: -1.4605118267352764.
[I 2026-03-18 22:30:50,579] Trial 74 finished with value: -2.474349366950352 and parameters: {'n_layers_yyx': 2, 'hidden_size_yyx_l0': 6, 'hidden_size_yyx_l1': 6, 'context_size_yyx': 4, 'num_mix_components_yyx': 3, 'context_extractor_yyx': 'gru', 'activation_func_yyx': 'ReLU', 'L2_weight_yyx': 5.827847122079826e-07, 'L_entropy_weight_yyx': 2.1025771767238686e-07, 'L_sep_weight_yyx': 5.427586844720423e-07, 'L_scale_weight_yyx': 0.00031575529070404756, 'learning_rate_yyx': 0.009305862579122503}. Best is trial 25 with value: -2.4764732316599813.
[I 2026-03-18 22:30:55,109] Trial 72 finished with value: -2.48396720782664 and parameters: {'n_layers_yyx': 1, 'hidden_size_yyx_l0': 6, 'context_size_yyx': 4, 'num_mix_components_yyx': 5, 'context_extractor_yyx': 'gru', 'activation_func_yyx': 'ReLU', 'L2_weight_yyx': 1.1092303508523442e-05, 'L_entropy_weight_yyx': 0.0002381170697226492, 'L_sep_weight_yyx': 3.34947721581731e-05, 'L_scale_weight_yyx': 1.60965672726329e-07, 'learning_rate_yyx': 0.008432886020670851}. Best is trial 46 with value: -2.4875562296733595.
[I 2026-03-18 22:30:57,823] Trial 60 finished with value: -1.4616529259314903 and parameters: {'n_layers_yyx': 2, 'hidden_size_yyx_l0': 4, 'hidden_size_yyx_l1': 4, 'context_size_yyx': 4, 'num_mix_components_yyx': 5, 'context_extractor_yyx': 'gru', 'activation_func_yyx': 'Tanh', 'L2_weight_yyx': 5.31993452556226e-07, 'L_entropy_weight_yyx': 7.135846192312663e-06, 'L_sep_weight_yyx': 6.412809882312647e-10, 'L_scale_weight_yyx': 1.0471017572875642e-09, 'learning_rate_yyx': 0.009204500358072614}. Best is trial 60 with value: -1.4616529259314903.
[I 2026-03-18 22:31:10,261] Trial 61 finished with value: -1.4472889122596153 and parameters: {'n_layers_yyx': 2, 'hidden_size_yyx_l0': 5, 'hidden_size_yyx_l1': 3, 'context_size_yyx': 4, 'num_mix_components_yyx': 5, 'context_extractor_yyx': 'lstm', 'activation_func_yyx': 'Tanh', 'L2_weight_yyx': 4.7225885455378415e-07, 'L_entropy_weight_yyx': 8.773266578288971e-06, 'L_sep_weight_yyx': 1.466372241899929e-08, 'L_scale_weight_yyx': 7.577077330078172e-10, 'learning_rate_yyx': 0.006636890184821946}. Best is trial 60 with value: -1.4616529259314903.
[I 2026-03-18 22:31:11,868] Trial 62 pruned. 
[I 2026-03-18 22:31:15,452] Trial 63 pruned. 
[I 2026-03-18 22:31:17,186] Trial 64 pruned. 
[I 2026-03-18 22:31:23,960] Trial 75 pruned. 
[I 2026-03-18 22:31:27,213] Trial 73 pruned. 
[I 2026-03-18 22:31:27,747] Trial 50 finished with value: -2.4915405001235302 and parameters: {'n_layers_yyx': 1, 'hidden_size_yyx_l0': 4, 'context_size_yyx': 3, 'num_mix_components_yyx': 5, 'context_extractor_yyx': 'gru', 'activation_func_yyx': 'GELU', 'L2_weight_yyx': 3.2178823695185417e-06, 'L_entropy_weight_yyx': 5.773157257871397e-07, 'L_sep_weight_yyx': 1.0192735871804024e-08, 'L_scale_weight_yyx': 1.4679791560292755e-06, 'learning_rate_yyx': 0.004030621877849438}. Best is trial 35 with value: -2.497237209565205.
[I 2026-03-18 22:31:29,233] Trial 76 pruned. 
[I 2026-03-18 22:31:29,989] Trial 38 finished with value: -2.476434736591828 and parameters: {'n_layers_yyx': 1, 'hidden_size_yyx_l0': 5, 'context_size_yyx': 4, 'num_mix_components_yyx': 1, 'context_extractor_yyx': 'gru', 'activation_func_yyx': 'ReLU', 'L2_weight_yyx': 7.093430577317992e-05, 'L_entropy_weight_yyx': 4.016986278877499e-08, 'L_sep_weight_yyx': 0.0003223961203618213, 'L_scale_weight_yyx': 1.0988712952251917e-08, 'learning_rate_yyx': 0.007077069226265149}. Best is trial 34 with value: -2.477771523391826.
[I 2026-03-18 22:31:36,978] Trial 65 finished with value: -1.415193105844351 and parameters: {'n_layers_yyx': 2, 'hidden_size_yyx_l0': 4, 'hidden_size_yyx_l1': 3, 'context_size_yyx': 4, 'num_mix_components_yyx': 4, 'context_extractor_yyx': 'lstm', 'activation_func_yyx': 'Tanh', 'L2_weight_yyx': 1.800906607646915e-06, 'L_entropy_weight_yyx': 8.85078273919037e-06, 'L_sep_weight_yyx': 1.979893699856884e-10, 'L_scale_weight_yyx': 2.742599164340123e-10, 'learning_rate_yyx': 0.007258131431182184}. Best is trial 60 with value: -1.4616529259314903.
[I 2026-03-18 22:31:38,729] Trial 51 pruned. 
[I 2026-03-18 22:31:39,412] Trial 74 pruned. 
[I 2026-03-18 22:31:40,255] Trial 66 pruned. 
[I 2026-03-18 22:31:42,482] Trial 39 pruned. 
[I 2026-03-18 22:31:49,603] Trial 52 pruned. 
[I 2026-03-18 22:31:51,307] Trial 75 pruned. 
[I 2026-03-18 22:31:52,900] Trial 67 finished with value: -1.4490064885066105 and parameters: {'n_layers_yyx': 2, 'hidden_size_yyx_l0': 5, 'hidden_size_yyx_l1': 4, 'context_size_yyx': 4, 'num_mix_components_yyx': 5, 'context_extractor_yyx': 'gru', 'activation_func_yyx': 'Tanh', 'L2_weight_yyx': 1.1899381165525013e-07, 'L_entropy_weight_yyx': 5.738607901686454e-06, 'L_sep_weight_yyx': 9.443049416448067e-10, 'L_scale_weight_yyx': 1.284815199391832e-09, 'learning_rate_yyx': 0.008987847102077146}. Best is trial 60 with value: -1.4616529259314903.
[I 2026-03-18 22:31:55,909] Trial 77 finished with value: -2.448277700179869 and parameters: {'n_layers_yyx': 2, 'hidden_size_yyx_l0': 6, 'hidden_size_yyx_l1': 6, 'context_size_yyx': 4, 'num_mix_components_yyx': 2, 'context_extractor_yyx': 'gru', 'activation_func_yyx': 'ReLU', 'L2_weight_yyx': 1.3694921730614712e-08, 'L_entropy_weight_yyx': 0.00021553367557161908, 'L_sep_weight_yyx': 1.8436047126761747e-07, 'L_scale_weight_yyx': 3.2670006990801336e-07, 'learning_rate_yyx': 0.008044384603133123}. Best is trial 25 with value: -2.4764732316599813.
[I 2026-03-18 22:32:01,271] Trial 78 pruned. 
[I 2026-03-18 22:32:03,363] Trial 76 pruned. 
[I 2026-03-18 22:32:06,370] Trial 68 finished with value: -1.4247083693284255 and parameters: {'n_layers_yyx': 2, 'hidden_size_yyx_l0': 5, 'hidden_size_yyx_l1': 4, 'context_size_yyx': 4, 'num_mix_components_yyx': 4, 'context_extractor_yyx': 'gru', 'activation_func_yyx': 'Tanh', 'L2_weight_yyx': 3.713031635931808e-08, 'L_entropy_weight_yyx': 2.1489434331224934e-06, 'L_sep_weight_yyx': 7.638814789403055e-10, 'L_scale_weight_yyx': 2.2385427429256311e-10, 'learning_rate_yyx': 0.008914565962872888}. Best is trial 60 with value: -1.4616529259314903.
[I 2026-03-18 22:32:08,122] Trial 69 pruned. 
[I 2026-03-18 22:32:13,552] Trial 79 pruned. 
[I 2026-03-18 22:32:15,554] Trial 40 pruned. 
[I 2026-03-18 22:32:16,518] Trial 70 pruned. 
[I 2026-03-18 22:32:19,867] Trial 71 pruned. 
[I 2026-03-18 22:32:27,689] Trial 41 pruned. 
[I 2026-03-18 22:32:34,130] Trial 72 finished with value: -1.452953866811899 and parameters: {'n_layers_yyx': 2, 'hidden_size_yyx_l0': 5, 'hidden_size_yyx_l1': 4, 'context_size_yyx': 4, 'num_mix_components_yyx': 5, 'context_extractor_yyx': 'gru', 'activation_func_yyx': 'Tanh', 'L2_weight_yyx': 5.568989294979946e-07, 'L_entropy_weight_yyx': 4.0718866152932274e-05, 'L_sep_weight_yyx': 1.2889116660808553e-09, 'L_scale_weight_yyx': 1.173793599593662e-09, 'learning_rate_yyx': 0.007461910641272064}. Best is trial 60 with value: -1.4616529259314903.
[I 2026-03-18 22:32:35,382] Trial 77 pruned. 
[I 2026-03-18 22:32:40,402] Trial 78 pruned. 
[I 2026-03-18 22:32:40,586] Trial 53 finished with value: -2.4934030560289124 and parameters: {'n_layers_yyx': 1, 'hidden_size_yyx_l0': 6, 'context_size_yyx': 4, 'num_mix_components_yyx': 5, 'context_extractor_yyx': 'gru', 'activation_func_yyx': 'GELU', 'L2_weight_yyx': 3.4525769947019425e-09, 'L_entropy_weight_yyx': 0.00015469394423743639, 'L_sep_weight_yyx': 6.847466606529752e-10, 'L_scale_weight_yyx': 4.5382571470700527e-07, 'learning_rate_yyx': 0.006643438822865415}. Best is trial 35 with value: -2.497237209565205.
[I 2026-03-18 22:32:47,310] Trial 80 pruned. 
[I 2026-03-18 22:32:48,855] Trial 73 finished with value: -1.43968994140625 and parameters: {'n_layers_yyx': 2, 'hidden_size_yyx_l0': 5, 'hidden_size_yyx_l1': 4, 'context_size_yyx': 4, 'num_mix_components_yyx': 5, 'context_extractor_yyx': 'gru', 'activation_func_yyx': 'Tanh', 'L2_weight_yyx': 2.893277799296786e-07, 'L_entropy_weight_yyx': 3.4948423896483424e-05, 'L_sep_weight_yyx': 1.5029757988791697e-09, 'L_scale_weight_yyx': 1.2722747877472299e-09, 'learning_rate_yyx': 0.007347660372679116}. Best is trial 60 with value: -1.4616529259314903.
[I 2026-03-18 22:32:52,364] Trial 79 pruned. 
[I 2026-03-18 22:33:02,951] Trial 74 finished with value: -1.4531946270282452 and parameters: {'n_layers_yyx': 2, 'hidden_size_yyx_l0': 5, 'hidden_size_yyx_l1': 4, 'context_size_yyx': 4, 'num_mix_components_yyx': 5, 'context_extractor_yyx': 'gru', 'activation_func_yyx': 'Tanh', 'L2_weight_yyx': 7.165698980403053e-08, 'L_entropy_weight_yyx': 6.239663362667924e-06, 'L_sep_weight_yyx': 1.0693184443243297e-09, 'L_scale_weight_yyx': 3.2845134178551986e-09, 'learning_rate_yyx': 0.009450566825504273}. Best is trial 60 with value: -1.4616529259314903.
[I 2026-03-18 22:33:12,105] Trial 54 finished with value: -2.4903858555225966 and parameters: {'n_layers_yyx': 1, 'hidden_size_yyx_l0': 6, 'context_size_yyx': 4, 'num_mix_components_yyx': 5, 'context_extractor_yyx': 'gru', 'activation_func_yyx': 'GELU', 'L2_weight_yyx': 1.5213389012406705e-09, 'L_entropy_weight_yyx': 0.0006565895441489969, 'L_sep_weight_yyx': 1.7705708002847456e-09, 'L_scale_weight_yyx': 1.969927545338816e-06, 'learning_rate_yyx': 0.007737960846496671}. Best is trial 35 with value: -2.497237209565205.
[I 2026-03-18 22:33:14,752] Trial 42 finished with value: -2.475945768615529 and parameters: {'n_layers_yyx': 1, 'hidden_size_yyx_l0': 5, 'context_size_yyx': 4, 'num_mix_components_yyx': 2, 'context_extractor_yyx': 'gru', 'activation_func_yyx': 'ReLU', 'L2_weight_yyx': 4.7865153043714064e-06, 'L_entropy_weight_yyx': 1.7560540780598447e-07, 'L_sep_weight_yyx': 1.374422175796521e-07, 'L_scale_weight_yyx': 1.3721079956852213e-08, 'learning_rate_yyx': 0.008018966480705676}. Best is trial 34 with value: -2.477771523391826.
[I 2026-03-18 22:33:15,316] Trial 75 finished with value: -1.448454355093149 and parameters: {'n_layers_yyx': 2, 'hidden_size_yyx_l0': 5, 'hidden_size_yyx_l1': 4, 'context_size_yyx': 4, 'num_mix_components_yyx': 5, 'context_extractor_yyx': 'gru', 'activation_func_yyx': 'Tanh', 'L2_weight_yyx': 4.6793827544826635e-09, 'L_entropy_weight_yyx': 4.383009288469962e-06, 'L_sep_weight_yyx': 1.057017166514384e-09, 'L_scale_weight_yyx': 3.178737655600518e-09, 'learning_rate_yyx': 0.009418499000701878}. Best is trial 60 with value: -1.4616529259314903.
[I 2026-03-18 22:33:20,806] Trial 81 pruned. 
[I 2026-03-18 22:33:24,079] Trial 80 pruned. 
[I 2026-03-18 22:33:28,844] Trial 81 pruned. 
[I 2026-03-18 22:33:31,104] Trial 76 finished with value: -1.4453667273888222 and parameters: {'n_layers_yyx': 2, 'hidden_size_yyx_l0': 6, 'hidden_size_yyx_l1': 4, 'context_size_yyx': 4, 'num_mix_components_yyx': 5, 'context_extractor_yyx': 'gru', 'activation_func_yyx': 'Tanh', 'L2_weight_yyx': 7.005257531795754e-10, 'L_entropy_weight_yyx': 3.212516735396131e-06, 'L_sep_weight_yyx': 1.0633464587104362e-10, 'L_scale_weight_yyx': 3.329791492847886e-09, 'learning_rate_yyx': 0.009438334684969537}. Best is trial 60 with value: -1.4616529259314903.

Source events: 3403
Target events: 24874
Full model ln_yyx : 240.91994 nats/sec, 8.71705 nats/event
Full model Log loss : -1.35141
Full model ln_yyx : 252.42988 nats/sec, 9.13351 nats/event
Full model Log loss : -1.43449
Full model ln_yyx : 252.52877 nats/sec, 9.13709 nats/event
Full model Log loss : -1.43081
Full model ln_yyx : 244.19519 nats/sec, 8.83556 nats/event
Full model Log loss : -1.39629
Full model ln_yyx : 236.44311 nats/sec, 8.55507 nats/event
Full model Log loss : -1.29584
Full model ln_yyx : 252.14511 nats/sec, 9.12320 nats/event
Full model Log loss : -1.45864
Full model ln_yyx : 238.70412 nats/sec, 8.63688 nats/event
Full model Log loss : -1.35438
Full model ln_yyx : 250.44916 nats/sec, 9.06184 nats/event
Full model Log loss : -1.44803
Full model ln_yyx : 252.59331 nats/sec, 9.13942 nats/event
Full model Log loss : -1.43703
Full model ln_yyx : 253.02748 nats/sec, 9.15513 nats/event
Full model Log loss : -1.43962
Full model ln_yyx : 248.60645 nats/sec, 8.99517 nats/event
Full model Log loss : -1.44511
Full model ln_yyx : 251.40572 nats/sec, 9.09645 nats/event
Full model Log loss : -1.45508
Full model ln_yyx : 251.46327 nats/sec, 9.09853 nats/event
Full model Log loss : -1.43886
Full model ln_yyx : 250.49748 nats/sec, 9.06359 nats/event
Full model Log loss : -1.44504
Full model ln_yyx : 255.16275 nats/sec, 9.23239 nats/event
Full model Log loss : -1.46051
Full model ln_yyx : 253.99306 nats/sec, 9.19007 nats/event
Full model Log loss : -1.46165
Full model ln_yyx : 249.64064 nats/sec, 9.03259 nats/event
Full model Log loss : -1.44729
Full model ln_yyx : 250.13403 nats/sec, 9.05044 nats/event
Full model Log loss : -1.41519
Full model ln_yyx : 250.79316 nats/sec, 9.07429 nats/event
Full model Log loss : -1.44901
Full model ln_yyx : 246.25977 nats/sec, 8.91026 nats/event
Full model Log loss : -1.42471
Full model ln_yyx : 253.09370 nats/sec, 9.15753 nats/event
Full model Log loss : -1.45295
Full model ln_yyx : 251.46220 nats/sec, 9.09850 nats/event
Full model Log loss : -1.43969
Full model ln_yyx : 250.23074 nats/sec, 9.05394 nats/event
Full model Log loss : -1.45319
Full model ln_yyx : 251.48228 nats/sec, 9.09922 nats/event
Full model Log loss : -1.44845
Full model ln_yyx : 254.12440 nats/sec, 9.19482 nats/event
Full model Log loss : -1.44537
Optimization finished. Config saved to results/opt-full/opt_full_248_best_config.txt
[I 2026-03-18 22:33:32,851] Trial 82 pruned. 
[I 2026-03-18 22:33:45,332] Trial 83 pruned. 
[I 2026-03-18 22:33:53,467] Trial 55 finished with value: -2.492335887315813 and parameters: {'n_layers_yyx': 1, 'hidden_size_yyx_l0': 6, 'context_size_yyx': 4, 'num_mix_components_yyx': 5, 'context_extractor_yyx': 'gru', 'activation_func_yyx': 'GELU', 'L2_weight_yyx': 1.9464956964854977e-10, 'L_entropy_weight_yyx': 7.122925144432179e-05, 'L_sep_weight_yyx': 1.4843445505092684e-10, 'L_scale_weight_yyx': 6.182086972608622e-07, 'learning_rate_yyx': 0.009033719805932913}. Best is trial 35 with value: -2.497237209565205.
[I 2026-03-18 22:33:57,517] Trial 84 pruned. 
[I 2026-03-18 22:34:02,875] Trial 85 pruned. 
[I 2026-03-18 22:34:04,266] Trial 56 pruned. 
[I 2026-03-18 22:34:05,879] Trial 43 finished with value: -2.476564937205101 and parameters: {'n_layers_yyx': 1, 'hidden_size_yyx_l0': 5, 'context_size_yyx': 4, 'num_mix_components_yyx': 1, 'context_extractor_yyx': 'gru', 'activation_func_yyx': 'ReLU', 'L2_weight_yyx': 3.0734536298941725e-07, 'L_entropy_weight_yyx': 1.5300131273747458e-07, 'L_sep_weight_yyx': 1.527662267931587e-07, 'L_scale_weight_yyx': 1.3484390858192809e-08, 'learning_rate_yyx': 0.008170147022022676}. Best is trial 34 with value: -2.477771523391826.
[I 2026-03-18 22:34:08,920] Trial 82 finished with value: -2.4841495952347286 and parameters: {'n_layers_yyx': 1, 'hidden_size_yyx_l0': 6, 'context_size_yyx': 4, 'num_mix_components_yyx': 5, 'context_extractor_yyx': 'gru', 'activation_func_yyx': 'ReLU', 'L2_weight_yyx': 0.0002177437874056106, 'L_entropy_weight_yyx': 0.00011215225507156017, 'L_sep_weight_yyx': 2.6562829558584907e-06, 'L_scale_weight_yyx': 8.544520879685187e-07, 'learning_rate_yyx': 0.009317442143108713}. Best is trial 46 with value: -2.4875562296733595.

Source events: 29032
Target events: 3828
Full model ln_yyx : 469.29104 nats/sec, 110.33488 nats/event
Full model Log loss : -2.48756
Full model ln_yyx : 467.89969 nats/sec, 110.00776 nats/event
Full model Log loss : -2.48486
Full model ln_yyx : 467.58193 nats/sec, 109.93306 nats/event
Full model Log loss : -2.45585
Full model ln_yyx : 469.03803 nats/sec, 110.27540 nats/event
Full model Log loss : -2.48410
Full model ln_yyx : 470.00815 nats/sec, 110.50348 nats/event
Full model Log loss : -2.48526
Full model ln_yyx : 466.93272 nats/sec, 109.78042 nats/event
Full model Log loss : -2.45458
Full model ln_yyx : 469.19598 nats/sec, 110.31253 nats/event
Full model Log loss : -2.48397
Full model ln_yyx : 466.77262 nats/sec, 109.74278 nats/event
Full model Log loss : -2.48415
Optimization finished. Config saved to results/opt-full/opt_full_255_best_config.txt
[I 2026-03-18 22:34:08,978] Trial 57 pruned. 
[I 2026-03-18 22:34:14,699] Trial 86 pruned. 
[I 2026-03-18 22:34:36,313] Trial 58 pruned. 
[I 2026-03-18 22:34:46,457] Trial 87 pruned. 
[I 2026-03-18 22:34:46,577] Trial 59 pruned. 
[I 2026-03-18 22:34:51,754] Trial 88 pruned. 
[I 2026-03-18 22:34:53,785] Trial 44 finished with value: -2.476624254199081 and parameters: {'n_layers_yyx': 1, 'hidden_size_yyx_l0': 5, 'context_size_yyx': 4, 'num_mix_components_yyx': 1, 'context_extractor_yyx': 'gru', 'activation_func_yyx': 'ReLU', 'L2_weight_yyx': 5.145428902643014e-07, 'L_entropy_weight_yyx': 1.3412566814585217e-08, 'L_sep_weight_yyx': 1.8832868354736254e-07, 'L_scale_weight_yyx': 1.3302392582743798e-07, 'learning_rate_yyx': 0.008371099485715813}. Best is trial 34 with value: -2.477771523391826.
[I 2026-03-18 22:34:56,692] Trial 60 pruned. 
[I 2026-03-18 22:34:58,832] Trial 45 pruned. 
[I 2026-03-18 22:35:03,641] Trial 89 pruned. 
[I 2026-03-18 22:35:03,850] Trial 46 pruned. 
[I 2026-03-18 22:35:07,014] Trial 61 pruned. 
[I 2026-03-18 22:35:15,419] Trial 90 pruned. 
[I 2026-03-18 22:35:15,732] Trial 47 pruned. 
[I 2026-03-18 22:35:34,655] Trial 62 pruned. 
[I 2026-03-18 22:35:47,206] Trial 48 pruned. 
[I 2026-03-18 22:35:52,236] Trial 49 pruned. 
[I 2026-03-18 22:35:54,080] Trial 91 finished with value: -2.4725548464852674 and parameters: {'n_layers_yyx': 1, 'hidden_size_yyx_l0': 6, 'context_size_yyx': 3, 'num_mix_components_yyx': 5, 'context_extractor_yyx': 'gru', 'activation_func_yyx': 'ReLU', 'L2_weight_yyx': 1.0259198172838259e-08, 'L_entropy_weight_yyx': 5.741732652613566e-09, 'L_sep_weight_yyx': 6.998230878229045e-07, 'L_scale_weight_yyx': 0.000418026285663619, 'learning_rate_yyx': 0.005819705911375211}. Best is trial 25 with value: -2.4764732316599813.
[I 2026-03-18 22:36:16,321] Trial 50 finished with value: -2.448339788811896 and parameters: {'n_layers_yyx': 1, 'hidden_size_yyx_l0': 5, 'context_size_yyx': 4, 'num_mix_components_yyx': 1, 'context_extractor_yyx': 'gru', 'activation_func_yyx': 'GELU', 'L2_weight_yyx': 0.0007941302531197222, 'L_entropy_weight_yyx': 7.091656064984869e-09, 'L_sep_weight_yyx': 4.4803215845052556e-05, 'L_scale_weight_yyx': 1.1256430813302712e-09, 'learning_rate_yyx': 0.008453565646389879}. Best is trial 34 with value: -2.477771523391826.
[I 2026-03-18 22:36:18,229] Trial 63 finished with value: -2.4927493748257907 and parameters: {'n_layers_yyx': 1, 'hidden_size_yyx_l0': 6, 'context_size_yyx': 4, 'num_mix_components_yyx': 5, 'context_extractor_yyx': 'gru', 'activation_func_yyx': 'GELU', 'L2_weight_yyx': 4.18779752447921e-09, 'L_entropy_weight_yyx': 0.000986696772124066, 'L_sep_weight_yyx': 6.152380955304127e-10, 'L_scale_weight_yyx': 1.1873188386925196e-08, 'learning_rate_yyx': 0.006349260857999865}. Best is trial 35 with value: -2.497237209565205.
[I 2026-03-18 22:36:21,209] Trial 51 pruned. 
[I 2026-03-18 22:36:24,891] Trial 92 finished with value: -2.4726485173787283 and parameters: {'n_layers_yyx': 1, 'hidden_size_yyx_l0': 6, 'context_size_yyx': 3, 'num_mix_components_yyx': 5, 'context_extractor_yyx': 'gru', 'activation_func_yyx': 'ReLU', 'L2_weight_yyx': 1.1200112853370384e-07, 'L_entropy_weight_yyx': 1.6176110575002715e-08, 'L_sep_weight_yyx': 2.00524925468595e-07, 'L_scale_weight_yyx': 0.0006501457942784942, 'learning_rate_yyx': 0.009965847323000649}. Best is trial 25 with value: -2.4764732316599813.
[I 2026-03-18 22:36:54,889] Trial 93 finished with value: -2.471872595487255 and parameters: {'n_layers_yyx': 1, 'hidden_size_yyx_l0': 6, 'context_size_yyx': 3, 'num_mix_components_yyx': 5, 'context_extractor_yyx': 'gru', 'activation_func_yyx': 'ReLU', 'L2_weight_yyx': 2.846881272412446e-07, 'L_entropy_weight_yyx': 1.0962627963602497e-08, 'L_sep_weight_yyx': 5.353752186114626e-06, 'L_scale_weight_yyx': 0.00024812066138114376, 'learning_rate_yyx': 0.0077692609840795705}. Best is trial 25 with value: -2.4764732316599813.
[I 2026-03-18 22:36:58,129] Trial 64 finished with value: -2.4922963808787757 and parameters: {'n_layers_yyx': 1, 'hidden_size_yyx_l0': 6, 'context_size_yyx': 4, 'num_mix_components_yyx': 5, 'context_extractor_yyx': 'gru', 'activation_func_yyx': 'GELU', 'L2_weight_yyx': 1.6086600763664508e-09, 'L_entropy_weight_yyx': 0.00015900162116108706, 'L_sep_weight_yyx': 1.1326990384606188e-09, 'L_scale_weight_yyx': 1.0814232103987474e-06, 'learning_rate_yyx': 0.008886048564461152}. Best is trial 35 with value: -2.497237209565205.
[I 2026-03-18 22:37:08,892] Trial 52 finished with value: -2.4763283936581004 and parameters: {'n_layers_yyx': 1, 'hidden_size_yyx_l0': 5, 'context_size_yyx': 4, 'num_mix_components_yyx': 2, 'context_extractor_yyx': 'gru', 'activation_func_yyx': 'ReLU', 'L2_weight_yyx': 1.3195287901028433e-07, 'L_entropy_weight_yyx': 2.1654527631630188e-07, 'L_sep_weight_yyx': 1.2325042779254272e-07, 'L_scale_weight_yyx': 1.783938641048978e-08, 'learning_rate_yyx': 0.008334672623211793}. Best is trial 34 with value: -2.477771523391826.
[I 2026-03-18 22:37:24,658] Trial 94 finished with value: -2.4726267405583515 and parameters: {'n_layers_yyx': 1, 'hidden_size_yyx_l0': 6, 'context_size_yyx': 3, 'num_mix_components_yyx': 5, 'context_extractor_yyx': 'gru', 'activation_func_yyx': 'ReLU', 'L2_weight_yyx': 1.7010227551707152e-07, 'L_entropy_weight_yyx': 2.315389625361678e-08, 'L_sep_weight_yyx': 4.0361819172290105e-06, 'L_scale_weight_yyx': 0.0004788504554038652, 'learning_rate_yyx': 0.009518722578983637}. Best is trial 25 with value: -2.4764732316599813.
[I 2026-03-18 22:37:25,049] Trial 65 pruned. 
[I 2026-03-18 22:37:35,021] Trial 66 pruned. 
[I 2026-03-18 22:37:39,276] Trial 67 pruned. 
[I 2026-03-18 22:37:49,255] Trial 68 pruned. 
[I 2026-03-18 22:37:53,000] Trial 53 finished with value: -2.476366543323801 and parameters: {'n_layers_yyx': 1, 'hidden_size_yyx_l0': 5, 'context_size_yyx': 4, 'num_mix_components_yyx': 2, 'context_extractor_yyx': 'gru', 'activation_func_yyx': 'ReLU', 'L2_weight_yyx': 1.406540333893842e-07, 'L_entropy_weight_yyx': 2.2388378862121033e-07, 'L_sep_weight_yyx': 8.197501210452927e-08, 'L_scale_weight_yyx': 2.302105190105327e-08, 'learning_rate_yyx': 0.009767962937991018}. Best is trial 34 with value: -2.477771523391826.
[I 2026-03-18 22:37:59,090] Trial 69 pruned. 
[I 2026-03-18 22:38:00,693] Trial 95 finished with value: -2.476324330438652 and parameters: {'n_layers_yyx': 1, 'hidden_size_yyx_l0': 6, 'context_size_yyx': 4, 'num_mix_components_yyx': 5, 'context_extractor_yyx': 'gru', 'activation_func_yyx': 'ReLU', 'L2_weight_yyx': 1.536059817137885e-07, 'L_entropy_weight_yyx': 3.933941177852588e-08, 'L_sep_weight_yyx': 0.0006661489140960872, 'L_scale_weight_yyx': 1.0343725370373494e-08, 'learning_rate_yyx': 0.00995109537962464}. Best is trial 25 with value: -2.4764732316599813.
[I 2026-03-18 22:38:12,263] Trial 96 pruned. 
[I 2026-03-18 22:38:17,192] Trial 97 pruned. 
[I 2026-03-18 22:38:22,125] Trial 98 pruned. 

Source events: 29032
Target events: 31112
Full model ln_yyx : 3831.12433 nats/sec, 110.82579 nats/event
Full model Log loss : -2.47268
Full model ln_yyx : 3831.12809 nats/sec, 110.82590 nats/event
Full model Log loss : -2.47261
Full model ln_yyx : 3817.51180 nats/sec, 110.43201 nats/event
Full model Log loss : -2.47307
Full model ln_yyx : 3830.31546 nats/sec, 110.80239 nats/event
Full model Log loss : -2.47487
Full model ln_yyx : 3818.48833 nats/sec, 110.46026 nats/event
Full model Log loss : -2.47541
Full model ln_yyx : 3811.65080 nats/sec, 110.26246 nats/event
Full model Log loss : -2.47535
Full model ln_yyx : 3818.30485 nats/sec, 110.45495 nats/event
Full model Log loss : -2.47435
Full model ln_yyx : 3787.65294 nats/sec, 109.56826 nats/event
Full model Log loss : -2.44828
Full model ln_yyx : 3828.46414 nats/sec, 110.74883 nats/event
Full model Log loss : -2.47255
Full model ln_yyx : 3831.35075 nats/sec, 110.83234 nats/event
Full model Log loss : -2.47265
Full model ln_yyx : 3812.78630 nats/sec, 110.29531 nats/event
Full model Log loss : -2.47187
Full model ln_yyx : 3828.27765 nats/sec, 110.74344 nats/event
Full model Log loss : -2.47263
Full model ln_yyx : 3829.30654 nats/sec, 110.77320 nats/event
Full model Log loss : -2.47632
Optimization finished. Config saved to results/opt-full/opt_full_252_best_config.txt
[I 2026-03-18 22:38:37,932] Trial 54 finished with value: -2.4769502404802393 and parameters: {'n_layers_yyx': 1, 'hidden_size_yyx_l0': 5, 'context_size_yyx': 4, 'num_mix_components_yyx': 1, 'context_extractor_yyx': 'gru', 'activation_func_yyx': 'ReLU', 'L2_weight_yyx': 2.431661144469503e-05, 'L_entropy_weight_yyx': 5.884908440871361e-07, 'L_sep_weight_yyx': 0.0007413148588792456, 'L_scale_weight_yyx': 3.596568684477093e-08, 'learning_rate_yyx': 0.009794664402016292}. Best is trial 34 with value: -2.477771523391826.
[I 2026-03-18 22:38:44,469] Trial 70 finished with value: -2.4929717392750357 and parameters: {'n_layers_yyx': 1, 'hidden_size_yyx_l0': 6, 'context_size_yyx': 4, 'num_mix_components_yyx': 5, 'context_extractor_yyx': 'gru', 'activation_func_yyx': 'GELU', 'L2_weight_yyx': 3.540392651097383e-08, 'L_entropy_weight_yyx': 2.2172103928802796e-05, 'L_sep_weight_yyx': 6.0205920541167914e-05, 'L_scale_weight_yyx': 3.200642454251559e-06, 'learning_rate_yyx': 0.007389963371206989}. Best is trial 35 with value: -2.497237209565205.
[I 2026-03-18 22:38:49,027] Trial 55 pruned. 
[I 2026-03-18 22:38:53,917] Trial 56 pruned. 
[I 2026-03-18 22:38:54,018] Trial 71 pruned. 
[I 2026-03-18 22:39:04,945] Trial 57 pruned. 
[I 2026-03-18 22:39:16,062] Trial 58 pruned. 
[I 2026-03-18 22:39:35,440] Trial 72 finished with value: -2.492808974734093 and parameters: {'n_layers_yyx': 1, 'hidden_size_yyx_l0': 6, 'context_size_yyx': 4, 'num_mix_components_yyx': 5, 'context_extractor_yyx': 'gru', 'activation_func_yyx': 'GELU', 'L2_weight_yyx': 2.157008714407632e-09, 'L_entropy_weight_yyx': 0.00033540721532369455, 'L_sep_weight_yyx': 1.1152486022529874e-10, 'L_scale_weight_yyx': 7.23791483400064e-07, 'learning_rate_yyx': 0.00793592791915593}. Best is trial 35 with value: -2.497237209565205.
[I 2026-03-18 22:40:12,148] Trial 59 finished with value: -2.4743034384337323 and parameters: {'n_layers_yyx': 1, 'hidden_size_yyx_l0': 5, 'context_size_yyx': 3, 'num_mix_components_yyx': 1, 'context_extractor_yyx': 'gru', 'activation_func_yyx': 'ReLU', 'L2_weight_yyx': 0.0003802905936274353, 'L_entropy_weight_yyx': 2.219546410555905e-08, 'L_sep_weight_yyx': 6.973539862317186e-05, 'L_scale_weight_yyx': 8.643087458795735e-09, 'learning_rate_yyx': 0.0048133717270944275}. Best is trial 34 with value: -2.477771523391826.
[I 2026-03-18 22:40:19,741] Trial 73 finished with value: -2.4930800262581085 and parameters: {'n_layers_yyx': 1, 'hidden_size_yyx_l0': 6, 'context_size_yyx': 4, 'num_mix_components_yyx': 5, 'context_extractor_yyx': 'gru', 'activation_func_yyx': 'GELU', 'L2_weight_yyx': 3.680244577761578e-09, 'L_entropy_weight_yyx': 6.228593533484985e-05, 'L_sep_weight_yyx': 7.802497011443215e-10, 'L_scale_weight_yyx': 4.096213761359638e-07, 'learning_rate_yyx': 0.007247569429681818}. Best is trial 35 with value: -2.497237209565205.
[I 2026-03-18 22:40:23,773] Trial 74 pruned. 

Source events: 29032
Target events: 1783
Full model ln_yyx : 220.00363 nats/sec, 111.05062 nats/event
Full model Log loss : -2.49040
Full model ln_yyx : 219.57617 nats/sec, 110.83486 nats/event
Full model Log loss : -2.48926
Full model ln_yyx : 220.04794 nats/sec, 111.07299 nats/event
Full model Log loss : -2.49326
Full model ln_yyx : 218.90534 nats/sec, 110.49624 nats/event
Full model Log loss : -2.49379
Full model ln_yyx : 218.08266 nats/sec, 110.08098 nats/event
Full model Log loss : -2.49724
Full model ln_yyx : 218.37287 nats/sec, 110.22747 nats/event
Full model Log loss : -2.49049
Full model ln_yyx : 220.36403 nats/sec, 111.23254 nats/event
Full model Log loss : -2.48521
Full model ln_yyx : 219.62649 nats/sec, 110.86026 nats/event
Full model Log loss : -2.49047
Full model ln_yyx : 218.48286 nats/sec, 110.28299 nats/event
Full model Log loss : -2.49296
Full model ln_yyx : 219.49868 nats/sec, 110.79575 nats/event
Full model Log loss : -2.49154
Full model ln_yyx : 218.48879 nats/sec, 110.28599 nats/event
Full model Log loss : -2.49340
Full model ln_yyx : 219.12530 nats/sec, 110.60728 nats/event
Full model Log loss : -2.49039
Full model ln_yyx : 217.14548 nats/sec, 109.60792 nats/event
Full model Log loss : -2.49234
Full model ln_yyx : 218.61022 nats/sec, 110.34728 nats/event
Full model Log loss : -2.49275
Full model ln_yyx : 217.12727 nats/sec, 109.59873 nats/event
Full model Log loss : -2.49230
Full model ln_yyx : 220.04032 nats/sec, 111.06914 nats/event
Full model Log loss : -2.49297
Full model ln_yyx : 218.63075 nats/sec, 110.35764 nats/event
Full model Log loss : -2.49281
Full model ln_yyx : 220.06667 nats/sec, 111.08245 nats/event
Full model Log loss : -2.49308
Optimization finished. Config saved to results/opt-full/opt_full_253_best_config.txt
[I 2026-03-18 22:40:57,416] Trial 60 finished with value: -2.476606624184503 and parameters: {'n_layers_yyx': 1, 'hidden_size_yyx_l0': 5, 'context_size_yyx': 4, 'num_mix_components_yyx': 1, 'context_extractor_yyx': 'gru', 'activation_func_yyx': 'ReLU', 'L2_weight_yyx': 6.000071570617832e-07, 'L_entropy_weight_yyx': 4.5943657092799764e-07, 'L_sep_weight_yyx': 1.5859924009349573e-05, 'L_scale_weight_yyx': 9.26857659253293e-08, 'learning_rate_yyx': 0.008415628493455165}. Best is trial 34 with value: -2.477771523391826.
[I 2026-03-18 22:41:01,800] Trial 61 pruned. 
[I 2026-03-18 22:41:12,394] Trial 62 pruned. 
[I 2026-03-18 22:42:22,434] Trial 63 finished with value: -2.4795843327041234 and parameters: {'n_layers_yyx': 1, 'hidden_size_yyx_l0': 5, 'context_size_yyx': 4, 'num_mix_components_yyx': 1, 'context_extractor_yyx': 'gru', 'activation_func_yyx': 'ReLU', 'L2_weight_yyx': 1.957414533976595e-06, 'L_entropy_weight_yyx': 1.5137924205446825e-06, 'L_sep_weight_yyx': 2.6976620022974817e-05, 'L_scale_weight_yyx': 1.3468856692822096e-07, 'learning_rate_yyx': 0.008814875755083964}. Best is trial 63 with value: -2.4795843327041234.
[I 2026-03-18 22:43:10,499] Trial 64 finished with value: -2.4772750485545116 and parameters: {'n_layers_yyx': 1, 'hidden_size_yyx_l0': 5, 'context_size_yyx': 4, 'num_mix_components_yyx': 1, 'context_extractor_yyx': 'gru', 'activation_func_yyx': 'ReLU', 'L2_weight_yyx': 1.777340635782273e-06, 'L_entropy_weight_yyx': 1.0823846947675434e-05, 'L_sep_weight_yyx': 1.8627368469628127e-05, 'L_scale_weight_yyx': 1.688044740517282e-07, 'learning_rate_yyx': 0.009131275052821032}. Best is trial 63 with value: -2.4795843327041234.
[I 2026-03-18 22:43:38,823] Trial 65 pruned. 
[I 2026-03-18 22:44:07,139] Trial 66 pruned. 
[I 2026-03-18 22:44:17,396] Trial 67 pruned. 
[I 2026-03-18 22:44:21,603] Trial 68 pruned. 
[I 2026-03-18 22:44:31,752] Trial 69 pruned. 
[I 2026-03-18 22:45:11,370] Trial 70 finished with value: -2.4760241065814728 and parameters: {'n_layers_yyx': 1, 'hidden_size_yyx_l0': 5, 'context_size_yyx': 4, 'num_mix_components_yyx': 2, 'context_extractor_yyx': 'gru', 'activation_func_yyx': 'ReLU', 'L2_weight_yyx': 2.0677181075032873e-06, 'L_entropy_weight_yyx': 4.580728500871762e-06, 'L_sep_weight_yyx': 4.4894627880031316e-06, 'L_scale_weight_yyx': 5.905917017306874e-08, 'learning_rate_yyx': 0.008963645340811182}. Best is trial 63 with value: -2.4795843327041234.

Source events: 29032
Target events: 20315
Full model ln_yyx : 2458.71038 nats/sec, 108.92638 nats/event
Full model Log loss : -2.44221
Full model ln_yyx : 2498.45732 nats/sec, 110.68726 nats/event
Full model Log loss : -2.47420
Full model ln_yyx : 2494.13480 nats/sec, 110.49576 nats/event
Full model Log loss : -2.47484
Full model ln_yyx : 2511.81551 nats/sec, 111.27905 nats/event
Full model Log loss : -2.47478
Full model ln_yyx : 2503.65575 nats/sec, 110.91756 nats/event
Full model Log loss : -2.47519
Full model ln_yyx : 2504.50375 nats/sec, 110.95513 nats/event
Full model Log loss : -2.47520
Full model ln_yyx : 2503.23447 nats/sec, 110.89889 nats/event
Full model Log loss : -2.47777
Full model ln_yyx : 2510.40688 nats/sec, 111.21665 nats/event
Full model Log loss : -2.47577
Full model ln_yyx : 2491.64146 nats/sec, 110.38530 nats/event
Full model Log loss : -2.47675
Full model ln_yyx : 2491.45121 nats/sec, 110.37687 nats/event
Full model Log loss : -2.47643
Full model ln_yyx : 2502.12308 nats/sec, 110.84966 nats/event
Full model Log loss : -2.47595
Full model ln_yyx : 2491.22735 nats/sec, 110.36695 nats/event
Full model Log loss : -2.47656
Full model ln_yyx : 2490.79297 nats/sec, 110.34771 nats/event
Full model Log loss : -2.47662
Full model ln_yyx : 2469.65924 nats/sec, 109.41144 nats/event
Full model Log loss : -2.44834
Full model ln_yyx : 2507.17747 nats/sec, 111.07358 nats/event
Full model Log loss : -2.47633
Full model ln_yyx : 2505.39030 nats/sec, 110.99440 nats/event
Full model Log loss : -2.47637
Full model ln_yyx : 2493.87215 nats/sec, 110.48412 nats/event
Full model Log loss : -2.47695
Full model ln_yyx : 2497.25401 nats/sec, 110.63395 nats/event
Full model Log loss : -2.47430
Full model ln_yyx : 2498.25273 nats/sec, 110.67819 nats/event
Full model Log loss : -2.47661
Full model ln_yyx : 2494.22548 nats/sec, 110.49978 nats/event
Full model Log loss : -2.47958
Full model ln_yyx : 2506.43102 nats/sec, 111.04051 nats/event
Full model Log loss : -2.47728
Full model ln_yyx : 2503.91124 nats/sec, 110.92888 nats/event
Full model Log loss : -2.47602
Optimization finished. Config saved to results/opt-full/opt_full_254_best_config.txt
