Warning: Failed writing log files to directory [/var/log/nvidia-mps]. No logs will be available.
[I 2026-03-18 16:55:44,699] A new study created in RDB with name: opt_full-model_seed=42_task=78
[I 2026-03-18 16:55:44,700] A new study created in RDB with name: opt_full-model_seed=42_task=68
[I 2026-03-18 16:55:44,700] A new study created in RDB with name: opt_full-model_seed=42_task=75
[I 2026-03-18 16:55:44,704] A new study created in RDB with name: opt_full-model_seed=42_task=74
[I 2026-03-18 16:55:44,708] A new study created in RDB with name: opt_full-model_seed=42_task=81
[I 2026-03-18 16:55:44,709] A new study created in RDB with name: opt_full-model_seed=42_task=80
[I 2026-03-18 16:55:44,709] A new study created in RDB with name: opt_full-model_seed=42_task=83
[I 2026-03-18 16:55:44,709] A new study created in RDB with name: opt_full-model_seed=42_task=87
[I 2026-03-18 16:55:44,710] A new study created in RDB with name: opt_full-model_seed=42_task=77
[I 2026-03-18 16:55:44,719] A new study created in RDB with name: opt_full-model_seed=42_task=70
[I 2026-03-18 16:55:44,719] A new study created in RDB with name: opt_full-model_seed=42_task=84
[I 2026-03-18 16:55:44,719] A new study created in RDB with name: opt_full-model_seed=42_task=94
[I 2026-03-18 16:55:44,719] A new study created in RDB with name: opt_full-model_seed=42_task=88
[I 2026-03-18 16:55:44,720] A new study created in RDB with name: opt_full-model_seed=42_task=64
[I 2026-03-18 16:55:44,720] A new study created in RDB with name: opt_full-model_seed=42_task=93
[I 2026-03-18 16:55:44,721] A new study created in RDB with name: opt_full-model_seed=42_task=89
[I 2026-03-18 16:55:44,721] A new study created in RDB with name: opt_full-model_seed=42_task=85
[I 2026-03-18 16:55:44,721] A new study created in RDB with name: opt_full-model_seed=42_task=86
[I 2026-03-18 16:55:44,726] A new study created in RDB with name: opt_full-model_seed=42_task=67
[I 2026-03-18 16:55:44,727] A new study created in RDB with name: opt_full-model_seed=42_task=66
[I 2026-03-18 16:55:44,786] A new study created in RDB with name: opt_full-model_seed=42_task=69
[I 2026-03-18 16:55:44,787] A new study created in RDB with name: opt_full-model_seed=42_task=71
[I 2026-03-18 16:55:44,788] A new study created in RDB with name: opt_full-model_seed=42_task=91
[I 2026-03-18 16:55:44,789] A new study created in RDB with name: opt_full-model_seed=42_task=76
[I 2026-03-18 16:55:44,789] A new study created in RDB with name: opt_full-model_seed=42_task=82
[I 2026-03-18 16:55:44,789] A new study created in RDB with name: opt_full-model_seed=42_task=72
[I 2026-03-18 16:55:44,790] A new study created in RDB with name: opt_full-model_seed=42_task=73
[I 2026-03-18 16:55:44,791] A new study created in RDB with name: opt_full-model_seed=42_task=90
[I 2026-03-18 16:55:44,791] A new study created in RDB with name: opt_full-model_seed=42_task=92
[I 2026-03-18 16:55:44,792] A new study created in RDB with name: opt_full-model_seed=42_task=65
[I 2026-03-18 16:55:44,792] A new study created in RDB with name: opt_full-model_seed=42_task=79
[I 2026-03-18 16:55:44,793] A new study created in RDB with name: opt_full-model_seed=42_task=95
[I 2026-03-18 16:57:41,780] Trial 0 finished with value: -0.5679630662584895 and parameters: {'n_layers_yyx': 1, 'hidden_size_yyx_l0': 4, 'context_size_yyx': 4, 'num_mix_components_yyx': 5, 'context_extractor_yyx': 'gru', 'activation_func_yyx': 'ReLU', 'L2_weight_yyx': 3.5080622315949695e-08, 'L_entropy_weight_yyx': 1.0961067939235164e-05, 'L_sep_weight_yyx': 1.1561777711836916e-06, 'L_scale_weight_yyx': 1.710866522681117e-09, 'learning_rate_yyx': 0.0084646405220046}. Best is trial 0 with value: -0.5679630662584895.
[I 2026-03-18 16:58:10,021] Trial 0 finished with value: -3.1199443073044333 and parameters: {'n_layers_yyx': 2, 'hidden_size_yyx_l0': 6, 'hidden_size_yyx_l1': 3, 'context_size_yyx': 4, 'num_mix_components_yyx': 4, 'context_extractor_yyx': 'lstm', 'activation_func_yyx': 'GELU', 'L2_weight_yyx': 1.4400143830360107e-05, 'L_entropy_weight_yyx': 1.5735288749598698e-07, 'L_sep_weight_yyx': 1.0112272734921724e-10, 'L_scale_weight_yyx': 0.00013084565712181956, 'learning_rate_yyx': 0.005865199492845539}. Best is trial 0 with value: -3.1199443073044333.
[I 2026-03-18 16:58:11,049] Trial 0 finished with value: -1.255221580181016 and parameters: {'n_layers_yyx': 1, 'hidden_size_yyx_l0': 4, 'context_size_yyx': 2, 'num_mix_components_yyx': 5, 'context_extractor_yyx': 'gru', 'activation_func_yyx': 'Tanh', 'L2_weight_yyx': 1.5338129731443943e-06, 'L_entropy_weight_yyx': 1.2126206093974696e-08, 'L_sep_weight_yyx': 2.8060892573275494e-10, 'L_scale_weight_yyx': 2.4046062298685586e-10, 'learning_rate_yyx': 0.008924072060142544}. Best is trial 0 with value: -1.255221580181016.
[I 2026-03-18 16:58:25,777] Trial 0 finished with value: -3.107520882344059 and parameters: {'n_layers_yyx': 1, 'hidden_size_yyx_l0': 3, 'context_size_yyx': 4, 'num_mix_components_yyx': 3, 'context_extractor_yyx': 'gru', 'activation_func_yyx': 'ReLU', 'L2_weight_yyx': 7.423066650118769e-09, 'L_entropy_weight_yyx': 3.136027714743124e-07, 'L_sep_weight_yyx': 6.963360397943413e-06, 'L_scale_weight_yyx': 2.0709628234612953e-09, 'learning_rate_yyx': 0.0025301504583184003}. Best is trial 0 with value: -3.107520882344059.
[I 2026-03-18 16:58:35,541] Trial 1 pruned. 
[I 2026-03-18 16:58:36,827] Trial 0 finished with value: -3.1272716589782044 and parameters: {'n_layers_yyx': 2, 'hidden_size_yyx_l0': 6, 'hidden_size_yyx_l1': 4, 'context_size_yyx': 3, 'num_mix_components_yyx': 2, 'context_extractor_yyx': 'lstm', 'activation_func_yyx': 'GELU', 'L2_weight_yyx': 4.470783388244629e-09, 'L_entropy_weight_yyx': 2.9036627484003025e-09, 'L_sep_weight_yyx': 0.0002959068634123237, 'L_scale_weight_yyx': 1.1063919694761906e-09, 'learning_rate_yyx': 0.002312872191638539}. Best is trial 0 with value: -3.1272716589782044.
[I 2026-03-18 16:58:48,377] Trial 0 finished with value: -1.260856452138058 and parameters: {'n_layers_yyx': 2, 'hidden_size_yyx_l0': 2, 'hidden_size_yyx_l1': 5, 'context_size_yyx': 4, 'num_mix_components_yyx': 4, 'context_extractor_yyx': 'gru', 'activation_func_yyx': 'GELU', 'L2_weight_yyx': 1.635993479889608e-08, 'L_entropy_weight_yyx': 1.9350753822736323e-08, 'L_sep_weight_yyx': 4.728342017092798e-09, 'L_scale_weight_yyx': 0.0007734567857318634, 'learning_rate_yyx': 0.007723313658990172}. Best is trial 0 with value: -1.260856452138058.
[I 2026-03-18 16:58:49,894] Trial 0 finished with value: -3.1442269416672968 and parameters: {'n_layers_yyx': 1, 'hidden_size_yyx_l0': 5, 'context_size_yyx': 3, 'num_mix_components_yyx': 4, 'context_extractor_yyx': 'lstm', 'activation_func_yyx': 'Tanh', 'L2_weight_yyx': 0.00013631959791267202, 'L_entropy_weight_yyx': 2.110288748163731e-08, 'L_sep_weight_yyx': 1.7378838599569993e-08, 'L_scale_weight_yyx': 2.8702843412959075e-05, 'learning_rate_yyx': 0.0017508176953728131}. Best is trial 0 with value: -3.1442269416672968.
[I 2026-03-18 16:58:59,749] Trial 0 finished with value: -3.110677648313527 and parameters: {'n_layers_yyx': 1, 'hidden_size_yyx_l0': 3, 'context_size_yyx': 2, 'num_mix_components_yyx': 2, 'context_extractor_yyx': 'gru', 'activation_func_yyx': 'Tanh', 'L2_weight_yyx': 1.0505032855671818e-10, 'L_entropy_weight_yyx': 2.2087879589513126e-09, 'L_sep_weight_yyx': 3.797472835304874e-10, 'L_scale_weight_yyx': 7.299747540674474e-10, 'learning_rate_yyx': 0.004803193483738871}. Best is trial 0 with value: -3.110677648313527.
[I 2026-03-18 16:59:02,738] Trial 2 pruned. 
[I 2026-03-18 16:59:03,434] Trial 1 pruned. 
[I 2026-03-18 16:59:04,143] Trial 0 finished with value: -1.2528411103705162 and parameters: {'n_layers_yyx': 2, 'hidden_size_yyx_l0': 6, 'hidden_size_yyx_l1': 6, 'context_size_yyx': 4, 'num_mix_components_yyx': 4, 'context_extractor_yyx': 'gru', 'activation_func_yyx': 'Tanh', 'L2_weight_yyx': 0.00044232139389923937, 'L_entropy_weight_yyx': 5.36941987010099e-07, 'L_sep_weight_yyx': 8.204269000730499e-06, 'L_scale_weight_yyx': 5.50815196278194e-07, 'learning_rate_yyx': 0.0011526457799191708}. Best is trial 0 with value: -1.2528411103705162.
[I 2026-03-18 16:59:05,866] Trial 0 finished with value: -0.581007651810469 and parameters: {'n_layers_yyx': 1, 'hidden_size_yyx_l0': 5, 'context_size_yyx': 2, 'num_mix_components_yyx': 5, 'context_extractor_yyx': 'lstm', 'activation_func_yyx': 'ReLU', 'L2_weight_yyx': 0.00012428591838188765, 'L_entropy_weight_yyx': 6.250542170210348e-05, 'L_sep_weight_yyx': 7.935322799764095e-08, 'L_scale_weight_yyx': 2.4142147448705264e-09, 'learning_rate_yyx': 0.0012720204940257535}. Best is trial 0 with value: -0.581007651810469.
[I 2026-03-18 16:59:06,087] Trial 0 finished with value: -3.1391708726536716 and parameters: {'n_layers_yyx': 2, 'hidden_size_yyx_l0': 5, 'hidden_size_yyx_l1': 3, 'context_size_yyx': 2, 'num_mix_components_yyx': 4, 'context_extractor_yyx': 'lstm', 'activation_func_yyx': 'ReLU', 'L2_weight_yyx': 6.011447061282522e-09, 'L_entropy_weight_yyx': 1.0901273137049143e-09, 'L_sep_weight_yyx': 4.192912005842537e-05, 'L_scale_weight_yyx': 5.795336786128537e-10, 'learning_rate_yyx': 0.003816862074472095}. Best is trial 0 with value: -3.1391708726536716.
[I 2026-03-18 16:59:16,249] Trial 0 finished with value: -1.2286415734705334 and parameters: {'n_layers_yyx': 2, 'hidden_size_yyx_l0': 4, 'hidden_size_yyx_l1': 6, 'context_size_yyx': 2, 'num_mix_components_yyx': 4, 'context_extractor_yyx': 'lstm', 'activation_func_yyx': 'Tanh', 'L2_weight_yyx': 0.00021204061142213545, 'L_entropy_weight_yyx': 7.11667410166482e-07, 'L_sep_weight_yyx': 3.903330177687496e-08, 'L_scale_weight_yyx': 1.0315069967837717e-05, 'learning_rate_yyx': 0.001325934463536947}. Best is trial 0 with value: -1.2286415734705334.
[I 2026-03-18 16:59:26,951] Trial 3 pruned. 
[I 2026-03-18 16:59:35,412] Trial 0 finished with value: -1.2691870881537193 and parameters: {'n_layers_yyx': 2, 'hidden_size_yyx_l0': 6, 'hidden_size_yyx_l1': 4, 'context_size_yyx': 3, 'num_mix_components_yyx': 3, 'context_extractor_yyx': 'lstm', 'activation_func_yyx': 'Tanh', 'L2_weight_yyx': 1.6122556852123724e-05, 'L_entropy_weight_yyx': 0.0008184856334006685, 'L_sep_weight_yyx': 3.7139914908638534e-09, 'L_scale_weight_yyx': 3.098570835290769e-08, 'learning_rate_yyx': 0.0025414028256442464}. Best is trial 0 with value: -1.2691870881537193.
[I 2026-03-18 16:59:39,464] Trial 0 finished with value: -3.1173315818600362 and parameters: {'n_layers_yyx': 1, 'hidden_size_yyx_l0': 4, 'context_size_yyx': 1, 'num_mix_components_yyx': 1, 'context_extractor_yyx': 'gru', 'activation_func_yyx': 'ReLU', 'L2_weight_yyx': 1.5750009825643283e-05, 'L_entropy_weight_yyx': 1.1614407572411416e-05, 'L_sep_weight_yyx': 2.865815946443056e-05, 'L_scale_weight_yyx': 3.2674657200950994e-10, 'learning_rate_yyx': 0.009655530239082308}. Best is trial 0 with value: -3.1173315818600362.
[I 2026-03-18 16:59:52,539] Trial 4 pruned. 
[I 2026-03-18 16:59:58,405] Trial 0 finished with value: -3.1178842363947195 and parameters: {'n_layers_yyx': 1, 'hidden_size_yyx_l0': 2, 'context_size_yyx': 3, 'num_mix_components_yyx': 3, 'context_extractor_yyx': 'lstm', 'activation_func_yyx': 'ReLU', 'L2_weight_yyx': 1.2808022250846186e-06, 'L_entropy_weight_yyx': 2.3986771038533383e-09, 'L_sep_weight_yyx': 4.291153791079275e-06, 'L_scale_weight_yyx': 0.0003534941040565918, 'learning_rate_yyx': 0.0019322198508616604}. Best is trial 0 with value: -3.1178842363947195.
[I 2026-03-18 17:00:30,420] Trial 0 finished with value: -3.1190589761594594 and parameters: {'n_layers_yyx': 1, 'hidden_size_yyx_l0': 6, 'context_size_yyx': 3, 'num_mix_components_yyx': 1, 'context_extractor_yyx': 'gru', 'activation_func_yyx': 'Tanh', 'L2_weight_yyx': 3.63616461168423e-07, 'L_entropy_weight_yyx': 9.091981994734681e-08, 'L_sep_weight_yyx': 0.0009952886433900901, 'L_scale_weight_yyx': 1.6498262313317245e-07, 'learning_rate_yyx': 0.0017130910728419338}. Best is trial 0 with value: -3.1190589761594594.
[I 2026-03-18 17:00:37,605] Trial 1 finished with value: -0.5652332332144085 and parameters: {'n_layers_yyx': 1, 'hidden_size_yyx_l0': 5, 'context_size_yyx': 2, 'num_mix_components_yyx': 1, 'context_extractor_yyx': 'lstm', 'activation_func_yyx': 'GELU', 'L2_weight_yyx': 0.0003017564317925474, 'L_entropy_weight_yyx': 0.0007024221808481501, 'L_sep_weight_yyx': 2.9217858051016095e-07, 'L_scale_weight_yyx': 6.459465435164029e-07, 'learning_rate_yyx': 0.005435861844370445}. Best is trial 0 with value: -0.5679630662584895.
[I 2026-03-18 17:00:41,817] Trial 0 finished with value: -3.1127020689980207 and parameters: {'n_layers_yyx': 1, 'hidden_size_yyx_l0': 4, 'context_size_yyx': 3, 'num_mix_components_yyx': 1, 'context_extractor_yyx': 'gru', 'activation_func_yyx': 'GELU', 'L2_weight_yyx': 2.9533740222571616e-08, 'L_entropy_weight_yyx': 0.0009099674957644922, 'L_sep_weight_yyx': 1.8022465265665575e-07, 'L_scale_weight_yyx': 4.4950648525373855e-09, 'learning_rate_yyx': 0.001564334453188662}. Best is trial 0 with value: -3.1127020689980207.
[I 2026-03-18 17:00:43,688] Trial 0 finished with value: -1.2378643550626012 and parameters: {'n_layers_yyx': 1, 'hidden_size_yyx_l0': 6, 'context_size_yyx': 3, 'num_mix_components_yyx': 5, 'context_extractor_yyx': 'lstm', 'activation_func_yyx': 'GELU', 'L2_weight_yyx': 3.361586341684176e-08, 'L_entropy_weight_yyx': 3.7385043125326185e-07, 'L_sep_weight_yyx': 3.0899912261916728e-09, 'L_scale_weight_yyx': 2.1721829685447065e-08, 'learning_rate_yyx': 0.0014057059295119242}. Best is trial 0 with value: -1.2378643550626012.
[I 2026-03-18 17:00:46,664] Trial 0 finished with value: -3.1145298582025718 and parameters: {'n_layers_yyx': 2, 'hidden_size_yyx_l0': 4, 'hidden_size_yyx_l1': 6, 'context_size_yyx': 4, 'num_mix_components_yyx': 3, 'context_extractor_yyx': 'gru', 'activation_func_yyx': 'Tanh', 'L2_weight_yyx': 1.630567078155247e-09, 'L_entropy_weight_yyx': 3.5270862300536994e-09, 'L_sep_weight_yyx': 1.7195882242322208e-09, 'L_scale_weight_yyx': 4.879132342583379e-09, 'learning_rate_yyx': 0.0005093925642461866}. Best is trial 0 with value: -3.1145298582025718.
[I 2026-03-18 17:00:54,646] Trial 2 pruned. 
[I 2026-03-18 17:00:56,240] Trial 0 finished with value: -3.1460828145824977 and parameters: {'n_layers_yyx': 2, 'hidden_size_yyx_l0': 5, 'hidden_size_yyx_l1': 5, 'context_size_yyx': 1, 'num_mix_components_yyx': 4, 'context_extractor_yyx': 'lstm', 'activation_func_yyx': 'Tanh', 'L2_weight_yyx': 1.4836026817344914e-08, 'L_entropy_weight_yyx': 1.083188522592581e-09, 'L_sep_weight_yyx': 9.273146492480443e-10, 'L_scale_weight_yyx': 2.531768941441055e-06, 'learning_rate_yyx': 0.0027433967864071217}. Best is trial 0 with value: -3.1460828145824977.
[I 2026-03-18 17:01:00,348] Trial 1 pruned. 
[I 2026-03-18 17:01:04,834] Trial 0 finished with value: -1.243662793623101 and parameters: {'n_layers_yyx': 2, 'hidden_size_yyx_l0': 4, 'hidden_size_yyx_l1': 3, 'context_size_yyx': 1, 'num_mix_components_yyx': 3, 'context_extractor_yyx': 'lstm', 'activation_func_yyx': 'Tanh', 'L2_weight_yyx': 2.148473924895777e-07, 'L_entropy_weight_yyx': 1.6863267820234246e-10, 'L_sep_weight_yyx': 7.46106688178168e-09, 'L_scale_weight_yyx': 1.6514168386391243e-07, 'learning_rate_yyx': 0.00280495946434116}. Best is trial 0 with value: -1.243662793623101.
[I 2026-03-18 17:01:21,240] Trial 0 finished with value: -1.2747321457392233 and parameters: {'n_layers_yyx': 1, 'hidden_size_yyx_l0': 3, 'context_size_yyx': 1, 'num_mix_components_yyx': 4, 'context_extractor_yyx': 'lstm', 'activation_func_yyx': 'ReLU', 'L2_weight_yyx': 5.874493363150741e-07, 'L_entropy_weight_yyx': 5.309920646942003e-09, 'L_sep_weight_yyx': 1.2120544082374238e-05, 'L_scale_weight_yyx': 3.4015253026115834e-08, 'learning_rate_yyx': 0.0028410227341467047}. Best is trial 0 with value: -1.2747321457392233.
[I 2026-03-18 17:01:36,457] Trial 0 finished with value: -0.526919484302463 and parameters: {'n_layers_yyx': 2, 'hidden_size_yyx_l0': 6, 'hidden_size_yyx_l1': 2, 'context_size_yyx': 2, 'num_mix_components_yyx': 5, 'context_extractor_yyx': 'gru', 'activation_func_yyx': 'Tanh', 'L2_weight_yyx': 9.214470264572812e-08, 'L_entropy_weight_yyx': 6.210707859886042e-09, 'L_sep_weight_yyx': 0.0004840259604187418, 'L_scale_weight_yyx': 3.002063091441107e-10, 'learning_rate_yyx': 0.001214429190145782}. Best is trial 0 with value: -0.526919484302463.
[I 2026-03-18 17:01:43,194] Trial 0 finished with value: -1.2299382602882032 and parameters: {'n_layers_yyx': 2, 'hidden_size_yyx_l0': 5, 'hidden_size_yyx_l1': 2, 'context_size_yyx': 1, 'num_mix_components_yyx': 4, 'context_extractor_yyx': 'gru', 'activation_func_yyx': 'GELU', 'L2_weight_yyx': 1.897840088651235e-06, 'L_entropy_weight_yyx': 6.351563296400211e-06, 'L_sep_weight_yyx': 7.48126174130182e-05, 'L_scale_weight_yyx': 5.2809375509129476e-05, 'learning_rate_yyx': 0.0020620473629709905}. Best is trial 0 with value: -1.2299382602882032.
[I 2026-03-18 17:01:45,798] Trial 1 finished with value: -3.150442838019967 and parameters: {'n_layers_yyx': 1, 'hidden_size_yyx_l0': 5, 'context_size_yyx': 2, 'num_mix_components_yyx': 3, 'context_extractor_yyx': 'lstm', 'activation_func_yyx': 'GELU', 'L2_weight_yyx': 1.6463601687984565e-07, 'L_entropy_weight_yyx': 8.024643099033443e-06, 'L_sep_weight_yyx': 0.0008764284209067998, 'L_scale_weight_yyx': 1.789592302623534e-08, 'learning_rate_yyx': 0.004639712968786621}. Best is trial 1 with value: -3.150442838019967.
[I 2026-03-18 17:01:45,815] Trial 0 finished with value: -3.150597252265314 and parameters: {'n_layers_yyx': 1, 'hidden_size_yyx_l0': 2, 'context_size_yyx': 3, 'num_mix_components_yyx': 5, 'context_extractor_yyx': 'lstm', 'activation_func_yyx': 'Tanh', 'L2_weight_yyx': 1.4915879499825451e-05, 'L_entropy_weight_yyx': 1.8700284841020666e-10, 'L_sep_weight_yyx': 7.480842018930266e-07, 'L_scale_weight_yyx': 0.0003070609618891354, 'learning_rate_yyx': 0.003385248521694208}. Best is trial 0 with value: -3.150597252265314.
[I 2026-03-18 17:01:55,195] Trial 0 finished with value: -3.137361273991928 and parameters: {'n_layers_yyx': 2, 'hidden_size_yyx_l0': 6, 'hidden_size_yyx_l1': 3, 'context_size_yyx': 4, 'num_mix_components_yyx': 1, 'context_extractor_yyx': 'gru', 'activation_func_yyx': 'ReLU', 'L2_weight_yyx': 1.3295798465464332e-08, 'L_entropy_weight_yyx': 1.4104403422923684e-05, 'L_sep_weight_yyx': 3.235139556362483e-07, 'L_scale_weight_yyx': 5.5390787816999407e-08, 'learning_rate_yyx': 0.0012273403073382243}. Best is trial 0 with value: -3.137361273991928.
[I 2026-03-18 17:02:10,940] Trial 1 finished with value: -1.2594676132343172 and parameters: {'n_layers_yyx': 2, 'hidden_size_yyx_l0': 5, 'hidden_size_yyx_l1': 6, 'context_size_yyx': 4, 'num_mix_components_yyx': 2, 'context_extractor_yyx': 'gru', 'activation_func_yyx': 'ReLU', 'L2_weight_yyx': 0.00033425261541325096, 'L_entropy_weight_yyx': 9.220478403608236e-09, 'L_sep_weight_yyx': 3.873392333579669e-09, 'L_scale_weight_yyx': 1.3278915413251902e-09, 'learning_rate_yyx': 0.006913425471216307}. Best is trial 0 with value: -1.2691870881537193.
[I 2026-03-18 17:02:14,303] Trial 1 finished with value: -0.5642893291405175 and parameters: {'n_layers_yyx': 2, 'hidden_size_yyx_l0': 6, 'hidden_size_yyx_l1': 6, 'context_size_yyx': 2, 'num_mix_components_yyx': 3, 'context_extractor_yyx': 'gru', 'activation_func_yyx': 'ReLU', 'L2_weight_yyx': 0.00027531337785313004, 'L_entropy_weight_yyx': 2.0559675317884298e-08, 'L_sep_weight_yyx': 4.796167626536026e-06, 'L_scale_weight_yyx': 1.1892594873424121e-05, 'learning_rate_yyx': 0.000941207376174686}. Best is trial 0 with value: -0.581007651810469.
[I 2026-03-18 17:02:16,844] Trial 1 pruned. 
[I 2026-03-18 17:02:20,735] Trial 0 finished with value: -0.5140343709365865 and parameters: {'n_layers_yyx': 1, 'hidden_size_yyx_l0': 3, 'context_size_yyx': 1, 'num_mix_components_yyx': 1, 'context_extractor_yyx': 'gru', 'activation_func_yyx': 'Tanh', 'L2_weight_yyx': 2.890322649762074e-06, 'L_entropy_weight_yyx': 1.6454330455803072e-06, 'L_sep_weight_yyx': 0.00017881896136725162, 'L_scale_weight_yyx': 2.1221335858901594e-06, 'learning_rate_yyx': 0.0012267351088546517}. Best is trial 0 with value: -0.5140343709365865.
[I 2026-03-18 17:02:26,813] Trial 0 finished with value: -3.1464314770929143 and parameters: {'n_layers_yyx': 1, 'hidden_size_yyx_l0': 6, 'context_size_yyx': 1, 'num_mix_components_yyx': 5, 'context_extractor_yyx': 'gru', 'activation_func_yyx': 'ReLU', 'L2_weight_yyx': 1.3874164712850265e-09, 'L_entropy_weight_yyx': 1.6274573127837802e-06, 'L_sep_weight_yyx': 1.0372804351988411e-09, 'L_scale_weight_yyx': 7.933559824629173e-10, 'learning_rate_yyx': 0.0013448670741426176}. Best is trial 0 with value: -3.1464314770929143.
[I 2026-03-18 17:02:33,593] Trial 0 finished with value: -1.2656102912042586 and parameters: {'n_layers_yyx': 2, 'hidden_size_yyx_l0': 3, 'hidden_size_yyx_l1': 5, 'context_size_yyx': 2, 'num_mix_components_yyx': 4, 'context_extractor_yyx': 'lstm', 'activation_func_yyx': 'ReLU', 'L2_weight_yyx': 5.366703524238235e-10, 'L_entropy_weight_yyx': 6.819149721424894e-10, 'L_sep_weight_yyx': 5.285552638313282e-09, 'L_scale_weight_yyx': 3.111667858076528e-07, 'learning_rate_yyx': 0.0006360117979598497}. Best is trial 0 with value: -1.2656102912042586.
[I 2026-03-18 17:02:34,435] Trial 1 finished with value: -1.2598051540071555 and parameters: {'n_layers_yyx': 2, 'hidden_size_yyx_l0': 5, 'hidden_size_yyx_l1': 6, 'context_size_yyx': 2, 'num_mix_components_yyx': 2, 'context_extractor_yyx': 'lstm', 'activation_func_yyx': 'ReLU', 'L2_weight_yyx': 1.2751582479811422e-10, 'L_entropy_weight_yyx': 0.0006940373589856449, 'L_sep_weight_yyx': 5.817494494343436e-08, 'L_scale_weight_yyx': 3.656357836058845e-08, 'learning_rate_yyx': 0.003898198100378426}. Best is trial 0 with value: -1.260856452138058.
[I 2026-03-18 17:02:43,318] Trial 1 finished with value: -1.2312460527402416 and parameters: {'n_layers_yyx': 2, 'hidden_size_yyx_l0': 6, 'hidden_size_yyx_l1': 3, 'context_size_yyx': 1, 'num_mix_components_yyx': 1, 'context_extractor_yyx': 'lstm', 'activation_func_yyx': 'ReLU', 'L2_weight_yyx': 1.0940521561289823e-10, 'L_entropy_weight_yyx': 1.87386504950569e-07, 'L_sep_weight_yyx': 0.00034077234394588174, 'L_scale_weight_yyx': 2.9705783617513616e-07, 'learning_rate_yyx': 0.0051975048950014145}. Best is trial 1 with value: -1.2312460527402416.
[I 2026-03-18 17:02:44,899] Trial 1 finished with value: -3.1110497742477508 and parameters: {'n_layers_yyx': 1, 'hidden_size_yyx_l0': 5, 'context_size_yyx': 2, 'num_mix_components_yyx': 4, 'context_extractor_yyx': 'lstm', 'activation_func_yyx': 'Tanh', 'L2_weight_yyx': 5.349169222896026e-09, 'L_entropy_weight_yyx': 1.0491668632608726e-09, 'L_sep_weight_yyx': 1.157095292459009e-05, 'L_scale_weight_yyx': 1.0570261648699192e-10, 'learning_rate_yyx': 0.0022961119567238082}. Best is trial 1 with value: -3.1110497742477508.
[I 2026-03-18 17:02:49,365] Trial 0 finished with value: -1.2515830500068594 and parameters: {'n_layers_yyx': 1, 'hidden_size_yyx_l0': 3, 'context_size_yyx': 3, 'num_mix_components_yyx': 2, 'context_extractor_yyx': 'gru', 'activation_func_yyx': 'ReLU', 'L2_weight_yyx': 2.1876249377129e-06, 'L_entropy_weight_yyx': 4.0823702335412897e-10, 'L_sep_weight_yyx': 2.1717607566991738e-05, 'L_scale_weight_yyx': 6.168897322066082e-08, 'learning_rate_yyx': 0.0018978883570796386}. Best is trial 0 with value: -1.2515830500068594.
[I 2026-03-18 17:02:49,407] Trial 1 finished with value: -1.2526267751528022 and parameters: {'n_layers_yyx': 2, 'hidden_size_yyx_l0': 4, 'hidden_size_yyx_l1': 3, 'context_size_yyx': 4, 'num_mix_components_yyx': 5, 'context_extractor_yyx': 'gru', 'activation_func_yyx': 'GELU', 'L2_weight_yyx': 1.0081310931399079e-05, 'L_entropy_weight_yyx': 4.969573081855397e-07, 'L_sep_weight_yyx': 0.0005980036562849601, 'L_scale_weight_yyx': 1.1182469028641696e-05, 'learning_rate_yyx': 0.0013382597111129858}. Best is trial 0 with value: -1.255221580181016.
[I 2026-03-18 17:02:53,820] Trial 2 pruned. 
[I 2026-03-18 17:03:14,865] Trial 2 pruned. 
[I 2026-03-18 17:03:22,113] Trial 0 finished with value: -3.1089389456004572 and parameters: {'n_layers_yyx': 1, 'hidden_size_yyx_l0': 3, 'context_size_yyx': 4, 'num_mix_components_yyx': 3, 'context_extractor_yyx': 'gru', 'activation_func_yyx': 'Tanh', 'L2_weight_yyx': 6.175652402157747e-10, 'L_entropy_weight_yyx': 5.913238020688336e-08, 'L_sep_weight_yyx': 5.334104386031579e-07, 'L_scale_weight_yyx': 1.5599411808156997e-06, 'learning_rate_yyx': 0.0007459352798635303}. Best is trial 0 with value: -3.1089389456004572.
[I 2026-03-18 17:03:30,773] Trial 0 finished with value: -3.133650902723724 and parameters: {'n_layers_yyx': 1, 'hidden_size_yyx_l0': 6, 'context_size_yyx': 2, 'num_mix_components_yyx': 3, 'context_extractor_yyx': 'gru', 'activation_func_yyx': 'ReLU', 'L2_weight_yyx': 1.894173172924108e-09, 'L_entropy_weight_yyx': 0.0002257546817098168, 'L_sep_weight_yyx': 0.00036617330346199405, 'L_scale_weight_yyx': 6.93491250231893e-09, 'learning_rate_yyx': 0.0006269978186135246}. Best is trial 0 with value: -3.133650902723724.
[I 2026-03-18 17:03:43,871] Trial 1 pruned. 
[I 2026-03-18 17:03:53,953] Trial 1 pruned. 
[I 2026-03-18 17:03:55,352] Trial 1 finished with value: -0.5540046114705124 and parameters: {'n_layers_yyx': 2, 'hidden_size_yyx_l0': 4, 'hidden_size_yyx_l1': 6, 'context_size_yyx': 4, 'num_mix_components_yyx': 4, 'context_extractor_yyx': 'lstm', 'activation_func_yyx': 'GELU', 'L2_weight_yyx': 1.2568614390478798e-08, 'L_entropy_weight_yyx': 2.805800078042942e-06, 'L_sep_weight_yyx': 1.6779013144036854e-05, 'L_scale_weight_yyx': 2.6947179986643186e-07, 'learning_rate_yyx': 0.004286607791375684}. Best is trial 1 with value: -0.5540046114705124.
[I 2026-03-18 17:04:02,948] Trial 3 finished with value: -0.5680763632919962 and parameters: {'n_layers_yyx': 1, 'hidden_size_yyx_l0': 5, 'context_size_yyx': 4, 'num_mix_components_yyx': 3, 'context_extractor_yyx': 'gru', 'activation_func_yyx': 'GELU', 'L2_weight_yyx': 1.8276125634068412e-07, 'L_entropy_weight_yyx': 3.421499521448139e-08, 'L_sep_weight_yyx': 7.60059689801214e-05, 'L_scale_weight_yyx': 0.0003965065930144515, 'learning_rate_yyx': 0.0035609735064651084}. Best is trial 3 with value: -0.5680763632919962.
[I 2026-03-18 17:04:09,571] Trial 1 finished with value: -3.126730890715153 and parameters: {'n_layers_yyx': 2, 'hidden_size_yyx_l0': 5, 'hidden_size_yyx_l1': 5, 'context_size_yyx': 4, 'num_mix_components_yyx': 3, 'context_extractor_yyx': 'gru', 'activation_func_yyx': 'GELU', 'L2_weight_yyx': 8.306125248169095e-08, 'L_entropy_weight_yyx': 1.865614011127462e-10, 'L_sep_weight_yyx': 4.1309711425569086e-06, 'L_scale_weight_yyx': 0.0007538405199742278, 'learning_rate_yyx': 0.0019593315889946876}. Best is trial 1 with value: -3.126730890715153.
[I 2026-03-18 17:04:21,410] Trial 1 finished with value: -1.2443446584197377 and parameters: {'n_layers_yyx': 1, 'hidden_size_yyx_l0': 2, 'context_size_yyx': 1, 'num_mix_components_yyx': 3, 'context_extractor_yyx': 'gru', 'activation_func_yyx': 'Tanh', 'L2_weight_yyx': 1.0663098923384057e-10, 'L_entropy_weight_yyx': 2.021707849045549e-05, 'L_sep_weight_yyx': 1.937863600713336e-06, 'L_scale_weight_yyx': 9.601342087268872e-08, 'learning_rate_yyx': 0.007729227066858859}. Best is trial 0 with value: -1.2528411103705162.
[I 2026-03-18 17:04:22,012] Trial 4 pruned. 
[I 2026-03-18 17:04:24,507] Trial 1 finished with value: -3.1505299612690063 and parameters: {'n_layers_yyx': 2, 'hidden_size_yyx_l0': 5, 'hidden_size_yyx_l1': 3, 'context_size_yyx': 2, 'num_mix_components_yyx': 5, 'context_extractor_yyx': 'gru', 'activation_func_yyx': 'GELU', 'L2_weight_yyx': 2.825404687923786e-07, 'L_entropy_weight_yyx': 7.032052044203604e-07, 'L_sep_weight_yyx': 1.2002295101015092e-08, 'L_scale_weight_yyx': 1.0446848934924216e-08, 'learning_rate_yyx': 0.00966222855471058}. Best is trial 1 with value: -3.1505299612690063.
[I 2026-03-18 17:04:27,518] Trial 2 pruned. 
[I 2026-03-18 17:04:32,879] Trial 3 finished with value: -3.1534373073156847 and parameters: {'n_layers_yyx': 1, 'hidden_size_yyx_l0': 3, 'context_size_yyx': 4, 'num_mix_components_yyx': 1, 'context_extractor_yyx': 'gru', 'activation_func_yyx': 'GELU', 'L2_weight_yyx': 5.288955959921119e-05, 'L_entropy_weight_yyx': 4.527971669579758e-07, 'L_sep_weight_yyx': 2.350154956015759e-07, 'L_scale_weight_yyx': 1.1185267768813275e-09, 'learning_rate_yyx': 0.0079321183891177}. Best is trial 3 with value: -3.1534373073156847.
[I 2026-03-18 17:04:35,165] Trial 2 pruned. 
[I 2026-03-18 17:04:41,154] Trial 2 finished with value: -1.2627738205209897 and parameters: {'n_layers_yyx': 2, 'hidden_size_yyx_l0': 4, 'hidden_size_yyx_l1': 4, 'context_size_yyx': 3, 'num_mix_components_yyx': 3, 'context_extractor_yyx': 'gru', 'activation_func_yyx': 'ReLU', 'L2_weight_yyx': 4.3939104421327225e-08, 'L_entropy_weight_yyx': 4.5333220210455225e-06, 'L_sep_weight_yyx': 7.62053278146267e-10, 'L_scale_weight_yyx': 0.00017469848557803306, 'learning_rate_yyx': 0.006515712461686554}. Best is trial 0 with value: -1.2691870881537193.
[I 2026-03-18 17:04:47,881] Trial 2 finished with value: -0.5782459369223908 and parameters: {'n_layers_yyx': 2, 'hidden_size_yyx_l0': 3, 'hidden_size_yyx_l1': 5, 'context_size_yyx': 2, 'num_mix_components_yyx': 3, 'context_extractor_yyx': 'lstm', 'activation_func_yyx': 'GELU', 'L2_weight_yyx': 1.5605329809501299e-09, 'L_entropy_weight_yyx': 1.1575383788697615e-07, 'L_sep_weight_yyx': 2.6535283945549595e-09, 'L_scale_weight_yyx': 8.228268045089866e-07, 'learning_rate_yyx': 0.0058552259711271495}. Best is trial 0 with value: -0.581007651810469.
[I 2026-03-18 17:04:52,260] Trial 5 pruned. 
[I 2026-03-18 17:04:52,818] Trial 2 pruned. 
[I 2026-03-18 17:04:56,512] Trial 3 pruned. 
[I 2026-03-18 17:05:00,020] Trial 3 pruned. 
[I 2026-03-18 17:05:09,998] Trial 1 finished with value: -0.5670251859431418 and parameters: {'n_layers_yyx': 2, 'hidden_size_yyx_l0': 3, 'hidden_size_yyx_l1': 6, 'context_size_yyx': 1, 'num_mix_components_yyx': 5, 'context_extractor_yyx': 'lstm', 'activation_func_yyx': 'GELU', 'L2_weight_yyx': 3.895626915949738e-08, 'L_entropy_weight_yyx': 3.498560740457536e-05, 'L_sep_weight_yyx': 1.1160146975038837e-08, 'L_scale_weight_yyx': 1.5673333058037603e-08, 'learning_rate_yyx': 0.0007882933134731391}. Best is trial 1 with value: -0.5670251859431418.
[I 2026-03-18 17:05:12,049] Trial 1 finished with value: -1.2370828880722073 and parameters: {'n_layers_yyx': 2, 'hidden_size_yyx_l0': 2, 'hidden_size_yyx_l1': 2, 'context_size_yyx': 4, 'num_mix_components_yyx': 1, 'context_extractor_yyx': 'gru', 'activation_func_yyx': 'GELU', 'L2_weight_yyx': 1.289375738804215e-08, 'L_entropy_weight_yyx': 2.847025855367744e-07, 'L_sep_weight_yyx': 3.233222832794816e-10, 'L_scale_weight_yyx': 3.818812593755468e-07, 'learning_rate_yyx': 0.004649409179387659}. Best is trial 0 with value: -1.2747321457392233.
[I 2026-03-18 17:05:13,289] Trial 3 pruned. 
[I 2026-03-18 17:05:13,438] Trial 3 finished with value: -1.265314140954432 and parameters: {'n_layers_yyx': 1, 'hidden_size_yyx_l0': 6, 'context_size_yyx': 4, 'num_mix_components_yyx': 4, 'context_extractor_yyx': 'lstm', 'activation_func_yyx': 'ReLU', 'L2_weight_yyx': 1.673279030624903e-08, 'L_entropy_weight_yyx': 1.0355249903272671e-10, 'L_sep_weight_yyx': 3.043730303456599e-08, 'L_scale_weight_yyx': 1.9707445045911754e-09, 'learning_rate_yyx': 0.00916172464110425}. Best is trial 3 with value: -1.265314140954432.
[I 2026-03-18 17:05:14,367] Trial 5 finished with value: -3.1104415241887726 and parameters: {'n_layers_yyx': 1, 'hidden_size_yyx_l0': 5, 'context_size_yyx': 4, 'num_mix_components_yyx': 4, 'context_extractor_yyx': 'lstm', 'activation_func_yyx': 'GELU', 'L2_weight_yyx': 0.0006797345660712622, 'L_entropy_weight_yyx': 0.00035511591799978234, 'L_sep_weight_yyx': 1.6373732787522727e-09, 'L_scale_weight_yyx': 5.057908553633056e-07, 'learning_rate_yyx': 0.0007429085954095351}. Best is trial 0 with value: -3.1199443073044333.
[I 2026-03-18 17:05:14,714] Trial 1 finished with value: -3.1457344405398717 and parameters: {'n_layers_yyx': 2, 'hidden_size_yyx_l0': 6, 'hidden_size_yyx_l1': 4, 'context_size_yyx': 3, 'num_mix_components_yyx': 3, 'context_extractor_yyx': 'lstm', 'activation_func_yyx': 'Tanh', 'L2_weight_yyx': 1.363165551604172e-10, 'L_entropy_weight_yyx': 1.3531725207956063e-05, 'L_sep_weight_yyx': 0.00019207418254697795, 'L_scale_weight_yyx': 1.3448407176995052e-05, 'learning_rate_yyx': 0.002648015533556386}. Best is trial 1 with value: -3.1457344405398717.
[I 2026-03-18 17:05:18,493] Trial 4 pruned. 
[I 2026-03-18 17:05:20,453] Trial 1 finished with value: -1.2648516600321489 and parameters: {'n_layers_yyx': 1, 'hidden_size_yyx_l0': 6, 'context_size_yyx': 2, 'num_mix_components_yyx': 4, 'context_extractor_yyx': 'lstm', 'activation_func_yyx': 'Tanh', 'L2_weight_yyx': 8.239986482046615e-06, 'L_entropy_weight_yyx': 2.926421769541009e-07, 'L_sep_weight_yyx': 8.088369578843908e-10, 'L_scale_weight_yyx': 9.14598026813364e-05, 'learning_rate_yyx': 0.0011966664433202487}. Best is trial 1 with value: -1.2648516600321489.
[I 2026-03-18 17:05:23,235] Trial 3 pruned. 
[I 2026-03-18 17:05:34,293] Trial 4 pruned. 
[I 2026-03-18 17:05:34,686] Trial 4 pruned. 
[I 2026-03-18 17:05:40,651] Trial 2 pruned. 
[I 2026-03-18 17:05:43,997] Trial 5 pruned. 
[I 2026-03-18 17:05:46,089] Trial 1 finished with value: -3.145951069607026 and parameters: {'n_layers_yyx': 2, 'hidden_size_yyx_l0': 2, 'hidden_size_yyx_l1': 6, 'context_size_yyx': 3, 'num_mix_components_yyx': 3, 'context_extractor_yyx': 'lstm', 'activation_func_yyx': 'ReLU', 'L2_weight_yyx': 0.0003486852015834001, 'L_entropy_weight_yyx': 1.897181724914367e-10, 'L_sep_weight_yyx': 5.800323735287389e-08, 'L_scale_weight_yyx': 5.350166794125438e-09, 'learning_rate_yyx': 0.0009496262986035271}. Best is trial 1 with value: -3.145951069607026.
[I 2026-03-18 17:05:46,962] Trial 4 pruned. 
[I 2026-03-18 17:05:50,575] Trial 2 finished with value: -0.5529010253234612 and parameters: {'n_layers_yyx': 2, 'hidden_size_yyx_l0': 5, 'hidden_size_yyx_l1': 3, 'context_size_yyx': 1, 'num_mix_components_yyx': 1, 'context_extractor_yyx': 'gru', 'activation_func_yyx': 'GELU', 'L2_weight_yyx': 0.0005684876183248996, 'L_entropy_weight_yyx': 5.2454241282437606e-08, 'L_sep_weight_yyx': 0.00023172571572946399, 'L_scale_weight_yyx': 0.0002723873112605982, 'learning_rate_yyx': 0.00659368453088576}. Best is trial 1 with value: -0.5540046114705124.
[I 2026-03-18 17:05:56,334] Trial 1 finished with value: -1.1496560031517156 and parameters: {'n_layers_yyx': 2, 'hidden_size_yyx_l0': 2, 'hidden_size_yyx_l1': 5, 'context_size_yyx': 1, 'num_mix_components_yyx': 5, 'context_extractor_yyx': 'lstm', 'activation_func_yyx': 'GELU', 'L2_weight_yyx': 7.368121903859254e-09, 'L_entropy_weight_yyx': 1.5664408596206163e-05, 'L_sep_weight_yyx': 2.614372954801189e-10, 'L_scale_weight_yyx': 2.0705602267726417e-07, 'learning_rate_yyx': 0.001963832644130092}. Best is trial 0 with value: -1.2656102912042586.
[I 2026-03-18 17:06:00,301] Trial 6 pruned. 
[I 2026-03-18 17:06:17,168] Trial 2 finished with value: -3.1071079207019827 and parameters: {'n_layers_yyx': 1, 'hidden_size_yyx_l0': 2, 'context_size_yyx': 3, 'num_mix_components_yyx': 1, 'context_extractor_yyx': 'gru', 'activation_func_yyx': 'ReLU', 'L2_weight_yyx': 2.9113290480934916e-10, 'L_entropy_weight_yyx': 1.0169468415354328e-06, 'L_sep_weight_yyx': 1.2972384874796842e-05, 'L_scale_weight_yyx': 9.448713988958329e-06, 'learning_rate_yyx': 0.0024227719318250943}. Best is trial 0 with value: -3.1190589761594594.
[I 2026-03-18 17:06:18,579] Trial 7 pruned. 
[I 2026-03-18 17:06:20,390] Trial 1 pruned. 
[I 2026-03-18 17:06:20,744] Trial 2 finished with value: -3.1501405578480686 and parameters: {'n_layers_yyx': 1, 'hidden_size_yyx_l0': 6, 'context_size_yyx': 3, 'num_mix_components_yyx': 2, 'context_extractor_yyx': 'lstm', 'activation_func_yyx': 'Tanh', 'L2_weight_yyx': 0.00025068138883036314, 'L_entropy_weight_yyx': 0.0003223153769159822, 'L_sep_weight_yyx': 7.832235762198876e-09, 'L_scale_weight_yyx': 5.35915931152388e-10, 'learning_rate_yyx': 0.0074958582295403045}. Best is trial 2 with value: -3.1501405578480686.
[I 2026-03-18 17:06:25,250] Trial 2 finished with value: -3.1235621753098126 and parameters: {'n_layers_yyx': 2, 'hidden_size_yyx_l0': 5, 'hidden_size_yyx_l1': 5, 'context_size_yyx': 4, 'num_mix_components_yyx': 1, 'context_extractor_yyx': 'lstm', 'activation_func_yyx': 'ReLU', 'L2_weight_yyx': 0.00036302544525754037, 'L_entropy_weight_yyx': 7.085564153594482e-10, 'L_sep_weight_yyx': 2.4410212642646714e-10, 'L_scale_weight_yyx': 8.807791036260954e-09, 'learning_rate_yyx': 0.00894717877620173}. Best is trial 2 with value: -3.1235621753098126.
[I 2026-03-18 17:06:36,980] Trial 5 pruned. 
[I 2026-03-18 17:06:37,592] Trial 8 pruned. 
[I 2026-03-18 17:06:40,486] Trial 2 pruned. 
[I 2026-03-18 17:06:40,757] Trial 2 pruned. 
[I 2026-03-18 17:06:41,682] Trial 1 finished with value: -3.166268711244678 and parameters: {'n_layers_yyx': 1, 'hidden_size_yyx_l0': 6, 'context_size_yyx': 4, 'num_mix_components_yyx': 5, 'context_extractor_yyx': 'gru', 'activation_func_yyx': 'ReLU', 'L2_weight_yyx': 2.1723638932907117e-09, 'L_entropy_weight_yyx': 4.019922241219083e-06, 'L_sep_weight_yyx': 1.950403750180728e-06, 'L_scale_weight_yyx': 1.6179256774769658e-10, 'learning_rate_yyx': 0.0021859999790176505}. Best is trial 1 with value: -3.166268711244678.
[I 2026-03-18 17:06:44,757] Trial 3 pruned. 
[I 2026-03-18 17:06:50,361] Trial 4 finished with value: -3.147717290077944 and parameters: {'n_layers_yyx': 2, 'hidden_size_yyx_l0': 3, 'hidden_size_yyx_l1': 3, 'context_size_yyx': 3, 'num_mix_components_yyx': 4, 'context_extractor_yyx': 'lstm', 'activation_func_yyx': 'GELU', 'L2_weight_yyx': 2.4453998554387256e-09, 'L_entropy_weight_yyx': 6.859810351889358e-09, 'L_sep_weight_yyx': 1.6641311161176863e-09, 'L_scale_weight_yyx': 2.779078634973652e-10, 'learning_rate_yyx': 0.005374489962624479}. Best is trial 3 with value: -3.1534373073156847.
[I 2026-03-18 17:06:50,375] Trial 2 finished with value: -3.1172003082834023 and parameters: {'n_layers_yyx': 2, 'hidden_size_yyx_l0': 3, 'hidden_size_yyx_l1': 2, 'context_size_yyx': 2, 'num_mix_components_yyx': 1, 'context_extractor_yyx': 'gru', 'activation_func_yyx': 'ReLU', 'L2_weight_yyx': 2.4041117073083043e-08, 'L_entropy_weight_yyx': 7.136489145250913e-05, 'L_sep_weight_yyx': 1.984808198237884e-07, 'L_scale_weight_yyx': 1.6297869637585088e-05, 'learning_rate_yyx': 0.009403175318007804}. Best is trial 0 with value: -3.1460828145824977.
[I 2026-03-18 17:06:52,807] Trial 9 pruned. 
[I 2026-03-18 17:06:59,005] Trial 6 pruned. 
[I 2026-03-18 17:07:01,407] Trial 2 finished with value: -1.241674299821836 and parameters: {'n_layers_yyx': 2, 'hidden_size_yyx_l0': 6, 'hidden_size_yyx_l1': 6, 'context_size_yyx': 2, 'num_mix_components_yyx': 4, 'context_extractor_yyx': 'lstm', 'activation_func_yyx': 'GELU', 'L2_weight_yyx': 3.692830169163529e-05, 'L_entropy_weight_yyx': 1.1500697452633733e-10, 'L_sep_weight_yyx': 1.5769765851602853e-05, 'L_scale_weight_yyx': 5.052240526669589e-05, 'learning_rate_yyx': 0.0014811610961937838}. Best is trial 0 with value: -1.255221580181016.
[I 2026-03-18 17:07:06,477] Trial 3 pruned. 
[I 2026-03-18 17:07:08,623] Trial 2 pruned. 
[I 2026-03-18 17:07:14,061] Trial 3 pruned. 
[I 2026-03-18 17:07:21,958] Trial 1 finished with value: -1.2575015563400749 and parameters: {'n_layers_yyx': 2, 'hidden_size_yyx_l0': 6, 'hidden_size_yyx_l1': 2, 'context_size_yyx': 2, 'num_mix_components_yyx': 5, 'context_extractor_yyx': 'lstm', 'activation_func_yyx': 'ReLU', 'L2_weight_yyx': 1.4077928952072657e-08, 'L_entropy_weight_yyx': 3.5288714399799865e-10, 'L_sep_weight_yyx': 1.0635323211308718e-06, 'L_scale_weight_yyx': 1.8242352361388613e-07, 'learning_rate_yyx': 0.0010224620018688439}. Best is trial 1 with value: -1.2575015563400749.
[I 2026-03-18 17:07:22,481] Trial 2 finished with value: -3.1451786024824977 and parameters: {'n_layers_yyx': 1, 'hidden_size_yyx_l0': 5, 'context_size_yyx': 1, 'num_mix_components_yyx': 2, 'context_extractor_yyx': 'gru', 'activation_func_yyx': 'Tanh', 'L2_weight_yyx': 9.363445188639774e-06, 'L_entropy_weight_yyx': 0.0001158282481567587, 'L_sep_weight_yyx': 1.4134563740135082e-07, 'L_scale_weight_yyx': 1.519650951975501e-07, 'learning_rate_yyx': 0.0006804953841613864}. Best is trial 2 with value: -3.1451786024824977.
[I 2026-03-18 17:07:32,197] Trial 7 pruned. 
[I 2026-03-18 17:07:35,760] Trial 4 pruned. 
[I 2026-03-18 17:07:42,614] Trial 1 finished with value: -3.1478210420414996 and parameters: {'n_layers_yyx': 1, 'hidden_size_yyx_l0': 2, 'context_size_yyx': 4, 'num_mix_components_yyx': 1, 'context_extractor_yyx': 'gru', 'activation_func_yyx': 'GELU', 'L2_weight_yyx': 0.0009363493623999245, 'L_entropy_weight_yyx': 3.7294558158197196e-08, 'L_sep_weight_yyx': 1.372259492026015e-09, 'L_scale_weight_yyx': 5.272399779327583e-10, 'learning_rate_yyx': 0.0014636646262568432}. Best is trial 1 with value: -3.1478210420414996.
[I 2026-03-18 17:07:44,193] Trial 4 pruned. 
[I 2026-03-18 17:07:50,016] Trial 3 pruned. 
[I 2026-03-18 17:07:50,986] Trial 8 pruned. 
[I 2026-03-18 17:07:59,172] Trial 3 finished with value: -0.5628998348440724 and parameters: {'n_layers_yyx': 2, 'hidden_size_yyx_l0': 3, 'hidden_size_yyx_l1': 5, 'context_size_yyx': 4, 'num_mix_components_yyx': 4, 'context_extractor_yyx': 'lstm', 'activation_func_yyx': 'GELU', 'L2_weight_yyx': 0.0002946484413710562, 'L_entropy_weight_yyx': 4.069469151078649e-07, 'L_sep_weight_yyx': 5.32014914023069e-09, 'L_scale_weight_yyx': 0.00023431801237384122, 'learning_rate_yyx': 0.0016993400169682882}. Best is trial 3 with value: -0.5628998348440724.
[I 2026-03-18 17:07:59,436] Trial 2 finished with value: -1.1544905854681724 and parameters: {'n_layers_yyx': 1, 'hidden_size_yyx_l0': 3, 'context_size_yyx': 1, 'num_mix_components_yyx': 1, 'context_extractor_yyx': 'gru', 'activation_func_yyx': 'Tanh', 'L2_weight_yyx': 2.047000652525923e-07, 'L_entropy_weight_yyx': 2.5753888941111617e-05, 'L_sep_weight_yyx': 0.0009788230263724827, 'L_scale_weight_yyx': 5.6325097840869596e-05, 'learning_rate_yyx': 0.0017962722273608363}. Best is trial 1 with value: -1.2312460527402416.
[I 2026-03-18 17:08:02,551] Trial 1 finished with value: -1.2314732775450195 and parameters: {'n_layers_yyx': 2, 'hidden_size_yyx_l0': 5, 'hidden_size_yyx_l1': 3, 'context_size_yyx': 4, 'num_mix_components_yyx': 1, 'context_extractor_yyx': 'gru', 'activation_func_yyx': 'Tanh', 'L2_weight_yyx': 1.2483536332002114e-05, 'L_entropy_weight_yyx': 1.882067934758042e-08, 'L_sep_weight_yyx': 1.2390537026532316e-10, 'L_scale_weight_yyx': 1.158211941070924e-07, 'learning_rate_yyx': 0.0008951927395596976}. Best is trial 1 with value: -1.2314732775450195.
[I 2026-03-18 17:08:02,614] Trial 5 finished with value: -1.2576807060876307 and parameters: {'n_layers_yyx': 2, 'hidden_size_yyx_l0': 3, 'hidden_size_yyx_l1': 5, 'context_size_yyx': 1, 'num_mix_components_yyx': 3, 'context_extractor_yyx': 'lstm', 'activation_func_yyx': 'ReLU', 'L2_weight_yyx': 9.197257131446438e-09, 'L_entropy_weight_yyx': 0.000405948678980829, 'L_sep_weight_yyx': 2.8473519189063435e-08, 'L_scale_weight_yyx': 6.093896251659671e-07, 'learning_rate_yyx': 0.005571736826133225}. Best is trial 0 with value: -1.2691870881537193.
[I 2026-03-18 17:08:04,234] Trial 2 finished with value: -1.2494253768497827 and parameters: {'n_layers_yyx': 2, 'hidden_size_yyx_l0': 5, 'hidden_size_yyx_l1': 5, 'context_size_yyx': 1, 'num_mix_components_yyx': 1, 'context_extractor_yyx': 'lstm', 'activation_func_yyx': 'ReLU', 'L2_weight_yyx': 5.9507830604258294e-08, 'L_entropy_weight_yyx': 0.000334818581670882, 'L_sep_weight_yyx': 2.7696834564932096e-10, 'L_scale_weight_yyx': 1.2804777718204981e-08, 'learning_rate_yyx': 0.00887421194335049}. Best is trial 1 with value: -1.2648516600321489.
[I 2026-03-18 17:08:05,559] Trial 3 finished with value: -0.584032942865049 and parameters: {'n_layers_yyx': 1, 'hidden_size_yyx_l0': 5, 'context_size_yyx': 3, 'num_mix_components_yyx': 2, 'context_extractor_yyx': 'gru', 'activation_func_yyx': 'Tanh', 'L2_weight_yyx': 1.3153194567243632e-07, 'L_entropy_weight_yyx': 5.881037219568272e-08, 'L_sep_weight_yyx': 6.8552421313735285e-06, 'L_scale_weight_yyx': 6.625268871819989e-09, 'learning_rate_yyx': 0.002361367103582362}. Best is trial 3 with value: -0.584032942865049.
[I 2026-03-18 17:08:07,974] Trial 2 finished with value: -3.1580584124267483 and parameters: {'n_layers_yyx': 2, 'hidden_size_yyx_l0': 2, 'hidden_size_yyx_l1': 4, 'context_size_yyx': 2, 'num_mix_components_yyx': 4, 'context_extractor_yyx': 'gru', 'activation_func_yyx': 'Tanh', 'L2_weight_yyx': 7.907919141024496e-08, 'L_entropy_weight_yyx': 3.381984306219124e-08, 'L_sep_weight_yyx': 7.960780558491427e-09, 'L_scale_weight_yyx': 5.0093355183569385e-08, 'learning_rate_yyx': 0.00814729109495757}. Best is trial 2 with value: -3.1580584124267483.
[I 2026-03-18 17:08:18,832] Trial 4 finished with value: -3.1221837628792355 and parameters: {'n_layers_yyx': 2, 'hidden_size_yyx_l0': 2, 'hidden_size_yyx_l1': 4, 'context_size_yyx': 1, 'num_mix_components_yyx': 1, 'context_extractor_yyx': 'gru', 'activation_func_yyx': 'ReLU', 'L2_weight_yyx': 2.852360814349556e-07, 'L_entropy_weight_yyx': 0.00016743235833005803, 'L_sep_weight_yyx': 4.9576543303924416e-09, 'L_scale_weight_yyx': 2.8562242129773727e-09, 'learning_rate_yyx': 0.005156833059295071}. Best is trial 1 with value: -3.126730890715153.
[I 2026-03-18 17:08:19,331] Trial 6 pruned. 
[I 2026-03-18 17:08:20,741] Trial 3 pruned. 
[I 2026-03-18 17:08:30,942] Trial 1 finished with value: -3.152505646630136 and parameters: {'n_layers_yyx': 2, 'hidden_size_yyx_l0': 2, 'hidden_size_yyx_l1': 6, 'context_size_yyx': 4, 'num_mix_components_yyx': 3, 'context_extractor_yyx': 'lstm', 'activation_func_yyx': 'ReLU', 'L2_weight_yyx': 3.953448899825945e-09, 'L_entropy_weight_yyx': 1.3969438307672972e-07, 'L_sep_weight_yyx': 1.3115064209092256e-07, 'L_scale_weight_yyx': 3.401635567239583e-08, 'learning_rate_yyx': 0.002412213721853536}. Best is trial 1 with value: -3.152505646630136.
[I 2026-03-18 17:08:32,046] Trial 4 pruned. 
[I 2026-03-18 17:08:33,771] Trial 3 pruned. 
[I 2026-03-18 17:08:38,365] Trial 5 pruned. 
[I 2026-03-18 17:08:43,263] Trial 6 finished with value: -0.5672768405247915 and parameters: {'n_layers_yyx': 2, 'hidden_size_yyx_l0': 3, 'hidden_size_yyx_l1': 6, 'context_size_yyx': 1, 'num_mix_components_yyx': 3, 'context_extractor_yyx': 'gru', 'activation_func_yyx': 'ReLU', 'L2_weight_yyx': 1.8481543912657223e-06, 'L_entropy_weight_yyx': 1.4056996142744084e-07, 'L_sep_weight_yyx': 2.7349790781013778e-09, 'L_scale_weight_yyx': 4.386415138812711e-06, 'learning_rate_yyx': 0.0006667182879857806}. Best is trial 3 with value: -0.5680763632919962.
[I 2026-03-18 17:08:44,675] Trial 4 pruned. 
[I 2026-03-18 17:08:47,102] Trial 2 finished with value: -1.2804754530695341 and parameters: {'n_layers_yyx': 2, 'hidden_size_yyx_l0': 3, 'hidden_size_yyx_l1': 4, 'context_size_yyx': 4, 'num_mix_components_yyx': 2, 'context_extractor_yyx': 'lstm', 'activation_func_yyx': 'GELU', 'L2_weight_yyx': 1.5149719629706902e-05, 'L_entropy_weight_yyx': 1.4934444341630732e-10, 'L_sep_weight_yyx': 1.1779249945306789e-07, 'L_scale_weight_yyx': 1.8658913513478024e-07, 'learning_rate_yyx': 0.003348138714457676}. Best is trial 2 with value: -1.2804754530695341.
[I 2026-03-18 17:08:47,547] Trial 5 pruned. 
[I 2026-03-18 17:08:53,195] Trial 6 finished with value: -3.1198373821348815 and parameters: {'n_layers_yyx': 1, 'hidden_size_yyx_l0': 2, 'context_size_yyx': 4, 'num_mix_components_yyx': 5, 'context_extractor_yyx': 'lstm', 'activation_func_yyx': 'ReLU', 'L2_weight_yyx': 1.7515762353930675e-06, 'L_entropy_weight_yyx': 4.327968398112727e-10, 'L_sep_weight_yyx': 1.5438479287244944e-07, 'L_scale_weight_yyx': 1.574345614214582e-10, 'learning_rate_yyx': 0.00440792865145928}. Best is trial 0 with value: -3.1199443073044333.
[I 2026-03-18 17:08:55,197] Trial 2 pruned. 
[I 2026-03-18 17:08:58,447] Trial 7 pruned. 
[I 2026-03-18 17:09:01,959] Trial 3 finished with value: -3.111951528757999 and parameters: {'n_layers_yyx': 2, 'hidden_size_yyx_l0': 2, 'hidden_size_yyx_l1': 3, 'context_size_yyx': 1, 'num_mix_components_yyx': 5, 'context_extractor_yyx': 'lstm', 'activation_func_yyx': 'GELU', 'L2_weight_yyx': 1.3376813823389628e-06, 'L_entropy_weight_yyx': 1.1705529979466812e-07, 'L_sep_weight_yyx': 4.454333932615991e-07, 'L_scale_weight_yyx': 1.1037992151449082e-10, 'learning_rate_yyx': 0.005556128232723482}. Best is trial 2 with value: -3.1501405578480686.
[I 2026-03-18 17:09:02,740] Trial 6 pruned. 
[I 2026-03-18 17:09:04,541] Trial 1 finished with value: -3.1198637868475014 and parameters: {'n_layers_yyx': 1, 'hidden_size_yyx_l0': 6, 'context_size_yyx': 3, 'num_mix_components_yyx': 1, 'context_extractor_yyx': 'gru', 'activation_func_yyx': 'ReLU', 'L2_weight_yyx': 1.0844412320448866e-10, 'L_entropy_weight_yyx': 3.476735348257989e-08, 'L_sep_weight_yyx': 3.889615875583476e-06, 'L_scale_weight_yyx': 2.0290265765829087e-05, 'learning_rate_yyx': 0.0005733801256785682}. Best is trial 0 with value: -3.1464314770929143.
[I 2026-03-18 17:09:11,876] Trial 5 pruned. 
[I 2026-03-18 17:09:12,490] Trial 8 pruned. 
[I 2026-03-18 17:09:13,934] Trial 10 finished with value: -1.2455096006834132 and parameters: {'n_layers_yyx': 2, 'hidden_size_yyx_l0': 4, 'hidden_size_yyx_l1': 6, 'context_size_yyx': 3, 'num_mix_components_yyx': 4, 'context_extractor_yyx': 'lstm', 'activation_func_yyx': 'Tanh', 'L2_weight_yyx': 6.750287441689257e-06, 'L_entropy_weight_yyx': 1.3384508131888098e-10, 'L_sep_weight_yyx': 0.0006606369402993577, 'L_scale_weight_yyx': 1.5312237288362228e-10, 'learning_rate_yyx': 0.003284918848331742}. Best is trial 0 with value: -1.2528411103705162.
[I 2026-03-18 17:09:19,182] Trial 7 pruned. 
[I 2026-03-18 17:09:19,845] Trial 2 pruned. 
[I 2026-03-18 17:09:24,509] Trial 2 finished with value: -3.151229652723366 and parameters: {'n_layers_yyx': 2, 'hidden_size_yyx_l0': 2, 'hidden_size_yyx_l1': 5, 'context_size_yyx': 4, 'num_mix_components_yyx': 2, 'context_extractor_yyx': 'gru', 'activation_func_yyx': 'GELU', 'L2_weight_yyx': 3.2306624228181744e-05, 'L_entropy_weight_yyx': 9.494421787181373e-09, 'L_sep_weight_yyx': 0.00046687230344503484, 'L_scale_weight_yyx': 1.2771726602130146e-10, 'learning_rate_yyx': 0.009810761208564415}. Best is trial 2 with value: -3.151229652723366.
[I 2026-03-18 17:09:24,998] Trial 7 pruned. 
[I 2026-03-18 17:09:26,997] Trial 4 pruned. 
[I 2026-03-18 17:09:27,611] Trial 2 pruned. 
[I 2026-03-18 17:09:36,513] Trial 5 finished with value: -3.1355884399126297 and parameters: {'n_layers_yyx': 1, 'hidden_size_yyx_l0': 4, 'context_size_yyx': 3, 'num_mix_components_yyx': 5, 'context_extractor_yyx': 'gru', 'activation_func_yyx': 'Tanh', 'L2_weight_yyx': 5.688528890309697e-06, 'L_entropy_weight_yyx': 7.343426791941919e-09, 'L_sep_weight_yyx': 1.162399352989985e-07, 'L_scale_weight_yyx': 0.0001642352588867284, 'learning_rate_yyx': 0.001977650054370625}. Best is trial 1 with value: -3.1505299612690063.
[I 2026-03-18 17:09:41,308] Trial 8 pruned. 
[I 2026-03-18 17:09:53,930] Trial 5 finished with value: -3.1813736784759756 and parameters: {'n_layers_yyx': 1, 'hidden_size_yyx_l0': 5, 'context_size_yyx': 4, 'num_mix_components_yyx': 4, 'context_extractor_yyx': 'gru', 'activation_func_yyx': 'GELU', 'L2_weight_yyx': 8.685586021050803e-10, 'L_entropy_weight_yyx': 3.7374060070129057e-07, 'L_sep_weight_yyx': 8.6866183883976e-07, 'L_scale_weight_yyx': 4.539537783845782e-10, 'learning_rate_yyx': 0.0019773745024292224}. Best is trial 5 with value: -3.1813736784759756.
[I 2026-03-18 17:09:54,863] Trial 3 finished with value: -1.264838805701067 and parameters: {'n_layers_yyx': 1, 'hidden_size_yyx_l0': 5, 'context_size_yyx': 4, 'num_mix_components_yyx': 4, 'context_extractor_yyx': 'gru', 'activation_func_yyx': 'Tanh', 'L2_weight_yyx': 8.925979540721152e-05, 'L_entropy_weight_yyx': 4.567788243889224e-06, 'L_sep_weight_yyx': 6.211260683805453e-05, 'L_scale_weight_yyx': 0.0003022860889680702, 'learning_rate_yyx': 0.007082513129821763}. Best is trial 1 with value: -1.2648516600321489.
[I 2026-03-18 17:09:54,970] Trial 3 pruned. 
[I 2026-03-18 17:10:00,986] Trial 2 finished with value: -1.2627689975026355 and parameters: {'n_layers_yyx': 1, 'hidden_size_yyx_l0': 4, 'context_size_yyx': 4, 'num_mix_components_yyx': 5, 'context_extractor_yyx': 'gru', 'activation_func_yyx': 'ReLU', 'L2_weight_yyx': 5.001183976927571e-05, 'L_entropy_weight_yyx': 2.590186079079014e-10, 'L_sep_weight_yyx': 1.650379983895355e-08, 'L_scale_weight_yyx': 1.3639168932800383e-10, 'learning_rate_yyx': 0.004438586120934635}. Best is trial 2 with value: -1.2627689975026355.
[I 2026-03-18 17:10:01,374] Trial 6 pruned. 
[I 2026-03-18 17:10:08,722] Trial 4 pruned. 
[I 2026-03-18 17:10:12,736] Trial 7 pruned. 
[I 2026-03-18 17:10:13,600] Trial 3 pruned. 
[I 2026-03-18 17:10:22,128] Trial 1 finished with value: -3.116163131326895 and parameters: {'n_layers_yyx': 2, 'hidden_size_yyx_l0': 2, 'hidden_size_yyx_l1': 2, 'context_size_yyx': 4, 'num_mix_components_yyx': 4, 'context_extractor_yyx': 'gru', 'activation_func_yyx': 'Tanh', 'L2_weight_yyx': 3.293710863879273e-10, 'L_entropy_weight_yyx': 1.58601907253779e-08, 'L_sep_weight_yyx': 1.7262878925882173e-09, 'L_scale_weight_yyx': 0.0001957613761239699, 'learning_rate_yyx': 0.0006102033954577125}. Best is trial 1 with value: -3.116163131326895.
[I 2026-03-18 17:10:22,408] Trial 5 pruned. 
[I 2026-03-18 17:10:23,079] Trial 2 finished with value: -3.1209907247301203 and parameters: {'n_layers_yyx': 1, 'hidden_size_yyx_l0': 3, 'context_size_yyx': 3, 'num_mix_components_yyx': 3, 'context_extractor_yyx': 'gru', 'activation_func_yyx': 'GELU', 'L2_weight_yyx': 1.2871406516168109e-08, 'L_entropy_weight_yyx': 3.0169186237840517e-07, 'L_sep_weight_yyx': 0.00030620777142241815, 'L_scale_weight_yyx': 6.4157613147281134e-06, 'learning_rate_yyx': 0.0073726062302203}. Best is trial 1 with value: -3.1478210420414996.
[I 2026-03-18 17:10:31,868] Trial 9 pruned. 
[I 2026-03-18 17:10:33,545] Trial 8 pruned. 
[I 2026-03-18 17:10:43,849] Trial 4 finished with value: -0.5469237462690477 and parameters: {'n_layers_yyx': 2, 'hidden_size_yyx_l0': 3, 'hidden_size_yyx_l1': 6, 'context_size_yyx': 2, 'num_mix_components_yyx': 1, 'context_extractor_yyx': 'lstm', 'activation_func_yyx': 'Tanh', 'L2_weight_yyx': 0.0007902951560975032, 'L_entropy_weight_yyx': 1.750208264381398e-07, 'L_sep_weight_yyx': 4.7096327616250105e-05, 'L_scale_weight_yyx': 5.45092319298028e-10, 'learning_rate_yyx': 0.003046040352179242}. Best is trial 3 with value: -0.5628998348440724.
[I 2026-03-18 17:10:46,723] Trial 6 pruned. 
[I 2026-03-18 17:10:47,066] Trial 3 pruned. 
[I 2026-03-18 17:10:47,983] Trial 3 finished with value: -3.1655211954768308 and parameters: {'n_layers_yyx': 1, 'hidden_size_yyx_l0': 4, 'context_size_yyx': 3, 'num_mix_components_yyx': 3, 'context_extractor_yyx': 'lstm', 'activation_func_yyx': 'GELU', 'L2_weight_yyx': 7.269594567634619e-10, 'L_entropy_weight_yyx': 1.2232155870355416e-07, 'L_sep_weight_yyx': 0.0006917952160855111, 'L_scale_weight_yyx': 0.0002058882391042208, 'learning_rate_yyx': 0.00660145070191209}. Best is trial 1 with value: -3.166268711244678.
[I 2026-03-18 17:10:49,780] Trial 9 pruned. 
[I 2026-03-18 17:10:50,366] Trial 7 pruned. 
[I 2026-03-18 17:10:52,952] Trial 5 pruned. 
[I 2026-03-18 17:10:54,734] Trial 3 finished with value: -0.5545388579860514 and parameters: {'n_layers_yyx': 1, 'hidden_size_yyx_l0': 3, 'context_size_yyx': 2, 'num_mix_components_yyx': 1, 'context_extractor_yyx': 'lstm', 'activation_func_yyx': 'GELU', 'L2_weight_yyx': 6.853342160781475e-08, 'L_entropy_weight_yyx': 2.696959873281217e-10, 'L_sep_weight_yyx': 1.8859935262389106e-10, 'L_scale_weight_yyx': 9.520338554230348e-05, 'learning_rate_yyx': 0.0007845946791154138}. Best is trial 1 with value: -0.5670251859431418.
[I 2026-03-18 17:11:10,036] Trial 4 pruned. 
[I 2026-03-18 17:11:11,625] Trial 8 pruned. 
[I 2026-03-18 17:11:11,858] Trial 3 finished with value: -3.1073116101489595 and parameters: {'n_layers_yyx': 1, 'hidden_size_yyx_l0': 3, 'context_size_yyx': 4, 'num_mix_components_yyx': 1, 'context_extractor_yyx': 'gru', 'activation_func_yyx': 'Tanh', 'L2_weight_yyx': 3.0003807378915136e-09, 'L_entropy_weight_yyx': 1.4043652890314924e-08, 'L_sep_weight_yyx': 8.488736081430387e-07, 'L_scale_weight_yyx': 0.0001353362978272215, 'learning_rate_yyx': 0.004873145736799934}. Best is trial 2 with value: -3.151229652723366.
[I 2026-03-18 17:11:11,886] Trial 8 pruned. 
[I 2026-03-18 17:11:14,701] Trial 4 finished with value: -3.115354651182172 and parameters: {'n_layers_yyx': 2, 'hidden_size_yyx_l0': 4, 'hidden_size_yyx_l1': 3, 'context_size_yyx': 4, 'num_mix_components_yyx': 1, 'context_extractor_yyx': 'gru', 'activation_func_yyx': 'Tanh', 'L2_weight_yyx': 2.1299376936618125e-08, 'L_entropy_weight_yyx': 0.0002966187434181515, 'L_sep_weight_yyx': 7.628096185513842e-10, 'L_scale_weight_yyx': 1.626682738676216e-05, 'learning_rate_yyx': 0.007969023250935795}. Best is trial 0 with value: -3.1464314770929143.
[I 2026-03-18 17:11:16,525] Trial 6 pruned. 
[I 2026-03-18 17:11:17,426] Trial 6 pruned. 
[I 2026-03-18 17:11:18,425] Trial 11 finished with value: -1.2458375518291143 and parameters: {'n_layers_yyx': 2, 'hidden_size_yyx_l0': 4, 'hidden_size_yyx_l1': 6, 'context_size_yyx': 3, 'num_mix_components_yyx': 4, 'context_extractor_yyx': 'lstm', 'activation_func_yyx': 'Tanh', 'L2_weight_yyx': 1.851987205418616e-05, 'L_entropy_weight_yyx': 6.476213610214789e-10, 'L_sep_weight_yyx': 0.0006002060406559314, 'L_scale_weight_yyx': 1.563406664004249e-10, 'learning_rate_yyx': 0.004031601273976243}. Best is trial 0 with value: -1.2528411103705162.
[I 2026-03-18 17:11:21,967] Trial 2 finished with value: -1.244051413262838 and parameters: {'n_layers_yyx': 2, 'hidden_size_yyx_l0': 2, 'hidden_size_yyx_l1': 6, 'context_size_yyx': 1, 'num_mix_components_yyx': 2, 'context_extractor_yyx': 'gru', 'activation_func_yyx': 'GELU', 'L2_weight_yyx': 3.574459800583592e-05, 'L_entropy_weight_yyx': 1.1464606104346744e-08, 'L_sep_weight_yyx': 4.798198918000076e-07, 'L_scale_weight_yyx': 1.1885664612029127e-10, 'learning_rate_yyx': 0.00361235036397549}. Best is trial 2 with value: -1.244051413262838.
[I 2026-03-18 17:11:25,053] Trial 10 pruned. 
[I 2026-03-18 17:11:27,185] Trial 7 pruned. 
[I 2026-03-18 17:11:29,268] Trial 7 pruned. 
[I 2026-03-18 17:11:30,773] Trial 4 finished with value: -3.123798623517195 and parameters: {'n_layers_yyx': 1, 'hidden_size_yyx_l0': 6, 'context_size_yyx': 4, 'num_mix_components_yyx': 3, 'context_extractor_yyx': 'lstm', 'activation_func_yyx': 'ReLU', 'L2_weight_yyx': 3.263721149267305e-10, 'L_entropy_weight_yyx': 5.574527016041263e-05, 'L_sep_weight_yyx': 1.3760467249512526e-08, 'L_scale_weight_yyx': 7.317055261713248e-10, 'learning_rate_yyx': 0.002914415970193099}. Best is trial 2 with value: -3.1580584124267483.
[I 2026-03-18 17:11:35,477] Trial 4 pruned. 
[I 2026-03-18 17:11:42,020] Trial 3 finished with value: -3.1076836553100784 and parameters: {'n_layers_yyx': 1, 'hidden_size_yyx_l0': 2, 'context_size_yyx': 1, 'num_mix_components_yyx': 4, 'context_extractor_yyx': 'gru', 'activation_func_yyx': 'Tanh', 'L2_weight_yyx': 1.8518238224046615e-10, 'L_entropy_weight_yyx': 3.6958582256669205e-09, 'L_sep_weight_yyx': 2.3142448426762147e-05, 'L_scale_weight_yyx': 5.148497345892387e-07, 'learning_rate_yyx': 0.0017245853587456728}. Best is trial 2 with value: -3.1235621753098126.
[I 2026-03-18 17:11:43,228] Trial 5 pruned. 
[I 2026-03-18 17:11:52,276] Trial 9 finished with value: -1.260291334000621 and parameters: {'n_layers_yyx': 1, 'hidden_size_yyx_l0': 3, 'context_size_yyx': 4, 'num_mix_components_yyx': 4, 'context_extractor_yyx': 'gru', 'activation_func_yyx': 'GELU', 'L2_weight_yyx': 0.0001589937720045239, 'L_entropy_weight_yyx': 4.294124515559101e-08, 'L_sep_weight_yyx': 3.116313175344257e-08, 'L_scale_weight_yyx': 8.021716051440383e-09, 'learning_rate_yyx': 0.0022104537689930223}. Best is trial 3 with value: -1.265314140954432.
[I 2026-03-18 17:11:52,781] Trial 11 pruned. 
[I 2026-03-18 17:11:54,269] Trial 3 finished with value: -1.250546143367859 and parameters: {'n_layers_yyx': 1, 'hidden_size_yyx_l0': 4, 'context_size_yyx': 2, 'num_mix_components_yyx': 4, 'context_extractor_yyx': 'gru', 'activation_func_yyx': 'Tanh', 'L2_weight_yyx': 2.3675870581638057e-07, 'L_entropy_weight_yyx': 2.2413172937171307e-08, 'L_sep_weight_yyx': 4.411065025680847e-08, 'L_scale_weight_yyx': 2.144570022374972e-07, 'learning_rate_yyx': 0.0008900591440691856}. Best is trial 0 with value: -1.2515830500068594.
[I 2026-03-18 17:11:57,242] Trial 5 pruned. 
[I 2026-03-18 17:11:57,410] Trial 3 finished with value: -1.2679934898277747 and parameters: {'n_layers_yyx': 2, 'hidden_size_yyx_l0': 4, 'hidden_size_yyx_l1': 6, 'context_size_yyx': 1, 'num_mix_components_yyx': 4, 'context_extractor_yyx': 'gru', 'activation_func_yyx': 'ReLU', 'L2_weight_yyx': 0.0007898314668535334, 'L_entropy_weight_yyx': 2.1652784164569084e-08, 'L_sep_weight_yyx': 9.77050839921542e-07, 'L_scale_weight_yyx': 0.00014959097038034054, 'learning_rate_yyx': 0.005861948506205971}. Best is trial 3 with value: -1.2679934898277747.
[I 2026-03-18 17:12:04,983] Trial 8 pruned. 
[I 2026-03-18 17:12:06,724] Trial 4 pruned. 
[I 2026-03-18 17:12:10,534] Trial 5 finished with value: -3.14725896745614 and parameters: {'n_layers_yyx': 1, 'hidden_size_yyx_l0': 2, 'context_size_yyx': 4, 'num_mix_components_yyx': 4, 'context_extractor_yyx': 'gru', 'activation_func_yyx': 'Tanh', 'L2_weight_yyx': 1.2364474465766281e-08, 'L_entropy_weight_yyx': 8.325060569494332e-07, 'L_sep_weight_yyx': 1.3373027715321077e-10, 'L_scale_weight_yyx': 7.308361622702105e-08, 'learning_rate_yyx': 0.005128865762515052}. Best is trial 5 with value: -3.14725896745614.
[I 2026-03-18 17:12:10,986] Trial 4 pruned. 
[I 2026-03-18 17:12:11,227] Trial 6 pruned. 
[I 2026-03-18 17:12:16,596] Trial 9 pruned. 
[I 2026-03-18 17:12:18,885] Trial 9 pruned. 
[I 2026-03-18 17:12:19,837] Trial 12 pruned. 
[I 2026-03-18 17:12:22,361] Trial 6 pruned. 
[I 2026-03-18 17:12:24,530] Trial 5 pruned. 
[I 2026-03-18 17:12:32,629] Trial 10 pruned. 
[I 2026-03-18 17:12:33,480] Trial 5 finished with value: -3.137842676868572 and parameters: {'n_layers_yyx': 2, 'hidden_size_yyx_l0': 2, 'hidden_size_yyx_l1': 6, 'context_size_yyx': 2, 'num_mix_components_yyx': 3, 'context_extractor_yyx': 'gru', 'activation_func_yyx': 'GELU', 'L2_weight_yyx': 5.488739832830197e-08, 'L_entropy_weight_yyx': 3.6978737503454676e-09, 'L_sep_weight_yyx': 1.8387466351695333e-08, 'L_scale_weight_yyx': 2.351113344530424e-09, 'learning_rate_yyx': 0.0014097714033264276}. Best is trial 0 with value: -3.1460828145824977.
[I 2026-03-18 17:12:36,185] Trial 8 pruned. 
[I 2026-03-18 17:12:36,720] Trial 6 pruned. 
[I 2026-03-18 17:12:38,793] Trial 6 finished with value: -3.1543817457141574 and parameters: {'n_layers_yyx': 1, 'hidden_size_yyx_l0': 3, 'context_size_yyx': 4, 'num_mix_components_yyx': 5, 'context_extractor_yyx': 'lstm', 'activation_func_yyx': 'GELU', 'L2_weight_yyx': 1.2979991941569916e-07, 'L_entropy_weight_yyx': 1.3116390941008154e-06, 'L_sep_weight_yyx': 1.255826802067122e-05, 'L_scale_weight_yyx': 3.6750728206737776e-10, 'learning_rate_yyx': 0.0031312097926737372}. Best is trial 6 with value: -3.1543817457141574.
[I 2026-03-18 17:12:40,563] Trial 9 finished with value: -0.5643472579683202 and parameters: {'n_layers_yyx': 1, 'hidden_size_yyx_l0': 2, 'context_size_yyx': 2, 'num_mix_components_yyx': 1, 'context_extractor_yyx': 'gru', 'activation_func_yyx': 'GELU', 'L2_weight_yyx': 1.792101321717722e-05, 'L_entropy_weight_yyx': 0.0005254603543105854, 'L_sep_weight_yyx': 1.8023336257926014e-07, 'L_scale_weight_yyx': 4.958995195487183e-05, 'learning_rate_yyx': 0.005136803273568103}. Best is trial 3 with value: -0.5680763632919962.
[I 2026-03-18 17:12:44,045] Trial 3 finished with value: -1.2525392627539784 and parameters: {'n_layers_yyx': 1, 'hidden_size_yyx_l0': 5, 'context_size_yyx': 2, 'num_mix_components_yyx': 4, 'context_extractor_yyx': 'gru', 'activation_func_yyx': 'Tanh', 'L2_weight_yyx': 5.260421326463848e-08, 'L_entropy_weight_yyx': 0.00048237372097789823, 'L_sep_weight_yyx': 4.698874294857961e-08, 'L_scale_weight_yyx': 1.2404865884605097e-05, 'learning_rate_yyx': 0.0025785385223861443}. Best is trial 0 with value: -1.2656102912042586.
[I 2026-03-18 17:12:52,194] Trial 7 pruned. 
[I 2026-03-18 17:12:54,249] Trial 6 pruned. 
[I 2026-03-18 17:12:54,888] Trial 4 finished with value: -1.2583327584257848 and parameters: {'n_layers_yyx': 1, 'hidden_size_yyx_l0': 5, 'context_size_yyx': 2, 'num_mix_components_yyx': 3, 'context_extractor_yyx': 'lstm', 'activation_func_yyx': 'ReLU', 'L2_weight_yyx': 1.013903441593556e-07, 'L_entropy_weight_yyx': 1.639124169725974e-09, 'L_sep_weight_yyx': 0.00017635377815500316, 'L_scale_weight_yyx': 5.580071875911371e-07, 'learning_rate_yyx': 0.0054945489542812965}. Best is trial 2 with value: -1.2627689975026355.
[I 2026-03-18 17:12:57,562] Trial 11 pruned. 
[I 2026-03-18 17:13:06,984] Trial 8 pruned. 
[I 2026-03-18 17:13:11,958] Trial 10 pruned. 
[I 2026-03-18 17:13:14,858] Trial 4 finished with value: -0.4386058109498582 and parameters: {'n_layers_yyx': 1, 'hidden_size_yyx_l0': 3, 'context_size_yyx': 1, 'num_mix_components_yyx': 1, 'context_extractor_yyx': 'gru', 'activation_func_yyx': 'Tanh', 'L2_weight_yyx': 1.9324410418782798e-05, 'L_entropy_weight_yyx': 1.955006669612922e-09, 'L_sep_weight_yyx': 2.10165905616577e-06, 'L_scale_weight_yyx': 4.454635798000672e-07, 'learning_rate_yyx': 0.0006402675684856286}. Best is trial 3 with value: -0.584032942865049.
[I 2026-03-18 17:13:19,373] Trial 5 finished with value: -3.123281648643965 and parameters: {'n_layers_yyx': 2, 'hidden_size_yyx_l0': 4, 'hidden_size_yyx_l1': 6, 'context_size_yyx': 4, 'num_mix_components_yyx': 1, 'context_extractor_yyx': 'lstm', 'activation_func_yyx': 'ReLU', 'L2_weight_yyx': 1.3027449723743386e-10, 'L_entropy_weight_yyx': 3.6723374529697024e-05, 'L_sep_weight_yyx': 2.4315633958287975e-08, 'L_scale_weight_yyx': 2.237244218580469e-06, 'learning_rate_yyx': 0.00714250097801833}. Best is trial 1 with value: -3.1478210420414996.
[I 2026-03-18 17:13:23,022] Trial 9 pruned. 
[I 2026-03-18 17:13:28,156] Trial 5 pruned. 
[I 2026-03-18 17:13:31,278] Trial 2 finished with value: -3.147264441929563 and parameters: {'n_layers_yyx': 2, 'hidden_size_yyx_l0': 3, 'hidden_size_yyx_l1': 5, 'context_size_yyx': 4, 'num_mix_components_yyx': 3, 'context_extractor_yyx': 'lstm', 'activation_func_yyx': 'GELU', 'L2_weight_yyx': 7.986052688279458e-10, 'L_entropy_weight_yyx': 1.1282117218218341e-08, 'L_sep_weight_yyx': 5.359516104074567e-06, 'L_scale_weight_yyx': 5.377804921905131e-09, 'learning_rate_yyx': 0.00918087003323266}. Best is trial 2 with value: -3.147264441929563.
[I 2026-03-18 17:13:41,760] Trial 4 finished with value: -3.113365581325008 and parameters: {'n_layers_yyx': 2, 'hidden_size_yyx_l0': 5, 'hidden_size_yyx_l1': 3, 'context_size_yyx': 3, 'num_mix_components_yyx': 1, 'context_extractor_yyx': 'lstm', 'activation_func_yyx': 'Tanh', 'L2_weight_yyx': 0.0005419631450148525, 'L_entropy_weight_yyx': 1.2343007605608074e-09, 'L_sep_weight_yyx': 2.016549405496989e-06, 'L_scale_weight_yyx': 1.3767596329326744e-07, 'learning_rate_yyx': 0.0007032336627127171}. Best is trial 0 with value: -3.1190589761594594.
[I 2026-03-18 17:13:52,183] Trial 4 pruned. 
[I 2026-03-18 17:14:02,462] Trial 12 finished with value: -1.2667388281407947 and parameters: {'n_layers_yyx': 2, 'hidden_size_yyx_l0': 4, 'hidden_size_yyx_l1': 5, 'context_size_yyx': 4, 'num_mix_components_yyx': 4, 'context_extractor_yyx': 'lstm', 'activation_func_yyx': 'Tanh', 'L2_weight_yyx': 0.0008480797317798304, 'L_entropy_weight_yyx': 4.528753806063836e-10, 'L_sep_weight_yyx': 0.0009695414930055795, 'L_scale_weight_yyx': 1.5710371808995097e-10, 'learning_rate_yyx': 0.004946808297943106}. Best is trial 12 with value: -1.2667388281407947.
[I 2026-03-18 17:14:16,124] Trial 7 finished with value: -3.1806195088661364 and parameters: {'n_layers_yyx': 2, 'hidden_size_yyx_l0': 6, 'hidden_size_yyx_l1': 5, 'context_size_yyx': 2, 'num_mix_components_yyx': 5, 'context_extractor_yyx': 'lstm', 'activation_func_yyx': 'ReLU', 'L2_weight_yyx': 0.00010111901429878003, 'L_entropy_weight_yyx': 1.7855616223864703e-10, 'L_sep_weight_yyx': 5.775437754909719e-06, 'L_scale_weight_yyx': 1.3112391694334559e-05, 'learning_rate_yyx': 0.0041641199943763234}. Best is trial 5 with value: -3.1813736784759756.
[I 2026-03-18 17:14:19,573] Trial 5 pruned. 
[I 2026-03-18 17:14:22,521] Trial 3 finished with value: -1.2710443848338207 and parameters: {'n_layers_yyx': 2, 'hidden_size_yyx_l0': 3, 'hidden_size_yyx_l1': 3, 'context_size_yyx': 1, 'num_mix_components_yyx': 4, 'context_extractor_yyx': 'gru', 'activation_func_yyx': 'Tanh', 'L2_weight_yyx': 1.4770551996018545e-07, 'L_entropy_weight_yyx': 1.7068086525614005e-05, 'L_sep_weight_yyx': 9.465311135892043e-06, 'L_scale_weight_yyx': 3.023613532852024e-05, 'learning_rate_yyx': 0.0015855576287573132}. Best is trial 2 with value: -1.2804754530695341.
[I 2026-03-18 17:14:27,323] Trial 7 pruned. 
[I 2026-03-18 17:14:29,036] Trial 13 pruned. 
[I 2026-03-18 17:14:34,794] Trial 11 finished with value: -0.5771698879572515 and parameters: {'n_layers_yyx': 1, 'hidden_size_yyx_l0': 4, 'context_size_yyx': 4, 'num_mix_components_yyx': 5, 'context_extractor_yyx': 'gru', 'activation_func_yyx': 'ReLU', 'L2_weight_yyx': 6.406441390079658e-08, 'L_entropy_weight_yyx': 1.3602857035471e-05, 'L_sep_weight_yyx': 9.25571167256883e-06, 'L_scale_weight_yyx': 1.2879232250890438e-08, 'learning_rate_yyx': 0.009761056176863802}. Best is trial 11 with value: -0.5771698879572515.
[I 2026-03-18 17:14:35,213] Trial 6 pruned. 
[I 2026-03-18 17:14:41,154] Trial 5 finished with value: -3.115947292942081 and parameters: {'n_layers_yyx': 2, 'hidden_size_yyx_l0': 2, 'hidden_size_yyx_l1': 6, 'context_size_yyx': 2, 'num_mix_components_yyx': 1, 'context_extractor_yyx': 'gru', 'activation_func_yyx': 'Tanh', 'L2_weight_yyx': 1.672827631711465e-05, 'L_entropy_weight_yyx': 1.0381221800602831e-10, 'L_sep_weight_yyx': 1.3762907643836088e-05, 'L_scale_weight_yyx': 1.5226111189080186e-08, 'learning_rate_yyx': 0.001106823418646555}. Best is trial 0 with value: -3.1464314770929143.
[I 2026-03-18 17:14:42,710] Trial 3 finished with value: -3.1328511976365694 and parameters: {'n_layers_yyx': 2, 'hidden_size_yyx_l0': 4, 'hidden_size_yyx_l1': 2, 'context_size_yyx': 1, 'num_mix_components_yyx': 4, 'context_extractor_yyx': 'gru', 'activation_func_yyx': 'GELU', 'L2_weight_yyx': 6.809874469056025e-08, 'L_entropy_weight_yyx': 5.506450354058924e-09, 'L_sep_weight_yyx': 5.4678397917363634e-06, 'L_scale_weight_yyx': 2.9610252491951574e-07, 'learning_rate_yyx': 0.0015481160215364924}. Best is trial 1 with value: -3.152505646630136.
[I 2026-03-18 17:14:44,228] Trial 14 pruned. 
[I 2026-03-18 17:14:49,938] Trial 10 finished with value: -1.2538347367658633 and parameters: {'n_layers_yyx': 2, 'hidden_size_yyx_l0': 2, 'hidden_size_yyx_l1': 6, 'context_size_yyx': 1, 'num_mix_components_yyx': 3, 'context_extractor_yyx': 'gru', 'activation_func_yyx': 'Tanh', 'L2_weight_yyx': 3.3620752721610277e-07, 'L_entropy_weight_yyx': 7.702887093453995e-09, 'L_sep_weight_yyx': 1.3473958158342106e-10, 'L_scale_weight_yyx': 1.496096557475209e-08, 'learning_rate_yyx': 0.00847334314926647}. Best is trial 0 with value: -1.255221580181016.
[I 2026-03-18 17:14:50,543] Trial 13 finished with value: -3.119378896306684 and parameters: {'n_layers_yyx': 2, 'hidden_size_yyx_l0': 3, 'hidden_size_yyx_l1': 2, 'context_size_yyx': 4, 'num_mix_components_yyx': 3, 'context_extractor_yyx': 'lstm', 'activation_func_yyx': 'ReLU', 'L2_weight_yyx': 6.837498056944344e-05, 'L_entropy_weight_yyx': 8.915757868478818e-06, 'L_sep_weight_yyx': 8.319859533795949e-08, 'L_scale_weight_yyx': 2.8341901074804996e-05, 'learning_rate_yyx': 0.004894779143313982}. Best is trial 0 with value: -3.1199443073044333.
[I 2026-03-18 17:14:53,602] Trial 7 finished with value: -3.1125190801407108 and parameters: {'n_layers_yyx': 1, 'hidden_size_yyx_l0': 3, 'context_size_yyx': 3, 'num_mix_components_yyx': 1, 'context_extractor_yyx': 'lstm', 'activation_func_yyx': 'Tanh', 'L2_weight_yyx': 0.0003205268011825184, 'L_entropy_weight_yyx': 1.0731624553353264e-06, 'L_sep_weight_yyx': 0.0009163388446953915, 'L_scale_weight_yyx': 5.552042586304744e-08, 'learning_rate_yyx': 0.0034903349366189984}. Best is trial 2 with value: -3.1580584124267483.
[I 2026-03-18 17:14:53,969] Trial 6 finished with value: -3.111049806078747 and parameters: {'n_layers_yyx': 1, 'hidden_size_yyx_l0': 3, 'context_size_yyx': 3, 'num_mix_components_yyx': 2, 'context_extractor_yyx': 'gru', 'activation_func_yyx': 'Tanh', 'L2_weight_yyx': 0.00044326137836802097, 'L_entropy_weight_yyx': 0.0009364117843798969, 'L_sep_weight_yyx': 9.955026443913071e-08, 'L_scale_weight_yyx': 1.2570661068507462e-10, 'learning_rate_yyx': 0.0007276592819647052}. Best is trial 1 with value: -3.126730890715153.
[I 2026-03-18 17:14:58,639] Trial 7 pruned. 
[I 2026-03-18 17:14:59,014] Trial 12 finished with value: -1.2370306074949817 and parameters: {'n_layers_yyx': 1, 'hidden_size_yyx_l0': 5, 'context_size_yyx': 3, 'num_mix_components_yyx': 4, 'context_extractor_yyx': 'gru', 'activation_func_yyx': 'Tanh', 'L2_weight_yyx': 3.1742551363885255e-05, 'L_entropy_weight_yyx': 8.040702889632661e-09, 'L_sep_weight_yyx': 0.0009169528595405031, 'L_scale_weight_yyx': 0.0009013976090769452, 'learning_rate_yyx': 0.005327305048160335}. Best is trial 1 with value: -1.2648516600321489.
[I 2026-03-18 17:15:04,313] Trial 5 finished with value: -3.1470593446970145 and parameters: {'n_layers_yyx': 1, 'hidden_size_yyx_l0': 6, 'context_size_yyx': 3, 'num_mix_components_yyx': 1, 'context_extractor_yyx': 'gru', 'activation_func_yyx': 'ReLU', 'L2_weight_yyx': 4.2531805223784583e-08, 'L_entropy_weight_yyx': 3.3906360605059532e-06, 'L_sep_weight_yyx': 6.605160708692411e-09, 'L_scale_weight_yyx': 6.808579728255902e-05, 'learning_rate_yyx': 0.008774228629874809}. Best is trial 2 with value: -3.151229652723366.
[I 2026-03-18 17:15:09,301] Trial 7 pruned. 
[I 2026-03-18 17:15:11,971] Trial 4 finished with value: -0.5804501078315746 and parameters: {'n_layers_yyx': 2, 'hidden_size_yyx_l0': 3, 'hidden_size_yyx_l1': 2, 'context_size_yyx': 3, 'num_mix_components_yyx': 5, 'context_extractor_yyx': 'lstm', 'activation_func_yyx': 'Tanh', 'L2_weight_yyx': 1.4087049799062796e-06, 'L_entropy_weight_yyx': 0.00023282414309921948, 'L_sep_weight_yyx': 4.413292776337898e-09, 'L_scale_weight_yyx': 3.003997774182138e-10, 'learning_rate_yyx': 0.0012855431568173671}. Best is trial 4 with value: -0.5804501078315746.
[I 2026-03-18 17:15:14,692] Trial 13 pruned. 
[I 2026-03-18 17:15:17,084] Trial 14 pruned. 
[I 2026-03-18 17:15:19,102] Trial 7 pruned. 
[I 2026-03-18 17:15:19,980] Trial 3 finished with value: -1.2533679334601722 and parameters: {'n_layers_yyx': 2, 'hidden_size_yyx_l0': 3, 'hidden_size_yyx_l1': 2, 'context_size_yyx': 3, 'num_mix_components_yyx': 5, 'context_extractor_yyx': 'lstm', 'activation_func_yyx': 'ReLU', 'L2_weight_yyx': 3.304971753073944e-06, 'L_entropy_weight_yyx': 6.98816048827665e-10, 'L_sep_weight_yyx': 1.5088957620483106e-05, 'L_scale_weight_yyx': 3.4857358340999915e-06, 'learning_rate_yyx': 0.006091904191705315}. Best is trial 3 with value: -1.2533679334601722.
[I 2026-03-18 17:15:20,903] Trial 8 pruned. 
[I 2026-03-18 17:15:20,945] Trial 10 finished with value: -1.2159779067400864 and parameters: {'n_layers_yyx': 1, 'hidden_size_yyx_l0': 6, 'context_size_yyx': 1, 'num_mix_components_yyx': 4, 'context_extractor_yyx': 'lstm', 'activation_func_yyx': 'Tanh', 'L2_weight_yyx': 1.6007538769537198e-10, 'L_entropy_weight_yyx': 1.1531224780442467e-05, 'L_sep_weight_yyx': 7.451128004484546e-05, 'L_scale_weight_yyx': 1.2628801380945863e-08, 'learning_rate_yyx': 0.0011289173129762056}. Best is trial 0 with value: -1.2691870881537193.
[I 2026-03-18 17:15:21,665] Trial 8 pruned. 
[I 2026-03-18 17:15:24,711] Trial 10 finished with value: -1.2677577894848948 and parameters: {'n_layers_yyx': 1, 'hidden_size_yyx_l0': 6, 'context_size_yyx': 4, 'num_mix_components_yyx': 5, 'context_extractor_yyx': 'gru', 'activation_func_yyx': 'ReLU', 'L2_weight_yyx': 1.5510891750009642e-10, 'L_entropy_weight_yyx': 0.00020957167539547328, 'L_sep_weight_yyx': 1.1076816093279434e-10, 'L_scale_weight_yyx': 1.186479776419155e-10, 'learning_rate_yyx': 0.00742192570855637}. Best is trial 10 with value: -1.2677577894848948.
[I 2026-03-18 17:15:25,070] Trial 5 pruned. 
[I 2026-03-18 17:15:26,299] Trial 6 pruned. 
[I 2026-03-18 17:15:28,961] Trial 4 pruned. 
[I 2026-03-18 17:15:34,222] Trial 14 pruned. 
[I 2026-03-18 17:15:36,558] Trial 6 pruned. 
[I 2026-03-18 17:15:43,818] Trial 6 finished with value: -3.1181001066430216 and parameters: {'n_layers_yyx': 2, 'hidden_size_yyx_l0': 4, 'hidden_size_yyx_l1': 3, 'context_size_yyx': 3, 'num_mix_components_yyx': 3, 'context_extractor_yyx': 'gru', 'activation_func_yyx': 'Tanh', 'L2_weight_yyx': 1.728086863343274e-05, 'L_entropy_weight_yyx': 2.824473624237456e-08, 'L_sep_weight_yyx': 2.3116417481064804e-06, 'L_scale_weight_yyx': 3.032362998457883e-08, 'learning_rate_yyx': 0.00830937203054426}. Best is trial 1 with value: -3.1478210420414996.
[I 2026-03-18 17:15:45,297] Trial 9 finished with value: -3.1325731362896336 and parameters: {'n_layers_yyx': 1, 'hidden_size_yyx_l0': 2, 'context_size_yyx': 1, 'num_mix_components_yyx': 4, 'context_extractor_yyx': 'lstm', 'activation_func_yyx': 'Tanh', 'L2_weight_yyx': 2.6909398611052714e-06, 'L_entropy_weight_yyx': 1.7344721587533664e-05, 'L_sep_weight_yyx': 1.1186529178739787e-08, 'L_scale_weight_yyx': 8.631856520100527e-07, 'learning_rate_yyx': 0.0037401277086639437}. Best is trial 1 with value: -3.1505299612690063.
[I 2026-03-18 17:15:47,092] Trial 8 pruned. 
[I 2026-03-18 17:15:47,448] Trial 6 finished with value: -3.115613150814609 and parameters: {'n_layers_yyx': 1, 'hidden_size_yyx_l0': 5, 'context_size_yyx': 4, 'num_mix_components_yyx': 3, 'context_extractor_yyx': 'gru', 'activation_func_yyx': 'ReLU', 'L2_weight_yyx': 0.0006435524707478571, 'L_entropy_weight_yyx': 0.00013098313642890213, 'L_sep_weight_yyx': 2.688049435600932e-06, 'L_scale_weight_yyx': 4.573130542678953e-06, 'learning_rate_yyx': 0.001340403489905453}. Best is trial 5 with value: -3.14725896745614.
[I 2026-03-18 17:16:01,126] Trial 9 pruned. 
[I 2026-03-18 17:16:09,764] Trial 6 pruned. 
[I 2026-03-18 17:16:20,705] Trial 4 pruned. 
[I 2026-03-18 17:16:32,656] Trial 7 pruned. 
[I 2026-03-18 17:16:38,840] Trial 4 finished with value: -3.1279676106849355 and parameters: {'n_layers_yyx': 1, 'hidden_size_yyx_l0': 2, 'context_size_yyx': 4, 'num_mix_components_yyx': 5, 'context_extractor_yyx': 'gru', 'activation_func_yyx': 'ReLU', 'L2_weight_yyx': 2.0263934216365499e-07, 'L_entropy_weight_yyx': 9.403063821607989e-08, 'L_sep_weight_yyx': 1.4553628595771407e-10, 'L_scale_weight_yyx': 4.049649638693123e-09, 'learning_rate_yyx': 0.0010148307441734518}. Best is trial 1 with value: -3.166268711244678.
[I 2026-03-18 17:16:42,408] Trial 9 pruned. 
[I 2026-03-18 17:16:44,670] Trial 7 pruned. 
[I 2026-03-18 17:16:46,457] Trial 7 pruned. 
[I 2026-03-18 17:16:52,433] Trial 12 finished with value: -0.5482548499861642 and parameters: {'n_layers_yyx': 1, 'hidden_size_yyx_l0': 6, 'context_size_yyx': 4, 'num_mix_components_yyx': 4, 'context_extractor_yyx': 'gru', 'activation_func_yyx': 'ReLU', 'L2_weight_yyx': 1.1773177416403066e-07, 'L_entropy_weight_yyx': 1.943841294152172e-08, 'L_sep_weight_yyx': 1.323335615452058e-05, 'L_scale_weight_yyx': 1.539282287931972e-08, 'learning_rate_yyx': 0.0027121117449037577}. Best is trial 11 with value: -0.5771698879572515.
[I 2026-03-18 17:17:03,669] Trial 5 finished with value: -1.2503299818902711 and parameters: {'n_layers_yyx': 1, 'hidden_size_yyx_l0': 6, 'context_size_yyx': 4, 'num_mix_components_yyx': 4, 'context_extractor_yyx': 'gru', 'activation_func_yyx': 'Tanh', 'L2_weight_yyx': 1.2081778524432754e-08, 'L_entropy_weight_yyx': 5.094845931017045e-07, 'L_sep_weight_yyx': 1.1491167572076032e-09, 'L_scale_weight_yyx': 3.132675376510822e-09, 'learning_rate_yyx': 0.0021305854653496164}. Best is trial 2 with value: -1.2627689975026355.
[I 2026-03-18 17:17:07,830] Trial 15 pruned. 
[I 2026-03-18 17:17:34,940] Trial 8 pruned. 
[I 2026-03-18 17:17:48,989] Trial 10 pruned. 
[I 2026-03-18 17:17:54,946] Trial 8 pruned. 
[I 2026-03-18 17:17:57,743] Trial 6 pruned. 
[I 2026-03-18 17:17:57,958] Trial 9 finished with value: -0.5449006973959228 and parameters: {'n_layers_yyx': 2, 'hidden_size_yyx_l0': 4, 'hidden_size_yyx_l1': 2, 'context_size_yyx': 1, 'num_mix_components_yyx': 1, 'context_extractor_yyx': 'gru', 'activation_func_yyx': 'ReLU', 'L2_weight_yyx': 0.0006174410882414131, 'L_entropy_weight_yyx': 1.9716198868514578e-09, 'L_sep_weight_yyx': 1.2874989594623538e-09, 'L_scale_weight_yyx': 4.032440846652155e-09, 'learning_rate_yyx': 0.0032960447641182888}. Best is trial 3 with value: -0.5628998348440724.
[I 2026-03-18 17:18:01,085] Trial 5 pruned. 
[I 2026-03-18 17:18:54,398] Trial 4 pruned. 
[I 2026-03-18 17:19:02,665] Trial 10 pruned. 
[I 2026-03-18 17:19:06,045] Trial 16 pruned. 
[I 2026-03-18 17:19:15,115] Trial 9 pruned. 
[I 2026-03-18 17:20:06,329] Trial 7 pruned. 
[I 2026-03-18 17:20:12,621] Trial 5 finished with value: -3.1192462435086177 and parameters: {'n_layers_yyx': 1, 'hidden_size_yyx_l0': 6, 'context_size_yyx': 4, 'num_mix_components_yyx': 3, 'context_extractor_yyx': 'gru', 'activation_func_yyx': 'ReLU', 'L2_weight_yyx': 7.186413030428442e-07, 'L_entropy_weight_yyx': 4.3114176779285014e-07, 'L_sep_weight_yyx': 7.525441799810716e-05, 'L_scale_weight_yyx': 1.2801006933270212e-05, 'learning_rate_yyx': 0.003309770121804373}. Best is trial 5 with value: -3.1192462435086177.
[I 2026-03-18 17:20:15,326] Trial 17 pruned. 
[I 2026-03-18 17:20:15,326] Trial 11 pruned. 
[I 2026-03-18 17:20:19,665] Trial 5 pruned. 
[I 2026-03-18 17:20:23,918] Trial 9 pruned. 
[I 2026-03-18 17:20:41,631] Trial 10 pruned. 
[I 2026-03-18 17:21:17,102] Trial 15 finished with value: -1.2656892011434446 and parameters: {'n_layers_yyx': 2, 'hidden_size_yyx_l0': 3, 'hidden_size_yyx_l1': 5, 'context_size_yyx': 4, 'num_mix_components_yyx': 4, 'context_extractor_yyx': 'lstm', 'activation_func_yyx': 'Tanh', 'L2_weight_yyx': 0.00016876119355473327, 'L_entropy_weight_yyx': 1.7535013851312974e-07, 'L_sep_weight_yyx': 1.0578712863448141e-05, 'L_scale_weight_yyx': 3.521252206450512e-09, 'learning_rate_yyx': 0.0053609373316983394}. Best is trial 12 with value: -1.2667388281407947.
[I 2026-03-18 17:21:26,436] Trial 18 pruned. 
[I 2026-03-18 17:21:27,797] Trial 5 finished with value: -3.154335707688014 and parameters: {'n_layers_yyx': 2, 'hidden_size_yyx_l0': 5, 'hidden_size_yyx_l1': 5, 'context_size_yyx': 3, 'num_mix_components_yyx': 3, 'context_extractor_yyx': 'lstm', 'activation_func_yyx': 'GELU', 'L2_weight_yyx': 1.3864764479994061e-08, 'L_entropy_weight_yyx': 4.385148102788163e-08, 'L_sep_weight_yyx': 9.907159955169044e-06, 'L_scale_weight_yyx': 3.8865894744052884e-05, 'learning_rate_yyx': 0.004605344174649629}. Best is trial 5 with value: -3.154335707688014.
[I 2026-03-18 17:21:41,448] Trial 6 pruned. 
[I 2026-03-18 17:22:01,487] Trial 8 finished with value: -3.1442509964461434 and parameters: {'n_layers_yyx': 2, 'hidden_size_yyx_l0': 4, 'hidden_size_yyx_l1': 5, 'context_size_yyx': 1, 'num_mix_components_yyx': 3, 'context_extractor_yyx': 'gru', 'activation_func_yyx': 'ReLU', 'L2_weight_yyx': 4.2256645285739146e-05, 'L_entropy_weight_yyx': 0.0008861494412415934, 'L_sep_weight_yyx': 1.8573694999045835e-10, 'L_scale_weight_yyx': 2.4606728060951884e-05, 'learning_rate_yyx': 0.0016875130232882971}. Best is trial 5 with value: -3.1813736784759756.
[I 2026-03-18 17:22:06,974] Trial 15 finished with value: -3.1209078997618023 and parameters: {'n_layers_yyx': 2, 'hidden_size_yyx_l0': 2, 'hidden_size_yyx_l1': 4, 'context_size_yyx': 4, 'num_mix_components_yyx': 4, 'context_extractor_yyx': 'lstm', 'activation_func_yyx': 'ReLU', 'L2_weight_yyx': 2.846866729156579e-05, 'L_entropy_weight_yyx': 1.2693519695380666e-09, 'L_sep_weight_yyx': 4.4892211576979203e-07, 'L_scale_weight_yyx': 1.2266811395242381e-10, 'learning_rate_yyx': 0.006387116493998355}. Best is trial 15 with value: -3.1209078997618023.
[I 2026-03-18 17:22:22,045] Trial 16 pruned. 
[I 2026-03-18 17:22:23,579] Trial 10 pruned. 
[I 2026-03-18 17:22:38,253] Trial 6 finished with value: -3.1471600213313993 and parameters: {'n_layers_yyx': 2, 'hidden_size_yyx_l0': 2, 'hidden_size_yyx_l1': 5, 'context_size_yyx': 4, 'num_mix_components_yyx': 5, 'context_extractor_yyx': 'lstm', 'activation_func_yyx': 'ReLU', 'L2_weight_yyx': 2.38194947156245e-10, 'L_entropy_weight_yyx': 9.437390819150782e-05, 'L_sep_weight_yyx': 2.6275328718078666e-09, 'L_scale_weight_yyx': 2.409459676879507e-07, 'learning_rate_yyx': 0.0018825037732445574}. Best is trial 6 with value: -3.1471600213313993.
[I 2026-03-18 17:22:45,834] Trial 11 finished with value: -1.2617519540839628 and parameters: {'n_layers_yyx': 1, 'hidden_size_yyx_l0': 6, 'context_size_yyx': 3, 'num_mix_components_yyx': 4, 'context_extractor_yyx': 'lstm', 'activation_func_yyx': 'Tanh', 'L2_weight_yyx': 0.00010646801954642917, 'L_entropy_weight_yyx': 4.860800401327719e-06, 'L_sep_weight_yyx': 2.365375770014476e-07, 'L_scale_weight_yyx': 4.1240713856000746e-08, 'learning_rate_yyx': 0.009394838295554857}. Best is trial 0 with value: -1.2691870881537193.
[I 2026-03-18 17:22:50,325] Trial 6 pruned. 
[I 2026-03-18 17:22:51,662] Trial 10 finished with value: -1.2362059136635715 and parameters: {'n_layers_yyx': 1, 'hidden_size_yyx_l0': 5, 'context_size_yyx': 3, 'num_mix_components_yyx': 1, 'context_extractor_yyx': 'lstm', 'activation_func_yyx': 'ReLU', 'L2_weight_yyx': 1.8158939108413268e-10, 'L_entropy_weight_yyx': 2.8953544066123093e-10, 'L_sep_weight_yyx': 1.7649377107652045e-10, 'L_scale_weight_yyx': 1.8604874878904882e-10, 'learning_rate_yyx': 0.0010833444212358452}. Best is trial 3 with value: -1.265314140954432.
[I 2026-03-18 17:23:00,304] Trial 11 finished with value: -1.264411023716389 and parameters: {'n_layers_yyx': 1, 'hidden_size_yyx_l0': 6, 'context_size_yyx': 4, 'num_mix_components_yyx': 5, 'context_extractor_yyx': 'gru', 'activation_func_yyx': 'ReLU', 'L2_weight_yyx': 1.0754385048390592e-09, 'L_entropy_weight_yyx': 0.0005262628412885775, 'L_sep_weight_yyx': 2.1595396014467348e-10, 'L_scale_weight_yyx': 1.7101106553323487e-10, 'learning_rate_yyx': 0.008504875737251972}. Best is trial 10 with value: -1.2677577894848948.
[I 2026-03-18 17:23:03,139] Trial 3 finished with value: -3.1501368402794143 and parameters: {'n_layers_yyx': 1, 'hidden_size_yyx_l0': 6, 'context_size_yyx': 4, 'num_mix_components_yyx': 5, 'context_extractor_yyx': 'lstm', 'activation_func_yyx': 'GELU', 'L2_weight_yyx': 1.6682816613342906e-10, 'L_entropy_weight_yyx': 1.188562847752561e-09, 'L_sep_weight_yyx': 4.2900075946329604e-06, 'L_scale_weight_yyx': 1.9980247847415548e-06, 'learning_rate_yyx': 0.003929172079040102}. Best is trial 3 with value: -3.1501368402794143.
[I 2026-03-18 17:23:05,250] Trial 6 pruned. 
[I 2026-03-18 17:23:14,083] Trial 11 finished with value: -1.2530689768341685 and parameters: {'n_layers_yyx': 2, 'hidden_size_yyx_l0': 2, 'hidden_size_yyx_l1': 6, 'context_size_yyx': 1, 'num_mix_components_yyx': 3, 'context_extractor_yyx': 'gru', 'activation_func_yyx': 'Tanh', 'L2_weight_yyx': 3.640633263821735e-07, 'L_entropy_weight_yyx': 6.948379284595318e-09, 'L_sep_weight_yyx': 1.0646006709585985e-10, 'L_scale_weight_yyx': 9.74123375548023e-09, 'learning_rate_yyx': 0.00999785490283519}. Best is trial 0 with value: -1.255221580181016.
[I 2026-03-18 17:23:33,072] Trial 19 pruned. 
[I 2026-03-18 17:23:33,250] Trial 17 pruned. 
[I 2026-03-18 17:23:38,225] Trial 11 pruned. 
[I 2026-03-18 17:23:58,185] Trial 10 finished with value: -3.15619056189562 and parameters: {'n_layers_yyx': 2, 'hidden_size_yyx_l0': 3, 'hidden_size_yyx_l1': 6, 'context_size_yyx': 4, 'num_mix_components_yyx': 3, 'context_extractor_yyx': 'gru', 'activation_func_yyx': 'Tanh', 'L2_weight_yyx': 2.7588478976280026e-08, 'L_entropy_weight_yyx': 1.2664492672497828e-08, 'L_sep_weight_yyx': 2.382440807772922e-10, 'L_scale_weight_yyx': 3.728060449612721e-05, 'learning_rate_yyx': 0.009093066114173888}. Best is trial 2 with value: -3.1580584124267483.
[I 2026-03-18 17:24:02,108] Trial 7 pruned. 
[I 2026-03-18 17:24:06,736] Trial 4 finished with value: -1.2131372546973378 and parameters: {'n_layers_yyx': 1, 'hidden_size_yyx_l0': 2, 'context_size_yyx': 4, 'num_mix_components_yyx': 1, 'context_extractor_yyx': 'gru', 'activation_func_yyx': 'ReLU', 'L2_weight_yyx': 1.2311544315245528e-10, 'L_entropy_weight_yyx': 1.2188747730940577e-06, 'L_sep_weight_yyx': 1.8338525346365283e-07, 'L_scale_weight_yyx': 0.0009449870589967169, 'learning_rate_yyx': 0.0005893505280178668}. Best is trial 3 with value: -1.2679934898277747.
[I 2026-03-18 17:24:19,733] Trial 7 pruned. 
[I 2026-03-18 17:24:47,073] Trial 20 pruned. 
[I 2026-03-18 17:24:52,335] Trial 9 pruned. 
[I 2026-03-18 17:24:57,543] Trial 12 pruned. 
[I 2026-03-18 17:25:01,219] Trial 8 finished with value: -3.163666902197897 and parameters: {'n_layers_yyx': 2, 'hidden_size_yyx_l0': 5, 'hidden_size_yyx_l1': 5, 'context_size_yyx': 4, 'num_mix_components_yyx': 3, 'context_extractor_yyx': 'gru', 'activation_func_yyx': 'Tanh', 'L2_weight_yyx': 1.72250429647192e-06, 'L_entropy_weight_yyx': 5.42838787066186e-07, 'L_sep_weight_yyx': 4.5355349859568405e-09, 'L_scale_weight_yyx': 6.601501492218293e-10, 'learning_rate_yyx': 0.004102205466974287}. Best is trial 8 with value: -3.163666902197897.
[I 2026-03-18 17:25:01,872] Trial 16 pruned. 
[I 2026-03-18 17:25:09,339] Trial 11 pruned. 
[I 2026-03-18 17:25:12,415] Trial 5 pruned. 
[I 2026-03-18 17:25:12,534] Trial 13 finished with value: -0.5729941219870294 and parameters: {'n_layers_yyx': 1, 'hidden_size_yyx_l0': 5, 'context_size_yyx': 3, 'num_mix_components_yyx': 3, 'context_extractor_yyx': 'gru', 'activation_func_yyx': 'ReLU', 'L2_weight_yyx': 1.0379454965667737e-10, 'L_entropy_weight_yyx': 9.074706832260015e-08, 'L_sep_weight_yyx': 9.806446734221636e-06, 'L_scale_weight_yyx': 1.1812352098109034e-08, 'learning_rate_yyx': 0.009658957902724884}. Best is trial 11 with value: -0.5771698879572515.
[I 2026-03-18 17:25:22,523] Trial 12 pruned. 
[I 2026-03-18 17:26:00,089] Trial 21 pruned. 
[I 2026-03-18 17:26:18,150] Trial 9 pruned. 
[I 2026-03-18 17:26:20,351] Trial 12 pruned. 
[I 2026-03-18 17:26:20,774] Trial 6 pruned. 
[I 2026-03-18 17:26:24,993] Trial 8 pruned. 
[I 2026-03-18 17:26:30,859] Trial 12 pruned. 
[I 2026-03-18 17:26:30,888] Trial 7 finished with value: -0.565504491247206 and parameters: {'n_layers_yyx': 1, 'hidden_size_yyx_l0': 2, 'context_size_yyx': 4, 'num_mix_components_yyx': 3, 'context_extractor_yyx': 'lstm', 'activation_func_yyx': 'ReLU', 'L2_weight_yyx': 1.4960933663460197e-05, 'L_entropy_weight_yyx': 2.5718785084561263e-09, 'L_sep_weight_yyx': 1.5022683778271107e-06, 'L_scale_weight_yyx': 1.623692725295872e-08, 'learning_rate_yyx': 0.007552168698544807}. Best is trial 4 with value: -0.5804501078315746.
[I 2026-03-18 17:26:31,042] Trial 17 pruned. 
[I 2026-03-18 17:26:35,136] Trial 9 finished with value: -3.1403899797695582 and parameters: {'n_layers_yyx': 1, 'hidden_size_yyx_l0': 5, 'context_size_yyx': 2, 'num_mix_components_yyx': 5, 'context_extractor_yyx': 'gru', 'activation_func_yyx': 'ReLU', 'L2_weight_yyx': 3.07589640592013e-09, 'L_entropy_weight_yyx': 1.2919855222995474e-06, 'L_sep_weight_yyx': 1.2582129858611387e-10, 'L_scale_weight_yyx': 0.0006164526677762255, 'learning_rate_yyx': 0.002445827464538251}. Best is trial 2 with value: -3.1501405578480686.
[I 2026-03-18 17:26:40,589] Trial 11 finished with value: -3.1110516872287226 and parameters: {'n_layers_yyx': 2, 'hidden_size_yyx_l0': 2, 'hidden_size_yyx_l1': 6, 'context_size_yyx': 2, 'num_mix_components_yyx': 4, 'context_extractor_yyx': 'gru', 'activation_func_yyx': 'GELU', 'L2_weight_yyx': 1.2214431670678522e-07, 'L_entropy_weight_yyx': 5.672916222252474e-09, 'L_sep_weight_yyx': 1.9621840501580834e-08, 'L_scale_weight_yyx': 1.7552819553084133e-08, 'learning_rate_yyx': 0.0021291392879462102}. Best is trial 0 with value: -3.1460828145824977.
[I 2026-03-18 17:26:53,626] Trial 11 pruned. 
[I 2026-03-18 17:27:02,670] Trial 13 pruned. 
[I 2026-03-18 17:27:03,673] Trial 5 finished with value: -1.2396478422083224 and parameters: {'n_layers_yyx': 1, 'hidden_size_yyx_l0': 6, 'context_size_yyx': 1, 'num_mix_components_yyx': 5, 'context_extractor_yyx': 'gru', 'activation_func_yyx': 'GELU', 'L2_weight_yyx': 8.374607167337822e-09, 'L_entropy_weight_yyx': 0.00012956003814752174, 'L_sep_weight_yyx': 0.0005480649995750623, 'L_scale_weight_yyx': 5.518162353047043e-09, 'learning_rate_yyx': 0.004121986534435507}. Best is trial 2 with value: -1.2804754530695341.
[I 2026-03-18 17:27:31,157] Trial 8 finished with value: -3.1506303241940805 and parameters: {'n_layers_yyx': 1, 'hidden_size_yyx_l0': 6, 'context_size_yyx': 2, 'num_mix_components_yyx': 3, 'context_extractor_yyx': 'gru', 'activation_func_yyx': 'Tanh', 'L2_weight_yyx': 0.0001837019319063595, 'L_entropy_weight_yyx': 8.29325454322325e-05, 'L_sep_weight_yyx': 2.0091897443906859e-10, 'L_scale_weight_yyx': 3.643441257781506e-06, 'learning_rate_yyx': 0.009545983847246255}. Best is trial 8 with value: -3.1506303241940805.
[I 2026-03-18 17:27:36,195] Trial 6 pruned. 
[I 2026-03-18 17:27:36,249] Trial 9 pruned. 
[I 2026-03-18 17:27:38,351] Trial 13 pruned. 
[I 2026-03-18 17:27:39,740] Trial 8 finished with value: -3.157725544756595 and parameters: {'n_layers_yyx': 2, 'hidden_size_yyx_l0': 6, 'hidden_size_yyx_l1': 6, 'context_size_yyx': 2, 'num_mix_components_yyx': 4, 'context_extractor_yyx': 'lstm', 'activation_func_yyx': 'Tanh', 'L2_weight_yyx': 1.783112745372529e-05, 'L_entropy_weight_yyx': 5.064981396131062e-09, 'L_sep_weight_yyx': 6.958438538071416e-05, 'L_scale_weight_yyx': 0.0005916509744114078, 'learning_rate_yyx': 0.00836845527666157}. Best is trial 8 with value: -3.157725544756595.
[I 2026-03-18 17:27:50,113] Trial 10 pruned. 
[I 2026-03-18 17:28:01,930] Trial 18 pruned. 
[I 2026-03-18 17:28:03,044] Trial 13 pruned. 
[I 2026-03-18 17:28:08,292] Trial 10 pruned. 
[I 2026-03-18 17:28:10,830] Trial 22 pruned. 
[I 2026-03-18 17:28:37,445] Trial 7 pruned. 
[I 2026-03-18 17:28:38,471] Trial 12 finished with value: -0.5830094706077523 and parameters: {'n_layers_yyx': 2, 'hidden_size_yyx_l0': 5, 'hidden_size_yyx_l1': 5, 'context_size_yyx': 4, 'num_mix_components_yyx': 5, 'context_extractor_yyx': 'lstm', 'activation_func_yyx': 'GELU', 'L2_weight_yyx': 1.9571383710522097e-06, 'L_entropy_weight_yyx': 2.1415577676281945e-10, 'L_sep_weight_yyx': 5.904938239791591e-06, 'L_scale_weight_yyx': 3.536176307385855e-07, 'learning_rate_yyx': 0.009770228979245829}. Best is trial 12 with value: -0.5830094706077523.
[I 2026-03-18 17:28:54,975] Trial 11 finished with value: -3.1395587696325435 and parameters: {'n_layers_yyx': 2, 'hidden_size_yyx_l0': 5, 'hidden_size_yyx_l1': 4, 'context_size_yyx': 1, 'num_mix_components_yyx': 4, 'context_extractor_yyx': 'lstm', 'activation_func_yyx': 'ReLU', 'L2_weight_yyx': 0.0005749657568067652, 'L_entropy_weight_yyx': 1.244063768692342e-10, 'L_sep_weight_yyx': 0.00021980011882869027, 'L_scale_weight_yyx': 1.1002424877910713e-10, 'learning_rate_yyx': 0.009849985539538393}. Best is trial 1 with value: -3.1505299612690063.
[I 2026-03-18 17:29:08,258] Trial 9 pruned. 
[I 2026-03-18 17:29:15,645] Trial 14 pruned. 
[I 2026-03-18 17:29:28,093] Trial 19 pruned. 
[I 2026-03-18 17:29:45,590] Trial 13 pruned. 
[I 2026-03-18 17:29:49,695] Trial 14 pruned. 
[I 2026-03-18 17:30:29,107] Trial 15 pruned. 
[I 2026-03-18 17:30:39,582] Trial 8 finished with value: -1.265112378019943 and parameters: {'n_layers_yyx': 1, 'hidden_size_yyx_l0': 6, 'context_size_yyx': 4, 'num_mix_components_yyx': 5, 'context_extractor_yyx': 'gru', 'activation_func_yyx': 'ReLU', 'L2_weight_yyx': 3.973335234071784e-08, 'L_entropy_weight_yyx': 7.505386475886181e-07, 'L_sep_weight_yyx': 2.805315372152577e-10, 'L_scale_weight_yyx': 4.77692174007162e-06, 'learning_rate_yyx': 0.0037744111132652584}. Best is trial 8 with value: -1.265112378019943.
[I 2026-03-18 17:30:43,617] Trial 4 pruned. 
[I 2026-03-18 17:30:52,503] Trial 14 pruned. 
[I 2026-03-18 17:31:03,717] Trial 11 pruned. 
[I 2026-03-18 17:31:44,350] Trial 12 finished with value: -1.261898047822681 and parameters: {'n_layers_yyx': 1, 'hidden_size_yyx_l0': 6, 'context_size_yyx': 4, 'num_mix_components_yyx': 5, 'context_extractor_yyx': 'gru', 'activation_func_yyx': 'ReLU', 'L2_weight_yyx': 1.6934175302045773e-10, 'L_entropy_weight_yyx': 0.0005899386280692766, 'L_sep_weight_yyx': 1.286971312004189e-10, 'L_scale_weight_yyx': 1.6694705124660246e-10, 'learning_rate_yyx': 0.00963970954341728}. Best is trial 10 with value: -1.2677577894848948.
[I 2026-03-18 17:31:45,267] Trial 8 pruned. 
[I 2026-03-18 17:31:57,012] Trial 14 pruned. 
[I 2026-03-18 17:32:06,132] Trial 5 pruned. 
[I 2026-03-18 17:32:07,338] Trial 15 pruned. 
[I 2026-03-18 17:32:15,290] Trial 15 pruned. 
[I 2026-03-18 17:32:41,324] Trial 10 finished with value: -3.1219802961658463 and parameters: {'n_layers_yyx': 2, 'hidden_size_yyx_l0': 6, 'hidden_size_yyx_l1': 6, 'context_size_yyx': 4, 'num_mix_components_yyx': 2, 'context_extractor_yyx': 'lstm', 'activation_func_yyx': 'ReLU', 'L2_weight_yyx': 0.0005289322990824711, 'L_entropy_weight_yyx': 0.00029374225731798267, 'L_sep_weight_yyx': 2.5618557579940235e-09, 'L_scale_weight_yyx': 5.129180268334892e-08, 'learning_rate_yyx': 0.00936366732745801}. Best is trial 2 with value: -3.1501405578480686.
[I 2026-03-18 17:32:43,824] Trial 14 finished with value: -0.5615681854206069 and parameters: {'n_layers_yyx': 2, 'hidden_size_yyx_l0': 4, 'hidden_size_yyx_l1': 6, 'context_size_yyx': 3, 'num_mix_components_yyx': 3, 'context_extractor_yyx': 'gru', 'activation_func_yyx': 'ReLU', 'L2_weight_yyx': 1.6588724836700204e-10, 'L_entropy_weight_yyx': 1.825604208827111e-05, 'L_sep_weight_yyx': 3.4759135294705195e-06, 'L_scale_weight_yyx': 9.347376212812472e-09, 'learning_rate_yyx': 0.009713811495907224}. Best is trial 11 with value: -0.5771698879572515.
[I 2026-03-18 17:32:48,663] Trial 9 pruned. 
[I 2026-03-18 17:33:09,143] Trial 7 finished with value: -3.1147042792281665 and parameters: {'n_layers_yyx': 2, 'hidden_size_yyx_l0': 5, 'hidden_size_yyx_l1': 5, 'context_size_yyx': 2, 'num_mix_components_yyx': 1, 'context_extractor_yyx': 'gru', 'activation_func_yyx': 'GELU', 'L2_weight_yyx': 2.929548117561068e-10, 'L_entropy_weight_yyx': 7.500464455481322e-07, 'L_sep_weight_yyx': 9.475583438391316e-10, 'L_scale_weight_yyx': 2.225323426205518e-09, 'learning_rate_yyx': 0.008104165090583005}. Best is trial 5 with value: -3.1192462435086177.
[I 2026-03-18 17:33:31,476] Trial 6 pruned. 
[I 2026-03-18 17:33:33,126] Trial 23 pruned. 
[I 2026-03-18 17:33:47,605] Trial 7 finished with value: -3.1121634756779826 and parameters: {'n_layers_yyx': 1, 'hidden_size_yyx_l0': 5, 'context_size_yyx': 3, 'num_mix_components_yyx': 4, 'context_extractor_yyx': 'gru', 'activation_func_yyx': 'Tanh', 'L2_weight_yyx': 3.788924977085258e-06, 'L_entropy_weight_yyx': 0.0001317224783878095, 'L_sep_weight_yyx': 3.9326547448766096e-10, 'L_scale_weight_yyx': 2.243532504775149e-10, 'learning_rate_yyx': 0.0010350241112382533}. Best is trial 1 with value: -3.152505646630136.
[I 2026-03-18 17:33:53,987] Trial 8 pruned. 
[I 2026-03-18 17:33:56,206] Trial 13 pruned. 
[I 2026-03-18 17:34:00,152] Trial 15 pruned. 
[I 2026-03-18 17:34:08,241] Trial 11 finished with value: -3.146353254922875 and parameters: {'n_layers_yyx': 2, 'hidden_size_yyx_l0': 6, 'hidden_size_yyx_l1': 4, 'context_size_yyx': 1, 'num_mix_components_yyx': 5, 'context_extractor_yyx': 'lstm', 'activation_func_yyx': 'ReLU', 'L2_weight_yyx': 3.3113761754500273e-07, 'L_entropy_weight_yyx': 1.6322292448387304e-10, 'L_sep_weight_yyx': 8.064336378977093e-06, 'L_scale_weight_yyx': 2.401522942055675e-06, 'learning_rate_yyx': 0.003099574564767896}. Best is trial 5 with value: -3.1813736784759756.
[I 2026-03-18 17:34:17,057] Trial 7 finished with value: -1.272066817927052 and parameters: {'n_layers_yyx': 1, 'hidden_size_yyx_l0': 2, 'context_size_yyx': 1, 'num_mix_components_yyx': 2, 'context_extractor_yyx': 'gru', 'activation_func_yyx': 'Tanh', 'L2_weight_yyx': 0.0002950529498958132, 'L_entropy_weight_yyx': 2.42867314587891e-10, 'L_sep_weight_yyx': 6.56900019501034e-05, 'L_scale_weight_yyx': 1.3203550995052285e-07, 'learning_rate_yyx': 0.007349683514375227}. Best is trial 7 with value: -1.272066817927052.
[I 2026-03-18 17:34:25,007] Trial 8 pruned. 
[I 2026-03-18 17:34:39,331] Trial 24 pruned. 
[I 2026-03-18 17:34:46,269] Trial 12 finished with value: -3.1352647722919613 and parameters: {'n_layers_yyx': 2, 'hidden_size_yyx_l0': 5, 'hidden_size_yyx_l1': 5, 'context_size_yyx': 1, 'num_mix_components_yyx': 5, 'context_extractor_yyx': 'lstm', 'activation_func_yyx': 'GELU', 'L2_weight_yyx': 0.0007627256740968265, 'L_entropy_weight_yyx': 1.368056844876875e-10, 'L_sep_weight_yyx': 0.0009781211069118262, 'L_scale_weight_yyx': 1.3995636224652762e-10, 'learning_rate_yyx': 0.008508710386483353}. Best is trial 1 with value: -3.1505299612690063.
[I 2026-03-18 17:34:50,335] Trial 10 pruned. 
[I 2026-03-18 17:34:53,365] Trial 7 pruned. 
[I 2026-03-18 17:34:56,945] Trial 18 finished with value: -1.2691942310156972 and parameters: {'n_layers_yyx': 2, 'hidden_size_yyx_l0': 3, 'hidden_size_yyx_l1': 5, 'context_size_yyx': 4, 'num_mix_components_yyx': 5, 'context_extractor_yyx': 'lstm', 'activation_func_yyx': 'Tanh', 'L2_weight_yyx': 6.885121455539112e-06, 'L_entropy_weight_yyx': 2.897206837365145e-09, 'L_sep_weight_yyx': 1.1457463211956004e-05, 'L_scale_weight_yyx': 5.439518514917336e-10, 'learning_rate_yyx': 0.00508424828040892}. Best is trial 18 with value: -1.2691942310156972.
[I 2026-03-18 17:34:59,639] Trial 9 pruned. 
[I 2026-03-18 17:35:08,261] Trial 12 finished with value: -3.1414601539724654 and parameters: {'n_layers_yyx': 2, 'hidden_size_yyx_l0': 2, 'hidden_size_yyx_l1': 5, 'context_size_yyx': 2, 'num_mix_components_yyx': 2, 'context_extractor_yyx': 'gru', 'activation_func_yyx': 'Tanh', 'L2_weight_yyx': 2.5857385021758455e-08, 'L_entropy_weight_yyx': 9.595223399643253e-09, 'L_sep_weight_yyx': 1.0124114050615708e-10, 'L_scale_weight_yyx': 7.1303635235071604e-06, 'learning_rate_yyx': 0.009107906676470746}. Best is trial 2 with value: -3.1580584124267483.
[I 2026-03-18 17:35:08,524] Trial 16 pruned. 
[I 2026-03-18 17:35:27,272] Trial 8 pruned. 
[I 2026-03-18 17:35:35,192] Trial 7 finished with value: -0.5287592388084863 and parameters: {'n_layers_yyx': 1, 'hidden_size_yyx_l0': 5, 'context_size_yyx': 1, 'num_mix_components_yyx': 1, 'context_extractor_yyx': 'gru', 'activation_func_yyx': 'Tanh', 'L2_weight_yyx': 5.700675575269121e-07, 'L_entropy_weight_yyx': 3.697883908240156e-08, 'L_sep_weight_yyx': 0.00017625815312072272, 'L_scale_weight_yyx': 5.968969680872409e-07, 'learning_rate_yyx': 0.0005148096752104524}. Best is trial 3 with value: -0.584032942865049.
[I 2026-03-18 17:35:47,827] Trial 12 finished with value: -3.1144181579255816 and parameters: {'n_layers_yyx': 2, 'hidden_size_yyx_l0': 5, 'hidden_size_yyx_l1': 6, 'context_size_yyx': 1, 'num_mix_components_yyx': 4, 'context_extractor_yyx': 'gru', 'activation_func_yyx': 'GELU', 'L2_weight_yyx': 1.989152718704755e-07, 'L_entropy_weight_yyx': 4.522934745452134e-09, 'L_sep_weight_yyx': 5.4358936766869686e-08, 'L_scale_weight_yyx': 1.6499099713285414e-06, 'learning_rate_yyx': 0.002525773444783779}. Best is trial 0 with value: -3.1460828145824977.
[I 2026-03-18 17:35:56,791] Trial 14 pruned. 
[I 2026-03-18 17:35:57,268] Trial 11 pruned. 
[I 2026-03-18 17:36:08,196] Trial 13 pruned. 
[I 2026-03-18 17:36:08,366] Trial 10 finished with value: -3.135263512932324 and parameters: {'n_layers_yyx': 2, 'hidden_size_yyx_l0': 2, 'hidden_size_yyx_l1': 6, 'context_size_yyx': 4, 'num_mix_components_yyx': 1, 'context_extractor_yyx': 'gru', 'activation_func_yyx': 'Tanh', 'L2_weight_yyx': 8.13933321387513e-05, 'L_entropy_weight_yyx': 0.0009431222597467202, 'L_sep_weight_yyx': 7.365197338004569e-09, 'L_scale_weight_yyx': 3.0067345269415136e-08, 'learning_rate_yyx': 0.008110049720527061}. Best is trial 8 with value: -3.163666902197897.
[I 2026-03-18 17:36:09,973] Trial 10 pruned. 
[I 2026-03-18 17:36:13,610] Trial 17 pruned. 
[I 2026-03-18 17:36:36,395] Trial 25 pruned. 
[I 2026-03-18 17:36:39,524] Trial 8 pruned. 
[I 2026-03-18 17:36:49,099] Trial 5 finished with value: -3.1658101024797 and parameters: {'n_layers_yyx': 2, 'hidden_size_yyx_l0': 4, 'hidden_size_yyx_l1': 4, 'context_size_yyx': 4, 'num_mix_components_yyx': 4, 'context_extractor_yyx': 'gru', 'activation_func_yyx': 'ReLU', 'L2_weight_yyx': 1.6024148366102418e-05, 'L_entropy_weight_yyx': 3.4778353092266333e-10, 'L_sep_weight_yyx': 9.212656797765187e-05, 'L_scale_weight_yyx': 5.701498228063479e-10, 'learning_rate_yyx': 0.0008317299188471488}. Best is trial 1 with value: -3.166268711244678.
[I 2026-03-18 17:37:02,490] Trial 19 pruned. 
[I 2026-03-18 17:37:08,584] Trial 9 pruned. 
[I 2026-03-18 17:37:08,613] Trial 13 pruned. 
[I 2026-03-18 17:37:21,796] Trial 18 pruned. 
[I 2026-03-18 17:37:45,745] Trial 15 finished with value: -0.5797879771320495 and parameters: {'n_layers_yyx': 1, 'hidden_size_yyx_l0': 4, 'context_size_yyx': 3, 'num_mix_components_yyx': 5, 'context_extractor_yyx': 'gru', 'activation_func_yyx': 'ReLU', 'L2_weight_yyx': 1.4365582174566562e-10, 'L_entropy_weight_yyx': 1.853147937153212e-07, 'L_sep_weight_yyx': 3.9895413104917e-06, 'L_scale_weight_yyx': 2.6342753931897824e-08, 'learning_rate_yyx': 0.009917936810530477}. Best is trial 15 with value: -0.5797879771320495.
[I 2026-03-18 17:37:48,542] Trial 20 finished with value: -3.1481007392302844 and parameters: {'n_layers_yyx': 2, 'hidden_size_yyx_l0': 4, 'hidden_size_yyx_l1': 5, 'context_size_yyx': 4, 'num_mix_components_yyx': 4, 'context_extractor_yyx': 'lstm', 'activation_func_yyx': 'GELU', 'L2_weight_yyx': 9.014908210218983e-08, 'L_entropy_weight_yyx': 1.9955070975137767e-06, 'L_sep_weight_yyx': 8.340494644661127e-09, 'L_scale_weight_yyx': 7.853873529543422e-08, 'learning_rate_yyx': 0.006900091658942299}. Best is trial 20 with value: -3.1481007392302844.
[I 2026-03-18 17:37:51,583] Trial 9 finished with value: -3.1276875204183607 and parameters: {'n_layers_yyx': 2, 'hidden_size_yyx_l0': 6, 'hidden_size_yyx_l1': 6, 'context_size_yyx': 4, 'num_mix_components_yyx': 1, 'context_extractor_yyx': 'lstm', 'activation_func_yyx': 'GELU', 'L2_weight_yyx': 6.335352189277446e-08, 'L_entropy_weight_yyx': 9.124709871251658e-07, 'L_sep_weight_yyx': 2.0578787069472226e-10, 'L_scale_weight_yyx': 1.622896329269961e-06, 'learning_rate_yyx': 0.009734910373825949}. Best is trial 6 with value: -3.1471600213313993.
[I 2026-03-18 17:37:51,894] Trial 13 pruned. 
[I 2026-03-18 17:38:31,586] Trial 14 pruned. 
[I 2026-03-18 17:38:47,267] Trial 7 finished with value: -3.145182383960637 and parameters: {'n_layers_yyx': 1, 'hidden_size_yyx_l0': 3, 'context_size_yyx': 3, 'num_mix_components_yyx': 5, 'context_extractor_yyx': 'gru', 'activation_func_yyx': 'ReLU', 'L2_weight_yyx': 6.417304478385083e-05, 'L_entropy_weight_yyx': 1.2007271598451762e-09, 'L_sep_weight_yyx': 3.4374720853866466e-05, 'L_scale_weight_yyx': 6.447286526516617e-07, 'learning_rate_yyx': 0.0015126064506300076}. Best is trial 5 with value: -3.154335707688014.
[I 2026-03-18 17:39:08,013] Trial 14 pruned. 
[I 2026-03-18 17:39:08,831] Trial 8 finished with value: -0.57630985475144 and parameters: {'n_layers_yyx': 2, 'hidden_size_yyx_l0': 4, 'hidden_size_yyx_l1': 2, 'context_size_yyx': 3, 'num_mix_components_yyx': 3, 'context_extractor_yyx': 'gru', 'activation_func_yyx': 'Tanh', 'L2_weight_yyx': 0.00042291292317581846, 'L_entropy_weight_yyx': 3.6727488752208355e-08, 'L_sep_weight_yyx': 4.946418245084694e-08, 'L_scale_weight_yyx': 6.662574662425358e-08, 'learning_rate_yyx': 0.003950261440008984}. Best is trial 4 with value: -0.5804501078315746.
[I 2026-03-18 17:39:57,602] Trial 10 finished with value: -1.2586591935642546 and parameters: {'n_layers_yyx': 1, 'hidden_size_yyx_l0': 3, 'context_size_yyx': 2, 'num_mix_components_yyx': 5, 'context_extractor_yyx': 'lstm', 'activation_func_yyx': 'ReLU', 'L2_weight_yyx': 2.0769019820590794e-08, 'L_entropy_weight_yyx': 1.2670083058529042e-10, 'L_sep_weight_yyx': 1.4634310005956328e-06, 'L_scale_weight_yyx': 5.647518877294837e-07, 'learning_rate_yyx': 0.009960314789229973}. Best is trial 10 with value: -1.2586591935642546.
[I 2026-03-18 17:41:03,466] Trial 9 pruned. 
[I 2026-03-18 17:41:03,706] Trial 6 finished with value: -1.264027203039528 and parameters: {'n_layers_yyx': 2, 'hidden_size_yyx_l0': 3, 'hidden_size_yyx_l1': 3, 'context_size_yyx': 1, 'num_mix_components_yyx': 5, 'context_extractor_yyx': 'gru', 'activation_func_yyx': 'ReLU', 'L2_weight_yyx': 9.694017754386677e-07, 'L_entropy_weight_yyx': 1.205513925505408e-09, 'L_sep_weight_yyx': 0.0004899605417665371, 'L_scale_weight_yyx': 4.168103688636046e-09, 'learning_rate_yyx': 0.004012141269660185}. Best is trial 2 with value: -1.2804754530695341.
[I 2026-03-18 17:41:26,315] Trial 8 pruned. 
[I 2026-03-18 17:41:42,618] Trial 9 finished with value: -3.1394486421464087 and parameters: {'n_layers_yyx': 1, 'hidden_size_yyx_l0': 3, 'context_size_yyx': 1, 'num_mix_components_yyx': 4, 'context_extractor_yyx': 'gru', 'activation_func_yyx': 'Tanh', 'L2_weight_yyx': 2.209378684280567e-07, 'L_entropy_weight_yyx': 0.0005293600009791565, 'L_sep_weight_yyx': 6.412410248264232e-09, 'L_scale_weight_yyx': 3.515417351158984e-06, 'learning_rate_yyx': 0.003463452054875489}. Best is trial 8 with value: -3.1506303241940805.
[I 2026-03-18 17:41:46,741] Trial 15 pruned. 
[I 2026-03-18 17:41:47,565] Trial 16 finished with value: -3.149974272486285 and parameters: {'n_layers_yyx': 1, 'hidden_size_yyx_l0': 3, 'context_size_yyx': 4, 'num_mix_components_yyx': 1, 'context_extractor_yyx': 'lstm', 'activation_func_yyx': 'GELU', 'L2_weight_yyx': 7.568957600865856e-08, 'L_entropy_weight_yyx': 5.870720718371171e-07, 'L_sep_weight_yyx': 1.7869242259195798e-08, 'L_scale_weight_yyx': 6.345252739477758e-07, 'learning_rate_yyx': 0.005608021902952019}. Best is trial 16 with value: -3.149974272486285.
[I 2026-03-18 17:42:04,619] Trial 16 finished with value: -1.2384083125595684 and parameters: {'n_layers_yyx': 2, 'hidden_size_yyx_l0': 5, 'hidden_size_yyx_l1': 4, 'context_size_yyx': 4, 'num_mix_components_yyx': 4, 'context_extractor_yyx': 'gru', 'activation_func_yyx': 'Tanh', 'L2_weight_yyx': 7.504560734821315e-10, 'L_entropy_weight_yyx': 7.633972850448939e-05, 'L_sep_weight_yyx': 5.008546171352927e-06, 'L_scale_weight_yyx': 0.0008015141413267541, 'learning_rate_yyx': 0.0020992336567274054}. Best is trial 0 with value: -1.2691870881537193.
[I 2026-03-18 17:42:06,423] Trial 19 finished with value: -0.5710613770202888 and parameters: {'n_layers_yyx': 2, 'hidden_size_yyx_l0': 6, 'hidden_size_yyx_l1': 5, 'context_size_yyx': 4, 'num_mix_components_yyx': 2, 'context_extractor_yyx': 'lstm', 'activation_func_yyx': 'Tanh', 'L2_weight_yyx': 6.941596779684358e-06, 'L_entropy_weight_yyx': 5.528864115150248e-10, 'L_sep_weight_yyx': 4.273964863421252e-09, 'L_scale_weight_yyx': 0.00011843379472865037, 'learning_rate_yyx': 0.009891408074635934}. Best is trial 12 with value: -0.5830094706077523.
[I 2026-03-18 17:42:11,000] Trial 7 pruned. 
[I 2026-03-18 17:42:24,100] Trial 16 pruned. 
[I 2026-03-18 17:43:18,089] Trial 8 pruned. 
[I 2026-03-18 17:43:31,754] Trial 17 pruned. 
[I 2026-03-18 17:44:08,587] Trial 10 finished with value: -3.1611070918248854 and parameters: {'n_layers_yyx': 2, 'hidden_size_yyx_l0': 6, 'hidden_size_yyx_l1': 6, 'context_size_yyx': 2, 'num_mix_components_yyx': 5, 'context_extractor_yyx': 'lstm', 'activation_func_yyx': 'Tanh', 'L2_weight_yyx': 0.00011845434516327719, 'L_entropy_weight_yyx': 1.9174135918374794e-07, 'L_sep_weight_yyx': 0.0009602156636814349, 'L_scale_weight_yyx': 8.906185184655351e-06, 'learning_rate_yyx': 0.009930597932119709}. Best is trial 10 with value: -3.1611070918248854.
[I 2026-03-18 17:44:10,405] Trial 9 pruned. 
[I 2026-03-18 17:44:16,576] Trial 20 pruned. 
[I 2026-03-18 17:44:17,999] Trial 16 finished with value: -1.2440326711827416 and parameters: {'n_layers_yyx': 2, 'hidden_size_yyx_l0': 3, 'hidden_size_yyx_l1': 4, 'context_size_yyx': 1, 'num_mix_components_yyx': 2, 'context_extractor_yyx': 'gru', 'activation_func_yyx': 'Tanh', 'L2_weight_yyx': 2.778770914752564e-06, 'L_entropy_weight_yyx': 1.052240711278034e-06, 'L_sep_weight_yyx': 4.5632972841855754e-10, 'L_scale_weight_yyx': 4.539886868391173e-07, 'learning_rate_yyx': 0.009027328336490559}. Best is trial 0 with value: -1.255221580181016.
[I 2026-03-18 17:44:26,335] Trial 9 pruned. 
[I 2026-03-18 17:44:26,458] Trial 17 pruned. 
[I 2026-03-18 17:44:40,447] Trial 16 pruned. 
[I 2026-03-18 17:45:25,043] Trial 15 pruned. 
[I 2026-03-18 17:45:31,290] Trial 18 pruned. 
[I 2026-03-18 17:45:36,081] Trial 10 finished with value: -3.148061618303045 and parameters: {'n_layers_yyx': 2, 'hidden_size_yyx_l0': 6, 'hidden_size_yyx_l1': 6, 'context_size_yyx': 4, 'num_mix_components_yyx': 5, 'context_extractor_yyx': 'gru', 'activation_func_yyx': 'ReLU', 'L2_weight_yyx': 2.1469780116161224e-06, 'L_entropy_weight_yyx': 2.1481269132541775e-10, 'L_sep_weight_yyx': 2.21211067900811e-08, 'L_scale_weight_yyx': 0.0009800335386653284, 'learning_rate_yyx': 0.004131229818496417}. Best is trial 10 with value: -3.148061618303045.
[I 2026-03-18 17:45:36,330] Trial 10 pruned. 
[I 2026-03-18 17:45:37,895] Trial 12 finished with value: -3.1417334822033474 and parameters: {'n_layers_yyx': 2, 'hidden_size_yyx_l0': 5, 'hidden_size_yyx_l1': 4, 'context_size_yyx': 2, 'num_mix_components_yyx': 2, 'context_extractor_yyx': 'gru', 'activation_func_yyx': 'ReLU', 'L2_weight_yyx': 3.5489646330627845e-08, 'L_entropy_weight_yyx': 2.36423810122244e-10, 'L_sep_weight_yyx': 2.1957901845988987e-09, 'L_scale_weight_yyx': 1.3787857436734929e-08, 'learning_rate_yyx': 0.005425394930953751}. Best is trial 2 with value: -3.151229652723366.
[I 2026-03-18 17:46:01,348] Trial 21 finished with value: -3.1481003134169945 and parameters: {'n_layers_yyx': 2, 'hidden_size_yyx_l0': 4, 'hidden_size_yyx_l1': 5, 'context_size_yyx': 4, 'num_mix_components_yyx': 4, 'context_extractor_yyx': 'lstm', 'activation_func_yyx': 'GELU', 'L2_weight_yyx': 1.0866585003511967e-07, 'L_entropy_weight_yyx': 8.386180220525573e-07, 'L_sep_weight_yyx': 6.761845774073651e-10, 'L_scale_weight_yyx': 1.1242814770439704e-07, 'learning_rate_yyx': 0.0068270669497271196}. Best is trial 20 with value: -3.1481007392302844.
[I 2026-03-18 17:46:08,522] Trial 17 pruned. 
[I 2026-03-18 17:46:19,031] Trial 17 pruned. 
[I 2026-03-18 17:46:25,876] Trial 21 pruned. 
[I 2026-03-18 17:46:37,808] Trial 11 finished with value: -3.114549815018566 and parameters: {'n_layers_yyx': 1, 'hidden_size_yyx_l0': 6, 'context_size_yyx': 4, 'num_mix_components_yyx': 3, 'context_extractor_yyx': 'gru', 'activation_func_yyx': 'ReLU', 'L2_weight_yyx': 0.00013848670569546797, 'L_entropy_weight_yyx': 9.800503720682617e-06, 'L_sep_weight_yyx': 1.3977226122597678e-10, 'L_scale_weight_yyx': 1.5286352321246917e-06, 'learning_rate_yyx': 0.0005501803962425682}. Best is trial 2 with value: -3.1501405578480686.
[I 2026-03-18 17:46:38,159] Trial 9 finished with value: -0.5828221254204458 and parameters: {'n_layers_yyx': 1, 'hidden_size_yyx_l0': 5, 'context_size_yyx': 4, 'num_mix_components_yyx': 3, 'context_extractor_yyx': 'lstm', 'activation_func_yyx': 'ReLU', 'L2_weight_yyx': 1.055682003486553e-05, 'L_entropy_weight_yyx': 0.0006930081491686482, 'L_sep_weight_yyx': 0.0004627188138554221, 'L_scale_weight_yyx': 5.483548360720934e-09, 'learning_rate_yyx': 0.006013397765342596}. Best is trial 3 with value: -0.584032942865049.
[I 2026-03-18 17:46:39,687] Trial 19 pruned. 
[I 2026-03-18 17:46:44,023] Trial 15 finished with value: -1.2698546954311858 and parameters: {'n_layers_yyx': 1, 'hidden_size_yyx_l0': 6, 'context_size_yyx': 4, 'num_mix_components_yyx': 4, 'context_extractor_yyx': 'gru', 'activation_func_yyx': 'ReLU', 'L2_weight_yyx': 3.0027802113213236e-09, 'L_entropy_weight_yyx': 4.3149589499507466e-05, 'L_sep_weight_yyx': 1.4469926070764623e-09, 'L_scale_weight_yyx': 1.6657526938395792e-09, 'learning_rate_yyx': 0.005368111847039257}. Best is trial 15 with value: -1.2698546954311858.
[I 2026-03-18 17:46:49,920] Trial 9 finished with value: -1.2626122846621022 and parameters: {'n_layers_yyx': 2, 'hidden_size_yyx_l0': 2, 'hidden_size_yyx_l1': 6, 'context_size_yyx': 4, 'num_mix_components_yyx': 3, 'context_extractor_yyx': 'lstm', 'activation_func_yyx': 'Tanh', 'L2_weight_yyx': 5.0864958659021727e-05, 'L_entropy_weight_yyx': 7.158125179967964e-08, 'L_sep_weight_yyx': 3.8212658190440683e-10, 'L_scale_weight_yyx': 4.6791484467897666e-08, 'learning_rate_yyx': 0.00557206424118402}. Best is trial 7 with value: -1.272066817927052.
[I 2026-03-18 17:46:51,829] Trial 13 finished with value: -1.2582408037732136 and parameters: {'n_layers_yyx': 2, 'hidden_size_yyx_l0': 3, 'hidden_size_yyx_l1': 4, 'context_size_yyx': 2, 'num_mix_components_yyx': 5, 'context_extractor_yyx': 'lstm', 'activation_func_yyx': 'ReLU', 'L2_weight_yyx': 3.0660236330465234e-07, 'L_entropy_weight_yyx': 5.234243272397197e-07, 'L_sep_weight_yyx': 1.9788889832716508e-05, 'L_scale_weight_yyx': 3.2662694683919155e-10, 'learning_rate_yyx': 0.001726413557923753}. Best is trial 3 with value: -1.265314140954432.
[I 2026-03-18 17:46:54,132] Trial 16 pruned. 
[I 2026-03-18 17:47:10,717] Trial 18 pruned. 
[I 2026-03-18 17:47:14,771] Trial 8 finished with value: -3.1519808444856237 and parameters: {'n_layers_yyx': 2, 'hidden_size_yyx_l0': 4, 'hidden_size_yyx_l1': 6, 'context_size_yyx': 4, 'num_mix_components_yyx': 4, 'context_extractor_yyx': 'lstm', 'activation_func_yyx': 'ReLU', 'L2_weight_yyx': 3.236457007416337e-05, 'L_entropy_weight_yyx': 0.000499031645598801, 'L_sep_weight_yyx': 7.122273307984846e-09, 'L_scale_weight_yyx': 4.0778316414727495e-06, 'learning_rate_yyx': 0.005290589564105043}. Best is trial 1 with value: -3.152505646630136.
[I 2026-03-18 17:47:17,747] Trial 26 finished with value: -1.2726356097378264 and parameters: {'n_layers_yyx': 2, 'hidden_size_yyx_l0': 5, 'hidden_size_yyx_l1': 5, 'context_size_yyx': 3, 'num_mix_components_yyx': 3, 'context_extractor_yyx': 'lstm', 'activation_func_yyx': 'Tanh', 'L2_weight_yyx': 0.00019243927005101153, 'L_entropy_weight_yyx': 3.688602020848289e-05, 'L_sep_weight_yyx': 2.151101246393284e-09, 'L_scale_weight_yyx': 6.310659524882262e-07, 'learning_rate_yyx': 0.00996154354347896}. Best is trial 26 with value: -1.2726356097378264.
[I 2026-03-18 17:47:23,424] Trial 6 finished with value: -3.165260441558143 and parameters: {'n_layers_yyx': 2, 'hidden_size_yyx_l0': 3, 'hidden_size_yyx_l1': 5, 'context_size_yyx': 3, 'num_mix_components_yyx': 3, 'context_extractor_yyx': 'lstm', 'activation_func_yyx': 'ReLU', 'L2_weight_yyx': 1.0615153416370245e-09, 'L_entropy_weight_yyx': 4.651129537384967e-06, 'L_sep_weight_yyx': 4.0756805145439e-10, 'L_scale_weight_yyx': 1.5604890212834205e-08, 'learning_rate_yyx': 0.008426390716225219}. Best is trial 1 with value: -3.166268711244678.
[I 2026-03-18 17:47:37,317] Trial 12 finished with value: -3.1893335216865584 and parameters: {'n_layers_yyx': 2, 'hidden_size_yyx_l0': 5, 'hidden_size_yyx_l1': 2, 'context_size_yyx': 4, 'num_mix_components_yyx': 4, 'context_extractor_yyx': 'lstm', 'activation_func_yyx': 'ReLU', 'L2_weight_yyx': 2.54761636411577e-06, 'L_entropy_weight_yyx': 2.230466184501043e-10, 'L_sep_weight_yyx': 1.9023131277731042e-06, 'L_scale_weight_yyx': 0.0009471820977461797, 'learning_rate_yyx': 0.0026619526941844074}. Best is trial 12 with value: -3.1893335216865584.
[I 2026-03-18 17:47:39,231] Trial 11 pruned. 
[I 2026-03-18 17:47:53,511] Trial 14 finished with value: -3.108441705987005 and parameters: {'n_layers_yyx': 2, 'hidden_size_yyx_l0': 3, 'hidden_size_yyx_l1': 4, 'context_size_yyx': 1, 'num_mix_components_yyx': 3, 'context_extractor_yyx': 'lstm', 'activation_func_yyx': 'ReLU', 'L2_weight_yyx': 2.3384928341775592e-07, 'L_entropy_weight_yyx': 1.7455850524863018e-06, 'L_sep_weight_yyx': 4.477081557751883e-10, 'L_scale_weight_yyx': 1.1544876419555776e-07, 'learning_rate_yyx': 0.0013197048408790883}. Best is trial 1 with value: -3.1505299612690063.
[I 2026-03-18 17:48:08,847] Trial 17 pruned. 
[I 2026-03-18 17:48:14,624] Trial 10 finished with value: -3.1450619363884265 and parameters: {'n_layers_yyx': 1, 'hidden_size_yyx_l0': 3, 'context_size_yyx': 2, 'num_mix_components_yyx': 5, 'context_extractor_yyx': 'lstm', 'activation_func_yyx': 'ReLU', 'L2_weight_yyx': 2.2309953159036172e-09, 'L_entropy_weight_yyx': 2.0346573633214424e-05, 'L_sep_weight_yyx': 5.1182211617093584e-08, 'L_scale_weight_yyx': 0.0007985736084285842, 'learning_rate_yyx': 0.0028148502445725166}. Best is trial 6 with value: -3.1471600213313993.
[I 2026-03-18 17:48:19,521] Trial 13 pruned. 
[I 2026-03-18 17:48:22,426] Trial 27 pruned. 
[I 2026-03-18 17:48:23,895] Trial 11 pruned. 
[I 2026-03-18 17:48:29,580] Trial 19 pruned. 
[I 2026-03-18 17:48:34,316] Trial 9 pruned. 
[I 2026-03-18 17:48:34,487] Trial 22 pruned. 
[I 2026-03-18 17:48:37,782] Trial 10 pruned. 
[I 2026-03-18 17:48:43,384] Trial 7 pruned. 
[I 2026-03-18 17:48:44,460] Trial 20 pruned. 
[I 2026-03-18 17:48:47,513] Trial 12 pruned. 
[I 2026-03-18 17:48:53,664] Trial 14 pruned. 
[I 2026-03-18 17:48:55,345] Trial 10 pruned. 
[I 2026-03-18 17:48:56,610] Trial 18 pruned. 
[I 2026-03-18 17:48:56,611] Trial 13 pruned. 
[I 2026-03-18 17:49:21,028] Trial 15 pruned. 
[I 2026-03-18 17:49:35,542] Trial 11 pruned. 
[I 2026-03-18 17:49:36,201] Trial 8 finished with value: -3.1464824876113653 and parameters: {'n_layers_yyx': 2, 'hidden_size_yyx_l0': 4, 'hidden_size_yyx_l1': 3, 'context_size_yyx': 3, 'num_mix_components_yyx': 4, 'context_extractor_yyx': 'gru', 'activation_func_yyx': 'ReLU', 'L2_weight_yyx': 1.0940388196371141e-07, 'L_entropy_weight_yyx': 9.355161610792171e-08, 'L_sep_weight_yyx': 2.003752232729907e-08, 'L_scale_weight_yyx': 4.1698875110804174e-05, 'learning_rate_yyx': 0.004165024131258355}. Best is trial 3 with value: -3.1501368402794143.
[I 2026-03-18 17:49:42,765] Trial 12 pruned. 
[I 2026-03-18 17:49:50,213] Trial 13 pruned. 
[I 2026-03-18 17:49:53,352] Trial 11 finished with value: -1.2697828860467992 and parameters: {'n_layers_yyx': 2, 'hidden_size_yyx_l0': 6, 'hidden_size_yyx_l1': 3, 'context_size_yyx': 2, 'num_mix_components_yyx': 3, 'context_extractor_yyx': 'gru', 'activation_func_yyx': 'GELU', 'L2_weight_yyx': 1.4315503431634035e-10, 'L_entropy_weight_yyx': 1.0956123127257858e-09, 'L_sep_weight_yyx': 1.7275038602385478e-06, 'L_scale_weight_yyx': 2.7507400689485713e-07, 'learning_rate_yyx': 0.004527716058671255}. Best is trial 11 with value: -1.2697828860467992.
[I 2026-03-18 17:49:58,915] Trial 11 pruned. 
[I 2026-03-18 17:50:01,095] Trial 11 finished with value: -3.1681993571236235 and parameters: {'n_layers_yyx': 1, 'hidden_size_yyx_l0': 4, 'context_size_yyx': 4, 'num_mix_components_yyx': 5, 'context_extractor_yyx': 'lstm', 'activation_func_yyx': 'Tanh', 'L2_weight_yyx': 1.9393915419944834e-07, 'L_entropy_weight_yyx': 1.665071718651802e-06, 'L_sep_weight_yyx': 5.465117941418478e-06, 'L_scale_weight_yyx': 1.0682007559745902e-10, 'learning_rate_yyx': 0.009799979055466807}. Best is trial 11 with value: -3.1681993571236235.
[I 2026-03-18 17:50:03,344] Trial 8 pruned. 
[I 2026-03-18 17:50:18,605] Trial 19 pruned. 
[I 2026-03-18 17:50:37,844] Trial 16 pruned. 
[I 2026-03-18 17:50:47,199] Trial 18 pruned. 
[I 2026-03-18 17:50:55,909] Trial 11 pruned. 
[I 2026-03-18 17:50:56,308] Trial 9 pruned. 
[I 2026-03-18 17:50:58,080] Trial 20 pruned. 
[I 2026-03-18 17:50:58,104] Trial 12 pruned. 
[I 2026-03-18 17:51:10,337] Trial 18 pruned. 
[I 2026-03-18 17:51:14,873] Trial 12 finished with value: -1.262873750076717 and parameters: {'n_layers_yyx': 1, 'hidden_size_yyx_l0': 3, 'context_size_yyx': 4, 'num_mix_components_yyx': 4, 'context_extractor_yyx': 'gru', 'activation_func_yyx': 'ReLU', 'L2_weight_yyx': 4.408097507871992e-06, 'L_entropy_weight_yyx': 6.989703904325934e-07, 'L_sep_weight_yyx': 4.689471678802881e-10, 'L_scale_weight_yyx': 1.0861390415487485e-10, 'learning_rate_yyx': 0.00397232290117889}. Best is trial 8 with value: -1.265112378019943.
[I 2026-03-18 17:51:20,673] Trial 9 pruned. 
[I 2026-03-18 17:51:53,956] Trial 10 finished with value: -0.5797192810982097 and parameters: {'n_layers_yyx': 1, 'hidden_size_yyx_l0': 4, 'context_size_yyx': 1, 'num_mix_components_yyx': 5, 'context_extractor_yyx': 'gru', 'activation_func_yyx': 'ReLU', 'L2_weight_yyx': 4.375987681405656e-06, 'L_entropy_weight_yyx': 4.2155960435489e-06, 'L_sep_weight_yyx': 2.0100589210521768e-10, 'L_scale_weight_yyx': 1.5985477287096442e-05, 'learning_rate_yyx': 0.0029029991198474448}. Best is trial 4 with value: -0.5804501078315746.
[I 2026-03-18 17:52:09,558] Trial 19 pruned. 
[I 2026-03-18 17:52:35,262] Trial 10 pruned. 
[I 2026-03-18 17:52:42,576] Trial 22 pruned. 
[I 2026-03-18 17:52:51,634] Trial 11 pruned. 
[I 2026-03-18 17:53:10,252] Trial 20 pruned. 
[I 2026-03-18 17:53:13,877] Trial 28 pruned. 
[I 2026-03-18 17:53:15,127] Trial 11 finished with value: -1.2628584630828688 and parameters: {'n_layers_yyx': 1, 'hidden_size_yyx_l0': 3, 'context_size_yyx': 2, 'num_mix_components_yyx': 5, 'context_extractor_yyx': 'lstm', 'activation_func_yyx': 'ReLU', 'L2_weight_yyx': 2.76756759576862e-08, 'L_entropy_weight_yyx': 5.329745917377381e-10, 'L_sep_weight_yyx': 2.032679574539261e-06, 'L_scale_weight_yyx': 9.90948115805656e-07, 'learning_rate_yyx': 0.009094145612380181}. Best is trial 11 with value: -1.2628584630828688.
[I 2026-03-18 17:53:17,865] Trial 17 pruned. 
[I 2026-03-18 17:53:27,845] Trial 10 pruned. 
[I 2026-03-18 17:53:32,618] Trial 12 pruned. 
[I 2026-03-18 17:53:50,218] Trial 10 finished with value: -3.1515199681211117 and parameters: {'n_layers_yyx': 2, 'hidden_size_yyx_l0': 5, 'hidden_size_yyx_l1': 2, 'context_size_yyx': 2, 'num_mix_components_yyx': 5, 'context_extractor_yyx': 'lstm', 'activation_func_yyx': 'Tanh', 'L2_weight_yyx': 1.4007535202517193e-10, 'L_entropy_weight_yyx': 2.4415021673046093e-06, 'L_sep_weight_yyx': 1.3198038668172366e-10, 'L_scale_weight_yyx': 0.0006392723555278126, 'learning_rate_yyx': 0.0096718850576277}. Best is trial 10 with value: -3.1515199681211117.
[I 2026-03-18 17:54:11,669] Trial 11 finished with value: -0.564961828260671 and parameters: {'n_layers_yyx': 1, 'hidden_size_yyx_l0': 4, 'context_size_yyx': 4, 'num_mix_components_yyx': 2, 'context_extractor_yyx': 'lstm', 'activation_func_yyx': 'ReLU', 'L2_weight_yyx': 1.7179329393602482e-06, 'L_entropy_weight_yyx': 0.00062620659664161, 'L_sep_weight_yyx': 0.0006579228349889326, 'L_scale_weight_yyx': 1.1165210512305961e-08, 'learning_rate_yyx': 0.008440842213525023}. Best is trial 3 with value: -0.584032942865049.
[I 2026-03-18 17:54:33,309] Trial 12 pruned. 
[I 2026-03-18 17:54:36,517] Trial 23 finished with value: -0.5774814023276307 and parameters: {'n_layers_yyx': 2, 'hidden_size_yyx_l0': 6, 'hidden_size_yyx_l1': 4, 'context_size_yyx': 4, 'num_mix_components_yyx': 2, 'context_extractor_yyx': 'lstm', 'activation_func_yyx': 'Tanh', 'L2_weight_yyx': 1.0302946726222419e-05, 'L_entropy_weight_yyx': 5.282919461571102e-10, 'L_sep_weight_yyx': 4.968776218162349e-09, 'L_scale_weight_yyx': 9.761519153667392e-06, 'learning_rate_yyx': 0.007860123222473927}. Best is trial 12 with value: -0.5830094706077523.
[I 2026-03-18 17:54:38,766] Trial 12 pruned. 
[I 2026-03-18 17:54:44,119] Trial 14 pruned. 
[I 2026-03-18 17:54:44,119] Trial 13 pruned. 
[I 2026-03-18 17:54:55,424] Trial 10 finished with value: -3.1223374920073423 and parameters: {'n_layers_yyx': 2, 'hidden_size_yyx_l0': 6, 'hidden_size_yyx_l1': 2, 'context_size_yyx': 3, 'num_mix_components_yyx': 1, 'context_extractor_yyx': 'lstm', 'activation_func_yyx': 'GELU', 'L2_weight_yyx': 1.4287491970860304e-08, 'L_entropy_weight_yyx': 0.00017232618888175514, 'L_sep_weight_yyx': 0.000447760116060315, 'L_scale_weight_yyx': 0.0004872072995847117, 'learning_rate_yyx': 0.00519078870261682}. Best is trial 5 with value: -3.154335707688014.
[I 2026-03-18 17:55:03,652] Trial 14 pruned. 
[I 2026-03-18 17:55:03,707] Trial 12 pruned. 
[I 2026-03-18 17:55:23,831] Trial 20 finished with value: -1.2596458533775343 and parameters: {'n_layers_yyx': 1, 'hidden_size_yyx_l0': 2, 'context_size_yyx': 4, 'num_mix_components_yyx': 5, 'context_extractor_yyx': 'lstm', 'activation_func_yyx': 'ReLU', 'L2_weight_yyx': 7.787882697575017e-08, 'L_entropy_weight_yyx': 4.710257367751729e-09, 'L_sep_weight_yyx': 1.0372511269304742e-05, 'L_scale_weight_yyx': 9.490400384261325e-09, 'learning_rate_yyx': 0.001997945636857492}. Best is trial 18 with value: -1.2691942310156972.
[I 2026-03-18 17:55:31,256] Trial 13 pruned. 
[I 2026-03-18 17:55:31,312] Trial 13 pruned. 
[I 2026-03-18 17:55:36,303] Trial 18 pruned. 
[I 2026-03-18 17:55:49,004] Trial 11 pruned. 
[I 2026-03-18 17:55:54,837] Trial 13 pruned. 
[I 2026-03-18 17:55:59,342] Trial 16 finished with value: -1.2715469755218562 and parameters: {'n_layers_yyx': 1, 'hidden_size_yyx_l0': 5, 'context_size_yyx': 4, 'num_mix_components_yyx': 4, 'context_extractor_yyx': 'gru', 'activation_func_yyx': 'Tanh', 'L2_weight_yyx': 2.3487696324014776e-08, 'L_entropy_weight_yyx': 1.64072467013315e-05, 'L_sep_weight_yyx': 1.8055112039585502e-09, 'L_scale_weight_yyx': 3.417309302934334e-09, 'learning_rate_yyx': 0.00517012184167703}. Best is trial 16 with value: -1.2715469755218562.
[I 2026-03-18 17:56:15,122] Trial 21 finished with value: -0.5720208966912397 and parameters: {'n_layers_yyx': 1, 'hidden_size_yyx_l0': 5, 'context_size_yyx': 3, 'num_mix_components_yyx': 3, 'context_extractor_yyx': 'gru', 'activation_func_yyx': 'ReLU', 'L2_weight_yyx': 1.1467510688664155e-10, 'L_entropy_weight_yyx': 7.418106754729418e-08, 'L_sep_weight_yyx': 6.897590557768981e-06, 'L_scale_weight_yyx': 8.527402165921912e-09, 'learning_rate_yyx': 0.009958203997348609}. Best is trial 15 with value: -0.5797879771320495.
[I 2026-03-18 17:56:16,670] Trial 21 pruned. 
[I 2026-03-18 17:56:16,694] Trial 24 pruned. 
[I 2026-03-18 17:56:22,376] Trial 14 pruned. 
[I 2026-03-18 17:56:40,229] Trial 21 finished with value: -3.1203127304300375 and parameters: {'n_layers_yyx': 2, 'hidden_size_yyx_l0': 3, 'hidden_size_yyx_l1': 5, 'context_size_yyx': 4, 'num_mix_components_yyx': 1, 'context_extractor_yyx': 'lstm', 'activation_func_yyx': 'GELU', 'L2_weight_yyx': 1.6483030143470595e-10, 'L_entropy_weight_yyx': 4.4949007218924615e-05, 'L_sep_weight_yyx': 1.2006133936368335e-08, 'L_scale_weight_yyx': 3.162035102157086e-05, 'learning_rate_yyx': 0.009579273284852604}. Best is trial 16 with value: -3.149974272486285.
[I 2026-03-18 17:56:50,420] Trial 13 finished with value: -3.145879227227111 and parameters: {'n_layers_yyx': 2, 'hidden_size_yyx_l0': 5, 'hidden_size_yyx_l1': 2, 'context_size_yyx': 4, 'num_mix_components_yyx': 4, 'context_extractor_yyx': 'gru', 'activation_func_yyx': 'ReLU', 'L2_weight_yyx': 6.991763826955346e-07, 'L_entropy_weight_yyx': 2.2560487492630763e-09, 'L_sep_weight_yyx': 6.918243946064871e-08, 'L_scale_weight_yyx': 0.0007096730031842282, 'learning_rate_yyx': 0.0074967669141996485}. Best is trial 10 with value: -3.148061618303045.
[I 2026-03-18 17:57:04,051] Trial 15 pruned. 
[I 2026-03-18 17:57:07,817] Trial 22 pruned. 
[I 2026-03-18 17:57:09,482] Trial 14 pruned. 
[I 2026-03-18 17:57:11,567] Trial 21 pruned. 
[I 2026-03-18 17:57:25,042] Trial 15 finished with value: -1.2634616929369802 and parameters: {'n_layers_yyx': 2, 'hidden_size_yyx_l0': 2, 'hidden_size_yyx_l1': 6, 'context_size_yyx': 4, 'num_mix_components_yyx': 4, 'context_extractor_yyx': 'lstm', 'activation_func_yyx': 'ReLU', 'L2_weight_yyx': 7.027866213561944e-06, 'L_entropy_weight_yyx': 4.185145986922015e-05, 'L_sep_weight_yyx': 1.4199986497074732e-09, 'L_scale_weight_yyx': 9.30096431102895e-06, 'learning_rate_yyx': 0.009881034209812085}. Best is trial 3 with value: -1.265314140954432.
[I 2026-03-18 17:57:33,432] Trial 17 pruned. 
[I 2026-03-18 17:57:47,629] Trial 19 pruned. 
[I 2026-03-18 17:57:48,751] Trial 20 finished with value: -3.160948786990499 and parameters: {'n_layers_yyx': 2, 'hidden_size_yyx_l0': 4, 'hidden_size_yyx_l1': 4, 'context_size_yyx': 4, 'num_mix_components_yyx': 4, 'context_extractor_yyx': 'gru', 'activation_func_yyx': 'Tanh', 'L2_weight_yyx': 2.481904065070855e-06, 'L_entropy_weight_yyx': 0.00086210952287102, 'L_sep_weight_yyx': 7.251511316803179e-09, 'L_scale_weight_yyx': 1.784434525926139e-07, 'learning_rate_yyx': 0.008196123263665743}. Best is trial 20 with value: -3.160948786990499.
[I 2026-03-18 17:57:50,562] Trial 10 finished with value: -3.1505735289185597 and parameters: {'n_layers_yyx': 2, 'hidden_size_yyx_l0': 2, 'hidden_size_yyx_l1': 5, 'context_size_yyx': 4, 'num_mix_components_yyx': 1, 'context_extractor_yyx': 'lstm', 'activation_func_yyx': 'ReLU', 'L2_weight_yyx': 1.735360609639844e-10, 'L_entropy_weight_yyx': 2.248298834146834e-07, 'L_sep_weight_yyx': 3.682958075205551e-08, 'L_scale_weight_yyx': 6.998244223070112e-08, 'learning_rate_yyx': 0.00848634042941309}. Best is trial 1 with value: -3.152505646630136.
[I 2026-03-18 17:58:15,359] Trial 16 pruned. 
[I 2026-03-18 17:58:27,780] Trial 23 pruned. 
[I 2026-03-18 17:58:45,304] Trial 22 pruned. 
[I 2026-03-18 17:58:45,413] Trial 22 pruned. 
[I 2026-03-18 17:58:47,068] Trial 20 pruned. 
[I 2026-03-18 17:59:01,659] Trial 12 finished with value: -3.1682013088461884 and parameters: {'n_layers_yyx': 2, 'hidden_size_yyx_l0': 4, 'hidden_size_yyx_l1': 6, 'context_size_yyx': 4, 'num_mix_components_yyx': 5, 'context_extractor_yyx': 'gru', 'activation_func_yyx': 'Tanh', 'L2_weight_yyx': 9.421995457125827e-07, 'L_entropy_weight_yyx': 2.39970754781082e-06, 'L_sep_weight_yyx': 1.1425135493095452e-08, 'L_scale_weight_yyx': 7.099485329719486e-09, 'learning_rate_yyx': 0.009143057541943727}. Best is trial 12 with value: -3.1682013088461884.
[I 2026-03-18 17:59:04,423] Trial 19 finished with value: -3.1199013011188725 and parameters: {'n_layers_yyx': 2, 'hidden_size_yyx_l0': 6, 'hidden_size_yyx_l1': 5, 'context_size_yyx': 3, 'num_mix_components_yyx': 3, 'context_extractor_yyx': 'lstm', 'activation_func_yyx': 'ReLU', 'L2_weight_yyx': 0.0005826215152801459, 'L_entropy_weight_yyx': 1.4079722856530536e-08, 'L_sep_weight_yyx': 2.591505772491316e-06, 'L_scale_weight_yyx': 3.041986154674194e-08, 'learning_rate_yyx': 0.0017233107527447745}. Best is trial 0 with value: -3.1460828145824977.
[I 2026-03-18 17:59:25,367] Trial 12 finished with value: -3.148122425535149 and parameters: {'n_layers_yyx': 1, 'hidden_size_yyx_l0': 5, 'context_size_yyx': 3, 'num_mix_components_yyx': 3, 'context_extractor_yyx': 'gru', 'activation_func_yyx': 'ReLU', 'L2_weight_yyx': 2.470299569250178e-05, 'L_entropy_weight_yyx': 6.1664889938256635e-06, 'L_sep_weight_yyx': 0.0009014156577717234, 'L_scale_weight_yyx': 1.6723269284651182e-06, 'learning_rate_yyx': 0.0014243627951946744}. Best is trial 2 with value: -3.1501405578480686.
[I 2026-03-18 17:59:27,002] Trial 13 finished with value: -1.260969334741617 and parameters: {'n_layers_yyx': 1, 'hidden_size_yyx_l0': 2, 'context_size_yyx': 4, 'num_mix_components_yyx': 4, 'context_extractor_yyx': 'gru', 'activation_func_yyx': 'ReLU', 'L2_weight_yyx': 3.5315408341804414e-06, 'L_entropy_weight_yyx': 8.793687830053158e-06, 'L_sep_weight_yyx': 1.0346236186580631e-10, 'L_scale_weight_yyx': 8.51790960978893e-06, 'learning_rate_yyx': 0.009515604668333918}. Best is trial 8 with value: -1.265112378019943.
[I 2026-03-18 17:59:28,621] Trial 14 pruned. 
[I 2026-03-18 17:59:40,881] Trial 17 pruned. 
[I 2026-03-18 17:59:43,276] Trial 21 pruned. 
[I 2026-03-18 17:59:44,452] Trial 22 pruned. 
[I 2026-03-18 17:59:44,809] Trial 14 finished with value: -1.2735925386737845 and parameters: {'n_layers_yyx': 2, 'hidden_size_yyx_l0': 4, 'hidden_size_yyx_l1': 5, 'context_size_yyx': 4, 'num_mix_components_yyx': 4, 'context_extractor_yyx': 'lstm', 'activation_func_yyx': 'Tanh', 'L2_weight_yyx': 6.659404296621831e-06, 'L_entropy_weight_yyx': 1.3897500933349282e-06, 'L_sep_weight_yyx': 7.100393411896982e-08, 'L_scale_weight_yyx': 3.196028511659947e-06, 'learning_rate_yyx': 0.002370656126840018}. Best is trial 2 with value: -1.2804754530695341.
[I 2026-03-18 17:59:45,122] Trial 12 finished with value: -1.265672976340472 and parameters: {'n_layers_yyx': 2, 'hidden_size_yyx_l0': 5, 'hidden_size_yyx_l1': 4, 'context_size_yyx': 2, 'num_mix_components_yyx': 3, 'context_extractor_yyx': 'gru', 'activation_func_yyx': 'GELU', 'L2_weight_yyx': 4.717886884196428e-09, 'L_entropy_weight_yyx': 1.7683559901707358e-10, 'L_sep_weight_yyx': 5.836451187674341e-07, 'L_scale_weight_yyx': 2.5761857040040994e-07, 'learning_rate_yyx': 0.009140775939341223}. Best is trial 11 with value: -1.2697828860467992.
[I 2026-03-18 17:59:47,018] Trial 21 pruned. 
[I 2026-03-18 17:59:50,143] Trial 25 pruned. 
[I 2026-03-18 18:00:01,518] Trial 15 pruned. 
[I 2026-03-18 18:00:10,604] Trial 15 pruned. 
[I 2026-03-18 18:00:15,637] Trial 14 pruned. 
[I 2026-03-18 18:00:24,890] Trial 18 pruned. 
[I 2026-03-18 18:00:32,028] Trial 13 pruned. 
[I 2026-03-18 18:00:39,037] Trial 23 pruned. 
[I 2026-03-18 18:00:41,715] Trial 22 pruned. 
[I 2026-03-18 18:00:47,258] Trial 16 pruned. 
[I 2026-03-18 18:00:59,366] Trial 12 pruned. 
[I 2026-03-18 18:01:02,247] Trial 18 pruned. 
[I 2026-03-18 18:01:02,455] Trial 15 pruned. 
[I 2026-03-18 18:01:03,269] Trial 13 finished with value: -3.1559077725337215 and parameters: {'n_layers_yyx': 1, 'hidden_size_yyx_l0': 3, 'context_size_yyx': 3, 'num_mix_components_yyx': 5, 'context_extractor_yyx': 'lstm', 'activation_func_yyx': 'ReLU', 'L2_weight_yyx': 1.7734081192464276e-09, 'L_entropy_weight_yyx': 2.751592711771016e-05, 'L_sep_weight_yyx': 4.882238991197957e-07, 'L_scale_weight_yyx': 2.99745160516223e-09, 'learning_rate_yyx': 0.004481809799848413}. Best is trial 13 with value: -3.1559077725337215.
[I 2026-03-18 18:01:10,801] Trial 19 pruned. 
[I 2026-03-18 18:01:13,277] Trial 23 pruned. 
[I 2026-03-18 18:01:21,894] Trial 14 pruned. 
[I 2026-03-18 18:01:23,540] Trial 13 pruned. 
[I 2026-03-18 18:01:29,493] Trial 11 finished with value: -3.118955771714187 and parameters: {'n_layers_yyx': 2, 'hidden_size_yyx_l0': 4, 'hidden_size_yyx_l1': 6, 'context_size_yyx': 3, 'num_mix_components_yyx': 2, 'context_extractor_yyx': 'lstm', 'activation_func_yyx': 'ReLU', 'L2_weight_yyx': 7.656117632346078e-06, 'L_entropy_weight_yyx': 1.2201808988137953e-08, 'L_sep_weight_yyx': 1.6119970158407443e-05, 'L_scale_weight_yyx': 1.055553910023719e-05, 'learning_rate_yyx': 0.0014995584334883672}. Best is trial 5 with value: -3.154335707688014.
[I 2026-03-18 18:01:38,997] Trial 14 finished with value: -3.154845118986846 and parameters: {'n_layers_yyx': 2, 'hidden_size_yyx_l0': 6, 'hidden_size_yyx_l1': 4, 'context_size_yyx': 2, 'num_mix_components_yyx': 5, 'context_extractor_yyx': 'lstm', 'activation_func_yyx': 'Tanh', 'L2_weight_yyx': 5.134528233024791e-05, 'L_entropy_weight_yyx': 1.4599294761027313e-06, 'L_sep_weight_yyx': 6.4588862640262405e-06, 'L_scale_weight_yyx': 5.272068348836931e-07, 'learning_rate_yyx': 0.006809419698372079}. Best is trial 10 with value: -3.1611070918248854.
[I 2026-03-18 18:01:47,705] Trial 17 finished with value: -1.2434122505117475 and parameters: {'n_layers_yyx': 1, 'hidden_size_yyx_l0': 2, 'context_size_yyx': 3, 'num_mix_components_yyx': 3, 'context_extractor_yyx': 'lstm', 'activation_func_yyx': 'ReLU', 'L2_weight_yyx': 6.607644836949687e-08, 'L_entropy_weight_yyx': 2.914324437245515e-06, 'L_sep_weight_yyx': 0.0007499887081722186, 'L_scale_weight_yyx': 1.614800472556302e-07, 'learning_rate_yyx': 0.0014447281496671577}. Best is trial 0 with value: -1.2691870881537193.
[I 2026-03-18 18:01:48,509] Trial 23 pruned. 
[I 2026-03-18 18:01:53,423] Trial 16 pruned. 
[I 2026-03-18 18:01:59,781] Trial 23 finished with value: -1.2567633877399889 and parameters: {'n_layers_yyx': 2, 'hidden_size_yyx_l0': 4, 'hidden_size_yyx_l1': 5, 'context_size_yyx': 4, 'num_mix_components_yyx': 5, 'context_extractor_yyx': 'lstm', 'activation_func_yyx': 'Tanh', 'L2_weight_yyx': 4.916445736970368e-06, 'L_entropy_weight_yyx': 5.065550274147438e-09, 'L_sep_weight_yyx': 0.0008084297819413613, 'L_scale_weight_yyx': 1.0803639840967364e-10, 'learning_rate_yyx': 0.009971696995411809}. Best is trial 18 with value: -1.2691942310156972.
[I 2026-03-18 18:02:02,006] Trial 13 pruned. 
[I 2026-03-18 18:02:02,214] Trial 14 pruned. 
[I 2026-03-18 18:02:03,030] Trial 24 pruned. 
[I 2026-03-18 18:02:10,843] Trial 16 pruned. 
[I 2026-03-18 18:02:10,845] Trial 16 pruned. 
[I 2026-03-18 18:02:17,932] Trial 15 pruned. 
[I 2026-03-18 18:02:24,283] Trial 17 pruned. 
[I 2026-03-18 18:02:32,179] Trial 14 pruned. 
[I 2026-03-18 18:02:34,056] Trial 12 pruned. 
[I 2026-03-18 18:02:41,445] Trial 22 finished with value: -3.1167485190468573 and parameters: {'n_layers_yyx': 2, 'hidden_size_yyx_l0': 5, 'hidden_size_yyx_l1': 4, 'context_size_yyx': 4, 'num_mix_components_yyx': 3, 'context_extractor_yyx': 'gru', 'activation_func_yyx': 'Tanh', 'L2_weight_yyx': 8.825044319073838e-07, 'L_entropy_weight_yyx': 0.0002793771898222409, 'L_sep_weight_yyx': 1.1239184924807296e-07, 'L_scale_weight_yyx': 5.223793027911588e-09, 'learning_rate_yyx': 0.007580528999497584}. Best is trial 20 with value: -3.160948786990499.
[I 2026-03-18 18:02:42,617] Trial 19 pruned. 
[I 2026-03-18 18:02:43,813] Trial 11 finished with value: -3.166113532127813 and parameters: {'n_layers_yyx': 1, 'hidden_size_yyx_l0': 5, 'context_size_yyx': 3, 'num_mix_components_yyx': 4, 'context_extractor_yyx': 'gru', 'activation_func_yyx': 'ReLU', 'L2_weight_yyx': 0.0001368254801806435, 'L_entropy_weight_yyx': 6.662505832553522e-09, 'L_sep_weight_yyx': 0.0006328550448226481, 'L_scale_weight_yyx': 1.0849004167946374e-10, 'learning_rate_yyx': 0.003122856075510151}. Best is trial 1 with value: -3.166268711244678.
[I 2026-03-18 18:02:54,048] Trial 11 finished with value: -3.1506541307240608 and parameters: {'n_layers_yyx': 2, 'hidden_size_yyx_l0': 5, 'hidden_size_yyx_l1': 2, 'context_size_yyx': 2, 'num_mix_components_yyx': 5, 'context_extractor_yyx': 'lstm', 'activation_func_yyx': 'Tanh', 'L2_weight_yyx': 1.9586776840564254e-10, 'L_entropy_weight_yyx': 1.962527616314127e-06, 'L_sep_weight_yyx': 1.0027550171698487e-10, 'L_scale_weight_yyx': 0.0003959767952417881, 'learning_rate_yyx': 0.009948125486938651}. Best is trial 10 with value: -3.1515199681211117.
[I 2026-03-18 18:02:57,308] Trial 11 finished with value: -3.119930540506475 and parameters: {'n_layers_yyx': 2, 'hidden_size_yyx_l0': 3, 'hidden_size_yyx_l1': 6, 'context_size_yyx': 4, 'num_mix_components_yyx': 2, 'context_extractor_yyx': 'lstm', 'activation_func_yyx': 'ReLU', 'L2_weight_yyx': 4.3396042858186236e-09, 'L_entropy_weight_yyx': 5.115044752979265e-07, 'L_sep_weight_yyx': 4.164755947422112e-08, 'L_scale_weight_yyx': 2.7192339112574705e-06, 'learning_rate_yyx': 0.0036427943683266318}. Best is trial 1 with value: -3.152505646630136.
[I 2026-03-18 18:03:05,924] Trial 16 pruned. 
[I 2026-03-18 18:03:13,984] Trial 15 pruned. 
[I 2026-03-18 18:03:14,965] Trial 14 pruned. 
[I 2026-03-18 18:03:27,866] Trial 17 pruned. 
[I 2026-03-18 18:03:31,933] Trial 13 pruned. 
[I 2026-03-18 18:03:32,907] Trial 24 pruned. 
[I 2026-03-18 18:03:37,360] Trial 12 pruned. 
[I 2026-03-18 18:03:40,471] Trial 12 finished with value: -1.263812200860043 and parameters: {'n_layers_yyx': 1, 'hidden_size_yyx_l0': 3, 'context_size_yyx': 2, 'num_mix_components_yyx': 5, 'context_extractor_yyx': 'lstm', 'activation_func_yyx': 'ReLU', 'L2_weight_yyx': 2.7235584593002164e-08, 'L_entropy_weight_yyx': 1.1042089123580776e-10, 'L_sep_weight_yyx': 1.385153442208536e-06, 'L_scale_weight_yyx': 4.3722809690975196e-08, 'learning_rate_yyx': 0.008839220554447474}. Best is trial 12 with value: -1.263812200860043.
[I 2026-03-18 18:03:48,769] Trial 15 pruned. 
[I 2026-03-18 18:03:57,104] Trial 24 pruned. 
[I 2026-03-18 18:03:59,030] Trial 18 pruned. 
[I 2026-03-18 18:04:05,264] Trial 16 pruned. 
[I 2026-03-18 18:04:07,115] Trial 20 pruned. 
[I 2026-03-18 18:04:16,859] Trial 18 pruned. 
[I 2026-03-18 18:04:17,132] Trial 13 pruned. 
[I 2026-03-18 18:04:29,538] Trial 15 finished with value: -0.5520358918621583 and parameters: {'n_layers_yyx': 1, 'hidden_size_yyx_l0': 5, 'context_size_yyx': 3, 'num_mix_components_yyx': 1, 'context_extractor_yyx': 'lstm', 'activation_func_yyx': 'Tanh', 'L2_weight_yyx': 1.0629916153709382e-05, 'L_entropy_weight_yyx': 0.0008594729773758464, 'L_sep_weight_yyx': 0.0007460263783253615, 'L_scale_weight_yyx': 1.0193785088851605e-09, 'learning_rate_yyx': 0.00898185481156376}. Best is trial 3 with value: -0.584032942865049.
[I 2026-03-18 18:04:33,387] Trial 15 finished with value: -0.5635592160231474 and parameters: {'n_layers_yyx': 1, 'hidden_size_yyx_l0': 3, 'context_size_yyx': 3, 'num_mix_components_yyx': 4, 'context_extractor_yyx': 'gru', 'activation_func_yyx': 'ReLU', 'L2_weight_yyx': 2.0102968874800355e-06, 'L_entropy_weight_yyx': 2.436734971264762e-05, 'L_sep_weight_yyx': 5.121223004594917e-10, 'L_scale_weight_yyx': 3.6778614232819628e-06, 'learning_rate_yyx': 0.004206927513249306}. Best is trial 4 with value: -0.5804501078315746.
[I 2026-03-18 18:04:38,682] Trial 25 pruned. 
[I 2026-03-18 18:04:39,549] Trial 17 pruned. 
[I 2026-03-18 18:04:44,883] Trial 19 pruned. 
[I 2026-03-18 18:04:47,394] Trial 20 pruned. 
[I 2026-03-18 18:04:53,933] Trial 17 pruned. 
[I 2026-03-18 18:05:02,039] Trial 26 finished with value: -0.5729655983359483 and parameters: {'n_layers_yyx': 2, 'hidden_size_yyx_l0': 5, 'hidden_size_yyx_l1': 4, 'context_size_yyx': 4, 'num_mix_components_yyx': 2, 'context_extractor_yyx': 'gru', 'activation_func_yyx': 'Tanh', 'L2_weight_yyx': 4.21920665473527e-06, 'L_entropy_weight_yyx': 3.3205420071016976e-10, 'L_sep_weight_yyx': 3.7177078424177966e-05, 'L_scale_weight_yyx': 5.028169070622131e-06, 'learning_rate_yyx': 0.00839261682851103}. Best is trial 12 with value: -0.5830094706077523.
[I 2026-03-18 18:05:06,135] Trial 12 pruned. 
[I 2026-03-18 18:05:20,467] Trial 16 pruned. 
[I 2026-03-18 18:05:21,381] Trial 15 pruned. 
[I 2026-03-18 18:05:36,481] Trial 20 finished with value: -3.108388508776715 and parameters: {'n_layers_yyx': 1, 'hidden_size_yyx_l0': 5, 'context_size_yyx': 1, 'num_mix_components_yyx': 2, 'context_extractor_yyx': 'lstm', 'activation_func_yyx': 'GELU', 'L2_weight_yyx': 2.7235945489230516e-08, 'L_entropy_weight_yyx': 3.426954842913024e-07, 'L_sep_weight_yyx': 4.815574885572547e-10, 'L_scale_weight_yyx': 1.7905849741066896e-09, 'learning_rate_yyx': 0.0032321850150309863}. Best is trial 0 with value: -3.1460828145824977.
[I 2026-03-18 18:05:37,450] Trial 21 pruned. 
[I 2026-03-18 18:05:37,628] Trial 20 pruned. 
[I 2026-03-18 18:05:37,738] Trial 25 pruned. 
[I 2026-03-18 18:05:39,904] Trial 29 finished with value: -1.23659924350252 and parameters: {'n_layers_yyx': 1, 'hidden_size_yyx_l0': 6, 'context_size_yyx': 3, 'num_mix_components_yyx': 5, 'context_extractor_yyx': 'lstm', 'activation_func_yyx': 'GELU', 'L2_weight_yyx': 4.157340974730742e-05, 'L_entropy_weight_yyx': 2.1647781711221867e-07, 'L_sep_weight_yyx': 1.3791337020148964e-08, 'L_scale_weight_yyx': 0.0002642601569625418, 'learning_rate_yyx': 0.0015692382736627337}. Best is trial 26 with value: -1.2726356097378264.
[I 2026-03-18 18:05:46,719] Trial 19 pruned. 
[I 2026-03-18 18:06:01,552] Trial 16 pruned. 
[I 2026-03-18 18:06:08,294] Trial 17 pruned. 
[I 2026-03-18 18:06:08,518] Trial 25 pruned. 
[I 2026-03-18 18:06:22,216] Trial 30 pruned. 
[I 2026-03-18 18:06:22,951] Trial 26 pruned. 
[I 2026-03-18 18:06:26,775] Trial 14 pruned. 
[I 2026-03-18 18:06:31,044] Trial 27 pruned. 
[I 2026-03-18 18:06:32,141] Trial 20 pruned. 
[I 2026-03-18 18:06:36,075] Trial 24 finished with value: -3.122225322786397 and parameters: {'n_layers_yyx': 2, 'hidden_size_yyx_l0': 2, 'hidden_size_yyx_l1': 5, 'context_size_yyx': 3, 'num_mix_components_yyx': 2, 'context_extractor_yyx': 'lstm', 'activation_func_yyx': 'GELU', 'L2_weight_yyx': 1.0066038394080271e-07, 'L_entropy_weight_yyx': 0.00013246383292652567, 'L_sep_weight_yyx': 3.221628852974129e-07, 'L_scale_weight_yyx': 1.1404447353511197e-07, 'learning_rate_yyx': 0.009952561424872046}. Best is trial 16 with value: -3.149974272486285.
[I 2026-03-18 18:06:59,129] Trial 27 pruned. 
[I 2026-03-18 18:07:09,116] Trial 13 pruned. 
[I 2026-03-18 18:07:11,166] Trial 12 finished with value: -3.146771382471224 and parameters: {'n_layers_yyx': 2, 'hidden_size_yyx_l0': 3, 'hidden_size_yyx_l1': 5, 'context_size_yyx': 4, 'num_mix_components_yyx': 4, 'context_extractor_yyx': 'lstm', 'activation_func_yyx': 'ReLU', 'L2_weight_yyx': 5.171938931084095e-05, 'L_entropy_weight_yyx': 4.8955372778867e-07, 'L_sep_weight_yyx': 2.965986512868175e-08, 'L_scale_weight_yyx': 0.0005035651624781863, 'learning_rate_yyx': 0.006925238770294773}. Best is trial 1 with value: -3.152505646630136.
[I 2026-03-18 18:07:12,190] Trial 17 finished with value: -3.159344773417026 and parameters: {'n_layers_yyx': 2, 'hidden_size_yyx_l0': 5, 'hidden_size_yyx_l1': 3, 'context_size_yyx': 4, 'num_mix_components_yyx': 3, 'context_extractor_yyx': 'gru', 'activation_func_yyx': 'ReLU', 'L2_weight_yyx': 1.1027692335236577e-07, 'L_entropy_weight_yyx': 6.128213961518987e-07, 'L_sep_weight_yyx': 5.0179673007147113e-08, 'L_scale_weight_yyx': 1.1135395333471952e-10, 'learning_rate_yyx': 0.009711718054205783}. Best is trial 12 with value: -3.1893335216865584.
[I 2026-03-18 18:07:16,099] Trial 14 finished with value: -3.121154813927418 and parameters: {'n_layers_yyx': 2, 'hidden_size_yyx_l0': 3, 'hidden_size_yyx_l1': 6, 'context_size_yyx': 4, 'num_mix_components_yyx': 2, 'context_extractor_yyx': 'lstm', 'activation_func_yyx': 'GELU', 'L2_weight_yyx': 6.047489945922293e-08, 'L_entropy_weight_yyx': 3.43208557486719e-08, 'L_sep_weight_yyx': 3.9939178660493975e-06, 'L_scale_weight_yyx': 4.390308320744672e-08, 'learning_rate_yyx': 0.009736146760778455}. Best is trial 3 with value: -3.1501368402794143.
[I 2026-03-18 18:07:19,980] Trial 23 finished with value: -1.2524189693429775 and parameters: {'n_layers_yyx': 2, 'hidden_size_yyx_l0': 2, 'hidden_size_yyx_l1': 6, 'context_size_yyx': 1, 'num_mix_components_yyx': 3, 'context_extractor_yyx': 'gru', 'activation_func_yyx': 'Tanh', 'L2_weight_yyx': 4.41269966214076e-06, 'L_entropy_weight_yyx': 6.3582379435724025e-09, 'L_sep_weight_yyx': 7.500391360618587e-10, 'L_scale_weight_yyx': 3.4576426671970044e-09, 'learning_rate_yyx': 0.006901589075699199}. Best is trial 0 with value: -1.255221580181016.
[I 2026-03-18 18:07:22,887] Trial 18 pruned. 
[I 2026-03-18 18:07:25,538] Trial 23 finished with value: -3.1144623508677594 and parameters: {'n_layers_yyx': 2, 'hidden_size_yyx_l0': 3, 'hidden_size_yyx_l1': 3, 'context_size_yyx': 3, 'num_mix_components_yyx': 4, 'context_extractor_yyx': 'gru', 'activation_func_yyx': 'Tanh', 'L2_weight_yyx': 1.2426738023317246e-07, 'L_entropy_weight_yyx': 2.075301035694278e-07, 'L_sep_weight_yyx': 3.456935645902097e-10, 'L_scale_weight_yyx': 2.7341176146722857e-05, 'learning_rate_yyx': 0.004462953071913129}. Best is trial 20 with value: -3.160948786990499.
[I 2026-03-18 18:07:26,161] Trial 21 pruned. 
[I 2026-03-18 18:07:36,433] Trial 17 pruned. 
[I 2026-03-18 18:07:42,817] Trial 26 pruned. 
[I 2026-03-18 18:07:45,434] Trial 14 pruned. 
[I 2026-03-18 18:07:48,102] Trial 15 pruned. 
[I 2026-03-18 18:07:49,946] Trial 19 pruned. 
[I 2026-03-18 18:07:51,907] Trial 15 finished with value: -3.137539878067381 and parameters: {'n_layers_yyx': 2, 'hidden_size_yyx_l0': 3, 'hidden_size_yyx_l1': 4, 'context_size_yyx': 1, 'num_mix_components_yyx': 4, 'context_extractor_yyx': 'gru', 'activation_func_yyx': 'Tanh', 'L2_weight_yyx': 4.032959867449289e-05, 'L_entropy_weight_yyx': 4.538910996796645e-09, 'L_sep_weight_yyx': 1.5102190603080264e-10, 'L_scale_weight_yyx': 0.000955719179137867, 'learning_rate_yyx': 0.006356733565234283}. Best is trial 10 with value: -3.148061618303045.
[I 2026-03-18 18:08:00,388] Trial 13 pruned. 
[I 2026-03-18 18:08:01,947] Trial 14 finished with value: -3.122160264510827 and parameters: {'n_layers_yyx': 2, 'hidden_size_yyx_l0': 2, 'hidden_size_yyx_l1': 6, 'context_size_yyx': 3, 'num_mix_components_yyx': 2, 'context_extractor_yyx': 'gru', 'activation_func_yyx': 'ReLU', 'L2_weight_yyx': 5.04446369414901e-08, 'L_entropy_weight_yyx': 1.0034327921271245e-10, 'L_sep_weight_yyx': 2.982144024359244e-08, 'L_scale_weight_yyx': 0.0009520782865138589, 'learning_rate_yyx': 0.009529128699403424}. Best is trial 5 with value: -3.154335707688014.
[I 2026-03-18 18:08:06,142] Trial 27 pruned. 
[I 2026-03-18 18:08:08,725] Trial 18 pruned. 
[I 2026-03-18 18:08:09,693] Trial 24 finished with value: -1.266823407241906 and parameters: {'n_layers_yyx': 2, 'hidden_size_yyx_l0': 3, 'hidden_size_yyx_l1': 4, 'context_size_yyx': 3, 'num_mix_components_yyx': 4, 'context_extractor_yyx': 'lstm', 'activation_func_yyx': 'Tanh', 'L2_weight_yyx': 0.00020485364826280827, 'L_entropy_weight_yyx': 6.24605104884273e-10, 'L_sep_weight_yyx': 1.1200468115040606e-06, 'L_scale_weight_yyx': 7.189537175946902e-10, 'learning_rate_yyx': 0.006486564088716662}. Best is trial 18 with value: -1.2691942310156972.
[I 2026-03-18 18:08:10,432] Trial 20 pruned. 
[I 2026-03-18 18:08:11,603] Trial 15 pruned. 
[I 2026-03-18 18:08:14,920] Trial 28 pruned. 
[I 2026-03-18 18:08:15,082] Trial 24 pruned. 
[I 2026-03-18 18:08:19,587] Trial 13 finished with value: -1.251378043522015 and parameters: {'n_layers_yyx': 1, 'hidden_size_yyx_l0': 3, 'context_size_yyx': 2, 'num_mix_components_yyx': 5, 'context_extractor_yyx': 'lstm', 'activation_func_yyx': 'ReLU', 'L2_weight_yyx': 5.18566869753645e-08, 'L_entropy_weight_yyx': 1.0287935272375459e-10, 'L_sep_weight_yyx': 3.226141832506631e-06, 'L_scale_weight_yyx': 1.8986174299742843e-08, 'learning_rate_yyx': 0.009452018303435266}. Best is trial 12 with value: -1.263812200860043.
[I 2026-03-18 18:08:20,317] Trial 21 pruned. 
[I 2026-03-18 18:08:22,906] Trial 22 pruned. 
[I 2026-03-18 18:08:29,297] Trial 28 pruned. 
[I 2026-03-18 18:08:31,930] Trial 25 pruned. 
[I 2026-03-18 18:08:31,941] Trial 16 pruned. 
[I 2026-03-18 18:08:32,682] Trial 28 finished with value: -0.5550964019649458 and parameters: {'n_layers_yyx': 2, 'hidden_size_yyx_l0': 5, 'hidden_size_yyx_l1': 3, 'context_size_yyx': 4, 'num_mix_components_yyx': 2, 'context_extractor_yyx': 'gru', 'activation_func_yyx': 'Tanh', 'L2_weight_yyx': 1.8424801296229063e-06, 'L_entropy_weight_yyx': 6.901711215253687e-09, 'L_sep_weight_yyx': 1.3210389761606518e-05, 'L_scale_weight_yyx': 1.7640646541197935e-07, 'learning_rate_yyx': 0.005851308578882613}. Best is trial 12 with value: -0.5830094706077523.
[I 2026-03-18 18:08:32,929] Trial 16 pruned. 
[I 2026-03-18 18:08:33,013] Trial 18 pruned. 
[I 2026-03-18 18:08:34,405] Trial 16 pruned. 
[I 2026-03-18 18:08:34,476] Trial 15 pruned. 
[I 2026-03-18 18:08:35,821] Trial 29 pruned. 
[I 2026-03-18 18:08:39,047] Trial 31 finished with value: -1.26520493202421 and parameters: {'n_layers_yyx': 2, 'hidden_size_yyx_l0': 5, 'hidden_size_yyx_l1': 5, 'context_size_yyx': 2, 'num_mix_components_yyx': 2, 'context_extractor_yyx': 'lstm', 'activation_func_yyx': 'Tanh', 'L2_weight_yyx': 0.0002770979243555567, 'L_entropy_weight_yyx': 6.479865903297275e-05, 'L_sep_weight_yyx': 3.0406600612433145e-10, 'L_scale_weight_yyx': 3.4883701872435e-08, 'learning_rate_yyx': 0.009930190732559015}. Best is trial 26 with value: -1.2726356097378264.
[I 2026-03-18 18:08:41,655] Trial 22 pruned. 
[I 2026-03-18 18:08:43,771] Trial 16 finished with value: -0.5770663926493187 and parameters: {'n_layers_yyx': 2, 'hidden_size_yyx_l0': 4, 'hidden_size_yyx_l1': 4, 'context_size_yyx': 1, 'num_mix_components_yyx': 5, 'context_extractor_yyx': 'gru', 'activation_func_yyx': 'Tanh', 'L2_weight_yyx': 7.309701590880366e-07, 'L_entropy_weight_yyx': 5.810626985967921e-07, 'L_sep_weight_yyx': 8.944607874310104e-09, 'L_scale_weight_yyx': 2.0570363619245747e-09, 'learning_rate_yyx': 0.0020178551807213388}. Best is trial 4 with value: -0.5804501078315746.
[I 2026-03-18 18:08:45,749] Trial 14 pruned. 
[I 2026-03-18 18:08:45,959] Trial 18 finished with value: -1.254435682032333 and parameters: {'n_layers_yyx': 2, 'hidden_size_yyx_l0': 5, 'hidden_size_yyx_l1': 5, 'context_size_yyx': 2, 'num_mix_components_yyx': 5, 'context_extractor_yyx': 'gru', 'activation_func_yyx': 'ReLU', 'L2_weight_yyx': 9.926821514288052e-05, 'L_entropy_weight_yyx': 1.0584145726220649e-09, 'L_sep_weight_yyx': 3.279634711551554e-05, 'L_scale_weight_yyx': 7.975607204888328e-08, 'learning_rate_yyx': 0.007490844366696576}. Best is trial 11 with value: -1.2697828860467992.
[I 2026-03-18 18:08:45,966] Trial 15 pruned. 
[I 2026-03-18 18:08:52,861] Trial 17 pruned. 
[I 2026-03-18 18:08:53,381] Trial 17 pruned. 
[I 2026-03-18 18:08:53,616] Trial 26 pruned. 
[I 2026-03-18 18:08:54,208] Trial 26 finished with value: -3.1453319976452754 and parameters: {'n_layers_yyx': 2, 'hidden_size_yyx_l0': 5, 'hidden_size_yyx_l1': 5, 'context_size_yyx': 3, 'num_mix_components_yyx': 5, 'context_extractor_yyx': 'gru', 'activation_func_yyx': 'GELU', 'L2_weight_yyx': 1.1177842635654485e-09, 'L_entropy_weight_yyx': 3.706394564015039e-06, 'L_sep_weight_yyx': 5.022358066545519e-10, 'L_scale_weight_yyx': 1.0438075344718185e-09, 'learning_rate_yyx': 0.0059288107643420684}. Best is trial 20 with value: -3.1481007392302844.
[I 2026-03-18 18:08:55,940] Trial 16 pruned. 
[I 2026-03-18 18:08:56,260] Trial 17 finished with value: -3.150301991988671 and parameters: {'n_layers_yyx': 2, 'hidden_size_yyx_l0': 3, 'hidden_size_yyx_l1': 5, 'context_size_yyx': 4, 'num_mix_components_yyx': 3, 'context_extractor_yyx': 'gru', 'activation_func_yyx': 'ReLU', 'L2_weight_yyx': 1.2919134231630614e-07, 'L_entropy_weight_yyx': 8.011462749179834e-07, 'L_sep_weight_yyx': 8.075005180693735e-09, 'L_scale_weight_yyx': 9.735268768970036e-10, 'learning_rate_yyx': 0.0067164010267810464}. Best is trial 2 with value: -3.151229652723366.
[I 2026-03-18 18:08:56,731] Trial 30 pruned. 
[I 2026-03-18 18:08:57,279] Trial 15 finished with value: -3.1205943766898674 and parameters: {'n_layers_yyx': 1, 'hidden_size_yyx_l0': 5, 'context_size_yyx': 3, 'num_mix_components_yyx': 3, 'context_extractor_yyx': 'gru', 'activation_func_yyx': 'Tanh', 'L2_weight_yyx': 3.8658553276234155e-05, 'L_entropy_weight_yyx': 3.51663239022856e-06, 'L_sep_weight_yyx': 6.863675065179808e-05, 'L_scale_weight_yyx': 6.3842507736813695e-06, 'learning_rate_yyx': 0.003488753686951316}. Best is trial 2 with value: -3.1501405578480686.
[I 2026-03-18 18:09:01,643] Trial 22 finished with value: -1.2717005505799805 and parameters: {'n_layers_yyx': 2, 'hidden_size_yyx_l0': 2, 'hidden_size_yyx_l1': 6, 'context_size_yyx': 4, 'num_mix_components_yyx': 4, 'context_extractor_yyx': 'lstm', 'activation_func_yyx': 'GELU', 'L2_weight_yyx': 5.952984590757776e-10, 'L_entropy_weight_yyx': 6.878800290052059e-09, 'L_sep_weight_yyx': 3.2911455717054815e-09, 'L_scale_weight_yyx': 0.00014296847691095248, 'learning_rate_yyx': 0.007682854702828721}. Best is trial 22 with value: -1.2717005505799805.
[I 2026-03-18 18:09:01,661] Trial 25 pruned. 
[I 2026-03-18 18:09:02,610] Trial 27 pruned. 
[I 2026-03-18 18:09:05,606] Trial 19 pruned. 
[I 2026-03-18 18:09:06,905] Trial 21 finished with value: -1.263666741729003 and parameters: {'n_layers_yyx': 2, 'hidden_size_yyx_l0': 2, 'hidden_size_yyx_l1': 6, 'context_size_yyx': 4, 'num_mix_components_yyx': 3, 'context_extractor_yyx': 'lstm', 'activation_func_yyx': 'Tanh', 'L2_weight_yyx': 6.437367424782321e-05, 'L_entropy_weight_yyx': 4.466944149089221e-08, 'L_sep_weight_yyx': 1.1048390464977499e-10, 'L_scale_weight_yyx': 3.8953039744876506e-08, 'learning_rate_yyx': 0.006461296660624423}. Best is trial 7 with value: -1.272066817927052.
[I 2026-03-18 18:09:07,093] Trial 31 pruned. 
[I 2026-03-18 18:09:07,937] Trial 21 finished with value: -1.2672024513568985 and parameters: {'n_layers_yyx': 1, 'hidden_size_yyx_l0': 4, 'context_size_yyx': 4, 'num_mix_components_yyx': 5, 'context_extractor_yyx': 'gru', 'activation_func_yyx': 'ReLU', 'L2_weight_yyx': 4.963701416163839e-05, 'L_entropy_weight_yyx': 8.206156862642745e-07, 'L_sep_weight_yyx': 2.480920033616706e-08, 'L_scale_weight_yyx': 1.5260066549307844e-10, 'learning_rate_yyx': 0.004766225726590929}. Best is trial 21 with value: -1.2672024513568985.
[I 2026-03-18 18:09:09,757] Trial 28 pruned. 
[I 2026-03-18 18:09:10,032] Trial 18 pruned. 
[I 2026-03-18 18:09:12,429] Trial 20 pruned. 
[I 2026-03-18 18:09:13,062] Trial 21 finished with value: -3.1199775288343026 and parameters: {'n_layers_yyx': 2, 'hidden_size_yyx_l0': 6, 'hidden_size_yyx_l1': 5, 'context_size_yyx': 3, 'num_mix_components_yyx': 3, 'context_extractor_yyx': 'lstm', 'activation_func_yyx': 'ReLU', 'L2_weight_yyx': 0.0004033145603815694, 'L_entropy_weight_yyx': 1.4073438905169165e-08, 'L_sep_weight_yyx': 3.7815495563262287e-06, 'L_scale_weight_yyx': 4.040475187730964e-08, 'learning_rate_yyx': 0.0017738940041943912}. Best is trial 0 with value: -3.1460828145824977.
[I 2026-03-18 18:09:13,073] Trial 29 pruned. 
[I 2026-03-18 18:09:13,144] Trial 32 pruned. 
[I 2026-03-18 18:09:16,568] Trial 16 pruned. 
[I 2026-03-18 18:09:17,849] Trial 17 pruned. 
[I 2026-03-18 18:09:19,514] Trial 24 finished with value: -1.246873450147026 and parameters: {'n_layers_yyx': 2, 'hidden_size_yyx_l0': 3, 'hidden_size_yyx_l1': 5, 'context_size_yyx': 2, 'num_mix_components_yyx': 2, 'context_extractor_yyx': 'gru', 'activation_func_yyx': 'Tanh', 'L2_weight_yyx': 7.943124569645114e-07, 'L_entropy_weight_yyx': 4.5958779647336976e-08, 'L_sep_weight_yyx': 3.742502570727694e-10, 'L_scale_weight_yyx': 5.592177046282742e-08, 'learning_rate_yyx': 0.009994558412438174}. Best is trial 0 with value: -1.255221580181016.
[I 2026-03-18 18:09:20,761] Trial 18 pruned. 
[I 2026-03-18 18:09:23,380] Trial 19 pruned. 
[I 2026-03-18 18:09:24,067] Trial 23 pruned. 
[I 2026-03-18 18:09:27,051] Trial 18 finished with value: -1.2452093653616736 and parameters: {'n_layers_yyx': 2, 'hidden_size_yyx_l0': 5, 'hidden_size_yyx_l1': 4, 'context_size_yyx': 2, 'num_mix_components_yyx': 4, 'context_extractor_yyx': 'lstm', 'activation_func_yyx': 'ReLU', 'L2_weight_yyx': 3.0616747779813048e-06, 'L_entropy_weight_yyx': 1.1314107078031797e-07, 'L_sep_weight_yyx': 1.2412844331007432e-06, 'L_scale_weight_yyx': 6.489268848508271e-08, 'learning_rate_yyx': 0.0018331293294305843}. Best is trial 2 with value: -1.2804754530695341.
[I 2026-03-18 18:09:28,991] Trial 25 pruned. 
[I 2026-03-18 18:09:30,153] Trial 15 pruned. 
[I 2026-03-18 18:09:30,420] Trial 22 pruned. 
[I 2026-03-18 18:09:30,460] Trial 33 pruned. 
[I 2026-03-18 18:09:30,497] Trial 18 pruned. 
[I 2026-03-18 18:09:33,855] Trial 24 pruned. 
[I 2026-03-18 18:09:37,351] Trial 27 pruned. 
[I 2026-03-18 18:09:39,331] Trial 25 finished with value: -3.14814801074357 and parameters: {'n_layers_yyx': 1, 'hidden_size_yyx_l0': 4, 'context_size_yyx': 4, 'num_mix_components_yyx': 1, 'context_extractor_yyx': 'lstm', 'activation_func_yyx': 'ReLU', 'L2_weight_yyx': 5.558134707986896e-10, 'L_entropy_weight_yyx': 7.810780708976242e-06, 'L_sep_weight_yyx': 4.307970883148474e-10, 'L_scale_weight_yyx': 4.451415080969468e-09, 'learning_rate_yyx': 0.006658581887419419}. Best is trial 16 with value: -3.149974272486285.
[I 2026-03-18 18:09:39,613] Trial 19 pruned. 
[I 2026-03-18 18:09:40,431] Trial 34 pruned. 
[I 2026-03-18 18:09:41,144] Trial 26 pruned. 
[I 2026-03-18 18:09:44,716] Trial 25 pruned. 
[I 2026-03-18 18:09:45,719] Trial 23 pruned. 
[I 2026-03-18 18:09:45,997] Trial 26 pruned. 
[I 2026-03-18 18:09:49,415] Trial 23 pruned. 
[I 2026-03-18 18:09:52,644] Trial 22 pruned. 
[I 2026-03-18 18:09:58,192] Trial 29 pruned. 
[I 2026-03-18 18:09:59,149] Trial 24 pruned. 
[I 2026-03-18 18:09:59,675] Trial 26 pruned. 
[I 2026-03-18 18:09:59,797] Trial 28 pruned. 
[I 2026-03-18 18:09:59,996] Trial 19 finished with value: -3.1520429360699525 and parameters: {'n_layers_yyx': 1, 'hidden_size_yyx_l0': 5, 'context_size_yyx': 4, 'num_mix_components_yyx': 4, 'context_extractor_yyx': 'lstm', 'activation_func_yyx': 'Tanh', 'L2_weight_yyx': 0.0007313075841456027, 'L_entropy_weight_yyx': 1.4255051418262424e-09, 'L_sep_weight_yyx': 3.337077387213391e-05, 'L_scale_weight_yyx': 5.026631416270585e-09, 'learning_rate_yyx': 0.0028835220679079465}. Best is trial 12 with value: -3.1893335216865584.
[I 2026-03-18 18:10:01,302] Trial 32 finished with value: -1.2653063423311866 and parameters: {'n_layers_yyx': 2, 'hidden_size_yyx_l0': 5, 'hidden_size_yyx_l1': 5, 'context_size_yyx': 2, 'num_mix_components_yyx': 2, 'context_extractor_yyx': 'lstm', 'activation_func_yyx': 'Tanh', 'L2_weight_yyx': 0.00028063328241421785, 'L_entropy_weight_yyx': 5.791451536416671e-05, 'L_sep_weight_yyx': 2.47519704063887e-10, 'L_scale_weight_yyx': 3.8012349073714874e-08, 'learning_rate_yyx': 0.009983201090082128}. Best is trial 26 with value: -1.2726356097378264.
[I 2026-03-18 18:10:01,720] Trial 21 pruned. 
[I 2026-03-18 18:10:02,578] Trial 18 pruned. 
[I 2026-03-18 18:10:05,332] Trial 26 pruned. 
[I 2026-03-18 18:10:08,439] Trial 23 finished with value: -1.2721869844165175 and parameters: {'n_layers_yyx': 1, 'hidden_size_yyx_l0': 6, 'context_size_yyx': 4, 'num_mix_components_yyx': 4, 'context_extractor_yyx': 'gru', 'activation_func_yyx': 'Tanh', 'L2_weight_yyx': 1.1997767532151584e-08, 'L_entropy_weight_yyx': 1.7137367221749422e-07, 'L_sep_weight_yyx': 5.123839721332845e-10, 'L_scale_weight_yyx': 7.259120478546028e-10, 'learning_rate_yyx': 0.006614217428741582}. Best is trial 23 with value: -1.2721869844165175.
[I 2026-03-18 18:10:09,262] Trial 24 pruned. 
[I 2026-03-18 18:10:10,282] Trial 25 pruned. 
[I 2026-03-18 18:10:12,806] Trial 19 pruned. 
[I 2026-03-18 18:10:15,194] Trial 22 pruned. 
[I 2026-03-18 18:10:16,868] Trial 27 pruned. 
[I 2026-03-18 18:10:21,223] Trial 30 pruned. 
[I 2026-03-18 18:10:22,888] Trial 19 pruned. 
[I 2026-03-18 18:10:23,774] Trial 19 pruned. 
[I 2026-03-18 18:10:27,868] Trial 30 finished with value: -0.5637991169295908 and parameters: {'n_layers_yyx': 2, 'hidden_size_yyx_l0': 5, 'hidden_size_yyx_l1': 4, 'context_size_yyx': 4, 'num_mix_components_yyx': 3, 'context_extractor_yyx': 'gru', 'activation_func_yyx': 'Tanh', 'L2_weight_yyx': 3.355991586390203e-06, 'L_entropy_weight_yyx': 2.6690506354840773e-10, 'L_sep_weight_yyx': 6.844059219526655e-05, 'L_scale_weight_yyx': 2.5075444605452833e-05, 'learning_rate_yyx': 0.008051465826270999}. Best is trial 12 with value: -0.5830094706077523.
[I 2026-03-18 18:10:27,871] Trial 19 finished with value: -0.5893623740341837 and parameters: {'n_layers_yyx': 1, 'hidden_size_yyx_l0': 5, 'context_size_yyx': 4, 'num_mix_components_yyx': 5, 'context_extractor_yyx': 'lstm', 'activation_func_yyx': 'Tanh', 'L2_weight_yyx': 0.0006199366616473545, 'L_entropy_weight_yyx': 0.0003070839615752953, 'L_sep_weight_yyx': 4.295449418760645e-10, 'L_scale_weight_yyx': 2.290169385641059e-05, 'learning_rate_yyx': 0.0034750117768890835}. Best is trial 19 with value: -0.5893623740341837.
[I 2026-03-18 18:10:29,379] Trial 24 pruned. 
[I 2026-03-18 18:10:30,785] Trial 27 pruned. 
[I 2026-03-18 18:10:30,944] Trial 20 pruned. 
[I 2026-03-18 18:10:32,250] Trial 20 pruned. 
[I 2026-03-18 18:10:33,644] Trial 28 pruned. 
[I 2026-03-18 18:10:35,135] Trial 22 finished with value: -1.2529254144749669 and parameters: {'n_layers_yyx': 2, 'hidden_size_yyx_l0': 2, 'hidden_size_yyx_l1': 6, 'context_size_yyx': 3, 'num_mix_components_yyx': 4, 'context_extractor_yyx': 'lstm', 'activation_func_yyx': 'Tanh', 'L2_weight_yyx': 0.00010689354656305378, 'L_entropy_weight_yyx': 6.998539358854739e-09, 'L_sep_weight_yyx': 1.060570814772548e-10, 'L_scale_weight_yyx': 3.097190305375441e-07, 'learning_rate_yyx': 0.00736620222798672}. Best is trial 7 with value: -1.272066817927052.
[I 2026-03-18 18:10:36,561] Trial 16 pruned. 
[I 2026-03-18 18:10:37,621] Trial 28 pruned. 
[I 2026-03-18 18:10:40,453] Trial 14 finished with value: -1.1598430358548262 and parameters: {'n_layers_yyx': 1, 'hidden_size_yyx_l0': 3, 'context_size_yyx': 2, 'num_mix_components_yyx': 3, 'context_extractor_yyx': 'lstm', 'activation_func_yyx': 'ReLU', 'L2_weight_yyx': 2.3321784668411e-09, 'L_entropy_weight_yyx': 7.550525798917931e-07, 'L_sep_weight_yyx': 9.049243343642979e-08, 'L_scale_weight_yyx': 6.05493539348834e-09, 'learning_rate_yyx': 0.004885055160108801}. Best is trial 12 with value: -1.263812200860043.
[I 2026-03-18 18:10:44,514] Trial 25 pruned. 
[I 2026-03-18 18:10:45,428] Trial 27 pruned. 
[I 2026-03-18 18:10:45,525] Trial 29 pruned. 
[I 2026-03-18 18:10:47,225] Trial 33 pruned. 
[I 2026-03-18 18:10:48,766] Trial 29 pruned. 
[I 2026-03-18 18:10:51,231] Trial 16 finished with value: -3.147676768127977 and parameters: {'n_layers_yyx': 2, 'hidden_size_yyx_l0': 5, 'hidden_size_yyx_l1': 2, 'context_size_yyx': 4, 'num_mix_components_yyx': 4, 'context_extractor_yyx': 'gru', 'activation_func_yyx': 'ReLU', 'L2_weight_yyx': 1.4859522464953966e-06, 'L_entropy_weight_yyx': 1.0182366238465032e-10, 'L_sep_weight_yyx': 1.3198361760021105e-07, 'L_scale_weight_yyx': 1.0391920043722193e-06, 'learning_rate_yyx': 0.006078792237251405}. Best is trial 10 with value: -3.148061618303045.
[I 2026-03-18 18:10:52,486] Trial 17 finished with value: -3.1481010253258046 and parameters: {'n_layers_yyx': 2, 'hidden_size_yyx_l0': 3, 'hidden_size_yyx_l1': 5, 'context_size_yyx': 3, 'num_mix_components_yyx': 5, 'context_extractor_yyx': 'lstm', 'activation_func_yyx': 'ReLU', 'L2_weight_yyx': 1.453899103455873e-07, 'L_entropy_weight_yyx': 0.0008727478436606367, 'L_sep_weight_yyx': 7.915097585277338e-09, 'L_scale_weight_yyx': 4.728606105762907e-09, 'learning_rate_yyx': 0.002061427703147324}. Best is trial 13 with value: -3.1559077725337215.
[I 2026-03-18 18:10:55,897] Trial 26 pruned. 
[I 2026-03-18 18:10:57,030] Trial 30 pruned. 
[I 2026-03-18 18:11:00,098] Trial 23 pruned. 
[I 2026-03-18 18:11:06,160] Trial 35 finished with value: -0.5473357860454995 and parameters: {'n_layers_yyx': 1, 'hidden_size_yyx_l0': 4, 'context_size_yyx': 2, 'num_mix_components_yyx': 1, 'context_extractor_yyx': 'gru', 'activation_func_yyx': 'ReLU', 'L2_weight_yyx': 1.132675385842092e-09, 'L_entropy_weight_yyx': 4.392645735896416e-06, 'L_sep_weight_yyx': 1.066792138990959e-05, 'L_scale_weight_yyx': 2.3248644668105387e-08, 'learning_rate_yyx': 0.005666209797532261}. Best is trial 15 with value: -0.5797879771320495.
[I 2026-03-18 18:11:07,015] Trial 31 pruned. 
[I 2026-03-18 18:11:07,021] Trial 30 pruned. 
[I 2026-03-18 18:11:07,549] Trial 31 pruned. 
[I 2026-03-18 18:11:09,540] Trial 24 pruned. 
[I 2026-03-18 18:11:10,302] Trial 17 finished with value: -3.122694304298609 and parameters: {'n_layers_yyx': 2, 'hidden_size_yyx_l0': 5, 'hidden_size_yyx_l1': 6, 'context_size_yyx': 4, 'num_mix_components_yyx': 4, 'context_extractor_yyx': 'lstm', 'activation_func_yyx': 'ReLU', 'L2_weight_yyx': 0.00012504429175692048, 'L_entropy_weight_yyx': 5.679642665387517e-05, 'L_sep_weight_yyx': 1.5940090461223294e-06, 'L_scale_weight_yyx': 8.087289579933286e-09, 'learning_rate_yyx': 0.009130262424514677}. Best is trial 2 with value: -3.1501405578480686.
[I 2026-03-18 18:11:11,341] Trial 21 pruned. 
[I 2026-03-18 18:11:11,505] Trial 17 pruned. 
[I 2026-03-18 18:11:12,611] Trial 13 finished with value: -3.149210554393398 and parameters: {'n_layers_yyx': 2, 'hidden_size_yyx_l0': 3, 'hidden_size_yyx_l1': 6, 'context_size_yyx': 4, 'num_mix_components_yyx': 2, 'context_extractor_yyx': 'lstm', 'activation_func_yyx': 'ReLU', 'L2_weight_yyx': 2.4452211861757537e-10, 'L_entropy_weight_yyx': 1.0537751220472845e-07, 'L_sep_weight_yyx': 4.721962143623493e-07, 'L_scale_weight_yyx': 1.0269730636766017e-06, 'learning_rate_yyx': 0.003474533957602417}. Best is trial 1 with value: -3.152505646630136.
[I 2026-03-18 18:11:15,818] Trial 31 pruned. 
[I 2026-03-18 18:11:16,333] Trial 26 finished with value: -1.2543990017085331 and parameters: {'n_layers_yyx': 2, 'hidden_size_yyx_l0': 3, 'hidden_size_yyx_l1': 6, 'context_size_yyx': 4, 'num_mix_components_yyx': 3, 'context_extractor_yyx': 'lstm', 'activation_func_yyx': 'ReLU', 'L2_weight_yyx': 8.155553287250393e-07, 'L_entropy_weight_yyx': 3.126975698164362e-06, 'L_sep_weight_yyx': 2.098606384240358e-09, 'L_scale_weight_yyx': 7.591456158177578e-06, 'learning_rate_yyx': 0.007960888792193447}. Best is trial 22 with value: -1.2717005505799805.
[I 2026-03-18 18:11:16,381] Trial 27 pruned. 
[I 2026-03-18 18:11:17,062] Trial 18 finished with value: -3.1516461067131374 and parameters: {'n_layers_yyx': 2, 'hidden_size_yyx_l0': 5, 'hidden_size_yyx_l1': 5, 'context_size_yyx': 4, 'num_mix_components_yyx': 4, 'context_extractor_yyx': 'lstm', 'activation_func_yyx': 'GELU', 'L2_weight_yyx': 7.285443955997992e-06, 'L_entropy_weight_yyx': 1.722006131925137e-08, 'L_sep_weight_yyx': 1.0274127692754495e-07, 'L_scale_weight_yyx': 1.2192753353720415e-10, 'learning_rate_yyx': 0.0060009536715392815}. Best is trial 18 with value: -3.1516461067131374.
[I 2026-03-18 18:11:22,908] Trial 36 pruned. 
[I 2026-03-18 18:11:23,039] Trial 23 pruned. 
[I 2026-03-18 18:11:24,080] Trial 32 pruned. 
[I 2026-03-18 18:11:24,082] Trial 15 pruned. 
[I 2026-03-18 18:11:27,111] Trial 32 pruned. 
[I 2026-03-18 18:11:27,512] Trial 16 pruned. 
[I 2026-03-18 18:11:27,568] Trial 31 finished with value: -0.5528501487007823 and parameters: {'n_layers_yyx': 2, 'hidden_size_yyx_l0': 6, 'hidden_size_yyx_l1': 4, 'context_size_yyx': 4, 'num_mix_components_yyx': 2, 'context_extractor_yyx': 'gru', 'activation_func_yyx': 'Tanh', 'L2_weight_yyx': 1.3317510331129169e-05, 'L_entropy_weight_yyx': 9.95791378605322e-10, 'L_sep_weight_yyx': 4.87409422260348e-06, 'L_scale_weight_yyx': 1.0355775835723677e-06, 'learning_rate_yyx': 0.008591182038665168}. Best is trial 12 with value: -0.5830094706077523.
[I 2026-03-18 18:11:28,343] Trial 32 pruned. 
[I 2026-03-18 18:11:30,245] Trial 18 pruned. 
[I 2026-03-18 18:11:30,461] Trial 25 pruned. 
[I 2026-03-18 18:11:30,607] Trial 23 finished with value: -1.261978889789687 and parameters: {'n_layers_yyx': 1, 'hidden_size_yyx_l0': 4, 'context_size_yyx': 4, 'num_mix_components_yyx': 5, 'context_extractor_yyx': 'gru', 'activation_func_yyx': 'ReLU', 'L2_weight_yyx': 8.367731817190503e-05, 'L_entropy_weight_yyx': 1.5753590773444877e-05, 'L_sep_weight_yyx': 3.39924986980327e-10, 'L_scale_weight_yyx': 3.720059320000656e-08, 'learning_rate_yyx': 0.005477993931536243}. Best is trial 21 with value: -1.2672024513568985.
[I 2026-03-18 18:11:30,941] Trial 28 pruned. 
[I 2026-03-18 18:11:31,821] Trial 14 pruned. 
[I 2026-03-18 18:11:34,259] Trial 18 pruned. 
[I 2026-03-18 18:11:34,431] Trial 20 pruned. 
[I 2026-03-18 18:11:35,365] Trial 33 pruned. 
[I 2026-03-18 18:11:36,140] Trial 34 pruned. 
[I 2026-03-18 18:11:37,199] Trial 20 finished with value: -0.5604311222879234 and parameters: {'n_layers_yyx': 1, 'hidden_size_yyx_l0': 5, 'context_size_yyx': 4, 'num_mix_components_yyx': 1, 'context_extractor_yyx': 'lstm', 'activation_func_yyx': 'Tanh', 'L2_weight_yyx': 0.0002747103984044737, 'L_entropy_weight_yyx': 0.0008219174801613451, 'L_sep_weight_yyx': 4.955324086533917e-07, 'L_scale_weight_yyx': 5.127040004024583e-09, 'learning_rate_yyx': 0.004306566667062751}. Best is trial 19 with value: -0.5893623740341837.
[I 2026-03-18 18:11:37,598] Trial 27 pruned. 
[I 2026-03-18 18:11:38,280] Trial 33 pruned. 
[I 2026-03-18 18:11:39,433] Trial 27 finished with value: -3.1280313143912797 and parameters: {'n_layers_yyx': 2, 'hidden_size_yyx_l0': 5, 'hidden_size_yyx_l1': 6, 'context_size_yyx': 4, 'num_mix_components_yyx': 4, 'context_extractor_yyx': 'gru', 'activation_func_yyx': 'Tanh', 'L2_weight_yyx': 5.6554501234771906e-08, 'L_entropy_weight_yyx': 8.280749475496441e-10, 'L_sep_weight_yyx': 6.54919465998856e-09, 'L_scale_weight_yyx': 3.126967019928855e-08, 'learning_rate_yyx': 0.00688547226830036}. Best is trial 20 with value: -3.160948786990499.
[I 2026-03-18 18:11:42,096] Trial 29 finished with value: -3.1426435859964346 and parameters: {'n_layers_yyx': 2, 'hidden_size_yyx_l0': 4, 'hidden_size_yyx_l1': 3, 'context_size_yyx': 2, 'num_mix_components_yyx': 4, 'context_extractor_yyx': 'gru', 'activation_func_yyx': 'GELU', 'L2_weight_yyx': 1.9157085107648843e-08, 'L_entropy_weight_yyx': 1.0286562683984983e-09, 'L_sep_weight_yyx': 0.0001387462448657003, 'L_scale_weight_yyx': 3.208834038165764e-10, 'learning_rate_yyx': 0.00841155166137053}. Best is trial 1 with value: -3.1505299612690063.
[I 2026-03-18 18:11:42,155] Trial 37 pruned. 
[I 2026-03-18 18:11:45,616] Trial 34 pruned. 
[I 2026-03-18 18:11:50,715] Trial 19 pruned. 
[I 2026-03-18 18:11:50,861] Trial 22 pruned. 
[I 2026-03-18 18:11:51,505] Trial 20 finished with value: -1.2583062741320146 and parameters: {'n_layers_yyx': 1, 'hidden_size_yyx_l0': 6, 'context_size_yyx': 3, 'num_mix_components_yyx': 3, 'context_extractor_yyx': 'gru', 'activation_func_yyx': 'Tanh', 'L2_weight_yyx': 2.5962606744961134e-06, 'L_entropy_weight_yyx': 1.2596871761250005e-06, 'L_sep_weight_yyx': 1.2336244512284e-10, 'L_scale_weight_yyx': 2.488719004904264e-05, 'learning_rate_yyx': 0.0030121339515755984}. Best is trial 0 with value: -1.2691870881537193.
[I 2026-03-18 18:11:52,197] Trial 29 pruned. 
[I 2026-03-18 18:11:52,202] Trial 26 pruned. 
[I 2026-03-18 18:11:52,676] Trial 18 pruned. 
[I 2026-03-18 18:11:56,488] Trial 35 pruned. 
[I 2026-03-18 18:12:00,576] Trial 27 pruned. 
[I 2026-03-18 18:12:01,321] Trial 30 pruned. 
[I 2026-03-18 18:12:03,089] Trial 35 pruned. 
[I 2026-03-18 18:12:03,248] Trial 19 pruned. 
[I 2026-03-18 18:12:04,818] Trial 28 pruned. 
[I 2026-03-18 18:12:04,966] Trial 20 finished with value: -3.1566015750503196 and parameters: {'n_layers_yyx': 1, 'hidden_size_yyx_l0': 6, 'context_size_yyx': 3, 'num_mix_components_yyx': 1, 'context_extractor_yyx': 'gru', 'activation_func_yyx': 'GELU', 'L2_weight_yyx': 1.2329235168073962e-05, 'L_entropy_weight_yyx': 2.202294848417113e-06, 'L_sep_weight_yyx': 1.0046613384211806e-06, 'L_scale_weight_yyx': 2.7581710080226857e-08, 'learning_rate_yyx': 0.006397652256241544}. Best is trial 12 with value: -3.1893335216865584.
[I 2026-03-18 18:12:09,237] Trial 17 pruned. 
[I 2026-03-18 18:12:10,717] Trial 33 pruned. 
[I 2026-03-18 18:12:10,748] Trial 19 pruned. 
[I 2026-03-18 18:12:10,823] Trial 36 pruned. 
[I 2026-03-18 18:12:11,110] Trial 20 pruned. 
[I 2026-03-18 18:12:17,364] Trial 28 pruned. 
[I 2026-03-18 18:12:17,629] Trial 29 finished with value: -3.145130162146018 and parameters: {'n_layers_yyx': 2, 'hidden_size_yyx_l0': 5, 'hidden_size_yyx_l1': 5, 'context_size_yyx': 3, 'num_mix_components_yyx': 5, 'context_extractor_yyx': 'gru', 'activation_func_yyx': 'GELU', 'L2_weight_yyx': 1.997275272146631e-09, 'L_entropy_weight_yyx': 3.193015599106749e-05, 'L_sep_weight_yyx': 1.2366150736097367e-10, 'L_scale_weight_yyx': 5.899582815091196e-09, 'learning_rate_yyx': 0.005560081450111256}. Best is trial 20 with value: -3.1481007392302844.
[I 2026-03-18 18:12:17,855] Trial 28 pruned. 
[I 2026-03-18 18:12:18,059] Trial 34 pruned. 
[I 2026-03-18 18:12:18,814] Trial 17 finished with value: -3.1501297657244143 and parameters: {'n_layers_yyx': 2, 'hidden_size_yyx_l0': 6, 'hidden_size_yyx_l1': 3, 'context_size_yyx': 3, 'num_mix_components_yyx': 5, 'context_extractor_yyx': 'lstm', 'activation_func_yyx': 'Tanh', 'L2_weight_yyx': 1.7669080135600685e-10, 'L_entropy_weight_yyx': 6.609416468811076e-06, 'L_sep_weight_yyx': 2.1384796549283567e-09, 'L_scale_weight_yyx': 6.958801049220514e-08, 'learning_rate_yyx': 0.008017078881437347}. Best is trial 10 with value: -3.1515199681211117.
[I 2026-03-18 18:12:19,347] Trial 21 finished with value: -1.2749532063802083 and parameters: {'n_layers_yyx': 2, 'hidden_size_yyx_l0': 4, 'hidden_size_yyx_l1': 5, 'context_size_yyx': 4, 'num_mix_components_yyx': 4, 'context_extractor_yyx': 'lstm', 'activation_func_yyx': 'Tanh', 'L2_weight_yyx': 5.864914428452381e-06, 'L_entropy_weight_yyx': 2.481675992898149e-06, 'L_sep_weight_yyx': 1.619789439595674e-07, 'L_scale_weight_yyx': 2.06728603785974e-06, 'learning_rate_yyx': 0.002227825146174169}. Best is trial 2 with value: -1.2804754530695341.
[I 2026-03-18 18:12:20,436] Trial 28 pruned. 
[I 2026-03-18 18:12:22,219] Trial 21 pruned. 
[I 2026-03-18 18:12:23,094] Trial 34 pruned. 
[I 2026-03-18 18:12:26,115] Trial 25 finished with value: -3.1404854219619858 and parameters: {'n_layers_yyx': 2, 'hidden_size_yyx_l0': 6, 'hidden_size_yyx_l1': 3, 'context_size_yyx': 2, 'num_mix_components_yyx': 3, 'context_extractor_yyx': 'lstm', 'activation_func_yyx': 'ReLU', 'L2_weight_yyx': 8.68635244221742e-09, 'L_entropy_weight_yyx': 2.0660032331844952e-10, 'L_sep_weight_yyx': 3.1847281873329584e-05, 'L_scale_weight_yyx': 9.395228658263749e-10, 'learning_rate_yyx': 0.003318951149920956}. Best is trial 0 with value: -3.1460828145824977.
[I 2026-03-18 18:12:27,250] Trial 32 finished with value: -0.5565020260817412 and parameters: {'n_layers_yyx': 2, 'hidden_size_yyx_l0': 6, 'hidden_size_yyx_l1': 4, 'context_size_yyx': 4, 'num_mix_components_yyx': 2, 'context_extractor_yyx': 'gru', 'activation_func_yyx': 'Tanh', 'L2_weight_yyx': 4.5517623750369795e-06, 'L_entropy_weight_yyx': 4.6495856288239254e-10, 'L_sep_weight_yyx': 1.7047909918332428e-05, 'L_scale_weight_yyx': 0.00015207035622122957, 'learning_rate_yyx': 0.009665888343625192}. Best is trial 12 with value: -0.5830094706077523.
[I 2026-03-18 18:12:30,633] Trial 35 pruned. 
[I 2026-03-18 18:12:30,879] Trial 23 pruned. 
[I 2026-03-18 18:12:35,065] Trial 29 pruned. 
[I 2026-03-18 18:12:37,106] Trial 30 pruned. 
[I 2026-03-18 18:12:41,164] Trial 22 pruned. 
[I 2026-03-18 18:12:41,506] Trial 21 finished with value: -0.5879878027075095 and parameters: {'n_layers_yyx': 1, 'hidden_size_yyx_l0': 5, 'context_size_yyx': 4, 'num_mix_components_yyx': 5, 'context_extractor_yyx': 'lstm', 'activation_func_yyx': 'Tanh', 'L2_weight_yyx': 2.5027755315772847e-05, 'L_entropy_weight_yyx': 0.00012698136743995755, 'L_sep_weight_yyx': 4.548328002412531e-10, 'L_scale_weight_yyx': 2.3065084909464053e-05, 'learning_rate_yyx': 0.002924478996558972}. Best is trial 19 with value: -0.5893623740341837.
[I 2026-03-18 18:12:43,757] Trial 26 pruned. 
[I 2026-03-18 18:12:44,406] Trial 29 pruned. 
[I 2026-03-18 18:12:46,388] Trial 31 pruned. 
[I 2026-03-18 18:12:50,933] Trial 37 pruned. 
[I 2026-03-18 18:12:51,030] Trial 22 pruned. 
[I 2026-03-18 18:12:51,751] Trial 21 pruned. 
[I 2026-03-18 18:12:52,208] Trial 36 pruned. 
[I 2026-03-18 18:12:53,491] Trial 20 pruned. 
[I 2026-03-18 18:12:54,422] Trial 38 finished with value: -0.5795520221022825 and parameters: {'n_layers_yyx': 1, 'hidden_size_yyx_l0': 4, 'context_size_yyx': 2, 'num_mix_components_yyx': 5, 'context_extractor_yyx': 'lstm', 'activation_func_yyx': 'Tanh', 'L2_weight_yyx': 1.0924766486711415e-09, 'L_entropy_weight_yyx': 8.390377133589549e-10, 'L_sep_weight_yyx': 3.846931828318351e-06, 'L_scale_weight_yyx': 4.6776811916828044e-08, 'learning_rate_yyx': 0.004532521810060984}. Best is trial 15 with value: -0.5797879771320495.
[I 2026-03-18 18:12:54,744] Trial 30 pruned. 
[I 2026-03-18 18:13:00,047] Trial 30 pruned. 
[I 2026-03-18 18:13:00,055] Trial 15 finished with value: -3.1215014457252748 and parameters: {'n_layers_yyx': 2, 'hidden_size_yyx_l0': 5, 'hidden_size_yyx_l1': 5, 'context_size_yyx': 4, 'num_mix_components_yyx': 2, 'context_extractor_yyx': 'lstm', 'activation_func_yyx': 'ReLU', 'L2_weight_yyx': 7.565611009429432e-09, 'L_entropy_weight_yyx': 1.6683228442206568e-08, 'L_sep_weight_yyx': 8.178867990988674e-06, 'L_scale_weight_yyx': 2.6537682735807116e-08, 'learning_rate_yyx': 0.005860676345374116}. Best is trial 1 with value: -3.152505646630136.
[I 2026-03-18 18:13:00,932] Trial 29 pruned. 
[I 2026-03-18 18:13:01,585] Trial 20 finished with value: -3.1632631059923257 and parameters: {'n_layers_yyx': 2, 'hidden_size_yyx_l0': 4, 'hidden_size_yyx_l1': 5, 'context_size_yyx': 4, 'num_mix_components_yyx': 4, 'context_extractor_yyx': 'gru', 'activation_func_yyx': 'ReLU', 'L2_weight_yyx': 4.3504606730807565e-08, 'L_entropy_weight_yyx': 2.187066975534308e-05, 'L_sep_weight_yyx': 1.4051880467058948e-09, 'L_scale_weight_yyx': 3.830587250133105e-08, 'learning_rate_yyx': 0.009900970032466105}. Best is trial 12 with value: -3.1682013088461884.
[I 2026-03-18 18:13:01,907] Trial 23 pruned. 
[I 2026-03-18 18:13:02,241] Trial 38 pruned. 
[I 2026-03-18 18:13:04,384] Trial 39 pruned. 
[I 2026-03-18 18:13:07,919] Trial 24 finished with value: -1.2727326976613946 and parameters: {'n_layers_yyx': 1, 'hidden_size_yyx_l0': 4, 'context_size_yyx': 3, 'num_mix_components_yyx': 4, 'context_extractor_yyx': 'gru', 'activation_func_yyx': 'ReLU', 'L2_weight_yyx': 0.0002605622696541254, 'L_entropy_weight_yyx': 4.558517660323181e-07, 'L_sep_weight_yyx': 3.7968181428994e-08, 'L_scale_weight_yyx': 6.640430237399065e-10, 'learning_rate_yyx': 0.009979714098492475}. Best is trial 24 with value: -1.2727326976613946.
[I 2026-03-18 18:13:08,129] Trial 32 pruned. 
[I 2026-03-18 18:13:12,787] Trial 24 pruned. 
[I 2026-03-18 18:13:14,213] Trial 21 pruned. 
[I 2026-03-18 18:13:16,367] Trial 19 pruned. 
[I 2026-03-18 18:13:21,770] Trial 23 pruned. 
[I 2026-03-18 18:13:21,956] Trial 16 pruned. 
[I 2026-03-18 18:13:22,241] Trial 30 pruned. 
[I 2026-03-18 18:13:24,734] Trial 21 finished with value: -1.260939000494599 and parameters: {'n_layers_yyx': 1, 'hidden_size_yyx_l0': 6, 'context_size_yyx': 3, 'num_mix_components_yyx': 4, 'context_extractor_yyx': 'lstm', 'activation_func_yyx': 'Tanh', 'L2_weight_yyx': 0.00011928358225068369, 'L_entropy_weight_yyx': 5.102080887071738e-06, 'L_sep_weight_yyx': 1.6658230690123546e-07, 'L_scale_weight_yyx': 4.345212246932919e-08, 'learning_rate_yyx': 0.007524005693669266}. Best is trial 0 with value: -1.2691870881537193.
[I 2026-03-18 18:13:24,854] Trial 21 pruned. 
[I 2026-03-18 18:13:26,961] Trial 16 pruned. 
[I 2026-03-18 18:13:29,164] Trial 33 pruned. 
[I 2026-03-18 18:13:34,310] Trial 22 pruned. 
[I 2026-03-18 18:13:35,301] Trial 22 pruned. 
[I 2026-03-18 18:13:35,780] Trial 33 finished with value: -0.5515651781588505 and parameters: {'n_layers_yyx': 2, 'hidden_size_yyx_l0': 6, 'hidden_size_yyx_l1': 5, 'context_size_yyx': 4, 'num_mix_components_yyx': 1, 'context_extractor_yyx': 'lstm', 'activation_func_yyx': 'Tanh', 'L2_weight_yyx': 1.011309646015611e-06, 'L_entropy_weight_yyx': 1.5705208368192698e-09, 'L_sep_weight_yyx': 1.1391863289805793e-06, 'L_scale_weight_yyx': 3.6686442731320484e-05, 'learning_rate_yyx': 0.006177606357114913}. Best is trial 12 with value: -0.5830094706077523.
[I 2026-03-18 18:13:36,121] Trial 20 pruned. 
[I 2026-03-18 18:13:39,790] Trial 24 finished with value: -1.2555485018520391 and parameters: {'n_layers_yyx': 2, 'hidden_size_yyx_l0': 2, 'hidden_size_yyx_l1': 4, 'context_size_yyx': 2, 'num_mix_components_yyx': 3, 'context_extractor_yyx': 'lstm', 'activation_func_yyx': 'Tanh', 'L2_weight_yyx': 0.0007054942575736912, 'L_entropy_weight_yyx': 1.7013221133793718e-06, 'L_sep_weight_yyx': 6.347303641261048e-09, 'L_scale_weight_yyx': 3.50162277819616e-10, 'learning_rate_yyx': 0.007316795284632947}. Best is trial 7 with value: -1.272066817927052.
[I 2026-03-18 18:13:48,197] Trial 17 pruned. 
[I 2026-03-18 18:13:49,422] Trial 24 pruned. 
[I 2026-03-18 18:13:49,423] Trial 39 pruned. 
[I 2026-03-18 18:13:50,133] Trial 34 pruned. 
[I 2026-03-18 18:13:52,580] Trial 17 finished with value: -3.1492454068059788 and parameters: {'n_layers_yyx': 2, 'hidden_size_yyx_l0': 5, 'hidden_size_yyx_l1': 5, 'context_size_yyx': 3, 'num_mix_components_yyx': 2, 'context_extractor_yyx': 'lstm', 'activation_func_yyx': 'GELU', 'L2_weight_yyx': 6.360199742044806e-08, 'L_entropy_weight_yyx': 0.00036375024914620804, 'L_sep_weight_yyx': 0.000152094553599902, 'L_scale_weight_yyx': 1.8466136366680131e-06, 'learning_rate_yyx': 0.006561413302077453}. Best is trial 5 with value: -3.154335707688014.
[I 2026-03-18 18:13:54,140] Trial 18 finished with value: -3.1339941345002833 and parameters: {'n_layers_yyx': 1, 'hidden_size_yyx_l0': 6, 'context_size_yyx': 4, 'num_mix_components_yyx': 4, 'context_extractor_yyx': 'lstm', 'activation_func_yyx': 'ReLU', 'L2_weight_yyx': 1.280293190224e-06, 'L_entropy_weight_yyx': 3.2189251915237395e-05, 'L_sep_weight_yyx': 0.0001493027272501783, 'L_scale_weight_yyx': 4.961220884470809e-06, 'learning_rate_yyx': 0.002066594595224085}. Best is trial 1 with value: -3.166268711244678.
[I 2026-03-18 18:13:54,150] Trial 30 finished with value: -1.2441939602497545 and parameters: {'n_layers_yyx': 2, 'hidden_size_yyx_l0': 6, 'hidden_size_yyx_l1': 5, 'context_size_yyx': 1, 'num_mix_components_yyx': 5, 'context_extractor_yyx': 'gru', 'activation_func_yyx': 'Tanh', 'L2_weight_yyx': 7.52804106916171e-08, 'L_entropy_weight_yyx': 9.495165613910956e-08, 'L_sep_weight_yyx': 1.8927518922995717e-06, 'L_scale_weight_yyx': 3.498892705066426e-06, 'learning_rate_yyx': 0.009890342671177466}. Best is trial 11 with value: -1.2697828860467992.
[I 2026-03-18 18:13:55,818] Trial 29 finished with value: -1.2687849513704368 and parameters: {'n_layers_yyx': 2, 'hidden_size_yyx_l0': 2, 'hidden_size_yyx_l1': 4, 'context_size_yyx': 4, 'num_mix_components_yyx': 4, 'context_extractor_yyx': 'lstm', 'activation_func_yyx': 'ReLU', 'L2_weight_yyx': 7.163185069385266e-09, 'L_entropy_weight_yyx': 0.00014094384839000892, 'L_sep_weight_yyx': 3.833108965869181e-09, 'L_scale_weight_yyx': 0.0002487237549141654, 'learning_rate_yyx': 0.00726993935223406}. Best is trial 22 with value: -1.2717005505799805.
[I 2026-03-18 18:13:56,357] Trial 34 pruned. 
[I 2026-03-18 18:13:58,444] Trial 25 pruned. 
[I 2026-03-18 18:13:59,715] Trial 25 pruned. 
[I 2026-03-18 18:14:00,366] Trial 21 finished with value: -3.1184086288580155 and parameters: {'n_layers_yyx': 2, 'hidden_size_yyx_l0': 2, 'hidden_size_yyx_l1': 3, 'context_size_yyx': 3, 'num_mix_components_yyx': 3, 'context_extractor_yyx': 'gru', 'activation_func_yyx': 'ReLU', 'L2_weight_yyx': 1.162918437949528e-07, 'L_entropy_weight_yyx': 1.0870966710496889e-06, 'L_sep_weight_yyx': 1.1408330914462307e-08, 'L_scale_weight_yyx': 8.783788014516483e-08, 'learning_rate_yyx': 0.00744811946366361}. Best is trial 2 with value: -3.151229652723366.
[I 2026-03-18 18:14:00,485] Trial 36 finished with value: -1.257521659301081 and parameters: {'n_layers_yyx': 2, 'hidden_size_yyx_l0': 2, 'hidden_size_yyx_l1': 4, 'context_size_yyx': 2, 'num_mix_components_yyx': 1, 'context_extractor_yyx': 'lstm', 'activation_func_yyx': 'Tanh', 'L2_weight_yyx': 0.0008300706424382407, 'L_entropy_weight_yyx': 4.373537493103757e-07, 'L_sep_weight_yyx': 6.381677297967253e-10, 'L_scale_weight_yyx': 9.827000870305342e-09, 'learning_rate_yyx': 0.007406353474840761}. Best is trial 26 with value: -1.2726356097378264.
[I 2026-03-18 18:14:01,122] Trial 25 pruned. 
[I 2026-03-18 18:14:05,458] Trial 17 pruned. 
[I 2026-03-18 18:14:08,519] Trial 31 pruned. 
[I 2026-03-18 18:14:08,783] Trial 27 finished with value: -3.1140977089574684 and parameters: {'n_layers_yyx': 2, 'hidden_size_yyx_l0': 5, 'hidden_size_yyx_l1': 3, 'context_size_yyx': 2, 'num_mix_components_yyx': 4, 'context_extractor_yyx': 'lstm', 'activation_func_yyx': 'GELU', 'L2_weight_yyx': 3.2445350821968354e-10, 'L_entropy_weight_yyx': 3.3997074126469883e-10, 'L_sep_weight_yyx': 0.0004971755457594679, 'L_scale_weight_yyx': 1.0727131883411274e-10, 'learning_rate_yyx': 0.008437914266541799}. Best is trial 0 with value: -3.1460828145824977.
[I 2026-03-18 18:14:09,938] Trial 26 pruned. 
[I 2026-03-18 18:14:12,619] Trial 37 pruned. 
[I 2026-03-18 18:14:18,203] Trial 30 pruned. 
[I 2026-03-18 18:14:21,330] Trial 21 pruned. 
[I 2026-03-18 18:14:22,776] Trial 31 finished with value: -1.262706707233422 and parameters: {'n_layers_yyx': 1, 'hidden_size_yyx_l0': 6, 'context_size_yyx': 4, 'num_mix_components_yyx': 5, 'context_extractor_yyx': 'gru', 'activation_func_yyx': 'ReLU', 'L2_weight_yyx': 2.825641552684968e-10, 'L_entropy_weight_yyx': 0.00023750022403590907, 'L_sep_weight_yyx': 1.027848637067679e-10, 'L_scale_weight_yyx': 3.542146015507024e-10, 'learning_rate_yyx': 0.007592285661168684}. Best is trial 23 with value: -1.2721869844165175.
[I 2026-03-18 18:14:22,840] Trial 26 pruned. 
[I 2026-03-18 18:14:24,370] Trial 26 pruned. 
[I 2026-03-18 18:14:27,112] Trial 20 finished with value: -3.119796883838503 and parameters: {'n_layers_yyx': 1, 'hidden_size_yyx_l0': 6, 'context_size_yyx': 4, 'num_mix_components_yyx': 4, 'context_extractor_yyx': 'lstm', 'activation_func_yyx': 'GELU', 'L2_weight_yyx': 6.188514667225366e-06, 'L_entropy_weight_yyx': 8.081520314536036e-10, 'L_sep_weight_yyx': 1.4126604585539151e-09, 'L_scale_weight_yyx': 0.0009770905344755824, 'learning_rate_yyx': 0.005719565784135783}. Best is trial 18 with value: -3.1516461067131374.
[I 2026-03-18 18:14:27,401] Trial 18 pruned. 
[I 2026-03-18 18:14:32,287] Trial 31 finished with value: -3.1228727620634733 and parameters: {'n_layers_yyx': 2, 'hidden_size_yyx_l0': 4, 'hidden_size_yyx_l1': 4, 'context_size_yyx': 4, 'num_mix_components_yyx': 1, 'context_extractor_yyx': 'lstm', 'activation_func_yyx': 'ReLU', 'L2_weight_yyx': 7.538827968735809e-10, 'L_entropy_weight_yyx': 1.6699040219056283e-05, 'L_sep_weight_yyx': 2.359907106580431e-08, 'L_scale_weight_yyx': 2.2482548117883137e-09, 'learning_rate_yyx': 0.007077413703860518}. Best is trial 16 with value: -3.149974272486285.
[I 2026-03-18 18:14:33,227] Trial 37 finished with value: -1.2668238796720663 and parameters: {'n_layers_yyx': 2, 'hidden_size_yyx_l0': 2, 'hidden_size_yyx_l1': 6, 'context_size_yyx': 4, 'num_mix_components_yyx': 4, 'context_extractor_yyx': 'lstm', 'activation_func_yyx': 'GELU', 'L2_weight_yyx': 0.0002789322543730938, 'L_entropy_weight_yyx': 2.2035739301176592e-08, 'L_sep_weight_yyx': 6.395755630715491e-05, 'L_scale_weight_yyx': 1.3105580654564919e-09, 'learning_rate_yyx': 0.008044937680205736}. Best is trial 18 with value: -1.2691942310156972.
[I 2026-03-18 18:14:36,390] Trial 18 pruned. 
[I 2026-03-18 18:14:36,585] Trial 38 pruned. 
[I 2026-03-18 18:14:39,000] Trial 22 finished with value: -1.2761270746838447 and parameters: {'n_layers_yyx': 2, 'hidden_size_yyx_l0': 4, 'hidden_size_yyx_l1': 5, 'context_size_yyx': 4, 'num_mix_components_yyx': 4, 'context_extractor_yyx': 'lstm', 'activation_func_yyx': 'Tanh', 'L2_weight_yyx': 2.442584695194847e-07, 'L_entropy_weight_yyx': 8.710225581194594e-06, 'L_sep_weight_yyx': 2.394227795884835e-07, 'L_scale_weight_yyx': 1.254879343744265e-06, 'learning_rate_yyx': 0.0020356253214513587}. Best is trial 2 with value: -1.2804754530695341.
[I 2026-03-18 18:14:39,620] Trial 31 pruned. 
[I 2026-03-18 18:14:39,994] Trial 40 finished with value: -0.5797216108445452 and parameters: {'n_layers_yyx': 1, 'hidden_size_yyx_l0': 4, 'context_size_yyx': 2, 'num_mix_components_yyx': 5, 'context_extractor_yyx': 'lstm', 'activation_func_yyx': 'Tanh', 'L2_weight_yyx': 1.3662998419045683e-09, 'L_entropy_weight_yyx': 2.770813389328065e-09, 'L_sep_weight_yyx': 0.00013152821385271538, 'L_scale_weight_yyx': 1.0764991048594602e-05, 'learning_rate_yyx': 0.005101700100637629}. Best is trial 15 with value: -0.5797879771320495.
[I 2026-03-18 18:14:47,636] Trial 27 pruned. 
[I 2026-03-18 18:14:47,906] Trial 35 pruned. 
[I 2026-03-18 18:14:50,387] Trial 31 pruned. 
[I 2026-03-18 18:14:51,220] Trial 32 pruned. 
[I 2026-03-18 18:14:51,265] Trial 41 pruned. 
[I 2026-03-18 18:14:52,372] Trial 28 pruned. 
[I 2026-03-18 18:14:55,728] Trial 31 pruned. 
[I 2026-03-18 18:14:55,780] Trial 32 pruned. 
[I 2026-03-18 18:14:56,440] Trial 35 finished with value: -0.5532361729764873 and parameters: {'n_layers_yyx': 2, 'hidden_size_yyx_l0': 2, 'hidden_size_yyx_l1': 3, 'context_size_yyx': 2, 'num_mix_components_yyx': 1, 'context_extractor_yyx': 'gru', 'activation_func_yyx': 'GELU', 'L2_weight_yyx': 1.4509824551121986e-08, 'L_entropy_weight_yyx': 9.240475347273184e-10, 'L_sep_weight_yyx': 1.0702538005348977e-08, 'L_scale_weight_yyx': 2.6617756465209697e-07, 'learning_rate_yyx': 0.007052746591416194}. Best is trial 3 with value: -0.584032942865049.
[I 2026-03-18 18:14:58,504] Trial 39 pruned. 
[I 2026-03-18 18:15:01,516] Trial 23 pruned. 
[I 2026-03-18 18:15:02,121] Trial 27 pruned. 
[I 2026-03-18 18:15:02,195] Trial 42 pruned. 
[I 2026-03-18 18:15:02,680] Trial 33 pruned. 
[I 2026-03-18 18:15:04,478] Trial 22 finished with value: -1.255811116611671 and parameters: {'n_layers_yyx': 1, 'hidden_size_yyx_l0': 6, 'context_size_yyx': 3, 'num_mix_components_yyx': 5, 'context_extractor_yyx': 'lstm', 'activation_func_yyx': 'Tanh', 'L2_weight_yyx': 0.0001277271227284186, 'L_entropy_weight_yyx': 7.358562337650154e-08, 'L_sep_weight_yyx': 3.980195703740914e-06, 'L_scale_weight_yyx': 3.0507173635932298e-09, 'learning_rate_yyx': 0.009134912814848154}. Best is trial 0 with value: -1.2691870881537193.
[I 2026-03-18 18:15:09,123] Trial 28 pruned. 
[I 2026-03-18 18:15:10,002] Trial 40 pruned. 
[I 2026-03-18 18:15:13,158] Trial 19 pruned. 
[I 2026-03-18 18:15:14,721] Trial 34 pruned. 
[I 2026-03-18 18:15:16,764] Trial 33 pruned. 
[I 2026-03-18 18:15:16,973] Trial 36 pruned. 
[I 2026-03-18 18:15:17,317] Trial 32 pruned. 
[I 2026-03-18 18:15:18,467] Trial 25 finished with value: -3.158208110301014 and parameters: {'n_layers_yyx': 2, 'hidden_size_yyx_l0': 6, 'hidden_size_yyx_l1': 3, 'context_size_yyx': 2, 'num_mix_components_yyx': 5, 'context_extractor_yyx': 'lstm', 'activation_func_yyx': 'Tanh', 'L2_weight_yyx': 5.479698090650217e-07, 'L_entropy_weight_yyx': 1.3855135038963247e-09, 'L_sep_weight_yyx': 0.0002778584280246057, 'L_scale_weight_yyx': 2.1869414082061804e-08, 'learning_rate_yyx': 0.009742435609528435}. Best is trial 10 with value: -3.1611070918248854.
[I 2026-03-18 18:15:22,711] Trial 24 pruned. 
[I 2026-03-18 18:15:26,297] Trial 23 pruned. 
[I 2026-03-18 18:15:27,497] Trial 38 pruned. 
[I 2026-03-18 18:15:31,933] Trial 23 pruned. 
[I 2026-03-18 18:15:31,936] Trial 22 finished with value: -3.118107232895566 and parameters: {'n_layers_yyx': 2, 'hidden_size_yyx_l0': 4, 'hidden_size_yyx_l1': 5, 'context_size_yyx': 3, 'num_mix_components_yyx': 2, 'context_extractor_yyx': 'gru', 'activation_func_yyx': 'ReLU', 'L2_weight_yyx': 4.623133361539524e-09, 'L_entropy_weight_yyx': 9.918422154223891e-06, 'L_sep_weight_yyx': 8.65401217120176e-09, 'L_scale_weight_yyx': 3.4693374077656203e-09, 'learning_rate_yyx': 0.009757313709670026}. Best is trial 2 with value: -3.151229652723366.
[I 2026-03-18 18:15:34,067] Trial 25 pruned. 
[I 2026-03-18 18:15:36,281] Trial 29 pruned. 
[I 2026-03-18 18:15:36,957] Trial 34 pruned. 
[I 2026-03-18 18:15:36,991] Trial 24 pruned. 
[I 2026-03-18 18:15:41,753] Trial 32 pruned. 
[I 2026-03-18 18:15:42,583] Trial 18 finished with value: -1.2672644666294515 and parameters: {'n_layers_yyx': 1, 'hidden_size_yyx_l0': 5, 'context_size_yyx': 2, 'num_mix_components_yyx': 5, 'context_extractor_yyx': 'lstm', 'activation_func_yyx': 'Tanh', 'L2_weight_yyx': 2.120361972615483e-09, 'L_entropy_weight_yyx': 3.4641282981129817e-10, 'L_sep_weight_yyx': 4.519770608971847e-07, 'L_scale_weight_yyx': 1.6912999332971912e-07, 'learning_rate_yyx': 0.007548906705901539}. Best is trial 18 with value: -1.2672644666294515.
[I 2026-03-18 18:15:43,079] Trial 22 finished with value: -3.1672050771900433 and parameters: {'n_layers_yyx': 2, 'hidden_size_yyx_l0': 5, 'hidden_size_yyx_l1': 6, 'context_size_yyx': 4, 'num_mix_components_yyx': 4, 'context_extractor_yyx': 'gru', 'activation_func_yyx': 'Tanh', 'L2_weight_yyx': 5.455353073128042e-07, 'L_entropy_weight_yyx': 2.0967346048527e-08, 'L_sep_weight_yyx': 1.1839866966960909e-08, 'L_scale_weight_yyx': 1.2107634274646234e-10, 'learning_rate_yyx': 0.007418300915710201}. Best is trial 12 with value: -3.1682013088461884.
[I 2026-03-18 18:15:43,557] Trial 32 pruned. 
[I 2026-03-18 18:15:46,430] Trial 35 finished with value: -3.113658833447519 and parameters: {'n_layers_yyx': 1, 'hidden_size_yyx_l0': 5, 'context_size_yyx': 2, 'num_mix_components_yyx': 5, 'context_extractor_yyx': 'gru', 'activation_func_yyx': 'GELU', 'L2_weight_yyx': 6.859095881609958e-07, 'L_entropy_weight_yyx': 1.4466337153276822e-10, 'L_sep_weight_yyx': 0.00015372307901074546, 'L_scale_weight_yyx': 9.955173630507187e-10, 'learning_rate_yyx': 0.00807481222672019}. Best is trial 1 with value: -3.1505299612690063.
[I 2026-03-18 18:15:52,270] Trial 19 pruned. 
[I 2026-03-18 18:15:55,388] Trial 33 pruned. 
[I 2026-03-18 18:15:55,962] Trial 26 pruned. 
[I 2026-03-18 18:15:56,415] Trial 35 pruned. 
[I 2026-03-18 18:15:58,094] Trial 20 pruned. 
[I 2026-03-18 18:15:59,247] Trial 25 pruned. 
[I 2026-03-18 18:16:02,340] Trial 29 pruned. 
[I 2026-03-18 18:16:02,560] Trial 41 pruned. 
[I 2026-03-18 18:16:03,445] Trial 36 finished with value: -0.5553595373686275 and parameters: {'n_layers_yyx': 2, 'hidden_size_yyx_l0': 6, 'hidden_size_yyx_l1': 4, 'context_size_yyx': 1, 'num_mix_components_yyx': 2, 'context_extractor_yyx': 'lstm', 'activation_func_yyx': 'ReLU', 'L2_weight_yyx': 7.001131670360362e-09, 'L_entropy_weight_yyx': 1.9523246952088859e-10, 'L_sep_weight_yyx': 1.4633104539749368e-08, 'L_scale_weight_yyx': 0.0002946975480285321, 'learning_rate_yyx': 0.003731753533317366}. Best is trial 12 with value: -0.5830094706077523.
[I 2026-03-18 18:16:04,110] Trial 33 pruned. 
[I 2026-03-18 18:16:07,692] Trial 27 pruned. 
[I 2026-03-18 18:16:11,647] Trial 33 pruned. 
[I 2026-03-18 18:16:12,839] Trial 20 pruned. 
[I 2026-03-18 18:16:19,486] Trial 36 pruned. 
[I 2026-03-18 18:16:19,613] Trial 30 pruned. 
[I 2026-03-18 18:16:20,033] Trial 22 finished with value: -3.1470813110976614 and parameters: {'n_layers_yyx': 2, 'hidden_size_yyx_l0': 3, 'hidden_size_yyx_l1': 5, 'context_size_yyx': 3, 'num_mix_components_yyx': 5, 'context_extractor_yyx': 'lstm', 'activation_func_yyx': 'ReLU', 'L2_weight_yyx': 4.421669197628383e-09, 'L_entropy_weight_yyx': 5.402835778477433e-06, 'L_sep_weight_yyx': 2.514757542496853e-09, 'L_scale_weight_yyx': 6.133445684999272e-10, 'learning_rate_yyx': 0.0028615598405745345}. Best is trial 13 with value: -3.1559077725337215.
[I 2026-03-18 18:16:21,718] Trial 43 finished with value: -0.5857075057626591 and parameters: {'n_layers_yyx': 1, 'hidden_size_yyx_l0': 4, 'context_size_yyx': 1, 'num_mix_components_yyx': 5, 'context_extractor_yyx': 'lstm', 'activation_func_yyx': 'Tanh', 'L2_weight_yyx': 3.306466238394546e-10, 'L_entropy_weight_yyx': 2.7634599687926405e-09, 'L_sep_weight_yyx': 2.8871085912339257e-06, 'L_scale_weight_yyx': 1.6355224532950648e-07, 'learning_rate_yyx': 0.006522966585496701}. Best is trial 43 with value: -0.5857075057626591.
[I 2026-03-18 18:16:21,827] Trial 39 pruned. 
[I 2026-03-18 18:16:25,677] Trial 40 finished with value: -1.2705461004965848 and parameters: {'n_layers_yyx': 1, 'hidden_size_yyx_l0': 3, 'context_size_yyx': 4, 'num_mix_components_yyx': 4, 'context_extractor_yyx': 'lstm', 'activation_func_yyx': 'GELU', 'L2_weight_yyx': 1.3303691332918382e-07, 'L_entropy_weight_yyx': 1.7146730897357103e-07, 'L_sep_weight_yyx': 2.803549501549654e-07, 'L_scale_weight_yyx': 0.0009078341496153084, 'learning_rate_yyx': 0.003241036467086772}. Best is trial 40 with value: -1.2705461004965848.
[I 2026-03-18 18:16:31,679] Trial 34 pruned. 
[I 2026-03-18 18:16:32,230] Trial 36 pruned. 
[I 2026-03-18 18:16:34,377] Trial 35 finished with value: -1.2719783113095324 and parameters: {'n_layers_yyx': 2, 'hidden_size_yyx_l0': 5, 'hidden_size_yyx_l1': 3, 'context_size_yyx': 4, 'num_mix_components_yyx': 4, 'context_extractor_yyx': 'lstm', 'activation_func_yyx': 'ReLU', 'L2_weight_yyx': 6.953735199414834e-08, 'L_entropy_weight_yyx': 3.223871130536545e-06, 'L_sep_weight_yyx': 5.3739958364117636e-08, 'L_scale_weight_yyx': 1.2921455982421882e-09, 'learning_rate_yyx': 0.008388767497113057}. Best is trial 35 with value: -1.2719783113095324.
[I 2026-03-18 18:16:35,427] Trial 41 pruned. 
[I 2026-03-18 18:16:38,729] Trial 23 pruned. 
[I 2026-03-18 18:16:41,236] Trial 42 pruned. 
[I 2026-03-18 18:16:43,049] Trial 34 pruned. 
[I 2026-03-18 18:16:44,821] Trial 26 finished with value: -3.115544692597528 and parameters: {'n_layers_yyx': 2, 'hidden_size_yyx_l0': 5, 'hidden_size_yyx_l1': 3, 'context_size_yyx': 1, 'num_mix_components_yyx': 4, 'context_extractor_yyx': 'gru', 'activation_func_yyx': 'Tanh', 'L2_weight_yyx': 2.7779270803062424e-07, 'L_entropy_weight_yyx': 1.3520661217270493e-09, 'L_sep_weight_yyx': 0.00017747685093182208, 'L_scale_weight_yyx': 1.0745079986677802e-08, 'learning_rate_yyx': 0.00905835016311631}. Best is trial 10 with value: -3.1611070918248854.
[I 2026-03-18 18:16:45,105] Trial 35 pruned. 
[I 2026-03-18 18:16:46,543] Trial 37 finished with value: -0.5699491435264786 and parameters: {'n_layers_yyx': 2, 'hidden_size_yyx_l0': 5, 'hidden_size_yyx_l1': 6, 'context_size_yyx': 3, 'num_mix_components_yyx': 3, 'context_extractor_yyx': 'lstm', 'activation_func_yyx': 'GELU', 'L2_weight_yyx': 7.257069152147238e-09, 'L_entropy_weight_yyx': 2.337488127171057e-07, 'L_sep_weight_yyx': 9.440134373271149e-05, 'L_scale_weight_yyx': 4.443957299322582e-05, 'learning_rate_yyx': 0.0031347999734065244}. Best is trial 3 with value: -0.584032942865049.
[I 2026-03-18 18:16:47,098] Trial 42 pruned. 
[I 2026-03-18 18:16:47,657] Trial 34 pruned. 
[I 2026-03-18 18:16:49,610] Trial 27 finished with value: -0.5865394141027983 and parameters: {'n_layers_yyx': 1, 'hidden_size_yyx_l0': 5, 'context_size_yyx': 3, 'num_mix_components_yyx': 2, 'context_extractor_yyx': 'lstm', 'activation_func_yyx': 'Tanh', 'L2_weight_yyx': 1.2091586239170613e-06, 'L_entropy_weight_yyx': 1.2791758334130867e-05, 'L_sep_weight_yyx': 3.438551981282784e-09, 'L_scale_weight_yyx': 0.00041729339302965505, 'learning_rate_yyx': 0.0034318581806259446}. Best is trial 19 with value: -0.5893623740341837.
[I 2026-03-18 18:16:50,218] Trial 35 pruned. 
[I 2026-03-18 18:16:50,679] Trial 36 pruned. 
[I 2026-03-18 18:16:52,882] Trial 43 pruned. 
[I 2026-03-18 18:16:53,195] Trial 21 finished with value: -3.1517048344216967 and parameters: {'n_layers_yyx': 2, 'hidden_size_yyx_l0': 5, 'hidden_size_yyx_l1': 5, 'context_size_yyx': 4, 'num_mix_components_yyx': 4, 'context_extractor_yyx': 'lstm', 'activation_func_yyx': 'GELU', 'L2_weight_yyx': 1.2205433427932246e-05, 'L_entropy_weight_yyx': 1.4490090199905986e-08, 'L_sep_weight_yyx': 1.0610110695143978e-05, 'L_scale_weight_yyx': 4.5633581095060945e-10, 'learning_rate_yyx': 0.006621910341910631}. Best is trial 21 with value: -3.1517048344216967.
[I 2026-03-18 18:16:54,139] Trial 21 pruned. 
[I 2026-03-18 18:16:54,233] Trial 24 pruned. 
[I 2026-03-18 18:16:54,306] Trial 18 finished with value: -3.1184175462387476 and parameters: {'n_layers_yyx': 2, 'hidden_size_yyx_l0': 3, 'hidden_size_yyx_l1': 4, 'context_size_yyx': 1, 'num_mix_components_yyx': 2, 'context_extractor_yyx': 'lstm', 'activation_func_yyx': 'Tanh', 'L2_weight_yyx': 2.0064148235456306e-09, 'L_entropy_weight_yyx': 1.6431020741957023e-07, 'L_sep_weight_yyx': 5.388196293974916e-07, 'L_scale_weight_yyx': 0.0001853920606391923, 'learning_rate_yyx': 0.004212780518256281}. Best is trial 10 with value: -3.1515199681211117.
[I 2026-03-18 18:16:54,707] Trial 28 pruned. 
[I 2026-03-18 18:16:59,949] Trial 27 pruned. 
[I 2026-03-18 18:17:00,981] Trial 37 finished with value: -0.5694721961775705 and parameters: {'n_layers_yyx': 2, 'hidden_size_yyx_l0': 4, 'hidden_size_yyx_l1': 6, 'context_size_yyx': 3, 'num_mix_components_yyx': 3, 'context_extractor_yyx': 'lstm', 'activation_func_yyx': 'Tanh', 'L2_weight_yyx': 0.00011886657080217802, 'L_entropy_weight_yyx': 5.287824195512893e-08, 'L_sep_weight_yyx': 1.1626439968718226e-07, 'L_scale_weight_yyx': 1.714752544785125e-05, 'learning_rate_yyx': 0.008520165227090407}. Best is trial 12 with value: -0.5830094706077523.
[I 2026-03-18 18:17:01,495] Trial 28 finished with value: -1.2612577568801626 and parameters: {'n_layers_yyx': 1, 'hidden_size_yyx_l0': 4, 'context_size_yyx': 3, 'num_mix_components_yyx': 4, 'context_extractor_yyx': 'gru', 'activation_func_yyx': 'GELU', 'L2_weight_yyx': 1.587250862726449e-05, 'L_entropy_weight_yyx': 1.6712367124501722e-08, 'L_sep_weight_yyx': 5.365182909024971e-06, 'L_scale_weight_yyx': 3.930128533750744e-10, 'learning_rate_yyx': 0.005218417067982317}. Best is trial 24 with value: -1.2727326976613946.
[I 2026-03-18 18:17:01,650] Trial 37 pruned. 
[I 2026-03-18 18:17:05,547] Trial 35 pruned. 
[I 2026-03-18 18:17:05,799] Trial 37 pruned. 
[I 2026-03-18 18:17:06,993] Trial 36 pruned. 
[I 2026-03-18 18:17:07,279] Trial 44 pruned. 
[I 2026-03-18 18:17:08,593] Trial 36 pruned. 
[I 2026-03-18 18:17:12,191] Trial 38 pruned. 
[I 2026-03-18 18:17:13,532] Trial 22 pruned. 
[I 2026-03-18 18:17:16,537] Trial 38 pruned. 
[I 2026-03-18 18:17:17,422] Trial 23 finished with value: -3.1545382986021053 and parameters: {'n_layers_yyx': 2, 'hidden_size_yyx_l0': 6, 'hidden_size_yyx_l1': 3, 'context_size_yyx': 4, 'num_mix_components_yyx': 4, 'context_extractor_yyx': 'gru', 'activation_func_yyx': 'ReLU', 'L2_weight_yyx': 7.99147834516406e-07, 'L_entropy_weight_yyx': 5.620209501735817e-10, 'L_sep_weight_yyx': 1.2597758995355784e-08, 'L_scale_weight_yyx': 2.0032202061862082e-05, 'learning_rate_yyx': 0.00640549416379962}. Best is trial 23 with value: -3.1545382986021053.
[I 2026-03-18 18:17:17,675] Trial 37 pruned. 
[I 2026-03-18 18:17:17,749] Trial 32 finished with value: -3.1481651893028846 and parameters: {'n_layers_yyx': 1, 'hidden_size_yyx_l0': 4, 'context_size_yyx': 4, 'num_mix_components_yyx': 1, 'context_extractor_yyx': 'lstm', 'activation_func_yyx': 'ReLU', 'L2_weight_yyx': 1.0693095504104505e-10, 'L_entropy_weight_yyx': 7.176129264107169e-07, 'L_sep_weight_yyx': 4.591598691754315e-09, 'L_scale_weight_yyx': 2.2056557553140074e-06, 'learning_rate_yyx': 0.007461810435280817}. Best is trial 16 with value: -3.149974272486285.
[I 2026-03-18 18:17:24,267] Trial 38 pruned. 
[I 2026-03-18 18:17:24,318] Trial 30 finished with value: -1.1543764124956677 and parameters: {'n_layers_yyx': 2, 'hidden_size_yyx_l0': 2, 'hidden_size_yyx_l1': 3, 'context_size_yyx': 1, 'num_mix_components_yyx': 4, 'context_extractor_yyx': 'lstm', 'activation_func_yyx': 'GELU', 'L2_weight_yyx': 1.8860955265379785e-08, 'L_entropy_weight_yyx': 7.693004488637055e-08, 'L_sep_weight_yyx': 3.079600529517021e-08, 'L_scale_weight_yyx': 2.2223273560863766e-07, 'learning_rate_yyx': 0.007431221387411206}. Best is trial 7 with value: -1.272066817927052.
[I 2026-03-18 18:17:28,094] Trial 45 pruned. 
[I 2026-03-18 18:17:28,879] Trial 37 pruned. 
[I 2026-03-18 18:17:31,557] Trial 23 pruned. 
[I 2026-03-18 18:17:33,021] Trial 39 pruned. 
[I 2026-03-18 18:17:33,286] Trial 43 pruned. 
[I 2026-03-18 18:17:33,841] Trial 44 finished with value: -0.5860173200478744 and parameters: {'n_layers_yyx': 1, 'hidden_size_yyx_l0': 4, 'context_size_yyx': 1, 'num_mix_components_yyx': 5, 'context_extractor_yyx': 'lstm', 'activation_func_yyx': 'Tanh', 'L2_weight_yyx': 6.516738640619297e-08, 'L_entropy_weight_yyx': 2.0884335170261624e-09, 'L_sep_weight_yyx': 2.410680843101485e-06, 'L_scale_weight_yyx': 4.7673198548295247e-07, 'learning_rate_yyx': 0.004214307498270751}. Best is trial 44 with value: -0.5860173200478744.
[I 2026-03-18 18:17:34,783] Trial 23 pruned. 
[I 2026-03-18 18:17:35,853] Trial 24 pruned. 
[I 2026-03-18 18:17:36,680] Trial 23 pruned. 
[I 2026-03-18 18:17:36,957] Trial 38 pruned. 
[I 2026-03-18 18:17:37,210] Trial 22 pruned. 
[I 2026-03-18 18:17:39,309] Trial 38 pruned. 
[I 2026-03-18 18:17:40,204] Trial 19 finished with value: -3.1512176943415673 and parameters: {'n_layers_yyx': 2, 'hidden_size_yyx_l0': 6, 'hidden_size_yyx_l1': 5, 'context_size_yyx': 4, 'num_mix_components_yyx': 3, 'context_extractor_yyx': 'lstm', 'activation_func_yyx': 'GELU', 'L2_weight_yyx': 2.998775426590924e-08, 'L_entropy_weight_yyx': 2.9068919661688095e-05, 'L_sep_weight_yyx': 3.1527597752966746e-08, 'L_scale_weight_yyx': 6.374308105285458e-05, 'learning_rate_yyx': 0.0038228471972584725}. Best is trial 5 with value: -3.154335707688014.
[I 2026-03-18 18:17:40,294] Trial 19 finished with value: -1.265229470187767 and parameters: {'n_layers_yyx': 1, 'hidden_size_yyx_l0': 5, 'context_size_yyx': 3, 'num_mix_components_yyx': 4, 'context_extractor_yyx': 'lstm', 'activation_func_yyx': 'Tanh', 'L2_weight_yyx': 2.2533159085041034e-09, 'L_entropy_weight_yyx': 3.51062081092544e-09, 'L_sep_weight_yyx': 1.642790700544877e-08, 'L_scale_weight_yyx': 9.183174061896358e-08, 'learning_rate_yyx': 0.006582719850986834}. Best is trial 18 with value: -1.2672644666294515.
[I 2026-03-18 18:17:40,457] Trial 26 finished with value: -1.2412015735111483 and parameters: {'n_layers_yyx': 1, 'hidden_size_yyx_l0': 4, 'context_size_yyx': 4, 'num_mix_components_yyx': 3, 'context_extractor_yyx': 'lstm', 'activation_func_yyx': 'Tanh', 'L2_weight_yyx': 3.849541091699137e-05, 'L_entropy_weight_yyx': 2.2557286897655312e-10, 'L_sep_weight_yyx': 4.1844677946520004e-10, 'L_scale_weight_yyx': 4.948141401330645e-07, 'learning_rate_yyx': 0.0043938164411325056}. Best is trial 0 with value: -1.2691870881537193.
[I 2026-03-18 18:17:41,184] Trial 28 pruned. 
[I 2026-03-18 18:17:42,614] Trial 44 pruned. 
[I 2026-03-18 18:17:43,526] Trial 40 pruned. 
[I 2026-03-18 18:17:46,979] Trial 46 pruned. 
[I 2026-03-18 18:17:47,163] Trial 36 pruned. 
[I 2026-03-18 18:17:49,159] Trial 21 pruned. 
[I 2026-03-18 18:17:50,199] Trial 24 finished with value: -3.186714411526843 and parameters: {'n_layers_yyx': 2, 'hidden_size_yyx_l0': 5, 'hidden_size_yyx_l1': 4, 'context_size_yyx': 3, 'num_mix_components_yyx': 4, 'context_extractor_yyx': 'lstm', 'activation_func_yyx': 'ReLU', 'L2_weight_yyx': 1.363730093437191e-05, 'L_entropy_weight_yyx': 3.99734551550011e-10, 'L_sep_weight_yyx': 1.692934979775578e-07, 'L_scale_weight_yyx': 4.965085799526928e-06, 'learning_rate_yyx': 0.002140039326098455}. Best is trial 12 with value: -3.1893335216865584.
[I 2026-03-18 18:17:50,973] Trial 39 pruned. 
[I 2026-03-18 18:17:51,431] Trial 29 finished with value: -0.5746813830516033 and parameters: {'n_layers_yyx': 1, 'hidden_size_yyx_l0': 6, 'context_size_yyx': 3, 'num_mix_components_yyx': 2, 'context_extractor_yyx': 'lstm', 'activation_func_yyx': 'Tanh', 'L2_weight_yyx': 1.9481928433268444e-07, 'L_entropy_weight_yyx': 1.1540098035072534e-05, 'L_sep_weight_yyx': 0.0006627359603893851, 'L_scale_weight_yyx': 0.0008651897234557648, 'learning_rate_yyx': 0.006740422390255927}. Best is trial 19 with value: -0.5893623740341837.
[I 2026-03-18 18:17:53,485] Trial 28 finished with value: -1.2729716309844004 and parameters: {'n_layers_yyx': 2, 'hidden_size_yyx_l0': 3, 'hidden_size_yyx_l1': 6, 'context_size_yyx': 4, 'num_mix_components_yyx': 5, 'context_extractor_yyx': 'lstm', 'activation_func_yyx': 'Tanh', 'L2_weight_yyx': 9.968224403846157e-06, 'L_entropy_weight_yyx': 4.65685205696823e-06, 'L_sep_weight_yyx': 9.794725280178002e-08, 'L_scale_weight_yyx': 0.00017402262494132243, 'learning_rate_yyx': 0.002307358033001306}. Best is trial 2 with value: -1.2804754530695341.
[I 2026-03-18 18:17:54,081] Trial 45 pruned. 
[I 2026-03-18 18:17:54,793] Trial 25 pruned. 
[I 2026-03-18 18:17:56,937] Trial 23 pruned. 
[I 2026-03-18 18:17:57,178] Trial 47 pruned. 
[I 2026-03-18 18:17:58,860] Trial 37 pruned. 
[I 2026-03-18 18:17:58,974] Trial 30 pruned. 
[I 2026-03-18 18:17:59,458] Trial 27 pruned. 
[I 2026-03-18 18:18:00,696] Trial 33 pruned. 
[I 2026-03-18 18:18:00,889] Trial 46 pruned. 
[I 2026-03-18 18:18:02,460] Trial 39 pruned. 
[I 2026-03-18 18:18:02,612] Trial 31 pruned. 
[I 2026-03-18 18:18:06,651] Trial 28 pruned. 
[I 2026-03-18 18:18:07,015] Trial 39 pruned. 
[I 2026-03-18 18:18:07,628] Trial 47 pruned. 
[I 2026-03-18 18:18:09,027] Trial 25 pruned. 
[I 2026-03-18 18:18:10,406] Trial 31 pruned. 
[I 2026-03-18 18:18:12,127] Trial 40 finished with value: -1.2464956540938006 and parameters: {'n_layers_yyx': 2, 'hidden_size_yyx_l0': 5, 'hidden_size_yyx_l1': 6, 'context_size_yyx': 1, 'num_mix_components_yyx': 2, 'context_extractor_yyx': 'gru', 'activation_func_yyx': 'GELU', 'L2_weight_yyx': 0.00041965896449314193, 'L_entropy_weight_yyx': 1.2330444480181846e-08, 'L_sep_weight_yyx': 4.259077438317029e-05, 'L_scale_weight_yyx': 0.0006126928171895135, 'learning_rate_yyx': 0.00879066245570745}. Best is trial 18 with value: -1.2691942310156972.
[I 2026-03-18 18:18:12,563] Trial 45 pruned. 
[I 2026-03-18 18:18:12,587] Trial 38 pruned. 
[I 2026-03-18 18:18:17,714] Trial 24 pruned. 
[I 2026-03-18 18:18:18,247] Trial 41 pruned. 
[I 2026-03-18 18:18:18,666] Trial 29 pruned. 
[I 2026-03-18 18:18:22,244] Trial 29 pruned. 
[I 2026-03-18 18:18:22,927] Trial 32 pruned. 
[I 2026-03-18 18:18:25,821] Trial 39 pruned. 
[I 2026-03-18 18:18:25,986] Trial 39 pruned. 
[I 2026-03-18 18:18:28,486] Trial 37 pruned. 
[I 2026-03-18 18:18:28,776] Trial 41 finished with value: -0.5694756173366038 and parameters: {'n_layers_yyx': 2, 'hidden_size_yyx_l0': 4, 'hidden_size_yyx_l1': 6, 'context_size_yyx': 3, 'num_mix_components_yyx': 3, 'context_extractor_yyx': 'lstm', 'activation_func_yyx': 'Tanh', 'L2_weight_yyx': 9.795283595448673e-05, 'L_entropy_weight_yyx': 1.4917819097540716e-07, 'L_sep_weight_yyx': 1.1075237519373792e-07, 'L_scale_weight_yyx': 2.169419675246749e-05, 'learning_rate_yyx': 0.00872810016322844}. Best is trial 12 with value: -0.5830094706077523.
[I 2026-03-18 18:18:29,886] Trial 25 finished with value: -3.1200597058793025 and parameters: {'n_layers_yyx': 2, 'hidden_size_yyx_l0': 3, 'hidden_size_yyx_l1': 4, 'context_size_yyx': 2, 'num_mix_components_yyx': 4, 'context_extractor_yyx': 'lstm', 'activation_func_yyx': 'ReLU', 'L2_weight_yyx': 3.691824497084361e-07, 'L_entropy_weight_yyx': 2.2365262009216793e-05, 'L_sep_weight_yyx': 2.8874771799033564e-07, 'L_scale_weight_yyx': 2.479288508486826e-06, 'learning_rate_yyx': 0.003608253396856408}. Best is trial 13 with value: -3.1559077725337215.
[I 2026-03-18 18:18:29,978] Trial 40 pruned. 
[I 2026-03-18 18:18:31,643] Trial 40 pruned. 
[I 2026-03-18 18:18:32,774] Trial 22 pruned. 
[I 2026-03-18 18:18:34,911] Trial 30 pruned. 
[I 2026-03-18 18:18:35,283] Trial 40 pruned. 
[I 2026-03-18 18:18:38,182] Trial 32 pruned. 
[I 2026-03-18 18:18:40,261] Trial 24 pruned. 
[I 2026-03-18 18:18:44,308] Trial 42 pruned. 
[I 2026-03-18 18:18:44,749] Trial 34 pruned. 
[I 2026-03-18 18:18:44,786] Trial 38 finished with value: -0.5648673580962001 and parameters: {'n_layers_yyx': 1, 'hidden_size_yyx_l0': 3, 'context_size_yyx': 2, 'num_mix_components_yyx': 2, 'context_extractor_yyx': 'gru', 'activation_func_yyx': 'ReLU', 'L2_weight_yyx': 0.0003006203862476425, 'L_entropy_weight_yyx': 3.846297066856244e-08, 'L_sep_weight_yyx': 4.728732695178534e-10, 'L_scale_weight_yyx': 2.0569185342510045e-06, 'learning_rate_yyx': 0.0013171002800892852}. Best is trial 3 with value: -0.584032942865049.
[I 2026-03-18 18:18:47,508] Trial 26 pruned. 
[I 2026-03-18 18:18:47,535] Trial 46 pruned. 
[I 2026-03-18 18:18:47,563] Trial 40 pruned. 
[I 2026-03-18 18:18:50,072] Trial 40 pruned. 
[I 2026-03-18 18:18:55,231] Trial 19 pruned. 
[I 2026-03-18 18:18:56,258] Trial 24 finished with value: -3.1533369159995748 and parameters: {'n_layers_yyx': 1, 'hidden_size_yyx_l0': 4, 'context_size_yyx': 3, 'num_mix_components_yyx': 4, 'context_extractor_yyx': 'gru', 'activation_func_yyx': 'ReLU', 'L2_weight_yyx': 1.3217892987484726e-08, 'L_entropy_weight_yyx': 1.0653956916842863e-06, 'L_sep_weight_yyx': 8.3387771720891e-09, 'L_scale_weight_yyx': 0.0007816174462514766, 'learning_rate_yyx': 0.006862314356099026}. Best is trial 24 with value: -3.1533369159995748.
[I 2026-03-18 18:18:56,327] Trial 39 pruned. 
[I 2026-03-18 18:19:00,836] Trial 29 pruned. 
[I 2026-03-18 18:19:01,789] Trial 25 pruned. 
[I 2026-03-18 18:19:06,407] Trial 35 pruned. 
[I 2026-03-18 18:19:07,397] Trial 41 pruned. 
[I 2026-03-18 18:19:09,017] Trial 31 finished with value: -1.2634683986247799 and parameters: {'n_layers_yyx': 2, 'hidden_size_yyx_l0': 2, 'hidden_size_yyx_l1': 6, 'context_size_yyx': 4, 'num_mix_components_yyx': 3, 'context_extractor_yyx': 'lstm', 'activation_func_yyx': 'Tanh', 'L2_weight_yyx': 3.640404545350221e-05, 'L_entropy_weight_yyx': 6.187259495822952e-08, 'L_sep_weight_yyx': 6.008035731623943e-10, 'L_scale_weight_yyx': 5.999542182472535e-08, 'learning_rate_yyx': 0.005536541413361307}. Best is trial 7 with value: -1.272066817927052.
[I 2026-03-18 18:19:13,412] Trial 48 finished with value: -1.261043640249538 and parameters: {'n_layers_yyx': 2, 'hidden_size_yyx_l0': 4, 'hidden_size_yyx_l1': 5, 'context_size_yyx': 4, 'num_mix_components_yyx': 3, 'context_extractor_yyx': 'gru', 'activation_func_yyx': 'Tanh', 'L2_weight_yyx': 4.832973239756599e-08, 'L_entropy_weight_yyx': 8.660937177032575e-07, 'L_sep_weight_yyx': 3.425707839361212e-06, 'L_scale_weight_yyx': 6.604249969977907e-09, 'learning_rate_yyx': 0.009948646601351292}. Best is trial 40 with value: -1.2705461004965848.
[I 2026-03-18 18:19:16,049] Trial 23 pruned. 
[I 2026-03-18 18:19:17,185] Trial 31 pruned. 
[I 2026-03-18 18:19:17,501] Trial 20 finished with value: -1.2622419981330688 and parameters: {'n_layers_yyx': 1, 'hidden_size_yyx_l0': 5, 'context_size_yyx': 3, 'num_mix_components_yyx': 4, 'context_extractor_yyx': 'lstm', 'activation_func_yyx': 'Tanh', 'L2_weight_yyx': 1.503432790114861e-09, 'L_entropy_weight_yyx': 4.387046438111659e-09, 'L_sep_weight_yyx': 3.461586557741278e-10, 'L_scale_weight_yyx': 1.2897990288571384e-09, 'learning_rate_yyx': 0.006272330601702866}. Best is trial 18 with value: -1.2672644666294515.
[I 2026-03-18 18:19:19,037] Trial 41 pruned. 
[I 2026-03-18 18:19:21,054] Trial 26 finished with value: -3.1178760120219513 and parameters: {'n_layers_yyx': 2, 'hidden_size_yyx_l0': 6, 'hidden_size_yyx_l1': 4, 'context_size_yyx': 3, 'num_mix_components_yyx': 5, 'context_extractor_yyx': 'lstm', 'activation_func_yyx': 'ReLU', 'L2_weight_yyx': 1.0567383167782438e-07, 'L_entropy_weight_yyx': 8.348460759580284e-09, 'L_sep_weight_yyx': 1.9404591280301406e-08, 'L_scale_weight_yyx': 4.806501612272438e-06, 'learning_rate_yyx': 0.004077249237853826}. Best is trial 23 with value: -3.1545382986021053.
[I 2026-03-18 18:19:22,527] Trial 26 pruned. 
[I 2026-03-18 18:19:27,420] Trial 42 pruned. 
[I 2026-03-18 18:19:29,610] Trial 48 finished with value: -1.2529016307894272 and parameters: {'n_layers_yyx': 2, 'hidden_size_yyx_l0': 6, 'hidden_size_yyx_l1': 4, 'context_size_yyx': 3, 'num_mix_components_yyx': 3, 'context_extractor_yyx': 'gru', 'activation_func_yyx': 'Tanh', 'L2_weight_yyx': 3.168176885444857e-05, 'L_entropy_weight_yyx': 1.1837112474881021e-05, 'L_sep_weight_yyx': 3.2494448321328357e-09, 'L_scale_weight_yyx': 9.223054799460168e-05, 'learning_rate_yyx': 0.008533353285094752}. Best is trial 26 with value: -1.2726356097378264.
[I 2026-03-18 18:19:36,604] Trial 24 pruned. 
[I 2026-03-18 18:19:37,026] Trial 32 pruned. 
[I 2026-03-18 18:19:39,193] Trial 21 pruned. 
[I 2026-03-18 18:19:41,210] Trial 49 pruned. 

Source events: 5634
Target events: 13628
Full model ln_yyx : 210.60043 nats/sec, 13.90816 nats/event
Full model Log loss : -1.23786
Full model ln_yyx : 212.47868 nats/sec, 14.03220 nats/event
Full model Log loss : -1.26485
Full model ln_yyx : 208.70706 nats/sec, 13.78312 nats/event
Full model Log loss : -1.24943
Full model ln_yyx : 212.10449 nats/sec, 14.00749 nats/event
Full model Log loss : -1.26484
Full model ln_yyx : 211.22352 nats/sec, 13.94931 nats/event
Full model Log loss : -1.23703
Full model ln_yyx : 211.34644 nats/sec, 13.95743 nats/event
Full model Log loss : -1.27264
Full model ln_yyx : 211.01779 nats/sec, 13.93572 nats/event
Full model Log loss : -1.23660
Full model ln_yyx : 211.53679 nats/sec, 13.97000 nats/event
Full model Log loss : -1.26520
Full model ln_yyx : 211.52713 nats/sec, 13.96936 nats/event
Full model Log loss : -1.26531
Full model ln_yyx : 213.76517 nats/sec, 14.11716 nats/event
Full model Log loss : -1.25752
Full model ln_yyx : 212.47496 nats/sec, 14.03195 nats/event
Full model Log loss : -1.25290
Optimization finished. Config saved to results/opt-full/opt_full_95_best_config.txt
[I 2026-03-18 18:19:41,623] Trial 25 pruned. 
[I 2026-03-18 18:19:42,134] Trial 41 finished with value: -1.2430629765480592 and parameters: {'n_layers_yyx': 2, 'hidden_size_yyx_l0': 6, 'hidden_size_yyx_l1': 5, 'context_size_yyx': 1, 'num_mix_components_yyx': 5, 'context_extractor_yyx': 'gru', 'activation_func_yyx': 'Tanh', 'L2_weight_yyx': 1.1050984147809563e-06, 'L_entropy_weight_yyx': 7.802097178947609e-08, 'L_sep_weight_yyx': 1.6737947112560805e-06, 'L_scale_weight_yyx': 0.0005076945472743443, 'learning_rate_yyx': 0.00965817592825529}. Best is trial 11 with value: -1.2697828860467992.
[I 2026-03-18 18:19:43,858] Trial 43 finished with value: -0.5682495620916438 and parameters: {'n_layers_yyx': 2, 'hidden_size_yyx_l0': 4, 'hidden_size_yyx_l1': 6, 'context_size_yyx': 4, 'num_mix_components_yyx': 4, 'context_extractor_yyx': 'lstm', 'activation_func_yyx': 'Tanh', 'L2_weight_yyx': 1.6068461753261887e-05, 'L_entropy_weight_yyx': 0.0009578536305152695, 'L_sep_weight_yyx': 2.3980951014495917e-09, 'L_scale_weight_yyx': 0.00015267959316932116, 'learning_rate_yyx': 0.0073693663308358566}. Best is trial 12 with value: -0.5830094706077523.
[I 2026-03-18 18:19:45,174] Trial 40 pruned. 
[I 2026-03-18 18:19:49,941] Trial 22 pruned. 
[I 2026-03-18 18:19:50,675] Trial 30 finished with value: -1.2671932848015466 and parameters: {'n_layers_yyx': 2, 'hidden_size_yyx_l0': 5, 'hidden_size_yyx_l1': 5, 'context_size_yyx': 4, 'num_mix_components_yyx': 4, 'context_extractor_yyx': 'lstm', 'activation_func_yyx': 'ReLU', 'L2_weight_yyx': 0.000317330146984929, 'L_entropy_weight_yyx': 0.0007122462635081355, 'L_sep_weight_yyx': 1.3257655217294113e-08, 'L_scale_weight_yyx': 0.00010334843595132896, 'learning_rate_yyx': 0.007306796706267844}. Best is trial 0 with value: -1.2691870881537193.
[I 2026-03-18 18:19:52,662] Trial 29 pruned. 
[I 2026-03-18 18:19:56,675] Trial 41 pruned. 
[I 2026-03-18 18:19:58,585] Trial 25 pruned. 
[I 2026-03-18 18:19:59,672] Trial 26 pruned. 
[I 2026-03-18 18:20:00,664] Trial 33 finished with value: -0.5714093277838076 and parameters: {'n_layers_yyx': 2, 'hidden_size_yyx_l0': 6, 'hidden_size_yyx_l1': 2, 'context_size_yyx': 3, 'num_mix_components_yyx': 2, 'context_extractor_yyx': 'lstm', 'activation_func_yyx': 'Tanh', 'L2_weight_yyx': 8.336405752522016e-06, 'L_entropy_weight_yyx': 2.3712311524060233e-05, 'L_sep_weight_yyx': 4.956985830215044e-10, 'L_scale_weight_yyx': 4.45743897601173e-10, 'learning_rate_yyx': 0.004644768063156384}. Best is trial 19 with value: -0.5893623740341837.
[I 2026-03-18 18:20:07,370] Trial 47 finished with value: -0.5857851219964323 and parameters: {'n_layers_yyx': 1, 'hidden_size_yyx_l0': 4, 'context_size_yyx': 1, 'num_mix_components_yyx': 5, 'context_extractor_yyx': 'lstm', 'activation_func_yyx': 'Tanh', 'L2_weight_yyx': 1.7684697726502974e-07, 'L_entropy_weight_yyx': 1.164807062769165e-10, 'L_sep_weight_yyx': 2.7173863396417428e-06, 'L_scale_weight_yyx': 0.0009647953920685045, 'learning_rate_yyx': 0.0064864931996241664}. Best is trial 44 with value: -0.5860173200478744.
[I 2026-03-18 18:20:07,681] Trial 42 pruned. 
[I 2026-03-18 18:20:07,984] Trial 41 finished with value: -1.2645136186243646 and parameters: {'n_layers_yyx': 1, 'hidden_size_yyx_l0': 6, 'context_size_yyx': 4, 'num_mix_components_yyx': 5, 'context_extractor_yyx': 'gru', 'activation_func_yyx': 'ReLU', 'L2_weight_yyx': 9.206249719040179e-10, 'L_entropy_weight_yyx': 0.0002139813237968486, 'L_sep_weight_yyx': 2.1045693454078744e-10, 'L_scale_weight_yyx': 1.7594468916479059e-10, 'learning_rate_yyx': 0.007957686169056498}. Best is trial 23 with value: -1.2721869844165175.
[I 2026-03-18 18:20:08,654] Trial 42 finished with value: -1.2710004090822118 and parameters: {'n_layers_yyx': 2, 'hidden_size_yyx_l0': 4, 'hidden_size_yyx_l1': 5, 'context_size_yyx': 4, 'num_mix_components_yyx': 4, 'context_extractor_yyx': 'lstm', 'activation_func_yyx': 'GELU', 'L2_weight_yyx': 0.0008879948190447348, 'L_entropy_weight_yyx': 8.683892122794359e-09, 'L_sep_weight_yyx': 1.1632699438973217e-10, 'L_scale_weight_yyx': 3.323601691098853e-10, 'learning_rate_yyx': 0.005852555850451642}. Best is trial 42 with value: -1.2710004090822118.
[I 2026-03-18 18:20:10,466] Trial 42 pruned. 
[I 2026-03-18 18:20:12,124] Trial 23 pruned. 
[I 2026-03-18 18:20:12,212] Trial 34 pruned. 
[I 2026-03-18 18:20:12,595] Trial 43 pruned. 
[I 2026-03-18 18:20:16,775] Trial 41 finished with value: -3.1195001468361894 and parameters: {'n_layers_yyx': 2, 'hidden_size_yyx_l0': 2, 'hidden_size_yyx_l1': 6, 'context_size_yyx': 2, 'num_mix_components_yyx': 1, 'context_extractor_yyx': 'gru', 'activation_func_yyx': 'Tanh', 'L2_weight_yyx': 1.0382659069180384e-08, 'L_entropy_weight_yyx': 1.0528689178997158e-08, 'L_sep_weight_yyx': 1.241979262157077e-10, 'L_scale_weight_yyx': 1.771316565773775e-05, 'learning_rate_yyx': 0.008601394095097196}. Best is trial 20 with value: -3.160948786990499.
[I 2026-03-18 18:20:18,510] Trial 42 pruned. 
[I 2026-03-18 18:20:19,501] Trial 27 pruned. 
[I 2026-03-18 18:20:19,653] Trial 26 pruned. 
[I 2026-03-18 18:20:22,271] Trial 24 pruned. 
[I 2026-03-18 18:20:24,627] Trial 26 pruned. 
[I 2026-03-18 18:20:27,803] Trial 48 pruned. 
[I 2026-03-18 18:20:30,961] Trial 33 pruned. 
[I 2026-03-18 18:20:31,979] Trial 44 pruned. 
[I 2026-03-18 18:20:32,305] Trial 35 pruned. 
[I 2026-03-18 18:20:33,161] Trial 44 pruned. 
[I 2026-03-18 18:20:37,370] Trial 43 pruned. 
[I 2026-03-18 18:20:39,736] Trial 20 finished with value: -3.1512165406669386 and parameters: {'n_layers_yyx': 2, 'hidden_size_yyx_l0': 6, 'hidden_size_yyx_l1': 5, 'context_size_yyx': 4, 'num_mix_components_yyx': 3, 'context_extractor_yyx': 'lstm', 'activation_func_yyx': 'GELU', 'L2_weight_yyx': 1.0233301700608587e-10, 'L_entropy_weight_yyx': 5.4445241680516865e-05, 'L_sep_weight_yyx': 6.162390829691058e-09, 'L_scale_weight_yyx': 6.555506084558507e-05, 'learning_rate_yyx': 0.00390001157533455}. Best is trial 5 with value: -3.154335707688014.
[I 2026-03-18 18:20:40,663] Trial 31 pruned. 
[I 2026-03-18 18:20:40,894] Trial 36 pruned. 
[I 2026-03-18 18:20:40,931] Trial 45 pruned. 
[I 2026-03-18 18:20:41,111] Trial 25 pruned. 
[I 2026-03-18 18:20:41,986] Trial 30 pruned. 
[I 2026-03-18 18:20:42,145] Trial 24 finished with value: -3.141045244511588 and parameters: {'n_layers_yyx': 1, 'hidden_size_yyx_l0': 2, 'context_size_yyx': 2, 'num_mix_components_yyx': 2, 'context_extractor_yyx': 'gru', 'activation_func_yyx': 'ReLU', 'L2_weight_yyx': 1.0567850831839685e-08, 'L_entropy_weight_yyx': 2.9761018219838365e-08, 'L_sep_weight_yyx': 4.36451837186006e-09, 'L_scale_weight_yyx': 1.0115423442305379e-07, 'learning_rate_yyx': 0.008304170145876786}. Best is trial 2 with value: -3.151229652723366.
[I 2026-03-18 18:20:45,037] Trial 27 pruned. 
[I 2026-03-18 18:20:45,159] Trial 49 pruned. 
[I 2026-03-18 18:20:45,257] Trial 30 finished with value: -1.2657465414727682 and parameters: {'n_layers_yyx': 1, 'hidden_size_yyx_l0': 5, 'context_size_yyx': 4, 'num_mix_components_yyx': 3, 'context_extractor_yyx': 'gru', 'activation_func_yyx': 'Tanh', 'L2_weight_yyx': 3.8977057912929906e-07, 'L_entropy_weight_yyx': 2.895692030481687e-06, 'L_sep_weight_yyx': 6.636015324449525e-09, 'L_scale_weight_yyx': 1.7785774305167368e-06, 'learning_rate_yyx': 0.00772898660646084}. Best is trial 24 with value: -1.2727326976613946.

Source events: 3828
Target events: 16159
Full model ln_yyx : 116.67595 nats/sec, 6.49844 nats/event
Full model Log loss : -0.56796
Full model ln_yyx : 116.07928 nats/sec, 6.46521 nats/event
Full model Log loss : -0.56523
Full model ln_yyx : 117.17513 nats/sec, 6.52625 nats/event
Full model Log loss : -0.56808
Full model ln_yyx : 117.05507 nats/sec, 6.51956 nats/event
Full model Log loss : -0.56728
Full model ln_yyx : 117.26051 nats/sec, 6.53100 nats/event
Full model Log loss : -0.56435
Full model ln_yyx : 119.11043 nats/sec, 6.63404 nats/event
Full model Log loss : -0.57717
Full model ln_yyx : 112.92190 nats/sec, 6.28936 nats/event
Full model Log loss : -0.54825
Full model ln_yyx : 116.21823 nats/sec, 6.47295 nats/event
Full model Log loss : -0.57299
Full model ln_yyx : 118.02622 nats/sec, 6.57365 nats/event
Full model Log loss : -0.56157
Full model ln_yyx : 117.08131 nats/sec, 6.52102 nats/event
Full model Log loss : -0.57979
Full model ln_yyx : 116.17875 nats/sec, 6.47075 nats/event
Full model Log loss : -0.57202
Full model ln_yyx : 114.60285 nats/sec, 6.38298 nats/event
Full model Log loss : -0.54734
Full model ln_yyx : 116.98674 nats/sec, 6.51575 nats/event
Full model Log loss : -0.57955
Full model ln_yyx : 117.53801 nats/sec, 6.54646 nats/event
Full model Log loss : -0.57972
Full model ln_yyx : 116.97295 nats/sec, 6.51499 nats/event
Full model Log loss : -0.58571
Full model ln_yyx : 117.15291 nats/sec, 6.52501 nats/event
Full model Log loss : -0.58602
Full model ln_yyx : 116.99173 nats/sec, 6.51603 nats/event
Full model Log loss : -0.58579
Optimization finished. Config saved to results/opt-full/opt_full_67_best_config.txt
[I 2026-03-18 18:20:48,037] Trial 46 pruned. 
[I 2026-03-18 18:20:48,939] Trial 26 pruned. 
[I 2026-03-18 18:20:49,345] Trial 32 pruned. 
[I 2026-03-18 18:20:49,628] Trial 34 pruned. 
[I 2026-03-18 18:20:50,989] Trial 31 pruned. 
[I 2026-03-18 18:20:51,062] Trial 49 finished with value: -1.2694501330363333 and parameters: {'n_layers_yyx': 2, 'hidden_size_yyx_l0': 3, 'hidden_size_yyx_l1': 5, 'context_size_yyx': 4, 'num_mix_components_yyx': 3, 'context_extractor_yyx': 'gru', 'activation_func_yyx': 'Tanh', 'L2_weight_yyx': 6.634097812746788e-08, 'L_entropy_weight_yyx': 1.504708723652762e-09, 'L_sep_weight_yyx': 3.3779457371325963e-06, 'L_scale_weight_yyx': 6.773558527203452e-09, 'learning_rate_yyx': 0.009800912995107387}. Best is trial 40 with value: -1.2705461004965848.

Source events: 5634
Target events: 38515
Full model ln_yyx : 602.64527 nats/sec, 14.08232 nats/event
Full model Log loss : -1.25522
Full model ln_yyx : 604.25940 nats/sec, 14.12004 nats/event
Full model Log loss : -1.25263
Full model ln_yyx : 598.08416 nats/sec, 13.97574 nats/event
Full model Log loss : -1.24167
Full model ln_yyx : 595.04579 nats/sec, 13.90474 nats/event
Full model Log loss : -1.25383
Full model ln_yyx : 603.71455 nats/sec, 14.10731 nats/event
Full model Log loss : -1.25307
Full model ln_yyx : 598.91163 nats/sec, 13.99508 nats/event
Full model Log loss : -1.24403
Full model ln_yyx : 591.81045 nats/sec, 13.82914 nats/event
Full model Log loss : -1.25242
Full model ln_yyx : 603.51674 nats/sec, 14.10269 nats/event
Full model Log loss : -1.24687
Full model ln_yyx : 609.09030 nats/sec, 14.23293 nats/event
Full model Log loss : -1.27055
Full model ln_yyx : 586.88371 nats/sec, 13.71402 nats/event
Full model Log loss : -1.26104
Full model ln_yyx : 594.99959 nats/sec, 13.90366 nats/event
Full model Log loss : -1.26945
Optimization finished. Config saved to results/opt-full/opt_full_91_best_config.txt
[I 2026-03-18 18:20:52,669] Trial 20 finished with value: -3.1372872531576963 and parameters: {'n_layers_yyx': 2, 'hidden_size_yyx_l0': 5, 'hidden_size_yyx_l1': 3, 'context_size_yyx': 3, 'num_mix_components_yyx': 5, 'context_extractor_yyx': 'lstm', 'activation_func_yyx': 'Tanh', 'L2_weight_yyx': 1.6127329827077096e-06, 'L_entropy_weight_yyx': 2.291943155992514e-06, 'L_sep_weight_yyx': 3.162004060019603e-08, 'L_scale_weight_yyx': 0.0008108288992741098, 'learning_rate_yyx': 0.006972086666727557}. Best is trial 10 with value: -3.1515199681211117.
[I 2026-03-18 18:20:55,473] Trial 44 pruned. 
[I 2026-03-18 18:20:56,859] Trial 43 pruned. 
[I 2026-03-18 18:20:56,901] Trial 47 pruned. 
[I 2026-03-18 18:20:58,110] Trial 27 pruned. 
[I 2026-03-18 18:20:58,729] Trial 43 pruned. 
[I 2026-03-18 18:21:00,465] Trial 33 pruned. 
[I 2026-03-18 18:21:01,670] Trial 32 pruned. 
[I 2026-03-18 18:21:02,444] Trial 36 finished with value: -3.1217261076311056 and parameters: {'n_layers_yyx': 1, 'hidden_size_yyx_l0': 5, 'context_size_yyx': 4, 'num_mix_components_yyx': 2, 'context_extractor_yyx': 'lstm', 'activation_func_yyx': 'GELU', 'L2_weight_yyx': 3.1036843679049793e-10, 'L_entropy_weight_yyx': 2.299410319322801e-08, 'L_sep_weight_yyx': 1.2651424021118998e-09, 'L_scale_weight_yyx': 1.4591622536168366e-08, 'learning_rate_yyx': 0.008445695489710527}. Best is trial 16 with value: -3.149974272486285.
[I 2026-03-18 18:21:02,901] Trial 42 pruned. 
[I 2026-03-18 18:21:08,954] Trial 44 pruned. 
[I 2026-03-18 18:21:09,103] Trial 35 pruned. 
[I 2026-03-18 18:21:10,617] Trial 34 pruned. 
[I 2026-03-18 18:21:10,913] Trial 33 pruned. 
[I 2026-03-18 18:21:11,203] Trial 25 finished with value: -3.152748146031954 and parameters: {'n_layers_yyx': 2, 'hidden_size_yyx_l0': 6, 'hidden_size_yyx_l1': 4, 'context_size_yyx': 4, 'num_mix_components_yyx': 5, 'context_extractor_yyx': 'lstm', 'activation_func_yyx': 'GELU', 'L2_weight_yyx': 2.3600120054928294e-05, 'L_entropy_weight_yyx': 1.6594326461199672e-09, 'L_sep_weight_yyx': 1.2756421039476377e-05, 'L_scale_weight_yyx': 2.6385221807310074e-10, 'learning_rate_yyx': 0.006698408801759602}. Best is trial 25 with value: -3.152748146031954.
[I 2026-03-18 18:21:11,387] Trial 42 finished with value: -1.2470302476019164 and parameters: {'n_layers_yyx': 2, 'hidden_size_yyx_l0': 6, 'hidden_size_yyx_l1': 5, 'context_size_yyx': 1, 'num_mix_components_yyx': 5, 'context_extractor_yyx': 'gru', 'activation_func_yyx': 'Tanh', 'L2_weight_yyx': 1.53944503249862e-07, 'L_entropy_weight_yyx': 2.682799233988566e-07, 'L_sep_weight_yyx': 4.6159047307843537e-07, 'L_scale_weight_yyx': 2.9341738138074845e-06, 'learning_rate_yyx': 0.009881029493324141}. Best is trial 11 with value: -1.2697828860467992.
[I 2026-03-18 18:21:13,574] Trial 43 finished with value: -0.5600101308284796 and parameters: {'n_layers_yyx': 2, 'hidden_size_yyx_l0': 6, 'hidden_size_yyx_l1': 6, 'context_size_yyx': 4, 'num_mix_components_yyx': 3, 'context_extractor_yyx': 'lstm', 'activation_func_yyx': 'GELU', 'L2_weight_yyx': 2.2732173700501604e-08, 'L_entropy_weight_yyx': 2.684663418918885e-07, 'L_sep_weight_yyx': 0.0003031468332268446, 'L_scale_weight_yyx': 0.0007733196207170118, 'learning_rate_yyx': 0.0016984127891234446}. Best is trial 3 with value: -0.584032942865049.
[I 2026-03-18 18:21:15,044] Trial 27 pruned. 
[I 2026-03-18 18:21:15,445] Trial 48 pruned. 
[I 2026-03-18 18:21:19,401] Trial 45 pruned. 
[I 2026-03-18 18:21:20,820] Trial 37 pruned. 
[I 2026-03-18 18:21:21,142] Trial 34 pruned. 
[I 2026-03-18 18:21:22,434] Trial 44 pruned. 
[I 2026-03-18 18:21:24,282] Trial 49 pruned. 

Source events: 3828
Target events: 9421
Full model ln_yyx : 61.43048 nats/sec, 5.86853 nats/event
Full model Log loss : -0.51403
Full model ln_yyx : 66.61421 nats/sec, 6.36374 nats/event
Full model Log loss : -0.55400
Full model ln_yyx : 67.89144 nats/sec, 6.48576 nats/event
Full model Log loss : -0.55290
Full model ln_yyx : 68.47867 nats/sec, 6.54185 nats/event
Full model Log loss : -0.56290
Full model ln_yyx : 67.80024 nats/sec, 6.47704 nats/event
Full model Log loss : -0.54692
Full model ln_yyx : 65.92930 nats/sec, 6.29831 nats/event
Full model Log loss : -0.54490
Full model ln_yyx : 68.24674 nats/sec, 6.51970 nats/event
Full model Log loss : -0.58301
Full model ln_yyx : 67.61662 nats/sec, 6.45950 nats/event
Full model Log loss : -0.57106
Full model ln_yyx : 68.71661 nats/sec, 6.56458 nats/event
Full model Log loss : -0.57748
Full model ln_yyx : 69.00266 nats/sec, 6.59191 nats/event
Full model Log loss : -0.57297
Full model ln_yyx : 67.29310 nats/sec, 6.42859 nats/event
Full model Log loss : -0.55510
Full model ln_yyx : 69.57491 nats/sec, 6.64658 nats/event
Full model Log loss : -0.56380
Full model ln_yyx : 68.93197 nats/sec, 6.58516 nats/event
Full model Log loss : -0.55285
Full model ln_yyx : 67.42073 nats/sec, 6.44079 nats/event
Full model Log loss : -0.55650
Full model ln_yyx : 68.99539 nats/sec, 6.59122 nats/event
Full model Log loss : -0.55157
Full model ln_yyx : 66.82187 nats/sec, 6.38358 nats/event
Full model Log loss : -0.55536
Full model ln_yyx : 68.63713 nats/sec, 6.55699 nats/event
Full model Log loss : -0.56947
Full model ln_yyx : 68.67040 nats/sec, 6.56017 nats/event
Full model Log loss : -0.56948
Full model ln_yyx : 67.74979 nats/sec, 6.47222 nats/event
Full model Log loss : -0.56825
Optimization finished. Config saved to results/opt-full/opt_full_64_best_config.txt
[I 2026-03-18 18:21:26,375] Trial 25 pruned. 
[I 2026-03-18 18:21:27,980] Trial 36 pruned. 
[I 2026-03-18 18:21:29,028] Trial 32 finished with value: -1.263250361528943 and parameters: {'n_layers_yyx': 2, 'hidden_size_yyx_l0': 2, 'hidden_size_yyx_l1': 6, 'context_size_yyx': 4, 'num_mix_components_yyx': 3, 'context_extractor_yyx': 'lstm', 'activation_func_yyx': 'Tanh', 'L2_weight_yyx': 2.82273237625913e-05, 'L_entropy_weight_yyx': 5.759853660642409e-07, 'L_sep_weight_yyx': 7.215290879228608e-10, 'L_scale_weight_yyx': 8.95936664262364e-07, 'learning_rate_yyx': 0.006107159232011162}. Best is trial 7 with value: -1.272066817927052.
[I 2026-03-18 18:21:29,645] Trial 38 pruned. 
[I 2026-03-18 18:21:29,853] Trial 43 pruned. 
[I 2026-03-18 18:21:31,863] Trial 45 pruned. 
[I 2026-03-18 18:21:32,865] Trial 28 pruned. 
[I 2026-03-18 18:21:35,573] Trial 24 finished with value: -3.1366347118217206 and parameters: {'n_layers_yyx': 2, 'hidden_size_yyx_l0': 5, 'hidden_size_yyx_l1': 5, 'context_size_yyx': 3, 'num_mix_components_yyx': 4, 'context_extractor_yyx': 'gru', 'activation_func_yyx': 'ReLU', 'L2_weight_yyx': 3.7568397305248565e-08, 'L_entropy_weight_yyx': 1.0329217139145805e-10, 'L_sep_weight_yyx': 0.00023917378495912208, 'L_scale_weight_yyx': 7.22100368493936e-10, 'learning_rate_yyx': 0.0009965923145198714}. Best is trial 1 with value: -3.166268711244678.
[I 2026-03-18 18:21:39,998] Trial 33 pruned. 
[I 2026-03-18 18:21:40,659] Trial 35 pruned. 
[I 2026-03-18 18:21:42,010] Trial 45 pruned. 
[I 2026-03-18 18:21:42,065] Trial 38 finished with value: -3.1189251404585416 and parameters: {'n_layers_yyx': 2, 'hidden_size_yyx_l0': 5, 'hidden_size_yyx_l1': 6, 'context_size_yyx': 4, 'num_mix_components_yyx': 3, 'context_extractor_yyx': 'gru', 'activation_func_yyx': 'GELU', 'L2_weight_yyx': 3.3859755787252577e-09, 'L_entropy_weight_yyx': 7.908495424622341e-07, 'L_sep_weight_yyx': 2.39870368382467e-10, 'L_scale_weight_yyx': 6.045675870316251e-08, 'learning_rate_yyx': 0.001425951793241101}. Best is trial 20 with value: -3.1481007392302844.
[I 2026-03-18 18:21:45,115] Trial 37 pruned. 
[I 2026-03-18 18:21:45,116] Trial 26 pruned. 
[I 2026-03-18 18:21:52,761] Trial 29 pruned. 
[I 2026-03-18 18:21:57,745] Trial 36 pruned. 
[I 2026-03-18 18:21:58,224] Trial 35 pruned. 
[I 2026-03-18 18:22:11,216] Trial 46 pruned. 
[I 2026-03-18 18:22:12,838] Trial 28 pruned. 
[I 2026-03-18 18:22:15,912] Trial 36 pruned. 
[I 2026-03-18 18:22:15,918] Trial 44 pruned. 
[I 2026-03-18 18:22:17,955] Trial 27 finished with value: -3.1473986186655605 and parameters: {'n_layers_yyx': 2, 'hidden_size_yyx_l0': 6, 'hidden_size_yyx_l1': 3, 'context_size_yyx': 4, 'num_mix_components_yyx': 3, 'context_extractor_yyx': 'gru', 'activation_func_yyx': 'ReLU', 'L2_weight_yyx': 1.0980356571030635e-05, 'L_entropy_weight_yyx': 2.702301639025368e-08, 'L_sep_weight_yyx': 2.244872399498186e-09, 'L_scale_weight_yyx': 3.9978061249683363e-07, 'learning_rate_yyx': 0.006258961945065306}. Best is trial 23 with value: -3.1545382986021053.
[I 2026-03-18 18:22:19,096] Trial 45 pruned. 
[I 2026-03-18 18:22:19,367] Trial 25 pruned. 
[I 2026-03-18 18:22:22,071] Trial 31 finished with value: -1.2657598752852068 and parameters: {'n_layers_yyx': 1, 'hidden_size_yyx_l0': 6, 'context_size_yyx': 4, 'num_mix_components_yyx': 3, 'context_extractor_yyx': 'gru', 'activation_func_yyx': 'Tanh', 'L2_weight_yyx': 3.755886017445353e-07, 'L_entropy_weight_yyx': 3.3086050614428475e-06, 'L_sep_weight_yyx': 7.79174441268295e-09, 'L_scale_weight_yyx': 2.0491343887462595e-06, 'learning_rate_yyx': 0.007751802320308368}. Best is trial 24 with value: -1.2727326976613946.
[I 2026-03-18 18:22:23,898] Trial 33 finished with value: -3.1602368843454687 and parameters: {'n_layers_yyx': 2, 'hidden_size_yyx_l0': 6, 'hidden_size_yyx_l1': 3, 'context_size_yyx': 2, 'num_mix_components_yyx': 5, 'context_extractor_yyx': 'lstm', 'activation_func_yyx': 'Tanh', 'L2_weight_yyx': 5.282829839614291e-06, 'L_entropy_weight_yyx': 1.5493178676192445e-09, 'L_sep_weight_yyx': 7.1183875745412205e-06, 'L_scale_weight_yyx': 2.0352263917550271e-07, 'learning_rate_yyx': 0.009909767549437282}. Best is trial 10 with value: -3.1611070918248854.
[I 2026-03-18 18:22:23,983] Trial 39 pruned. 
[I 2026-03-18 18:22:24,744] Trial 28 finished with value: -1.2685478478394683 and parameters: {'n_layers_yyx': 1, 'hidden_size_yyx_l0': 5, 'context_size_yyx': 4, 'num_mix_components_yyx': 5, 'context_extractor_yyx': 'lstm', 'activation_func_yyx': 'Tanh', 'L2_weight_yyx': 5.182362732702532e-07, 'L_entropy_weight_yyx': 1.4505396641931479e-09, 'L_sep_weight_yyx': 7.860869804656309e-07, 'L_scale_weight_yyx': 1.7215157337873968e-09, 'learning_rate_yyx': 0.006611191661090689}. Best is trial 28 with value: -1.2685478478394683.
[I 2026-03-18 18:22:26,979] Trial 37 pruned. 
[I 2026-03-18 18:22:27,936] Trial 44 finished with value: -1.2670081767930121 and parameters: {'n_layers_yyx': 2, 'hidden_size_yyx_l0': 5, 'hidden_size_yyx_l1': 3, 'context_size_yyx': 4, 'num_mix_components_yyx': 5, 'context_extractor_yyx': 'lstm', 'activation_func_yyx': 'ReLU', 'L2_weight_yyx': 1.0667824967758353e-10, 'L_entropy_weight_yyx': 2.4768797955455778e-06, 'L_sep_weight_yyx': 1.239199682389746e-09, 'L_scale_weight_yyx': 0.0009440809662779958, 'learning_rate_yyx': 0.005449656808703199}. Best is trial 35 with value: -1.2719783113095324.
[I 2026-03-18 18:22:28,055] Trial 47 pruned. 
[I 2026-03-18 18:22:29,660] Trial 29 pruned. 
[I 2026-03-18 18:22:31,353] Trial 38 pruned. 
[I 2026-03-18 18:22:33,311] Trial 30 pruned. 
[I 2026-03-18 18:22:33,749] Trial 29 pruned. 
[I 2026-03-18 18:22:36,514] Trial 45 pruned. 
[I 2026-03-18 18:22:40,653] Trial 37 pruned. 
[I 2026-03-18 18:22:42,488] Trial 34 pruned. 
[I 2026-03-18 18:22:42,938] Trial 21 pruned. 
[I 2026-03-18 18:22:45,198] Trial 38 pruned. 
[I 2026-03-18 18:22:48,659] Trial 30 pruned. 
[I 2026-03-18 18:22:48,966] Trial 38 pruned. 
[I 2026-03-18 18:22:49,040] Trial 43 finished with value: -3.119318169719304 and parameters: {'n_layers_yyx': 2, 'hidden_size_yyx_l0': 2, 'hidden_size_yyx_l1': 6, 'context_size_yyx': 2, 'num_mix_components_yyx': 2, 'context_extractor_yyx': 'gru', 'activation_func_yyx': 'Tanh', 'L2_weight_yyx': 2.5024027420494156e-08, 'L_entropy_weight_yyx': 4.4942562029149964e-08, 'L_sep_weight_yyx': 2.427926969814942e-10, 'L_scale_weight_yyx': 6.56920700269222e-05, 'learning_rate_yyx': 0.009925948301595496}. Best is trial 20 with value: -3.160948786990499.
[I 2026-03-18 18:22:52,164] Trial 31 pruned. 
[I 2026-03-18 18:22:52,538] Trial 27 finished with value: -3.161937115338458 and parameters: {'n_layers_yyx': 2, 'hidden_size_yyx_l0': 3, 'hidden_size_yyx_l1': 4, 'context_size_yyx': 4, 'num_mix_components_yyx': 4, 'context_extractor_yyx': 'lstm', 'activation_func_yyx': 'ReLU', 'L2_weight_yyx': 3.5289615177736206e-10, 'L_entropy_weight_yyx': 2.500625467802755e-07, 'L_sep_weight_yyx': 8.47410652839501e-07, 'L_scale_weight_yyx': 1.6870970129155044e-07, 'learning_rate_yyx': 0.005939519652507411}. Best is trial 27 with value: -3.161937115338458.
[I 2026-03-18 18:22:54,083] Trial 39 pruned. 
[I 2026-03-18 18:22:54,603] Trial 46 pruned. 
[I 2026-03-18 18:22:58,971] Trial 45 pruned. 
[I 2026-03-18 18:22:59,392] Trial 46 pruned. 
[I 2026-03-18 18:23:00,225] Trial 34 finished with value: -1.2696179726648242 and parameters: {'n_layers_yyx': 2, 'hidden_size_yyx_l0': 3, 'hidden_size_yyx_l1': 6, 'context_size_yyx': 4, 'num_mix_components_yyx': 3, 'context_extractor_yyx': 'lstm', 'activation_func_yyx': 'Tanh', 'L2_weight_yyx': 0.0009229769393241791, 'L_entropy_weight_yyx': 2.499045345942797e-08, 'L_sep_weight_yyx': 5.926895930166201e-09, 'L_scale_weight_yyx': 2.6114335869891864e-08, 'learning_rate_yyx': 0.009841932444542723}. Best is trial 7 with value: -1.272066817927052.
[I 2026-03-18 18:23:01,341] Trial 26 pruned. 
[I 2026-03-18 18:23:02,379] Trial 32 pruned. 
[I 2026-03-18 18:23:02,608] Trial 28 pruned. 
[I 2026-03-18 18:23:02,957] Trial 46 finished with value: -1.2637309922308226 and parameters: {'n_layers_yyx': 1, 'hidden_size_yyx_l0': 6, 'context_size_yyx': 4, 'num_mix_components_yyx': 5, 'context_extractor_yyx': 'gru', 'activation_func_yyx': 'ReLU', 'L2_weight_yyx': 2.081775554730384e-10, 'L_entropy_weight_yyx': 1.645754442585736e-05, 'L_sep_weight_yyx': 2.1241825117915076e-09, 'L_scale_weight_yyx': 2.183515201171037e-10, 'learning_rate_yyx': 0.008666238491650958}. Best is trial 23 with value: -1.2721869844165175.
[I 2026-03-18 18:23:03,674] Trial 47 pruned. 
[I 2026-03-18 18:23:08,521] Trial 48 pruned. 
[I 2026-03-18 18:23:08,691] Trial 46 pruned. 
[I 2026-03-18 18:23:09,163] Trial 32 pruned. 
[I 2026-03-18 18:23:10,278] Trial 37 pruned. 
[I 2026-03-18 18:23:11,620] Trial 40 pruned. 
[I 2026-03-18 18:23:12,288] Trial 47 pruned. 
[I 2026-03-18 18:23:15,170] Trial 39 pruned. 
[I 2026-03-18 18:23:15,808] Trial 46 finished with value: -1.2700545051842653 and parameters: {'n_layers_yyx': 2, 'hidden_size_yyx_l0': 4, 'hidden_size_yyx_l1': 6, 'context_size_yyx': 4, 'num_mix_components_yyx': 4, 'context_extractor_yyx': 'lstm', 'activation_func_yyx': 'GELU', 'L2_weight_yyx': 0.0004913368368645642, 'L_entropy_weight_yyx': 1.9901867475329028e-08, 'L_sep_weight_yyx': 6.584173873534478e-10, 'L_scale_weight_yyx': 1.070517677860999e-09, 'learning_rate_yyx': 0.005854815283622097}. Best is trial 42 with value: -1.2710004090822118.
[I 2026-03-18 18:23:19,680] Trial 48 pruned. 
[I 2026-03-18 18:23:21,460] Trial 29 pruned. 
[I 2026-03-18 18:23:22,264] Trial 21 finished with value: -3.151217994296971 and parameters: {'n_layers_yyx': 2, 'hidden_size_yyx_l0': 6, 'hidden_size_yyx_l1': 5, 'context_size_yyx': 4, 'num_mix_components_yyx': 3, 'context_extractor_yyx': 'lstm', 'activation_func_yyx': 'GELU', 'L2_weight_yyx': 1.375762354706198e-10, 'L_entropy_weight_yyx': 3.100286164527313e-05, 'L_sep_weight_yyx': 8.251008404114696e-09, 'L_scale_weight_yyx': 4.9868714220298766e-05, 'learning_rate_yyx': 0.0038624122119526546}. Best is trial 5 with value: -3.154335707688014.
[I 2026-03-18 18:23:24,385] Trial 47 pruned. 
[I 2026-03-18 18:23:26,626] Trial 28 pruned. 
[I 2026-03-18 18:23:28,392] Trial 39 pruned. 
[I 2026-03-18 18:23:28,632] Trial 44 pruned. 
[I 2026-03-18 18:23:31,765] Trial 49 pruned. 

Source events: 5634
Target events: 12731
Full model ln_yyx : 200.37670 nats/sec, 14.16535 nats/event
Full model Log loss : -1.26086
Full model ln_yyx : 199.12650 nats/sec, 14.07697 nats/event
Full model Log loss : -1.25981
Full model ln_yyx : 194.78076 nats/sec, 13.76975 nats/event
Full model Log loss : -1.26531
Full model ln_yyx : 201.12752 nats/sec, 14.21843 nats/event
Full model Log loss : -1.26029
Full model ln_yyx : 198.76400 nats/sec, 14.05134 nats/event
Full model Log loss : -1.23621
Full model ln_yyx : 200.55572 nats/sec, 14.17800 nats/event
Full model Log loss : -1.25824
Full model ln_yyx : 195.36937 nats/sec, 13.81136 nats/event
Full model Log loss : -1.26346
Full model ln_yyx : 198.14501 nats/sec, 14.00758 nats/event
Full model Log loss : -1.27170
Full model ln_yyx : 200.48912 nats/sec, 14.17329 nats/event
Full model Log loss : -1.25440
Full model ln_yyx : 200.12823 nats/sec, 14.14778 nats/event
Full model Log loss : -1.26878
Full model ln_yyx : 199.64130 nats/sec, 14.11336 nats/event
Full model Log loss : -1.27198
Full model ln_yyx : 197.48501 nats/sec, 13.96092 nats/event
Full model Log loss : -1.26701
Optimization finished. Config saved to results/opt-full/opt_full_86_best_config.txt
[I 2026-03-18 18:23:33,565] Trial 27 finished with value: -3.148845115105199 and parameters: {'n_layers_yyx': 2, 'hidden_size_yyx_l0': 3, 'hidden_size_yyx_l1': 5, 'context_size_yyx': 4, 'num_mix_components_yyx': 3, 'context_extractor_yyx': 'lstm', 'activation_func_yyx': 'ReLU', 'L2_weight_yyx': 5.961390429883877e-10, 'L_entropy_weight_yyx': 1.6408642825238826e-08, 'L_sep_weight_yyx': 4.696840839150019e-08, 'L_scale_weight_yyx': 1.1475083795483818e-08, 'learning_rate_yyx': 0.006363585022868939}. Best is trial 1 with value: -3.152505646630136.
[I 2026-03-18 18:23:38,266] Trial 30 pruned. 
[I 2026-03-18 18:23:38,661] Trial 27 pruned. 
[I 2026-03-18 18:23:39,567] Trial 48 pruned. 
[I 2026-03-18 18:23:40,263] Trial 47 pruned. 
[I 2026-03-18 18:23:41,557] Trial 49 pruned. 

Source events: 3828
Target events: 12539
Full model ln_yyx : 91.00632 nats/sec, 6.53207 nats/event
Full model Log loss : -0.58101
Full model ln_yyx : 90.43536 nats/sec, 6.49109 nats/event
Full model Log loss : -0.56429
Full model ln_yyx : 91.23445 nats/sec, 6.54845 nats/event
Full model Log loss : -0.57825
Full model ln_yyx : 92.78163 nats/sec, 6.65950 nats/event
Full model Log loss : -0.58403
Full model ln_yyx : 72.29632 nats/sec, 5.18914 nats/event
Full model Log loss : -0.43861
Full model ln_yyx : 84.21906 nats/sec, 6.04491 nats/event
Full model Log loss : -0.52876
Full model ln_yyx : 92.62437 nats/sec, 6.64821 nats/event
Full model Log loss : -0.58282
Full model ln_yyx : 90.02704 nats/sec, 6.46179 nats/event
Full model Log loss : -0.56496
Full model ln_yyx : 89.22819 nats/sec, 6.40445 nats/event
Full model Log loss : -0.55204
Full model ln_yyx : 89.17964 nats/sec, 6.40096 nats/event
Full model Log loss : -0.55324
Full model ln_yyx : 89.56251 nats/sec, 6.42844 nats/event
Full model Log loss : -0.56995
Full model ln_yyx : 90.10190 nats/sec, 6.46716 nats/event
Full model Log loss : -0.56487
Full model ln_yyx : 89.38114 nats/sec, 6.41543 nats/event
Full model Log loss : -0.56001
Optimization finished. Config saved to results/opt-full/opt_full_65_best_config.txt
[I 2026-03-18 18:23:45,634] Trial 30 finished with value: -1.2657261423615123 and parameters: {'n_layers_yyx': 1, 'hidden_size_yyx_l0': 5, 'context_size_yyx': 4, 'num_mix_components_yyx': 4, 'context_extractor_yyx': 'lstm', 'activation_func_yyx': 'Tanh', 'L2_weight_yyx': 5.55157084274382e-07, 'L_entropy_weight_yyx': 1.863858535420172e-07, 'L_sep_weight_yyx': 7.221073093191436e-06, 'L_scale_weight_yyx': 3.1282682239183115e-09, 'learning_rate_yyx': 0.005755208934966516}. Best is trial 28 with value: -1.2685478478394683.
[I 2026-03-18 18:23:45,862] Trial 49 pruned. 

Source events: 5634
Target events: 10752
Full model ln_yyx : 167.11170 nats/sec, 13.98814 nats/event
Full model Log loss : -1.22864
Full model ln_yyx : 165.58801 nats/sec, 13.86060 nats/event
Full model Log loss : -1.23125
Full model ln_yyx : 164.19767 nats/sec, 13.74422 nats/event
Full model Log loss : -1.15449
Full model ln_yyx : 167.46568 nats/sec, 14.01777 nats/event
Full model Log loss : -1.26799
Full model ln_yyx : 165.96924 nats/sec, 13.89251 nats/event
Full model Log loss : -1.21314
Full model ln_yyx : 167.03531 nats/sec, 13.98175 nats/event
Full model Log loss : -1.26978
Full model ln_yyx : 168.07958 nats/sec, 14.06916 nats/event
Full model Log loss : -1.26567
Full model ln_yyx : 166.27060 nats/sec, 13.91774 nats/event
Full model Log loss : -1.25444
Full model ln_yyx : 167.40813 nats/sec, 14.01296 nats/event
Full model Log loss : -1.24419
Full model ln_yyx : 166.52318 nats/sec, 13.93888 nats/event
Full model Log loss : -1.24306
Full model ln_yyx : 169.14746 nats/sec, 14.15855 nats/event
Full model Log loss : -1.24703
Optimization finished. Config saved to results/opt-full/opt_full_93_best_config.txt
[I 2026-03-18 18:23:46,169] Trial 45 pruned. 
[I 2026-03-18 18:23:47,393] Trial 33 pruned. 
[I 2026-03-18 18:23:48,555] Trial 28 pruned. 
[I 2026-03-18 18:23:49,400] Trial 48 pruned. 
[I 2026-03-18 18:23:51,653] Trial 31 pruned. 
[I 2026-03-18 18:23:51,967] Trial 47 pruned. 
[I 2026-03-18 18:23:59,802] Trial 26 pruned. 
[I 2026-03-18 18:24:00,463] Trial 39 finished with value: -0.5824254178935265 and parameters: {'n_layers_yyx': 1, 'hidden_size_yyx_l0': 5, 'context_size_yyx': 4, 'num_mix_components_yyx': 3, 'context_extractor_yyx': 'lstm', 'activation_func_yyx': 'GELU', 'L2_weight_yyx': 9.566643003066796e-08, 'L_entropy_weight_yyx': 2.9029737525290578e-05, 'L_sep_weight_yyx': 2.3471910534505905e-08, 'L_scale_weight_yyx': 5.1058831235686755e-08, 'learning_rate_yyx': 0.0005855130036730793}. Best is trial 19 with value: -0.5893623740341837.
[I 2026-03-18 18:24:00,486] Trial 32 pruned. 
[I 2026-03-18 18:24:01,616] Trial 29 pruned. 
[I 2026-03-18 18:24:02,229] Trial 40 pruned. 
[I 2026-03-18 18:24:04,806] Trial 34 pruned. 
[I 2026-03-18 18:24:08,357] Trial 28 finished with value: -3.144980247831214 and parameters: {'n_layers_yyx': 1, 'hidden_size_yyx_l0': 3, 'context_size_yyx': 4, 'num_mix_components_yyx': 3, 'context_extractor_yyx': 'lstm', 'activation_func_yyx': 'GELU', 'L2_weight_yyx': 3.128222212489344e-08, 'L_entropy_weight_yyx': 3.23733632107684e-05, 'L_sep_weight_yyx': 5.5868138770428504e-08, 'L_scale_weight_yyx': 1.1373787717515117e-09, 'learning_rate_yyx': 0.0017920702711162275}. Best is trial 24 with value: -3.1533369159995748.
[I 2026-03-18 18:24:08,800] Trial 33 pruned. 
[I 2026-03-18 18:24:09,115] Trial 48 pruned. 
[I 2026-03-18 18:24:13,630] Trial 35 pruned. 
[I 2026-03-18 18:24:14,026] Trial 40 pruned. 
[I 2026-03-18 18:24:14,515] Trial 35 finished with value: -1.2642676164835085 and parameters: {'n_layers_yyx': 2, 'hidden_size_yyx_l0': 3, 'hidden_size_yyx_l1': 5, 'context_size_yyx': 3, 'num_mix_components_yyx': 3, 'context_extractor_yyx': 'lstm', 'activation_func_yyx': 'Tanh', 'L2_weight_yyx': 0.0002229292271721138, 'L_entropy_weight_yyx': 1.4553501553631647e-08, 'L_sep_weight_yyx': 8.455836813462378e-09, 'L_scale_weight_yyx': 1.1653938676934672e-08, 'learning_rate_yyx': 0.008524095855214823}. Best is trial 7 with value: -1.272066817927052.
[I 2026-03-18 18:24:16,049] Trial 33 finished with value: -1.265825366797597 and parameters: {'n_layers_yyx': 1, 'hidden_size_yyx_l0': 6, 'context_size_yyx': 4, 'num_mix_components_yyx': 3, 'context_extractor_yyx': 'gru', 'activation_func_yyx': 'Tanh', 'L2_weight_yyx': 1.1835411037480969e-06, 'L_entropy_weight_yyx': 5.665217971026072e-06, 'L_sep_weight_yyx': 3.483961483752185e-08, 'L_scale_weight_yyx': 1.1223635693459664e-07, 'learning_rate_yyx': 0.008030742950907024}. Best is trial 24 with value: -1.2727326976613946.
[I 2026-03-18 18:24:17,549] Trial 28 pruned. 
[I 2026-03-18 18:24:19,050] Trial 31 pruned. 
[I 2026-03-18 18:24:19,613] Trial 27 pruned. 
[I 2026-03-18 18:24:21,875] Trial 41 pruned. 
[I 2026-03-18 18:24:22,928] Trial 36 pruned. 
[I 2026-03-18 18:24:26,114] Trial 46 pruned. 
[I 2026-03-18 18:24:27,492] Trial 41 finished with value: -1.26078362033019 and parameters: {'n_layers_yyx': 1, 'hidden_size_yyx_l0': 6, 'context_size_yyx': 3, 'num_mix_components_yyx': 4, 'context_extractor_yyx': 'lstm', 'activation_func_yyx': 'Tanh', 'L2_weight_yyx': 5.960667842573918e-05, 'L_entropy_weight_yyx': 6.639250176813984e-06, 'L_sep_weight_yyx': 1.7615902575750976e-07, 'L_scale_weight_yyx': 2.9657624280855194e-08, 'learning_rate_yyx': 0.00744427397602981}. Best is trial 0 with value: -1.2691870881537193.
[I 2026-03-18 18:24:29,549] Trial 40 finished with value: -3.1464315511351586 and parameters: {'n_layers_yyx': 2, 'hidden_size_yyx_l0': 4, 'hidden_size_yyx_l1': 4, 'context_size_yyx': 4, 'num_mix_components_yyx': 5, 'context_extractor_yyx': 'lstm', 'activation_func_yyx': 'Tanh', 'L2_weight_yyx': 9.865124883371296e-08, 'L_entropy_weight_yyx': 7.305575422127666e-06, 'L_sep_weight_yyx': 1.2129902624218772e-09, 'L_scale_weight_yyx': 2.3006402676370648e-07, 'learning_rate_yyx': 0.004517497027639906}. Best is trial 20 with value: -3.1481007392302844.
[I 2026-03-18 18:24:29,892] Trial 42 pruned. 
[I 2026-03-18 18:24:31,094] Trial 36 pruned. 
[I 2026-03-18 18:24:31,647] Trial 37 pruned. 
[I 2026-03-18 18:24:33,580] Trial 29 pruned. 
[I 2026-03-18 18:24:37,796] Trial 43 pruned. 
[I 2026-03-18 18:24:46,289] Trial 44 pruned. 
[I 2026-03-18 18:24:49,010] Trial 37 pruned. 
[I 2026-03-18 18:24:53,934] Trial 45 pruned. 
[I 2026-03-18 18:24:55,337] Trial 34 pruned. 
[I 2026-03-18 18:24:56,695] Trial 40 finished with value: -1.2360020926988768 and parameters: {'n_layers_yyx': 2, 'hidden_size_yyx_l0': 5, 'hidden_size_yyx_l1': 4, 'context_size_yyx': 1, 'num_mix_components_yyx': 3, 'context_extractor_yyx': 'gru', 'activation_func_yyx': 'ReLU', 'L2_weight_yyx': 3.451937364720324e-09, 'L_entropy_weight_yyx': 3.3480555886809037e-10, 'L_sep_weight_yyx': 1.1864531990739008e-06, 'L_scale_weight_yyx': 1.4870368214576678e-09, 'learning_rate_yyx': 0.004297180373409486}. Best is trial 2 with value: -1.2804754530695341.
[I 2026-03-18 18:25:02,101] Trial 46 pruned. 
[I 2026-03-18 18:25:04,524] Trial 47 pruned. 
[I 2026-03-18 18:25:09,162] Trial 34 finished with value: -1.2538551006211371 and parameters: {'n_layers_yyx': 2, 'hidden_size_yyx_l0': 6, 'hidden_size_yyx_l1': 6, 'context_size_yyx': 4, 'num_mix_components_yyx': 5, 'context_extractor_yyx': 'gru', 'activation_func_yyx': 'Tanh', 'L2_weight_yyx': 1.1147793709910794e-05, 'L_entropy_weight_yyx': 1.4239181618352823e-07, 'L_sep_weight_yyx': 3.829335861133134e-07, 'L_scale_weight_yyx': 2.6401245473254256e-09, 'learning_rate_yyx': 0.003620026612894264}. Best is trial 28 with value: -1.2685478478394683.
[I 2026-03-18 18:25:12,152] Trial 30 pruned. 
[I 2026-03-18 18:25:14,370] Trial 41 pruned. 
[I 2026-03-18 18:25:14,446] Trial 38 pruned. 
[I 2026-03-18 18:25:16,568] Trial 31 finished with value: -3.1806708175248524 and parameters: {'n_layers_yyx': 2, 'hidden_size_yyx_l0': 6, 'hidden_size_yyx_l1': 5, 'context_size_yyx': 2, 'num_mix_components_yyx': 5, 'context_extractor_yyx': 'lstm', 'activation_func_yyx': 'ReLU', 'L2_weight_yyx': 0.00015023643545305221, 'L_entropy_weight_yyx': 2.161923751240171e-10, 'L_sep_weight_yyx': 2.730802755690974e-05, 'L_scale_weight_yyx': 1.2884461691548303e-05, 'learning_rate_yyx': 0.003258310952955965}. Best is trial 12 with value: -3.1893335216865584.
[I 2026-03-18 18:25:25,877] Trial 38 pruned. 
[I 2026-03-18 18:25:29,541] Trial 31 pruned. 
[I 2026-03-18 18:25:29,883] Trial 42 pruned. 
[I 2026-03-18 18:25:30,541] Trial 49 finished with value: -1.269662190717602 and parameters: {'n_layers_yyx': 2, 'hidden_size_yyx_l0': 5, 'hidden_size_yyx_l1': 6, 'context_size_yyx': 4, 'num_mix_components_yyx': 4, 'context_extractor_yyx': 'lstm', 'activation_func_yyx': 'GELU', 'L2_weight_yyx': 2.775331829748926e-08, 'L_entropy_weight_yyx': 1.3966337956979707e-08, 'L_sep_weight_yyx': 2.3644021645522524e-09, 'L_scale_weight_yyx': 1.6306286698857423e-08, 'learning_rate_yyx': 0.006025336065944348}. Best is trial 42 with value: -1.2710004090822118.

Source events: 5634
Target events: 14713
Full model ln_yyx : 228.93025 nats/sec, 14.00375 nats/event
Full model Log loss : -1.25284
Full model ln_yyx : 228.58094 nats/sec, 13.98239 nats/event
Full model Log loss : -1.24434
Full model ln_yyx : 230.22790 nats/sec, 14.08313 nats/event
Full model Log loss : -1.24551
Full model ln_yyx : 231.16979 nats/sec, 14.14075 nats/event
Full model Log loss : -1.24584
Full model ln_yyx : 230.85517 nats/sec, 14.12150 nats/event
Full model Log loss : -1.26674
Full model ln_yyx : 230.82536 nats/sec, 14.11968 nats/event
Full model Log loss : -1.26569
Full model ln_yyx : 229.50078 nats/sec, 14.03865 nats/event
Full model Log loss : -1.26919
Full model ln_yyx : 230.82341 nats/sec, 14.11956 nats/event
Full model Log loss : -1.25965
Full model ln_yyx : 230.31136 nats/sec, 14.08824 nats/event
Full model Log loss : -1.25676
Full model ln_yyx : 233.80319 nats/sec, 14.30183 nats/event
Full model Log loss : -1.26682
Full model ln_yyx : 230.73793 nats/sec, 14.11433 nats/event
Full model Log loss : -1.26682
Full model ln_yyx : 231.59202 nats/sec, 14.16657 nats/event
Full model Log loss : -1.24650
Full model ln_yyx : 230.97468 nats/sec, 14.12881 nats/event
Full model Log loss : -1.27100
Full model ln_yyx : 231.81685 nats/sec, 14.18033 nats/event
Full model Log loss : -1.27005
Full model ln_yyx : 230.63163 nats/sec, 14.10783 nats/event
Full model Log loss : -1.26966
Optimization finished. Config saved to results/opt-full/opt_full_87_best_config.txt
[I 2026-03-18 18:25:31,145] Trial 41 finished with value: -3.1236506708279257 and parameters: {'n_layers_yyx': 2, 'hidden_size_yyx_l0': 4, 'hidden_size_yyx_l1': 6, 'context_size_yyx': 4, 'num_mix_components_yyx': 1, 'context_extractor_yyx': 'lstm', 'activation_func_yyx': 'ReLU', 'L2_weight_yyx': 1.1452155843391807e-10, 'L_entropy_weight_yyx': 8.631621509631563e-05, 'L_sep_weight_yyx': 1.611577537370693e-08, 'L_scale_weight_yyx': 4.155717875159207e-06, 'learning_rate_yyx': 0.00848570580986071}. Best is trial 16 with value: -3.149974272486285.
[I 2026-03-18 18:25:34,186] Trial 49 finished with value: -1.2329696542454294 and parameters: {'n_layers_yyx': 1, 'hidden_size_yyx_l0': 6, 'context_size_yyx': 1, 'num_mix_components_yyx': 4, 'context_extractor_yyx': 'gru', 'activation_func_yyx': 'GELU', 'L2_weight_yyx': 4.6106539966866615e-09, 'L_entropy_weight_yyx': 6.408072103328329e-05, 'L_sep_weight_yyx': 1.7158535124235362e-10, 'L_scale_weight_yyx': 1.0858909866134841e-06, 'learning_rate_yyx': 0.005602045897958555}. Best is trial 23 with value: -1.2721869844165175.

Source events: 5634
Target events: 27060
Full model ln_yyx : 422.02141 nats/sec, 14.03619 nats/event
Full model Log loss : -1.25158
Full model ln_yyx : 422.97694 nats/sec, 14.06797 nats/event
Full model Log loss : -1.25055
Full model ln_yyx : 423.13603 nats/sec, 14.07326 nats/event
Full model Log loss : -1.26776
Full model ln_yyx : 422.67817 nats/sec, 14.05803 nats/event
Full model Log loss : -1.26441
Full model ln_yyx : 419.41616 nats/sec, 13.94954 nats/event
Full model Log loss : -1.26190
Full model ln_yyx : 421.72605 nats/sec, 14.02637 nats/event
Full model Log loss : -1.26985
Full model ln_yyx : 422.09576 nats/sec, 14.03866 nats/event
Full model Log loss : -1.27155
Full model ln_yyx : 418.88961 nats/sec, 13.93203 nats/event
Full model Log loss : -1.27219
Full model ln_yyx : 422.67187 nats/sec, 14.05782 nats/event
Full model Log loss : -1.26271
Full model ln_yyx : 422.03405 nats/sec, 14.03661 nats/event
Full model Log loss : -1.26451
Full model ln_yyx : 419.27534 nats/sec, 13.94486 nats/event
Full model Log loss : -1.26373
Full model ln_yyx : 418.14136 nats/sec, 13.90714 nats/event
Full model Log loss : -1.23297
Optimization finished. Config saved to results/opt-full/opt_full_92_best_config.txt
[I 2026-03-18 18:25:34,667] Trial 32 pruned. 
[I 2026-03-18 18:25:36,995] Trial 27 finished with value: -3.1501326972311916 and parameters: {'n_layers_yyx': 2, 'hidden_size_yyx_l0': 6, 'hidden_size_yyx_l1': 4, 'context_size_yyx': 4, 'num_mix_components_yyx': 4, 'context_extractor_yyx': 'lstm', 'activation_func_yyx': 'GELU', 'L2_weight_yyx': 0.0004765973136704104, 'L_entropy_weight_yyx': 9.166301012633164e-07, 'L_sep_weight_yyx': 2.00845791230785e-05, 'L_scale_weight_yyx': 2.0436982282980185e-09, 'learning_rate_yyx': 0.0052630510132674925}. Best is trial 25 with value: -3.152748146031954.
[I 2026-03-18 18:25:39,581] Trial 38 finished with value: -3.150483715419478 and parameters: {'n_layers_yyx': 2, 'hidden_size_yyx_l0': 6, 'hidden_size_yyx_l1': 5, 'context_size_yyx': 4, 'num_mix_components_yyx': 3, 'context_extractor_yyx': 'lstm', 'activation_func_yyx': 'GELU', 'L2_weight_yyx': 1.7300930812331068e-08, 'L_entropy_weight_yyx': 2.2246840274393523e-07, 'L_sep_weight_yyx': 1.1022039479873537e-06, 'L_scale_weight_yyx': 2.439962991815183e-07, 'learning_rate_yyx': 0.005851906692815366}. Best is trial 38 with value: -3.150483715419478.
[I 2026-03-18 18:25:39,651] Trial 47 pruned. 
[I 2026-03-18 18:25:41,540] Trial 48 pruned. 
[I 2026-03-18 18:25:46,801] Trial 48 pruned. 
[I 2026-03-18 18:25:47,298] Trial 29 pruned. 
[I 2026-03-18 18:25:48,270] Trial 35 pruned. 
[I 2026-03-18 18:25:57,740] Trial 49 pruned. 

Source events: 54211
Target events: 11540
Full model ln_yyx : 3114.20561 nats/sec, 242.87565 nats/event
Full model Log loss : -3.15060
Full model ln_yyx : 3140.30405 nats/sec, 244.91106 nats/event
Full model Log loss : -3.15806
Full model ln_yyx : 3099.45358 nats/sec, 241.72515 nats/event
Full model Log loss : -3.12380
Full model ln_yyx : 3078.84758 nats/sec, 240.11810 nats/event
Full model Log loss : -3.11252
Full model ln_yyx : 3133.39977 nats/sec, 244.37260 nats/event
Full model Log loss : -3.15619
Full model ln_yyx : 3113.89974 nats/sec, 242.85180 nats/event
Full model Log loss : -3.14146
Full model ln_yyx : 3130.00260 nats/sec, 244.10765 nats/event
Full model Log loss : -3.16095
Full model ln_yyx : 3091.82539 nats/sec, 241.13023 nats/event
Full model Log loss : -3.11675
Full model ln_yyx : 3082.61922 nats/sec, 240.41224 nats/event
Full model Log loss : -3.11446
Full model ln_yyx : 3103.82740 nats/sec, 242.06626 nats/event
Full model Log loss : -3.12803
Full model ln_yyx : 3095.07582 nats/sec, 241.38373 nats/event
Full model Log loss : -3.11950
Full model ln_yyx : 3090.37167 nats/sec, 241.01685 nats/event
Full model Log loss : -3.11932
Optimization finished. Config saved to results/opt-full/opt_full_83_best_config.txt
[I 2026-03-18 18:25:57,932] Trial 22 finished with value: -3.1512155485067574 and parameters: {'n_layers_yyx': 2, 'hidden_size_yyx_l0': 6, 'hidden_size_yyx_l1': 5, 'context_size_yyx': 4, 'num_mix_components_yyx': 3, 'context_extractor_yyx': 'lstm', 'activation_func_yyx': 'GELU', 'L2_weight_yyx': 1.587720666617436e-09, 'L_entropy_weight_yyx': 2.0659818408722715e-05, 'L_sep_weight_yyx': 1.5068948521821795e-08, 'L_scale_weight_yyx': 4.3656671565874644e-05, 'learning_rate_yyx': 0.0038086350312579505}. Best is trial 5 with value: -3.154335707688014.
[I 2026-03-18 18:25:58,117] Trial 32 finished with value: -3.121178207965906 and parameters: {'n_layers_yyx': 2, 'hidden_size_yyx_l0': 6, 'hidden_size_yyx_l1': 4, 'context_size_yyx': 4, 'num_mix_components_yyx': 3, 'context_extractor_yyx': 'gru', 'activation_func_yyx': 'ReLU', 'L2_weight_yyx': 1.0387784709106009e-05, 'L_entropy_weight_yyx': 2.559818913016617e-10, 'L_sep_weight_yyx': 4.573159239709776e-10, 'L_scale_weight_yyx': 2.904505280235567e-07, 'learning_rate_yyx': 0.009797779953326884}. Best is trial 23 with value: -3.1545382986021053.
[I 2026-03-18 18:25:58,152] Trial 22 finished with value: -3.15017039446166 and parameters: {'n_layers_yyx': 1, 'hidden_size_yyx_l0': 6, 'context_size_yyx': 2, 'num_mix_components_yyx': 3, 'context_extractor_yyx': 'gru', 'activation_func_yyx': 'Tanh', 'L2_weight_yyx': 1.8376077704945646e-05, 'L_entropy_weight_yyx': 0.0002236321802838134, 'L_sep_weight_yyx': 0.00042437819420677674, 'L_scale_weight_yyx': 2.1565787175134863e-07, 'learning_rate_yyx': 0.009774902254493258}. Best is trial 10 with value: -3.1515199681211117.
[I 2026-03-18 18:25:59,812] Trial 42 finished with value: -1.2559153685508064 and parameters: {'n_layers_yyx': 1, 'hidden_size_yyx_l0': 6, 'context_size_yyx': 3, 'num_mix_components_yyx': 5, 'context_extractor_yyx': 'lstm', 'activation_func_yyx': 'Tanh', 'L2_weight_yyx': 2.0281061908626975e-05, 'L_entropy_weight_yyx': 5.295567346873039e-06, 'L_sep_weight_yyx': 2.935644642959615e-08, 'L_scale_weight_yyx': 6.640023454138668e-08, 'learning_rate_yyx': 0.005080960042900301}. Best is trial 0 with value: -1.2691870881537193.
[I 2026-03-18 18:26:03,130] Trial 28 pruned. 
[I 2026-03-18 18:26:08,791] Trial 30 finished with value: -3.153565164989614 and parameters: {'n_layers_yyx': 1, 'hidden_size_yyx_l0': 4, 'context_size_yyx': 4, 'num_mix_components_yyx': 4, 'context_extractor_yyx': 'lstm', 'activation_func_yyx': 'ReLU', 'L2_weight_yyx': 2.607555909942899e-08, 'L_entropy_weight_yyx': 6.485816158801863e-09, 'L_sep_weight_yyx': 4.3255913575471365e-07, 'L_scale_weight_yyx': 8.579577953488585e-10, 'learning_rate_yyx': 0.0043614131177178}. Best is trial 27 with value: -3.161937115338458.
[I 2026-03-18 18:26:09,835] Trial 48 finished with value: -3.118371760446134 and parameters: {'n_layers_yyx': 1, 'hidden_size_yyx_l0': 5, 'context_size_yyx': 3, 'num_mix_components_yyx': 5, 'context_extractor_yyx': 'lstm', 'activation_func_yyx': 'ReLU', 'L2_weight_yyx': 1.8243664224889355e-08, 'L_entropy_weight_yyx': 1.0202721378411067e-10, 'L_sep_weight_yyx': 5.782957373628758e-07, 'L_scale_weight_yyx': 1.0560825337382726e-10, 'learning_rate_yyx': 0.006737350291638703}. Best is trial 1 with value: -3.1505299612690063.
[I 2026-03-18 18:26:11,218] Trial 28 pruned. 
[I 2026-03-18 18:26:12,444] Trial 23 pruned. 
[I 2026-03-18 18:26:15,397] Trial 49 pruned. 

Source events: 3828
Target events: 11540
Full model ln_yyx : 80.48614 nats/sec, 6.27708 nats/event
Full model Log loss : -0.52692
Full model ln_yyx : 83.35541 nats/sec, 6.50086 nats/event
Full model Log loss : -0.56703
Full model ln_yyx : 80.77062 nats/sec, 6.29927 nats/event
Full model Log loss : -0.55454
Full model ln_yyx : 82.75453 nats/sec, 6.45399 nats/event
Full model Log loss : -0.58045
Full model ln_yyx : 82.30123 nats/sec, 6.41864 nats/event
Full model Log loss : -0.56550
Full model ln_yyx : 84.29876 nats/sec, 6.57443 nats/event
Full model Log loss : -0.57631
Full model ln_yyx : 84.17640 nats/sec, 6.56488 nats/event
Full model Log loss : -0.57972
Full model ln_yyx : 83.85236 nats/sec, 6.53961 nats/event
Full model Log loss : -0.56356
Full model ln_yyx : 83.76756 nats/sec, 6.53300 nats/event
Full model Log loss : -0.57707
Full model ln_yyx : 84.89647 nats/sec, 6.62104 nats/event
Full model Log loss : -0.58936
Full model ln_yyx : 82.01762 nats/sec, 6.39652 nats/event
Full model Log loss : -0.56043
Full model ln_yyx : 85.18413 nats/sec, 6.64348 nats/event
Full model Log loss : -0.58799
Full model ln_yyx : 84.93360 nats/sec, 6.62394 nats/event
Full model Log loss : -0.58654
Full model ln_yyx : 83.81055 nats/sec, 6.53635 nats/event
Full model Log loss : -0.57468
Full model ln_yyx : 84.11973 nats/sec, 6.56046 nats/event
Full model Log loss : -0.57141
Full model ln_yyx : 82.63643 nats/sec, 6.44478 nats/event
Full model Log loss : -0.58243
Optimization finished. Config saved to results/opt-full/opt_full_66_best_config.txt
[I 2026-03-18 18:26:16,785] Trial 39 finished with value: -1.2428611854087843 and parameters: {'n_layers_yyx': 1, 'hidden_size_yyx_l0': 6, 'context_size_yyx': 3, 'num_mix_components_yyx': 1, 'context_extractor_yyx': 'lstm', 'activation_func_yyx': 'ReLU', 'L2_weight_yyx': 1.8282998032824396e-05, 'L_entropy_weight_yyx': 3.6034512650832476e-09, 'L_sep_weight_yyx': 2.5730818331887396e-07, 'L_scale_weight_yyx': 4.979348818603825e-06, 'learning_rate_yyx': 0.008504963801367591}. Best is trial 7 with value: -1.272066817927052.
[I 2026-03-18 18:26:18,332] Trial 29 pruned. 
[I 2026-03-18 18:26:19,261] Trial 35 finished with value: -1.2690898451038297 and parameters: {'n_layers_yyx': 1, 'hidden_size_yyx_l0': 5, 'context_size_yyx': 4, 'num_mix_components_yyx': 5, 'context_extractor_yyx': 'lstm', 'activation_func_yyx': 'Tanh', 'L2_weight_yyx': 7.597050434121423e-08, 'L_entropy_weight_yyx': 3.142283351986749e-08, 'L_sep_weight_yyx': 7.32692744980789e-05, 'L_scale_weight_yyx': 1.4911213884399622e-07, 'learning_rate_yyx': 0.006868071788468149}. Best is trial 35 with value: -1.2690898451038297.
[I 2026-03-18 18:26:21,164] Trial 35 finished with value: -1.2641041697503899 and parameters: {'n_layers_yyx': 1, 'hidden_size_yyx_l0': 6, 'context_size_yyx': 3, 'num_mix_components_yyx': 2, 'context_extractor_yyx': 'lstm', 'activation_func_yyx': 'Tanh', 'L2_weight_yyx': 1.3190274521601693e-06, 'L_entropy_weight_yyx': 1.719609299756567e-07, 'L_sep_weight_yyx': 3.264994498499205e-08, 'L_scale_weight_yyx': 7.185457726388067e-09, 'learning_rate_yyx': 0.009964289116036995}. Best is trial 24 with value: -1.2727326976613946.
[I 2026-03-18 18:26:24,976] Trial 29 finished with value: -3.149666472441386 and parameters: {'n_layers_yyx': 1, 'hidden_size_yyx_l0': 2, 'context_size_yyx': 4, 'num_mix_components_yyx': 3, 'context_extractor_yyx': 'gru', 'activation_func_yyx': 'GELU', 'L2_weight_yyx': 1.0523584672746465e-06, 'L_entropy_weight_yyx': 2.7861186913078236e-05, 'L_sep_weight_yyx': 7.579327862963066e-05, 'L_scale_weight_yyx': 4.305580071864373e-06, 'learning_rate_yyx': 0.008199508079398319}. Best is trial 1 with value: -3.152505646630136.
[I 2026-03-18 18:26:27,798] Trial 29 pruned. 
[I 2026-03-18 18:26:31,059] Trial 40 pruned. 
[I 2026-03-18 18:26:36,700] Trial 43 finished with value: -1.269664672055946 and parameters: {'n_layers_yyx': 2, 'hidden_size_yyx_l0': 4, 'hidden_size_yyx_l1': 6, 'context_size_yyx': 4, 'num_mix_components_yyx': 5, 'context_extractor_yyx': 'lstm', 'activation_func_yyx': 'Tanh', 'L2_weight_yyx': 4.9750339615495716e-06, 'L_entropy_weight_yyx': 1.629757765183734e-05, 'L_sep_weight_yyx': 2.508643776617729e-08, 'L_scale_weight_yyx': 5.656962421810444e-07, 'learning_rate_yyx': 0.003007507284657992}. Best is trial 2 with value: -1.2804754530695341.
[I 2026-03-18 18:26:40,406] Trial 30 pruned. 
[I 2026-03-18 18:26:47,335] Trial 49 pruned. 

Source events: 54211
Target events: 12731
Full model ln_yyx : 3451.67130 nats/sec, 244.01101 nats/event
Full model Log loss : -3.13917
Full model ln_yyx : 3463.17320 nats/sec, 244.82412 nats/event
Full model Log loss : -3.15053
Full model ln_yyx : 3432.22703 nats/sec, 242.63643 nats/event
Full model Log loss : -3.13559
Full model ln_yyx : 3423.37002 nats/sec, 242.01029 nats/event
Full model Log loss : -3.13257
Full model ln_yyx : 3442.18716 nats/sec, 243.34054 nats/event
Full model Log loss : -3.13956
Full model ln_yyx : 3434.31265 nats/sec, 242.78387 nats/event
Full model Log loss : -3.13526
Full model ln_yyx : 3406.15235 nats/sec, 240.79311 nats/event
Full model Log loss : -3.10844
Full model ln_yyx : 3452.60137 nats/sec, 244.07676 nats/event
Full model Log loss : -3.14264
Full model ln_yyx : 3420.95310 nats/sec, 241.83943 nats/event
Full model Log loss : -3.11366
Full model ln_yyx : 3421.69221 nats/sec, 241.89168 nats/event
Full model Log loss : -3.11837
Optimization finished. Config saved to results/opt-full/opt_full_69_best_config.txt
[I 2026-03-18 18:26:48,521] Trial 44 pruned. 
[I 2026-03-18 18:26:53,232] Trial 30 pruned. 
[I 2026-03-18 18:26:54,675] Trial 31 pruned. 
[I 2026-03-18 18:26:57,338] Trial 41 finished with value: -3.153552668454499 and parameters: {'n_layers_yyx': 2, 'hidden_size_yyx_l0': 4, 'hidden_size_yyx_l1': 4, 'context_size_yyx': 4, 'num_mix_components_yyx': 5, 'context_extractor_yyx': 'lstm', 'activation_func_yyx': 'Tanh', 'L2_weight_yyx': 1.0949400369187618e-07, 'L_entropy_weight_yyx': 8.859857611639407e-06, 'L_sep_weight_yyx': 4.2067856322887066e-10, 'L_scale_weight_yyx': 2.4860532697605257e-07, 'learning_rate_yyx': 0.006167957947076708}. Best is trial 41 with value: -3.153552668454499.
[I 2026-03-18 18:27:00,599] Trial 32 pruned. 
[I 2026-03-18 18:27:00,963] Trial 43 finished with value: -1.263064710578284 and parameters: {'n_layers_yyx': 1, 'hidden_size_yyx_l0': 6, 'context_size_yyx': 3, 'num_mix_components_yyx': 4, 'context_extractor_yyx': 'lstm', 'activation_func_yyx': 'Tanh', 'L2_weight_yyx': 1.927883270262692e-07, 'L_entropy_weight_yyx': 7.028777001248927e-07, 'L_sep_weight_yyx': 9.068729621320866e-08, 'L_scale_weight_yyx': 4.74219468443605e-09, 'learning_rate_yyx': 0.008191658156516833}. Best is trial 0 with value: -1.2691870881537193.
[I 2026-03-18 18:27:01,704] Trial 30 pruned. 
[I 2026-03-18 18:27:03,338] Trial 42 finished with value: -3.1234554850644467 and parameters: {'n_layers_yyx': 2, 'hidden_size_yyx_l0': 4, 'hidden_size_yyx_l1': 4, 'context_size_yyx': 4, 'num_mix_components_yyx': 1, 'context_extractor_yyx': 'lstm', 'activation_func_yyx': 'ReLU', 'L2_weight_yyx': 1.0536976182114334e-10, 'L_entropy_weight_yyx': 1.2399743405029778e-05, 'L_sep_weight_yyx': 1.9522044332062255e-08, 'L_scale_weight_yyx': 3.5206839766080302e-06, 'learning_rate_yyx': 0.008675403211564691}. Best is trial 16 with value: -3.149974272486285.
[I 2026-03-18 18:27:07,633] Trial 44 pruned. 
[I 2026-03-18 18:27:09,059] Trial 39 pruned. 
[I 2026-03-18 18:27:09,153] Trial 33 pruned. 
[I 2026-03-18 18:27:10,592] Trial 39 finished with value: -3.1606482412414523 and parameters: {'n_layers_yyx': 2, 'hidden_size_yyx_l0': 5, 'hidden_size_yyx_l1': 5, 'context_size_yyx': 3, 'num_mix_components_yyx': 5, 'context_extractor_yyx': 'gru', 'activation_func_yyx': 'Tanh', 'L2_weight_yyx': 1.2432015645947574e-08, 'L_entropy_weight_yyx': 1.6320770372289448e-09, 'L_sep_weight_yyx': 7.836000274985068e-08, 'L_scale_weight_yyx': 6.466920997246083e-06, 'learning_rate_yyx': 0.005245146419193561}. Best is trial 10 with value: -3.1611070918248854.
[I 2026-03-18 18:27:13,722] Trial 45 pruned. 
[I 2026-03-18 18:27:14,969] Trial 36 finished with value: -1.2650958077083454 and parameters: {'n_layers_yyx': 2, 'hidden_size_yyx_l0': 6, 'hidden_size_yyx_l1': 5, 'context_size_yyx': 4, 'num_mix_components_yyx': 5, 'context_extractor_yyx': 'lstm', 'activation_func_yyx': 'Tanh', 'L2_weight_yyx': 8.289557265310867e-07, 'L_entropy_weight_yyx': 2.2428190617061694e-08, 'L_sep_weight_yyx': 9.510615368085711e-05, 'L_scale_weight_yyx': 2.0547618448512146e-06, 'learning_rate_yyx': 0.0050748577193843}. Best is trial 35 with value: -1.2690898451038297.
[I 2026-03-18 18:27:19,408] Trial 36 pruned. 
[I 2026-03-18 18:27:25,856] Trial 36 finished with value: -1.2688210605473262 and parameters: {'n_layers_yyx': 1, 'hidden_size_yyx_l0': 4, 'context_size_yyx': 4, 'num_mix_components_yyx': 3, 'context_extractor_yyx': 'gru', 'activation_func_yyx': 'Tanh', 'L2_weight_yyx': 0.00017401434223417828, 'L_entropy_weight_yyx': 5.1959826106386545e-06, 'L_sep_weight_yyx': 1.3715867848125264e-07, 'L_scale_weight_yyx': 1.2907138926419788e-09, 'learning_rate_yyx': 0.00833100526120365}. Best is trial 24 with value: -1.2727326976613946.
[I 2026-03-18 18:27:26,084] Trial 31 pruned. 
[I 2026-03-18 18:27:26,947] Trial 30 pruned. 
[I 2026-03-18 18:27:27,102] Trial 46 pruned. 
[I 2026-03-18 18:27:30,274] Trial 41 finished with value: -1.2650295969739198 and parameters: {'n_layers_yyx': 2, 'hidden_size_yyx_l0': 3, 'hidden_size_yyx_l1': 6, 'context_size_yyx': 4, 'num_mix_components_yyx': 3, 'context_extractor_yyx': 'lstm', 'activation_func_yyx': 'Tanh', 'L2_weight_yyx': 8.302766264947375e-05, 'L_entropy_weight_yyx': 2.9406716828412776e-08, 'L_sep_weight_yyx': 5.389668874634457e-09, 'L_scale_weight_yyx': 1.5991174543107715e-07, 'learning_rate_yyx': 0.00653429623859114}. Best is trial 7 with value: -1.272066817927052.
[I 2026-03-18 18:27:31,292] Trial 33 pruned. 
[I 2026-03-18 18:27:32,488] Trial 42 pruned. 
[I 2026-03-18 18:27:34,137] Trial 37 pruned. 
[I 2026-03-18 18:27:36,292] Trial 43 pruned. 
[I 2026-03-18 18:27:39,708] Trial 31 finished with value: -3.1526981775525083 and parameters: {'n_layers_yyx': 1, 'hidden_size_yyx_l0': 5, 'context_size_yyx': 4, 'num_mix_components_yyx': 4, 'context_extractor_yyx': 'lstm', 'activation_func_yyx': 'ReLU', 'L2_weight_yyx': 2.6854489991843894e-08, 'L_entropy_weight_yyx': 2.0961374616903907e-09, 'L_sep_weight_yyx': 3.0607398800678235e-07, 'L_scale_weight_yyx': 4.2404684932108627e-10, 'learning_rate_yyx': 0.004533388467614527}. Best is trial 27 with value: -3.161937115338458.
[I 2026-03-18 18:27:41,180] Trial 47 pruned. 
[I 2026-03-18 18:27:45,136] Trial 24 finished with value: -3.123557122214937 and parameters: {'n_layers_yyx': 2, 'hidden_size_yyx_l0': 6, 'hidden_size_yyx_l1': 4, 'context_size_yyx': 4, 'num_mix_components_yyx': 4, 'context_extractor_yyx': 'lstm', 'activation_func_yyx': 'GELU', 'L2_weight_yyx': 4.979865751857353e-10, 'L_entropy_weight_yyx': 2.4771880170949288e-05, 'L_sep_weight_yyx': 1.2351397811005756e-09, 'L_scale_weight_yyx': 0.0004889831783366533, 'learning_rate_yyx': 0.004396072431509379}. Best is trial 5 with value: -3.154335707688014.
[I 2026-03-18 18:27:46,632] Trial 34 pruned. 
[I 2026-03-18 18:27:54,274] Trial 48 pruned. 
[I 2026-03-18 18:28:02,906] Trial 31 pruned. 
[I 2026-03-18 18:28:08,646] Trial 49 pruned. 

Source events: 5634
Target events: 20800
Full model ln_yyx : 324.52495 nats/sec, 14.04194 nats/event
Full model Log loss : -1.26919
Full model ln_yyx : 322.95165 nats/sec, 13.97387 nats/event
Full model Log loss : -1.25947
Full model ln_yyx : 326.09603 nats/sec, 14.10992 nats/event
Full model Log loss : -1.26277
Full model ln_yyx : 324.67449 nats/sec, 14.04842 nats/event
Full model Log loss : -1.25768
Full model ln_yyx : 316.46917 nats/sec, 13.69338 nats/event
Full model Log loss : -1.21598
Full model ln_yyx : 323.87827 nats/sec, 14.01396 nats/event
Full model Log loss : -1.26175
Full model ln_yyx : 321.60824 nats/sec, 13.91574 nats/event
Full model Log loss : -1.23841
Full model ln_yyx : 324.18670 nats/sec, 14.02731 nats/event
Full model Log loss : -1.24341
Full model ln_yyx : 324.62209 nats/sec, 14.04615 nats/event
Full model Log loss : -1.25831
Full model ln_yyx : 325.44114 nats/sec, 14.08159 nats/event
Full model Log loss : -1.26094
Full model ln_yyx : 317.15795 nats/sec, 13.72318 nats/event
Full model Log loss : -1.25581
Full model ln_yyx : 321.32227 nats/sec, 13.90337 nats/event
Full model Log loss : -1.24120
Full model ln_yyx : 319.33097 nats/sec, 13.81721 nats/event
Full model Log loss : -1.26719
Full model ln_yyx : 325.71493 nats/sec, 14.09343 nats/event
Full model Log loss : -1.26078
Full model ln_yyx : 320.22372 nats/sec, 13.85583 nats/event
Full model Log loss : -1.25592
Full model ln_yyx : 324.05171 nats/sec, 14.02147 nats/event
Full model Log loss : -1.26306
Optimization finished. Config saved to results/opt-full/opt_full_85_best_config.txt
[I 2026-03-18 18:28:08,889] Trial 37 finished with value: -1.2598815748740035 and parameters: {'n_layers_yyx': 1, 'hidden_size_yyx_l0': 5, 'context_size_yyx': 4, 'num_mix_components_yyx': 5, 'context_extractor_yyx': 'gru', 'activation_func_yyx': 'Tanh', 'L2_weight_yyx': 5.065331654482532e-06, 'L_entropy_weight_yyx': 2.1901859514641745e-07, 'L_sep_weight_yyx': 5.6975090073958406e-05, 'L_scale_weight_yyx': 1.761473047079047e-05, 'learning_rate_yyx': 0.008023942955299089}. Best is trial 35 with value: -1.2690898451038297.
[I 2026-03-18 18:28:12,095] Trial 45 pruned. 
[I 2026-03-18 18:28:16,008] Trial 40 finished with value: -3.1211156001021716 and parameters: {'n_layers_yyx': 2, 'hidden_size_yyx_l0': 4, 'hidden_size_yyx_l1': 6, 'context_size_yyx': 4, 'num_mix_components_yyx': 4, 'context_extractor_yyx': 'lstm', 'activation_func_yyx': 'GELU', 'L2_weight_yyx': 7.413101969946595e-10, 'L_entropy_weight_yyx': 1.3662266374865622e-05, 'L_sep_weight_yyx': 1.8077643932001363e-08, 'L_scale_weight_yyx': 2.9091438848225385e-10, 'learning_rate_yyx': 0.007725132352644339}. Best is trial 38 with value: -3.150483715419478.
[I 2026-03-18 18:28:17,726] Trial 46 pruned. 
[I 2026-03-18 18:28:21,603] Trial 35 pruned. 
[I 2026-03-18 18:28:25,023] Trial 42 finished with value: -1.2674632046006744 and parameters: {'n_layers_yyx': 2, 'hidden_size_yyx_l0': 3, 'hidden_size_yyx_l1': 6, 'context_size_yyx': 4, 'num_mix_components_yyx': 3, 'context_extractor_yyx': 'lstm', 'activation_func_yyx': 'Tanh', 'L2_weight_yyx': 0.0004487011806714568, 'L_entropy_weight_yyx': 2.174268623127435e-08, 'L_sep_weight_yyx': 5.771226844545607e-09, 'L_scale_weight_yyx': 1.2309386384403454e-07, 'learning_rate_yyx': 0.0068869154886056685}. Best is trial 7 with value: -1.272066817927052.
[I 2026-03-18 18:28:26,557] Trial 33 pruned. 
[I 2026-03-18 18:28:27,188] Trial 47 pruned. 
[I 2026-03-18 18:28:29,574] Trial 34 finished with value: -3.177938465341038 and parameters: {'n_layers_yyx': 2, 'hidden_size_yyx_l0': 6, 'hidden_size_yyx_l1': 4, 'context_size_yyx': 2, 'num_mix_components_yyx': 4, 'context_extractor_yyx': 'lstm', 'activation_func_yyx': 'ReLU', 'L2_weight_yyx': 5.7238424158128005e-06, 'L_entropy_weight_yyx': 1.0256505045924985e-10, 'L_sep_weight_yyx': 2.1093405876780052e-06, 'L_scale_weight_yyx': 4.104477043069502e-06, 'learning_rate_yyx': 0.005001842314962581}. Best is trial 12 with value: -3.1893335216865584.
[I 2026-03-18 18:28:37,825] Trial 38 pruned. 
[I 2026-03-18 18:28:38,336] Trial 48 pruned. 
[I 2026-03-18 18:28:44,129] Trial 35 pruned. 
[I 2026-03-18 18:28:44,154] Trial 39 pruned. 
[I 2026-03-18 18:28:44,510] Trial 49 pruned. 

Source events: 5634
Target events: 3403
Full model ln_yyx : 53.33848 nats/sec, 14.10656 nats/event
Full model Log loss : -1.27473
Full model ln_yyx : 53.37241 nats/sec, 14.11554 nats/event
Full model Log loss : -1.23708
Full model ln_yyx : 53.13816 nats/sec, 14.05358 nats/event
Full model Log loss : -1.28048
Full model ln_yyx : 53.43137 nats/sec, 14.13113 nats/event
Full model Log loss : -1.27104
Full model ln_yyx : 53.38071 nats/sec, 14.11773 nats/event
Full model Log loss : -1.23965
Full model ln_yyx : 53.53849 nats/sec, 14.15946 nats/event
Full model Log loss : -1.26403
Full model ln_yyx : 53.02771 nats/sec, 14.02437 nats/event
Full model Log loss : -1.27359
Full model ln_yyx : 53.37245 nats/sec, 14.11555 nats/event
Full model Log loss : -1.24521
Full model ln_yyx : 53.29464 nats/sec, 14.09497 nats/event
Full model Log loss : -1.27495
Full model ln_yyx : 53.08869 nats/sec, 14.04050 nats/event
Full model Log loss : -1.27613
Full model ln_yyx : 54.14999 nats/sec, 14.32118 nats/event
Full model Log loss : -1.27297
Full model ln_yyx : 52.34518 nats/sec, 13.84386 nats/event
Full model Log loss : -1.23600
Full model ln_yyx : 53.57432 nats/sec, 14.16894 nats/event
Full model Log loss : -1.26966
Optimization finished. Config saved to results/opt-full/opt_full_88_best_config.txt
[I 2026-03-18 18:28:45,043] Trial 23 finished with value: -3.1483040614653537 and parameters: {'n_layers_yyx': 2, 'hidden_size_yyx_l0': 6, 'hidden_size_yyx_l1': 5, 'context_size_yyx': 2, 'num_mix_components_yyx': 4, 'context_extractor_yyx': 'gru', 'activation_func_yyx': 'Tanh', 'L2_weight_yyx': 1.1320365310465228e-06, 'L_entropy_weight_yyx': 7.25291749514278e-05, 'L_sep_weight_yyx': 4.353736792992395e-10, 'L_scale_weight_yyx': 0.00015357807190517872, 'learning_rate_yyx': 0.00810065409344946}. Best is trial 10 with value: -3.1515199681211117.
[I 2026-03-18 18:28:47,482] Trial 37 pruned. 
[I 2026-03-18 18:28:54,928] Trial 36 pruned. 
[I 2026-03-18 18:28:56,625] Trial 40 pruned. 
[I 2026-03-18 18:28:57,730] Trial 25 finished with value: -3.122093316772103 and parameters: {'n_layers_yyx': 2, 'hidden_size_yyx_l0': 5, 'hidden_size_yyx_l1': 5, 'context_size_yyx': 4, 'num_mix_components_yyx': 3, 'context_extractor_yyx': 'lstm', 'activation_func_yyx': 'GELU', 'L2_weight_yyx': 9.805916581811389e-08, 'L_entropy_weight_yyx': 7.012260226330375e-05, 'L_sep_weight_yyx': 1.0140138059687608e-07, 'L_scale_weight_yyx': 0.0001222241580083817, 'learning_rate_yyx': 0.00732522874751257}. Best is trial 5 with value: -3.154335707688014.
[I 2026-03-18 18:28:58,240] Trial 36 pruned. 
[I 2026-03-18 18:28:59,623] Trial 24 pruned. 
[I 2026-03-18 18:29:01,635] Trial 41 pruned. 
[I 2026-03-18 18:29:03,532] Trial 38 pruned. 
[I 2026-03-18 18:29:05,495] Trial 32 finished with value: -3.149617939155522 and parameters: {'n_layers_yyx': 1, 'hidden_size_yyx_l0': 2, 'context_size_yyx': 4, 'num_mix_components_yyx': 3, 'context_extractor_yyx': 'gru', 'activation_func_yyx': 'GELU', 'L2_weight_yyx': 6.570460347070112e-07, 'L_entropy_weight_yyx': 0.00027959410515639957, 'L_sep_weight_yyx': 1.4827586282007568e-05, 'L_scale_weight_yyx': 5.885737938454234e-06, 'learning_rate_yyx': 0.00829954114702393}. Best is trial 1 with value: -3.152505646630136.
[I 2026-03-18 18:29:06,890] Trial 32 finished with value: -3.152691255681953 and parameters: {'n_layers_yyx': 1, 'hidden_size_yyx_l0': 5, 'context_size_yyx': 4, 'num_mix_components_yyx': 4, 'context_extractor_yyx': 'lstm', 'activation_func_yyx': 'ReLU', 'L2_weight_yyx': 2.892123529895046e-08, 'L_entropy_weight_yyx': 4.034204445930879e-09, 'L_sep_weight_yyx': 5.768410370668037e-07, 'L_scale_weight_yyx': 4.3902459755301086e-10, 'learning_rate_yyx': 0.004524719977489017}. Best is trial 27 with value: -3.161937115338458.
[I 2026-03-18 18:29:07,838] Trial 42 pruned. 
[I 2026-03-18 18:29:11,395] Trial 37 pruned. 
[I 2026-03-18 18:29:11,423] Trial 26 pruned. 
[I 2026-03-18 18:29:12,710] Trial 43 finished with value: -1.2620537241373397 and parameters: {'n_layers_yyx': 2, 'hidden_size_yyx_l0': 3, 'hidden_size_yyx_l1': 6, 'context_size_yyx': 4, 'num_mix_components_yyx': 4, 'context_extractor_yyx': 'lstm', 'activation_func_yyx': 'Tanh', 'L2_weight_yyx': 0.0005094729463090838, 'L_entropy_weight_yyx': 2.347207443285509e-10, 'L_sep_weight_yyx': 2.9028811131011804e-08, 'L_scale_weight_yyx': 1.5884428661077364e-07, 'learning_rate_yyx': 0.0048491011777576}. Best is trial 7 with value: -1.272066817927052.
[I 2026-03-18 18:29:13,650] Trial 43 pruned. 
[I 2026-03-18 18:29:13,688] Trial 25 pruned. 
[I 2026-03-18 18:29:14,432] Trial 38 pruned. 
[I 2026-03-18 18:29:15,592] Trial 32 finished with value: -3.164821850015868 and parameters: {'n_layers_yyx': 1, 'hidden_size_yyx_l0': 4, 'context_size_yyx': 3, 'num_mix_components_yyx': 3, 'context_extractor_yyx': 'lstm', 'activation_func_yyx': 'GELU', 'L2_weight_yyx': 4.93959387607835e-09, 'L_entropy_weight_yyx': 9.449773162474229e-08, 'L_sep_weight_yyx': 2.776773461139437e-05, 'L_scale_weight_yyx': 0.00021931626081980296, 'learning_rate_yyx': 0.007016319464827085}. Best is trial 1 with value: -3.166268711244678.
[I 2026-03-18 18:29:17,494] Trial 44 pruned. 
[I 2026-03-18 18:29:18,596] Trial 33 pruned. 
[I 2026-03-18 18:29:19,521] Trial 41 finished with value: -3.121166602870972 and parameters: {'n_layers_yyx': 2, 'hidden_size_yyx_l0': 4, 'hidden_size_yyx_l1': 6, 'context_size_yyx': 4, 'num_mix_components_yyx': 4, 'context_extractor_yyx': 'lstm', 'activation_func_yyx': 'GELU', 'L2_weight_yyx': 1.5203329305815236e-09, 'L_entropy_weight_yyx': 1.0921547065626179e-05, 'L_sep_weight_yyx': 1.7273976291297018e-08, 'L_scale_weight_yyx': 2.877952281039386e-10, 'learning_rate_yyx': 0.007986877604770128}. Best is trial 38 with value: -3.150483715419478.
[I 2026-03-18 18:29:21,553] Trial 39 pruned. 
[I 2026-03-18 18:29:26,075] Trial 44 finished with value: -3.1487585351285983 and parameters: {'n_layers_yyx': 1, 'hidden_size_yyx_l0': 4, 'context_size_yyx': 4, 'num_mix_components_yyx': 1, 'context_extractor_yyx': 'lstm', 'activation_func_yyx': 'ReLU', 'L2_weight_yyx': 5.691061249075085e-10, 'L_entropy_weight_yyx': 9.015604299843092e-05, 'L_sep_weight_yyx': 3.911572639213647e-09, 'L_scale_weight_yyx': 2.6871977054698067e-06, 'learning_rate_yyx': 0.007846471764323498}. Best is trial 16 with value: -3.149974272486285.
[I 2026-03-18 18:29:30,155] Trial 40 pruned. 
[I 2026-03-18 18:29:31,406] Trial 31 finished with value: -3.152288935170318 and parameters: {'n_layers_yyx': 2, 'hidden_size_yyx_l0': 6, 'hidden_size_yyx_l1': 4, 'context_size_yyx': 4, 'num_mix_components_yyx': 5, 'context_extractor_yyx': 'lstm', 'activation_func_yyx': 'GELU', 'L2_weight_yyx': 6.05508841879813e-05, 'L_entropy_weight_yyx': 9.124347488528193e-10, 'L_sep_weight_yyx': 4.03780897646341e-06, 'L_scale_weight_yyx': 1.3897078944657188e-10, 'learning_rate_yyx': 0.004237226659536618}. Best is trial 25 with value: -3.152748146031954.
[I 2026-03-18 18:29:38,794] Trial 34 finished with value: -3.1178895797679154 and parameters: {'n_layers_yyx': 2, 'hidden_size_yyx_l0': 6, 'hidden_size_yyx_l1': 5, 'context_size_yyx': 3, 'num_mix_components_yyx': 4, 'context_extractor_yyx': 'lstm', 'activation_func_yyx': 'Tanh', 'L2_weight_yyx': 4.988309408948577e-10, 'L_entropy_weight_yyx': 1.6529854965197143e-07, 'L_sep_weight_yyx': 0.00018561964869286826, 'L_scale_weight_yyx': 1.5003844642607223e-06, 'learning_rate_yyx': 0.00478027766066552}. Best is trial 2 with value: -3.151229652723366.
[I 2026-03-18 18:29:40,094] Trial 45 pruned. 
[I 2026-03-18 18:29:41,930] Trial 45 pruned. 
[I 2026-03-18 18:29:42,130] Trial 38 pruned. 
[I 2026-03-18 18:29:42,683] Trial 43 finished with value: -3.150101785488062 and parameters: {'n_layers_yyx': 2, 'hidden_size_yyx_l0': 4, 'hidden_size_yyx_l1': 4, 'context_size_yyx': 4, 'num_mix_components_yyx': 5, 'context_extractor_yyx': 'lstm', 'activation_func_yyx': 'Tanh', 'L2_weight_yyx': 8.322464212257336e-07, 'L_entropy_weight_yyx': 4.5029950094244463e-07, 'L_sep_weight_yyx': 2.1386533222093938e-09, 'L_scale_weight_yyx': 2.238016509338195e-07, 'learning_rate_yyx': 0.009870476368147299}. Best is trial 41 with value: -3.153552668454499.
[I 2026-03-18 18:29:44,905] Trial 44 finished with value: -1.2639149790991255 and parameters: {'n_layers_yyx': 2, 'hidden_size_yyx_l0': 5, 'hidden_size_yyx_l1': 6, 'context_size_yyx': 4, 'num_mix_components_yyx': 3, 'context_extractor_yyx': 'lstm', 'activation_func_yyx': 'Tanh', 'L2_weight_yyx': 0.00012385932847350803, 'L_entropy_weight_yyx': 0.0001119211551568083, 'L_sep_weight_yyx': 1.234857622861639e-09, 'L_scale_weight_yyx': 2.194243590218439e-06, 'learning_rate_yyx': 0.009774428518978221}. Best is trial 7 with value: -1.272066817927052.
[I 2026-03-18 18:29:46,477] Trial 33 pruned. 
[I 2026-03-18 18:29:50,094] Trial 40 finished with value: -3.156214824643544 and parameters: {'n_layers_yyx': 1, 'hidden_size_yyx_l0': 5, 'context_size_yyx': 3, 'num_mix_components_yyx': 5, 'context_extractor_yyx': 'gru', 'activation_func_yyx': 'GELU', 'L2_weight_yyx': 1.550412206091032e-09, 'L_entropy_weight_yyx': 1.2923013355331717e-09, 'L_sep_weight_yyx': 4.2919482692018404e-08, 'L_scale_weight_yyx': 7.1253541812959695e-06, 'learning_rate_yyx': 0.0054488959668572865}. Best is trial 10 with value: -3.1611070918248854.
[I 2026-03-18 18:29:52,817] Trial 35 pruned. 
[I 2026-03-18 18:29:53,810] Trial 46 pruned. 
[I 2026-03-18 18:30:00,949] Trial 34 pruned. 
[I 2026-03-18 18:30:03,201] Trial 32 pruned. 
[I 2026-03-18 18:30:03,208] Trial 32 finished with value: -3.148924282322955 and parameters: {'n_layers_yyx': 1, 'hidden_size_yyx_l0': 3, 'context_size_yyx': 4, 'num_mix_components_yyx': 3, 'context_extractor_yyx': 'lstm', 'activation_func_yyx': 'GELU', 'L2_weight_yyx': 1.203951266852302e-08, 'L_entropy_weight_yyx': 3.072313075186553e-05, 'L_sep_weight_yyx': 1.5458782463419252e-07, 'L_scale_weight_yyx': 1.4935467654420168e-09, 'learning_rate_yyx': 0.004270501780593715}. Best is trial 24 with value: -3.1533369159995748.
[I 2026-03-18 18:30:11,243] Trial 39 finished with value: -3.1223412104232735 and parameters: {'n_layers_yyx': 2, 'hidden_size_yyx_l0': 6, 'hidden_size_yyx_l1': 6, 'context_size_yyx': 1, 'num_mix_components_yyx': 2, 'context_extractor_yyx': 'lstm', 'activation_func_yyx': 'GELU', 'L2_weight_yyx': 3.172444457295822e-05, 'L_entropy_weight_yyx': 1.4742759965914802e-05, 'L_sep_weight_yyx': 5.84723289816971e-10, 'L_scale_weight_yyx': 1.1410547248949433e-08, 'learning_rate_yyx': 0.0059201160665848405}. Best is trial 12 with value: -3.1682013088461884.
[I 2026-03-18 18:30:12,673] Trial 27 finished with value: -3.1159970808340125 and parameters: {'n_layers_yyx': 2, 'hidden_size_yyx_l0': 5, 'hidden_size_yyx_l1': 4, 'context_size_yyx': 4, 'num_mix_components_yyx': 2, 'context_extractor_yyx': 'lstm', 'activation_func_yyx': 'GELU', 'L2_weight_yyx': 8.811221705753778e-07, 'L_entropy_weight_yyx': 5.125530491616716e-08, 'L_sep_weight_yyx': 1.2081827551580945e-09, 'L_scale_weight_yyx': 2.1083485727045287e-05, 'learning_rate_yyx': 0.0034234237239000524}. Best is trial 5 with value: -3.154335707688014.
[I 2026-03-18 18:30:15,964] Trial 39 pruned. 
[I 2026-03-18 18:30:22,218] Trial 36 pruned. 
[I 2026-03-18 18:30:24,183] Trial 47 pruned. 
[I 2026-03-18 18:30:24,899] Trial 40 pruned. 
[I 2026-03-18 18:30:27,749] Trial 41 finished with value: -1.2662710517699969 and parameters: {'n_layers_yyx': 1, 'hidden_size_yyx_l0': 6, 'context_size_yyx': 4, 'num_mix_components_yyx': 3, 'context_extractor_yyx': 'gru', 'activation_func_yyx': 'Tanh', 'L2_weight_yyx': 3.54892964038309e-05, 'L_entropy_weight_yyx': 4.137638140359672e-06, 'L_sep_weight_yyx': 1.2956810281054994e-08, 'L_scale_weight_yyx': 2.9415574802201194e-10, 'learning_rate_yyx': 0.008393270163754928}. Best is trial 24 with value: -1.2727326976613946.
[I 2026-03-18 18:30:28,485] Trial 37 finished with value: -3.1196453235154555 and parameters: {'n_layers_yyx': 1, 'hidden_size_yyx_l0': 4, 'context_size_yyx': 4, 'num_mix_components_yyx': 3, 'context_extractor_yyx': 'lstm', 'activation_func_yyx': 'ReLU', 'L2_weight_yyx': 0.00018553624115964323, 'L_entropy_weight_yyx': 1.0512148793733054e-09, 'L_sep_weight_yyx': 5.126696570681719e-07, 'L_scale_weight_yyx': 1.1895235439104742e-08, 'learning_rate_yyx': 0.005206675793714545}. Best is trial 23 with value: -3.1545382986021053.
[I 2026-03-18 18:30:29,610] Trial 40 pruned. 
[I 2026-03-18 18:30:31,041] Trial 45 finished with value: -1.2672393855237696 and parameters: {'n_layers_yyx': 2, 'hidden_size_yyx_l0': 3, 'hidden_size_yyx_l1': 6, 'context_size_yyx': 4, 'num_mix_components_yyx': 3, 'context_extractor_yyx': 'lstm', 'activation_func_yyx': 'Tanh', 'L2_weight_yyx': 0.0004682536943381892, 'L_entropy_weight_yyx': 8.862604050402872e-10, 'L_sep_weight_yyx': 0.0009183774052531282, 'L_scale_weight_yyx': 3.389788585674561e-07, 'learning_rate_yyx': 0.006632506056861727}. Best is trial 7 with value: -1.272066817927052.
[I 2026-03-18 18:30:34,314] Trial 35 pruned. 
[I 2026-03-18 18:30:37,088] Trial 33 pruned. 
[I 2026-03-18 18:30:38,840] Trial 42 pruned. 
[I 2026-03-18 18:30:40,039] Trial 26 pruned. 
[I 2026-03-18 18:30:41,051] Trial 46 finished with value: -1.2379338798593462 and parameters: {'n_layers_yyx': 1, 'hidden_size_yyx_l0': 5, 'context_size_yyx': 1, 'num_mix_components_yyx': 4, 'context_extractor_yyx': 'lstm', 'activation_func_yyx': 'Tanh', 'L2_weight_yyx': 1.0430340373760698e-06, 'L_entropy_weight_yyx': 7.714321633622625e-10, 'L_sep_weight_yyx': 2.1282674718667856e-06, 'L_scale_weight_yyx': 1.863527011200926e-06, 'learning_rate_yyx': 0.008619885596892992}. Best is trial 35 with value: -1.2690898451038297.
[I 2026-03-18 18:30:47,484] Trial 47 pruned. 
[I 2026-03-18 18:30:48,408] Trial 36 pruned. 
[I 2026-03-18 18:30:48,600] Trial 42 finished with value: -3.1501613313869656 and parameters: {'n_layers_yyx': 2, 'hidden_size_yyx_l0': 3, 'hidden_size_yyx_l1': 6, 'context_size_yyx': 4, 'num_mix_components_yyx': 5, 'context_extractor_yyx': 'lstm', 'activation_func_yyx': 'GELU', 'L2_weight_yyx': 2.2383165590466154e-09, 'L_entropy_weight_yyx': 0.00015114219638281943, 'L_sep_weight_yyx': 2.3554586080696986e-09, 'L_scale_weight_yyx': 1.4059259595032695e-10, 'learning_rate_yyx': 0.009798543497525047}. Best is trial 38 with value: -3.150483715419478.
[I 2026-03-18 18:30:53,641] Trial 37 pruned. 
[I 2026-03-18 18:30:56,627] Trial 48 pruned. 
[I 2026-03-18 18:30:58,241] Trial 46 pruned. 
[I 2026-03-18 18:30:59,899] Trial 38 pruned. 
[I 2026-03-18 18:31:00,048] Trial 44 finished with value: -3.147773415403743 and parameters: {'n_layers_yyx': 2, 'hidden_size_yyx_l0': 4, 'hidden_size_yyx_l1': 4, 'context_size_yyx': 4, 'num_mix_components_yyx': 4, 'context_extractor_yyx': 'lstm', 'activation_func_yyx': 'Tanh', 'L2_weight_yyx': 7.345989581360199e-07, 'L_entropy_weight_yyx': 4.253560502534049e-07, 'L_sep_weight_yyx': 7.514509712375585e-09, 'L_scale_weight_yyx': 2.9888535368563376e-07, 'learning_rate_yyx': 0.009970590673595008}. Best is trial 41 with value: -3.153552668454499.
[I 2026-03-18 18:31:00,324] Trial 33 finished with value: -3.1555053664637365 and parameters: {'n_layers_yyx': 1, 'hidden_size_yyx_l0': 5, 'context_size_yyx': 4, 'num_mix_components_yyx': 3, 'context_extractor_yyx': 'lstm', 'activation_func_yyx': 'ReLU', 'L2_weight_yyx': 1.0376529964464755e-09, 'L_entropy_weight_yyx': 1.2420148527099254e-09, 'L_sep_weight_yyx': 1.9179488145963578e-07, 'L_scale_weight_yyx': 1.2384765573487238e-09, 'learning_rate_yyx': 0.006323498208903641}. Best is trial 27 with value: -3.161937115338458.
[I 2026-03-18 18:31:07,203] Trial 38 pruned. 
[I 2026-03-18 18:31:08,097] Trial 41 finished with value: -3.1552868514378445 and parameters: {'n_layers_yyx': 2, 'hidden_size_yyx_l0': 6, 'hidden_size_yyx_l1': 5, 'context_size_yyx': 3, 'num_mix_components_yyx': 5, 'context_extractor_yyx': 'gru', 'activation_func_yyx': 'Tanh', 'L2_weight_yyx': 1.2812216291260688e-08, 'L_entropy_weight_yyx': 3.668012695252301e-10, 'L_sep_weight_yyx': 2.3169025232037117e-08, 'L_scale_weight_yyx': 2.050849331255132e-07, 'learning_rate_yyx': 0.00819527857517914}. Best is trial 10 with value: -3.1611070918248854.
[I 2026-03-18 18:31:09,853] Trial 49 pruned. 

Source events: 54211
Target events: 20800
Full model ln_yyx : 5582.49633 nats/sec, 241.55032 nats/event
Full model Log loss : -3.11453
Full model ln_yyx : 5652.76479 nats/sec, 244.59078 nats/event
Full model Log loss : -3.14782
Full model ln_yyx : 5608.15210 nats/sec, 242.66043 nats/event
Full model Log loss : -3.12099
Full model ln_yyx : 5585.89343 nats/sec, 241.69731 nats/event
Full model Log loss : -3.12328
Full model ln_yyx : 5575.62598 nats/sec, 241.25305 nats/event
Full model Log loss : -3.11810
Full model ln_yyx : 5661.28980 nats/sec, 244.95965 nats/event
Full model Log loss : -3.14997
Full model ln_yyx : 5569.94667 nats/sec, 241.00731 nats/event
Full model Log loss : -3.12031
Full model ln_yyx : 5608.45982 nats/sec, 242.67374 nats/event
Full model Log loss : -3.12223
Full model ln_yyx : 5638.58114 nats/sec, 243.97707 nats/event
Full model Log loss : -3.14815
Full model ln_yyx : 5588.08131 nats/sec, 241.79198 nats/event
Full model Log loss : -3.12287
Full model ln_yyx : 5626.32558 nats/sec, 243.44678 nats/event
Full model Log loss : -3.14817
Full model ln_yyx : 5579.55528 nats/sec, 241.42307 nats/event
Full model Log loss : -3.12173
Full model ln_yyx : 5601.52288 nats/sec, 242.37359 nats/event
Full model Log loss : -3.12365
Full model ln_yyx : 5603.19115 nats/sec, 242.44577 nats/event
Full model Log loss : -3.12346
Full model ln_yyx : 5654.15056 nats/sec, 244.65075 nats/event
Full model Log loss : -3.14876
Optimization finished. Config saved to results/opt-full/opt_full_68_best_config.txt
[I 2026-03-18 18:31:13,318] Trial 27 pruned. 
[I 2026-03-18 18:31:13,439] Trial 39 pruned. 
[I 2026-03-18 18:31:20,552] Trial 39 pruned. 
[I 2026-03-18 18:31:22,144] Trial 47 pruned. 
[I 2026-03-18 18:31:33,098] Trial 45 pruned. 
[I 2026-03-18 18:31:39,273] Trial 43 finished with value: -1.274106926486144 and parameters: {'n_layers_yyx': 1, 'hidden_size_yyx_l0': 6, 'context_size_yyx': 4, 'num_mix_components_yyx': 3, 'context_extractor_yyx': 'gru', 'activation_func_yyx': 'Tanh', 'L2_weight_yyx': 0.0009612395851958068, 'L_entropy_weight_yyx': 1.8342095761645655e-05, 'L_sep_weight_yyx': 2.3023159011488483e-09, 'L_scale_weight_yyx': 1.1998696096279648e-09, 'learning_rate_yyx': 0.008567779628626258}. Best is trial 43 with value: -1.274106926486144.
[I 2026-03-18 18:31:44,036] Trial 40 pruned. 
[I 2026-03-18 18:31:45,766] Trial 28 pruned. 
[I 2026-03-18 18:31:50,015] Trial 44 pruned. 
[I 2026-03-18 18:31:51,700] Trial 41 pruned. 
[I 2026-03-18 18:31:52,978] Trial 33 finished with value: -3.150847695286721 and parameters: {'n_layers_yyx': 2, 'hidden_size_yyx_l0': 6, 'hidden_size_yyx_l1': 4, 'context_size_yyx': 4, 'num_mix_components_yyx': 5, 'context_extractor_yyx': 'lstm', 'activation_func_yyx': 'GELU', 'L2_weight_yyx': 1.3133218059796388e-05, 'L_entropy_weight_yyx': 2.0999948165005525e-08, 'L_sep_weight_yyx': 2.5960125362734607e-06, 'L_scale_weight_yyx': 1.2586475632419757e-09, 'learning_rate_yyx': 0.0053866789936077185}. Best is trial 25 with value: -3.152748146031954.
[I 2026-03-18 18:32:01,381] Trial 48 finished with value: -1.2631503614612516 and parameters: {'n_layers_yyx': 2, 'hidden_size_yyx_l0': 4, 'hidden_size_yyx_l1': 5, 'context_size_yyx': 3, 'num_mix_components_yyx': 4, 'context_extractor_yyx': 'lstm', 'activation_func_yyx': 'GELU', 'L2_weight_yyx': 1.2534776381143822e-08, 'L_entropy_weight_yyx': 8.280463081114882e-09, 'L_sep_weight_yyx': 4.224626067090025e-06, 'L_scale_weight_yyx': 1.248930817077974e-08, 'learning_rate_yyx': 0.005489558618230139}. Best is trial 35 with value: -1.2690898451038297.
[I 2026-03-18 18:32:02,401] Trial 34 pruned. 
[I 2026-03-18 18:32:04,721] Trial 46 pruned. 
[I 2026-03-18 18:32:11,573] Trial 37 pruned. 
[I 2026-03-18 18:32:11,869] Trial 41 finished with value: -3.1809034167777 and parameters: {'n_layers_yyx': 2, 'hidden_size_yyx_l0': 6, 'hidden_size_yyx_l1': 5, 'context_size_yyx': 2, 'num_mix_components_yyx': 5, 'context_extractor_yyx': 'lstm', 'activation_func_yyx': 'ReLU', 'L2_weight_yyx': 6.531649147876468e-05, 'L_entropy_weight_yyx': 2.8524920932238204e-10, 'L_sep_weight_yyx': 5.084568339797301e-06, 'L_scale_weight_yyx': 1.0953280270086895e-05, 'learning_rate_yyx': 0.004902205388307372}. Best is trial 12 with value: -3.1893335216865584.
[I 2026-03-18 18:32:12,456] Trial 49 pruned. 

Source events: 5634
Target events: 40082
Full model ln_yyx : 619.12893 nats/sec, 13.90190 nats/event
Full model Log loss : -1.22994
Full model ln_yyx : 619.46296 nats/sec, 13.90940 nats/event
Full model Log loss : -1.23147
Full model ln_yyx : 627.12424 nats/sec, 14.08143 nats/event
Full model Log loss : -1.24405
Full model ln_yyx : 627.17973 nats/sec, 14.08267 nats/event
Full model Log loss : -1.25337
Full model ln_yyx : 627.55641 nats/sec, 14.09113 nats/event
Full model Log loss : -1.25866
Full model ln_yyx : 620.06472 nats/sec, 13.92291 nats/event
Full model Log loss : -1.26286
Full model ln_yyx : 626.78000 nats/sec, 14.07370 nats/event
Full model Log loss : -1.26381
Full model ln_yyx : 633.00070 nats/sec, 14.21338 nats/event
Full model Log loss : -1.25138
Full model ln_yyx : 607.18343 nats/sec, 13.63368 nats/event
Full model Log loss : -1.15984
Full model ln_yyx : 630.62662 nats/sec, 14.16007 nats/event
Full model Log loss : -1.26726
Full model ln_yyx : 628.71944 nats/sec, 14.11725 nats/event
Full model Log loss : -1.26523
Full model ln_yyx : 628.17337 nats/sec, 14.10499 nats/event
Full model Log loss : -1.26224
Full model ln_yyx : 632.04909 nats/sec, 14.19201 nats/event
Full model Log loss : -1.26855
Full model ln_yyx : 627.06954 nats/sec, 14.08020 nats/event
Full model Log loss : -1.26573
Full model ln_yyx : 628.99674 nats/sec, 14.12347 nats/event
Full model Log loss : -1.25386
Full model ln_yyx : 631.81876 nats/sec, 14.18684 nats/event
Full model Log loss : -1.26909
Full model ln_yyx : 628.62569 nats/sec, 14.11514 nats/event
Full model Log loss : -1.26510
Full model ln_yyx : 629.87363 nats/sec, 14.14316 nats/event
Full model Log loss : -1.25988
Full model ln_yyx : 620.32292 nats/sec, 13.92871 nats/event
Full model Log loss : -1.23793
Full model ln_yyx : 611.56716 nats/sec, 13.73211 nats/event
Full model Log loss : -1.26315
Optimization finished. Config saved to results/opt-full/opt_full_90_best_config.txt
[I 2026-03-18 18:32:13,668] Trial 34 finished with value: -3.139128288285599 and parameters: {'n_layers_yyx': 1, 'hidden_size_yyx_l0': 2, 'context_size_yyx': 4, 'num_mix_components_yyx': 4, 'context_extractor_yyx': 'gru', 'activation_func_yyx': 'GELU', 'L2_weight_yyx': 1.1882220671231379e-05, 'L_entropy_weight_yyx': 3.290303411646247e-09, 'L_sep_weight_yyx': 1.5079713408677652e-08, 'L_scale_weight_yyx': 3.7704321415488183e-07, 'learning_rate_yyx': 0.001342592993023386}. Best is trial 1 with value: -3.152505646630136.
[I 2026-03-18 18:32:14,855] Trial 28 finished with value: -3.1511555112790615 and parameters: {'n_layers_yyx': 2, 'hidden_size_yyx_l0': 6, 'hidden_size_yyx_l1': 3, 'context_size_yyx': 4, 'num_mix_components_yyx': 4, 'context_extractor_yyx': 'lstm', 'activation_func_yyx': 'GELU', 'L2_weight_yyx': 1.6431396660931776e-07, 'L_entropy_weight_yyx': 8.74731290351654e-06, 'L_sep_weight_yyx': 5.8357745080073674e-09, 'L_scale_weight_yyx': 4.304111118211702e-06, 'learning_rate_yyx': 0.005026772305288282}. Best is trial 5 with value: -3.154335707688014.
[I 2026-03-18 18:32:15,873] Trial 35 pruned. 
[I 2026-03-18 18:32:19,039] Trial 34 pruned. 
[I 2026-03-18 18:32:19,149] Trial 48 finished with value: -1.2737957219319511 and parameters: {'n_layers_yyx': 2, 'hidden_size_yyx_l0': 4, 'hidden_size_yyx_l1': 6, 'context_size_yyx': 4, 'num_mix_components_yyx': 4, 'context_extractor_yyx': 'lstm', 'activation_func_yyx': 'GELU', 'L2_weight_yyx': 6.521134542655809e-10, 'L_entropy_weight_yyx': 1.8597778369695933e-10, 'L_sep_weight_yyx': 6.478540957630656e-05, 'L_scale_weight_yyx': 1.1993449388561683e-06, 'learning_rate_yyx': 0.005709114554341207}. Best is trial 48 with value: -1.2737957219319511.
[I 2026-03-18 18:32:21,160] Trial 42 pruned. 
[I 2026-03-18 18:32:24,479] Trial 38 pruned. 
[I 2026-03-18 18:32:28,150] Trial 29 pruned. 
[I 2026-03-18 18:32:28,927] Trial 49 pruned. 

Source events: 5634
Target events: 29032
Full model ln_yyx : 459.89564 nats/sec, 14.25689 nats/event
Full model Log loss : -1.26561
Full model ln_yyx : 439.93666 nats/sec, 13.63816 nats/event
Full model Log loss : -1.14966
Full model ln_yyx : 453.50800 nats/sec, 14.05887 nats/event
Full model Log loss : -1.25254
Full model ln_yyx : 458.64021 nats/sec, 14.21797 nats/event
Full model Log loss : -1.27207
Full model ln_yyx : 449.53803 nats/sec, 13.93580 nats/event
Full model Log loss : -1.26261
Full model ln_yyx : 446.35800 nats/sec, 13.83722 nats/event
Full model Log loss : -1.26367
Full model ln_yyx : 453.49874 nats/sec, 14.05859 nats/event
Full model Log loss : -1.25293
Full model ln_yyx : 454.28389 nats/sec, 14.08293 nats/event
Full model Log loss : -1.25555
Full model ln_yyx : 440.49329 nats/sec, 13.65541 nats/event
Full model Log loss : -1.15438
Full model ln_yyx : 450.55640 nats/sec, 13.96737 nats/event
Full model Log loss : -1.26347
Full model ln_yyx : 457.10608 nats/sec, 14.17041 nats/event
Full model Log loss : -1.26325
Full model ln_yyx : 448.99438 nats/sec, 13.91895 nats/event
Full model Log loss : -1.26962
Full model ln_yyx : 452.46211 nats/sec, 14.02645 nats/event
Full model Log loss : -1.26427
Full model ln_yyx : 455.69420 nats/sec, 14.12665 nats/event
Full model Log loss : -1.24286
Full model ln_yyx : 456.87389 nats/sec, 14.16322 nats/event
Full model Log loss : -1.26503
Full model ln_yyx : 457.06212 nats/sec, 14.16905 nats/event
Full model Log loss : -1.26746
Full model ln_yyx : 455.29312 nats/sec, 14.11421 nats/event
Full model Log loss : -1.26205
Full model ln_yyx : 456.05190 nats/sec, 14.13773 nats/event
Full model Log loss : -1.26391
Full model ln_yyx : 456.09179 nats/sec, 14.13897 nats/event
Full model Log loss : -1.26724
Full model ln_yyx : 452.68046 nats/sec, 14.03322 nats/event
Full model Log loss : -1.27380
Optimization finished. Config saved to results/opt-full/opt_full_89_best_config.txt
[I 2026-03-18 18:32:36,208] Trial 47 pruned. 
[I 2026-03-18 18:32:42,058] Trial 45 finished with value: -1.2688335059090154 and parameters: {'n_layers_yyx': 1, 'hidden_size_yyx_l0': 4, 'context_size_yyx': 4, 'num_mix_components_yyx': 4, 'context_extractor_yyx': 'gru', 'activation_func_yyx': 'Tanh', 'L2_weight_yyx': 7.673923948918486e-05, 'L_entropy_weight_yyx': 1.3548554462501355e-06, 'L_sep_weight_yyx': 1.5040869394852624e-08, 'L_scale_weight_yyx': 1.0931560999766152e-10, 'learning_rate_yyx': 0.00870059987695078}. Best is trial 43 with value: -1.274106926486144.
[I 2026-03-18 18:32:43,371] Trial 40 pruned. 
[I 2026-03-18 18:32:46,028] Trial 36 pruned. 
[I 2026-03-18 18:32:50,298] Trial 29 finished with value: -3.1133766026891965 and parameters: {'n_layers_yyx': 2, 'hidden_size_yyx_l0': 6, 'hidden_size_yyx_l1': 4, 'context_size_yyx': 1, 'num_mix_components_yyx': 1, 'context_extractor_yyx': 'gru', 'activation_func_yyx': 'ReLU', 'L2_weight_yyx': 5.345020322718036e-07, 'L_entropy_weight_yyx': 0.00022773148946864886, 'L_sep_weight_yyx': 4.3251268714592685e-09, 'L_scale_weight_yyx': 1.9748789411486684e-09, 'learning_rate_yyx': 0.009996817353834989}. Best is trial 10 with value: -3.1515199681211117.
[I 2026-03-18 18:32:50,780] Trial 46 pruned. 
[I 2026-03-18 18:32:51,345] Trial 43 pruned. 
[I 2026-03-18 18:32:54,081] Trial 42 finished with value: -3.16019507158243 and parameters: {'n_layers_yyx': 2, 'hidden_size_yyx_l0': 6, 'hidden_size_yyx_l1': 6, 'context_size_yyx': 3, 'num_mix_components_yyx': 5, 'context_extractor_yyx': 'gru', 'activation_func_yyx': 'Tanh', 'L2_weight_yyx': 4.4788500227428536e-08, 'L_entropy_weight_yyx': 9.054689085992046e-09, 'L_sep_weight_yyx': 6.684379007201486e-09, 'L_scale_weight_yyx': 1.1646749085578693e-06, 'learning_rate_yyx': 0.009994640349330891}. Best is trial 10 with value: -3.1611070918248854.
[I 2026-03-18 18:32:55,276] Trial 47 pruned. 
[I 2026-03-18 18:32:56,254] Trial 41 pruned. 
[I 2026-03-18 18:32:58,589] Trial 37 pruned. 
[I 2026-03-18 18:33:03,461] Trial 48 pruned. 
[I 2026-03-18 18:33:04,402] Trial 44 pruned. 
[I 2026-03-18 18:33:04,868] Trial 43 finished with value: -3.1505459484727365 and parameters: {'n_layers_yyx': 2, 'hidden_size_yyx_l0': 2, 'hidden_size_yyx_l1': 6, 'context_size_yyx': 4, 'num_mix_components_yyx': 5, 'context_extractor_yyx': 'lstm', 'activation_func_yyx': 'GELU', 'L2_weight_yyx': 6.86571467248634e-09, 'L_entropy_weight_yyx': 0.00019627490674925627, 'L_sep_weight_yyx': 1.3723548163809352e-09, 'L_scale_weight_yyx': 1.0168966102409618e-10, 'learning_rate_yyx': 0.009378948070442636}. Best is trial 43 with value: -3.1505459484727365.
[I 2026-03-18 18:33:12,157] Trial 49 pruned. 

Source events: 5634
Target events: 18269
Full model ln_yyx : 283.55465 nats/sec, 13.96897 nats/event
Full model Log loss : -1.24366
Full model ln_yyx : 287.68530 nats/sec, 14.17247 nats/event
Full model Log loss : -1.25750
Full model ln_yyx : 285.55415 nats/sec, 14.06748 nats/event
Full model Log loss : -1.26277
Full model ln_yyx : 285.85808 nats/sec, 14.08245 nats/event
Full model Log loss : -1.25833
Full model ln_yyx : 283.79729 nats/sec, 13.98093 nats/event
Full model Log loss : -1.25033
Full model ln_yyx : 288.06935 nats/sec, 14.19138 nats/event
Full model Log loss : -1.26511
Full model ln_yyx : 284.47108 nats/sec, 14.01412 nats/event
Full model Log loss : -1.26287
Full model ln_yyx : 286.05622 nats/sec, 14.09221 nats/event
Full model Log loss : -1.26097
Full model ln_yyx : 286.60009 nats/sec, 14.11900 nats/event
Full model Log loss : -1.26720
Full model ln_yyx : 290.61010 nats/sec, 14.31655 nats/event
Full model Log loss : -1.26198
Full model ln_yyx : 283.34770 nats/sec, 13.95878 nats/event
Full model Log loss : -1.27273
Full model ln_yyx : 285.73048 nats/sec, 14.07616 nats/event
Full model Log loss : -1.26126
Full model ln_yyx : 285.58764 nats/sec, 14.06913 nats/event
Full model Log loss : -1.26575
Full model ln_yyx : 287.81611 nats/sec, 14.17891 nats/event
Full model Log loss : -1.26576
Full model ln_yyx : 288.07267 nats/sec, 14.19155 nats/event
Full model Log loss : -1.26583
Full model ln_yyx : 283.62254 nats/sec, 13.97232 nats/event
Full model Log loss : -1.26410
Full model ln_yyx : 285.25449 nats/sec, 14.05271 nats/event
Full model Log loss : -1.26882
Full model ln_yyx : 288.61533 nats/sec, 14.21828 nats/event
Full model Log loss : -1.26627
Full model ln_yyx : 283.60955 nats/sec, 13.97168 nats/event
Full model Log loss : -1.27411
Full model ln_yyx : 285.54088 nats/sec, 14.06682 nats/event
Full model Log loss : -1.26883
Optimization finished. Config saved to results/opt-full/opt_full_94_best_config.txt
[I 2026-03-18 18:33:17,321] Trial 45 pruned. 
[I 2026-03-18 18:33:18,728] Trial 41 finished with value: -3.146021744288173 and parameters: {'n_layers_yyx': 2, 'hidden_size_yyx_l0': 5, 'hidden_size_yyx_l1': 2, 'context_size_yyx': 4, 'num_mix_components_yyx': 4, 'context_extractor_yyx': 'gru', 'activation_func_yyx': 'ReLU', 'L2_weight_yyx': 6.271434790320039e-07, 'L_entropy_weight_yyx': 1.5077599804398315e-09, 'L_sep_weight_yyx': 5.348715968257042e-08, 'L_scale_weight_yyx': 0.0004711030797115124, 'learning_rate_yyx': 0.007902389242024901}. Best is trial 23 with value: -3.1545382986021053.
[I 2026-03-18 18:33:35,539] Trial 35 finished with value: -3.1488324001674686 and parameters: {'n_layers_yyx': 1, 'hidden_size_yyx_l0': 6, 'context_size_yyx': 4, 'num_mix_components_yyx': 5, 'context_extractor_yyx': 'gru', 'activation_func_yyx': 'GELU', 'L2_weight_yyx': 1.137068897462899e-06, 'L_entropy_weight_yyx': 2.469218889701984e-05, 'L_sep_weight_yyx': 4.5920483451575386e-07, 'L_scale_weight_yyx': 2.477528587190208e-08, 'learning_rate_yyx': 0.009894583123633394}. Best is trial 1 with value: -3.152505646630136.
[I 2026-03-18 18:33:36,080] Trial 34 finished with value: -3.153257338167012 and parameters: {'n_layers_yyx': 2, 'hidden_size_yyx_l0': 6, 'hidden_size_yyx_l1': 5, 'context_size_yyx': 4, 'num_mix_components_yyx': 4, 'context_extractor_yyx': 'lstm', 'activation_func_yyx': 'GELU', 'L2_weight_yyx': 2.5733954477815195e-06, 'L_entropy_weight_yyx': 5.488956879075407e-09, 'L_sep_weight_yyx': 8.287375146354684e-05, 'L_scale_weight_yyx': 3.2179398817005767e-10, 'learning_rate_yyx': 0.009106651699457631}. Best is trial 34 with value: -3.153257338167012.
[I 2026-03-18 18:33:38,979] Trial 39 pruned. 
[I 2026-03-18 18:33:42,329] Trial 30 pruned. 
[I 2026-03-18 18:33:47,936] Trial 36 pruned. 
[I 2026-03-18 18:33:48,259] Trial 42 pruned. 
[I 2026-03-18 18:33:50,125] Trial 30 finished with value: -3.1144730723177254 and parameters: {'n_layers_yyx': 1, 'hidden_size_yyx_l0': 4, 'context_size_yyx': 2, 'num_mix_components_yyx': 3, 'context_extractor_yyx': 'lstm', 'activation_func_yyx': 'ReLU', 'L2_weight_yyx': 4.3596555766204556e-09, 'L_entropy_weight_yyx': 1.015511641617674e-05, 'L_sep_weight_yyx': 5.163865674760114e-10, 'L_scale_weight_yyx': 5.679609994538361e-06, 'learning_rate_yyx': 0.00828590884814503}. Best is trial 10 with value: -3.1515199681211117.
[I 2026-03-18 18:33:53,208] Trial 48 pruned. 
[I 2026-03-18 18:33:55,406] Trial 35 finished with value: -3.154543909383593 and parameters: {'n_layers_yyx': 1, 'hidden_size_yyx_l0': 5, 'context_size_yyx': 4, 'num_mix_components_yyx': 2, 'context_extractor_yyx': 'gru', 'activation_func_yyx': 'ReLU', 'L2_weight_yyx': 4.2121350075622696e-09, 'L_entropy_weight_yyx': 3.539920140230218e-10, 'L_sep_weight_yyx': 1.1813756406035188e-07, 'L_scale_weight_yyx': 1.079897293520622e-09, 'learning_rate_yyx': 0.00856529361395112}. Best is trial 27 with value: -3.161937115338458.
[I 2026-03-18 18:33:58,847] Trial 42 finished with value: -3.185053038388031 and parameters: {'n_layers_yyx': 2, 'hidden_size_yyx_l0': 6, 'hidden_size_yyx_l1': 5, 'context_size_yyx': 2, 'num_mix_components_yyx': 5, 'context_extractor_yyx': 'lstm', 'activation_func_yyx': 'ReLU', 'L2_weight_yyx': 2.4184069549357468e-05, 'L_entropy_weight_yyx': 2.147140839923697e-10, 'L_sep_weight_yyx': 4.521526981404937e-06, 'L_scale_weight_yyx': 8.093281262899771e-06, 'learning_rate_yyx': 0.007369585332503973}. Best is trial 12 with value: -3.1893335216865584.
[I 2026-03-18 18:34:00,925] Trial 43 pruned. 
[I 2026-03-18 18:34:09,513] Trial 31 pruned. 
[I 2026-03-18 18:34:10,196] Trial 38 finished with value: -3.1123537024143704 and parameters: {'n_layers_yyx': 1, 'hidden_size_yyx_l0': 5, 'context_size_yyx': 1, 'num_mix_components_yyx': 2, 'context_extractor_yyx': 'lstm', 'activation_func_yyx': 'Tanh', 'L2_weight_yyx': 5.281024675879589e-10, 'L_entropy_weight_yyx': 0.00024447704031120636, 'L_sep_weight_yyx': 6.266824349457787e-09, 'L_scale_weight_yyx': 2.3859733175826693e-08, 'learning_rate_yyx': 0.005631423133701804}. Best is trial 24 with value: -3.1533369159995748.
[I 2026-03-18 18:34:22,234] Trial 39 pruned. 
[I 2026-03-18 18:34:23,021] Trial 49 pruned. 

Source events: 54211
Target events: 40082
Full model ln_yyx : 10777.49969 nats/sec, 241.99765 nats/event
Full model Log loss : -3.11994
Full model ln_yyx : 10740.97570 nats/sec, 241.17754 nats/event
Full model Log loss : -3.11044
Full model ln_yyx : 10807.59648 nats/sec, 242.67344 nats/event
Full model Log loss : -3.11984
Full model ln_yyx : 10814.37130 nats/sec, 242.82556 nats/event
Full model Log loss : -3.11938
Full model ln_yyx : 10829.10072 nats/sec, 243.15630 nats/event
Full model Log loss : -3.12091
Full model ln_yyx : 10858.26339 nats/sec, 243.81111 nats/event
Full model Log loss : -3.14810
Full model ln_yyx : 10860.42974 nats/sec, 243.85976 nats/event
Full model Log loss : -3.14810
Full model ln_yyx : 10869.12038 nats/sec, 244.05490 nats/event
Full model Log loss : -3.14533
Full model ln_yyx : 10861.27064 nats/sec, 243.87864 nats/event
Full model Log loss : -3.14513
Full model ln_yyx : 10817.52129 nats/sec, 242.89629 nats/event
Full model Log loss : -3.11893
Full model ln_yyx : 10900.88927 nats/sec, 244.76823 nats/event
Full model Log loss : -3.14643
Full model ln_yyx : 10886.74441 nats/sec, 244.45063 nats/event
Full model Log loss : -3.15355
Full model ln_yyx : 10928.12253 nats/sec, 245.37973 nats/event
Full model Log loss : -3.15010
Full model ln_yyx : 10878.13825 nats/sec, 244.25738 nats/event
Full model Log loss : -3.14777
Optimization finished. Config saved to results/opt-full/opt_full_73_best_config.txt
[I 2026-03-18 18:34:30,066] Trial 44 pruned. 
[I 2026-03-18 18:34:32,672] Trial 46 pruned. 
[I 2026-03-18 18:34:33,740] Trial 42 finished with value: -3.114315447545274 and parameters: {'n_layers_yyx': 2, 'hidden_size_yyx_l0': 6, 'hidden_size_yyx_l1': 4, 'context_size_yyx': 2, 'num_mix_components_yyx': 3, 'context_extractor_yyx': 'gru', 'activation_func_yyx': 'ReLU', 'L2_weight_yyx': 9.980846037493774e-08, 'L_entropy_weight_yyx': 2.630893040938592e-10, 'L_sep_weight_yyx': 4.844857303065663e-09, 'L_scale_weight_yyx': 1.6355400024961903e-09, 'learning_rate_yyx': 0.005434440700528619}. Best is trial 2 with value: -3.151229652723366.
[I 2026-03-18 18:34:48,126] Trial 44 finished with value: -3.150918275595926 and parameters: {'n_layers_yyx': 2, 'hidden_size_yyx_l0': 2, 'hidden_size_yyx_l1': 6, 'context_size_yyx': 4, 'num_mix_components_yyx': 5, 'context_extractor_yyx': 'lstm', 'activation_func_yyx': 'GELU', 'L2_weight_yyx': 3.2823500387913122e-09, 'L_entropy_weight_yyx': 0.0007326251341471771, 'L_sep_weight_yyx': 3.3894206972020635e-10, 'L_scale_weight_yyx': 1.2336130848261592e-10, 'learning_rate_yyx': 0.009417429149039898}. Best is trial 44 with value: -3.150918275595926.
[I 2026-03-18 18:34:48,326] Trial 40 pruned. 
[I 2026-03-18 18:34:51,679] Trial 40 pruned. 
[I 2026-03-18 18:34:59,021] Trial 45 pruned. 
[I 2026-03-18 18:35:02,388] Trial 43 finished with value: -3.151910733220174 and parameters: {'n_layers_yyx': 2, 'hidden_size_yyx_l0': 6, 'hidden_size_yyx_l1': 4, 'context_size_yyx': 2, 'num_mix_components_yyx': 5, 'context_extractor_yyx': 'lstm', 'activation_func_yyx': 'ReLU', 'L2_weight_yyx': 3.947502932506567e-05, 'L_entropy_weight_yyx': 2.158276425446889e-09, 'L_sep_weight_yyx': 3.2840139097840567e-06, 'L_scale_weight_yyx': 5.4628038859460494e-06, 'learning_rate_yyx': 0.0075370667941828595}. Best is trial 12 with value: -3.1893335216865584.
[I 2026-03-18 18:35:03,900] Trial 41 pruned. 
[I 2026-03-18 18:35:05,399] Trial 36 finished with value: -3.1268384164093614 and parameters: {'n_layers_yyx': 1, 'hidden_size_yyx_l0': 5, 'context_size_yyx': 4, 'num_mix_components_yyx': 2, 'context_extractor_yyx': 'gru', 'activation_func_yyx': 'GELU', 'L2_weight_yyx': 2.864992676686912e-10, 'L_entropy_weight_yyx': 1.4087569746762454e-10, 'L_sep_weight_yyx': 1.169635378813014e-07, 'L_scale_weight_yyx': 5.2809231625498836e-08, 'learning_rate_yyx': 0.009956351722674195}. Best is trial 27 with value: -3.161937115338458.
[I 2026-03-18 18:35:06,270] Trial 31 pruned. 
[I 2026-03-18 18:35:16,848] Trial 42 pruned. 
[I 2026-03-18 18:35:19,398] Trial 35 finished with value: -3.152933766100806 and parameters: {'n_layers_yyx': 2, 'hidden_size_yyx_l0': 6, 'hidden_size_yyx_l1': 4, 'context_size_yyx': 4, 'num_mix_components_yyx': 5, 'context_extractor_yyx': 'gru', 'activation_func_yyx': 'GELU', 'L2_weight_yyx': 2.293665465932621e-06, 'L_entropy_weight_yyx': 2.529765355556277e-09, 'L_sep_weight_yyx': 0.0001855123297909287, 'L_scale_weight_yyx': 4.2663404088151403e-10, 'learning_rate_yyx': 0.009316360266184511}. Best is trial 34 with value: -3.153257338167012.
[I 2026-03-18 18:35:21,944] Trial 43 finished with value: -3.1553765114968924 and parameters: {'n_layers_yyx': 2, 'hidden_size_yyx_l0': 5, 'hidden_size_yyx_l1': 6, 'context_size_yyx': 3, 'num_mix_components_yyx': 5, 'context_extractor_yyx': 'gru', 'activation_func_yyx': 'Tanh', 'L2_weight_yyx': 3.822965799663451e-08, 'L_entropy_weight_yyx': 1.0993614124710532e-08, 'L_sep_weight_yyx': 3.172613342314396e-09, 'L_scale_weight_yyx': 1.152591547109001e-06, 'learning_rate_yyx': 0.0025761074644470383}. Best is trial 10 with value: -3.1611070918248854.
[I 2026-03-18 18:35:32,513] Trial 32 finished with value: -3.149023578248305 and parameters: {'n_layers_yyx': 2, 'hidden_size_yyx_l0': 6, 'hidden_size_yyx_l1': 5, 'context_size_yyx': 4, 'num_mix_components_yyx': 3, 'context_extractor_yyx': 'lstm', 'activation_func_yyx': 'GELU', 'L2_weight_yyx': 1.1793986778563173e-10, 'L_entropy_weight_yyx': 1.0945096514466222e-05, 'L_sep_weight_yyx': 1.7375577383711915e-07, 'L_scale_weight_yyx': 6.165915222805541e-05, 'learning_rate_yyx': 0.004057464638286003}. Best is trial 5 with value: -3.154335707688014.
[I 2026-03-18 18:35:35,757] Trial 32 pruned. 
[I 2026-03-18 18:35:45,890] Trial 43 pruned. 
[I 2026-03-18 18:35:50,109] Trial 36 pruned. 
[I 2026-03-18 18:35:58,143] Trial 44 pruned. 
[I 2026-03-18 18:35:58,374] Trial 44 finished with value: -3.178176084721645 and parameters: {'n_layers_yyx': 2, 'hidden_size_yyx_l0': 5, 'hidden_size_yyx_l1': 4, 'context_size_yyx': 1, 'num_mix_components_yyx': 4, 'context_extractor_yyx': 'lstm', 'activation_func_yyx': 'ReLU', 'L2_weight_yyx': 4.590920222685206e-06, 'L_entropy_weight_yyx': 1.713646761043404e-07, 'L_sep_weight_yyx': 1.0928778863744581e-05, 'L_scale_weight_yyx': 1.696847282717666e-06, 'learning_rate_yyx': 0.008333785358272356}. Best is trial 12 with value: -3.1893335216865584.
[I 2026-03-18 18:36:09,231] Trial 47 finished with value: -3.165409153508706 and parameters: {'n_layers_yyx': 2, 'hidden_size_yyx_l0': 3, 'hidden_size_yyx_l1': 5, 'context_size_yyx': 4, 'num_mix_components_yyx': 4, 'context_extractor_yyx': 'gru', 'activation_func_yyx': 'GELU', 'L2_weight_yyx': 1.1332649061666831e-08, 'L_entropy_weight_yyx': 9.656344894635904e-05, 'L_sep_weight_yyx': 1.7630039586024081e-09, 'L_scale_weight_yyx': 1.8049985940639303e-10, 'learning_rate_yyx': 0.009848184352852753}. Best is trial 12 with value: -3.1682013088461884.
[I 2026-03-18 18:36:15,951] Trial 37 finished with value: -3.11855711992287 and parameters: {'n_layers_yyx': 1, 'hidden_size_yyx_l0': 4, 'context_size_yyx': 3, 'num_mix_components_yyx': 1, 'context_extractor_yyx': 'gru', 'activation_func_yyx': 'ReLU', 'L2_weight_yyx': 2.984677861067971e-08, 'L_entropy_weight_yyx': 0.0002876256578671389, 'L_sep_weight_yyx': 5.239624069601715e-09, 'L_scale_weight_yyx': 7.061655823450905e-10, 'learning_rate_yyx': 0.002016055825208385}. Best is trial 1 with value: -3.152505646630136.
[I 2026-03-18 18:36:19,597] Trial 37 pruned. 
[I 2026-03-18 18:36:21,772] Trial 48 pruned. 
[I 2026-03-18 18:36:28,841] Trial 33 finished with value: -3.1213913403705638 and parameters: {'n_layers_yyx': 2, 'hidden_size_yyx_l0': 5, 'hidden_size_yyx_l1': 6, 'context_size_yyx': 4, 'num_mix_components_yyx': 4, 'context_extractor_yyx': 'lstm', 'activation_func_yyx': 'GELU', 'L2_weight_yyx': 1.0124739450991652e-10, 'L_entropy_weight_yyx': 1.708515271250869e-06, 'L_sep_weight_yyx': 8.3248828640869e-09, 'L_scale_weight_yyx': 0.00012105571712256375, 'learning_rate_yyx': 0.007191131859593516}. Best is trial 5 with value: -3.154335707688014.
[I 2026-03-18 18:36:32,022] Trial 46 finished with value: -3.120773049195982 and parameters: {'n_layers_yyx': 1, 'hidden_size_yyx_l0': 6, 'context_size_yyx': 4, 'num_mix_components_yyx': 3, 'context_extractor_yyx': 'gru', 'activation_func_yyx': 'ReLU', 'L2_weight_yyx': 8.223986491047097e-07, 'L_entropy_weight_yyx': 0.0001785609920711026, 'L_sep_weight_yyx': 6.608020722599068e-09, 'L_scale_weight_yyx': 2.3117322688002416e-05, 'learning_rate_yyx': 0.009217477284114092}. Best is trial 23 with value: -3.1545382986021053.
[I 2026-03-18 18:36:35,849] Trial 44 finished with value: -3.128450181910156 and parameters: {'n_layers_yyx': 2, 'hidden_size_yyx_l0': 6, 'hidden_size_yyx_l1': 5, 'context_size_yyx': 4, 'num_mix_components_yyx': 5, 'context_extractor_yyx': 'gru', 'activation_func_yyx': 'Tanh', 'L2_weight_yyx': 4.173153155103158e-08, 'L_entropy_weight_yyx': 5.732285215742771e-10, 'L_sep_weight_yyx': 1.1283378267669375e-08, 'L_scale_weight_yyx': 3.183271766481401e-06, 'learning_rate_yyx': 0.006213007150753244}. Best is trial 10 with value: -3.1611070918248854.
[I 2026-03-18 18:36:42,861] Trial 37 finished with value: -3.1530700486818164 and parameters: {'n_layers_yyx': 1, 'hidden_size_yyx_l0': 5, 'context_size_yyx': 4, 'num_mix_components_yyx': 2, 'context_extractor_yyx': 'gru', 'activation_func_yyx': 'ReLU', 'L2_weight_yyx': 3.699730363159099e-09, 'L_entropy_weight_yyx': 5.8045605255567e-10, 'L_sep_weight_yyx': 2.5229632636156412e-08, 'L_scale_weight_yyx': 1.2916701191030636e-07, 'learning_rate_yyx': 0.007079904729677935}. Best is trial 27 with value: -3.161937115338458.
[I 2026-03-18 18:36:45,765] Trial 41 finished with value: -3.168842214085981 and parameters: {'n_layers_yyx': 2, 'hidden_size_yyx_l0': 2, 'hidden_size_yyx_l1': 5, 'context_size_yyx': 3, 'num_mix_components_yyx': 3, 'context_extractor_yyx': 'lstm', 'activation_func_yyx': 'ReLU', 'L2_weight_yyx': 5.42081838191394e-10, 'L_entropy_weight_yyx': 5.5862871940797e-06, 'L_sep_weight_yyx': 5.018408349643069e-08, 'L_scale_weight_yyx': 1.3841151869837407e-08, 'learning_rate_yyx': 0.008391013859688082}. Best is trial 41 with value: -3.168842214085981.
[I 2026-03-18 18:36:47,851] Trial 45 finished with value: -3.1510005043146405 and parameters: {'n_layers_yyx': 2, 'hidden_size_yyx_l0': 2, 'hidden_size_yyx_l1': 6, 'context_size_yyx': 4, 'num_mix_components_yyx': 5, 'context_extractor_yyx': 'lstm', 'activation_func_yyx': 'GELU', 'L2_weight_yyx': 2.690732364064848e-09, 'L_entropy_weight_yyx': 0.00030835692837737533, 'L_sep_weight_yyx': 2.5967959247854073e-10, 'L_scale_weight_yyx': 1.396050707197253e-10, 'learning_rate_yyx': 0.009175694500363457}. Best is trial 45 with value: -3.1510005043146405.
[I 2026-03-18 18:36:48,322] Trial 49 pruned. 

Source events: 54211
Target events: 8618
Full model ln_yyx : 2310.62483 nats/sec, 241.30452 nats/event
Full model Log loss : -3.12727
Full model ln_yyx : 2315.16962 nats/sec, 241.77914 nats/event
Full model Log loss : -3.14518
Full model ln_yyx : 2339.98192 nats/sec, 244.37036 nats/event
Full model Log loss : -3.15438
Full model ln_yyx : 2336.22838 nats/sec, 243.97836 nats/event
Full model Log loss : -3.16367
Full model ln_yyx : 2322.01224 nats/sec, 242.49374 nats/event
Full model Log loss : -3.13526
Full model ln_yyx : 2350.23547 nats/sec, 245.44116 nats/event
Full model Log loss : -3.16820
Full model ln_yyx : 2344.14402 nats/sec, 244.80502 nats/event
Full model Log loss : -3.16820
Full model ln_yyx : 2346.80738 nats/sec, 245.08316 nats/event
Full model Log loss : -3.16326
Full model ln_yyx : 2339.76842 nats/sec, 244.34806 nats/event
Full model Log loss : -3.16721
Full model ln_yyx : 2300.48026 nats/sec, 240.24510 nats/event
Full model Log loss : -3.12234
Full model ln_yyx : 2349.56614 nats/sec, 245.37126 nats/event
Full model Log loss : -3.16541
Optimization finished. Config saved to results/opt-full/opt_full_80_best_config.txt
[I 2026-03-18 18:36:57,403] Trial 43 finished with value: -3.146947607039866 and parameters: {'n_layers_yyx': 2, 'hidden_size_yyx_l0': 6, 'hidden_size_yyx_l1': 4, 'context_size_yyx': 2, 'num_mix_components_yyx': 1, 'context_extractor_yyx': 'gru', 'activation_func_yyx': 'ReLU', 'L2_weight_yyx': 2.556435897702985e-08, 'L_entropy_weight_yyx': 5.50784921800045e-10, 'L_sep_weight_yyx': 1.0511650265712427e-09, 'L_scale_weight_yyx': 6.173726302362125e-09, 'learning_rate_yyx': 0.006572150160692262}. Best is trial 2 with value: -3.151229652723366.
[I 2026-03-18 18:37:00,204] Trial 47 pruned. 
[I 2026-03-18 18:37:01,623] Trial 45 pruned. 
[I 2026-03-18 18:37:09,137] Trial 44 pruned. 
[I 2026-03-18 18:37:09,878] Trial 38 pruned. 
[I 2026-03-18 18:37:12,708] Trial 45 pruned. 
[I 2026-03-18 18:37:19,482] Trial 45 finished with value: -3.1803185841979764 and parameters: {'n_layers_yyx': 2, 'hidden_size_yyx_l0': 6, 'hidden_size_yyx_l1': 6, 'context_size_yyx': 2, 'num_mix_components_yyx': 5, 'context_extractor_yyx': 'lstm', 'activation_func_yyx': 'ReLU', 'L2_weight_yyx': 7.961204765219668e-06, 'L_entropy_weight_yyx': 7.993863707325491e-10, 'L_sep_weight_yyx': 1.819467776308372e-07, 'L_scale_weight_yyx': 5.485857884017002e-05, 'learning_rate_yyx': 0.005988795801801539}. Best is trial 12 with value: -3.1893335216865584.
[I 2026-03-18 18:37:32,455] Trial 38 pruned. 
[I 2026-03-18 18:37:40,539] Trial 46 pruned. 
[I 2026-03-18 18:37:51,563] Trial 42 pruned. 
[I 2026-03-18 18:38:01,594] Trial 39 pruned. 
[I 2026-03-18 18:38:04,762] Trial 33 finished with value: -3.14937885322898 and parameters: {'n_layers_yyx': 1, 'hidden_size_yyx_l0': 6, 'context_size_yyx': 2, 'num_mix_components_yyx': 2, 'context_extractor_yyx': 'gru', 'activation_func_yyx': 'Tanh', 'L2_weight_yyx': 7.514172646494025e-06, 'L_entropy_weight_yyx': 6.192388422994405e-05, 'L_sep_weight_yyx': 0.0004912091991374321, 'L_scale_weight_yyx': 3.872242891320905e-08, 'learning_rate_yyx': 0.009606147844717638}. Best is trial 10 with value: -3.1515199681211117.
[I 2026-03-18 18:38:15,921] Trial 46 pruned. 
[I 2026-03-18 18:38:16,929] Trial 48 pruned. 
[I 2026-03-18 18:38:18,105] Trial 38 finished with value: -3.1533387030307227 and parameters: {'n_layers_yyx': 2, 'hidden_size_yyx_l0': 6, 'hidden_size_yyx_l1': 4, 'context_size_yyx': 4, 'num_mix_components_yyx': 5, 'context_extractor_yyx': 'gru', 'activation_func_yyx': 'GELU', 'L2_weight_yyx': 1.5807288542777683e-07, 'L_entropy_weight_yyx': 4.821582165119194e-09, 'L_sep_weight_yyx': 5.917441353740832e-05, 'L_scale_weight_yyx': 1.0410455101932289e-08, 'learning_rate_yyx': 0.008591844013460682}. Best is trial 38 with value: -3.1533387030307227.
[I 2026-03-18 18:38:18,655] Trial 34 finished with value: -3.152395307719172 and parameters: {'n_layers_yyx': 2, 'hidden_size_yyx_l0': 6, 'hidden_size_yyx_l1': 5, 'context_size_yyx': 4, 'num_mix_components_yyx': 3, 'context_extractor_yyx': 'lstm', 'activation_func_yyx': 'GELU', 'L2_weight_yyx': 1.0201032376274293e-09, 'L_entropy_weight_yyx': 0.00040797460458292444, 'L_sep_weight_yyx': 5.784355220484053e-10, 'L_scale_weight_yyx': 5.791785222750436e-06, 'learning_rate_yyx': 0.005592414399545726}. Best is trial 5 with value: -3.154335707688014.
[I 2026-03-18 18:38:20,854] Trial 46 finished with value: -3.150427587033668 and parameters: {'n_layers_yyx': 2, 'hidden_size_yyx_l0': 2, 'hidden_size_yyx_l1': 6, 'context_size_yyx': 4, 'num_mix_components_yyx': 5, 'context_extractor_yyx': 'lstm', 'activation_func_yyx': 'GELU', 'L2_weight_yyx': 5.356663409067373e-10, 'L_entropy_weight_yyx': 0.0006017248089813678, 'L_sep_weight_yyx': 3.7477598308146094e-10, 'L_scale_weight_yyx': 1.2225061525755922e-10, 'learning_rate_yyx': 0.009882851109881184}. Best is trial 45 with value: -3.1510005043146405.
[I 2026-03-18 18:38:21,586] Trial 45 finished with value: -3.1137076964060584 and parameters: {'n_layers_yyx': 2, 'hidden_size_yyx_l0': 6, 'hidden_size_yyx_l1': 5, 'context_size_yyx': 2, 'num_mix_components_yyx': 1, 'context_extractor_yyx': 'gru', 'activation_func_yyx': 'ReLU', 'L2_weight_yyx': 1.644510199803303e-08, 'L_entropy_weight_yyx': 5.140828826619172e-10, 'L_sep_weight_yyx': 1.0286516149985039e-09, 'L_scale_weight_yyx': 3.9765612464847725e-09, 'learning_rate_yyx': 0.0087153764233347}. Best is trial 2 with value: -3.151229652723366.
[I 2026-03-18 18:38:29,196] Trial 40 pruned. 
[I 2026-03-18 18:38:32,396] Trial 34 pruned. 
[I 2026-03-18 18:38:40,490] Trial 41 pruned. 
[I 2026-03-18 18:38:42,359] Trial 47 pruned. 
[I 2026-03-18 18:38:47,413] Trial 46 pruned. 
[I 2026-03-18 18:38:51,892] Trial 48 pruned. 
[I 2026-03-18 18:38:56,940] Trial 47 pruned. 
[I 2026-03-18 18:38:57,313] Trial 35 pruned. 
[I 2026-03-18 18:39:15,360] Trial 43 finished with value: -3.1392704364831086 and parameters: {'n_layers_yyx': 2, 'hidden_size_yyx_l0': 2, 'hidden_size_yyx_l1': 6, 'context_size_yyx': 3, 'num_mix_components_yyx': 3, 'context_extractor_yyx': 'lstm', 'activation_func_yyx': 'ReLU', 'L2_weight_yyx': 6.934134749878234e-10, 'L_entropy_weight_yyx': 4.542801009875271e-06, 'L_sep_weight_yyx': 7.746359261497054e-08, 'L_scale_weight_yyx': 2.5387310539026757e-09, 'learning_rate_yyx': 0.008223805042543482}. Best is trial 41 with value: -3.168842214085981.
[I 2026-03-18 18:39:15,888] Trial 46 finished with value: -3.186414120526771 and parameters: {'n_layers_yyx': 2, 'hidden_size_yyx_l0': 6, 'hidden_size_yyx_l1': 5, 'context_size_yyx': 2, 'num_mix_components_yyx': 5, 'context_extractor_yyx': 'lstm', 'activation_func_yyx': 'ReLU', 'L2_weight_yyx': 2.299273585065358e-05, 'L_entropy_weight_yyx': 2.0361681862571318e-10, 'L_sep_weight_yyx': 4.424094683527488e-07, 'L_scale_weight_yyx': 0.0009596097642292493, 'learning_rate_yyx': 0.006806759826059127}. Best is trial 12 with value: -3.1893335216865584.
[I 2026-03-18 18:39:16,621] Trial 49 pruned. 

Source events: 54211
Target events: 9421
Full model ln_yyx : 2525.98930 nats/sec, 241.31094 nats/event
Full model Log loss : -3.11788
Full model ln_yyx : 2546.42046 nats/sec, 243.26275 nats/event
Full model Log loss : -3.12673
Full model ln_yyx : 2531.34834 nats/sec, 241.82290 nats/event
Full model Log loss : -3.12218
Full model ln_yyx : 2511.32576 nats/sec, 239.91011 nats/event
Full model Log loss : -3.11105
Full model ln_yyx : 2557.33719 nats/sec, 244.30564 nats/event
Full model Log loss : -3.15773
Full model ln_yyx : 2577.47059 nats/sec, 246.22901 nats/event
Full model Log loss : -3.16111
Full model ln_yyx : 2555.15315 nats/sec, 244.09700 nats/event
Full model Log loss : -3.15485
Full model ln_yyx : 2553.62577 nats/sec, 243.95109 nats/event
Full model Log loss : -3.15821
Full model ln_yyx : 2519.44732 nats/sec, 240.68598 nats/event
Full model Log loss : -3.11554
Full model ln_yyx : 2556.50923 nats/sec, 244.22655 nats/event
Full model Log loss : -3.16024
Full model ln_yyx : 2556.89780 nats/sec, 244.26367 nats/event
Full model Log loss : -3.16065
Full model ln_yyx : 2565.18582 nats/sec, 245.05543 nats/event
Full model Log loss : -3.15621
Full model ln_yyx : 2557.15968 nats/sec, 244.28869 nats/event
Full model Log loss : -3.15529
Full model ln_yyx : 2571.96210 nats/sec, 245.70278 nats/event
Full model Log loss : -3.16020
Full model ln_yyx : 2548.12304 nats/sec, 243.42540 nats/event
Full model Log loss : -3.15538
Full model ln_yyx : 2538.47548 nats/sec, 242.50376 nats/event
Full model Log loss : -3.12845
Optimization finished. Config saved to results/opt-full/opt_full_81_best_config.txt
[I 2026-03-18 18:39:21,956] Trial 48 pruned. 
[I 2026-03-18 18:39:22,670] Trial 36 pruned. 
[I 2026-03-18 18:39:26,271] Trial 35 pruned. 
[I 2026-03-18 18:39:28,131] Trial 47 pruned. 
[I 2026-03-18 18:39:30,370] Trial 39 pruned. 
[I 2026-03-18 18:39:32,351] Trial 49 pruned. 

Source events: 54211
Target events: 14713
Full model ln_yyx : 3942.45214 nats/sec, 241.16135 nats/event
Full model Log loss : -3.11270
Full model ln_yyx : 3979.27707 nats/sec, 243.41394 nats/event
Full model Log loss : -3.14573
Full model ln_yyx : 3989.89006 nats/sec, 244.06315 nats/event
Full model Log loss : -3.15123
Full model ln_yyx : 3928.99070 nats/sec, 240.33791 nats/event
Full model Log loss : -3.10731
Full model ln_yyx : 3977.48881 nats/sec, 243.30456 nats/event
Full model Log loss : -3.14706
Full model ln_yyx : 3977.11997 nats/sec, 243.28199 nats/event
Full model Log loss : -3.14173
Full model ln_yyx : 3965.45605 nats/sec, 242.56851 nats/event
Full model Log loss : -3.15030
Full model ln_yyx : 3956.22398 nats/sec, 242.00378 nats/event
Full model Log loss : -3.11841
Full model ln_yyx : 3965.40616 nats/sec, 242.56546 nats/event
Full model Log loss : -3.11811
Full model ln_yyx : 3985.28899 nats/sec, 243.78170 nats/event
Full model Log loss : -3.14105
Full model ln_yyx : 3964.74723 nats/sec, 242.52515 nats/event
Full model Log loss : -3.11789
Full model ln_yyx : 3962.33498 nats/sec, 242.37759 nats/event
Full model Log loss : -3.11432
Full model ln_yyx : 4006.91269 nats/sec, 245.10443 nats/event
Full model Log loss : -3.14695
Full model ln_yyx : 3959.37534 nats/sec, 242.19655 nats/event
Full model Log loss : -3.11371
Optimization finished. Config saved to results/opt-full/opt_full_70_best_config.txt
[I 2026-03-18 18:39:41,775] Trial 40 pruned. 
[I 2026-03-18 18:39:48,295] Trial 37 pruned. 
[I 2026-03-18 18:40:02,056] Trial 47 finished with value: -3.157340093673615 and parameters: {'n_layers_yyx': 2, 'hidden_size_yyx_l0': 5, 'hidden_size_yyx_l1': 6, 'context_size_yyx': 4, 'num_mix_components_yyx': 4, 'context_extractor_yyx': 'gru', 'activation_func_yyx': 'GELU', 'L2_weight_yyx': 1.5372013696950169e-06, 'L_entropy_weight_yyx': 3.1887066919002294e-07, 'L_sep_weight_yyx': 4.121974121090123e-07, 'L_scale_weight_yyx': 0.00040140251400199437, 'learning_rate_yyx': 0.006875104004757133}. Best is trial 12 with value: -3.1893335216865584.
[I 2026-03-18 18:40:14,352] Trial 38 pruned. 
[I 2026-03-18 18:40:16,401] Trial 39 finished with value: -3.1621467102733707 and parameters: {'n_layers_yyx': 1, 'hidden_size_yyx_l0': 5, 'context_size_yyx': 4, 'num_mix_components_yyx': 3, 'context_extractor_yyx': 'gru', 'activation_func_yyx': 'ReLU', 'L2_weight_yyx': 1.0966096677740609e-09, 'L_entropy_weight_yyx': 4.521508056619439e-08, 'L_sep_weight_yyx': 2.7184570658859196e-05, 'L_scale_weight_yyx': 9.300608029729471e-09, 'learning_rate_yyx': 0.008733084592858514}. Best is trial 39 with value: -3.1621467102733707.
[I 2026-03-18 18:40:25,109] Trial 39 pruned. 
[I 2026-03-18 18:40:34,569] Trial 36 pruned. 
[I 2026-03-18 18:40:36,303] Trial 40 pruned. 
[I 2026-03-18 18:40:36,369] Trial 48 pruned. 
[I 2026-03-18 18:40:37,281] Trial 42 finished with value: -3.1495212180984056 and parameters: {'n_layers_yyx': 1, 'hidden_size_yyx_l0': 2, 'context_size_yyx': 4, 'num_mix_components_yyx': 3, 'context_extractor_yyx': 'gru', 'activation_func_yyx': 'GELU', 'L2_weight_yyx': 7.640306786956004e-07, 'L_entropy_weight_yyx': 9.606834432036197e-05, 'L_sep_weight_yyx': 0.00016153085446553737, 'L_scale_weight_yyx': 2.4131392747625137e-06, 'learning_rate_yyx': 0.007255273695080631}. Best is trial 1 with value: -3.152505646630136.
[I 2026-03-18 18:40:38,233] Trial 49 finished with value: -3.115589936589291 and parameters: {'n_layers_yyx': 2, 'hidden_size_yyx_l0': 3, 'hidden_size_yyx_l1': 4, 'context_size_yyx': 4, 'num_mix_components_yyx': 4, 'context_extractor_yyx': 'gru', 'activation_func_yyx': 'ReLU', 'L2_weight_yyx': 4.4086615487694663e-07, 'L_entropy_weight_yyx': 1.639185064192742e-08, 'L_sep_weight_yyx': 1.3647578473935907e-07, 'L_scale_weight_yyx': 0.0005146778908194148, 'learning_rate_yyx': 0.000945090014021688}. Best is trial 23 with value: -3.1545382986021053.

Source events: 54211
Target events: 12539
Full model ln_yyx : 3367.32967 nats/sec, 241.69365 nats/event
Full model Log loss : -3.11906
Full model ln_yyx : 3344.98791 nats/sec, 240.09005 nats/event
Full model Log loss : -3.10711
Full model ln_yyx : 3356.82748 nats/sec, 240.93985 nats/event
Full model Log loss : -3.11337
Full model ln_yyx : 3372.38445 nats/sec, 242.05646 nats/event
Full model Log loss : -3.11925
Full model ln_yyx : 3376.94239 nats/sec, 242.38362 nats/event
Full model Log loss : -3.11470
Full model ln_yyx : 3397.11139 nats/sec, 243.83127 nats/event
Full model Log loss : -3.14806
Full model ln_yyx : 3399.91471 nats/sec, 244.03248 nats/event
Full model Log loss : -3.14588
Full model ln_yyx : 3390.11662 nats/sec, 243.32921 nats/event
Full model Log loss : -3.13754
Full model ln_yyx : 3415.42427 nats/sec, 245.14569 nats/event
Full model Log loss : -3.14768
Full model ln_yyx : 3407.44705 nats/sec, 244.57312 nats/event
Full model Log loss : -3.15454
Full model ln_yyx : 3381.43195 nats/sec, 242.70586 nats/event
Full model Log loss : -3.11788
Full model ln_yyx : 3404.68050 nats/sec, 244.37455 nats/event
Full model Log loss : -3.14740
Full model ln_yyx : 3359.64296 nats/sec, 241.14193 nats/event
Full model Log loss : -3.12118
Full model ln_yyx : 3363.67943 nats/sec, 241.43165 nats/event
Full model Log loss : -3.11965
Full model ln_yyx : 3398.84443 nats/sec, 243.95566 nats/event
Full model Log loss : -3.14602
Full model ln_yyx : 3381.33562 nats/sec, 242.69894 nats/event
Full model Log loss : -3.12077
Full model ln_yyx : 3361.69720 nats/sec, 241.28938 nats/event
Full model Log loss : -3.11559
Optimization finished. Config saved to results/opt-full/opt_full_82_best_config.txt
[I 2026-03-18 18:40:44,695] Trial 37 pruned. 
[I 2026-03-18 18:40:48,278] Trial 48 finished with value: -3.1799917406594127 and parameters: {'n_layers_yyx': 2, 'hidden_size_yyx_l0': 6, 'hidden_size_yyx_l1': 4, 'context_size_yyx': 2, 'num_mix_components_yyx': 3, 'context_extractor_yyx': 'lstm', 'activation_func_yyx': 'ReLU', 'L2_weight_yyx': 2.0588325837377103e-05, 'L_entropy_weight_yyx': 1.926758560777305e-05, 'L_sep_weight_yyx': 1.1111644107319842e-10, 'L_scale_weight_yyx': 0.00020228800213878048, 'learning_rate_yyx': 0.008719077641150888}. Best is trial 12 with value: -3.1893335216865584.
[I 2026-03-18 18:40:48,503] Trial 43 pruned. 
[I 2026-03-18 18:40:55,004] Trial 38 pruned. 
[I 2026-03-18 18:41:02,249] Trial 41 pruned. 
[I 2026-03-18 18:41:11,311] Trial 49 pruned. 

Source events: 54211
Target events: 1872
Full model ln_yyx : 500.96888 nats/sec, 240.85042 nats/event
Full model Log loss : -3.14423
Full model ln_yyx : 503.40257 nats/sec, 242.02047 nats/event
Full model Log loss : -3.15044
Full model ln_yyx : 505.52056 nats/sec, 243.03873 nats/event
Full model Log loss : -3.15344
Full model ln_yyx : 503.95241 nats/sec, 242.28481 nats/event
Full model Log loss : -3.14772
Full model ln_yyx : 510.18803 nats/sec, 245.28271 nats/event
Full model Log loss : -3.18137
Full model ln_yyx : 507.13614 nats/sec, 243.81545 nats/event
Full model Log loss : -3.18062
Full model ln_yyx : 502.18235 nats/sec, 241.43382 nats/event
Full model Log loss : -3.14425
Full model ln_yyx : 501.47663 nats/sec, 241.09453 nats/event
Full model Log loss : -3.14635
Full model ln_yyx : 509.73977 nats/sec, 245.06720 nats/event
Full model Log loss : -3.18933
Full model ln_yyx : 506.89792 nats/sec, 243.70092 nats/event
Full model Log loss : -3.15934
Full model ln_yyx : 504.73382 nats/sec, 242.66049 nats/event
Full model Log loss : -3.15204
Full model ln_yyx : 506.05426 nats/sec, 243.29532 nats/event
Full model Log loss : -3.15660
Full model ln_yyx : 511.07471 nats/sec, 245.70899 nats/event
Full model Log loss : -3.18671
Full model ln_yyx : 508.66226 nats/sec, 244.54916 nats/event
Full model Log loss : -3.18067
Full model ln_yyx : 506.94956 nats/sec, 243.72575 nats/event
Full model Log loss : -3.17794
Full model ln_yyx : 508.30578 nats/sec, 244.37778 nats/event
Full model Log loss : -3.18090
Full model ln_yyx : 508.00696 nats/sec, 244.23411 nats/event
Full model Log loss : -3.18505
Full model ln_yyx : 503.70105 nats/sec, 242.16397 nats/event
Full model Log loss : -3.15191
Full model ln_yyx : 507.47045 nats/sec, 243.97618 nats/event
Full model Log loss : -3.17818
Full model ln_yyx : 509.01946 nats/sec, 244.72089 nats/event
Full model Log loss : -3.18032
Full model ln_yyx : 509.78870 nats/sec, 245.09072 nats/event
Full model Log loss : -3.18641
Full model ln_yyx : 505.42078 nats/sec, 242.99076 nats/event
Full model Log loss : -3.15734
Full model ln_yyx : 507.57368 nats/sec, 244.02581 nats/event
Full model Log loss : -3.17999
Optimization finished. Config saved to results/opt-full/opt_full_79_best_config.txt
[I 2026-03-18 18:41:26,942] Trial 42 pruned. 
[I 2026-03-18 18:41:30,210] Trial 47 finished with value: -3.145554452191514 and parameters: {'n_layers_yyx': 1, 'hidden_size_yyx_l0': 5, 'context_size_yyx': 1, 'num_mix_components_yyx': 3, 'context_extractor_yyx': 'gru', 'activation_func_yyx': 'GELU', 'L2_weight_yyx': 6.332589779641774e-07, 'L_entropy_weight_yyx': 5.646138550614629e-06, 'L_sep_weight_yyx': 3.28836939359514e-08, 'L_scale_weight_yyx': 4.0526708404666104e-10, 'learning_rate_yyx': 0.0016262117596345586}. Best is trial 24 with value: -3.1533369159995748.
[I 2026-03-18 18:41:35,796] Trial 44 finished with value: -3.1708696748887375 and parameters: {'n_layers_yyx': 2, 'hidden_size_yyx_l0': 6, 'hidden_size_yyx_l1': 5, 'context_size_yyx': 3, 'num_mix_components_yyx': 3, 'context_extractor_yyx': 'lstm', 'activation_func_yyx': 'ReLU', 'L2_weight_yyx': 3.1123734836051094e-09, 'L_entropy_weight_yyx': 1.6152433886780806e-07, 'L_sep_weight_yyx': 1.5419838930388463e-09, 'L_scale_weight_yyx': 1.4917656615986937e-07, 'learning_rate_yyx': 0.004614793440827595}. Best is trial 44 with value: -3.1708696748887375.
[I 2026-03-18 18:41:51,799] Trial 43 pruned. 
[I 2026-03-18 18:41:55,762] Trial 41 finished with value: -3.1538762865545746 and parameters: {'n_layers_yyx': 2, 'hidden_size_yyx_l0': 6, 'hidden_size_yyx_l1': 4, 'context_size_yyx': 4, 'num_mix_components_yyx': 5, 'context_extractor_yyx': 'gru', 'activation_func_yyx': 'GELU', 'L2_weight_yyx': 7.549586831906118e-07, 'L_entropy_weight_yyx': 7.528073366239852e-10, 'L_sep_weight_yyx': 0.0002021995484075617, 'L_scale_weight_yyx': 2.3999316482542705e-10, 'learning_rate_yyx': 0.00995762545651511}. Best is trial 41 with value: -3.1538762865545746.
[I 2026-03-18 18:42:00,559] Trial 49 finished with value: -3.1504074301128457 and parameters: {'n_layers_yyx': 2, 'hidden_size_yyx_l0': 2, 'hidden_size_yyx_l1': 6, 'context_size_yyx': 4, 'num_mix_components_yyx': 5, 'context_extractor_yyx': 'lstm', 'activation_func_yyx': 'GELU', 'L2_weight_yyx': 1.5016561093466195e-10, 'L_entropy_weight_yyx': 0.0009939676972416096, 'L_sep_weight_yyx': 1.0364439241039748e-09, 'L_scale_weight_yyx': 2.0298413437034892e-10, 'learning_rate_yyx': 0.009795281370785705}. Best is trial 45 with value: -3.1510005043146405.

Source events: 54211
Target events: 29032
Full model ln_yyx : 7857.82051 nats/sec, 243.59460 nats/event
Full model Log loss : -3.14608
Full model ln_yyx : 7790.13976 nats/sec, 241.49648 nats/event
Full model Log loss : -3.11720
Full model ln_yyx : 7861.48935 nats/sec, 243.70834 nats/event
Full model Log loss : -3.13784
Full model ln_yyx : 7774.55069 nats/sec, 241.01321 nats/event
Full model Log loss : -3.11105
Full model ln_yyx : 7778.21883 nats/sec, 241.12693 nats/event
Full model Log loss : -3.11442
Full model ln_yyx : 7798.46154 nats/sec, 241.75446 nats/event
Full model Log loss : -3.11990
Full model ln_yyx : 7756.06498 nats/sec, 240.44015 nats/event
Full model Log loss : -3.10839
Full model ln_yyx : 7830.30910 nats/sec, 242.74174 nats/event
Full model Log loss : -3.11998
Full model ln_yyx : 7846.46342 nats/sec, 243.24253 nats/event
Full model Log loss : -3.14049
Full model ln_yyx : 7767.39814 nats/sec, 240.79148 nats/event
Full model Log loss : -3.11410
Full model ln_yyx : 7866.52592 nats/sec, 243.86447 nats/event
Full model Log loss : -3.15048
Full model ln_yyx : 7816.20109 nats/sec, 242.30439 nats/event
Full model Log loss : -3.12112
Full model ln_yyx : 7818.36846 nats/sec, 242.37158 nats/event
Full model Log loss : -3.12117
Full model ln_yyx : 7887.50070 nats/sec, 244.51470 nats/event
Full model Log loss : -3.15016
Full model ln_yyx : 7862.72333 nats/sec, 243.74659 nats/event
Full model Log loss : -3.15055
Full model ln_yyx : 7926.94570 nats/sec, 245.73750 nats/event
Full model Log loss : -3.15092
Full model ln_yyx : 7903.62052 nats/sec, 245.01441 nats/event
Full model Log loss : -3.15100
Full model ln_yyx : 7915.05082 nats/sec, 245.36876 nats/event
Full model Log loss : -3.15043
Full model ln_yyx : 7918.51060 nats/sec, 245.47601 nats/event
Full model Log loss : -3.15041
Optimization finished. Config saved to results/opt-full/opt_full_72_best_config.txt
[I 2026-03-18 18:42:15,608] Trial 44 pruned. 
[I 2026-03-18 18:42:19,807] Trial 40 finished with value: -3.159484955881525 and parameters: {'n_layers_yyx': 1, 'hidden_size_yyx_l0': 6, 'context_size_yyx': 4, 'num_mix_components_yyx': 3, 'context_extractor_yyx': 'gru', 'activation_func_yyx': 'ReLU', 'L2_weight_yyx': 1.0613602204032877e-09, 'L_entropy_weight_yyx': 4.121800637162348e-07, 'L_sep_weight_yyx': 0.00035140255927855295, 'L_scale_weight_yyx': 9.2377443589955e-09, 'learning_rate_yyx': 0.006027411244144129}. Best is trial 39 with value: -3.1621467102733707.
[I 2026-03-18 18:42:28,274] Trial 44 finished with value: -3.1512674489486034 and parameters: {'n_layers_yyx': 1, 'hidden_size_yyx_l0': 6, 'context_size_yyx': 4, 'num_mix_components_yyx': 4, 'context_extractor_yyx': 'gru', 'activation_func_yyx': 'GELU', 'L2_weight_yyx': 2.9791771305304133e-06, 'L_entropy_weight_yyx': 0.0007143850611326061, 'L_sep_weight_yyx': 0.0008493868276322395, 'L_scale_weight_yyx': 9.479006789750465e-05, 'learning_rate_yyx': 0.008495638473047722}. Best is trial 1 with value: -3.152505646630136.
[I 2026-03-18 18:42:31,817] Trial 39 finished with value: -3.1511960283320337 and parameters: {'n_layers_yyx': 1, 'hidden_size_yyx_l0': 5, 'context_size_yyx': 4, 'num_mix_components_yyx': 3, 'context_extractor_yyx': 'lstm', 'activation_func_yyx': 'GELU', 'L2_weight_yyx': 1.0384746039436345e-08, 'L_entropy_weight_yyx': 2.769651002368916e-06, 'L_sep_weight_yyx': 7.578497455012332e-07, 'L_scale_weight_yyx': 1.9630506078624828e-08, 'learning_rate_yyx': 0.005726330234131588}. Best is trial 5 with value: -3.154335707688014.
[I 2026-03-18 18:42:34,512] Trial 48 pruned. 
[I 2026-03-18 18:42:40,235] Trial 45 pruned. 
[I 2026-03-18 18:42:44,852] Trial 41 pruned. 
[I 2026-03-18 18:42:52,816] Trial 45 pruned. 
[I 2026-03-18 18:43:04,327] Trial 46 pruned. 
[I 2026-03-18 18:43:04,862] Trial 46 pruned. 
[I 2026-03-18 18:43:14,588] Trial 47 pruned. 
[I 2026-03-18 18:43:17,308] Trial 45 finished with value: -3.1687108477493457 and parameters: {'n_layers_yyx': 2, 'hidden_size_yyx_l0': 6, 'hidden_size_yyx_l1': 5, 'context_size_yyx': 3, 'num_mix_components_yyx': 3, 'context_extractor_yyx': 'lstm', 'activation_func_yyx': 'ReLU', 'L2_weight_yyx': 9.985887000724457e-08, 'L_entropy_weight_yyx': 4.5857379970123393e-07, 'L_sep_weight_yyx': 1.8759603599620475e-09, 'L_scale_weight_yyx': 1.453706241917809e-07, 'learning_rate_yyx': 0.00322302090006961}. Best is trial 44 with value: -3.1708696748887375.
[I 2026-03-18 18:43:24,671] Trial 48 pruned. 
[I 2026-03-18 18:43:35,710] Trial 49 pruned. 

Source events: 54211
Target events: 38515
Full model ln_yyx : 10290.63310 nats/sec, 240.46657 nats/event
Full model Log loss : -3.11733
Full model ln_yyx : 10433.02000 nats/sec, 243.79379 nats/event
Full model Log loss : -3.14595
Full model ln_yyx : 10402.90093 nats/sec, 243.08999 nats/event
Full model Log loss : -3.14726
Full model ln_yyx : 10350.23874 nats/sec, 241.85940 nats/event
Full model Log loss : -3.11561
Full model ln_yyx : 10475.55201 nats/sec, 244.78766 nats/event
Full model Log loss : -3.15063
Full model ln_yyx : 10395.67668 nats/sec, 242.92117 nats/event
Full model Log loss : -3.13945
Full model ln_yyx : 10445.92177 nats/sec, 244.09528 nats/event
Full model Log loss : -3.15152
Full model ln_yyx : 10417.05370 nats/sec, 243.42070 nats/event
Full model Log loss : -3.15065
Full model ln_yyx : 10383.79548 nats/sec, 242.64354 nats/event
Full model Log loss : -3.15013
Full model ln_yyx : 10324.16465 nats/sec, 241.25012 nats/event
Full model Log loss : -3.11842
Full model ln_yyx : 10347.11544 nats/sec, 241.78642 nats/event
Full model Log loss : -3.13729
Full model ln_yyx : 10412.63557 nats/sec, 243.31746 nats/event
Full model Log loss : -3.15017
Full model ln_yyx : 10372.62514 nats/sec, 242.38252 nats/event
Full model Log loss : -3.14830
Full model ln_yyx : 10334.49820 nats/sec, 241.49158 nats/event
Full model Log loss : -3.11338
Full model ln_yyx : 10294.77230 nats/sec, 240.56329 nats/event
Full model Log loss : -3.11447
Full model ln_yyx : 10426.32656 nats/sec, 243.63739 nats/event
Full model Log loss : -3.14938
Optimization finished. Config saved to results/opt-full/opt_full_74_best_config.txt
[I 2026-03-18 18:43:40,380] Trial 49 pruned. 

Source events: 54211
Target events: 18269
Full model ln_yyx : 4886.23872 nats/sec, 240.71459 nats/event
Full model Log loss : -3.11068
Full model ln_yyx : 4887.86163 nats/sec, 240.79454 nats/event
Full model Log loss : -3.11105
Full model ln_yyx : 4987.07871 nats/sec, 245.68235 nats/event
Full model Log loss : -3.15014
Full model ln_yyx : 4892.38140 nats/sec, 241.01720 nats/event
Full model Log loss : -3.11195
Full model ln_yyx : 4948.13106 nats/sec, 243.76364 nats/event
Full model Log loss : -3.14039
Full model ln_yyx : 4882.73350 nats/sec, 240.54191 nats/event
Full model Log loss : -3.12198
Full model ln_yyx : 4907.33524 nats/sec, 241.75388 nats/event
Full model Log loss : -3.11455
Full model ln_yyx : 4947.28280 nats/sec, 243.72185 nats/event
Full model Log loss : -3.14812
Full model ln_yyx : 4925.88565 nats/sec, 242.66775 nats/event
Full model Log loss : -3.12059
Full model ln_yyx : 4902.14503 nats/sec, 241.49819 nats/event
Full model Log loss : -3.12269
Full model ln_yyx : 4990.08553 nats/sec, 245.83048 nats/event
Full model Log loss : -3.15334
Full model ln_yyx : 4965.73787 nats/sec, 244.63102 nats/event
Full model Log loss : -3.14498
Full model ln_yyx : 4971.06200 nats/sec, 244.89331 nats/event
Full model Log loss : -3.14892
Full model ln_yyx : 4902.86957 nats/sec, 241.53389 nats/event
Full model Log loss : -3.11235
Full model ln_yyx : 4948.17363 nats/sec, 243.76574 nats/event
Full model Log loss : -3.14555
Optimization finished. Config saved to results/opt-full/opt_full_77_best_config.txt
[I 2026-03-18 18:44:03,933] Trial 42 finished with value: -3.153135141261372 and parameters: {'n_layers_yyx': 2, 'hidden_size_yyx_l0': 6, 'hidden_size_yyx_l1': 4, 'context_size_yyx': 4, 'num_mix_components_yyx': 5, 'context_extractor_yyx': 'gru', 'activation_func_yyx': 'GELU', 'L2_weight_yyx': 1.5638829761058476e-07, 'L_entropy_weight_yyx': 3.907864923494477e-10, 'L_sep_weight_yyx': 0.0003180200045239453, 'L_scale_weight_yyx': 1.2550529046432481e-09, 'learning_rate_yyx': 0.009899917823872466}. Best is trial 41 with value: -3.1538762865545746.
[I 2026-03-18 18:44:19,936] Trial 46 pruned. 
[I 2026-03-18 18:44:20,302] Trial 40 finished with value: -3.1136912313529264 and parameters: {'n_layers_yyx': 2, 'hidden_size_yyx_l0': 6, 'hidden_size_yyx_l1': 5, 'context_size_yyx': 1, 'num_mix_components_yyx': 4, 'context_extractor_yyx': 'gru', 'activation_func_yyx': 'Tanh', 'L2_weight_yyx': 2.4388949933395864e-09, 'L_entropy_weight_yyx': 3.062670003941429e-08, 'L_sep_weight_yyx': 2.945673086627144e-09, 'L_scale_weight_yyx': 3.4685355611603176e-06, 'learning_rate_yyx': 0.0031516148941062613}. Best is trial 5 with value: -3.154335707688014.
[I 2026-03-18 18:44:29,207] Trial 43 pruned. 
[I 2026-03-18 18:44:43,774] Trial 41 pruned. 
[I 2026-03-18 18:44:45,491] Trial 42 finished with value: -3.1606948710744893 and parameters: {'n_layers_yyx': 1, 'hidden_size_yyx_l0': 6, 'context_size_yyx': 4, 'num_mix_components_yyx': 3, 'context_extractor_yyx': 'gru', 'activation_func_yyx': 'ReLU', 'L2_weight_yyx': 3.4392459253632313e-10, 'L_entropy_weight_yyx': 5.5512172302842915e-08, 'L_sep_weight_yyx': 0.0001492159255193011, 'L_scale_weight_yyx': 8.29829473948046e-09, 'learning_rate_yyx': 0.006387576016027974}. Best is trial 39 with value: -3.1621467102733707.
[I 2026-03-18 18:44:53,766] Trial 44 pruned. 
[I 2026-03-18 18:45:15,553] Trial 47 finished with value: -3.150147981604986 and parameters: {'n_layers_yyx': 1, 'hidden_size_yyx_l0': 5, 'context_size_yyx': 4, 'num_mix_components_yyx': 4, 'context_extractor_yyx': 'gru', 'activation_func_yyx': 'Tanh', 'L2_weight_yyx': 8.913823277486644e-06, 'L_entropy_weight_yyx': 1.0585509926949033e-07, 'L_sep_weight_yyx': 3.230390553837629e-09, 'L_scale_weight_yyx': 7.350122810623899e-05, 'learning_rate_yyx': 0.0057759781838093}. Best is trial 1 with value: -3.152505646630136.
[I 2026-03-18 18:45:17,022] Trial 45 pruned. 
[I 2026-03-18 18:45:21,489] Trial 47 pruned. 
[I 2026-03-18 18:46:16,751] Trial 46 finished with value: -3.1455144874110257 and parameters: {'n_layers_yyx': 2, 'hidden_size_yyx_l0': 6, 'hidden_size_yyx_l1': 5, 'context_size_yyx': 3, 'num_mix_components_yyx': 4, 'context_extractor_yyx': 'gru', 'activation_func_yyx': 'GELU', 'L2_weight_yyx': 3.8901170587240795e-08, 'L_entropy_weight_yyx': 3.6118627479826815e-09, 'L_sep_weight_yyx': 0.0002503440843337084, 'L_scale_weight_yyx': 6.189014835071395e-10, 'learning_rate_yyx': 0.007533873300004674}. Best is trial 41 with value: -3.1538762865545746.
[I 2026-03-18 18:46:26,809] Trial 42 finished with value: -3.152077181940211 and parameters: {'n_layers_yyx': 2, 'hidden_size_yyx_l0': 6, 'hidden_size_yyx_l1': 5, 'context_size_yyx': 4, 'num_mix_components_yyx': 3, 'context_extractor_yyx': 'lstm', 'activation_func_yyx': 'GELU', 'L2_weight_yyx': 3.498799208646362e-10, 'L_entropy_weight_yyx': 1.2353815499421588e-05, 'L_sep_weight_yyx': 4.945269416796276e-10, 'L_scale_weight_yyx': 0.0001990802748809967, 'learning_rate_yyx': 0.004329688392153973}. Best is trial 5 with value: -3.154335707688014.
[I 2026-03-18 18:46:30,342] Trial 43 finished with value: -3.1612484991810432 and parameters: {'n_layers_yyx': 1, 'hidden_size_yyx_l0': 6, 'context_size_yyx': 4, 'num_mix_components_yyx': 3, 'context_extractor_yyx': 'gru', 'activation_func_yyx': 'ReLU', 'L2_weight_yyx': 2.280845519228874e-10, 'L_entropy_weight_yyx': 3.998752831395634e-08, 'L_sep_weight_yyx': 0.00010176015636286244, 'L_scale_weight_yyx': 1.191233585848801e-08, 'learning_rate_yyx': 0.007848703497244893}. Best is trial 39 with value: -3.1621467102733707.
[I 2026-03-18 18:46:47,385] Trial 48 finished with value: -3.1658621242910403 and parameters: {'n_layers_yyx': 2, 'hidden_size_yyx_l0': 6, 'hidden_size_yyx_l1': 6, 'context_size_yyx': 3, 'num_mix_components_yyx': 4, 'context_extractor_yyx': 'lstm', 'activation_func_yyx': 'ReLU', 'L2_weight_yyx': 3.122673808569577e-09, 'L_entropy_weight_yyx': 2.0288829903088923e-06, 'L_sep_weight_yyx': 6.960703494612502e-09, 'L_scale_weight_yyx': 7.616641733015268e-07, 'learning_rate_yyx': 0.004541885474828024}. Best is trial 44 with value: -3.1708696748887375.
[I 2026-03-18 18:47:00,806] Trial 48 finished with value: -3.150673083195496 and parameters: {'n_layers_yyx': 2, 'hidden_size_yyx_l0': 6, 'hidden_size_yyx_l1': 4, 'context_size_yyx': 4, 'num_mix_components_yyx': 4, 'context_extractor_yyx': 'lstm', 'activation_func_yyx': 'Tanh', 'L2_weight_yyx': 9.627722896741358e-06, 'L_entropy_weight_yyx': 1.3422073299060993e-07, 'L_sep_weight_yyx': 3.1690166790355107e-09, 'L_scale_weight_yyx': 2.4822231835755292e-05, 'learning_rate_yyx': 0.003934737135568241}. Best is trial 1 with value: -3.152505646630136.
[I 2026-03-18 18:47:11,369] Trial 49 pruned. 

Source events: 54211
Target events: 16159
Full model ln_yyx : 4372.17960 nats/sec, 243.51517 nats/event
Full model Log loss : -3.13365
Full model ln_yyx : 4386.25441 nats/sec, 244.29909 nats/event
Full model Log loss : -3.15251
Full model ln_yyx : 4335.09039 nats/sec, 241.44943 nats/event
Full model Log loss : -3.13285
Full model ln_yyx : 4329.94304 nats/sec, 241.16274 nats/event
Full model Log loss : -3.11216
Full model ln_yyx : 4396.56595 nats/sec, 244.87341 nats/event
Full model Log loss : -3.15198
Full model ln_yyx : 4392.09008 nats/sec, 244.62411 nats/event
Full model Log loss : -3.15057
Full model ln_yyx : 4352.03994 nats/sec, 242.39346 nats/event
Full model Log loss : -3.11993
Full model ln_yyx : 4356.83196 nats/sec, 242.66036 nats/event
Full model Log loss : -3.14677
Full model ln_yyx : 4391.24074 nats/sec, 244.57681 nats/event
Full model Log loss : -3.14921
Full model ln_yyx : 4331.94886 nats/sec, 241.27446 nats/event
Full model Log loss : -3.12150
Full model ln_yyx : 4392.99622 nats/sec, 244.67458 nats/event
Full model Log loss : -3.14885
Full model ln_yyx : 4380.79561 nats/sec, 243.99505 nats/event
Full model Log loss : -3.14967
Full model ln_yyx : 4397.74476 nats/sec, 244.93906 nats/event
Full model Log loss : -3.14962
Full model ln_yyx : 4356.75322 nats/sec, 242.65597 nats/event
Full model Log loss : -3.13913
Full model ln_yyx : 4402.91248 nats/sec, 245.22689 nats/event
Full model Log loss : -3.14883
Full model ln_yyx : 4351.75827 nats/sec, 242.37777 nats/event
Full model Log loss : -3.11856
Full model ln_yyx : 4387.97894 nats/sec, 244.39514 nats/event
Full model Log loss : -3.14952
Full model ln_yyx : 4407.31235 nats/sec, 245.47194 nats/event
Full model Log loss : -3.15127
Full model ln_yyx : 4381.54426 nats/sec, 244.03675 nats/event
Full model Log loss : -3.15015
Full model ln_yyx : 4383.77299 nats/sec, 244.16088 nats/event
Full model Log loss : -3.15067
Optimization finished. Config saved to results/opt-full/opt_full_84_best_config.txt
[I 2026-03-18 18:47:43,330] Trial 47 finished with value: -3.1524043881141286 and parameters: {'n_layers_yyx': 2, 'hidden_size_yyx_l0': 6, 'hidden_size_yyx_l1': 4, 'context_size_yyx': 4, 'num_mix_components_yyx': 5, 'context_extractor_yyx': 'gru', 'activation_func_yyx': 'GELU', 'L2_weight_yyx': 9.824252772270476e-07, 'L_entropy_weight_yyx': 5.206277532413101e-09, 'L_sep_weight_yyx': 0.000753801668552183, 'L_scale_weight_yyx': 1.3633712695973567e-09, 'learning_rate_yyx': 0.008493871500311556}. Best is trial 41 with value: -3.1538762865545746.
[I 2026-03-18 18:47:48,769] Trial 49 pruned. 

Source events: 54211
Target events: 3403
Full model ln_yyx : 918.55345 nats/sec, 242.93215 nats/event
Full model Log loss : -3.13736
Full model ln_yyx : 925.08826 nats/sec, 244.66043 nats/event
Full model Log loss : -3.16627
Full model ln_yyx : 921.61857 nats/sec, 243.74279 nats/event
Full model Log loss : -3.16552
Full model ln_yyx : 911.72931 nats/sec, 241.12735 nats/event
Full model Log loss : -3.12797
Full model ln_yyx : 926.08058 nats/sec, 244.92287 nats/event
Full model Log loss : -3.16581
Full model ln_yyx : 919.67334 nats/sec, 243.22833 nats/event
Full model Log loss : -3.16526
Full model ln_yyx : 924.05696 nats/sec, 244.38768 nats/event
Full model Log loss : -3.16611
Full model ln_yyx : 910.33580 nats/sec, 240.75881 nats/event
Full model Log loss : -3.13399
Full model ln_yyx : 915.99001 nats/sec, 242.25419 nats/event
Full model Log loss : -3.13663
Full model ln_yyx : 920.34056 nats/sec, 243.40479 nats/event
Full model Log loss : -3.16482
Full model ln_yyx : 927.70840 nats/sec, 245.35338 nats/event
Full model Log loss : -3.16884
Full model ln_yyx : 918.28143 nats/sec, 242.86021 nats/event
Full model Log loss : -3.13927
Full model ln_yyx : 924.22470 nats/sec, 244.43204 nats/event
Full model Log loss : -3.17087
Full model ln_yyx : 924.13231 nats/sec, 244.40760 nats/event
Full model Log loss : -3.16871
Full model ln_yyx : 924.97782 nats/sec, 244.63122 nats/event
Full model Log loss : -3.16586
Optimization finished. Config saved to results/opt-full/opt_full_71_best_config.txt
[I 2026-03-18 18:47:54,537] Trial 48 pruned. 
[I 2026-03-18 18:48:09,936] Trial 43 finished with value: -3.152704965526356 and parameters: {'n_layers_yyx': 2, 'hidden_size_yyx_l0': 6, 'hidden_size_yyx_l1': 5, 'context_size_yyx': 4, 'num_mix_components_yyx': 3, 'context_extractor_yyx': 'lstm', 'activation_func_yyx': 'GELU', 'L2_weight_yyx': 3.0455293295262205e-10, 'L_entropy_weight_yyx': 1.2814476426722248e-05, 'L_sep_weight_yyx': 2.8944000839937675e-10, 'L_scale_weight_yyx': 0.00022176697983847468, 'learning_rate_yyx': 0.005147780784723836}. Best is trial 5 with value: -3.154335707688014.
[I 2026-03-18 18:48:15,867] Trial 44 finished with value: -3.161434978772313 and parameters: {'n_layers_yyx': 1, 'hidden_size_yyx_l0': 6, 'context_size_yyx': 4, 'num_mix_components_yyx': 3, 'context_extractor_yyx': 'gru', 'activation_func_yyx': 'ReLU', 'L2_weight_yyx': 1.0112261815328172e-10, 'L_entropy_weight_yyx': 5.360015181119613e-08, 'L_sep_weight_yyx': 0.00011406678194766759, 'L_scale_weight_yyx': 7.584163062364809e-08, 'learning_rate_yyx': 0.0084466627739323}. Best is trial 39 with value: -3.1621467102733707.
[I 2026-03-18 18:48:18,306] Trial 49 pruned. 

Source events: 54211
Target events: 27060
Full model ln_yyx : 7225.05346 nats/sec, 240.30111 nats/event
Full model Log loss : -3.10752
Full model ln_yyx : 7245.36246 nats/sec, 240.97658 nats/event
Full model Log loss : -3.11616
Full model ln_yyx : 7350.40744 nats/sec, 244.47031 nats/event
Full model Log loss : -3.14726
Full model ln_yyx : 7337.87132 nats/sec, 244.05337 nats/event
Full model Log loss : -3.15014
Full model ln_yyx : 7343.18129 nats/sec, 244.22998 nats/event
Full model Log loss : -3.14648
Full model ln_yyx : 7298.51198 nats/sec, 242.74430 nats/event
Full model Log loss : -3.12115
Full model ln_yyx : 7339.31288 nats/sec, 244.10132 nats/event
Full model Log loss : -3.15165
Full model ln_yyx : 7307.30490 nats/sec, 243.03675 nats/event
Full model Log loss : -3.11980
Full model ln_yyx : 7341.43949 nats/sec, 244.17204 nats/event
Full model Log loss : -3.15170
Full model ln_yyx : 7377.28441 nats/sec, 245.36423 nats/event
Full model Log loss : -3.15275
Full model ln_yyx : 7375.65995 nats/sec, 245.31020 nats/event
Full model Log loss : -3.15013
Full model ln_yyx : 7363.66401 nats/sec, 244.91122 nats/event
Full model Log loss : -3.15229
Full model ln_yyx : 7333.04252 nats/sec, 243.89277 nats/event
Full model Log loss : -3.15085
Full model ln_yyx : 7346.51608 nats/sec, 244.34089 nats/event
Full model Log loss : -3.15326
Full model ln_yyx : 7369.48006 nats/sec, 245.10466 nats/event
Full model Log loss : -3.15293
Full model ln_yyx : 7397.60586 nats/sec, 246.04011 nats/event
Full model Log loss : -3.15334
Full model ln_yyx : 7364.46443 nats/sec, 244.93784 nats/event
Full model Log loss : -3.15388
Full model ln_yyx : 7330.71531 nats/sec, 243.81537 nats/event
Full model Log loss : -3.15314
Full model ln_yyx : 7357.93252 nats/sec, 244.72059 nats/event
Full model Log loss : -3.14551
Full model ln_yyx : 7361.48757 nats/sec, 244.83883 nats/event
Full model Log loss : -3.15240
Optimization finished. Config saved to results/opt-full/opt_full_75_best_config.txt
[I 2026-03-18 18:49:16,224] Trial 45 pruned. 
[I 2026-03-18 18:49:47,896] Trial 44 finished with value: -3.1521595081617404 and parameters: {'n_layers_yyx': 2, 'hidden_size_yyx_l0': 6, 'hidden_size_yyx_l1': 5, 'context_size_yyx': 4, 'num_mix_components_yyx': 3, 'context_extractor_yyx': 'lstm', 'activation_func_yyx': 'GELU', 'L2_weight_yyx': 2.484823696049744e-10, 'L_entropy_weight_yyx': 5.8067881836792705e-06, 'L_sep_weight_yyx': 6.13482326278295e-10, 'L_scale_weight_yyx': 0.00018097952040201692, 'learning_rate_yyx': 0.005489978267670169}. Best is trial 5 with value: -3.154335707688014.
[I 2026-03-18 18:50:36,211] Trial 45 finished with value: -3.122916544377156 and parameters: {'n_layers_yyx': 2, 'hidden_size_yyx_l0': 5, 'hidden_size_yyx_l1': 6, 'context_size_yyx': 3, 'num_mix_components_yyx': 2, 'context_extractor_yyx': 'lstm', 'activation_func_yyx': 'GELU', 'L2_weight_yyx': 3.5023284170283243e-10, 'L_entropy_weight_yyx': 5.2897288798718686e-06, 'L_sep_weight_yyx': 3.972888437037367e-10, 'L_scale_weight_yyx': 0.0008826460528739686, 'learning_rate_yyx': 0.008385948337222891}. Best is trial 5 with value: -3.154335707688014.
[I 2026-03-18 18:50:45,770] Trial 46 finished with value: -3.1603445468716664 and parameters: {'n_layers_yyx': 1, 'hidden_size_yyx_l0': 6, 'context_size_yyx': 4, 'num_mix_components_yyx': 3, 'context_extractor_yyx': 'gru', 'activation_func_yyx': 'ReLU', 'L2_weight_yyx': 2.6093950116361536e-10, 'L_entropy_weight_yyx': 3.8782194603305184e-08, 'L_sep_weight_yyx': 0.00010531494181198218, 'L_scale_weight_yyx': 2.858121531100332e-08, 'learning_rate_yyx': 0.0091224859799362}. Best is trial 39 with value: -3.1621467102733707.
[I 2026-03-18 18:50:58,356] Trial 46 pruned. 
[I 2026-03-18 18:51:08,023] Trial 47 pruned. 
[I 2026-03-18 18:51:31,439] Trial 48 pruned. 
[I 2026-03-18 18:51:46,345] Trial 47 pruned. 
[I 2026-03-18 18:51:54,013] Trial 49 pruned. 

Source events: 54211
Target events: 13628
Full model ln_yyx : 3627.69157 nats/sec, 239.57458 nats/event
Full model Log loss : -3.10894
Full model ln_yyx : 3680.26213 nats/sec, 243.04637 nats/event
Full model Log loss : -3.12356
Full model ln_yyx : 3635.74121 nats/sec, 240.10619 nats/event
Full model Log loss : -3.10768
Full model ln_yyx : 3693.92156 nats/sec, 243.94844 nats/event
Full model Log loss : -3.15434
Full model ln_yyx : 3696.23134 nats/sec, 244.10098 nats/event
Full model Log loss : -3.14518
Full model ln_yyx : 3672.61924 nats/sec, 242.54163 nats/event
Full model Log loss : -3.12234
Full model ln_yyx : 3669.69255 nats/sec, 242.34835 nats/event
Full model Log loss : -3.11896
Full model ln_yyx : 3662.44185 nats/sec, 241.86951 nats/event
Full model Log loss : -3.12216
Full model ln_yyx : 3672.70595 nats/sec, 242.54736 nats/event
Full model Log loss : -3.14925
Full model ln_yyx : 3698.39053 nats/sec, 244.24358 nats/event
Full model Log loss : -3.15122
Full model ln_yyx : 3697.01440 nats/sec, 244.15270 nats/event
Full model Log loss : -3.15122
Full model ln_yyx : 3697.69419 nats/sec, 244.19759 nats/event
Full model Log loss : -3.15122
Full model ln_yyx : 3698.59308 nats/sec, 244.25695 nats/event
Full model Log loss : -3.15122
Full model ln_yyx : 3649.07994 nats/sec, 240.98708 nats/event
Full model Log loss : -3.12356
Full model ln_yyx : 3661.28812 nats/sec, 241.79332 nats/event
Full model Log loss : -3.12209
Full model ln_yyx : 3664.09566 nats/sec, 241.97873 nats/event
Full model Log loss : -3.11600
Full model ln_yyx : 3691.97419 nats/sec, 243.81984 nats/event
Full model Log loss : -3.15116
Full model ln_yyx : 3701.80275 nats/sec, 244.46892 nats/event
Full model Log loss : -3.14902
Full model ln_yyx : 3644.10262 nats/sec, 240.65838 nats/event
Full model Log loss : -3.12139
Full model ln_yyx : 3715.54095 nats/sec, 245.37620 nats/event
Full model Log loss : -3.15240
Full model ln_yyx : 3705.49627 nats/sec, 244.71284 nats/event
Full model Log loss : -3.15120
Full model ln_yyx : 3653.60386 nats/sec, 241.28584 nats/event
Full model Log loss : -3.11369
Full model ln_yyx : 3713.93115 nats/sec, 245.26989 nats/event
Full model Log loss : -3.15208
Full model ln_yyx : 3716.27502 nats/sec, 245.42468 nats/event
Full model Log loss : -3.15270
Full model ln_yyx : 3704.14893 nats/sec, 244.62387 nats/event
Full model Log loss : -3.15216
Full model ln_yyx : 3675.09516 nats/sec, 242.70514 nats/event
Full model Log loss : -3.12292
Optimization finished. Config saved to results/opt-full/opt_full_78_best_config.txt
[I 2026-03-18 18:53:25,072] Trial 48 finished with value: -3.161253638496305 and parameters: {'n_layers_yyx': 1, 'hidden_size_yyx_l0': 6, 'context_size_yyx': 4, 'num_mix_components_yyx': 3, 'context_extractor_yyx': 'gru', 'activation_func_yyx': 'ReLU', 'L2_weight_yyx': 1.8922643004287853e-10, 'L_entropy_weight_yyx': 1.557120188772545e-07, 'L_sep_weight_yyx': 2.1018284319885877e-05, 'L_scale_weight_yyx': 2.003695345670711e-06, 'learning_rate_yyx': 0.00773526991623823}. Best is trial 39 with value: -3.1621467102733707.
[I 2026-03-18 18:53:34,659] Trial 49 pruned. 

Source events: 54211
Target events: 10752
Full model ln_yyx : 2900.49329 nats/sec, 242.78683 nats/event
Full model Log loss : -3.14643
Full model ln_yyx : 2886.26105 nats/sec, 241.59551 nats/event
Full model Log loss : -3.11986
Full model ln_yyx : 2875.68611 nats/sec, 240.71033 nats/event
Full model Log loss : -3.11535
Full model ln_yyx : 2886.64198 nats/sec, 241.62740 nats/event
Full model Log loss : -3.11595
Full model ln_yyx : 2910.97156 nats/sec, 243.66391 nats/event
Full model Log loss : -3.14716
Full model ln_yyx : 2892.11769 nats/sec, 242.08574 nats/event
Full model Log loss : -3.12769
Full model ln_yyx : 2909.90660 nats/sec, 243.57477 nats/event
Full model Log loss : -3.14506
Full model ln_yyx : 2921.22663 nats/sec, 244.52232 nats/event
Full model Log loss : -3.15591
Full model ln_yyx : 2917.64820 nats/sec, 244.22278 nats/event
Full model Log loss : -3.14810
Full model ln_yyx : 2899.53548 nats/sec, 242.70665 nats/event
Full model Log loss : -3.14708
Full model ln_yyx : 2891.15228 nats/sec, 242.00493 nats/event
Full model Log loss : -3.12006
Full model ln_yyx : 2929.52940 nats/sec, 245.21730 nats/event
Full model Log loss : -3.16194
Full model ln_yyx : 2922.74299 nats/sec, 244.64925 nats/event
Full model Log loss : -3.15357
Full model ln_yyx : 2911.46147 nats/sec, 243.70492 nats/event
Full model Log loss : -3.15270
Full model ln_yyx : 2911.49108 nats/sec, 243.70740 nats/event
Full model Log loss : -3.15269
Full model ln_yyx : 2918.01131 nats/sec, 244.25318 nats/event
Full model Log loss : -3.15551
Full model ln_yyx : 2931.49401 nats/sec, 245.38175 nats/event
Full model Log loss : -3.15454
Full model ln_yyx : 2898.16295 nats/sec, 242.59176 nats/event
Full model Log loss : -3.12684
Full model ln_yyx : 2913.13004 nats/sec, 243.84459 nats/event
Full model Log loss : -3.15307
Full model ln_yyx : 2937.42584 nats/sec, 245.87828 nats/event
Full model Log loss : -3.16215
Full model ln_yyx : 2913.90054 nats/sec, 243.90909 nats/event
Full model Log loss : -3.15948
Full model ln_yyx : 2915.38231 nats/sec, 244.03312 nats/event
Full model Log loss : -3.16069
Full model ln_yyx : 2929.54250 nats/sec, 245.21840 nats/event
Full model Log loss : -3.16125
Full model ln_yyx : 2930.97922 nats/sec, 245.33866 nats/event
Full model Log loss : -3.16143
Full model ln_yyx : 2910.07375 nats/sec, 243.58876 nats/event
Full model Log loss : -3.16034
Full model ln_yyx : 2927.76704 nats/sec, 245.06979 nats/event
Full model Log loss : -3.16125
Optimization finished. Config saved to results/opt-full/opt_full_76_best_config.txt
