Warning: Failed writing log files to directory [/var/log/nvidia-mps]. No logs will be available.
[I 2026-03-18 18:08:28,753] A new study created in RDB with name: opt_full-model_seed=42_task=176
[I 2026-03-18 18:08:30,635] A new study created in RDB with name: opt_full-model_seed=42_task=165
[I 2026-03-18 18:08:30,635] A new study created in RDB with name: opt_full-model_seed=42_task=170
[I 2026-03-18 18:08:32,834] A new study created in RDB with name: opt_full-model_seed=42_task=172
[I 2026-03-18 18:08:32,932] A new study created in RDB with name: opt_full-model_seed=42_task=161
[I 2026-03-18 18:08:32,989] A new study created in RDB with name: opt_full-model_seed=42_task=183
[I 2026-03-18 18:08:33,069] A new study created in RDB with name: opt_full-model_seed=42_task=164
[I 2026-03-18 18:08:33,256] A new study created in RDB with name: opt_full-model_seed=42_task=166
[I 2026-03-18 18:08:33,256] A new study created in RDB with name: opt_full-model_seed=42_task=188
[I 2026-03-18 18:08:33,686] A new study created in RDB with name: opt_full-model_seed=42_task=181
[I 2026-03-18 18:08:33,686] A new study created in RDB with name: opt_full-model_seed=42_task=191
[I 2026-03-18 18:08:33,686] A new study created in RDB with name: opt_full-model_seed=42_task=185
[I 2026-03-18 18:08:33,686] A new study created in RDB with name: opt_full-model_seed=42_task=186
[I 2026-03-18 18:08:35,283] A new study created in RDB with name: opt_full-model_seed=42_task=174
[I 2026-03-18 18:08:35,677] A new study created in RDB with name: opt_full-model_seed=42_task=189
[I 2026-03-18 18:08:35,813] A new study created in RDB with name: opt_full-model_seed=42_task=184
[I 2026-03-18 18:08:35,813] A new study created in RDB with name: opt_full-model_seed=42_task=167
[I 2026-03-18 18:08:35,813] A new study created in RDB with name: opt_full-model_seed=42_task=182
[I 2026-03-18 18:08:35,813] A new study created in RDB with name: opt_full-model_seed=42_task=168
[I 2026-03-18 18:08:35,814] A new study created in RDB with name: opt_full-model_seed=42_task=162
[I 2026-03-18 18:08:35,814] A new study created in RDB with name: opt_full-model_seed=42_task=179
[I 2026-03-18 18:08:35,814] A new study created in RDB with name: opt_full-model_seed=42_task=178
[I 2026-03-18 18:08:35,814] A new study created in RDB with name: opt_full-model_seed=42_task=187
[I 2026-03-18 18:08:35,815] A new study created in RDB with name: opt_full-model_seed=42_task=173
[I 2026-03-18 18:08:35,816] A new study created in RDB with name: opt_full-model_seed=42_task=190
[I 2026-03-18 18:08:36,181] A new study created in RDB with name: opt_full-model_seed=42_task=163
[I 2026-03-18 18:08:36,181] A new study created in RDB with name: opt_full-model_seed=42_task=175
[I 2026-03-18 18:08:36,419] A new study created in RDB with name: opt_full-model_seed=42_task=177
[I 2026-03-18 18:08:36,419] A new study created in RDB with name: opt_full-model_seed=42_task=171
[I 2026-03-18 18:08:37,891] A new study created in RDB with name: opt_full-model_seed=42_task=160
[I 2026-03-18 18:08:37,998] A new study created in RDB with name: opt_full-model_seed=42_task=180
[I 2026-03-18 18:08:38,326] A new study created in RDB with name: opt_full-model_seed=42_task=169
[I 2026-03-18 18:15:56,187] Trial 0 finished with value: -2.7302822226795476 and parameters: {'n_layers_yyx': 2, 'hidden_size_yyx_l0': 5, 'hidden_size_yyx_l1': 6, 'context_size_yyx': 4, 'num_mix_components_yyx': 1, 'context_extractor_yyx': 'gru', 'activation_func_yyx': 'GELU', 'L2_weight_yyx': 4.1769440512113955e-05, 'L_entropy_weight_yyx': 1.9265559674157215e-07, 'L_sep_weight_yyx': 0.00033221008961260097, 'L_scale_weight_yyx': 0.0009121722529403177, 'learning_rate_yyx': 0.002329669004264525}. Best is trial 0 with value: -2.7302822226795476.
[I 2026-03-18 18:16:35,069] Trial 0 finished with value: -2.7324673680957448 and parameters: {'n_layers_yyx': 2, 'hidden_size_yyx_l0': 3, 'hidden_size_yyx_l1': 5, 'context_size_yyx': 4, 'num_mix_components_yyx': 2, 'context_extractor_yyx': 'lstm', 'activation_func_yyx': 'ReLU', 'L2_weight_yyx': 5.312546911792611e-09, 'L_entropy_weight_yyx': 1.4286684582542123e-09, 'L_sep_weight_yyx': 0.0003172522140031772, 'L_scale_weight_yyx': 0.000548541493552503, 'learning_rate_yyx': 0.005298314046734252}. Best is trial 0 with value: -2.7324673680957448.
[I 2026-03-18 18:17:33,813] Trial 0 finished with value: -2.7505801407137205 and parameters: {'n_layers_yyx': 2, 'hidden_size_yyx_l0': 3, 'hidden_size_yyx_l1': 3, 'context_size_yyx': 1, 'num_mix_components_yyx': 4, 'context_extractor_yyx': 'lstm', 'activation_func_yyx': 'GELU', 'L2_weight_yyx': 0.00018797845205939024, 'L_entropy_weight_yyx': 0.0007795493013192622, 'L_sep_weight_yyx': 1.9899762519765103e-06, 'L_scale_weight_yyx': 2.2295068498351633e-08, 'learning_rate_yyx': 0.007626576923067626}. Best is trial 0 with value: -2.7505801407137205.
[I 2026-03-18 18:17:38,781] Trial 0 finished with value: -2.757114683753029 and parameters: {'n_layers_yyx': 2, 'hidden_size_yyx_l0': 3, 'hidden_size_yyx_l1': 5, 'context_size_yyx': 3, 'num_mix_components_yyx': 1, 'context_extractor_yyx': 'lstm', 'activation_func_yyx': 'ReLU', 'L2_weight_yyx': 1.0320552283800314e-09, 'L_entropy_weight_yyx': 4.076966978808723e-05, 'L_sep_weight_yyx': 2.4809560798700262e-05, 'L_scale_weight_yyx': 1.2452919947166084e-09, 'learning_rate_yyx': 0.005747176263041957}. Best is trial 0 with value: -2.757114683753029.
[I 2026-03-18 18:19:59,890] Trial 0 finished with value: -2.7678615354442075 and parameters: {'n_layers_yyx': 1, 'hidden_size_yyx_l0': 2, 'context_size_yyx': 4, 'num_mix_components_yyx': 4, 'context_extractor_yyx': 'gru', 'activation_func_yyx': 'GELU', 'L2_weight_yyx': 3.156269120069855e-07, 'L_entropy_weight_yyx': 0.00023194657004673756, 'L_sep_weight_yyx': 6.126696787449921e-05, 'L_scale_weight_yyx': 2.1381708565767825e-09, 'learning_rate_yyx': 0.008621337029517692}. Best is trial 0 with value: -2.7678615354442075.
[I 2026-03-18 18:20:36,822] Trial 0 finished with value: -2.4076941594397367 and parameters: {'n_layers_yyx': 1, 'hidden_size_yyx_l0': 5, 'context_size_yyx': 4, 'num_mix_components_yyx': 5, 'context_extractor_yyx': 'gru', 'activation_func_yyx': 'Tanh', 'L2_weight_yyx': 1.379380448547841e-07, 'L_entropy_weight_yyx': 1.8329641016580133e-10, 'L_sep_weight_yyx': 2.91848652766034e-10, 'L_scale_weight_yyx': 4.1605044851501907e-07, 'learning_rate_yyx': 0.006864062743297457}. Best is trial 0 with value: -2.4076941594397367.
[I 2026-03-18 18:20:41,465] Trial 0 finished with value: -2.4083293020863543 and parameters: {'n_layers_yyx': 1, 'hidden_size_yyx_l0': 6, 'context_size_yyx': 3, 'num_mix_components_yyx': 5, 'context_extractor_yyx': 'gru', 'activation_func_yyx': 'ReLU', 'L2_weight_yyx': 1.8090201846836022e-08, 'L_entropy_weight_yyx': 0.00010341859568167302, 'L_sep_weight_yyx': 2.417715170699584e-08, 'L_scale_weight_yyx': 2.510125555076055e-09, 'learning_rate_yyx': 0.006020086874588631}. Best is trial 0 with value: -2.4083293020863543.
[I 2026-03-18 18:21:41,763] Trial 0 finished with value: -0.8227732220287689 and parameters: {'n_layers_yyx': 2, 'hidden_size_yyx_l0': 5, 'hidden_size_yyx_l1': 6, 'context_size_yyx': 1, 'num_mix_components_yyx': 4, 'context_extractor_yyx': 'lstm', 'activation_func_yyx': 'Tanh', 'L2_weight_yyx': 1.1948162392194011e-05, 'L_entropy_weight_yyx': 6.358777998937512e-08, 'L_sep_weight_yyx': 0.00014758298146582628, 'L_scale_weight_yyx': 2.351530026950719e-06, 'learning_rate_yyx': 0.0016389345342836866}. Best is trial 0 with value: -0.8227732220287689.
[I 2026-03-18 18:22:04,692] Trial 0 finished with value: -2.7283710835575667 and parameters: {'n_layers_yyx': 2, 'hidden_size_yyx_l0': 4, 'hidden_size_yyx_l1': 5, 'context_size_yyx': 1, 'num_mix_components_yyx': 1, 'context_extractor_yyx': 'lstm', 'activation_func_yyx': 'Tanh', 'L2_weight_yyx': 0.00010891290702646345, 'L_entropy_weight_yyx': 1.3630723458712748e-07, 'L_sep_weight_yyx': 1.0081785946873154e-08, 'L_scale_weight_yyx': 1.3944360014670906e-10, 'learning_rate_yyx': 0.002779685739299886}. Best is trial 0 with value: -2.7283710835575667.
[I 2026-03-18 18:22:57,579] Trial 0 finished with value: -2.7253746754118913 and parameters: {'n_layers_yyx': 1, 'hidden_size_yyx_l0': 6, 'context_size_yyx': 2, 'num_mix_components_yyx': 1, 'context_extractor_yyx': 'lstm', 'activation_func_yyx': 'ReLU', 'L2_weight_yyx': 5.569843305272134e-06, 'L_entropy_weight_yyx': 5.16400568946961e-10, 'L_sep_weight_yyx': 8.131501045662743e-09, 'L_scale_weight_yyx': 6.834060455362634e-09, 'learning_rate_yyx': 0.0013060638144569475}. Best is trial 0 with value: -2.7253746754118913.
[I 2026-03-18 18:23:10,822] Trial 0 finished with value: -2.352283302832957 and parameters: {'n_layers_yyx': 2, 'hidden_size_yyx_l0': 4, 'hidden_size_yyx_l1': 5, 'context_size_yyx': 1, 'num_mix_components_yyx': 2, 'context_extractor_yyx': 'lstm', 'activation_func_yyx': 'ReLU', 'L2_weight_yyx': 2.6534175928987684e-10, 'L_entropy_weight_yyx': 5.84497913507481e-10, 'L_sep_weight_yyx': 3.216408254466478e-10, 'L_scale_weight_yyx': 6.351995939676721e-10, 'learning_rate_yyx': 0.002235590928952523}. Best is trial 0 with value: -2.352283302832957.
[I 2026-03-18 18:23:19,696] Trial 0 finished with value: -2.8001684201127572 and parameters: {'n_layers_yyx': 2, 'hidden_size_yyx_l0': 6, 'hidden_size_yyx_l1': 2, 'context_size_yyx': 4, 'num_mix_components_yyx': 2, 'context_extractor_yyx': 'gru', 'activation_func_yyx': 'Tanh', 'L2_weight_yyx': 9.244890874853065e-06, 'L_entropy_weight_yyx': 3.366824939352515e-05, 'L_sep_weight_yyx': 6.075997563649663e-09, 'L_scale_weight_yyx': 2.0075156851439313e-09, 'learning_rate_yyx': 0.0031164358950710176}. Best is trial 0 with value: -2.8001684201127572.
[I 2026-03-18 18:23:20,869] Trial 1 pruned. 
[I 2026-03-18 18:23:25,436] Trial 1 finished with value: -2.7617047121530724 and parameters: {'n_layers_yyx': 1, 'hidden_size_yyx_l0': 4, 'context_size_yyx': 3, 'num_mix_components_yyx': 3, 'context_extractor_yyx': 'gru', 'activation_func_yyx': 'ReLU', 'L2_weight_yyx': 5.511044421396363e-09, 'L_entropy_weight_yyx': 0.00019085055911958681, 'L_sep_weight_yyx': 2.372861727349302e-06, 'L_scale_weight_yyx': 3.415761517734592e-05, 'learning_rate_yyx': 0.009127816385482948}. Best is trial 1 with value: -2.7617047121530724.
[I 2026-03-18 18:23:58,437] Trial 0 finished with value: -2.3646864368574785 and parameters: {'n_layers_yyx': 1, 'hidden_size_yyx_l0': 5, 'context_size_yyx': 3, 'num_mix_components_yyx': 2, 'context_extractor_yyx': 'lstm', 'activation_func_yyx': 'GELU', 'L2_weight_yyx': 2.515260453764904e-10, 'L_entropy_weight_yyx': 6.119741126731196e-09, 'L_sep_weight_yyx': 1.688106755598472e-08, 'L_scale_weight_yyx': 1.0300196779595004e-10, 'learning_rate_yyx': 0.0009713836627146127}. Best is trial 0 with value: -2.3646864368574785.
[I 2026-03-18 18:24:16,536] Trial 1 pruned. 
[I 2026-03-18 18:24:26,677] Trial 1 pruned. 
[I 2026-03-18 18:24:26,718] Trial 1 finished with value: -2.7608617662514496 and parameters: {'n_layers_yyx': 2, 'hidden_size_yyx_l0': 3, 'hidden_size_yyx_l1': 5, 'context_size_yyx': 4, 'num_mix_components_yyx': 4, 'context_extractor_yyx': 'gru', 'activation_func_yyx': 'ReLU', 'L2_weight_yyx': 1.374226405946799e-07, 'L_entropy_weight_yyx': 2.4413961100838064e-10, 'L_sep_weight_yyx': 6.110183323874712e-10, 'L_scale_weight_yyx': 1.5292104650311591e-09, 'learning_rate_yyx': 0.005006352494811802}. Best is trial 1 with value: -2.7608617662514496.
[I 2026-03-18 18:24:54,539] Trial 0 finished with value: -2.354674322666266 and parameters: {'n_layers_yyx': 2, 'hidden_size_yyx_l0': 3, 'hidden_size_yyx_l1': 6, 'context_size_yyx': 2, 'num_mix_components_yyx': 1, 'context_extractor_yyx': 'lstm', 'activation_func_yyx': 'GELU', 'L2_weight_yyx': 9.179283235400848e-06, 'L_entropy_weight_yyx': 4.7876703370163376e-05, 'L_sep_weight_yyx': 1.0905813511887096e-05, 'L_scale_weight_yyx': 7.264658515641858e-09, 'learning_rate_yyx': 0.0009602815275376798}. Best is trial 0 with value: -2.354674322666266.
[I 2026-03-18 18:24:59,610] Trial 0 finished with value: -0.8087707474453587 and parameters: {'n_layers_yyx': 2, 'hidden_size_yyx_l0': 3, 'hidden_size_yyx_l1': 4, 'context_size_yyx': 2, 'num_mix_components_yyx': 5, 'context_extractor_yyx': 'lstm', 'activation_func_yyx': 'Tanh', 'L2_weight_yyx': 2.235561170548036e-08, 'L_entropy_weight_yyx': 4.885780833451782e-08, 'L_sep_weight_yyx': 2.2160882783320232e-06, 'L_scale_weight_yyx': 0.00016869405580490713, 'learning_rate_yyx': 0.0010701824271690885}. Best is trial 0 with value: -0.8087707474453587.
[I 2026-03-18 18:25:09,978] Trial 0 finished with value: -2.76381727105261 and parameters: {'n_layers_yyx': 2, 'hidden_size_yyx_l0': 4, 'hidden_size_yyx_l1': 2, 'context_size_yyx': 3, 'num_mix_components_yyx': 2, 'context_extractor_yyx': 'lstm', 'activation_func_yyx': 'ReLU', 'L2_weight_yyx': 0.000370799525149103, 'L_entropy_weight_yyx': 1.1921529291880987e-06, 'L_sep_weight_yyx': 9.314282387873029e-05, 'L_scale_weight_yyx': 7.361213945509117e-08, 'learning_rate_yyx': 0.004469691092828562}. Best is trial 0 with value: -2.76381727105261.
[I 2026-03-18 18:25:37,918] Trial 2 pruned. 
[I 2026-03-18 18:25:41,774] Trial 2 pruned. 
[I 2026-03-18 18:25:45,018] Trial 0 finished with value: -2.415180783386467 and parameters: {'n_layers_yyx': 1, 'hidden_size_yyx_l0': 4, 'context_size_yyx': 3, 'num_mix_components_yyx': 3, 'context_extractor_yyx': 'lstm', 'activation_func_yyx': 'GELU', 'L2_weight_yyx': 0.0008176581702789644, 'L_entropy_weight_yyx': 1.3767249045012732e-09, 'L_sep_weight_yyx': 4.08399511591956e-08, 'L_scale_weight_yyx': 1.1658124641269832e-08, 'learning_rate_yyx': 0.0011149129621312547}. Best is trial 0 with value: -2.415180783386467.
[I 2026-03-18 18:25:51,745] Trial 0 finished with value: -2.7636622336554546 and parameters: {'n_layers_yyx': 1, 'hidden_size_yyx_l0': 2, 'context_size_yyx': 3, 'num_mix_components_yyx': 5, 'context_extractor_yyx': 'gru', 'activation_func_yyx': 'Tanh', 'L2_weight_yyx': 6.9824955783622695e-06, 'L_entropy_weight_yyx': 4.599597457789767e-09, 'L_sep_weight_yyx': 2.0251722850902246e-10, 'L_scale_weight_yyx': 2.012830819518989e-08, 'learning_rate_yyx': 0.003844496441770862}. Best is trial 0 with value: -2.7636622336554546.
[I 2026-03-18 18:25:54,597] Trial 0 finished with value: -2.731634251276652 and parameters: {'n_layers_yyx': 1, 'hidden_size_yyx_l0': 5, 'context_size_yyx': 2, 'num_mix_components_yyx': 2, 'context_extractor_yyx': 'lstm', 'activation_func_yyx': 'GELU', 'L2_weight_yyx': 0.00015675904906857849, 'L_entropy_weight_yyx': 1.06277563975816e-10, 'L_sep_weight_yyx': 0.0001551075704000515, 'L_scale_weight_yyx': 2.2741429159121193e-06, 'learning_rate_yyx': 0.0027638268288453414}. Best is trial 0 with value: -2.731634251276652.
[I 2026-03-18 18:26:18,359] Trial 1 pruned. 
[I 2026-03-18 18:26:43,577] Trial 1 finished with value: -2.7580840003681693 and parameters: {'n_layers_yyx': 2, 'hidden_size_yyx_l0': 2, 'hidden_size_yyx_l1': 2, 'context_size_yyx': 4, 'num_mix_components_yyx': 5, 'context_extractor_yyx': 'gru', 'activation_func_yyx': 'ReLU', 'L2_weight_yyx': 7.263486806012229e-05, 'L_entropy_weight_yyx': 1.5669634860136557e-09, 'L_sep_weight_yyx': 5.940943483020674e-05, 'L_scale_weight_yyx': 5.3346094776363156e-05, 'learning_rate_yyx': 0.004543099643658085}. Best is trial 1 with value: -2.7580840003681693.
[I 2026-03-18 18:26:51,240] Trial 0 finished with value: -2.4017951846031065 and parameters: {'n_layers_yyx': 2, 'hidden_size_yyx_l0': 3, 'hidden_size_yyx_l1': 5, 'context_size_yyx': 1, 'num_mix_components_yyx': 3, 'context_extractor_yyx': 'lstm', 'activation_func_yyx': 'Tanh', 'L2_weight_yyx': 3.1023504277874412e-06, 'L_entropy_weight_yyx': 8.272660563791518e-07, 'L_sep_weight_yyx': 0.0006392777452972353, 'L_scale_weight_yyx': 3.12589374211962e-08, 'learning_rate_yyx': 0.003801349562362292}. Best is trial 0 with value: -2.4017951846031065.
[I 2026-03-18 18:26:56,687] Trial 3 pruned. 
[I 2026-03-18 18:27:10,947] Trial 0 finished with value: -2.7599662179356677 and parameters: {'n_layers_yyx': 2, 'hidden_size_yyx_l0': 3, 'hidden_size_yyx_l1': 5, 'context_size_yyx': 2, 'num_mix_components_yyx': 5, 'context_extractor_yyx': 'lstm', 'activation_func_yyx': 'ReLU', 'L2_weight_yyx': 7.1637022261274056e-06, 'L_entropy_weight_yyx': 1.2699942545643548e-06, 'L_sep_weight_yyx': 5.112449162261875e-09, 'L_scale_weight_yyx': 4.8336644249851456e-08, 'learning_rate_yyx': 0.0010223708495445034}. Best is trial 0 with value: -2.7599662179356677.
[I 2026-03-18 18:27:50,298] Trial 2 pruned. 
[I 2026-03-18 18:28:02,078] Trial 1 pruned. 
[I 2026-03-18 18:28:10,080] Trial 4 pruned. 
[I 2026-03-18 18:28:11,093] Trial 0 finished with value: -0.843539329540078 and parameters: {'n_layers_yyx': 2, 'hidden_size_yyx_l0': 3, 'hidden_size_yyx_l1': 5, 'context_size_yyx': 4, 'num_mix_components_yyx': 3, 'context_extractor_yyx': 'lstm', 'activation_func_yyx': 'Tanh', 'L2_weight_yyx': 2.975874610846617e-07, 'L_entropy_weight_yyx': 8.15491144005522e-08, 'L_sep_weight_yyx': 1.5655175805342144e-08, 'L_scale_weight_yyx': 4.3962080243247883e-10, 'learning_rate_yyx': 0.0008037772364080422}. Best is trial 0 with value: -0.843539329540078.
[I 2026-03-18 18:28:51,556] Trial 0 finished with value: -2.763455357633574 and parameters: {'n_layers_yyx': 2, 'hidden_size_yyx_l0': 5, 'hidden_size_yyx_l1': 2, 'context_size_yyx': 3, 'num_mix_components_yyx': 4, 'context_extractor_yyx': 'gru', 'activation_func_yyx': 'GELU', 'L2_weight_yyx': 4.473669084396041e-07, 'L_entropy_weight_yyx': 1.459420536472462e-05, 'L_sep_weight_yyx': 4.265332452300627e-07, 'L_scale_weight_yyx': 0.00016493582403803817, 'learning_rate_yyx': 0.001711960604635443}. Best is trial 0 with value: -2.763455357633574.
[I 2026-03-18 18:28:51,970] Trial 0 finished with value: -2.431222564426635 and parameters: {'n_layers_yyx': 2, 'hidden_size_yyx_l0': 4, 'hidden_size_yyx_l1': 5, 'context_size_yyx': 4, 'num_mix_components_yyx': 5, 'context_extractor_yyx': 'gru', 'activation_func_yyx': 'Tanh', 'L2_weight_yyx': 4.264303745383036e-07, 'L_entropy_weight_yyx': 0.0001284979848537222, 'L_sep_weight_yyx': 5.641052498895117e-10, 'L_scale_weight_yyx': 4.098999570166662e-09, 'learning_rate_yyx': 0.0006887527824474379}. Best is trial 0 with value: -2.431222564426635.
[I 2026-03-18 18:29:13,599] Trial 5 pruned. 
[I 2026-03-18 18:29:16,388] Trial 1 pruned. 
[I 2026-03-18 18:29:20,074] Trial 0 finished with value: -2.7627715824660735 and parameters: {'n_layers_yyx': 1, 'hidden_size_yyx_l0': 3, 'context_size_yyx': 4, 'num_mix_components_yyx': 4, 'context_extractor_yyx': 'gru', 'activation_func_yyx': 'Tanh', 'L2_weight_yyx': 2.1300391177430262e-08, 'L_entropy_weight_yyx': 3.085337440663739e-06, 'L_sep_weight_yyx': 8.533896684937806e-09, 'L_scale_weight_yyx': 6.211357815228211e-08, 'learning_rate_yyx': 0.0008482221522511117}. Best is trial 0 with value: -2.7627715824660735.
[I 2026-03-18 18:29:55,924] Trial 0 finished with value: -2.7274412152664604 and parameters: {'n_layers_yyx': 1, 'hidden_size_yyx_l0': 3, 'context_size_yyx': 4, 'num_mix_components_yyx': 2, 'context_extractor_yyx': 'gru', 'activation_func_yyx': 'ReLU', 'L2_weight_yyx': 5.8604171705054184e-05, 'L_entropy_weight_yyx': 3.714965792315917e-06, 'L_sep_weight_yyx': 1.617946493197472e-05, 'L_scale_weight_yyx': 1.8195446546305322e-05, 'learning_rate_yyx': 0.0006146913237375088}. Best is trial 0 with value: -2.7274412152664604.
[I 2026-03-18 18:30:55,568] Trial 0 finished with value: -2.537297159326723 and parameters: {'n_layers_yyx': 1, 'hidden_size_yyx_l0': 6, 'context_size_yyx': 2, 'num_mix_components_yyx': 1, 'context_extractor_yyx': 'gru', 'activation_func_yyx': 'Tanh', 'L2_weight_yyx': 2.809525674931975e-06, 'L_entropy_weight_yyx': 0.00020559128177300193, 'L_sep_weight_yyx': 5.699680911027552e-10, 'L_scale_weight_yyx': 1.0717456753285577e-07, 'learning_rate_yyx': 0.006716754514146671}. Best is trial 0 with value: -2.537297159326723.
[I 2026-03-18 18:31:05,082] Trial 0 finished with value: -0.8180432904242061 and parameters: {'n_layers_yyx': 1, 'hidden_size_yyx_l0': 3, 'context_size_yyx': 3, 'num_mix_components_yyx': 5, 'context_extractor_yyx': 'lstm', 'activation_func_yyx': 'GELU', 'L2_weight_yyx': 3.291000902338777e-08, 'L_entropy_weight_yyx': 6.226684233260643e-08, 'L_sep_weight_yyx': 1.6450193495570172e-10, 'L_scale_weight_yyx': 5.955616909983267e-09, 'learning_rate_yyx': 0.0008239575283379491}. Best is trial 0 with value: -0.8180432904242061.
[I 2026-03-18 18:31:37,763] Trial 1 finished with value: -2.3911814408280287 and parameters: {'n_layers_yyx': 2, 'hidden_size_yyx_l0': 6, 'hidden_size_yyx_l1': 6, 'context_size_yyx': 3, 'num_mix_components_yyx': 2, 'context_extractor_yyx': 'gru', 'activation_func_yyx': 'ReLU', 'L2_weight_yyx': 0.00023718094148808953, 'L_entropy_weight_yyx': 6.101960824580268e-10, 'L_sep_weight_yyx': 1.0151537747487128e-09, 'L_scale_weight_yyx': 1.2396211940661326e-07, 'learning_rate_yyx': 0.008718767067472084}. Best is trial 0 with value: -2.4076941594397367.
[I 2026-03-18 18:31:53,166] Trial 0 finished with value: -0.8217222363064878 and parameters: {'n_layers_yyx': 1, 'hidden_size_yyx_l0': 3, 'context_size_yyx': 1, 'num_mix_components_yyx': 3, 'context_extractor_yyx': 'lstm', 'activation_func_yyx': 'Tanh', 'L2_weight_yyx': 4.966429520625054e-06, 'L_entropy_weight_yyx': 6.10883948082374e-06, 'L_sep_weight_yyx': 4.98662943732346e-09, 'L_scale_weight_yyx': 4.0761393071104796e-06, 'learning_rate_yyx': 0.0013421957916920047}. Best is trial 0 with value: -0.8217222363064878.
[I 2026-03-18 18:31:56,949] Trial 1 pruned. 
[I 2026-03-18 18:32:28,995] Trial 3 finished with value: -2.7323789488256267 and parameters: {'n_layers_yyx': 2, 'hidden_size_yyx_l0': 5, 'hidden_size_yyx_l1': 5, 'context_size_yyx': 3, 'num_mix_components_yyx': 1, 'context_extractor_yyx': 'lstm', 'activation_func_yyx': 'GELU', 'L2_weight_yyx': 6.814394350124216e-08, 'L_entropy_weight_yyx': 5.7943622513720775e-08, 'L_sep_weight_yyx': 4.0832062312013657e-08, 'L_scale_weight_yyx': 6.431685958697781e-09, 'learning_rate_yyx': 0.009032142049913393}. Best is trial 1 with value: -2.7617047121530724.
[I 2026-03-18 18:32:50,859] Trial 1 pruned. 
[I 2026-03-18 18:32:52,302] Trial 2 pruned. 
[I 2026-03-18 18:32:56,359] Trial 2 finished with value: -0.7963133999304722 and parameters: {'n_layers_yyx': 2, 'hidden_size_yyx_l0': 6, 'hidden_size_yyx_l1': 6, 'context_size_yyx': 3, 'num_mix_components_yyx': 2, 'context_extractor_yyx': 'gru', 'activation_func_yyx': 'Tanh', 'L2_weight_yyx': 3.474641881575996e-07, 'L_entropy_weight_yyx': 1.4410109383289822e-10, 'L_sep_weight_yyx': 6.326847873795463e-10, 'L_scale_weight_yyx': 8.941248265230817e-05, 'learning_rate_yyx': 0.005244924828979699}. Best is trial 0 with value: -0.8087707474453587.
[I 2026-03-18 18:32:58,032] Trial 3 pruned. 
[I 2026-03-18 18:33:31,954] Trial 2 pruned. 
[I 2026-03-18 18:33:45,550] Trial 3 pruned. 
[I 2026-03-18 18:34:05,153] Trial 1 finished with value: -2.7655291239420574 and parameters: {'n_layers_yyx': 2, 'hidden_size_yyx_l0': 6, 'hidden_size_yyx_l1': 4, 'context_size_yyx': 4, 'num_mix_components_yyx': 5, 'context_extractor_yyx': 'lstm', 'activation_func_yyx': 'GELU', 'L2_weight_yyx': 0.00025735983452477543, 'L_entropy_weight_yyx': 2.420143476254127e-08, 'L_sep_weight_yyx': 3.1402813195927276e-09, 'L_scale_weight_yyx': 2.6164344365681397e-07, 'learning_rate_yyx': 0.003676953405636809}. Best is trial 1 with value: -2.7655291239420574.
[I 2026-03-18 18:34:13,783] Trial 4 pruned. 
[I 2026-03-18 18:34:16,797] Trial 0 finished with value: -2.374773037310728 and parameters: {'n_layers_yyx': 2, 'hidden_size_yyx_l0': 6, 'hidden_size_yyx_l1': 2, 'context_size_yyx': 1, 'num_mix_components_yyx': 2, 'context_extractor_yyx': 'gru', 'activation_func_yyx': 'ReLU', 'L2_weight_yyx': 2.219577246805363e-09, 'L_entropy_weight_yyx': 7.859746308867054e-10, 'L_sep_weight_yyx': 6.979925782954044e-10, 'L_scale_weight_yyx': 0.0006107982379738549, 'learning_rate_yyx': 0.000644683382141599}. Best is trial 0 with value: -2.374773037310728.
[I 2026-03-18 18:34:26,855] Trial 3 pruned. 
[I 2026-03-18 18:34:28,415] Trial 2 finished with value: -2.388921567118843 and parameters: {'n_layers_yyx': 1, 'hidden_size_yyx_l0': 5, 'context_size_yyx': 3, 'num_mix_components_yyx': 4, 'context_extractor_yyx': 'gru', 'activation_func_yyx': 'ReLU', 'L2_weight_yyx': 8.584258745727983e-05, 'L_entropy_weight_yyx': 7.84394652220046e-09, 'L_sep_weight_yyx': 1.4257982358234998e-10, 'L_scale_weight_yyx': 1.2827898692748787e-08, 'learning_rate_yyx': 0.005706039986428823}. Best is trial 2 with value: -2.388921567118843.
[I 2026-03-18 18:34:36,367] Trial 4 pruned. 
[I 2026-03-18 18:35:06,637] Trial 5 pruned. 
[I 2026-03-18 18:36:07,118] Trial 0 finished with value: -2.7660925649378423 and parameters: {'n_layers_yyx': 1, 'hidden_size_yyx_l0': 4, 'context_size_yyx': 3, 'num_mix_components_yyx': 2, 'context_extractor_yyx': 'lstm', 'activation_func_yyx': 'GELU', 'L2_weight_yyx': 2.150599046456177e-10, 'L_entropy_weight_yyx': 2.8781158505445195e-06, 'L_sep_weight_yyx': 3.5407674517818416e-08, 'L_scale_weight_yyx': 5.0272448672235535e-09, 'learning_rate_yyx': 0.0007098470744669367}. Best is trial 0 with value: -2.7660925649378423.
[I 2026-03-18 18:36:08,330] Trial 4 pruned. 
[I 2026-03-18 18:36:12,086] Trial 1 finished with value: -2.766161832317774 and parameters: {'n_layers_yyx': 1, 'hidden_size_yyx_l0': 6, 'context_size_yyx': 4, 'num_mix_components_yyx': 5, 'context_extractor_yyx': 'lstm', 'activation_func_yyx': 'GELU', 'L2_weight_yyx': 1.4412795202840191e-05, 'L_entropy_weight_yyx': 6.025200352158806e-06, 'L_sep_weight_yyx': 2.619211526415769e-09, 'L_scale_weight_yyx': 0.00019036961672295666, 'learning_rate_yyx': 0.0005274966665489985}. Best is trial 1 with value: -2.766161832317774.
[I 2026-03-18 18:36:26,560] Trial 0 finished with value: -2.7636347023115175 and parameters: {'n_layers_yyx': 2, 'hidden_size_yyx_l0': 3, 'hidden_size_yyx_l1': 5, 'context_size_yyx': 2, 'num_mix_components_yyx': 4, 'context_extractor_yyx': 'gru', 'activation_func_yyx': 'ReLU', 'L2_weight_yyx': 4.8256326474072684e-05, 'L_entropy_weight_yyx': 0.0002844178452462989, 'L_sep_weight_yyx': 9.568935607861219e-09, 'L_scale_weight_yyx': 3.6201436102826383e-10, 'learning_rate_yyx': 0.0005730538512727697}. Best is trial 0 with value: -2.7636347023115175.
[I 2026-03-18 18:36:41,183] Trial 1 finished with value: -2.403239696425078 and parameters: {'n_layers_yyx': 1, 'hidden_size_yyx_l0': 3, 'context_size_yyx': 4, 'num_mix_components_yyx': 2, 'context_extractor_yyx': 'lstm', 'activation_func_yyx': 'GELU', 'L2_weight_yyx': 7.349084347146097e-09, 'L_entropy_weight_yyx': 8.740850974884417e-09, 'L_sep_weight_yyx': 4.285701996580478e-07, 'L_scale_weight_yyx': 1.9004638446628465e-07, 'learning_rate_yyx': 0.002992344796789493}. Best is trial 0 with value: -2.431222564426635.
[I 2026-03-18 18:36:53,313] Trial 1 finished with value: -2.7579125810001064 and parameters: {'n_layers_yyx': 2, 'hidden_size_yyx_l0': 5, 'hidden_size_yyx_l1': 4, 'context_size_yyx': 2, 'num_mix_components_yyx': 5, 'context_extractor_yyx': 'gru', 'activation_func_yyx': 'ReLU', 'L2_weight_yyx': 1.7272325693330252e-06, 'L_entropy_weight_yyx': 2.755851272405454e-08, 'L_sep_weight_yyx': 3.47806685512118e-09, 'L_scale_weight_yyx': 0.00011774322059606038, 'learning_rate_yyx': 0.003202176354955883}. Best is trial 0 with value: -2.7636622336554546.
[I 2026-03-18 18:36:54,107] Trial 6 pruned. 
[I 2026-03-18 18:37:05,825] Trial 2 pruned. 
[I 2026-03-18 18:37:32,307] Trial 1 finished with value: -2.728555048176744 and parameters: {'n_layers_yyx': 1, 'hidden_size_yyx_l0': 6, 'context_size_yyx': 3, 'num_mix_components_yyx': 5, 'context_extractor_yyx': 'lstm', 'activation_func_yyx': 'ReLU', 'L2_weight_yyx': 0.00016942367121785507, 'L_entropy_weight_yyx': 0.0001105002490349991, 'L_sep_weight_yyx': 0.00013045586340948215, 'L_scale_weight_yyx': 3.1191812664590697e-07, 'learning_rate_yyx': 0.004616856693990204}. Best is trial 0 with value: -2.763455357633574.
[I 2026-03-18 18:37:41,864] Trial 2 pruned. 
[I 2026-03-18 18:37:42,757] Trial 5 pruned. 
[I 2026-03-18 18:37:45,285] Trial 7 pruned. 
[I 2026-03-18 18:38:18,023] Trial 2 pruned. 
[I 2026-03-18 18:38:32,777] Trial 8 pruned. 
[I 2026-03-18 18:38:33,360] Trial 6 pruned. 
[I 2026-03-18 18:39:01,219] Trial 3 pruned. 
[I 2026-03-18 18:39:15,603] Trial 7 pruned. 
[I 2026-03-18 18:39:44,380] Trial 4 finished with value: -2.7243981835676387 and parameters: {'n_layers_yyx': 2, 'hidden_size_yyx_l0': 4, 'hidden_size_yyx_l1': 4, 'context_size_yyx': 2, 'num_mix_components_yyx': 1, 'context_extractor_yyx': 'gru', 'activation_func_yyx': 'GELU', 'L2_weight_yyx': 7.540314423569577e-07, 'L_entropy_weight_yyx': 2.3300494508569205e-05, 'L_sep_weight_yyx': 1.0646221966933519e-08, 'L_scale_weight_yyx': 4.680727598267217e-07, 'learning_rate_yyx': 0.00608681465110752}. Best is trial 1 with value: -2.7580840003681693.
[I 2026-03-18 18:39:47,220] Trial 2 finished with value: -2.761776557452162 and parameters: {'n_layers_yyx': 2, 'hidden_size_yyx_l0': 3, 'hidden_size_yyx_l1': 5, 'context_size_yyx': 3, 'num_mix_components_yyx': 5, 'context_extractor_yyx': 'lstm', 'activation_func_yyx': 'GELU', 'L2_weight_yyx': 5.448856210247942e-10, 'L_entropy_weight_yyx': 0.0002783371793904037, 'L_sep_weight_yyx': 1.471285434167462e-07, 'L_scale_weight_yyx': 3.992824167678858e-07, 'learning_rate_yyx': 0.0008631375395234741}. Best is trial 2 with value: -2.761776557452162.
[I 2026-03-18 18:39:59,235] Trial 6 finished with value: -2.7666481379132684 and parameters: {'n_layers_yyx': 2, 'hidden_size_yyx_l0': 4, 'hidden_size_yyx_l1': 2, 'context_size_yyx': 1, 'num_mix_components_yyx': 1, 'context_extractor_yyx': 'gru', 'activation_func_yyx': 'Tanh', 'L2_weight_yyx': 1.99132609918177e-09, 'L_entropy_weight_yyx': 2.4419391231924045e-09, 'L_sep_weight_yyx': 0.0004677207631228281, 'L_scale_weight_yyx': 3.207469983697655e-09, 'learning_rate_yyx': 0.005297750615245195}. Best is trial 0 with value: -2.8001684201127572.
[I 2026-03-18 18:40:03,180] Trial 9 pruned. 
[I 2026-03-18 18:40:36,316] Trial 1 finished with value: -2.7517246605052583 and parameters: {'n_layers_yyx': 2, 'hidden_size_yyx_l0': 3, 'hidden_size_yyx_l1': 4, 'context_size_yyx': 1, 'num_mix_components_yyx': 3, 'context_extractor_yyx': 'lstm', 'activation_func_yyx': 'GELU', 'L2_weight_yyx': 7.483918859901472e-09, 'L_entropy_weight_yyx': 4.705262962454707e-08, 'L_sep_weight_yyx': 4.912020986921845e-10, 'L_scale_weight_yyx': 2.1021999533443012e-06, 'learning_rate_yyx': 0.0007029287983001832}. Best is trial 1 with value: -2.7517246605052583.
[I 2026-03-18 18:40:44,537] Trial 7 pruned. 
[I 2026-03-18 18:40:47,045] Trial 10 pruned. 
[I 2026-03-18 18:40:53,757] Trial 1 finished with value: -2.763214675732409 and parameters: {'n_layers_yyx': 2, 'hidden_size_yyx_l0': 4, 'hidden_size_yyx_l1': 5, 'context_size_yyx': 3, 'num_mix_components_yyx': 5, 'context_extractor_yyx': 'lstm', 'activation_func_yyx': 'ReLU', 'L2_weight_yyx': 3.335577384018549e-06, 'L_entropy_weight_yyx': 4.419316488359456e-05, 'L_sep_weight_yyx': 1.8515777252392945e-08, 'L_scale_weight_yyx': 2.688050055369323e-07, 'learning_rate_yyx': 0.0005735323714066901}. Best is trial 0 with value: -2.7678615354442075.
[I 2026-03-18 18:41:07,500] Trial 1 finished with value: -0.8307161542478305 and parameters: {'n_layers_yyx': 2, 'hidden_size_yyx_l0': 4, 'hidden_size_yyx_l1': 2, 'context_size_yyx': 4, 'num_mix_components_yyx': 4, 'context_extractor_yyx': 'lstm', 'activation_func_yyx': 'GELU', 'L2_weight_yyx': 3.6113563743652956e-10, 'L_entropy_weight_yyx': 4.373773319166571e-06, 'L_sep_weight_yyx': 2.4580115174736636e-08, 'L_scale_weight_yyx': 0.0005186723688111441, 'learning_rate_yyx': 0.002210176910474172}. Best is trial 1 with value: -0.8307161542478305.
[I 2026-03-18 18:41:16,174] Trial 5 pruned. 
[I 2026-03-18 18:41:34,729] Trial 11 pruned. 
[I 2026-03-18 18:41:35,650] Trial 1 pruned. 
[I 2026-03-18 18:41:59,314] Trial 5 finished with value: -2.390187474465682 and parameters: {'n_layers_yyx': 2, 'hidden_size_yyx_l0': 6, 'hidden_size_yyx_l1': 5, 'context_size_yyx': 1, 'num_mix_components_yyx': 3, 'context_extractor_yyx': 'lstm', 'activation_func_yyx': 'Tanh', 'L2_weight_yyx': 2.4069086713045758e-08, 'L_entropy_weight_yyx': 8.802898374778789e-05, 'L_sep_weight_yyx': 1.0841768099419677e-08, 'L_scale_weight_yyx': 2.0889442391686532e-05, 'learning_rate_yyx': 0.009709243049193675}. Best is trial 0 with value: -2.4017951846031065.
[I 2026-03-18 18:42:18,665] Trial 12 pruned. 
[I 2026-03-18 18:42:22,395] Trial 2 finished with value: -0.8065716561749907 and parameters: {'n_layers_yyx': 2, 'hidden_size_yyx_l0': 3, 'hidden_size_yyx_l1': 2, 'context_size_yyx': 4, 'num_mix_components_yyx': 5, 'context_extractor_yyx': 'gru', 'activation_func_yyx': 'ReLU', 'L2_weight_yyx': 0.0007809927138531795, 'L_entropy_weight_yyx': 7.326516328380846e-10, 'L_sep_weight_yyx': 2.0783712206374864e-06, 'L_scale_weight_yyx': 1.1825261530235605e-07, 'learning_rate_yyx': 0.0018856747798252438}. Best is trial 0 with value: -0.8217222363064878.
[I 2026-03-18 18:42:27,038] Trial 1 finished with value: -2.5400440164613816 and parameters: {'n_layers_yyx': 2, 'hidden_size_yyx_l0': 2, 'hidden_size_yyx_l1': 6, 'context_size_yyx': 4, 'num_mix_components_yyx': 5, 'context_extractor_yyx': 'gru', 'activation_func_yyx': 'Tanh', 'L2_weight_yyx': 1.2770634253043535e-05, 'L_entropy_weight_yyx': 9.265535134444478e-06, 'L_sep_weight_yyx': 1.8568472367267784e-09, 'L_scale_weight_yyx': 1.056457424159631e-08, 'learning_rate_yyx': 0.0020543386817718666}. Best is trial 1 with value: -2.5400440164613816.
[I 2026-03-18 18:42:37,412] Trial 2 finished with value: -2.762987867182404 and parameters: {'n_layers_yyx': 1, 'hidden_size_yyx_l0': 6, 'context_size_yyx': 3, 'num_mix_components_yyx': 5, 'context_extractor_yyx': 'gru', 'activation_func_yyx': 'Tanh', 'L2_weight_yyx': 1.918276513181534e-09, 'L_entropy_weight_yyx': 0.0006073616925210467, 'L_sep_weight_yyx': 7.209730541895392e-09, 'L_scale_weight_yyx': 6.970456247303098e-08, 'learning_rate_yyx': 0.0006652654204668603}. Best is trial 2 with value: -2.762987867182404.
[I 2026-03-18 18:42:42,829] Trial 1 finished with value: -2.762434471701954 and parameters: {'n_layers_yyx': 2, 'hidden_size_yyx_l0': 3, 'hidden_size_yyx_l1': 3, 'context_size_yyx': 1, 'num_mix_components_yyx': 2, 'context_extractor_yyx': 'lstm', 'activation_func_yyx': 'ReLU', 'L2_weight_yyx': 3.5226408947045485e-10, 'L_entropy_weight_yyx': 4.493539228517982e-08, 'L_sep_weight_yyx': 0.0005394223241383248, 'L_scale_weight_yyx': 1.7387857652815732e-07, 'learning_rate_yyx': 0.0030475946474783065}. Best is trial 1 with value: -2.762434471701954.
[I 2026-03-18 18:42:46,155] Trial 1 finished with value: -2.3744330763909027 and parameters: {'n_layers_yyx': 1, 'hidden_size_yyx_l0': 2, 'context_size_yyx': 1, 'num_mix_components_yyx': 3, 'context_extractor_yyx': 'gru', 'activation_func_yyx': 'Tanh', 'L2_weight_yyx': 2.6306307927338237e-09, 'L_entropy_weight_yyx': 6.090249170599414e-05, 'L_sep_weight_yyx': 0.0001932587136631709, 'L_scale_weight_yyx': 4.968534750121113e-10, 'learning_rate_yyx': 0.0007893165816742985}. Best is trial 0 with value: -2.4083293020863543.
[I 2026-03-18 18:42:55,855] Trial 1 finished with value: -2.393392615685096 and parameters: {'n_layers_yyx': 2, 'hidden_size_yyx_l0': 5, 'hidden_size_yyx_l1': 3, 'context_size_yyx': 3, 'num_mix_components_yyx': 4, 'context_extractor_yyx': 'lstm', 'activation_func_yyx': 'GELU', 'L2_weight_yyx': 3.4668026638004975e-07, 'L_entropy_weight_yyx': 7.064672161138301e-10, 'L_sep_weight_yyx': 2.2131183470988396e-06, 'L_scale_weight_yyx': 1.107309900689975e-09, 'learning_rate_yyx': 0.0010083405846537203}. Best is trial 1 with value: -2.393392615685096.
[I 2026-03-18 18:42:59,415] Trial 3 pruned. 
[I 2026-03-18 18:43:02,893] Trial 13 pruned. 
[I 2026-03-18 18:43:18,045] Trial 3 pruned. 
[I 2026-03-18 18:43:22,863] Trial 2 finished with value: -2.39978509736055 and parameters: {'n_layers_yyx': 2, 'hidden_size_yyx_l0': 6, 'hidden_size_yyx_l1': 3, 'context_size_yyx': 3, 'num_mix_components_yyx': 2, 'context_extractor_yyx': 'lstm', 'activation_func_yyx': 'Tanh', 'L2_weight_yyx': 3.0217994077046786e-06, 'L_entropy_weight_yyx': 0.00021026433343926656, 'L_sep_weight_yyx': 0.0001804808748651281, 'L_scale_weight_yyx': 2.8660349941540772e-05, 'learning_rate_yyx': 0.0061963597595693426}. Best is trial 2 with value: -2.39978509736055.
[I 2026-03-18 18:43:50,571] Trial 1 finished with value: -2.766246985643131 and parameters: {'n_layers_yyx': 1, 'hidden_size_yyx_l0': 4, 'context_size_yyx': 4, 'num_mix_components_yyx': 5, 'context_extractor_yyx': 'lstm', 'activation_func_yyx': 'Tanh', 'L2_weight_yyx': 2.813384105187481e-08, 'L_entropy_weight_yyx': 0.0001786049709393929, 'L_sep_weight_yyx': 1.993258291889233e-10, 'L_scale_weight_yyx': 0.0002328268856916144, 'learning_rate_yyx': 0.0009510144914385942}. Best is trial 1 with value: -2.766246985643131.
[I 2026-03-18 18:43:59,019] Trial 2 finished with value: -2.4184476873626197 and parameters: {'n_layers_yyx': 1, 'hidden_size_yyx_l0': 3, 'context_size_yyx': 2, 'num_mix_components_yyx': 2, 'context_extractor_yyx': 'lstm', 'activation_func_yyx': 'Tanh', 'L2_weight_yyx': 2.1762620585185354e-09, 'L_entropy_weight_yyx': 4.055449602945565e-05, 'L_sep_weight_yyx': 5.0591068843053405e-06, 'L_scale_weight_yyx': 1.3268054348625947e-09, 'learning_rate_yyx': 0.005013078950511773}. Best is trial 2 with value: -2.4184476873626197.
[I 2026-03-18 18:44:02,115] Trial 3 finished with value: -2.731385979548731 and parameters: {'n_layers_yyx': 2, 'hidden_size_yyx_l0': 5, 'hidden_size_yyx_l1': 5, 'context_size_yyx': 1, 'num_mix_components_yyx': 1, 'context_extractor_yyx': 'gru', 'activation_func_yyx': 'GELU', 'L2_weight_yyx': 4.669937206480867e-05, 'L_entropy_weight_yyx': 1.289704689184499e-06, 'L_sep_weight_yyx': 2.6886255594984383e-09, 'L_scale_weight_yyx': 1.2993987102556426e-05, 'learning_rate_yyx': 0.00832854666285578}. Best is trial 1 with value: -2.766161832317774.
[I 2026-03-18 18:44:14,532] Trial 8 pruned. 
[I 2026-03-18 18:44:19,024] Trial 1 finished with value: -2.2791091447024003 and parameters: {'n_layers_yyx': 2, 'hidden_size_yyx_l0': 3, 'hidden_size_yyx_l1': 6, 'context_size_yyx': 1, 'num_mix_components_yyx': 3, 'context_extractor_yyx': 'lstm', 'activation_func_yyx': 'ReLU', 'L2_weight_yyx': 1.7004164579281767e-05, 'L_entropy_weight_yyx': 6.260860941303508e-10, 'L_sep_weight_yyx': 8.510201945001105e-07, 'L_scale_weight_yyx': 1.0028070527313775e-09, 'learning_rate_yyx': 0.0015032565399948632}. Best is trial 0 with value: -2.374773037310728.
[I 2026-03-18 18:44:25,631] Trial 14 pruned. 
[I 2026-03-18 18:44:40,328] Trial 1 finished with value: -0.8019591969612606 and parameters: {'n_layers_yyx': 2, 'hidden_size_yyx_l0': 2, 'hidden_size_yyx_l1': 3, 'context_size_yyx': 4, 'num_mix_components_yyx': 3, 'context_extractor_yyx': 'lstm', 'activation_func_yyx': 'GELU', 'L2_weight_yyx': 1.9838865212416786e-05, 'L_entropy_weight_yyx': 2.4627537567330186e-08, 'L_sep_weight_yyx': 2.3864418496613635e-05, 'L_scale_weight_yyx': 2.3391493741233276e-10, 'learning_rate_yyx': 0.000604061566191168}. Best is trial 0 with value: -0.843539329540078.
[I 2026-03-18 18:44:41,208] Trial 4 pruned. 
[I 2026-03-18 18:44:46,915] Trial 3 finished with value: -2.386212062811259 and parameters: {'n_layers_yyx': 1, 'hidden_size_yyx_l0': 3, 'context_size_yyx': 4, 'num_mix_components_yyx': 2, 'context_extractor_yyx': 'gru', 'activation_func_yyx': 'ReLU', 'L2_weight_yyx': 1.1791870255036893e-05, 'L_entropy_weight_yyx': 2.0852656479001348e-10, 'L_sep_weight_yyx': 3.670890543220296e-10, 'L_scale_weight_yyx': 4.580420646586097e-09, 'learning_rate_yyx': 0.0029948301619367426}. Best is trial 2 with value: -2.388921567118843.
[I 2026-03-18 18:44:55,794] Trial 6 pruned. 
[I 2026-03-18 18:45:03,919] Trial 3 finished with value: -2.764943250652336 and parameters: {'n_layers_yyx': 2, 'hidden_size_yyx_l0': 6, 'hidden_size_yyx_l1': 4, 'context_size_yyx': 4, 'num_mix_components_yyx': 3, 'context_extractor_yyx': 'gru', 'activation_func_yyx': 'Tanh', 'L2_weight_yyx': 0.0005568043197504204, 'L_entropy_weight_yyx': 2.5597475716348157e-06, 'L_sep_weight_yyx': 3.147856114434544e-05, 'L_scale_weight_yyx': 4.35335556987147e-05, 'learning_rate_yyx': 0.005737442436279573}. Best is trial 3 with value: -2.764943250652336.
[I 2026-03-18 18:45:07,239] Trial 6 pruned. 
[I 2026-03-18 18:45:09,537] Trial 1 finished with value: -2.7649723884335895 and parameters: {'n_layers_yyx': 2, 'hidden_size_yyx_l0': 5, 'hidden_size_yyx_l1': 4, 'context_size_yyx': 1, 'num_mix_components_yyx': 5, 'context_extractor_yyx': 'gru', 'activation_func_yyx': 'Tanh', 'L2_weight_yyx': 8.499794789528821e-05, 'L_entropy_weight_yyx': 6.643076791494403e-06, 'L_sep_weight_yyx': 1.5680744397463666e-07, 'L_scale_weight_yyx': 7.948976418527337e-09, 'learning_rate_yyx': 0.007434106822489978}. Best is trial 0 with value: -2.7660925649378423.
[I 2026-03-18 18:45:17,408] Trial 2 pruned. 
[I 2026-03-18 18:45:38,365] Trial 7 pruned. 
[I 2026-03-18 18:45:57,535] Trial 5 pruned. 
[I 2026-03-18 18:46:10,848] Trial 1 finished with value: -0.7754104817107298 and parameters: {'n_layers_yyx': 1, 'hidden_size_yyx_l0': 4, 'context_size_yyx': 1, 'num_mix_components_yyx': 2, 'context_extractor_yyx': 'lstm', 'activation_func_yyx': 'ReLU', 'L2_weight_yyx': 0.0006879890361029767, 'L_entropy_weight_yyx': 2.4369257321209807e-10, 'L_sep_weight_yyx': 2.8663066112481595e-09, 'L_scale_weight_yyx': 6.9409443466619056e-09, 'learning_rate_yyx': 0.0009895962427026216}. Best is trial 0 with value: -0.8180432904242061.
[I 2026-03-18 18:46:40,692] Trial 6 pruned. 
[I 2026-03-18 18:46:57,243] Trial 8 pruned. 
[I 2026-03-18 18:47:11,848] Trial 1 finished with value: -2.723799799977801 and parameters: {'n_layers_yyx': 1, 'hidden_size_yyx_l0': 2, 'context_size_yyx': 1, 'num_mix_components_yyx': 1, 'context_extractor_yyx': 'gru', 'activation_func_yyx': 'Tanh', 'L2_weight_yyx': 6.073205017757816e-10, 'L_entropy_weight_yyx': 1.953705330100214e-07, 'L_sep_weight_yyx': 3.9876131979388006e-09, 'L_scale_weight_yyx': 4.4359575316319e-07, 'learning_rate_yyx': 0.0007275759570214206}. Best is trial 0 with value: -2.76381727105261.
[I 2026-03-18 18:47:18,168] Trial 2 finished with value: -2.73286266679657 and parameters: {'n_layers_yyx': 1, 'hidden_size_yyx_l0': 5, 'context_size_yyx': 4, 'num_mix_components_yyx': 1, 'context_extractor_yyx': 'lstm', 'activation_func_yyx': 'ReLU', 'L2_weight_yyx': 6.206339280172626e-06, 'L_entropy_weight_yyx': 5.380198855391077e-09, 'L_sep_weight_yyx': 2.4311010767779268e-05, 'L_scale_weight_yyx': 2.2008615702741816e-08, 'learning_rate_yyx': 0.0036286944107409686}. Best is trial 0 with value: -2.7678615354442075.
[I 2026-03-18 18:47:26,547] Trial 2 finished with value: -0.8123008919607413 and parameters: {'n_layers_yyx': 2, 'hidden_size_yyx_l0': 3, 'hidden_size_yyx_l1': 6, 'context_size_yyx': 1, 'num_mix_components_yyx': 4, 'context_extractor_yyx': 'gru', 'activation_func_yyx': 'ReLU', 'L2_weight_yyx': 4.9709234455352856e-08, 'L_entropy_weight_yyx': 2.9154366058325023e-06, 'L_sep_weight_yyx': 8.11671400489736e-09, 'L_scale_weight_yyx': 0.0001596156720253355, 'learning_rate_yyx': 0.0021168597024519425}. Best is trial 1 with value: -0.8307161542478305.
[I 2026-03-18 18:47:26,861] Trial 3 finished with value: -2.766124988596948 and parameters: {'n_layers_yyx': 1, 'hidden_size_yyx_l0': 3, 'context_size_yyx': 1, 'num_mix_components_yyx': 4, 'context_extractor_yyx': 'gru', 'activation_func_yyx': 'GELU', 'L2_weight_yyx': 2.0853878899040665e-05, 'L_entropy_weight_yyx': 7.435132469985868e-08, 'L_sep_weight_yyx': 1.2977820492652144e-05, 'L_scale_weight_yyx': 0.0002406062688886182, 'learning_rate_yyx': 0.006570060321910442}. Best is trial 3 with value: -2.766124988596948.
[I 2026-03-18 18:47:30,026] Trial 3 finished with value: -0.8038585668476504 and parameters: {'n_layers_yyx': 1, 'hidden_size_yyx_l0': 2, 'context_size_yyx': 2, 'num_mix_components_yyx': 1, 'context_extractor_yyx': 'lstm', 'activation_func_yyx': 'ReLU', 'L2_weight_yyx': 1.2283734266822795e-05, 'L_entropy_weight_yyx': 8.72235536107745e-05, 'L_sep_weight_yyx': 1.049266851512824e-08, 'L_scale_weight_yyx': 1.2398224866481098e-08, 'learning_rate_yyx': 0.001777850525272532}. Best is trial 0 with value: -0.8087707474453587.
[I 2026-03-18 18:47:38,543] Trial 8 finished with value: -2.39264415508053 and parameters: {'n_layers_yyx': 2, 'hidden_size_yyx_l0': 5, 'hidden_size_yyx_l1': 3, 'context_size_yyx': 2, 'num_mix_components_yyx': 5, 'context_extractor_yyx': 'gru', 'activation_func_yyx': 'Tanh', 'L2_weight_yyx': 1.3849995296700914e-07, 'L_entropy_weight_yyx': 1.526420532498642e-10, 'L_sep_weight_yyx': 2.8082000682145224e-09, 'L_scale_weight_yyx': 0.0005626297060385092, 'learning_rate_yyx': 0.005918850699555876}. Best is trial 0 with value: -2.4076941594397367.
[I 2026-03-18 18:47:45,008] Trial 1 finished with value: -2.76558573285036 and parameters: {'n_layers_yyx': 2, 'hidden_size_yyx_l0': 3, 'hidden_size_yyx_l1': 2, 'context_size_yyx': 3, 'num_mix_components_yyx': 5, 'context_extractor_yyx': 'lstm', 'activation_func_yyx': 'ReLU', 'L2_weight_yyx': 2.559870567375597e-06, 'L_entropy_weight_yyx': 0.0007586804620817149, 'L_sep_weight_yyx': 0.0002526644588560035, 'L_scale_weight_yyx': 2.1128876639300076e-08, 'learning_rate_yyx': 0.002767203080444155}. Best is trial 1 with value: -2.76558573285036.
[I 2026-03-18 18:47:52,457] Trial 2 pruned. 
[I 2026-03-18 18:47:54,262] Trial 15 pruned. 
[I 2026-03-18 18:48:02,575] Trial 4 pruned. 
[I 2026-03-18 18:48:14,568] Trial 2 finished with value: -2.7647061180279695 and parameters: {'n_layers_yyx': 1, 'hidden_size_yyx_l0': 6, 'context_size_yyx': 4, 'num_mix_components_yyx': 3, 'context_extractor_yyx': 'gru', 'activation_func_yyx': 'ReLU', 'L2_weight_yyx': 3.950636539648232e-06, 'L_entropy_weight_yyx': 9.730759542600378e-09, 'L_sep_weight_yyx': 5.2157835816354074e-06, 'L_scale_weight_yyx': 3.090663844369726e-07, 'learning_rate_yyx': 0.0027743084636687957}. Best is trial 2 with value: -2.7647061180279695.
[I 2026-03-18 18:48:25,150] Trial 3 pruned. 
[I 2026-03-18 18:48:29,003] Trial 4 finished with value: -2.3972043478681697 and parameters: {'n_layers_yyx': 2, 'hidden_size_yyx_l0': 5, 'hidden_size_yyx_l1': 2, 'context_size_yyx': 1, 'num_mix_components_yyx': 2, 'context_extractor_yyx': 'lstm', 'activation_func_yyx': 'ReLU', 'L2_weight_yyx': 7.097964907496566e-08, 'L_entropy_weight_yyx': 4.008540886992344e-07, 'L_sep_weight_yyx': 6.5152635695594205e-09, 'L_scale_weight_yyx': 6.462591726217968e-05, 'learning_rate_yyx': 0.0028640457221516267}. Best is trial 0 with value: -2.431222564426635.
[I 2026-03-18 18:48:32,242] Trial 16 pruned. 
[I 2026-03-18 18:48:32,414] Trial 3 pruned. 
[I 2026-03-18 18:48:34,094] Trial 4 pruned. 
[I 2026-03-18 18:48:36,088] Trial 5 pruned. 
[I 2026-03-18 18:48:41,788] Trial 3 pruned. 
[I 2026-03-18 18:48:50,030] Trial 4 pruned. 
[I 2026-03-18 18:49:01,222] Trial 2 finished with value: -2.7621158440907796 and parameters: {'n_layers_yyx': 2, 'hidden_size_yyx_l0': 5, 'hidden_size_yyx_l1': 4, 'context_size_yyx': 1, 'num_mix_components_yyx': 2, 'context_extractor_yyx': 'lstm', 'activation_func_yyx': 'GELU', 'L2_weight_yyx': 5.161218251369141e-09, 'L_entropy_weight_yyx': 8.078693746588035e-07, 'L_sep_weight_yyx': 2.5946515004694957e-07, 'L_scale_weight_yyx': 5.878492107262465e-06, 'learning_rate_yyx': 0.0014109593854014536}. Best is trial 1 with value: -2.7655291239420574.
[I 2026-03-18 18:49:15,466] Trial 17 pruned. 
[I 2026-03-18 18:49:17,081] Trial 4 pruned. 
[I 2026-03-18 18:49:25,305] Trial 4 pruned. 
[I 2026-03-18 18:49:31,436] Trial 4 pruned. 
[I 2026-03-18 18:49:54,862] Trial 18 pruned. 
[I 2026-03-18 18:49:59,096] Trial 5 pruned. 
[I 2026-03-18 18:50:03,265] Trial 5 pruned. 
[I 2026-03-18 18:50:07,146] Trial 2 finished with value: -2.3583619885566907 and parameters: {'n_layers_yyx': 2, 'hidden_size_yyx_l0': 6, 'hidden_size_yyx_l1': 3, 'context_size_yyx': 2, 'num_mix_components_yyx': 4, 'context_extractor_yyx': 'gru', 'activation_func_yyx': 'GELU', 'L2_weight_yyx': 1.1558442881909214e-06, 'L_entropy_weight_yyx': 0.0005152317447589951, 'L_sep_weight_yyx': 0.00020803754579831757, 'L_scale_weight_yyx': 2.532831628693757e-10, 'learning_rate_yyx': 0.0034505803682848813}. Best is trial 1 with value: -2.393392615685096.
[I 2026-03-18 18:50:08,759] Trial 2 finished with value: -2.407757820050741 and parameters: {'n_layers_yyx': 2, 'hidden_size_yyx_l0': 3, 'hidden_size_yyx_l1': 5, 'context_size_yyx': 4, 'num_mix_components_yyx': 1, 'context_extractor_yyx': 'gru', 'activation_func_yyx': 'ReLU', 'L2_weight_yyx': 2.8971663206896853e-06, 'L_entropy_weight_yyx': 1.4906693585131417e-07, 'L_sep_weight_yyx': 1.3400815511091424e-09, 'L_scale_weight_yyx': 2.2196801076688224e-09, 'learning_rate_yyx': 0.005875939523402825}. Best is trial 2 with value: -2.407757820050741.
[I 2026-03-18 18:50:24,670] Trial 9 pruned. 
[I 2026-03-18 18:50:31,284] Trial 2 finished with value: -2.7610655187550894 and parameters: {'n_layers_yyx': 1, 'hidden_size_yyx_l0': 6, 'context_size_yyx': 3, 'num_mix_components_yyx': 4, 'context_extractor_yyx': 'gru', 'activation_func_yyx': 'Tanh', 'L2_weight_yyx': 2.363362460480754e-05, 'L_entropy_weight_yyx': 1.6598156198952763e-09, 'L_sep_weight_yyx': 0.00018998074772250115, 'L_scale_weight_yyx': 5.15763007840696e-10, 'learning_rate_yyx': 0.002266932348546651}. Best is trial 1 with value: -2.762434471701954.
[I 2026-03-18 18:50:48,377] Trial 5 pruned. 
[I 2026-03-18 18:51:08,658] Trial 4 finished with value: -0.8236861799457048 and parameters: {'n_layers_yyx': 1, 'hidden_size_yyx_l0': 6, 'context_size_yyx': 3, 'num_mix_components_yyx': 3, 'context_extractor_yyx': 'lstm', 'activation_func_yyx': 'ReLU', 'L2_weight_yyx': 2.3146661094116155e-05, 'L_entropy_weight_yyx': 9.492305254764095e-05, 'L_sep_weight_yyx': 2.394244477206685e-05, 'L_scale_weight_yyx': 1.506098021054564e-10, 'learning_rate_yyx': 0.0009153931182932813}. Best is trial 4 with value: -0.8236861799457048.
[I 2026-03-18 18:51:09,902] Trial 6 pruned. 
[I 2026-03-18 18:51:14,775] Trial 3 pruned. 
[I 2026-03-18 18:51:21,153] Trial 6 pruned. 
[I 2026-03-18 18:51:21,918] Trial 2 finished with value: -2.76191821212689 and parameters: {'n_layers_yyx': 1, 'hidden_size_yyx_l0': 6, 'context_size_yyx': 4, 'num_mix_components_yyx': 5, 'context_extractor_yyx': 'lstm', 'activation_func_yyx': 'Tanh', 'L2_weight_yyx': 4.058127059961517e-06, 'L_entropy_weight_yyx': 5.521873593314682e-10, 'L_sep_weight_yyx': 4.731221026965791e-06, 'L_scale_weight_yyx': 0.00010091222079301058, 'learning_rate_yyx': 0.0029258080754376815}. Best is trial 0 with value: -2.7660925649378423.
[I 2026-03-18 18:51:47,087] Trial 10 pruned. 
[I 2026-03-18 18:52:02,793] Trial 2 finished with value: -2.7638839154171033 and parameters: {'n_layers_yyx': 1, 'hidden_size_yyx_l0': 3, 'context_size_yyx': 3, 'num_mix_components_yyx': 5, 'context_extractor_yyx': 'gru', 'activation_func_yyx': 'ReLU', 'L2_weight_yyx': 1.6711611494304762e-09, 'L_entropy_weight_yyx': 1.0545602130099072e-09, 'L_sep_weight_yyx': 1.2159145638891056e-06, 'L_scale_weight_yyx': 1.551308264430786e-09, 'learning_rate_yyx': 0.0014244441324669523}. Best is trial 2 with value: -2.7638839154171033.
[I 2026-03-18 18:52:03,867] Trial 3 pruned. 
[I 2026-03-18 18:52:04,398] Trial 5 pruned. 
[I 2026-03-18 18:52:12,119] Trial 4 finished with value: -2.393031095621557 and parameters: {'n_layers_yyx': 2, 'hidden_size_yyx_l0': 6, 'hidden_size_yyx_l1': 5, 'context_size_yyx': 3, 'num_mix_components_yyx': 4, 'context_extractor_yyx': 'gru', 'activation_func_yyx': 'GELU', 'L2_weight_yyx': 1.8032777950890898e-08, 'L_entropy_weight_yyx': 3.745490905467662e-10, 'L_sep_weight_yyx': 0.00037034362054331094, 'L_scale_weight_yyx': 3.223814078267778e-05, 'learning_rate_yyx': 0.006626883141288314}. Best is trial 4 with value: -2.393031095621557.
[I 2026-03-18 18:52:14,101] Trial 7 pruned. 
[I 2026-03-18 18:52:14,207] Trial 5 pruned. 
[I 2026-03-18 18:52:26,382] Trial 3 pruned. 
[I 2026-03-18 18:52:42,283] Trial 3 pruned. 
[I 2026-03-18 18:52:46,652] Trial 4 pruned. 
[I 2026-03-18 18:53:00,926] Trial 2 finished with value: -2.4109094575005234 and parameters: {'n_layers_yyx': 2, 'hidden_size_yyx_l0': 6, 'hidden_size_yyx_l1': 3, 'context_size_yyx': 1, 'num_mix_components_yyx': 2, 'context_extractor_yyx': 'lstm', 'activation_func_yyx': 'GELU', 'L2_weight_yyx': 1.887674848436299e-06, 'L_entropy_weight_yyx': 9.065627963934373e-10, 'L_sep_weight_yyx': 0.00019216989055628278, 'L_scale_weight_yyx': 3.472119824622199e-05, 'learning_rate_yyx': 0.0035467354341598262}. Best is trial 2 with value: -2.4109094575005234.
[I 2026-03-18 18:53:07,868] Trial 11 pruned. 
[I 2026-03-18 18:53:26,462] Trial 2 finished with value: -0.8019417969831864 and parameters: {'n_layers_yyx': 2, 'hidden_size_yyx_l0': 3, 'hidden_size_yyx_l1': 5, 'context_size_yyx': 1, 'num_mix_components_yyx': 1, 'context_extractor_yyx': 'gru', 'activation_func_yyx': 'ReLU', 'L2_weight_yyx': 1.3971136171148533e-09, 'L_entropy_weight_yyx': 1.845253412513826e-06, 'L_sep_weight_yyx': 1.5957170984966985e-08, 'L_scale_weight_yyx': 3.3959927382121204e-09, 'learning_rate_yyx': 0.0032861932114920177}. Best is trial 0 with value: -0.8180432904242061.
[I 2026-03-18 18:53:33,385] Trial 3 finished with value: -2.359373763646835 and parameters: {'n_layers_yyx': 2, 'hidden_size_yyx_l0': 2, 'hidden_size_yyx_l1': 6, 'context_size_yyx': 2, 'num_mix_components_yyx': 5, 'context_extractor_yyx': 'lstm', 'activation_func_yyx': 'GELU', 'L2_weight_yyx': 1.5031347305731865e-09, 'L_entropy_weight_yyx': 1.564161792191135e-09, 'L_sep_weight_yyx': 8.370818428236488e-07, 'L_scale_weight_yyx': 1.7370496308759388e-07, 'learning_rate_yyx': 0.009805853464059761}. Best is trial 1 with value: -2.393392615685096.
[I 2026-03-18 18:53:41,202] Trial 3 pruned. 
[I 2026-03-18 18:53:49,012] Trial 12 pruned. 
[I 2026-03-18 18:53:50,404] Trial 4 finished with value: -2.72974927570022 and parameters: {'n_layers_yyx': 2, 'hidden_size_yyx_l0': 2, 'hidden_size_yyx_l1': 2, 'context_size_yyx': 3, 'num_mix_components_yyx': 2, 'context_extractor_yyx': 'gru', 'activation_func_yyx': 'GELU', 'L2_weight_yyx': 4.123741804227087e-09, 'L_entropy_weight_yyx': 7.947429025577185e-09, 'L_sep_weight_yyx': 9.61040588269212e-06, 'L_scale_weight_yyx': 0.0009504059149550673, 'learning_rate_yyx': 0.0013415916379674834}. Best is trial 2 with value: -2.762987867182404.
[I 2026-03-18 18:53:59,215] Trial 3 pruned. 
[I 2026-03-18 18:54:04,139] Trial 3 finished with value: -2.7657987594604494 and parameters: {'n_layers_yyx': 2, 'hidden_size_yyx_l0': 4, 'hidden_size_yyx_l1': 5, 'context_size_yyx': 3, 'num_mix_components_yyx': 3, 'context_extractor_yyx': 'gru', 'activation_func_yyx': 'Tanh', 'L2_weight_yyx': 2.910894148836457e-06, 'L_entropy_weight_yyx': 1.1934819033020574e-08, 'L_sep_weight_yyx': 9.139688530203267e-07, 'L_scale_weight_yyx': 0.0009711446378006417, 'learning_rate_yyx': 0.009593845607025189}. Best is trial 3 with value: -2.7657987594604494.
[I 2026-03-18 18:54:27,179] Trial 9 finished with value: -2.3949321905364127 and parameters: {'n_layers_yyx': 2, 'hidden_size_yyx_l0': 3, 'hidden_size_yyx_l1': 5, 'context_size_yyx': 3, 'num_mix_components_yyx': 5, 'context_extractor_yyx': 'lstm', 'activation_func_yyx': 'Tanh', 'L2_weight_yyx': 4.214055932990697e-09, 'L_entropy_weight_yyx': 0.00022831709641505318, 'L_sep_weight_yyx': 1.0635070026643645e-05, 'L_scale_weight_yyx': 7.814945678359585e-08, 'learning_rate_yyx': 0.005711712682815645}. Best is trial 0 with value: -2.4076941594397367.
[I 2026-03-18 18:54:31,227] Trial 5 pruned. 
[I 2026-03-18 18:54:35,239] Trial 4 pruned. 
[I 2026-03-18 18:54:49,180] Trial 4 pruned. 
[I 2026-03-18 18:55:02,017] Trial 3 pruned. 
[I 2026-03-18 18:55:08,401] Trial 5 pruned. 
[I 2026-03-18 18:55:20,227] Trial 19 finished with value: -2.7345542892776726 and parameters: {'n_layers_yyx': 2, 'hidden_size_yyx_l0': 5, 'hidden_size_yyx_l1': 3, 'context_size_yyx': 4, 'num_mix_components_yyx': 3, 'context_extractor_yyx': 'gru', 'activation_func_yyx': 'Tanh', 'L2_weight_yyx': 0.00012087099261500668, 'L_entropy_weight_yyx': 0.0007121863826340056, 'L_sep_weight_yyx': 1.0040640220213372e-05, 'L_scale_weight_yyx': 2.1174647361098733e-06, 'learning_rate_yyx': 0.007790706076754023}. Best is trial 1 with value: -2.7617047121530724.
[I 2026-03-18 18:55:24,644] Trial 2 finished with value: -2.7657870500891577 and parameters: {'n_layers_yyx': 1, 'hidden_size_yyx_l0': 5, 'context_size_yyx': 1, 'num_mix_components_yyx': 4, 'context_extractor_yyx': 'lstm', 'activation_func_yyx': 'Tanh', 'L2_weight_yyx': 5.4347513576869425e-06, 'L_entropy_weight_yyx': 6.789528000473286e-10, 'L_sep_weight_yyx': 3.818813123260454e-09, 'L_scale_weight_yyx': 2.0052360371911253e-10, 'learning_rate_yyx': 0.0009465601539847312}. Best is trial 2 with value: -2.7657870500891577.
[I 2026-03-18 18:55:40,878] Trial 5 pruned. 
[I 2026-03-18 18:55:51,325] Trial 6 pruned. 
[I 2026-03-18 18:55:54,269] Trial 10 pruned. 
[I 2026-03-18 18:55:56,327] Trial 4 pruned. 
[I 2026-03-18 18:56:03,052] Trial 2 finished with value: -2.7646987045677798 and parameters: {'n_layers_yyx': 1, 'hidden_size_yyx_l0': 2, 'context_size_yyx': 1, 'num_mix_components_yyx': 4, 'context_extractor_yyx': 'lstm', 'activation_func_yyx': 'ReLU', 'L2_weight_yyx': 3.304063021949438e-10, 'L_entropy_weight_yyx': 0.0002149697670173382, 'L_sep_weight_yyx': 3.60155088647482e-05, 'L_scale_weight_yyx': 3.219355500025248e-08, 'learning_rate_yyx': 0.008933373809000418}. Best is trial 1 with value: -2.76558573285036.
[I 2026-03-18 18:56:05,273] Trial 8 finished with value: -0.8140652880534816 and parameters: {'n_layers_yyx': 2, 'hidden_size_yyx_l0': 4, 'hidden_size_yyx_l1': 4, 'context_size_yyx': 4, 'num_mix_components_yyx': 5, 'context_extractor_yyx': 'gru', 'activation_func_yyx': 'ReLU', 'L2_weight_yyx': 4.237618611257058e-06, 'L_entropy_weight_yyx': 7.079401680965702e-09, 'L_sep_weight_yyx': 0.0007192557944238994, 'L_scale_weight_yyx': 3.824735645050183e-06, 'learning_rate_yyx': 0.00877347944817742}. Best is trial 1 with value: -0.8307161542478305.
[I 2026-03-18 18:56:16,523] Trial 3 pruned. 
[I 2026-03-18 18:56:28,999] Trial 6 pruned. 
[I 2026-03-18 18:56:36,336] Trial 5 pruned. 
[I 2026-03-18 18:56:41,654] Trial 5 pruned. 
[I 2026-03-18 18:56:42,199] Trial 4 finished with value: -2.72512448786136 and parameters: {'n_layers_yyx': 1, 'hidden_size_yyx_l0': 4, 'context_size_yyx': 2, 'num_mix_components_yyx': 1, 'context_extractor_yyx': 'lstm', 'activation_func_yyx': 'Tanh', 'L2_weight_yyx': 7.143118253989061e-10, 'L_entropy_weight_yyx': 0.00012878398666512503, 'L_sep_weight_yyx': 2.3792414178417175e-05, 'L_scale_weight_yyx': 1.322253870360832e-09, 'learning_rate_yyx': 0.0036777023295338335}. Best is trial 1 with value: -2.762434471701954.
[I 2026-03-18 18:56:48,687] Trial 5 pruned. 
[I 2026-03-18 18:56:50,567] Trial 3 pruned. 
[I 2026-03-18 18:57:06,993] Trial 7 pruned. 
[I 2026-03-18 18:57:12,654] Trial 9 pruned. 
[I 2026-03-18 18:57:20,424] Trial 11 pruned. 
[I 2026-03-18 18:57:29,576] Trial 2 finished with value: -0.7704842819597028 and parameters: {'n_layers_yyx': 1, 'hidden_size_yyx_l0': 2, 'context_size_yyx': 2, 'num_mix_components_yyx': 1, 'context_extractor_yyx': 'gru', 'activation_func_yyx': 'GELU', 'L2_weight_yyx': 3.2496884761870046e-05, 'L_entropy_weight_yyx': 9.838661996467761e-06, 'L_sep_weight_yyx': 2.619772285740222e-10, 'L_scale_weight_yyx': 1.0141222200157764e-07, 'learning_rate_yyx': 0.0008896127402815418}. Best is trial 0 with value: -0.843539329540078.
[I 2026-03-18 18:57:36,568] Trial 7 pruned. 
[I 2026-03-18 18:57:39,975] Trial 4 pruned. 
[I 2026-03-18 18:57:48,908] Trial 6 finished with value: -2.7646931561671635 and parameters: {'n_layers_yyx': 2, 'hidden_size_yyx_l0': 6, 'hidden_size_yyx_l1': 5, 'context_size_yyx': 3, 'num_mix_components_yyx': 4, 'context_extractor_yyx': 'lstm', 'activation_func_yyx': 'Tanh', 'L2_weight_yyx': 0.0004803185209688028, 'L_entropy_weight_yyx': 1.6703737459394434e-08, 'L_sep_weight_yyx': 5.145019047748041e-05, 'L_scale_weight_yyx': 0.00035017500851899973, 'learning_rate_yyx': 0.006644236833921138}. Best is trial 3 with value: -2.764943250652336.
[I 2026-03-18 18:57:55,468] Trial 13 pruned. 
[I 2026-03-18 18:57:59,631] Trial 4 pruned. 
[I 2026-03-18 18:58:04,519] Trial 2 finished with value: -2.534330211065047 and parameters: {'n_layers_yyx': 1, 'hidden_size_yyx_l0': 2, 'context_size_yyx': 4, 'num_mix_components_yyx': 3, 'context_extractor_yyx': 'lstm', 'activation_func_yyx': 'ReLU', 'L2_weight_yyx': 9.673396508908127e-09, 'L_entropy_weight_yyx': 1.062459485673181e-09, 'L_sep_weight_yyx': 1.457831530635989e-10, 'L_scale_weight_yyx': 9.719899970071075e-06, 'learning_rate_yyx': 0.004791990179823302}. Best is trial 1 with value: -2.5400440164613816.
[I 2026-03-18 18:58:05,637] Trial 3 finished with value: -2.391103680390164 and parameters: {'n_layers_yyx': 1, 'hidden_size_yyx_l0': 2, 'context_size_yyx': 4, 'num_mix_components_yyx': 1, 'context_extractor_yyx': 'lstm', 'activation_func_yyx': 'Tanh', 'L2_weight_yyx': 3.761162639649847e-06, 'L_entropy_weight_yyx': 9.748687959616714e-10, 'L_sep_weight_yyx': 2.9570623476525396e-08, 'L_scale_weight_yyx': 2.0172058066342302e-05, 'learning_rate_yyx': 0.0012141483641304974}. Best is trial 2 with value: -2.39978509736055.
[I 2026-03-18 18:58:14,610] Trial 7 finished with value: -2.7627564206624338 and parameters: {'n_layers_yyx': 1, 'hidden_size_yyx_l0': 6, 'context_size_yyx': 1, 'num_mix_components_yyx': 2, 'context_extractor_yyx': 'lstm', 'activation_func_yyx': 'GELU', 'L2_weight_yyx': 1.8177648206346027e-06, 'L_entropy_weight_yyx': 0.0001166373279674224, 'L_sep_weight_yyx': 9.605814649314479e-09, 'L_scale_weight_yyx': 3.5051439303583684e-05, 'learning_rate_yyx': 0.004309945755241694}. Best is trial 1 with value: -2.766161832317774.
[I 2026-03-18 18:58:24,661] Trial 5 pruned. 
[I 2026-03-18 18:58:38,192] Trial 7 finished with value: -2.3485195665474397 and parameters: {'n_layers_yyx': 2, 'hidden_size_yyx_l0': 2, 'hidden_size_yyx_l1': 2, 'context_size_yyx': 4, 'num_mix_components_yyx': 2, 'context_extractor_yyx': 'gru', 'activation_func_yyx': 'ReLU', 'L2_weight_yyx': 3.772623207575369e-08, 'L_entropy_weight_yyx': 2.022768853255986e-06, 'L_sep_weight_yyx': 3.909283186130696e-10, 'L_scale_weight_yyx': 1.264926930542744e-10, 'learning_rate_yyx': 0.0005724950715645591}. Best is trial 0 with value: -2.4017951846031065.
[I 2026-03-18 18:58:39,015] Trial 7 pruned. 
[I 2026-03-18 18:58:40,260] Trial 6 pruned. 
[I 2026-03-18 18:58:41,596] Trial 12 pruned. 
[I 2026-03-18 18:58:44,022] Trial 6 pruned. 
[I 2026-03-18 18:58:45,013] Trial 14 pruned. 
[I 2026-03-18 18:58:45,167] Trial 5 pruned. 
[I 2026-03-18 18:59:00,278] Trial 8 pruned. 
[I 2026-03-18 18:59:03,948] Trial 6 pruned. 
[I 2026-03-18 18:59:05,697] Trial 9 finished with value: -2.7994139496934944 and parameters: {'n_layers_yyx': 1, 'hidden_size_yyx_l0': 3, 'context_size_yyx': 3, 'num_mix_components_yyx': 5, 'context_extractor_yyx': 'lstm', 'activation_func_yyx': 'Tanh', 'L2_weight_yyx': 3.525840788138366e-09, 'L_entropy_weight_yyx': 1.6073246379839426e-06, 'L_sep_weight_yyx': 1.496384242182745e-10, 'L_scale_weight_yyx': 1.1859603140419148e-08, 'learning_rate_yyx': 0.0014752215723304193}. Best is trial 0 with value: -2.8001684201127572.
[I 2026-03-18 18:59:19,705] Trial 8 pruned. 
[I 2026-03-18 18:59:20,666] Trial 5 pruned. 
[I 2026-03-18 18:59:25,439] Trial 13 pruned. 
[I 2026-03-18 18:59:26,187] Trial 7 pruned. 
[I 2026-03-18 18:59:27,207] Trial 3 pruned. 
[I 2026-03-18 18:59:27,251] Trial 8 pruned. 
[I 2026-03-18 18:59:39,390] Trial 7 pruned. 
[I 2026-03-18 18:59:49,817] Trial 9 pruned. 
[I 2026-03-18 18:59:59,330] Trial 6 finished with value: -2.765753874961334 and parameters: {'n_layers_yyx': 2, 'hidden_size_yyx_l0': 6, 'hidden_size_yyx_l1': 6, 'context_size_yyx': 2, 'num_mix_components_yyx': 5, 'context_extractor_yyx': 'gru', 'activation_func_yyx': 'Tanh', 'L2_weight_yyx': 0.0006029196867544781, 'L_entropy_weight_yyx': 0.00020848561075578168, 'L_sep_weight_yyx': 2.3754603421657652e-08, 'L_scale_weight_yyx': 0.000884169901332623, 'learning_rate_yyx': 0.004039685630874686}. Best is trial 0 with value: -2.7678615354442075.
[I 2026-03-18 19:00:04,774] Trial 10 pruned. 
[I 2026-03-18 19:00:07,212] Trial 6 pruned. 
[I 2026-03-18 19:00:09,913] Trial 3 pruned. 
[I 2026-03-18 19:00:10,779] Trial 4 pruned. 
[I 2026-03-18 19:00:33,032] Trial 4 finished with value: -2.7628401630895185 and parameters: {'n_layers_yyx': 2, 'hidden_size_yyx_l0': 4, 'hidden_size_yyx_l1': 6, 'context_size_yyx': 4, 'num_mix_components_yyx': 5, 'context_extractor_yyx': 'lstm', 'activation_func_yyx': 'Tanh', 'L2_weight_yyx': 5.414179464774314e-08, 'L_entropy_weight_yyx': 1.571607164760481e-10, 'L_sep_weight_yyx': 2.4655386244756018e-05, 'L_scale_weight_yyx': 1.536606559141358e-07, 'learning_rate_yyx': 0.0016250281917572675}. Best is trial 2 with value: -2.7638839154171033.
[I 2026-03-18 19:00:41,529] Trial 10 pruned. 
[I 2026-03-18 19:00:46,645] Trial 14 pruned. 
[I 2026-03-18 19:00:49,396] Trial 8 pruned. 
[I 2026-03-18 19:00:53,824] Trial 5 pruned. 
[I 2026-03-18 19:00:58,596] Trial 5 finished with value: -2.4307832195538683 and parameters: {'n_layers_yyx': 2, 'hidden_size_yyx_l0': 6, 'hidden_size_yyx_l1': 2, 'context_size_yyx': 3, 'num_mix_components_yyx': 2, 'context_extractor_yyx': 'lstm', 'activation_func_yyx': 'Tanh', 'L2_weight_yyx': 1.430290632062969e-05, 'L_entropy_weight_yyx': 3.904644972417227e-05, 'L_sep_weight_yyx': 1.3758937741474798e-05, 'L_scale_weight_yyx': 7.360746765222969e-09, 'learning_rate_yyx': 0.006971615127025084}. Best is trial 0 with value: -2.431222564426635.
[I 2026-03-18 19:00:59,642] Trial 6 pruned. 
[I 2026-03-18 19:01:12,415] Trial 11 pruned. 
[I 2026-03-18 19:01:19,901] Trial 5 pruned. 
[I 2026-03-18 19:01:24,992] Trial 4 finished with value: -2.4173248898683974 and parameters: {'n_layers_yyx': 1, 'hidden_size_yyx_l0': 3, 'context_size_yyx': 1, 'num_mix_components_yyx': 4, 'context_extractor_yyx': 'gru', 'activation_func_yyx': 'ReLU', 'L2_weight_yyx': 3.698198299899285e-08, 'L_entropy_weight_yyx': 3.0453539180719733e-05, 'L_sep_weight_yyx': 2.147911492205573e-07, 'L_scale_weight_yyx': 3.8018162815669643e-06, 'learning_rate_yyx': 0.007588632300754984}. Best is trial 2 with value: -2.4184476873626197.
[I 2026-03-18 19:01:26,633] Trial 10 pruned. 
[I 2026-03-18 19:01:36,234] Trial 7 pruned. 
[I 2026-03-18 19:01:40,534] Trial 8 pruned. 
[I 2026-03-18 19:01:40,566] Trial 6 finished with value: -2.7638935883839926 and parameters: {'n_layers_yyx': 2, 'hidden_size_yyx_l0': 5, 'hidden_size_yyx_l1': 5, 'context_size_yyx': 4, 'num_mix_components_yyx': 5, 'context_extractor_yyx': 'gru', 'activation_func_yyx': 'ReLU', 'L2_weight_yyx': 4.7077097596846006e-07, 'L_entropy_weight_yyx': 1.2803751815896167e-09, 'L_sep_weight_yyx': 4.501866332379873e-09, 'L_scale_weight_yyx': 2.5111811224400374e-07, 'learning_rate_yyx': 0.0066080929645233885}. Best is trial 3 with value: -2.7657987594604494.
[I 2026-03-18 19:01:49,237] Trial 6 finished with value: -0.8189613421171067 and parameters: {'n_layers_yyx': 2, 'hidden_size_yyx_l0': 3, 'hidden_size_yyx_l1': 3, 'context_size_yyx': 1, 'num_mix_components_yyx': 4, 'context_extractor_yyx': 'lstm', 'activation_func_yyx': 'ReLU', 'L2_weight_yyx': 1.8613153142258795e-05, 'L_entropy_weight_yyx': 2.5175572735441486e-09, 'L_sep_weight_yyx': 0.00031271089336000794, 'L_scale_weight_yyx': 6.344561696147683e-10, 'learning_rate_yyx': 0.0011775149201318717}. Best is trial 6 with value: -0.8189613421171067.
[I 2026-03-18 19:02:06,788] Trial 6 pruned. 
[I 2026-03-18 19:02:06,789] Trial 15 pruned. 
[I 2026-03-18 19:02:11,294] Trial 11 pruned. 
[I 2026-03-18 19:02:22,991] Trial 7 pruned. 
[I 2026-03-18 19:02:24,041] Trial 12 pruned. 
[I 2026-03-18 19:02:28,034] Trial 9 pruned. 
[I 2026-03-18 19:02:39,605] Trial 9 pruned. 
[I 2026-03-18 19:02:46,454] Trial 5 pruned. 
[I 2026-03-18 19:02:50,657] Trial 16 pruned. 
[I 2026-03-18 19:02:57,244] Trial 12 pruned. 
[I 2026-03-18 19:03:06,079] Trial 6 finished with value: -2.7665796528518882 and parameters: {'n_layers_yyx': 2, 'hidden_size_yyx_l0': 4, 'hidden_size_yyx_l1': 3, 'context_size_yyx': 4, 'num_mix_components_yyx': 5, 'context_extractor_yyx': 'lstm', 'activation_func_yyx': 'ReLU', 'L2_weight_yyx': 2.777472865097559e-07, 'L_entropy_weight_yyx': 6.57446787682854e-07, 'L_sep_weight_yyx': 6.958156303055962e-08, 'L_scale_weight_yyx': 0.00021926134534185326, 'learning_rate_yyx': 0.009634156309460679}. Best is trial 6 with value: -2.7665796528518882.
[I 2026-03-18 19:03:11,660] Trial 8 pruned. 
[I 2026-03-18 19:03:12,607] Trial 4 finished with value: -2.4107272646481857 and parameters: {'n_layers_yyx': 2, 'hidden_size_yyx_l0': 2, 'hidden_size_yyx_l1': 3, 'context_size_yyx': 3, 'num_mix_components_yyx': 2, 'context_extractor_yyx': 'lstm', 'activation_func_yyx': 'GELU', 'L2_weight_yyx': 0.0004169666971962174, 'L_entropy_weight_yyx': 1.4357623846565867e-07, 'L_sep_weight_yyx': 7.567613306108035e-05, 'L_scale_weight_yyx': 8.14637587315105e-09, 'learning_rate_yyx': 0.009091367648194357}. Best is trial 2 with value: -2.4109094575005234.
[I 2026-03-18 19:03:13,648] Trial 10 pruned. 
[I 2026-03-18 19:03:21,018] Trial 10 pruned. 
[I 2026-03-18 19:03:27,454] Trial 6 pruned. 
[I 2026-03-18 19:03:55,090] Trial 3 finished with value: -2.379263824777505 and parameters: {'n_layers_yyx': 1, 'hidden_size_yyx_l0': 5, 'context_size_yyx': 1, 'num_mix_components_yyx': 1, 'context_extractor_yyx': 'gru', 'activation_func_yyx': 'ReLU', 'L2_weight_yyx': 5.671166220101926e-06, 'L_entropy_weight_yyx': 0.0005665704017985837, 'L_sep_weight_yyx': 1.1840668631596102e-09, 'L_scale_weight_yyx': 8.267191141711324e-09, 'learning_rate_yyx': 0.0011094109598381496}. Best is trial 2 with value: -2.407757820050741.
[I 2026-03-18 19:04:29,878] Trial 7 finished with value: -2.761001489369292 and parameters: {'n_layers_yyx': 2, 'hidden_size_yyx_l0': 4, 'hidden_size_yyx_l1': 5, 'context_size_yyx': 2, 'num_mix_components_yyx': 4, 'context_extractor_yyx': 'gru', 'activation_func_yyx': 'ReLU', 'L2_weight_yyx': 2.350291629614126e-10, 'L_entropy_weight_yyx': 3.449964917138364e-05, 'L_sep_weight_yyx': 9.598529436557449e-08, 'L_scale_weight_yyx': 1.496483470718805e-05, 'learning_rate_yyx': 0.009463978902497613}. Best is trial 2 with value: -2.762987867182404.
[I 2026-03-18 19:04:29,908] Trial 13 pruned. 
[I 2026-03-18 19:04:38,768] Trial 7 pruned. 
[I 2026-03-18 19:04:44,511] Trial 7 pruned. 
[I 2026-03-18 19:04:57,490] Trial 5 finished with value: -2.7599099304000405 and parameters: {'n_layers_yyx': 2, 'hidden_size_yyx_l0': 5, 'hidden_size_yyx_l1': 4, 'context_size_yyx': 2, 'num_mix_components_yyx': 3, 'context_extractor_yyx': 'lstm', 'activation_func_yyx': 'GELU', 'L2_weight_yyx': 0.00019380353456194637, 'L_entropy_weight_yyx': 3.3352947057446203e-09, 'L_sep_weight_yyx': 7.63275460129555e-09, 'L_scale_weight_yyx': 6.866601261945084e-09, 'learning_rate_yyx': 0.004785118276473725}. Best is trial 1 with value: -2.762434471701954.
[I 2026-03-18 19:05:13,298] Trial 14 pruned. 
[I 2026-03-18 19:05:20,187] Trial 9 finished with value: -2.7619469381626907 and parameters: {'n_layers_yyx': 1, 'hidden_size_yyx_l0': 5, 'context_size_yyx': 2, 'num_mix_components_yyx': 2, 'context_extractor_yyx': 'lstm', 'activation_func_yyx': 'ReLU', 'L2_weight_yyx': 0.0002747708497061657, 'L_entropy_weight_yyx': 9.66578501677178e-08, 'L_sep_weight_yyx': 8.727916159464775e-05, 'L_scale_weight_yyx': 3.3584860916909975e-05, 'learning_rate_yyx': 0.009009638630056048}. Best is trial 3 with value: -2.764943250652336.
[I 2026-03-18 19:05:22,062] Trial 6 finished with value: -2.732089680268654 and parameters: {'n_layers_yyx': 2, 'hidden_size_yyx_l0': 5, 'hidden_size_yyx_l1': 4, 'context_size_yyx': 4, 'num_mix_components_yyx': 2, 'context_extractor_yyx': 'gru', 'activation_func_yyx': 'Tanh', 'L2_weight_yyx': 7.1842268506206695e-09, 'L_entropy_weight_yyx': 1.2503907853516231e-06, 'L_sep_weight_yyx': 4.501774229871737e-05, 'L_scale_weight_yyx': 5.705460222176908e-07, 'learning_rate_yyx': 0.004348251397822419}. Best is trial 2 with value: -2.7657870500891577.
[I 2026-03-18 19:05:23,945] Trial 8 pruned. 
[I 2026-03-18 19:05:24,911] Trial 8 pruned. 
[I 2026-03-18 19:06:04,519] Trial 7 pruned. 
[I 2026-03-18 19:06:21,730] Trial 15 finished with value: -2.7581294911430483 and parameters: {'n_layers_yyx': 2, 'hidden_size_yyx_l0': 3, 'hidden_size_yyx_l1': 3, 'context_size_yyx': 3, 'num_mix_components_yyx': 5, 'context_extractor_yyx': 'lstm', 'activation_func_yyx': 'GELU', 'L2_weight_yyx': 1.3183182129893513e-07, 'L_entropy_weight_yyx': 1.7601841011379656e-08, 'L_sep_weight_yyx': 2.91633277655865e-05, 'L_scale_weight_yyx': 4.015433557841047e-08, 'learning_rate_yyx': 0.0045448143878994455}. Best is trial 15 with value: -2.7581294911430483.
[I 2026-03-18 19:06:44,156] Trial 4 finished with value: -2.267426319611378 and parameters: {'n_layers_yyx': 2, 'hidden_size_yyx_l0': 2, 'hidden_size_yyx_l1': 2, 'context_size_yyx': 1, 'num_mix_components_yyx': 1, 'context_extractor_yyx': 'gru', 'activation_func_yyx': 'ReLU', 'L2_weight_yyx': 1.1292495568569786e-08, 'L_entropy_weight_yyx': 1.8788395506456736e-10, 'L_sep_weight_yyx': 2.081918101112675e-05, 'L_scale_weight_yyx': 6.1911688085679275e-09, 'learning_rate_yyx': 0.0018555501658971704}. Best is trial 1 with value: -2.393392615685096.
[I 2026-03-18 19:06:56,397] Trial 9 pruned. 
[I 2026-03-18 19:07:19,006] Trial 4 pruned. 
[I 2026-03-18 19:08:05,469] Trial 3 finished with value: -2.7235705372441963 and parameters: {'n_layers_yyx': 1, 'hidden_size_yyx_l0': 2, 'context_size_yyx': 1, 'num_mix_components_yyx': 1, 'context_extractor_yyx': 'gru', 'activation_func_yyx': 'ReLU', 'L2_weight_yyx': 1.4463352160518752e-10, 'L_entropy_weight_yyx': 1.120368380697877e-08, 'L_sep_weight_yyx': 1.6878699926000487e-06, 'L_scale_weight_yyx': 1.3445659641436393e-08, 'learning_rate_yyx': 0.0007473222206803466}. Best is trial 2 with value: -2.7647061180279695.
[I 2026-03-18 19:08:45,663] Trial 4 finished with value: -0.8398728250928961 and parameters: {'n_layers_yyx': 2, 'hidden_size_yyx_l0': 4, 'hidden_size_yyx_l1': 3, 'context_size_yyx': 3, 'num_mix_components_yyx': 2, 'context_extractor_yyx': 'lstm', 'activation_func_yyx': 'GELU', 'L2_weight_yyx': 3.2104298625782825e-09, 'L_entropy_weight_yyx': 1.9585515532928507e-07, 'L_sep_weight_yyx': 4.123134885671391e-09, 'L_scale_weight_yyx': 5.542339536457317e-05, 'learning_rate_yyx': 0.0038721933881763065}. Best is trial 0 with value: -0.843539329540078.
[I 2026-03-18 19:09:09,349] Trial 10 pruned. 
[I 2026-03-18 19:09:13,148] Trial 6 finished with value: -2.5462433457735516 and parameters: {'n_layers_yyx': 2, 'hidden_size_yyx_l0': 4, 'hidden_size_yyx_l1': 6, 'context_size_yyx': 4, 'num_mix_components_yyx': 4, 'context_extractor_yyx': 'gru', 'activation_func_yyx': 'GELU', 'L2_weight_yyx': 1.583647772915343e-08, 'L_entropy_weight_yyx': 2.9693426499596523e-05, 'L_sep_weight_yyx': 2.236117514075448e-09, 'L_scale_weight_yyx': 1.6162391379022784e-06, 'learning_rate_yyx': 0.008397200291173334}. Best is trial 6 with value: -2.5462433457735516.
[I 2026-03-18 19:09:15,880] Trial 4 pruned. 
[I 2026-03-18 19:09:18,829] Trial 5 pruned. 
[I 2026-03-18 19:09:25,355] Trial 8 finished with value: -0.753705045849393 and parameters: {'n_layers_yyx': 2, 'hidden_size_yyx_l0': 5, 'hidden_size_yyx_l1': 2, 'context_size_yyx': 2, 'num_mix_components_yyx': 5, 'context_extractor_yyx': 'gru', 'activation_func_yyx': 'GELU', 'L2_weight_yyx': 8.807499793422085e-05, 'L_entropy_weight_yyx': 4.6152532447193367e-08, 'L_sep_weight_yyx': 4.6086652412254814e-05, 'L_scale_weight_yyx': 6.708612831156721e-08, 'learning_rate_yyx': 0.0006647436415836265}. Best is trial 0 with value: -0.8180432904242061.
[I 2026-03-18 19:09:39,843] Trial 6 finished with value: -2.731388913629886 and parameters: {'n_layers_yyx': 2, 'hidden_size_yyx_l0': 2, 'hidden_size_yyx_l1': 6, 'context_size_yyx': 4, 'num_mix_components_yyx': 2, 'context_extractor_yyx': 'gru', 'activation_func_yyx': 'GELU', 'L2_weight_yyx': 6.576180004462429e-10, 'L_entropy_weight_yyx': 2.3548031137952964e-08, 'L_sep_weight_yyx': 0.0007562438778060286, 'L_scale_weight_yyx': 3.7238351953729924e-08, 'learning_rate_yyx': 0.0063419354348233726}. Best is trial 1 with value: -2.762434471701954.
[I 2026-03-18 19:09:47,319] Trial 11 finished with value: -2.764072311109084 and parameters: {'n_layers_yyx': 1, 'hidden_size_yyx_l0': 3, 'context_size_yyx': 4, 'num_mix_components_yyx': 5, 'context_extractor_yyx': 'gru', 'activation_func_yyx': 'GELU', 'L2_weight_yyx': 3.144913226066955e-05, 'L_entropy_weight_yyx': 5.163352174845881e-10, 'L_sep_weight_yyx': 0.0008919093145877779, 'L_scale_weight_yyx': 1.9617972106349059e-10, 'learning_rate_yyx': 0.008724932341479695}. Best is trial 3 with value: -2.766124988596948.
[I 2026-03-18 19:09:49,369] Trial 9 finished with value: -2.7324928442637124 and parameters: {'n_layers_yyx': 1, 'hidden_size_yyx_l0': 2, 'context_size_yyx': 4, 'num_mix_components_yyx': 1, 'context_extractor_yyx': 'lstm', 'activation_func_yyx': 'ReLU', 'L2_weight_yyx': 0.00037729940468441846, 'L_entropy_weight_yyx': 7.987715229841715e-06, 'L_sep_weight_yyx': 8.704947823780111e-08, 'L_scale_weight_yyx': 7.014126230147149e-06, 'learning_rate_yyx': 0.008746639202004663}. Best is trial 3 with value: -2.7657987594604494.
[I 2026-03-18 19:10:06,240] Trial 15 pruned. 
[I 2026-03-18 19:10:18,145] Trial 11 pruned. 
[I 2026-03-18 19:10:18,168] Trial 10 pruned. 
[I 2026-03-18 19:10:22,384] Trial 9 pruned. 
[I 2026-03-18 19:10:26,810] Trial 4 finished with value: -2.3984721602003543 and parameters: {'n_layers_yyx': 2, 'hidden_size_yyx_l0': 6, 'hidden_size_yyx_l1': 5, 'context_size_yyx': 3, 'num_mix_components_yyx': 3, 'context_extractor_yyx': 'lstm', 'activation_func_yyx': 'GELU', 'L2_weight_yyx': 2.2821504190339757e-10, 'L_entropy_weight_yyx': 3.842600511840071e-06, 'L_sep_weight_yyx': 9.575324354758716e-05, 'L_scale_weight_yyx': 1.2166592616674098e-05, 'learning_rate_yyx': 0.0028624284319260125}. Best is trial 2 with value: -2.39978509736055.
[I 2026-03-18 19:11:10,592] Trial 10 pruned. 
[I 2026-03-18 19:11:15,899] Trial 7 pruned. 
[I 2026-03-18 19:11:18,212] Trial 16 pruned. 
[I 2026-03-18 19:11:21,385] Trial 12 pruned. 
[I 2026-03-18 19:11:44,477] Trial 9 finished with value: -0.8005357345062661 and parameters: {'n_layers_yyx': 1, 'hidden_size_yyx_l0': 2, 'context_size_yyx': 4, 'num_mix_components_yyx': 3, 'context_extractor_yyx': 'lstm', 'activation_func_yyx': 'ReLU', 'L2_weight_yyx': 2.646788989656928e-10, 'L_entropy_weight_yyx': 3.2651642226512116e-09, 'L_sep_weight_yyx': 4.933742804041892e-07, 'L_scale_weight_yyx': 2.4293032049393e-07, 'learning_rate_yyx': 0.003501553851907895}. Best is trial 4 with value: -0.8236861799457048.
[I 2026-03-18 19:11:59,225] Trial 16 pruned. 
[I 2026-03-18 19:12:06,894] Trial 10 pruned. 
[I 2026-03-18 19:12:18,980] Trial 8 pruned. 
[I 2026-03-18 19:12:38,451] Trial 11 finished with value: -2.4030680672323603 and parameters: {'n_layers_yyx': 2, 'hidden_size_yyx_l0': 6, 'hidden_size_yyx_l1': 6, 'context_size_yyx': 1, 'num_mix_components_yyx': 3, 'context_extractor_yyx': 'lstm', 'activation_func_yyx': 'Tanh', 'L2_weight_yyx': 1.351145978002885e-06, 'L_entropy_weight_yyx': 7.110028295100903e-06, 'L_sep_weight_yyx': 0.0009734455156105208, 'L_scale_weight_yyx': 5.101464020512449e-09, 'learning_rate_yyx': 0.009485596955639075}. Best is trial 11 with value: -2.4030680672323603.
[I 2026-03-18 19:12:51,973] Trial 8 finished with value: -2.7574404602647995 and parameters: {'n_layers_yyx': 1, 'hidden_size_yyx_l0': 5, 'context_size_yyx': 2, 'num_mix_components_yyx': 5, 'context_extractor_yyx': 'lstm', 'activation_func_yyx': 'ReLU', 'L2_weight_yyx': 2.1118146442456533e-05, 'L_entropy_weight_yyx': 9.706693996898999e-06, 'L_sep_weight_yyx': 1.054505368763103e-06, 'L_scale_weight_yyx': 2.15839658509186e-06, 'learning_rate_yyx': 0.005869169503443147}. Best is trial 2 with value: -2.762987867182404.
[I 2026-03-18 19:12:53,819] Trial 7 finished with value: -2.763916974920187 and parameters: {'n_layers_yyx': 2, 'hidden_size_yyx_l0': 5, 'hidden_size_yyx_l1': 6, 'context_size_yyx': 1, 'num_mix_components_yyx': 2, 'context_extractor_yyx': 'gru', 'activation_func_yyx': 'Tanh', 'L2_weight_yyx': 4.314566849545307e-08, 'L_entropy_weight_yyx': 3.2153484940024505e-07, 'L_sep_weight_yyx': 0.0005808744940140607, 'L_scale_weight_yyx': 1.0815385069611269e-05, 'learning_rate_yyx': 0.00450334899464166}. Best is trial 1 with value: -2.76558573285036.
[I 2026-03-18 19:13:12,769] Trial 11 finished with value: -2.79739590967713 and parameters: {'n_layers_yyx': 1, 'hidden_size_yyx_l0': 2, 'context_size_yyx': 4, 'num_mix_components_yyx': 5, 'context_extractor_yyx': 'lstm', 'activation_func_yyx': 'Tanh', 'L2_weight_yyx': 1.0462442428684002e-10, 'L_entropy_weight_yyx': 9.661628228361591e-06, 'L_sep_weight_yyx': 1.0259294856377607e-10, 'L_scale_weight_yyx': 5.482818466270793e-08, 'learning_rate_yyx': 0.003153653398253155}. Best is trial 0 with value: -2.8001684201127572.
[I 2026-03-18 19:13:12,956] Trial 8 finished with value: -2.3870067865213858 and parameters: {'n_layers_yyx': 2, 'hidden_size_yyx_l0': 6, 'hidden_size_yyx_l1': 4, 'context_size_yyx': 2, 'num_mix_components_yyx': 4, 'context_extractor_yyx': 'lstm', 'activation_func_yyx': 'ReLU', 'L2_weight_yyx': 3.379433601264256e-06, 'L_entropy_weight_yyx': 6.786531130436867e-09, 'L_sep_weight_yyx': 1.2137550439533686e-05, 'L_scale_weight_yyx': 2.4903002701531625e-10, 'learning_rate_yyx': 0.0019158325620225718}. Best is trial 4 with value: -2.393031095621557.
[I 2026-03-18 19:13:19,864] Trial 9 pruned. 
[I 2026-03-18 19:13:42,867] Trial 13 pruned. 
[I 2026-03-18 19:13:56,086] Trial 7 finished with value: -0.830295985347235 and parameters: {'n_layers_yyx': 1, 'hidden_size_yyx_l0': 4, 'context_size_yyx': 1, 'num_mix_components_yyx': 4, 'context_extractor_yyx': 'lstm', 'activation_func_yyx': 'ReLU', 'L2_weight_yyx': 5.850730922595608e-06, 'L_entropy_weight_yyx': 1.063515791295072e-06, 'L_sep_weight_yyx': 5.59675892335131e-09, 'L_scale_weight_yyx': 0.0001565000286735568, 'learning_rate_yyx': 0.0022520822902473148}. Best is trial 7 with value: -0.830295985347235.
[I 2026-03-18 19:14:01,808] Trial 7 finished with value: -2.7580646598426095 and parameters: {'n_layers_yyx': 2, 'hidden_size_yyx_l0': 4, 'hidden_size_yyx_l1': 2, 'context_size_yyx': 1, 'num_mix_components_yyx': 4, 'context_extractor_yyx': 'gru', 'activation_func_yyx': 'ReLU', 'L2_weight_yyx': 7.714008463098421e-07, 'L_entropy_weight_yyx': 2.6056569724916858e-09, 'L_sep_weight_yyx': 1.2387194179634857e-07, 'L_scale_weight_yyx': 0.0001663472487211342, 'learning_rate_yyx': 0.0007840148111839497}. Best is trial 0 with value: -2.76381727105261.
[I 2026-03-18 19:14:10,533] Trial 7 finished with value: -2.766072426816335 and parameters: {'n_layers_yyx': 1, 'hidden_size_yyx_l0': 6, 'context_size_yyx': 4, 'num_mix_components_yyx': 4, 'context_extractor_yyx': 'gru', 'activation_func_yyx': 'GELU', 'L2_weight_yyx': 8.70927083617859e-09, 'L_entropy_weight_yyx': 1.610977963938306e-08, 'L_sep_weight_yyx': 1.3164102038346812e-06, 'L_scale_weight_yyx': 2.1603434333985257e-10, 'learning_rate_yyx': 0.008949086513848455}. Best is trial 7 with value: -2.766072426816335.
[I 2026-03-18 19:14:11,700] Trial 17 pruned. 
[I 2026-03-18 19:14:20,454] Trial 12 pruned. 
[I 2026-03-18 19:14:24,714] Trial 11 pruned. 
[I 2026-03-18 19:14:50,632] Trial 8 pruned. 
[I 2026-03-18 19:15:06,148] Trial 8 pruned. 
[I 2026-03-18 19:15:16,963] Trial 18 pruned. 
[I 2026-03-18 19:15:24,216] Trial 13 pruned. 
[I 2026-03-18 19:15:33,256] Trial 5 pruned. 
[I 2026-03-18 19:15:37,621] Trial 17 finished with value: -2.3950007885403974 and parameters: {'n_layers_yyx': 1, 'hidden_size_yyx_l0': 5, 'context_size_yyx': 4, 'num_mix_components_yyx': 4, 'context_extractor_yyx': 'gru', 'activation_func_yyx': 'Tanh', 'L2_weight_yyx': 1.6421899339937392e-06, 'L_entropy_weight_yyx': 1.2132129472012766e-06, 'L_sep_weight_yyx': 7.74749131607308e-06, 'L_scale_weight_yyx': 1.625646611906586e-07, 'learning_rate_yyx': 0.001339081116234844}. Best is trial 0 with value: -2.4076941594397367.
[I 2026-03-18 19:15:49,317] Trial 12 pruned. 
[I 2026-03-18 19:16:46,970] Trial 18 pruned. 
[I 2026-03-18 19:16:47,808] Trial 6 finished with value: -2.3967751596019986 and parameters: {'n_layers_yyx': 2, 'hidden_size_yyx_l0': 6, 'hidden_size_yyx_l1': 3, 'context_size_yyx': 3, 'num_mix_components_yyx': 1, 'context_extractor_yyx': 'gru', 'activation_func_yyx': 'Tanh', 'L2_weight_yyx': 0.00019002849373234227, 'L_entropy_weight_yyx': 1.8161636554126752e-10, 'L_sep_weight_yyx': 1.0826040346782564e-08, 'L_scale_weight_yyx': 0.0001022350085524723, 'learning_rate_yyx': 0.001044634786913843}. Best is trial 0 with value: -2.431222564426635.
[I 2026-03-18 19:16:48,796] Trial 6 pruned. 
[I 2026-03-18 19:17:51,548] Trial 19 pruned. 
[I 2026-03-18 19:17:53,550] Trial 9 pruned. 
[I 2026-03-18 19:17:57,375] Trial 7 pruned. 
[I 2026-03-18 19:18:08,509] Trial 7 pruned. 
[I 2026-03-18 19:18:18,386] Trial 9 finished with value: -2.4237415519893895 and parameters: {'n_layers_yyx': 1, 'hidden_size_yyx_l0': 4, 'context_size_yyx': 4, 'num_mix_components_yyx': 4, 'context_extractor_yyx': 'lstm', 'activation_func_yyx': 'Tanh', 'L2_weight_yyx': 0.00024500866145771093, 'L_entropy_weight_yyx': 6.857925715467982e-09, 'L_sep_weight_yyx': 2.864497112227697e-09, 'L_scale_weight_yyx': 0.0002261054060176785, 'learning_rate_yyx': 0.005993117837957842}. Best is trial 9 with value: -2.4237415519893895.
[I 2026-03-18 19:18:32,729] Trial 10 finished with value: -0.7997886398518279 and parameters: {'n_layers_yyx': 1, 'hidden_size_yyx_l0': 6, 'context_size_yyx': 3, 'num_mix_components_yyx': 5, 'context_extractor_yyx': 'gru', 'activation_func_yyx': 'GELU', 'L2_weight_yyx': 9.749671863817192e-07, 'L_entropy_weight_yyx': 0.00037255160255293305, 'L_sep_weight_yyx': 0.00046028421632007024, 'L_scale_weight_yyx': 1.306808494958064e-10, 'learning_rate_yyx': 0.007508550085394269}. Best is trial 4 with value: -0.8236861799457048.
[I 2026-03-18 19:18:39,305] Trial 13 pruned. 
[I 2026-03-18 19:18:44,263] Trial 5 finished with value: -2.4067040109302495 and parameters: {'n_layers_yyx': 2, 'hidden_size_yyx_l0': 3, 'hidden_size_yyx_l1': 4, 'context_size_yyx': 3, 'num_mix_components_yyx': 4, 'context_extractor_yyx': 'lstm', 'activation_func_yyx': 'ReLU', 'L2_weight_yyx': 7.877379561511606e-07, 'L_entropy_weight_yyx': 1.856535542004233e-10, 'L_sep_weight_yyx': 1.918703451790304e-05, 'L_scale_weight_yyx': 2.684250042154165e-07, 'learning_rate_yyx': 0.003405037129893274}. Best is trial 2 with value: -2.4109094575005234.
[I 2026-03-18 19:19:29,173] Trial 20 pruned. 
[I 2026-03-18 19:19:50,196] Trial 8 finished with value: -2.7246290417070282 and parameters: {'n_layers_yyx': 1, 'hidden_size_yyx_l0': 5, 'context_size_yyx': 2, 'num_mix_components_yyx': 1, 'context_extractor_yyx': 'gru', 'activation_func_yyx': 'GELU', 'L2_weight_yyx': 0.00021700614366378825, 'L_entropy_weight_yyx': 3.5964460944101818e-09, 'L_sep_weight_yyx': 1.4236325410914633e-09, 'L_scale_weight_yyx': 1.5800348730503023e-07, 'learning_rate_yyx': 0.0008928514717653319}. Best is trial 0 with value: -2.7678615354442075.
[I 2026-03-18 19:19:50,563] Trial 7 finished with value: -2.760235046625448 and parameters: {'n_layers_yyx': 1, 'hidden_size_yyx_l0': 2, 'context_size_yyx': 2, 'num_mix_components_yyx': 1, 'context_extractor_yyx': 'gru', 'activation_func_yyx': 'GELU', 'L2_weight_yyx': 2.850237774475954e-08, 'L_entropy_weight_yyx': 0.0002267176587535183, 'L_sep_weight_yyx': 0.0005209214030775658, 'L_scale_weight_yyx': 3.56954033430094e-08, 'learning_rate_yyx': 0.001507893913461621}. Best is trial 1 with value: -2.766246985643131.
[I 2026-03-18 19:20:29,563] Trial 14 pruned. 
[I 2026-03-18 19:21:03,739] Trial 13 finished with value: -0.8291683675971658 and parameters: {'n_layers_yyx': 2, 'hidden_size_yyx_l0': 3, 'hidden_size_yyx_l1': 5, 'context_size_yyx': 1, 'num_mix_components_yyx': 4, 'context_extractor_yyx': 'lstm', 'activation_func_yyx': 'Tanh', 'L2_weight_yyx': 4.5582547337036266e-09, 'L_entropy_weight_yyx': 3.288434841372705e-10, 'L_sep_weight_yyx': 1.4545801121211693e-10, 'L_scale_weight_yyx': 5.149477030283898e-06, 'learning_rate_yyx': 0.001083337411830156}. Best is trial 1 with value: -0.8307161542478305.
[I 2026-03-18 19:22:22,155] Trial 8 finished with value: -2.7661304184127817 and parameters: {'n_layers_yyx': 2, 'hidden_size_yyx_l0': 6, 'hidden_size_yyx_l1': 6, 'context_size_yyx': 3, 'num_mix_components_yyx': 2, 'context_extractor_yyx': 'lstm', 'activation_func_yyx': 'Tanh', 'L2_weight_yyx': 1.436091062731638e-07, 'L_entropy_weight_yyx': 0.0006926592853825986, 'L_sep_weight_yyx': 4.01125808133524e-06, 'L_scale_weight_yyx': 8.004352178210478e-10, 'learning_rate_yyx': 0.004045659797496757}. Best is trial 8 with value: -2.7661304184127817.
[I 2026-03-18 19:22:22,308] Trial 21 pruned. 
[I 2026-03-18 19:22:46,213] Trial 11 pruned. 
[I 2026-03-18 19:23:35,213] Trial 5 finished with value: -0.8480365026296506 and parameters: {'n_layers_yyx': 2, 'hidden_size_yyx_l0': 3, 'hidden_size_yyx_l1': 4, 'context_size_yyx': 1, 'num_mix_components_yyx': 5, 'context_extractor_yyx': 'lstm', 'activation_func_yyx': 'Tanh', 'L2_weight_yyx': 5.285607274404086e-06, 'L_entropy_weight_yyx': 9.763412444062406e-07, 'L_sep_weight_yyx': 2.0401756459623802e-05, 'L_scale_weight_yyx': 1.8182735517505934e-09, 'learning_rate_yyx': 0.00436273636112201}. Best is trial 5 with value: -0.8480365026296506.
[I 2026-03-18 19:25:28,359] Trial 22 pruned. 
[I 2026-03-18 19:25:51,350] Trial 19 pruned. 
[I 2026-03-18 19:26:07,722] Trial 9 pruned. 
[I 2026-03-18 19:26:44,317] Trial 17 finished with value: -2.733071570501339 and parameters: {'n_layers_yyx': 2, 'hidden_size_yyx_l0': 5, 'hidden_size_yyx_l1': 2, 'context_size_yyx': 4, 'num_mix_components_yyx': 2, 'context_extractor_yyx': 'lstm', 'activation_func_yyx': 'GELU', 'L2_weight_yyx': 9.091782899380872e-06, 'L_entropy_weight_yyx': 0.00011442774864459283, 'L_sep_weight_yyx': 8.835032241786916e-05, 'L_scale_weight_yyx': 1.0140677678504726e-05, 'learning_rate_yyx': 0.004155986255267959}. Best is trial 1 with value: -2.766161832317774.
[I 2026-03-18 19:27:20,310] Trial 15 pruned. 
[I 2026-03-18 19:28:33,146] Trial 11 finished with value: -0.8086446426819839 and parameters: {'n_layers_yyx': 1, 'hidden_size_yyx_l0': 3, 'context_size_yyx': 3, 'num_mix_components_yyx': 4, 'context_extractor_yyx': 'gru', 'activation_func_yyx': 'Tanh', 'L2_weight_yyx': 1.6828352731027755e-08, 'L_entropy_weight_yyx': 3.723193662773124e-06, 'L_sep_weight_yyx': 1.6913978701500727e-08, 'L_scale_weight_yyx': 1.499448693213157e-08, 'learning_rate_yyx': 0.004560545578032401}. Best is trial 0 with value: -0.8180432904242061.
[I 2026-03-18 19:29:25,351] Trial 23 pruned. 
[I 2026-03-18 19:29:40,086] Trial 9 pruned. 
[I 2026-03-18 19:29:44,430] Trial 14 finished with value: -2.730037701142344 and parameters: {'n_layers_yyx': 1, 'hidden_size_yyx_l0': 5, 'context_size_yyx': 4, 'num_mix_components_yyx': 2, 'context_extractor_yyx': 'lstm', 'activation_func_yyx': 'Tanh', 'L2_weight_yyx': 2.2383595683301e-09, 'L_entropy_weight_yyx': 1.4571391014237893e-07, 'L_sep_weight_yyx': 4.705380916722197e-05, 'L_scale_weight_yyx': 3.38143926464237e-08, 'learning_rate_yyx': 0.0038921937148144138}. Best is trial 6 with value: -2.7665796528518882.
[I 2026-03-18 19:29:46,871] Trial 12 pruned. 
[I 2026-03-18 19:29:59,931] Trial 20 pruned. 
[I 2026-03-18 19:30:27,554] Trial 18 pruned. 
[I 2026-03-18 19:30:35,624] Trial 6 pruned. 
[I 2026-03-18 19:31:20,623] Trial 16 pruned. 
[I 2026-03-18 19:31:56,257] Trial 11 finished with value: -2.7629356025306495 and parameters: {'n_layers_yyx': 2, 'hidden_size_yyx_l0': 6, 'hidden_size_yyx_l1': 4, 'context_size_yyx': 3, 'num_mix_components_yyx': 4, 'context_extractor_yyx': 'lstm', 'activation_func_yyx': 'Tanh', 'L2_weight_yyx': 0.0009507574913331523, 'L_entropy_weight_yyx': 6.695283814430861e-06, 'L_sep_weight_yyx': 2.0346979877224105e-05, 'L_scale_weight_yyx': 6.608570235463105e-05, 'learning_rate_yyx': 0.005194288089759239}. Best is trial 3 with value: -2.764943250652336.
[I 2026-03-18 19:32:27,354] Trial 10 finished with value: -2.731241522541384 and parameters: {'n_layers_yyx': 2, 'hidden_size_yyx_l0': 6, 'hidden_size_yyx_l1': 6, 'context_size_yyx': 4, 'num_mix_components_yyx': 2, 'context_extractor_yyx': 'lstm', 'activation_func_yyx': 'ReLU', 'L2_weight_yyx': 3.475265202331935e-06, 'L_entropy_weight_yyx': 1.6962518656613462e-10, 'L_sep_weight_yyx': 0.0007554681272235721, 'L_scale_weight_yyx': 1.6508789653694327e-10, 'learning_rate_yyx': 0.009682151150789926}. Best is trial 0 with value: -2.76381727105261.
[I 2026-03-18 19:33:14,564] Trial 24 pruned. 
[I 2026-03-18 19:33:41,025] Trial 10 pruned. 
[I 2026-03-18 19:33:47,628] Trial 10 pruned. 
[I 2026-03-18 19:34:03,166] Trial 15 pruned. 
[I 2026-03-18 19:34:08,044] Trial 21 pruned. 
[I 2026-03-18 19:34:44,377] Trial 12 finished with value: -2.731820487976074 and parameters: {'n_layers_yyx': 2, 'hidden_size_yyx_l0': 4, 'hidden_size_yyx_l1': 2, 'context_size_yyx': 4, 'num_mix_components_yyx': 4, 'context_extractor_yyx': 'lstm', 'activation_func_yyx': 'GELU', 'L2_weight_yyx': 2.8335223589753446e-08, 'L_entropy_weight_yyx': 2.6375325758866906e-08, 'L_sep_weight_yyx': 1.5459319931906575e-05, 'L_scale_weight_yyx': 4.2670777434810596e-05, 'learning_rate_yyx': 0.004337521186882764}. Best is trial 3 with value: -2.7657987594604494.
[I 2026-03-18 19:35:34,666] Trial 8 finished with value: -2.7651471750675345 and parameters: {'n_layers_yyx': 1, 'hidden_size_yyx_l0': 6, 'context_size_yyx': 4, 'num_mix_components_yyx': 4, 'context_extractor_yyx': 'lstm', 'activation_func_yyx': 'ReLU', 'L2_weight_yyx': 1.5581967922475502e-10, 'L_entropy_weight_yyx': 5.11733186641404e-08, 'L_sep_weight_yyx': 5.764999465518254e-05, 'L_scale_weight_yyx': 2.5813374240929813e-09, 'learning_rate_yyx': 0.00337055852135721}. Best is trial 1 with value: -2.76558573285036.
[I 2026-03-18 19:35:44,957] Trial 5 finished with value: -2.3927098431585994 and parameters: {'n_layers_yyx': 2, 'hidden_size_yyx_l0': 6, 'hidden_size_yyx_l1': 6, 'context_size_yyx': 1, 'num_mix_components_yyx': 4, 'context_extractor_yyx': 'lstm', 'activation_func_yyx': 'Tanh', 'L2_weight_yyx': 2.253674290047753e-08, 'L_entropy_weight_yyx': 0.0003372750746979628, 'L_sep_weight_yyx': 6.228580781570513e-05, 'L_scale_weight_yyx': 9.141518981296936e-06, 'learning_rate_yyx': 0.0054144858113109925}. Best is trial 2 with value: -2.39978509736055.
[I 2026-03-18 19:37:13,616] Trial 25 pruned. 
[I 2026-03-18 19:37:13,998] Trial 13 pruned. 
[I 2026-03-18 19:37:37,045] Trial 14 pruned. 
[I 2026-03-18 19:37:45,036] Trial 11 pruned. 
[I 2026-03-18 19:38:02,761] Trial 7 pruned. 
[I 2026-03-18 19:38:07,470] Trial 11 pruned. 
[I 2026-03-18 19:38:19,364] Trial 19 pruned. 
[I 2026-03-18 19:39:38,176] Trial 6 finished with value: -2.406664661525451 and parameters: {'n_layers_yyx': 2, 'hidden_size_yyx_l0': 4, 'hidden_size_yyx_l1': 6, 'context_size_yyx': 1, 'num_mix_components_yyx': 4, 'context_extractor_yyx': 'lstm', 'activation_func_yyx': 'ReLU', 'L2_weight_yyx': 3.9018062963406176e-10, 'L_entropy_weight_yyx': 2.386590097165687e-09, 'L_sep_weight_yyx': 1.415270685752601e-09, 'L_scale_weight_yyx': 2.274240626721297e-06, 'learning_rate_yyx': 0.0026240759133776045}. Best is trial 2 with value: -2.407757820050741.
[I 2026-03-18 19:39:52,804] Trial 6 pruned. 
[I 2026-03-18 19:40:09,501] Trial 11 pruned. 
[I 2026-03-18 19:41:52,502] Trial 8 finished with value: -2.764600633518841 and parameters: {'n_layers_yyx': 2, 'hidden_size_yyx_l0': 6, 'hidden_size_yyx_l1': 2, 'context_size_yyx': 3, 'num_mix_components_yyx': 4, 'context_extractor_yyx': 'lstm', 'activation_func_yyx': 'ReLU', 'L2_weight_yyx': 2.132303086418913e-09, 'L_entropy_weight_yyx': 0.00022253433833860703, 'L_sep_weight_yyx': 1.1689157290161635e-10, 'L_scale_weight_yyx': 4.2175684733568544e-07, 'learning_rate_yyx': 0.007493456268284184}. Best is trial 7 with value: -2.766072426816335.
[I 2026-03-18 19:42:14,701] Trial 12 pruned. 
[I 2026-03-18 19:42:30,954] Trial 20 pruned. 
[I 2026-03-18 19:43:07,072] Trial 10 finished with value: -2.539561611084186 and parameters: {'n_layers_yyx': 1, 'hidden_size_yyx_l0': 4, 'context_size_yyx': 4, 'num_mix_components_yyx': 2, 'context_extractor_yyx': 'lstm', 'activation_func_yyx': 'GELU', 'L2_weight_yyx': 2.2471649123571127e-10, 'L_entropy_weight_yyx': 3.036808665063706e-06, 'L_sep_weight_yyx': 2.5502283847152242e-06, 'L_scale_weight_yyx': 2.2287292440241397e-06, 'learning_rate_yyx': 0.009221301863010655}. Best is trial 6 with value: -2.5462433457735516.
[I 2026-03-18 19:43:12,492] Trial 9 pruned. 
[I 2026-03-18 19:43:55,464] Trial 7 pruned. 
[I 2026-03-18 19:43:56,762] Trial 7 pruned. 
[I 2026-03-18 19:45:07,662] Trial 9 finished with value: -2.765185642429061 and parameters: {'n_layers_yyx': 1, 'hidden_size_yyx_l0': 4, 'context_size_yyx': 1, 'num_mix_components_yyx': 4, 'context_extractor_yyx': 'lstm', 'activation_func_yyx': 'Tanh', 'L2_weight_yyx': 9.239693095166725e-08, 'L_entropy_weight_yyx': 2.8648804543276497e-05, 'L_sep_weight_yyx': 1.5386951708071505e-10, 'L_scale_weight_yyx': 4.247407684172393e-09, 'learning_rate_yyx': 0.005562604464168229}. Best is trial 9 with value: -2.765185642429061.
[I 2026-03-18 19:45:22,366] Trial 26 pruned. 
[I 2026-03-18 19:46:06,177] Trial 9 pruned. 
[I 2026-03-18 19:48:03,673] Trial 12 pruned. 
[I 2026-03-18 19:48:22,981] Trial 10 pruned. 
[I 2026-03-18 19:49:17,581] Trial 12 finished with value: -2.399275110123005 and parameters: {'n_layers_yyx': 2, 'hidden_size_yyx_l0': 5, 'hidden_size_yyx_l1': 6, 'context_size_yyx': 1, 'num_mix_components_yyx': 2, 'context_extractor_yyx': 'lstm', 'activation_func_yyx': 'Tanh', 'L2_weight_yyx': 1.402578453464722e-06, 'L_entropy_weight_yyx': 1.7402646571068743e-06, 'L_sep_weight_yyx': 0.0006384902545739728, 'L_scale_weight_yyx': 4.576574036004226e-09, 'learning_rate_yyx': 0.0035538377231026045}. Best is trial 11 with value: -2.4030680672323603.
[I 2026-03-18 19:49:30,198] Trial 17 pruned. 
[I 2026-03-18 19:50:01,522] Trial 10 pruned. 
[I 2026-03-18 19:50:17,260] Trial 22 finished with value: -2.724197567210478 and parameters: {'n_layers_yyx': 2, 'hidden_size_yyx_l0': 4, 'hidden_size_yyx_l1': 4, 'context_size_yyx': 3, 'num_mix_components_yyx': 2, 'context_extractor_yyx': 'lstm', 'activation_func_yyx': 'ReLU', 'L2_weight_yyx': 9.346315394592108e-10, 'L_entropy_weight_yyx': 4.5009798627024835e-09, 'L_sep_weight_yyx': 0.00016654172868079515, 'L_scale_weight_yyx': 1.0135322073492621e-08, 'learning_rate_yyx': 0.005304624540528353}. Best is trial 15 with value: -2.7581294911430483.
[I 2026-03-18 19:50:19,266] Trial 12 pruned. 
[I 2026-03-18 19:50:27,672] Trial 11 pruned. 
[I 2026-03-18 19:51:04,257] Trial 10 pruned. 
[I 2026-03-18 19:51:18,916] Trial 8 pruned. 
[I 2026-03-18 19:51:25,070] Trial 9 finished with value: -2.384372141371621 and parameters: {'n_layers_yyx': 2, 'hidden_size_yyx_l0': 6, 'hidden_size_yyx_l1': 5, 'context_size_yyx': 4, 'num_mix_components_yyx': 4, 'context_extractor_yyx': 'lstm', 'activation_func_yyx': 'Tanh', 'L2_weight_yyx': 6.059076949131388e-10, 'L_entropy_weight_yyx': 3.5381081148168714e-06, 'L_sep_weight_yyx': 7.662860438175837e-08, 'L_scale_weight_yyx': 1.1143642975114571e-10, 'learning_rate_yyx': 0.0015849587822554267}. Best is trial 4 with value: -2.393031095621557.
[I 2026-03-18 19:51:44,377] Trial 16 pruned. 
[I 2026-03-18 19:52:21,239] Trial 6 finished with value: -2.4106829240783707 and parameters: {'n_layers_yyx': 2, 'hidden_size_yyx_l0': 2, 'hidden_size_yyx_l1': 4, 'context_size_yyx': 4, 'num_mix_components_yyx': 5, 'context_extractor_yyx': 'gru', 'activation_func_yyx': 'GELU', 'L2_weight_yyx': 0.0008638082775766553, 'L_entropy_weight_yyx': 5.660162666921247e-05, 'L_sep_weight_yyx': 6.330439269810216e-06, 'L_scale_weight_yyx': 3.6954824378501824e-06, 'learning_rate_yyx': 0.008928593742628724}. Best is trial 2 with value: -2.4109094575005234.
[I 2026-03-18 19:52:40,587] Trial 18 pruned. 
[I 2026-03-18 19:53:08,311] Trial 15 pruned. 
[I 2026-03-18 19:53:09,836] Trial 12 pruned. 
[I 2026-03-18 19:53:23,978] Trial 11 pruned. 
[I 2026-03-18 19:53:26,245] Trial 11 pruned. 
[I 2026-03-18 19:53:29,081] Trial 13 pruned. 
[I 2026-03-18 19:53:33,098] Trial 17 pruned. 
[I 2026-03-18 19:53:43,853] Trial 16 pruned. 
[I 2026-03-18 19:53:54,105] Trial 10 pruned. 
[I 2026-03-18 19:54:03,328] Trial 13 pruned. 
[I 2026-03-18 19:54:07,177] Trial 13 finished with value: -2.7637028058369952 and parameters: {'n_layers_yyx': 2, 'hidden_size_yyx_l0': 6, 'hidden_size_yyx_l1': 5, 'context_size_yyx': 3, 'num_mix_components_yyx': 3, 'context_extractor_yyx': 'gru', 'activation_func_yyx': 'Tanh', 'L2_weight_yyx': 0.0008060168588419768, 'L_entropy_weight_yyx': 5.852652110209325e-07, 'L_sep_weight_yyx': 8.612020915536802e-09, 'L_scale_weight_yyx': 2.013519384260579e-08, 'learning_rate_yyx': 0.009827447705015539}. Best is trial 3 with value: -2.7657987594604494.
[I 2026-03-18 19:54:18,988] Trial 17 pruned. 
[I 2026-03-18 19:54:24,442] Trial 7 finished with value: -2.7626721708316366 and parameters: {'n_layers_yyx': 2, 'hidden_size_yyx_l0': 5, 'hidden_size_yyx_l1': 2, 'context_size_yyx': 3, 'num_mix_components_yyx': 4, 'context_extractor_yyx': 'gru', 'activation_func_yyx': 'Tanh', 'L2_weight_yyx': 0.0004134108862790734, 'L_entropy_weight_yyx': 5.024472548594294e-10, 'L_sep_weight_yyx': 0.00042902924010558595, 'L_scale_weight_yyx': 6.45377275804348e-09, 'learning_rate_yyx': 0.0016685121528850692}. Best is trial 7 with value: -2.7626721708316366.
[I 2026-03-18 19:54:27,878] Trial 8 pruned. 
[I 2026-03-18 19:54:29,213] Trial 19 pruned. 
[I 2026-03-18 19:54:29,651] Trial 21 pruned. 
[I 2026-03-18 19:54:30,429] Trial 5 finished with value: -2.394261756310096 and parameters: {'n_layers_yyx': 1, 'hidden_size_yyx_l0': 6, 'context_size_yyx': 3, 'num_mix_components_yyx': 3, 'context_extractor_yyx': 'gru', 'activation_func_yyx': 'Tanh', 'L2_weight_yyx': 2.5601871183124238e-05, 'L_entropy_weight_yyx': 2.5912165622485685e-08, 'L_sep_weight_yyx': 8.137009475561562e-06, 'L_scale_weight_yyx': 1.064560143185735e-06, 'learning_rate_yyx': 0.0010324203692567042}. Best is trial 5 with value: -2.394261756310096.
[I 2026-03-18 19:54:49,378] Trial 14 pruned. 
[I 2026-03-18 19:54:51,330] Trial 12 pruned. 
[I 2026-03-18 19:55:09,767] Trial 8 pruned. 
[I 2026-03-18 19:55:15,911] Trial 12 finished with value: -0.822893917472535 and parameters: {'n_layers_yyx': 1, 'hidden_size_yyx_l0': 4, 'context_size_yyx': 3, 'num_mix_components_yyx': 4, 'context_extractor_yyx': 'gru', 'activation_func_yyx': 'Tanh', 'L2_weight_yyx': 3.4435151288061867e-07, 'L_entropy_weight_yyx': 6.176152514894944e-06, 'L_sep_weight_yyx': 1.9292075234944616e-10, 'L_scale_weight_yyx': 2.7741357050519462e-08, 'learning_rate_yyx': 0.005152352175424194}. Best is trial 12 with value: -0.822893917472535.
[I 2026-03-18 19:55:49,623] Trial 9 pruned. 
[I 2026-03-18 19:55:49,816] Trial 14 finished with value: -2.7990203233567716 and parameters: {'n_layers_yyx': 1, 'hidden_size_yyx_l0': 5, 'context_size_yyx': 2, 'num_mix_components_yyx': 4, 'context_extractor_yyx': 'gru', 'activation_func_yyx': 'Tanh', 'L2_weight_yyx': 1.0098457501659126e-10, 'L_entropy_weight_yyx': 0.000465783227035099, 'L_sep_weight_yyx': 6.775976704470766e-08, 'L_scale_weight_yyx': 1.2049345944178044e-10, 'learning_rate_yyx': 0.002875845296915562}. Best is trial 0 with value: -2.8001684201127572.
[I 2026-03-18 19:55:59,864] Trial 20 pruned. 
[I 2026-03-18 19:56:03,415] Trial 22 pruned. 
[I 2026-03-18 19:56:14,414] Trial 14 finished with value: -0.8118919924759971 and parameters: {'n_layers_yyx': 1, 'hidden_size_yyx_l0': 5, 'context_size_yyx': 3, 'num_mix_components_yyx': 4, 'context_extractor_yyx': 'lstm', 'activation_func_yyx': 'GELU', 'L2_weight_yyx': 1.6661597241922264e-07, 'L_entropy_weight_yyx': 7.552655047529117e-05, 'L_sep_weight_yyx': 0.0006160217997629785, 'L_scale_weight_yyx': 4.013476772882067e-06, 'learning_rate_yyx': 0.0033379402138204095}. Best is trial 4 with value: -0.8236861799457048.
[I 2026-03-18 19:56:20,975] Trial 15 pruned. 
[I 2026-03-18 19:56:21,725] Trial 7 finished with value: -2.3803608032132155 and parameters: {'n_layers_yyx': 1, 'hidden_size_yyx_l0': 4, 'context_size_yyx': 4, 'num_mix_components_yyx': 1, 'context_extractor_yyx': 'lstm', 'activation_func_yyx': 'Tanh', 'L2_weight_yyx': 3.014957709442966e-10, 'L_entropy_weight_yyx': 4.252585952687679e-05, 'L_sep_weight_yyx': 1.6707420048420512e-09, 'L_scale_weight_yyx': 4.8594028331604755e-06, 'learning_rate_yyx': 0.009801909229041356}. Best is trial 2 with value: -2.4109094575005234.
[I 2026-03-18 19:56:30,720] Trial 10 pruned. 
[I 2026-03-18 19:56:35,169] Trial 8 finished with value: -2.7229950833550403 and parameters: {'n_layers_yyx': 2, 'hidden_size_yyx_l0': 2, 'hidden_size_yyx_l1': 2, 'context_size_yyx': 1, 'num_mix_components_yyx': 3, 'context_extractor_yyx': 'lstm', 'activation_func_yyx': 'Tanh', 'L2_weight_yyx': 6.159142456207231e-07, 'L_entropy_weight_yyx': 2.018213955081515e-05, 'L_sep_weight_yyx': 3.885518842338152e-06, 'L_scale_weight_yyx': 1.9607441437448263e-10, 'learning_rate_yyx': 0.002632289654984979}. Best is trial 2 with value: -2.7647061180279695.
[I 2026-03-18 19:56:38,342] Trial 15 pruned. 
[I 2026-03-18 19:56:54,003] Trial 15 pruned. 
[I 2026-03-18 19:57:04,618] Trial 8 pruned. 
[I 2026-03-18 19:57:07,840] Trial 12 pruned. 
[I 2026-03-18 19:57:11,680] Trial 18 pruned. 
[I 2026-03-18 19:57:22,256] Trial 18 pruned. 
[I 2026-03-18 19:57:23,962] Trial 16 pruned. 
[I 2026-03-18 19:57:32,474] Trial 21 pruned. 
[I 2026-03-18 19:57:57,143] Trial 23 finished with value: -2.762432828689004 and parameters: {'n_layers_yyx': 2, 'hidden_size_yyx_l0': 2, 'hidden_size_yyx_l1': 5, 'context_size_yyx': 3, 'num_mix_components_yyx': 3, 'context_extractor_yyx': 'lstm', 'activation_func_yyx': 'Tanh', 'L2_weight_yyx': 5.4674415405265896e-05, 'L_entropy_weight_yyx': 6.9013836376161855e-09, 'L_sep_weight_yyx': 8.166543568591042e-07, 'L_scale_weight_yyx': 1.2137073328635653e-09, 'learning_rate_yyx': 0.00825465081525871}. Best is trial 23 with value: -2.762432828689004.
[I 2026-03-18 19:58:04,559] Trial 9 finished with value: -0.8056491868710765 and parameters: {'n_layers_yyx': 2, 'hidden_size_yyx_l0': 2, 'hidden_size_yyx_l1': 4, 'context_size_yyx': 1, 'num_mix_components_yyx': 3, 'context_extractor_yyx': 'gru', 'activation_func_yyx': 'Tanh', 'L2_weight_yyx': 4.884160301883831e-09, 'L_entropy_weight_yyx': 0.0009987501984797683, 'L_sep_weight_yyx': 1.8328677802909305e-09, 'L_scale_weight_yyx': 8.471848184219365e-06, 'learning_rate_yyx': 0.001324311546240052}. Best is trial 7 with value: -0.830295985347235.
[I 2026-03-18 19:58:08,302] Trial 12 finished with value: -2.390665058760425 and parameters: {'n_layers_yyx': 1, 'hidden_size_yyx_l0': 5, 'context_size_yyx': 1, 'num_mix_components_yyx': 1, 'context_extractor_yyx': 'lstm', 'activation_func_yyx': 'Tanh', 'L2_weight_yyx': 4.4532665231817406e-05, 'L_entropy_weight_yyx': 5.780503098370268e-08, 'L_sep_weight_yyx': 1.2568578997933136e-10, 'L_scale_weight_yyx': 2.548156925993094e-07, 'learning_rate_yyx': 0.005181012767752276}. Best is trial 9 with value: -2.4237415519893895.
[I 2026-03-18 19:58:09,323] Trial 17 pruned. 
[I 2026-03-18 19:58:10,941] Trial 8 pruned. 
[I 2026-03-18 19:58:27,526] Trial 8 finished with value: -2.4273341123673466 and parameters: {'n_layers_yyx': 1, 'hidden_size_yyx_l0': 4, 'context_size_yyx': 2, 'num_mix_components_yyx': 2, 'context_extractor_yyx': 'gru', 'activation_func_yyx': 'GELU', 'L2_weight_yyx': 1.3676705203457568e-08, 'L_entropy_weight_yyx': 4.5883661896499807e-07, 'L_sep_weight_yyx': 2.0466783602627224e-05, 'L_scale_weight_yyx': 6.854276821127899e-10, 'learning_rate_yyx': 0.007584812244387113}. Best is trial 0 with value: -2.431222564426635.
[I 2026-03-18 19:58:27,880] Trial 9 pruned. 
[I 2026-03-18 19:58:36,409] Trial 13 pruned. 
[I 2026-03-18 19:58:39,732] Trial 27 finished with value: -2.3931108595102857 and parameters: {'n_layers_yyx': 1, 'hidden_size_yyx_l0': 4, 'context_size_yyx': 4, 'num_mix_components_yyx': 5, 'context_extractor_yyx': 'gru', 'activation_func_yyx': 'Tanh', 'L2_weight_yyx': 7.556274300070013e-08, 'L_entropy_weight_yyx': 1.0871425795488686e-10, 'L_sep_weight_yyx': 3.510863913347997e-07, 'L_scale_weight_yyx': 2.5065674428361516e-07, 'learning_rate_yyx': 0.0041225290949204445}. Best is trial 0 with value: -2.4076941594397367.
[I 2026-03-18 19:58:43,900] Trial 10 pruned. 
[I 2026-03-18 19:58:45,391] Trial 19 pruned. 
[I 2026-03-18 19:58:50,920] Trial 13 pruned. 
[I 2026-03-18 19:58:57,720] Trial 18 pruned. 
[I 2026-03-18 19:58:59,396] Trial 9 pruned. 
[I 2026-03-18 19:59:05,132] Trial 13 finished with value: -2.7634455568314094 and parameters: {'n_layers_yyx': 2, 'hidden_size_yyx_l0': 3, 'hidden_size_yyx_l1': 6, 'context_size_yyx': 4, 'num_mix_components_yyx': 4, 'context_extractor_yyx': 'gru', 'activation_func_yyx': 'Tanh', 'L2_weight_yyx': 0.0006357624138762941, 'L_entropy_weight_yyx': 3.0194639601849297e-05, 'L_sep_weight_yyx': 9.551172424353879e-06, 'L_scale_weight_yyx': 0.0007790249215011686, 'learning_rate_yyx': 0.0018708492446164475}. Best is trial 0 with value: -2.7678615354442075.
[I 2026-03-18 19:59:12,520] Trial 11 finished with value: -2.7267330581164098 and parameters: {'n_layers_yyx': 1, 'hidden_size_yyx_l0': 4, 'context_size_yyx': 2, 'num_mix_components_yyx': 1, 'context_extractor_yyx': 'lstm', 'activation_func_yyx': 'Tanh', 'L2_weight_yyx': 6.092720263672041e-06, 'L_entropy_weight_yyx': 1.6722695984998745e-08, 'L_sep_weight_yyx': 7.286561372180014e-09, 'L_scale_weight_yyx': 1.1276388124684238e-10, 'learning_rate_yyx': 0.002861028731035772}. Best is trial 7 with value: -2.766072426816335.
[I 2026-03-18 19:59:21,627] Trial 28 pruned. 
[I 2026-03-18 19:59:24,154] Trial 24 pruned. 
[I 2026-03-18 19:59:42,476] Trial 19 pruned. 
[I 2026-03-18 19:59:47,829] Trial 10 pruned. 
[I 2026-03-18 19:59:48,508] Trial 14 pruned. 
[I 2026-03-18 19:59:52,612] Trial 14 finished with value: -2.7639988842983763 and parameters: {'n_layers_yyx': 1, 'hidden_size_yyx_l0': 4, 'context_size_yyx': 4, 'num_mix_components_yyx': 3, 'context_extractor_yyx': 'gru', 'activation_func_yyx': 'Tanh', 'L2_weight_yyx': 1.7193680075168691e-06, 'L_entropy_weight_yyx': 1.9422855503119003e-06, 'L_sep_weight_yyx': 2.7921745007080016e-08, 'L_scale_weight_yyx': 1.4295193106771701e-08, 'learning_rate_yyx': 0.009692992112433317}. Best is trial 3 with value: -2.764943250652336.
[I 2026-03-18 20:00:02,436] Trial 29 pruned. 
[I 2026-03-18 20:00:10,472] Trial 14 pruned. 
[I 2026-03-18 20:00:17,326] Trial 20 pruned. 
[I 2026-03-18 20:00:30,367] Trial 23 finished with value: -2.7650132791369924 and parameters: {'n_layers_yyx': 2, 'hidden_size_yyx_l0': 6, 'hidden_size_yyx_l1': 4, 'context_size_yyx': 4, 'num_mix_components_yyx': 1, 'context_extractor_yyx': 'lstm', 'activation_func_yyx': 'GELU', 'L2_weight_yyx': 8.487642759012343e-07, 'L_entropy_weight_yyx': 0.000258067168601784, 'L_sep_weight_yyx': 0.000999986280566728, 'L_scale_weight_yyx': 2.179119016382228e-05, 'learning_rate_yyx': 0.0038848390964921573}. Best is trial 1 with value: -2.766161832317774.
[I 2026-03-18 20:00:33,436] Trial 11 pruned. 
[I 2026-03-18 20:00:34,475] Trial 9 finished with value: -2.4089761792998954 and parameters: {'n_layers_yyx': 2, 'hidden_size_yyx_l0': 5, 'hidden_size_yyx_l1': 4, 'context_size_yyx': 4, 'num_mix_components_yyx': 3, 'context_extractor_yyx': 'lstm', 'activation_func_yyx': 'Tanh', 'L2_weight_yyx': 1.8938568341507199e-06, 'L_entropy_weight_yyx': 0.00025678033855291266, 'L_sep_weight_yyx': 8.758479108745013e-09, 'L_scale_weight_yyx': 4.796997770533011e-10, 'learning_rate_yyx': 0.0033335424033165183}. Best is trial 9 with value: -2.4089761792998954.
[I 2026-03-18 20:00:38,837] Trial 15 pruned. 
[I 2026-03-18 20:00:47,865] Trial 13 finished with value: -2.759767527352958 and parameters: {'n_layers_yyx': 1, 'hidden_size_yyx_l0': 4, 'context_size_yyx': 2, 'num_mix_components_yyx': 2, 'context_extractor_yyx': 'gru', 'activation_func_yyx': 'ReLU', 'L2_weight_yyx': 3.2094578480887023e-07, 'L_entropy_weight_yyx': 1.166427760741042e-05, 'L_sep_weight_yyx': 2.3781237113330198e-06, 'L_scale_weight_yyx': 1.3092009185256981e-06, 'learning_rate_yyx': 0.008389545921695787}. Best is trial 8 with value: -2.7661304184127817.
[I 2026-03-18 20:00:50,661] Trial 16 finished with value: -2.7633831818898518 and parameters: {'n_layers_yyx': 2, 'hidden_size_yyx_l0': 6, 'hidden_size_yyx_l1': 4, 'context_size_yyx': 3, 'num_mix_components_yyx': 3, 'context_extractor_yyx': 'lstm', 'activation_func_yyx': 'GELU', 'L2_weight_yyx': 5.393517774684018e-05, 'L_entropy_weight_yyx': 1.2340450962426922e-08, 'L_sep_weight_yyx': 3.6962572061600232e-06, 'L_scale_weight_yyx': 4.1441940980772175e-05, 'learning_rate_yyx': 0.007639417793080346}. Best is trial 3 with value: -2.7657987594604494.
[I 2026-03-18 20:00:58,055] Trial 13 finished with value: -0.8270922707313977 and parameters: {'n_layers_yyx': 1, 'hidden_size_yyx_l0': 5, 'context_size_yyx': 3, 'num_mix_components_yyx': 4, 'context_extractor_yyx': 'lstm', 'activation_func_yyx': 'Tanh', 'L2_weight_yyx': 1.4157630588400783e-06, 'L_entropy_weight_yyx': 2.774310177062168e-08, 'L_sep_weight_yyx': 1.5090227864633494e-10, 'L_scale_weight_yyx': 1.4110568360141262e-07, 'learning_rate_yyx': 0.009738022923150708}. Best is trial 13 with value: -0.8270922707313977.
[I 2026-03-18 20:01:03,330] Trial 13 pruned. 
[I 2026-03-18 20:01:13,651] Trial 20 pruned. 
[I 2026-03-18 20:01:15,152] Trial 12 pruned. 
[I 2026-03-18 20:01:16,889] Trial 24 pruned. 
[I 2026-03-18 20:01:18,223] Trial 22 pruned. 
[I 2026-03-18 20:01:27,470] Trial 11 pruned. 
[I 2026-03-18 20:01:28,376] Trial 30 pruned. 
[I 2026-03-18 20:01:34,683] Trial 14 pruned. 
[I 2026-03-18 20:01:36,616] Trial 17 pruned. 
[I 2026-03-18 20:01:43,108] Trial 6 finished with value: -2.3906580841846954 and parameters: {'n_layers_yyx': 2, 'hidden_size_yyx_l0': 2, 'hidden_size_yyx_l1': 6, 'context_size_yyx': 1, 'num_mix_components_yyx': 3, 'context_extractor_yyx': 'lstm', 'activation_func_yyx': 'ReLU', 'L2_weight_yyx': 0.00029683565465680914, 'L_entropy_weight_yyx': 4.1098573759327354e-10, 'L_sep_weight_yyx': 8.691929800320883e-09, 'L_scale_weight_yyx': 5.493844331736502e-09, 'learning_rate_yyx': 0.008109186431970988}. Best is trial 5 with value: -2.394261756310096.
[I 2026-03-18 20:02:22,365] Trial 12 pruned. 
[I 2026-03-18 20:03:08,271] Trial 13 pruned. 
[I 2026-03-18 20:03:08,853] Trial 10 finished with value: -2.7641032856582273 and parameters: {'n_layers_yyx': 1, 'hidden_size_yyx_l0': 5, 'context_size_yyx': 1, 'num_mix_components_yyx': 4, 'context_extractor_yyx': 'lstm', 'activation_func_yyx': 'Tanh', 'L2_weight_yyx': 1.8987735852080348e-07, 'L_entropy_weight_yyx': 0.0005930862663719196, 'L_sep_weight_yyx': 3.44695540121449e-10, 'L_scale_weight_yyx': 4.7219700504090045e-08, 'learning_rate_yyx': 0.0035794504239547178}. Best is trial 9 with value: -2.765185642429061.
[I 2026-03-18 20:03:16,119] Trial 10 pruned. 
[I 2026-03-18 20:03:20,588] Trial 21 pruned. 
[I 2026-03-18 20:03:26,535] Trial 13 pruned. 
[I 2026-03-18 20:03:29,769] Trial 23 pruned. 
[I 2026-03-18 20:03:29,907] Trial 15 pruned. 
[I 2026-03-18 20:03:36,797] Trial 16 finished with value: -0.8220237607970019 and parameters: {'n_layers_yyx': 1, 'hidden_size_yyx_l0': 3, 'context_size_yyx': 2, 'num_mix_components_yyx': 4, 'context_extractor_yyx': 'lstm', 'activation_func_yyx': 'Tanh', 'L2_weight_yyx': 4.636404169051616e-06, 'L_entropy_weight_yyx': 1.0927418178522824e-10, 'L_sep_weight_yyx': 5.678221641239959e-07, 'L_scale_weight_yyx': 7.098549158561884e-09, 'learning_rate_yyx': 0.009366911346375672}. Best is trial 4 with value: -0.8236861799457048.
[I 2026-03-18 20:03:51,210] Trial 18 pruned. 
[I 2026-03-18 20:03:53,381] Trial 9 finished with value: -0.7550443708456426 and parameters: {'n_layers_yyx': 2, 'hidden_size_yyx_l0': 5, 'hidden_size_yyx_l1': 2, 'context_size_yyx': 1, 'num_mix_components_yyx': 1, 'context_extractor_yyx': 'lstm', 'activation_func_yyx': 'ReLU', 'L2_weight_yyx': 1.5124558774030988e-05, 'L_entropy_weight_yyx': 0.00016547636856068418, 'L_sep_weight_yyx': 1.6344552393000203e-10, 'L_scale_weight_yyx': 1.43581335403224e-06, 'learning_rate_yyx': 0.0071233533678706894}. Best is trial 5 with value: -0.8480365026296506.
[I 2026-03-18 20:03:58,114] Trial 7 pruned. 
[I 2026-03-18 20:04:13,122] Trial 14 pruned. 
[I 2026-03-18 20:04:23,938] Trial 14 pruned. 
[I 2026-03-18 20:04:35,297] Trial 24 pruned. 
[I 2026-03-18 20:04:44,194] Trial 15 pruned. 
[I 2026-03-18 20:05:05,460] Trial 19 pruned. 
[I 2026-03-18 20:05:12,538] Trial 11 finished with value: -2.388186909008295 and parameters: {'n_layers_yyx': 1, 'hidden_size_yyx_l0': 5, 'context_size_yyx': 3, 'num_mix_components_yyx': 4, 'context_extractor_yyx': 'gru', 'activation_func_yyx': 'Tanh', 'L2_weight_yyx': 0.0007111217648506343, 'L_entropy_weight_yyx': 5.543162316755403e-08, 'L_sep_weight_yyx': 0.0005956672290089399, 'L_scale_weight_yyx': 7.655557326517517e-06, 'learning_rate_yyx': 0.00549892364170772}. Best is trial 4 with value: -2.393031095621557.
[I 2026-03-18 20:05:26,585] Trial 11 pruned. 
[I 2026-03-18 20:05:26,586] Trial 22 pruned. 
[I 2026-03-18 20:05:30,421] Trial 15 pruned. 
[I 2026-03-18 20:05:33,368] Trial 11 pruned. 
[I 2026-03-18 20:05:55,886] Trial 14 pruned. 
[I 2026-03-18 20:05:55,886] Trial 16 pruned. 
[I 2026-03-18 20:06:12,424] Trial 8 pruned. 
[I 2026-03-18 20:06:22,333] Trial 31 pruned. 
[I 2026-03-18 20:06:22,632] Trial 8 finished with value: -2.7663050128086293 and parameters: {'n_layers_yyx': 2, 'hidden_size_yyx_l0': 3, 'hidden_size_yyx_l1': 4, 'context_size_yyx': 1, 'num_mix_components_yyx': 2, 'context_extractor_yyx': 'gru', 'activation_func_yyx': 'GELU', 'L2_weight_yyx': 4.418411873954144e-10, 'L_entropy_weight_yyx': 8.35231770535902e-06, 'L_sep_weight_yyx': 1.814743483012608e-06, 'L_scale_weight_yyx': 3.809617910812546e-05, 'learning_rate_yyx': 0.0008476610282860292}. Best is trial 8 with value: -2.7663050128086293.
[I 2026-03-18 20:06:31,382] Trial 23 pruned. 
[I 2026-03-18 20:06:43,430] Trial 12 pruned. 
[I 2026-03-18 20:06:46,148] Trial 21 finished with value: -2.752638720372173 and parameters: {'n_layers_yyx': 2, 'hidden_size_yyx_l0': 5, 'hidden_size_yyx_l1': 4, 'context_size_yyx': 1, 'num_mix_components_yyx': 4, 'context_extractor_yyx': 'gru', 'activation_func_yyx': 'Tanh', 'L2_weight_yyx': 0.00070247820721763, 'L_entropy_weight_yyx': 1.540941960627406e-05, 'L_sep_weight_yyx': 1.8303188067392454e-07, 'L_scale_weight_yyx': 1.6634097216562832e-08, 'learning_rate_yyx': 0.006507066908453935}. Best is trial 6 with value: -2.7665796528518882.
[I 2026-03-18 20:06:51,066] Trial 25 pruned. 
[I 2026-03-18 20:06:57,958] Trial 19 pruned. 
[I 2026-03-18 20:07:11,615] Trial 9 finished with value: -2.7322688498947887 and parameters: {'n_layers_yyx': 2, 'hidden_size_yyx_l0': 3, 'hidden_size_yyx_l1': 3, 'context_size_yyx': 2, 'num_mix_components_yyx': 1, 'context_extractor_yyx': 'gru', 'activation_func_yyx': 'Tanh', 'L2_weight_yyx': 1.6432798881550706e-05, 'L_entropy_weight_yyx': 3.044961452523073e-10, 'L_sep_weight_yyx': 1.4325169291320008e-07, 'L_scale_weight_yyx': 2.384554981178776e-07, 'learning_rate_yyx': 0.007425660187242304}. Best is trial 2 with value: -2.7647061180279695.
[I 2026-03-18 20:07:13,441] Trial 20 pruned. 
[I 2026-03-18 20:07:19,700] Trial 12 pruned. 
[I 2026-03-18 20:07:23,681] Trial 16 finished with value: -2.764212669696495 and parameters: {'n_layers_yyx': 2, 'hidden_size_yyx_l0': 2, 'hidden_size_yyx_l1': 4, 'context_size_yyx': 4, 'num_mix_components_yyx': 4, 'context_extractor_yyx': 'gru', 'activation_func_yyx': 'GELU', 'L2_weight_yyx': 8.958261854687885e-09, 'L_entropy_weight_yyx': 2.6790407799376328e-06, 'L_sep_weight_yyx': 1.6767959695410928e-06, 'L_scale_weight_yyx': 4.577443620956355e-09, 'learning_rate_yyx': 0.007036229927785412}. Best is trial 0 with value: -2.7678615354442075.
[I 2026-03-18 20:07:24,606] Trial 14 finished with value: -2.7663552897814294 and parameters: {'n_layers_yyx': 2, 'hidden_size_yyx_l0': 4, 'hidden_size_yyx_l1': 3, 'context_size_yyx': 2, 'num_mix_components_yyx': 4, 'context_extractor_yyx': 'gru', 'activation_func_yyx': 'ReLU', 'L2_weight_yyx': 1.1577659295279795e-08, 'L_entropy_weight_yyx': 1.1890371498731143e-08, 'L_sep_weight_yyx': 6.12807625718475e-05, 'L_scale_weight_yyx': 4.564601173792933e-09, 'learning_rate_yyx': 0.0031276297430866693}. Best is trial 14 with value: -2.7663552897814294.
[I 2026-03-18 20:07:26,707] Trial 16 pruned. 
[I 2026-03-18 20:07:44,863] Trial 12 pruned. 
[I 2026-03-18 20:08:06,037] Trial 26 pruned. 
[I 2026-03-18 20:08:12,553] Trial 9 pruned. 
[I 2026-03-18 20:08:19,080] Trial 25 finished with value: -2.7330829578829747 and parameters: {'n_layers_yyx': 1, 'hidden_size_yyx_l0': 6, 'context_size_yyx': 3, 'num_mix_components_yyx': 1, 'context_extractor_yyx': 'lstm', 'activation_func_yyx': 'GELU', 'L2_weight_yyx': 1.648998696234444e-06, 'L_entropy_weight_yyx': 0.00047560156218000207, 'L_sep_weight_yyx': 2.0072584027305738e-05, 'L_scale_weight_yyx': 3.407564414636829e-05, 'learning_rate_yyx': 0.006962963609597394}. Best is trial 1 with value: -2.766161832317774.
[I 2026-03-18 20:08:27,372] Trial 32 pruned. 
[I 2026-03-18 20:08:27,372] Trial 13 pruned. 
[I 2026-03-18 20:08:32,558] Trial 17 pruned. 
[I 2026-03-18 20:08:38,863] Trial 15 pruned. 
[I 2026-03-18 20:08:45,597] Trial 13 finished with value: -2.5388472431328815 and parameters: {'n_layers_yyx': 2, 'hidden_size_yyx_l0': 3, 'hidden_size_yyx_l1': 5, 'context_size_yyx': 3, 'num_mix_components_yyx': 4, 'context_extractor_yyx': 'gru', 'activation_func_yyx': 'Tanh', 'L2_weight_yyx': 2.9255347232821052e-06, 'L_entropy_weight_yyx': 1.4529770475819317e-06, 'L_sep_weight_yyx': 4.109100282191979e-07, 'L_scale_weight_yyx': 1.1259334724820322e-05, 'learning_rate_yyx': 0.0010516641103991864}. Best is trial 6 with value: -2.5462433457735516.
[I 2026-03-18 20:08:52,207] Trial 20 pruned. 
[I 2026-03-18 20:08:55,202] Trial 12 finished with value: -2.7636289372923724 and parameters: {'n_layers_yyx': 1, 'hidden_size_yyx_l0': 5, 'context_size_yyx': 1, 'num_mix_components_yyx': 4, 'context_extractor_yyx': 'lstm', 'activation_func_yyx': 'Tanh', 'L2_weight_yyx': 2.053163515417055e-08, 'L_entropy_weight_yyx': 7.532091279903942e-09, 'L_sep_weight_yyx': 9.625760704847748e-09, 'L_scale_weight_yyx': 2.781078654459085e-09, 'learning_rate_yyx': 0.009920771985042322}. Best is trial 7 with value: -2.766072426816335.
[I 2026-03-18 20:09:03,314] Trial 13 pruned. 
[I 2026-03-18 20:09:13,801] Trial 27 pruned. 
[I 2026-03-18 20:09:31,880] Trial 14 pruned. 
[I 2026-03-18 20:09:55,378] Trial 14 pruned. 
[I 2026-03-18 20:10:05,879] Trial 13 pruned. 
[I 2026-03-18 20:10:22,487] Trial 14 pruned. 
[I 2026-03-18 20:10:36,066] Trial 18 pruned. 
[I 2026-03-18 20:10:44,829] Trial 25 finished with value: -2.762886536950096 and parameters: {'n_layers_yyx': 2, 'hidden_size_yyx_l0': 2, 'hidden_size_yyx_l1': 3, 'context_size_yyx': 3, 'num_mix_components_yyx': 5, 'context_extractor_yyx': 'lstm', 'activation_func_yyx': 'Tanh', 'L2_weight_yyx': 1.8510334971812958e-07, 'L_entropy_weight_yyx': 4.443997098011275e-10, 'L_sep_weight_yyx': 4.655436928369934e-06, 'L_scale_weight_yyx': 1.5238087379919213e-08, 'learning_rate_yyx': 0.007369781816492868}. Best is trial 25 with value: -2.762886536950096.
[I 2026-03-18 20:10:52,075] Trial 9 pruned. 
[I 2026-03-18 20:11:05,563] Trial 14 finished with value: -2.357295940118519 and parameters: {'n_layers_yyx': 2, 'hidden_size_yyx_l0': 5, 'hidden_size_yyx_l1': 5, 'context_size_yyx': 4, 'num_mix_components_yyx': 2, 'context_extractor_yyx': 'lstm', 'activation_func_yyx': 'Tanh', 'L2_weight_yyx': 1.5502751012630653e-10, 'L_entropy_weight_yyx': 3.061925203662461e-06, 'L_sep_weight_yyx': 5.962774166708673e-05, 'L_scale_weight_yyx': 1.0286073391885162e-08, 'learning_rate_yyx': 0.0011784213620747081}. Best is trial 11 with value: -2.4030680672323603.
[I 2026-03-18 20:11:24,161] Trial 11 finished with value: -2.4010421208672135 and parameters: {'n_layers_yyx': 2, 'hidden_size_yyx_l0': 6, 'hidden_size_yyx_l1': 4, 'context_size_yyx': 3, 'num_mix_components_yyx': 4, 'context_extractor_yyx': 'lstm', 'activation_func_yyx': 'GELU', 'L2_weight_yyx': 3.3300661982996116e-07, 'L_entropy_weight_yyx': 2.405053174022262e-05, 'L_sep_weight_yyx': 0.0007781169748474584, 'L_scale_weight_yyx': 0.0007218931102445031, 'learning_rate_yyx': 0.0028890377245997458}. Best is trial 11 with value: -2.4010421208672135.
[I 2026-03-18 20:11:35,632] Trial 15 finished with value: -2.392055861673091 and parameters: {'n_layers_yyx': 1, 'hidden_size_yyx_l0': 5, 'context_size_yyx': 1, 'num_mix_components_yyx': 4, 'context_extractor_yyx': 'lstm', 'activation_func_yyx': 'Tanh', 'L2_weight_yyx': 3.220620824072241e-05, 'L_entropy_weight_yyx': 1.3288447762912884e-05, 'L_sep_weight_yyx': 7.330844447390392e-07, 'L_scale_weight_yyx': 7.799452638863233e-10, 'learning_rate_yyx': 0.0032163451823700776}. Best is trial 9 with value: -2.4237415519893895.
[I 2026-03-18 20:11:53,016] Trial 10 finished with value: -0.7967287567904993 and parameters: {'n_layers_yyx': 2, 'hidden_size_yyx_l0': 3, 'hidden_size_yyx_l1': 6, 'context_size_yyx': 1, 'num_mix_components_yyx': 4, 'context_extractor_yyx': 'gru', 'activation_func_yyx': 'Tanh', 'L2_weight_yyx': 2.1761158496088561e-07, 'L_entropy_weight_yyx': 6.91401225845558e-06, 'L_sep_weight_yyx': 5.145017404986243e-06, 'L_scale_weight_yyx': 0.0005312054070267234, 'learning_rate_yyx': 0.002130243476590658}. Best is trial 5 with value: -0.8480365026296506.
[I 2026-03-18 20:11:55,036] Trial 10 pruned. 
[I 2026-03-18 20:11:58,103] Trial 10 finished with value: -2.4114769060587147 and parameters: {'n_layers_yyx': 1, 'hidden_size_yyx_l0': 5, 'context_size_yyx': 3, 'num_mix_components_yyx': 5, 'context_extractor_yyx': 'lstm', 'activation_func_yyx': 'Tanh', 'L2_weight_yyx': 1.0210099074828393e-07, 'L_entropy_weight_yyx': 3.2663473974399145e-06, 'L_sep_weight_yyx': 0.0002202255792587817, 'L_scale_weight_yyx': 1.544022222923415e-10, 'learning_rate_yyx': 0.008895771739293745}. Best is trial 10 with value: -2.4114769060587147.
[I 2026-03-18 20:12:06,978] Trial 15 pruned. 
[I 2026-03-18 20:12:23,325] Trial 22 pruned. 
[I 2026-03-18 20:12:26,904] Trial 10 finished with value: -2.765471259452738 and parameters: {'n_layers_yyx': 1, 'hidden_size_yyx_l0': 6, 'context_size_yyx': 4, 'num_mix_components_yyx': 2, 'context_extractor_yyx': 'gru', 'activation_func_yyx': 'ReLU', 'L2_weight_yyx': 0.00021084426882543028, 'L_entropy_weight_yyx': 3.234605194417221e-06, 'L_sep_weight_yyx': 6.461242140642081e-08, 'L_scale_weight_yyx': 0.0007117262006441336, 'learning_rate_yyx': 0.009076471950887987}. Best is trial 10 with value: -2.765471259452738.
[I 2026-03-18 20:12:33,766] Trial 12 pruned. 
[I 2026-03-18 20:12:50,913] Trial 15 pruned. 
[I 2026-03-18 20:13:04,429] Trial 9 finished with value: -2.764811935325334 and parameters: {'n_layers_yyx': 1, 'hidden_size_yyx_l0': 3, 'context_size_yyx': 4, 'num_mix_components_yyx': 5, 'context_extractor_yyx': 'lstm', 'activation_func_yyx': 'ReLU', 'L2_weight_yyx': 0.0002960292659279025, 'L_entropy_weight_yyx': 9.232997877925152e-06, 'L_sep_weight_yyx': 8.082030550411672e-05, 'L_scale_weight_yyx': 6.399261682181787e-06, 'learning_rate_yyx': 0.008180396261753141}. Best is trial 8 with value: -2.7663050128086293.
[I 2026-03-18 20:13:06,360] Trial 26 pruned. 
[I 2026-03-18 20:13:36,040] Trial 33 pruned. 
[I 2026-03-18 20:13:55,938] Trial 21 finished with value: -2.763925854365031 and parameters: {'n_layers_yyx': 2, 'hidden_size_yyx_l0': 5, 'hidden_size_yyx_l1': 5, 'context_size_yyx': 4, 'num_mix_components_yyx': 5, 'context_extractor_yyx': 'gru', 'activation_func_yyx': 'ReLU', 'L2_weight_yyx': 7.221149755707385e-07, 'L_entropy_weight_yyx': 8.653912333541031e-10, 'L_sep_weight_yyx': 6.774761524914174e-09, 'L_scale_weight_yyx': 6.826739393543984e-07, 'learning_rate_yyx': 0.0069278723748750146}. Best is trial 3 with value: -2.7657987594604494.
[I 2026-03-18 20:13:56,103] Trial 17 finished with value: -0.8111939873970065 and parameters: {'n_layers_yyx': 1, 'hidden_size_yyx_l0': 5, 'context_size_yyx': 2, 'num_mix_components_yyx': 4, 'context_extractor_yyx': 'lstm', 'activation_func_yyx': 'ReLU', 'L2_weight_yyx': 0.00010461128206285233, 'L_entropy_weight_yyx': 1.599649464593392e-10, 'L_sep_weight_yyx': 5.627645545349691e-07, 'L_scale_weight_yyx': 5.752194916401361e-09, 'learning_rate_yyx': 0.008543604318133398}. Best is trial 4 with value: -0.8236861799457048.
[I 2026-03-18 20:13:59,018] Trial 11 pruned. 
[I 2026-03-18 20:14:09,918] Trial 16 pruned. 
[I 2026-03-18 20:14:16,547] Trial 10 pruned. 
[I 2026-03-18 20:14:34,750] Trial 14 finished with value: -2.765995399859815 and parameters: {'n_layers_yyx': 1, 'hidden_size_yyx_l0': 3, 'context_size_yyx': 4, 'num_mix_components_yyx': 1, 'context_extractor_yyx': 'lstm', 'activation_func_yyx': 'GELU', 'L2_weight_yyx': 2.709366294020236e-09, 'L_entropy_weight_yyx': 1.275146380687317e-05, 'L_sep_weight_yyx': 4.390482502151928e-06, 'L_scale_weight_yyx': 1.0215487925109436e-09, 'learning_rate_yyx': 0.0015717591785455762}. Best is trial 14 with value: -2.765995399859815.
[I 2026-03-18 20:14:42,284] Trial 15 pruned. 
[I 2026-03-18 20:14:50,881] Trial 34 pruned. 
[I 2026-03-18 20:14:51,338] Trial 16 finished with value: -0.8216463029824824 and parameters: {'n_layers_yyx': 1, 'hidden_size_yyx_l0': 4, 'context_size_yyx': 4, 'num_mix_components_yyx': 3, 'context_extractor_yyx': 'gru', 'activation_func_yyx': 'Tanh', 'L2_weight_yyx': 1.9475753495290094e-05, 'L_entropy_weight_yyx': 1.4001351581382589e-05, 'L_sep_weight_yyx': 3.0461596899844456e-07, 'L_scale_weight_yyx': 9.578111493126589e-06, 'learning_rate_yyx': 0.006215862270413301}. Best is trial 13 with value: -0.8270922707313977.
[I 2026-03-18 20:15:13,199] Trial 16 finished with value: -2.765372299178425 and parameters: {'n_layers_yyx': 2, 'hidden_size_yyx_l0': 6, 'hidden_size_yyx_l1': 4, 'context_size_yyx': 4, 'num_mix_components_yyx': 3, 'context_extractor_yyx': 'lstm', 'activation_func_yyx': 'Tanh', 'L2_weight_yyx': 2.052618401165944e-08, 'L_entropy_weight_yyx': 9.14269896914109e-06, 'L_sep_weight_yyx': 2.7377246639381396e-05, 'L_scale_weight_yyx': 4.7969422892948085e-09, 'learning_rate_yyx': 0.009828271280723907}. Best is trial 14 with value: -2.7663552897814294.
[I 2026-03-18 20:15:27,965] Trial 26 finished with value: -2.7339365115747403 and parameters: {'n_layers_yyx': 2, 'hidden_size_yyx_l0': 6, 'hidden_size_yyx_l1': 4, 'context_size_yyx': 4, 'num_mix_components_yyx': 1, 'context_extractor_yyx': 'gru', 'activation_func_yyx': 'GELU', 'L2_weight_yyx': 5.746819678794051e-08, 'L_entropy_weight_yyx': 0.00029522526940610797, 'L_sep_weight_yyx': 9.156106511995743e-07, 'L_scale_weight_yyx': 2.6567581907621603e-07, 'learning_rate_yyx': 0.003899028226714372}. Best is trial 1 with value: -2.766161832317774.
[I 2026-03-18 20:15:33,528] Trial 17 pruned. 
[I 2026-03-18 20:15:40,699] Trial 11 pruned. 
[I 2026-03-18 20:15:57,097] Trial 14 pruned. 
[I 2026-03-18 20:16:01,424] Trial 17 pruned. 
[I 2026-03-18 20:16:11,207] Trial 18 pruned. 
[I 2026-03-18 20:16:16,393] Trial 17 finished with value: -2.7320807091047463 and parameters: {'n_layers_yyx': 1, 'hidden_size_yyx_l0': 4, 'context_size_yyx': 4, 'num_mix_components_yyx': 3, 'context_extractor_yyx': 'lstm', 'activation_func_yyx': 'Tanh', 'L2_weight_yyx': 2.4242323999623157e-05, 'L_entropy_weight_yyx': 4.554282535846382e-07, 'L_sep_weight_yyx': 2.871229007764311e-06, 'L_scale_weight_yyx': 0.0001267234826782519, 'learning_rate_yyx': 0.006031240131705645}. Best is trial 3 with value: -2.764943250652336.
[I 2026-03-18 20:16:41,546] Trial 27 pruned. 
[I 2026-03-18 20:16:51,882] Trial 18 pruned. 
[I 2026-03-18 20:16:56,520] Trial 12 pruned. 
[I 2026-03-18 20:17:08,573] Trial 15 pruned. 
[I 2026-03-18 20:17:09,358] Trial 15 finished with value: -2.4106804065158545 and parameters: {'n_layers_yyx': 2, 'hidden_size_yyx_l0': 6, 'hidden_size_yyx_l1': 4, 'context_size_yyx': 4, 'num_mix_components_yyx': 3, 'context_extractor_yyx': 'lstm', 'activation_func_yyx': 'GELU', 'L2_weight_yyx': 1.383440252075401e-07, 'L_entropy_weight_yyx': 1.1256224670619117e-09, 'L_sep_weight_yyx': 2.809994705670356e-06, 'L_scale_weight_yyx': 8.926228411344469e-08, 'learning_rate_yyx': 0.0071718788708501945}. Best is trial 2 with value: -2.4109094575005234.
[I 2026-03-18 20:17:18,367] Trial 21 finished with value: -0.7911685058954371 and parameters: {'n_layers_yyx': 2, 'hidden_size_yyx_l0': 5, 'hidden_size_yyx_l1': 6, 'context_size_yyx': 1, 'num_mix_components_yyx': 4, 'context_extractor_yyx': 'lstm', 'activation_func_yyx': 'Tanh', 'L2_weight_yyx': 1.7453941790546923e-05, 'L_entropy_weight_yyx': 3.251176126129707e-08, 'L_sep_weight_yyx': 6.991725092233795e-05, 'L_scale_weight_yyx': 1.7722444009869351e-06, 'learning_rate_yyx': 0.0020347328059101733}. Best is trial 1 with value: -0.8307161542478305.
[I 2026-03-18 20:17:22,367] Trial 15 pruned. 
[I 2026-03-18 20:17:27,450] Trial 19 pruned. 
[I 2026-03-18 20:17:36,008] Trial 18 pruned. 
[I 2026-03-18 20:17:41,702] Trial 17 pruned. 
[I 2026-03-18 20:18:08,995] Trial 13 pruned. 
[I 2026-03-18 20:18:14,686] Trial 11 finished with value: -2.764304786835154 and parameters: {'n_layers_yyx': 1, 'hidden_size_yyx_l0': 6, 'context_size_yyx': 4, 'num_mix_components_yyx': 2, 'context_extractor_yyx': 'gru', 'activation_func_yyx': 'ReLU', 'L2_weight_yyx': 0.000365762088883609, 'L_entropy_weight_yyx': 2.857746369818485e-06, 'L_sep_weight_yyx': 3.6446311003070194e-08, 'L_scale_weight_yyx': 8.882515074450969e-05, 'learning_rate_yyx': 0.00790899929650682}. Best is trial 10 with value: -2.765471259452738.
[I 2026-03-18 20:18:16,657] Trial 23 pruned. 
[I 2026-03-18 20:18:21,027] Trial 16 pruned. 
[I 2026-03-18 20:19:09,056] Trial 28 pruned. 
[I 2026-03-18 20:19:11,050] Trial 28 finished with value: -2.7624106365875507 and parameters: {'n_layers_yyx': 1, 'hidden_size_yyx_l0': 4, 'context_size_yyx': 3, 'num_mix_components_yyx': 3, 'context_extractor_yyx': 'gru', 'activation_func_yyx': 'ReLU', 'L2_weight_yyx': 5.659961874463047e-05, 'L_entropy_weight_yyx': 1.512927544934596e-08, 'L_sep_weight_yyx': 1.3089583900722323e-05, 'L_scale_weight_yyx': 2.5295180931831628e-05, 'learning_rate_yyx': 0.005782569874990075}. Best is trial 3 with value: -2.766124988596948.
[I 2026-03-18 20:19:16,983] Trial 12 pruned. 
[I 2026-03-18 20:19:23,576] Trial 14 pruned. 
[I 2026-03-18 20:19:27,297] Trial 17 finished with value: -2.7608858641624203 and parameters: {'n_layers_yyx': 1, 'hidden_size_yyx_l0': 6, 'context_size_yyx': 3, 'num_mix_components_yyx': 5, 'context_extractor_yyx': 'gru', 'activation_func_yyx': 'Tanh', 'L2_weight_yyx': 1.0302340955100115e-06, 'L_entropy_weight_yyx': 0.00024932095092090883, 'L_sep_weight_yyx': 1.4967862101719387e-07, 'L_scale_weight_yyx': 7.024984605239067e-05, 'learning_rate_yyx': 0.0036421864711434697}. Best is trial 0 with value: -2.7678615354442075.
[I 2026-03-18 20:19:30,073] Trial 16 pruned. 
[I 2026-03-18 20:19:46,565] Trial 15 finished with value: -2.5399479696713234 and parameters: {'n_layers_yyx': 2, 'hidden_size_yyx_l0': 5, 'hidden_size_yyx_l1': 6, 'context_size_yyx': 3, 'num_mix_components_yyx': 4, 'context_extractor_yyx': 'gru', 'activation_func_yyx': 'Tanh', 'L2_weight_yyx': 2.5809157151168796e-09, 'L_entropy_weight_yyx': 7.020346129974534e-07, 'L_sep_weight_yyx': 8.179076427284728e-08, 'L_scale_weight_yyx': 4.843613923971645e-07, 'learning_rate_yyx': 0.009853967276372675}. Best is trial 6 with value: -2.5462433457735516.
[I 2026-03-18 20:20:09,337] Trial 18 pruned. 
[I 2026-03-18 20:20:20,444] Trial 16 pruned. 
[I 2026-03-18 20:20:31,820] Trial 35 pruned. 
[I 2026-03-18 20:20:41,244] Trial 18 pruned. 
[I 2026-03-18 20:20:55,312] Trial 24 pruned. 
[I 2026-03-18 20:21:29,759] Trial 13 pruned. 
[I 2026-03-18 20:21:41,394] Trial 29 pruned. 
[I 2026-03-18 20:21:42,839] Trial 29 pruned. 
[I 2026-03-18 20:21:43,715] Trial 36 pruned. 
[I 2026-03-18 20:22:07,997] Trial 19 pruned. 
[I 2026-03-18 20:22:09,835] Trial 24 finished with value: -2.798059536675651 and parameters: {'n_layers_yyx': 1, 'hidden_size_yyx_l0': 6, 'context_size_yyx': 2, 'num_mix_components_yyx': 5, 'context_extractor_yyx': 'gru', 'activation_func_yyx': 'Tanh', 'L2_weight_yyx': 4.899153341876382e-10, 'L_entropy_weight_yyx': 1.9660458525497394e-06, 'L_sep_weight_yyx': 5.450166902714545e-09, 'L_scale_weight_yyx': 2.1520191847049883e-09, 'learning_rate_yyx': 0.0037403232536083407}. Best is trial 0 with value: -2.8001684201127572.
[I 2026-03-18 20:22:27,058] Trial 16 finished with value: -2.3914941525159814 and parameters: {'n_layers_yyx': 2, 'hidden_size_yyx_l0': 6, 'hidden_size_yyx_l1': 4, 'context_size_yyx': 3, 'num_mix_components_yyx': 2, 'context_extractor_yyx': 'lstm', 'activation_func_yyx': 'Tanh', 'L2_weight_yyx': 1.5224256083083277e-05, 'L_entropy_weight_yyx': 1.6535243177253591e-06, 'L_sep_weight_yyx': 5.401144811125631e-06, 'L_scale_weight_yyx': 3.951490461554003e-08, 'learning_rate_yyx': 0.005994439055671358}. Best is trial 11 with value: -2.4030680672323603.
[I 2026-03-18 20:22:39,282] Trial 27 finished with value: -2.7606781658641797 and parameters: {'n_layers_yyx': 2, 'hidden_size_yyx_l0': 3, 'hidden_size_yyx_l1': 5, 'context_size_yyx': 2, 'num_mix_components_yyx': 4, 'context_extractor_yyx': 'lstm', 'activation_func_yyx': 'Tanh', 'L2_weight_yyx': 1.514103154998974e-08, 'L_entropy_weight_yyx': 1.1765736241462677e-07, 'L_sep_weight_yyx': 6.680170304342815e-07, 'L_scale_weight_yyx': 1.001995421249414e-10, 'learning_rate_yyx': 0.007607526754015754}. Best is trial 25 with value: -2.762886536950096.
[I 2026-03-18 20:22:51,362] Trial 22 finished with value: -2.767345984776815 and parameters: {'n_layers_yyx': 2, 'hidden_size_yyx_l0': 5, 'hidden_size_yyx_l1': 4, 'context_size_yyx': 4, 'num_mix_components_yyx': 5, 'context_extractor_yyx': 'gru', 'activation_func_yyx': 'ReLU', 'L2_weight_yyx': 5.475002770966631e-07, 'L_entropy_weight_yyx': 7.59714807927784e-10, 'L_sep_weight_yyx': 2.514295310337682e-09, 'L_scale_weight_yyx': 7.549813200188835e-07, 'learning_rate_yyx': 0.007375755622605178}. Best is trial 22 with value: -2.767345984776815.
[I 2026-03-18 20:23:22,625] Trial 11 finished with value: -2.4108507923244202 and parameters: {'n_layers_yyx': 1, 'hidden_size_yyx_l0': 5, 'context_size_yyx': 3, 'num_mix_components_yyx': 5, 'context_extractor_yyx': 'lstm', 'activation_func_yyx': 'Tanh', 'L2_weight_yyx': 1.207832948981251e-07, 'L_entropy_weight_yyx': 2.4396092725153663e-06, 'L_sep_weight_yyx': 0.0004144556210994643, 'L_scale_weight_yyx': 1.0306460904675629e-10, 'learning_rate_yyx': 0.009352990732047775}. Best is trial 10 with value: -2.4114769060587147.
[I 2026-03-18 20:23:22,646] Trial 15 finished with value: -2.7647680619301256 and parameters: {'n_layers_yyx': 1, 'hidden_size_yyx_l0': 5, 'context_size_yyx': 3, 'num_mix_components_yyx': 5, 'context_extractor_yyx': 'gru', 'activation_func_yyx': 'Tanh', 'L2_weight_yyx': 1.3556501732657692e-10, 'L_entropy_weight_yyx': 2.5036422469479666e-08, 'L_sep_weight_yyx': 1.2842359129003142e-07, 'L_scale_weight_yyx': 3.0667747683736583e-10, 'learning_rate_yyx': 0.0021021524922304334}. Best is trial 8 with value: -2.7661304184127817.
[I 2026-03-18 20:23:23,966] Trial 16 pruned. 
[I 2026-03-18 20:23:35,857] Trial 25 pruned. 
[I 2026-03-18 20:23:38,182] Trial 25 pruned. 
[I 2026-03-18 20:23:42,928] Trial 13 finished with value: -2.4034606761310786 and parameters: {'n_layers_yyx': 2, 'hidden_size_yyx_l0': 6, 'hidden_size_yyx_l1': 4, 'context_size_yyx': 4, 'num_mix_components_yyx': 4, 'context_extractor_yyx': 'lstm', 'activation_func_yyx': 'GELU', 'L2_weight_yyx': 7.957918094273282e-05, 'L_entropy_weight_yyx': 3.595924759198488e-05, 'L_sep_weight_yyx': 0.00033836119749661603, 'L_scale_weight_yyx': 9.64348453825217e-05, 'learning_rate_yyx': 0.009014935499712527}. Best is trial 13 with value: -2.4034606761310786.
[I 2026-03-18 20:23:49,813] Trial 19 pruned. 
[I 2026-03-18 20:23:49,878] Trial 17 pruned. 
[I 2026-03-18 20:24:02,339] Trial 17 pruned. 
[I 2026-03-18 20:24:11,833] Trial 37 pruned. 
[I 2026-03-18 20:24:21,213] Trial 30 pruned. 
[I 2026-03-18 20:24:22,844] Trial 19 pruned. 
[I 2026-03-18 20:24:32,806] Trial 16 finished with value: -2.4230104559362475 and parameters: {'n_layers_yyx': 1, 'hidden_size_yyx_l0': 4, 'context_size_yyx': 4, 'num_mix_components_yyx': 2, 'context_extractor_yyx': 'lstm', 'activation_func_yyx': 'Tanh', 'L2_weight_yyx': 4.079764125216166e-07, 'L_entropy_weight_yyx': 1.971461952786545e-07, 'L_sep_weight_yyx': 5.976988263087085e-07, 'L_scale_weight_yyx': 1.3149878665994773e-06, 'learning_rate_yyx': 0.0099335498520046}. Best is trial 9 with value: -2.4237415519893895.
[I 2026-03-18 20:25:01,450] Trial 18 pruned. 
[I 2026-03-18 20:25:16,559] Trial 18 pruned. 
[I 2026-03-18 20:25:27,382] Trial 16 pruned. 
[I 2026-03-18 20:25:39,749] Trial 20 pruned. 
[I 2026-03-18 20:25:48,520] Trial 16 pruned. 
[I 2026-03-18 20:26:04,132] Trial 17 pruned. 
[I 2026-03-18 20:26:26,924] Trial 11 finished with value: -2.43991066579963 and parameters: {'n_layers_yyx': 2, 'hidden_size_yyx_l0': 6, 'hidden_size_yyx_l1': 5, 'context_size_yyx': 3, 'num_mix_components_yyx': 5, 'context_extractor_yyx': 'lstm', 'activation_func_yyx': 'Tanh', 'L2_weight_yyx': 5.647142382514665e-05, 'L_entropy_weight_yyx': 0.00035399451855552843, 'L_sep_weight_yyx': 1.130261347235874e-10, 'L_scale_weight_yyx': 6.893740511027473e-09, 'learning_rate_yyx': 0.009971544200676743}. Best is trial 11 with value: -2.43991066579963.
[I 2026-03-18 20:26:42,623] Trial 17 pruned. 
[I 2026-03-18 20:26:55,259] Trial 31 pruned. 
[I 2026-03-18 20:27:45,453] Trial 12 pruned. 
[I 2026-03-18 20:27:45,636] Trial 20 finished with value: -0.8145550005192946 and parameters: {'n_layers_yyx': 2, 'hidden_size_yyx_l0': 4, 'hidden_size_yyx_l1': 6, 'context_size_yyx': 3, 'num_mix_components_yyx': 5, 'context_extractor_yyx': 'lstm', 'activation_func_yyx': 'Tanh', 'L2_weight_yyx': 0.00015111179416922124, 'L_entropy_weight_yyx': 1.7570944791158278e-08, 'L_sep_weight_yyx': 5.7063521792407424e-05, 'L_scale_weight_yyx': 9.007717931786163e-10, 'learning_rate_yyx': 0.002495455252426666}. Best is trial 4 with value: -0.8236861799457048.
[I 2026-03-18 20:27:53,360] Trial 19 pruned. 
[I 2026-03-18 20:28:30,306] Trial 18 finished with value: -0.8265906915706933 and parameters: {'n_layers_yyx': 1, 'hidden_size_yyx_l0': 6, 'context_size_yyx': 3, 'num_mix_components_yyx': 3, 'context_extractor_yyx': 'lstm', 'activation_func_yyx': 'Tanh', 'L2_weight_yyx': 3.0578020863680873e-07, 'L_entropy_weight_yyx': 6.548391517535919e-09, 'L_sep_weight_yyx': 2.2646722259026882e-08, 'L_scale_weight_yyx': 3.158962486741099e-08, 'learning_rate_yyx': 0.005918014717945144}. Best is trial 13 with value: -0.8270922707313977.
[I 2026-03-18 20:28:40,129] Trial 19 finished with value: -2.7659779144187704 and parameters: {'n_layers_yyx': 2, 'hidden_size_yyx_l0': 6, 'hidden_size_yyx_l1': 4, 'context_size_yyx': 4, 'num_mix_components_yyx': 5, 'context_extractor_yyx': 'lstm', 'activation_func_yyx': 'GELU', 'L2_weight_yyx': 3.6119253029291983e-06, 'L_entropy_weight_yyx': 1.1096232528499486e-06, 'L_sep_weight_yyx': 4.8882991100561615e-06, 'L_scale_weight_yyx': 6.812034883505099e-05, 'learning_rate_yyx': 0.0017835240062269205}. Best is trial 19 with value: -2.7659779144187704.
[I 2026-03-18 20:28:51,239] Trial 28 pruned. 
[I 2026-03-18 20:28:53,214] Trial 14 finished with value: -0.8045719659486937 and parameters: {'n_layers_yyx': 2, 'hidden_size_yyx_l0': 4, 'hidden_size_yyx_l1': 5, 'context_size_yyx': 2, 'num_mix_components_yyx': 4, 'context_extractor_yyx': 'lstm', 'activation_func_yyx': 'Tanh', 'L2_weight_yyx': 2.6099382623811096e-06, 'L_entropy_weight_yyx': 8.123942004160449e-10, 'L_sep_weight_yyx': 5.6308525704479184e-08, 'L_scale_weight_yyx': 1.1388077517332154e-10, 'learning_rate_yyx': 0.008483940267874409}. Best is trial 5 with value: -0.8480365026296506.
[I 2026-03-18 20:29:00,023] Trial 23 pruned. 
[I 2026-03-18 20:29:06,001] Trial 18 pruned. 
[I 2026-03-18 20:29:08,877] Trial 12 finished with value: -2.7622557767016964 and parameters: {'n_layers_yyx': 1, 'hidden_size_yyx_l0': 5, 'context_size_yyx': 4, 'num_mix_components_yyx': 2, 'context_extractor_yyx': 'gru', 'activation_func_yyx': 'ReLU', 'L2_weight_yyx': 0.0006097948659145623, 'L_entropy_weight_yyx': 0.0009766542220084932, 'L_sep_weight_yyx': 5.672142072688288e-06, 'L_scale_weight_yyx': 0.00044530034733025075, 'learning_rate_yyx': 0.005104430162572719}. Best is trial 10 with value: -2.765471259452738.
[I 2026-03-18 20:29:28,110] Trial 17 pruned. 
[I 2026-03-18 20:29:28,572] Trial 26 pruned. 
[I 2026-03-18 20:29:42,265] Trial 20 pruned. 
[I 2026-03-18 20:29:43,247] Trial 38 pruned. 
[I 2026-03-18 20:29:50,105] Trial 21 pruned. 
[I 2026-03-18 20:30:06,901] Trial 13 finished with value: -2.7569388448726144 and parameters: {'n_layers_yyx': 1, 'hidden_size_yyx_l0': 6, 'context_size_yyx': 2, 'num_mix_components_yyx': 5, 'context_extractor_yyx': 'gru', 'activation_func_yyx': 'Tanh', 'L2_weight_yyx': 4.279627571592545e-06, 'L_entropy_weight_yyx': 1.3029340339352647e-09, 'L_sep_weight_yyx': 2.451541571827246e-10, 'L_scale_weight_yyx': 1.7727755256102866e-09, 'learning_rate_yyx': 0.0006531350295102997}. Best is trial 7 with value: -2.766072426816335.
[I 2026-03-18 20:30:16,712] Trial 20 finished with value: -2.767449043355407 and parameters: {'n_layers_yyx': 2, 'hidden_size_yyx_l0': 4, 'hidden_size_yyx_l1': 6, 'context_size_yyx': 4, 'num_mix_components_yyx': 4, 'context_extractor_yyx': 'gru', 'activation_func_yyx': 'GELU', 'L2_weight_yyx': 5.76634838946535e-10, 'L_entropy_weight_yyx': 5.2545849329091465e-05, 'L_sep_weight_yyx': 0.0008940752799633963, 'L_scale_weight_yyx': 2.1084826659076156e-06, 'learning_rate_yyx': 0.008032332489784808}. Best is trial 0 with value: -2.7678615354442075.
[I 2026-03-18 20:30:25,671] Trial 19 pruned. 
[I 2026-03-18 20:30:36,684] Trial 18 pruned. 
[I 2026-03-18 20:30:43,313] Trial 27 pruned. 
[I 2026-03-18 20:30:53,505] Trial 20 pruned. 
[I 2026-03-18 20:30:54,833] Trial 10 finished with value: -2.3925952461438302 and parameters: {'n_layers_yyx': 1, 'hidden_size_yyx_l0': 6, 'context_size_yyx': 4, 'num_mix_components_yyx': 2, 'context_extractor_yyx': 'gru', 'activation_func_yyx': 'Tanh', 'L2_weight_yyx': 0.0007013507195348217, 'L_entropy_weight_yyx': 5.215257362602688e-08, 'L_sep_weight_yyx': 6.65176602344641e-08, 'L_scale_weight_yyx': 6.727863975480912e-07, 'learning_rate_yyx': 0.000524329332358032}. Best is trial 5 with value: -2.394261756310096.
[I 2026-03-18 20:30:56,951] Trial 22 pruned. 
[I 2026-03-18 20:31:15,984] Trial 19 pruned. 
[I 2026-03-18 20:31:20,988] Trial 14 pruned. 
[I 2026-03-18 20:31:42,487] Trial 19 pruned. 
[I 2026-03-18 20:31:46,116] Trial 39 pruned. 
[I 2026-03-18 20:31:49,370] Trial 28 pruned. 
[I 2026-03-18 20:31:50,306] Trial 11 pruned. 
[I 2026-03-18 20:31:52,892] Trial 21 pruned. 
[I 2026-03-18 20:31:58,467] Trial 21 pruned. 
[I 2026-03-18 20:32:04,296] Trial 17 finished with value: -2.7312955221872546 and parameters: {'n_layers_yyx': 1, 'hidden_size_yyx_l0': 6, 'context_size_yyx': 3, 'num_mix_components_yyx': 4, 'context_extractor_yyx': 'lstm', 'activation_func_yyx': 'Tanh', 'L2_weight_yyx': 2.5466705314447793e-10, 'L_entropy_weight_yyx': 1.750648808364176e-07, 'L_sep_weight_yyx': 1.3409033241264186e-07, 'L_scale_weight_yyx': 3.187834080707106e-08, 'learning_rate_yyx': 0.006197598257708994}. Best is trial 8 with value: -2.7661304184127817.
[I 2026-03-18 20:32:24,052] Trial 32 pruned. 
[I 2026-03-18 20:32:31,250] Trial 18 finished with value: -2.3569189722098787 and parameters: {'n_layers_yyx': 1, 'hidden_size_yyx_l0': 5, 'context_size_yyx': 3, 'num_mix_components_yyx': 5, 'context_extractor_yyx': 'lstm', 'activation_func_yyx': 'GELU', 'L2_weight_yyx': 3.012004849704861e-08, 'L_entropy_weight_yyx': 5.423364318055386e-08, 'L_sep_weight_yyx': 6.706983222066134e-05, 'L_scale_weight_yyx': 5.2680725083608203e-05, 'learning_rate_yyx': 0.00709448904958257}. Best is trial 4 with value: -2.393031095621557.
[I 2026-03-18 20:32:53,726] Trial 20 pruned. 
[I 2026-03-18 20:33:13,334] Trial 20 pruned. 
[I 2026-03-18 20:33:19,669] Trial 30 finished with value: -2.765639526078908 and parameters: {'n_layers_yyx': 1, 'hidden_size_yyx_l0': 2, 'context_size_yyx': 4, 'num_mix_components_yyx': 5, 'context_extractor_yyx': 'gru', 'activation_func_yyx': 'ReLU', 'L2_weight_yyx': 0.0003860509762794543, 'L_entropy_weight_yyx': 3.2030015491820063e-09, 'L_sep_weight_yyx': 2.012296748237886e-06, 'L_scale_weight_yyx': 0.00010824107606192248, 'learning_rate_yyx': 0.007978186429516088}. Best is trial 3 with value: -2.766124988596948.
[I 2026-03-18 20:33:20,628] Trial 15 pruned. 
[I 2026-03-18 20:33:27,229] Trial 15 pruned. 
[I 2026-03-18 20:33:35,382] Trial 33 pruned. 
[I 2026-03-18 20:33:44,679] Trial 14 finished with value: -2.3967336371277184 and parameters: {'n_layers_yyx': 2, 'hidden_size_yyx_l0': 5, 'hidden_size_yyx_l1': 4, 'context_size_yyx': 4, 'num_mix_components_yyx': 4, 'context_extractor_yyx': 'lstm', 'activation_func_yyx': 'GELU', 'L2_weight_yyx': 0.0004036515763799788, 'L_entropy_weight_yyx': 2.4544920628159174e-05, 'L_sep_weight_yyx': 9.872769397696716e-06, 'L_scale_weight_yyx': 0.00011489431353121095, 'learning_rate_yyx': 0.00903465631475143}. Best is trial 13 with value: -2.4034606761310786.
[I 2026-03-18 20:33:47,110] Trial 40 pruned. 
[I 2026-03-18 20:33:55,140] Trial 12 pruned. 
[I 2026-03-18 20:33:55,141] Trial 20 pruned. 
[I 2026-03-18 20:33:59,405] Trial 29 pruned. 
[I 2026-03-18 20:34:08,098] Trial 29 pruned. 
[I 2026-03-18 20:34:09,096] Trial 22 pruned. 
[I 2026-03-18 20:34:15,948] Trial 18 pruned. 
[I 2026-03-18 20:34:28,187] Trial 16 pruned. 
[I 2026-03-18 20:34:44,267] Trial 15 pruned. 
[I 2026-03-18 20:34:47,657] Trial 22 finished with value: -0.8169241923525203 and parameters: {'n_layers_yyx': 2, 'hidden_size_yyx_l0': 5, 'hidden_size_yyx_l1': 5, 'context_size_yyx': 1, 'num_mix_components_yyx': 4, 'context_extractor_yyx': 'lstm', 'activation_func_yyx': 'Tanh', 'L2_weight_yyx': 0.0009207198183395978, 'L_entropy_weight_yyx': 2.279782928958719e-07, 'L_sep_weight_yyx': 5.0067769157693456e-05, 'L_scale_weight_yyx': 1.3006586944664676e-06, 'learning_rate_yyx': 0.0014902442897337174}. Best is trial 1 with value: -0.8307161542478305.
[I 2026-03-18 20:35:06,647] Trial 26 finished with value: -2.7967747560371308 and parameters: {'n_layers_yyx': 1, 'hidden_size_yyx_l0': 6, 'context_size_yyx': 2, 'num_mix_components_yyx': 5, 'context_extractor_yyx': 'gru', 'activation_func_yyx': 'Tanh', 'L2_weight_yyx': 2.594555747983075e-10, 'L_entropy_weight_yyx': 1.4390994755208094e-05, 'L_sep_weight_yyx': 1.1584489282015936e-05, 'L_scale_weight_yyx': 3.65714329936724e-09, 'learning_rate_yyx': 0.006434553384259071}. Best is trial 0 with value: -2.8001684201127572.
[I 2026-03-18 20:35:13,656] Trial 23 pruned. 
[I 2026-03-18 20:35:14,365] Trial 23 pruned. 
[I 2026-03-18 20:35:15,027] Trial 21 pruned. 
[I 2026-03-18 20:35:40,943] Trial 23 pruned. 
[I 2026-03-18 20:35:41,494] Trial 13 pruned. 
[I 2026-03-18 20:35:41,494] Trial 41 pruned. 
[I 2026-03-18 20:36:13,396] Trial 17 pruned. 
[I 2026-03-18 20:36:16,946] Trial 17 finished with value: -2.4207349036872494 and parameters: {'n_layers_yyx': 2, 'hidden_size_yyx_l0': 4, 'hidden_size_yyx_l1': 4, 'context_size_yyx': 4, 'num_mix_components_yyx': 4, 'context_extractor_yyx': 'lstm', 'activation_func_yyx': 'Tanh', 'L2_weight_yyx': 4.359610718069722e-06, 'L_entropy_weight_yyx': 8.250606099173921e-08, 'L_sep_weight_yyx': 1.2926699572013778e-09, 'L_scale_weight_yyx': 6.181340308044824e-05, 'learning_rate_yyx': 0.00943709071549138}. Best is trial 9 with value: -2.4237415519893895.
[I 2026-03-18 20:36:36,963] Trial 16 pruned. 
[I 2026-03-18 20:36:41,415] Trial 19 finished with value: -2.7634744017663664 and parameters: {'n_layers_yyx': 2, 'hidden_size_yyx_l0': 5, 'hidden_size_yyx_l1': 5, 'context_size_yyx': 2, 'num_mix_components_yyx': 4, 'context_extractor_yyx': 'gru', 'activation_func_yyx': 'Tanh', 'L2_weight_yyx': 4.251386727237532e-08, 'L_entropy_weight_yyx': 1.8712884316707235e-10, 'L_sep_weight_yyx': 1.8266467783358232e-06, 'L_scale_weight_yyx': 1.0420053061173559e-08, 'learning_rate_yyx': 0.0030757619016092684}. Best is trial 14 with value: -2.7663552897814294.
[I 2026-03-18 20:37:04,099] Trial 27 pruned. 
[I 2026-03-18 20:37:04,121] Trial 19 pruned. 
[I 2026-03-18 20:37:06,994] Trial 12 pruned. 
[I 2026-03-18 20:37:09,801] Trial 22 pruned. 
[I 2026-03-18 20:37:12,368] Trial 24 pruned. 
[I 2026-03-18 20:37:19,640] Trial 24 finished with value: -2.7313000361124673 and parameters: {'n_layers_yyx': 2, 'hidden_size_yyx_l0': 4, 'hidden_size_yyx_l1': 3, 'context_size_yyx': 4, 'num_mix_components_yyx': 5, 'context_extractor_yyx': 'gru', 'activation_func_yyx': 'ReLU', 'L2_weight_yyx': 9.066612083006825e-06, 'L_entropy_weight_yyx': 3.198146546673766e-09, 'L_sep_weight_yyx': 3.196186007781635e-08, 'L_scale_weight_yyx': 7.344301081341331e-06, 'learning_rate_yyx': 0.005324317167831164}. Best is trial 22 with value: -2.767345984776815.
[I 2026-03-18 20:37:29,986] Trial 21 finished with value: -2.767636902539113 and parameters: {'n_layers_yyx': 2, 'hidden_size_yyx_l0': 4, 'hidden_size_yyx_l1': 6, 'context_size_yyx': 4, 'num_mix_components_yyx': 4, 'context_extractor_yyx': 'gru', 'activation_func_yyx': 'GELU', 'L2_weight_yyx': 1.1195636899683571e-10, 'L_entropy_weight_yyx': 6.424507680959035e-05, 'L_sep_weight_yyx': 0.0005599241063204371, 'L_scale_weight_yyx': 2.690430242318972e-06, 'learning_rate_yyx': 0.007888630062957053}. Best is trial 0 with value: -2.7678615354442075.
[I 2026-03-18 20:37:30,163] Trial 13 finished with value: -2.7648604150301592 and parameters: {'n_layers_yyx': 1, 'hidden_size_yyx_l0': 5, 'context_size_yyx': 3, 'num_mix_components_yyx': 2, 'context_extractor_yyx': 'gru', 'activation_func_yyx': 'ReLU', 'L2_weight_yyx': 3.8083644454007894e-05, 'L_entropy_weight_yyx': 1.1116265978595581e-06, 'L_sep_weight_yyx': 5.889286624589181e-09, 'L_scale_weight_yyx': 1.1269245035989484e-07, 'learning_rate_yyx': 0.005855860105509802}. Best is trial 10 with value: -2.765471259452738.
slurmstepd: error: *** JOB 12215377 ON m08c02 CANCELLED AT 2026-03-18T20:37:32 DUE TO TIME LIMIT ***
slurmstepd: error: Detected 1 oom_kill event in StepId=12215377.batch. Some of the step tasks have been OOM Killed.
