Warning: Failed writing log files to directory [/var/log/nvidia-mps]. No logs will be available.
[I 2026-03-18 17:17:39,300] A new study created in RDB with name: opt_full-model_seed=42_task=118
[I 2026-03-18 17:17:39,300] A new study created in RDB with name: opt_full-model_seed=42_task=109
[I 2026-03-18 17:17:40,063] A new study created in RDB with name: opt_full-model_seed=42_task=101
[I 2026-03-18 17:17:40,292] A new study created in RDB with name: opt_full-model_seed=42_task=107
[I 2026-03-18 17:17:40,473] A new study created in RDB with name: opt_full-model_seed=42_task=121
[I 2026-03-18 17:17:40,479] A new study created in RDB with name: opt_full-model_seed=42_task=98
[I 2026-03-18 17:17:40,736] A new study created in RDB with name: opt_full-model_seed=42_task=105
[I 2026-03-18 17:17:41,085] A new study created in RDB with name: opt_full-model_seed=42_task=102
[I 2026-03-18 17:17:41,085] A new study created in RDB with name: opt_full-model_seed=42_task=108
[I 2026-03-18 17:17:42,047] A new study created in RDB with name: opt_full-model_seed=42_task=113
[I 2026-03-18 17:17:42,057] A new study created in RDB with name: opt_full-model_seed=42_task=123
[I 2026-03-18 17:17:42,079] A new study created in RDB with name: opt_full-model_seed=42_task=112
[I 2026-03-18 17:17:42,080] A new study created in RDB with name: opt_full-model_seed=42_task=125
[I 2026-03-18 17:17:42,119] A new study created in RDB with name: opt_full-model_seed=42_task=126
[I 2026-03-18 17:17:42,123] A new study created in RDB with name: opt_full-model_seed=42_task=119
[I 2026-03-18 17:17:42,244] A new study created in RDB with name: opt_full-model_seed=42_task=114
[I 2026-03-18 17:17:42,504] A new study created in RDB with name: opt_full-model_seed=42_task=120
[I 2026-03-18 17:17:42,505] A new study created in RDB with name: opt_full-model_seed=42_task=97
[I 2026-03-18 17:17:42,505] A new study created in RDB with name: opt_full-model_seed=42_task=96
[I 2026-03-18 17:17:42,758] A new study created in RDB with name: opt_full-model_seed=42_task=115
[I 2026-03-18 17:17:42,759] A new study created in RDB with name: opt_full-model_seed=42_task=100
[I 2026-03-18 17:17:42,870] A new study created in RDB with name: opt_full-model_seed=42_task=103
[I 2026-03-18 17:17:43,632] A new study created in RDB with name: opt_full-model_seed=42_task=111
[I 2026-03-18 17:17:43,644] A new study created in RDB with name: opt_full-model_seed=42_task=127
[I 2026-03-18 17:17:43,644] A new study created in RDB with name: opt_full-model_seed=42_task=104
[I 2026-03-18 17:17:43,743] A new study created in RDB with name: opt_full-model_seed=42_task=117
[I 2026-03-18 17:17:43,764] A new study created in RDB with name: opt_full-model_seed=42_task=116
[I 2026-03-18 17:17:44,277] A new study created in RDB with name: opt_full-model_seed=42_task=122
[I 2026-03-18 17:17:44,277] A new study created in RDB with name: opt_full-model_seed=42_task=110
[I 2026-03-18 17:17:44,278] A new study created in RDB with name: opt_full-model_seed=42_task=99
[I 2026-03-18 17:17:44,278] A new study created in RDB with name: opt_full-model_seed=42_task=106
[I 2026-03-18 17:17:44,488] A new study created in RDB with name: opt_full-model_seed=42_task=124
[I 2026-03-18 17:21:54,188] Trial 0 finished with value: -1.2678299096914438 and parameters: {'n_layers_yyx': 1, 'hidden_size_yyx_l0': 5, 'context_size_yyx': 4, 'num_mix_components_yyx': 3, 'context_extractor_yyx': 'gru', 'activation_func_yyx': 'ReLU', 'L2_weight_yyx': 4.063408896544304e-08, 'L_entropy_weight_yyx': 2.7807962005115746e-08, 'L_sep_weight_yyx': 0.0005154671697439628, 'L_scale_weight_yyx': 1.5027019575616756e-08, 'learning_rate_yyx': 0.00831166276359205}. Best is trial 0 with value: -1.2678299096914438.
[I 2026-03-18 17:22:55,598] Trial 0 finished with value: -1.147240488894986 and parameters: {'n_layers_yyx': 1, 'hidden_size_yyx_l0': 4, 'context_size_yyx': 1, 'num_mix_components_yyx': 3, 'context_extractor_yyx': 'gru', 'activation_func_yyx': 'ReLU', 'L2_weight_yyx': 2.186517883666955e-09, 'L_entropy_weight_yyx': 3.5539597682617615e-06, 'L_sep_weight_yyx': 5.0733072828849065e-06, 'L_scale_weight_yyx': 1.1279548811181661e-06, 'learning_rate_yyx': 0.007350208028503507}. Best is trial 0 with value: -1.147240488894986.
[I 2026-03-18 17:23:34,075] Trial 0 finished with value: -2.612719272929431 and parameters: {'n_layers_yyx': 2, 'hidden_size_yyx_l0': 3, 'hidden_size_yyx_l1': 3, 'context_size_yyx': 1, 'num_mix_components_yyx': 2, 'context_extractor_yyx': 'lstm', 'activation_func_yyx': 'GELU', 'L2_weight_yyx': 1.2322174110259893e-07, 'L_entropy_weight_yyx': 9.211324509434872e-10, 'L_sep_weight_yyx': 1.0247744298842432e-09, 'L_scale_weight_yyx': 1.04389277621134e-06, 'learning_rate_yyx': 0.0061870250090958635}. Best is trial 0 with value: -2.612719272929431.
[I 2026-03-18 17:24:17,860] Trial 0 finished with value: -2.629910309959649 and parameters: {'n_layers_yyx': 2, 'hidden_size_yyx_l0': 4, 'hidden_size_yyx_l1': 2, 'context_size_yyx': 2, 'num_mix_components_yyx': 3, 'context_extractor_yyx': 'gru', 'activation_func_yyx': 'Tanh', 'L2_weight_yyx': 3.8160830105522956e-05, 'L_entropy_weight_yyx': 5.918918899849241e-08, 'L_sep_weight_yyx': 6.215717285599827e-07, 'L_scale_weight_yyx': 2.161032559714238e-08, 'learning_rate_yyx': 0.008898412174583483}. Best is trial 0 with value: -2.629910309959649.
[I 2026-03-18 17:24:21,990] Trial 1 pruned. 
[I 2026-03-18 17:25:03,230] Trial 0 finished with value: -2.5999649344789706 and parameters: {'n_layers_yyx': 1, 'hidden_size_yyx_l0': 6, 'context_size_yyx': 1, 'num_mix_components_yyx': 2, 'context_extractor_yyx': 'lstm', 'activation_func_yyx': 'ReLU', 'L2_weight_yyx': 0.0006831172036125296, 'L_entropy_weight_yyx': 5.325565943109203e-10, 'L_sep_weight_yyx': 1.9829654337912937e-06, 'L_scale_weight_yyx': 0.000682482012139302, 'learning_rate_yyx': 0.0013233700094899131}. Best is trial 0 with value: -2.5999649344789706.
[I 2026-03-18 17:25:36,024] Trial 0 finished with value: -2.633521153514828 and parameters: {'n_layers_yyx': 1, 'hidden_size_yyx_l0': 4, 'context_size_yyx': 2, 'num_mix_components_yyx': 4, 'context_extractor_yyx': 'gru', 'activation_func_yyx': 'Tanh', 'L2_weight_yyx': 0.00026574815258744046, 'L_entropy_weight_yyx': 0.0008995162655067895, 'L_sep_weight_yyx': 9.017266710992384e-07, 'L_scale_weight_yyx': 1.1031843901078265e-10, 'learning_rate_yyx': 0.005350932071080775}. Best is trial 0 with value: -2.633521153514828.
[I 2026-03-18 17:25:41,547] Trial 0 finished with value: -1.257956034154416 and parameters: {'n_layers_yyx': 1, 'hidden_size_yyx_l0': 6, 'context_size_yyx': 3, 'num_mix_components_yyx': 3, 'context_extractor_yyx': 'lstm', 'activation_func_yyx': 'GELU', 'L2_weight_yyx': 9.271468180362944e-05, 'L_entropy_weight_yyx': 0.0005978645275153488, 'L_sep_weight_yyx': 2.829363684352029e-05, 'L_scale_weight_yyx': 1.8345126494436026e-10, 'learning_rate_yyx': 0.0028588206254831095}. Best is trial 0 with value: -1.257956034154416.
[I 2026-03-18 17:25:43,116] Trial 0 finished with value: -2.600449350976869 and parameters: {'n_layers_yyx': 1, 'hidden_size_yyx_l0': 6, 'context_size_yyx': 2, 'num_mix_components_yyx': 4, 'context_extractor_yyx': 'gru', 'activation_func_yyx': 'GELU', 'L2_weight_yyx': 1.4259799067085595e-07, 'L_entropy_weight_yyx': 1.726974334985594e-09, 'L_sep_weight_yyx': 9.557221976124145e-07, 'L_scale_weight_yyx': 1.905704342274383e-09, 'learning_rate_yyx': 0.003822298227701411}. Best is trial 0 with value: -2.600449350976869.
[I 2026-03-18 17:25:50,109] Trial 0 finished with value: -1.1551165342771632 and parameters: {'n_layers_yyx': 1, 'hidden_size_yyx_l0': 3, 'context_size_yyx': 1, 'num_mix_components_yyx': 1, 'context_extractor_yyx': 'gru', 'activation_func_yyx': 'Tanh', 'L2_weight_yyx': 5.901761639934031e-10, 'L_entropy_weight_yyx': 1.165682140451981e-06, 'L_sep_weight_yyx': 6.044338168156357e-06, 'L_scale_weight_yyx': 1.4439585679745942e-06, 'learning_rate_yyx': 0.003167682419356828}. Best is trial 0 with value: -1.1551165342771632.
[I 2026-03-18 17:25:52,738] Trial 0 finished with value: -2.6273212037742026 and parameters: {'n_layers_yyx': 2, 'hidden_size_yyx_l0': 6, 'hidden_size_yyx_l1': 5, 'context_size_yyx': 2, 'num_mix_components_yyx': 5, 'context_extractor_yyx': 'gru', 'activation_func_yyx': 'ReLU', 'L2_weight_yyx': 4.388325524883274e-07, 'L_entropy_weight_yyx': 1.4671786587467512e-06, 'L_sep_weight_yyx': 7.001112662564049e-07, 'L_scale_weight_yyx': 4.664610679028381e-06, 'learning_rate_yyx': 0.0038371414700636374}. Best is trial 0 with value: -2.6273212037742026.
[I 2026-03-18 17:26:00,208] Trial 0 finished with value: -1.6641703377100456 and parameters: {'n_layers_yyx': 1, 'hidden_size_yyx_l0': 3, 'context_size_yyx': 4, 'num_mix_components_yyx': 2, 'context_extractor_yyx': 'gru', 'activation_func_yyx': 'Tanh', 'L2_weight_yyx': 7.641552311146655e-10, 'L_entropy_weight_yyx': 1.879728326930139e-06, 'L_sep_weight_yyx': 1.422328036237055e-08, 'L_scale_weight_yyx': 0.0007726822328066029, 'learning_rate_yyx': 0.00882441047081606}. Best is trial 0 with value: -1.6641703377100456.
[I 2026-03-18 17:26:27,755] Trial 0 finished with value: -2.6330643191486622 and parameters: {'n_layers_yyx': 1, 'hidden_size_yyx_l0': 4, 'context_size_yyx': 1, 'num_mix_components_yyx': 5, 'context_extractor_yyx': 'lstm', 'activation_func_yyx': 'Tanh', 'L2_weight_yyx': 4.642398687509384e-10, 'L_entropy_weight_yyx': 4.781059865391552e-06, 'L_sep_weight_yyx': 8.204163166286604e-10, 'L_scale_weight_yyx': 3.602797376632347e-07, 'learning_rate_yyx': 0.0040733723063843905}. Best is trial 0 with value: -2.6330643191486622.
[I 2026-03-18 17:26:53,411] Trial 0 finished with value: -1.6699023361499776 and parameters: {'n_layers_yyx': 1, 'hidden_size_yyx_l0': 5, 'context_size_yyx': 2, 'num_mix_components_yyx': 3, 'context_extractor_yyx': 'lstm', 'activation_func_yyx': 'GELU', 'L2_weight_yyx': 3.877023324706021e-05, 'L_entropy_weight_yyx': 8.931786642323061e-07, 'L_sep_weight_yyx': 1.841029924936087e-08, 'L_scale_weight_yyx': 9.133211999120907e-05, 'learning_rate_yyx': 0.008268405391132955}. Best is trial 0 with value: -1.6699023361499776.
[I 2026-03-18 17:26:57,640] Trial 0 finished with value: -1.2372134802742498 and parameters: {'n_layers_yyx': 1, 'hidden_size_yyx_l0': 3, 'context_size_yyx': 3, 'num_mix_components_yyx': 2, 'context_extractor_yyx': 'gru', 'activation_func_yyx': 'ReLU', 'L2_weight_yyx': 8.467791928221309e-06, 'L_entropy_weight_yyx': 4.211327332733036e-08, 'L_sep_weight_yyx': 3.459519224520683e-05, 'L_scale_weight_yyx': 1.2752230127948498e-05, 'learning_rate_yyx': 0.0021040825107299234}. Best is trial 0 with value: -1.2372134802742498.
[I 2026-03-18 17:27:23,495] Trial 0 finished with value: -2.600604043989611 and parameters: {'n_layers_yyx': 2, 'hidden_size_yyx_l0': 3, 'hidden_size_yyx_l1': 6, 'context_size_yyx': 4, 'num_mix_components_yyx': 3, 'context_extractor_yyx': 'gru', 'activation_func_yyx': 'ReLU', 'L2_weight_yyx': 0.0009025192347687712, 'L_entropy_weight_yyx': 0.00013322647230552766, 'L_sep_weight_yyx': 4.580658481765548e-06, 'L_scale_weight_yyx': 3.1684160462693857e-09, 'learning_rate_yyx': 0.0009451850734521947}. Best is trial 0 with value: -2.600604043989611.
[I 2026-03-18 17:27:28,214] Trial 0 finished with value: -1.6702967433543936 and parameters: {'n_layers_yyx': 1, 'hidden_size_yyx_l0': 3, 'context_size_yyx': 4, 'num_mix_components_yyx': 3, 'context_extractor_yyx': 'lstm', 'activation_func_yyx': 'Tanh', 'L2_weight_yyx': 4.0423363719757185e-08, 'L_entropy_weight_yyx': 5.6281778196893764e-08, 'L_sep_weight_yyx': 0.00012966632192062526, 'L_scale_weight_yyx': 8.26592567899365e-10, 'learning_rate_yyx': 0.003995353465452519}. Best is trial 0 with value: -1.6702967433543936.
[I 2026-03-18 17:27:33,769] Trial 0 finished with value: -1.6683178048964529 and parameters: {'n_layers_yyx': 2, 'hidden_size_yyx_l0': 2, 'hidden_size_yyx_l1': 6, 'context_size_yyx': 4, 'num_mix_components_yyx': 2, 'context_extractor_yyx': 'lstm', 'activation_func_yyx': 'Tanh', 'L2_weight_yyx': 1.5582714834475112e-06, 'L_entropy_weight_yyx': 1.1129539569272505e-07, 'L_sep_weight_yyx': 1.343078489243586e-08, 'L_scale_weight_yyx': 0.0006166145078058494, 'learning_rate_yyx': 0.002483171236995464}. Best is trial 0 with value: -1.6683178048964529.
[I 2026-03-18 17:27:35,878] Trial 1 pruned. 
[I 2026-03-18 17:27:38,216] Trial 0 finished with value: -1.2615266048974338 and parameters: {'n_layers_yyx': 2, 'hidden_size_yyx_l0': 5, 'hidden_size_yyx_l1': 5, 'context_size_yyx': 3, 'num_mix_components_yyx': 2, 'context_extractor_yyx': 'lstm', 'activation_func_yyx': 'Tanh', 'L2_weight_yyx': 2.991549511748481e-09, 'L_entropy_weight_yyx': 0.000414181534206698, 'L_sep_weight_yyx': 3.995454172505001e-09, 'L_scale_weight_yyx': 5.66681828975106e-10, 'learning_rate_yyx': 0.0019205417785553725}. Best is trial 0 with value: -1.2615266048974338.
[I 2026-03-18 17:28:07,640] Trial 0 finished with value: -1.66519233145544 and parameters: {'n_layers_yyx': 1, 'hidden_size_yyx_l0': 5, 'context_size_yyx': 3, 'num_mix_components_yyx': 1, 'context_extractor_yyx': 'gru', 'activation_func_yyx': 'ReLU', 'L2_weight_yyx': 0.0001829014382763315, 'L_entropy_weight_yyx': 1.6267705556567786e-05, 'L_sep_weight_yyx': 6.405753965780596e-07, 'L_scale_weight_yyx': 1.3217584605994493e-08, 'learning_rate_yyx': 0.003099017901856914}. Best is trial 0 with value: -1.66519233145544.
[I 2026-03-18 17:28:14,096] Trial 0 finished with value: -1.6656935052073152 and parameters: {'n_layers_yyx': 2, 'hidden_size_yyx_l0': 5, 'hidden_size_yyx_l1': 4, 'context_size_yyx': 4, 'num_mix_components_yyx': 4, 'context_extractor_yyx': 'lstm', 'activation_func_yyx': 'ReLU', 'L2_weight_yyx': 0.0007930617899134604, 'L_entropy_weight_yyx': 3.044058401505371e-08, 'L_sep_weight_yyx': 2.0074304365575486e-05, 'L_scale_weight_yyx': 8.135244629788892e-07, 'learning_rate_yyx': 0.002242352141821721}. Best is trial 0 with value: -1.6656935052073152.
[I 2026-03-18 17:28:22,262] Trial 0 finished with value: -1.6746319320135328 and parameters: {'n_layers_yyx': 2, 'hidden_size_yyx_l0': 5, 'hidden_size_yyx_l1': 3, 'context_size_yyx': 4, 'num_mix_components_yyx': 1, 'context_extractor_yyx': 'lstm', 'activation_func_yyx': 'Tanh', 'L2_weight_yyx': 7.539191021535968e-10, 'L_entropy_weight_yyx': 0.00031741072375522905, 'L_sep_weight_yyx': 6.957282958778923e-08, 'L_scale_weight_yyx': 5.690245069290792e-08, 'learning_rate_yyx': 0.003025713011503171}. Best is trial 0 with value: -1.6746319320135328.
[I 2026-03-18 17:30:02,328] Trial 2 finished with value: -2.638852726968267 and parameters: {'n_layers_yyx': 2, 'hidden_size_yyx_l0': 6, 'hidden_size_yyx_l1': 3, 'context_size_yyx': 1, 'num_mix_components_yyx': 4, 'context_extractor_yyx': 'gru', 'activation_func_yyx': 'Tanh', 'L2_weight_yyx': 1.0837289688786722e-05, 'L_entropy_weight_yyx': 9.215565497808944e-09, 'L_sep_weight_yyx': 1.9093518028485848e-07, 'L_scale_weight_yyx': 2.4329255988819935e-07, 'learning_rate_yyx': 0.005102111910047131}. Best is trial 2 with value: -2.638852726968267.
[I 2026-03-18 17:30:16,585] Trial 0 finished with value: -1.6151760881261308 and parameters: {'n_layers_yyx': 1, 'hidden_size_yyx_l0': 2, 'context_size_yyx': 3, 'num_mix_components_yyx': 1, 'context_extractor_yyx': 'lstm', 'activation_func_yyx': 'Tanh', 'L2_weight_yyx': 2.511741272458661e-10, 'L_entropy_weight_yyx': 3.5882820362573195e-09, 'L_sep_weight_yyx': 1.381650612892442e-10, 'L_scale_weight_yyx': 0.0007609344025977443, 'learning_rate_yyx': 0.0017514120142935075}. Best is trial 0 with value: -1.6151760881261308.
[I 2026-03-18 17:30:23,888] Trial 0 finished with value: -1.6702748905361788 and parameters: {'n_layers_yyx': 1, 'hidden_size_yyx_l0': 2, 'context_size_yyx': 3, 'num_mix_components_yyx': 2, 'context_extractor_yyx': 'gru', 'activation_func_yyx': 'ReLU', 'L2_weight_yyx': 1.7310642802008727e-10, 'L_entropy_weight_yyx': 2.8468024959499065e-07, 'L_sep_weight_yyx': 1.5598604843727248e-09, 'L_scale_weight_yyx': 1.2581232896605242e-09, 'learning_rate_yyx': 0.00929130663784604}. Best is trial 0 with value: -1.6702748905361788.
[I 2026-03-18 17:30:28,901] Trial 1 finished with value: -2.598635016281152 and parameters: {'n_layers_yyx': 1, 'hidden_size_yyx_l0': 5, 'context_size_yyx': 2, 'num_mix_components_yyx': 3, 'context_extractor_yyx': 'lstm', 'activation_func_yyx': 'Tanh', 'L2_weight_yyx': 3.6504012783041716e-05, 'L_entropy_weight_yyx': 8.619788088540185e-08, 'L_sep_weight_yyx': 1.2451397798365565e-09, 'L_scale_weight_yyx': 0.00011740758158783359, 'learning_rate_yyx': 0.005303069622085455}. Best is trial 0 with value: -2.600449350976869.
[I 2026-03-18 17:31:05,732] Trial 1 pruned. 
[I 2026-03-18 17:31:13,418] Trial 1 finished with value: -1.2555656715153325 and parameters: {'n_layers_yyx': 1, 'hidden_size_yyx_l0': 4, 'context_size_yyx': 2, 'num_mix_components_yyx': 3, 'context_extractor_yyx': 'gru', 'activation_func_yyx': 'Tanh', 'L2_weight_yyx': 5.354961046600594e-08, 'L_entropy_weight_yyx': 2.9423286067080066e-07, 'L_sep_weight_yyx': 4.1805791075389155e-08, 'L_scale_weight_yyx': 1.282045776362343e-09, 'learning_rate_yyx': 0.00939342583984015}. Best is trial 1 with value: -1.2555656715153325.
[I 2026-03-18 17:32:08,848] Trial 1 finished with value: -2.5992197354584676 and parameters: {'n_layers_yyx': 1, 'hidden_size_yyx_l0': 3, 'context_size_yyx': 2, 'num_mix_components_yyx': 3, 'context_extractor_yyx': 'lstm', 'activation_func_yyx': 'Tanh', 'L2_weight_yyx': 1.1230728847729164e-07, 'L_entropy_weight_yyx': 6.077002259979933e-06, 'L_sep_weight_yyx': 1.1984454886865238e-07, 'L_scale_weight_yyx': 9.317288858763261e-05, 'learning_rate_yyx': 0.007840967595485538}. Best is trial 0 with value: -2.6330643191486622.
[I 2026-03-18 17:32:10,804] Trial 0 finished with value: -1.6607491582259177 and parameters: {'n_layers_yyx': 2, 'hidden_size_yyx_l0': 2, 'hidden_size_yyx_l1': 6, 'context_size_yyx': 4, 'num_mix_components_yyx': 4, 'context_extractor_yyx': 'lstm', 'activation_func_yyx': 'GELU', 'L2_weight_yyx': 2.0889970769601487e-08, 'L_entropy_weight_yyx': 1.0192864178910817e-08, 'L_sep_weight_yyx': 1.2711957408792144e-09, 'L_scale_weight_yyx': 1.0137385363856754e-07, 'learning_rate_yyx': 0.0006137379164685463}. Best is trial 0 with value: -1.6607491582259177.
[I 2026-03-18 17:32:13,562] Trial 0 finished with value: -1.6431313146054454 and parameters: {'n_layers_yyx': 1, 'hidden_size_yyx_l0': 3, 'context_size_yyx': 4, 'num_mix_components_yyx': 3, 'context_extractor_yyx': 'lstm', 'activation_func_yyx': 'GELU', 'L2_weight_yyx': 1.2621807306738453e-10, 'L_entropy_weight_yyx': 1.33501539815836e-09, 'L_sep_weight_yyx': 1.4210298948357137e-09, 'L_scale_weight_yyx': 1.061870345740819e-06, 'learning_rate_yyx': 0.0008867406411203149}. Best is trial 0 with value: -1.6431313146054454.
[I 2026-03-18 17:32:24,131] Trial 2 pruned. 
[I 2026-03-18 17:32:29,377] Trial 0 finished with value: -1.6735557119242839 and parameters: {'n_layers_yyx': 2, 'hidden_size_yyx_l0': 6, 'hidden_size_yyx_l1': 5, 'context_size_yyx': 2, 'num_mix_components_yyx': 2, 'context_extractor_yyx': 'lstm', 'activation_func_yyx': 'ReLU', 'L2_weight_yyx': 3.9582810719454875e-05, 'L_entropy_weight_yyx': 0.0006543475445933429, 'L_sep_weight_yyx': 1.05709882225828e-05, 'L_scale_weight_yyx': 2.096022599703375e-10, 'learning_rate_yyx': 0.0006487590410203379}. Best is trial 0 with value: -1.6735557119242839.
[I 2026-03-18 17:32:58,643] Trial 1 finished with value: -1.2947146562429575 and parameters: {'n_layers_yyx': 2, 'hidden_size_yyx_l0': 5, 'hidden_size_yyx_l1': 6, 'context_size_yyx': 3, 'num_mix_components_yyx': 2, 'context_extractor_yyx': 'lstm', 'activation_func_yyx': 'Tanh', 'L2_weight_yyx': 0.000796428559450987, 'L_entropy_weight_yyx': 1.0572535231806233e-10, 'L_sep_weight_yyx': 1.1416837454568495e-09, 'L_scale_weight_yyx': 1.0755415600993769e-05, 'learning_rate_yyx': 0.003313209485003155}. Best is trial 1 with value: -1.2947146562429575.
[I 2026-03-18 17:33:00,401] Trial 0 finished with value: -2.631078101143863 and parameters: {'n_layers_yyx': 1, 'hidden_size_yyx_l0': 2, 'context_size_yyx': 4, 'num_mix_components_yyx': 3, 'context_extractor_yyx': 'gru', 'activation_func_yyx': 'Tanh', 'L2_weight_yyx': 2.9917595060672786e-05, 'L_entropy_weight_yyx': 6.711740607762276e-10, 'L_sep_weight_yyx': 9.122416870301124e-05, 'L_scale_weight_yyx': 2.5125758974883936e-07, 'learning_rate_yyx': 0.0013344923725937636}. Best is trial 0 with value: -2.631078101143863.
[I 2026-03-18 17:33:00,544] Trial 0 finished with value: -1.7111583081981805 and parameters: {'n_layers_yyx': 2, 'hidden_size_yyx_l0': 2, 'hidden_size_yyx_l1': 2, 'context_size_yyx': 1, 'num_mix_components_yyx': 4, 'context_extractor_yyx': 'lstm', 'activation_func_yyx': 'ReLU', 'L2_weight_yyx': 0.000444421079370741, 'L_entropy_weight_yyx': 1.2092117295034358e-06, 'L_sep_weight_yyx': 3.834001536267659e-09, 'L_scale_weight_yyx': 1.2637599529566545e-07, 'learning_rate_yyx': 0.004472609353187508}. Best is trial 0 with value: -1.7111583081981805.
[I 2026-03-18 17:33:09,168] Trial 0 finished with value: -1.6475350138542169 and parameters: {'n_layers_yyx': 1, 'hidden_size_yyx_l0': 3, 'context_size_yyx': 2, 'num_mix_components_yyx': 5, 'context_extractor_yyx': 'gru', 'activation_func_yyx': 'GELU', 'L2_weight_yyx': 1.6902862705772564e-09, 'L_entropy_weight_yyx': 6.038173218712295e-10, 'L_sep_weight_yyx': 5.29492027957987e-10, 'L_scale_weight_yyx': 3.4894785638111406e-05, 'learning_rate_yyx': 0.0010444109008824198}. Best is trial 0 with value: -1.6475350138542169.
[I 2026-03-18 17:33:10,821] Trial 1 finished with value: -1.2393506062449458 and parameters: {'n_layers_yyx': 2, 'hidden_size_yyx_l0': 4, 'hidden_size_yyx_l1': 3, 'context_size_yyx': 4, 'num_mix_components_yyx': 3, 'context_extractor_yyx': 'gru', 'activation_func_yyx': 'GELU', 'L2_weight_yyx': 2.984130661389166e-10, 'L_entropy_weight_yyx': 3.0733989311755586e-09, 'L_sep_weight_yyx': 1.1376059038610379e-07, 'L_scale_weight_yyx': 8.14060017934268e-10, 'learning_rate_yyx': 0.004329597993992258}. Best is trial 1 with value: -1.2393506062449458.
[I 2026-03-18 17:33:12,316] Trial 0 finished with value: -1.6545376635377973 and parameters: {'n_layers_yyx': 2, 'hidden_size_yyx_l0': 4, 'hidden_size_yyx_l1': 3, 'context_size_yyx': 2, 'num_mix_components_yyx': 5, 'context_extractor_yyx': 'lstm', 'activation_func_yyx': 'ReLU', 'L2_weight_yyx': 2.5305360600188675e-05, 'L_entropy_weight_yyx': 8.031844296379648e-09, 'L_sep_weight_yyx': 9.867175238077043e-10, 'L_scale_weight_yyx': 4.776715192706489e-07, 'learning_rate_yyx': 0.0006572250144027039}. Best is trial 0 with value: -1.6545376635377973.
[I 2026-03-18 17:33:12,690] Trial 0 finished with value: -1.582342447055086 and parameters: {'n_layers_yyx': 2, 'hidden_size_yyx_l0': 6, 'hidden_size_yyx_l1': 4, 'context_size_yyx': 4, 'num_mix_components_yyx': 1, 'context_extractor_yyx': 'gru', 'activation_func_yyx': 'GELU', 'L2_weight_yyx': 8.152709648807703e-10, 'L_entropy_weight_yyx': 1.4733184035885785e-06, 'L_sep_weight_yyx': 0.0002098849063094327, 'L_scale_weight_yyx': 1.3321993129653227e-08, 'learning_rate_yyx': 0.00058560974464456}. Best is trial 0 with value: -1.582342447055086.
[I 2026-03-18 17:33:20,196] Trial 0 finished with value: -1.6521224388144589 and parameters: {'n_layers_yyx': 2, 'hidden_size_yyx_l0': 4, 'hidden_size_yyx_l1': 3, 'context_size_yyx': 3, 'num_mix_components_yyx': 4, 'context_extractor_yyx': 'gru', 'activation_func_yyx': 'GELU', 'L2_weight_yyx': 1.4566840194703136e-05, 'L_entropy_weight_yyx': 0.00028116736042559744, 'L_sep_weight_yyx': 4.740013015992936e-08, 'L_scale_weight_yyx': 3.107801411778397e-10, 'learning_rate_yyx': 0.0005586493036309699}. Best is trial 0 with value: -1.6521224388144589.
[I 2026-03-18 17:33:29,241] Trial 2 pruned. 
[I 2026-03-18 17:33:32,562] Trial 2 pruned. 
[I 2026-03-18 17:33:48,746] Trial 1 finished with value: -2.631415751979183 and parameters: {'n_layers_yyx': 2, 'hidden_size_yyx_l0': 5, 'hidden_size_yyx_l1': 3, 'context_size_yyx': 3, 'num_mix_components_yyx': 2, 'context_extractor_yyx': 'lstm', 'activation_func_yyx': 'ReLU', 'L2_weight_yyx': 0.0004610044958448966, 'L_entropy_weight_yyx': 3.830408158395018e-09, 'L_sep_weight_yyx': 5.090143521036272e-08, 'L_scale_weight_yyx': 1.7111703056907955e-05, 'learning_rate_yyx': 0.0021562452158256037}. Best is trial 0 with value: -2.633521153514828.
[I 2026-03-18 17:34:04,675] Trial 3 pruned. 
[I 2026-03-18 17:34:08,201] Trial 1 pruned. 
[I 2026-03-18 17:34:39,016] Trial 4 pruned. 
[I 2026-03-18 17:34:50,113] Trial 3 pruned. 
[I 2026-03-18 17:35:02,994] Trial 1 pruned. 
[I 2026-03-18 17:35:05,147] Trial 1 finished with value: -2.6376398477844947 and parameters: {'n_layers_yyx': 1, 'hidden_size_yyx_l0': 4, 'context_size_yyx': 4, 'num_mix_components_yyx': 5, 'context_extractor_yyx': 'lstm', 'activation_func_yyx': 'ReLU', 'L2_weight_yyx': 3.894139060167503e-05, 'L_entropy_weight_yyx': 1.4552745466625423e-10, 'L_sep_weight_yyx': 1.2676244551800483e-06, 'L_scale_weight_yyx': 2.0035862934304512e-07, 'learning_rate_yyx': 0.0008997290275892102}. Best is trial 1 with value: -2.6376398477844947.
[I 2026-03-18 17:35:07,387] Trial 2 pruned. 
[I 2026-03-18 17:35:16,298] Trial 1 finished with value: -2.6371932379943503 and parameters: {'n_layers_yyx': 1, 'hidden_size_yyx_l0': 4, 'context_size_yyx': 3, 'num_mix_components_yyx': 4, 'context_extractor_yyx': 'lstm', 'activation_func_yyx': 'ReLU', 'L2_weight_yyx': 0.00022773211345719331, 'L_entropy_weight_yyx': 4.094188333286454e-10, 'L_sep_weight_yyx': 1.5921240872413118e-06, 'L_scale_weight_yyx': 0.00012192033802384055, 'learning_rate_yyx': 0.0013258656421542528}. Best is trial 1 with value: -2.6371932379943503.
[I 2026-03-18 17:35:24,317] Trial 1 finished with value: -1.2663685063557792 and parameters: {'n_layers_yyx': 1, 'hidden_size_yyx_l0': 6, 'context_size_yyx': 3, 'num_mix_components_yyx': 2, 'context_extractor_yyx': 'lstm', 'activation_func_yyx': 'Tanh', 'L2_weight_yyx': 0.0006056762489815372, 'L_entropy_weight_yyx': 8.783355169999487e-07, 'L_sep_weight_yyx': 1.7943221054636145e-08, 'L_scale_weight_yyx': 1.3856826112182941e-09, 'learning_rate_yyx': 0.006499429677701151}. Best is trial 1 with value: -1.2663685063557792.
[I 2026-03-18 17:35:30,275] Trial 4 pruned. 
[I 2026-03-18 17:35:33,389] Trial 1 finished with value: -1.1473582438752743 and parameters: {'n_layers_yyx': 2, 'hidden_size_yyx_l0': 3, 'hidden_size_yyx_l1': 2, 'context_size_yyx': 1, 'num_mix_components_yyx': 1, 'context_extractor_yyx': 'lstm', 'activation_func_yyx': 'GELU', 'L2_weight_yyx': 2.2438095265977006e-05, 'L_entropy_weight_yyx': 3.2530163077573147e-08, 'L_sep_weight_yyx': 2.7860848984270146e-09, 'L_scale_weight_yyx': 2.3999567550658948e-06, 'learning_rate_yyx': 0.0008033246652647569}. Best is trial 0 with value: -1.2372134802742498.
[I 2026-03-18 17:35:52,515] Trial 1 finished with value: -1.6545329199488974 and parameters: {'n_layers_yyx': 1, 'hidden_size_yyx_l0': 4, 'context_size_yyx': 1, 'num_mix_components_yyx': 5, 'context_extractor_yyx': 'lstm', 'activation_func_yyx': 'Tanh', 'L2_weight_yyx': 1.2283145213520006e-07, 'L_entropy_weight_yyx': 0.000127610947336705, 'L_sep_weight_yyx': 1.3616981401690653e-07, 'L_scale_weight_yyx': 6.532873346214405e-09, 'learning_rate_yyx': 0.003522277459885122}. Best is trial 0 with value: -1.6641703377100456.
[I 2026-03-18 17:36:11,214] Trial 5 pruned. 
[I 2026-03-18 17:36:11,927] Trial 1 finished with value: -1.6743634327658101 and parameters: {'n_layers_yyx': 2, 'hidden_size_yyx_l0': 5, 'hidden_size_yyx_l1': 5, 'context_size_yyx': 3, 'num_mix_components_yyx': 4, 'context_extractor_yyx': 'lstm', 'activation_func_yyx': 'Tanh', 'L2_weight_yyx': 5.05486397900061e-08, 'L_entropy_weight_yyx': 6.781708490644671e-10, 'L_sep_weight_yyx': 5.9974666621047864e-05, 'L_scale_weight_yyx': 6.737724924433893e-06, 'learning_rate_yyx': 0.009572934933061234}. Best is trial 1 with value: -1.6743634327658101.
[I 2026-03-18 17:37:01,088] Trial 3 finished with value: -2.644878924551748 and parameters: {'n_layers_yyx': 1, 'hidden_size_yyx_l0': 4, 'context_size_yyx': 1, 'num_mix_components_yyx': 5, 'context_extractor_yyx': 'gru', 'activation_func_yyx': 'Tanh', 'L2_weight_yyx': 2.6282181764592676e-05, 'L_entropy_weight_yyx': 1.5948102192352078e-09, 'L_sep_weight_yyx': 1.5933319604168568e-05, 'L_scale_weight_yyx': 0.00026632933371561487, 'learning_rate_yyx': 0.002729657386919864}. Best is trial 3 with value: -2.644878924551748.
[I 2026-03-18 17:37:19,810] Trial 1 finished with value: -2.5996049404520045 and parameters: {'n_layers_yyx': 1, 'hidden_size_yyx_l0': 3, 'context_size_yyx': 2, 'num_mix_components_yyx': 1, 'context_extractor_yyx': 'gru', 'activation_func_yyx': 'ReLU', 'L2_weight_yyx': 2.4453384589275527e-05, 'L_entropy_weight_yyx': 6.959653971560136e-06, 'L_sep_weight_yyx': 6.896799899977146e-09, 'L_scale_weight_yyx': 3.1332534728737153e-09, 'learning_rate_yyx': 0.009254713686126808}. Best is trial 0 with value: -2.631078101143863.
[I 2026-03-18 17:37:30,470] Trial 6 pruned. 
[I 2026-03-18 17:37:40,564] Trial 2 finished with value: -2.6061400409172175 and parameters: {'n_layers_yyx': 1, 'hidden_size_yyx_l0': 3, 'context_size_yyx': 4, 'num_mix_components_yyx': 2, 'context_extractor_yyx': 'lstm', 'activation_func_yyx': 'ReLU', 'L2_weight_yyx': 3.869312713446235e-10, 'L_entropy_weight_yyx': 4.943108744733191e-08, 'L_sep_weight_yyx': 3.5412385179265337e-06, 'L_scale_weight_yyx': 3.7540046340790785e-07, 'learning_rate_yyx': 0.0012235404643325088}. Best is trial 2 with value: -2.6061400409172175.
[I 2026-03-18 17:37:45,071] Trial 4 pruned. 
[I 2026-03-18 17:38:10,545] Trial 7 pruned. 
[I 2026-03-18 17:38:12,595] Trial 2 pruned. 
[I 2026-03-18 17:38:16,210] Trial 2 finished with value: -2.601009350930877 and parameters: {'n_layers_yyx': 2, 'hidden_size_yyx_l0': 3, 'hidden_size_yyx_l1': 3, 'context_size_yyx': 1, 'num_mix_components_yyx': 3, 'context_extractor_yyx': 'gru', 'activation_func_yyx': 'ReLU', 'L2_weight_yyx': 0.0005064920921240277, 'L_entropy_weight_yyx': 1.9752638830977426e-05, 'L_sep_weight_yyx': 2.72071854091588e-07, 'L_scale_weight_yyx': 6.21228727101026e-08, 'learning_rate_yyx': 0.007044283737587925}. Best is trial 2 with value: -2.601009350930877.
[I 2026-03-18 17:38:17,635] Trial 1 finished with value: -1.6606928666585679 and parameters: {'n_layers_yyx': 1, 'hidden_size_yyx_l0': 5, 'context_size_yyx': 2, 'num_mix_components_yyx': 4, 'context_extractor_yyx': 'lstm', 'activation_func_yyx': 'ReLU', 'L2_weight_yyx': 3.634643781318293e-05, 'L_entropy_weight_yyx': 1.196874073484411e-07, 'L_sep_weight_yyx': 6.682179670719579e-07, 'L_scale_weight_yyx': 2.250230548117233e-09, 'learning_rate_yyx': 0.00382085446550096}. Best is trial 0 with value: -1.6656935052073152.
[I 2026-03-18 17:38:27,624] Trial 2 pruned. 
[I 2026-03-18 17:38:30,737] Trial 2 pruned. 
[I 2026-03-18 17:38:36,231] Trial 2 pruned. 
[I 2026-03-18 17:38:51,583] Trial 2 pruned. 
[I 2026-03-18 17:38:54,437] Trial 8 pruned. 
[I 2026-03-18 17:38:54,757] Trial 1 finished with value: -1.6454550933103589 and parameters: {'n_layers_yyx': 2, 'hidden_size_yyx_l0': 6, 'hidden_size_yyx_l1': 4, 'context_size_yyx': 1, 'num_mix_components_yyx': 1, 'context_extractor_yyx': 'gru', 'activation_func_yyx': 'GELU', 'L2_weight_yyx': 1.0797550639249233e-06, 'L_entropy_weight_yyx': 1.318370105225988e-10, 'L_sep_weight_yyx': 3.8440639885869366e-05, 'L_scale_weight_yyx': 1.0386585870427706e-06, 'learning_rate_yyx': 0.0037895066044893564}. Best is trial 0 with value: -1.6683178048964529.
[I 2026-03-18 17:38:58,871] Trial 3 pruned. 
[I 2026-03-18 17:39:02,489] Trial 1 finished with value: -2.631634364394519 and parameters: {'n_layers_yyx': 2, 'hidden_size_yyx_l0': 3, 'hidden_size_yyx_l1': 4, 'context_size_yyx': 3, 'num_mix_components_yyx': 3, 'context_extractor_yyx': 'lstm', 'activation_func_yyx': 'GELU', 'L2_weight_yyx': 0.0001022261818311894, 'L_entropy_weight_yyx': 0.00011854333862949, 'L_sep_weight_yyx': 1.3294066341329288e-06, 'L_scale_weight_yyx': 1.5367343491785556e-10, 'learning_rate_yyx': 0.0011666583342559403}. Best is trial 1 with value: -2.631634364394519.
[I 2026-03-18 17:39:10,398] Trial 3 pruned. 
[I 2026-03-18 17:39:17,257] Trial 2 finished with value: -1.6745893480229308 and parameters: {'n_layers_yyx': 1, 'hidden_size_yyx_l0': 2, 'context_size_yyx': 4, 'num_mix_components_yyx': 5, 'context_extractor_yyx': 'lstm', 'activation_func_yyx': 'Tanh', 'L2_weight_yyx': 2.3784299535426703e-05, 'L_entropy_weight_yyx': 4.925206206589161e-07, 'L_sep_weight_yyx': 2.6755899538210534e-08, 'L_scale_weight_yyx': 7.002188038258811e-10, 'learning_rate_yyx': 0.0046639429314582715}. Best is trial 2 with value: -1.6745893480229308.
[I 2026-03-18 17:39:26,675] Trial 3 finished with value: -1.2569327504269077 and parameters: {'n_layers_yyx': 1, 'hidden_size_yyx_l0': 6, 'context_size_yyx': 3, 'num_mix_components_yyx': 2, 'context_extractor_yyx': 'lstm', 'activation_func_yyx': 'Tanh', 'L2_weight_yyx': 7.130529664297416e-09, 'L_entropy_weight_yyx': 2.807726003323337e-08, 'L_sep_weight_yyx': 1.2687411086395992e-09, 'L_scale_weight_yyx': 0.00033395036591680544, 'learning_rate_yyx': 0.0060929214306744296}. Best is trial 3 with value: -1.2569327504269077.
[I 2026-03-18 17:39:33,084] Trial 9 pruned. 
[I 2026-03-18 17:39:38,247] Trial 1 finished with value: -1.6551611095351366 and parameters: {'n_layers_yyx': 2, 'hidden_size_yyx_l0': 5, 'hidden_size_yyx_l1': 6, 'context_size_yyx': 4, 'num_mix_components_yyx': 3, 'context_extractor_yyx': 'gru', 'activation_func_yyx': 'ReLU', 'L2_weight_yyx': 1.7381617930966765e-06, 'L_entropy_weight_yyx': 3.1626696984360503e-07, 'L_sep_weight_yyx': 9.169224194607695e-09, 'L_scale_weight_yyx': 7.420107844494813e-06, 'learning_rate_yyx': 0.0005710202318659726}. Best is trial 0 with value: -1.6702967433543936.
[I 2026-03-18 17:40:00,103] Trial 3 pruned. 
[I 2026-03-18 17:40:01,685] Trial 4 pruned. 
[I 2026-03-18 17:40:03,244] Trial 2 pruned. 
[I 2026-03-18 17:40:12,709] Trial 1 finished with value: -1.6678952161111547 and parameters: {'n_layers_yyx': 1, 'hidden_size_yyx_l0': 5, 'context_size_yyx': 4, 'num_mix_components_yyx': 5, 'context_extractor_yyx': 'gru', 'activation_func_yyx': 'ReLU', 'L2_weight_yyx': 7.759536997217363e-06, 'L_entropy_weight_yyx': 3.4078316727839094e-07, 'L_sep_weight_yyx': 3.1474191277811325e-10, 'L_scale_weight_yyx': 0.0002297991545554998, 'learning_rate_yyx': 0.002749073938549264}. Best is trial 1 with value: -1.6678952161111547.
[I 2026-03-18 17:40:33,480] Trial 5 finished with value: -1.2860820430975695 and parameters: {'n_layers_yyx': 1, 'hidden_size_yyx_l0': 3, 'context_size_yyx': 4, 'num_mix_components_yyx': 3, 'context_extractor_yyx': 'gru', 'activation_func_yyx': 'GELU', 'L2_weight_yyx': 9.79719444831779e-10, 'L_entropy_weight_yyx': 3.1128311470808057e-07, 'L_sep_weight_yyx': 7.75933945612772e-06, 'L_scale_weight_yyx': 3.527433963081774e-05, 'learning_rate_yyx': 0.006664319983632968}. Best is trial 1 with value: -1.2947146562429575.
[I 2026-03-18 17:40:37,811] Trial 5 pruned. 
[I 2026-03-18 17:40:41,073] Trial 3 pruned. 
[I 2026-03-18 17:40:48,095] Trial 1 pruned. 
[I 2026-03-18 17:41:12,066] Trial 6 pruned. 
[I 2026-03-18 17:41:13,875] Trial 2 finished with value: -2.602049242144405 and parameters: {'n_layers_yyx': 1, 'hidden_size_yyx_l0': 6, 'context_size_yyx': 4, 'num_mix_components_yyx': 1, 'context_extractor_yyx': 'gru', 'activation_func_yyx': 'GELU', 'L2_weight_yyx': 1.4015292501427703e-08, 'L_entropy_weight_yyx': 0.0001179902704314115, 'L_sep_weight_yyx': 1.8283517455376027e-09, 'L_scale_weight_yyx': 0.0005563964918035224, 'learning_rate_yyx': 0.0038797447307201164}. Best is trial 0 with value: -2.631078101143863.
[I 2026-03-18 17:41:47,921] Trial 1 finished with value: -1.6638326745863943 and parameters: {'n_layers_yyx': 2, 'hidden_size_yyx_l0': 4, 'hidden_size_yyx_l1': 2, 'context_size_yyx': 4, 'num_mix_components_yyx': 1, 'context_extractor_yyx': 'gru', 'activation_func_yyx': 'ReLU', 'L2_weight_yyx': 6.158556488248867e-07, 'L_entropy_weight_yyx': 8.424510637257172e-10, 'L_sep_weight_yyx': 0.00011346386959979245, 'L_scale_weight_yyx': 2.1385325429972642e-08, 'learning_rate_yyx': 0.0009209611100444159}. Best is trial 0 with value: -1.66519233145544.
[I 2026-03-18 17:41:51,056] Trial 7 pruned. 
[I 2026-03-18 17:41:55,405] Trial 4 pruned. 
[I 2026-03-18 17:42:16,601] Trial 2 finished with value: -1.2599548227024606 and parameters: {'n_layers_yyx': 2, 'hidden_size_yyx_l0': 2, 'hidden_size_yyx_l1': 3, 'context_size_yyx': 3, 'num_mix_components_yyx': 2, 'context_extractor_yyx': 'gru', 'activation_func_yyx': 'ReLU', 'L2_weight_yyx': 1.1393978609441552e-07, 'L_entropy_weight_yyx': 0.00023973651377055274, 'L_sep_weight_yyx': 2.3003061023384593e-06, 'L_scale_weight_yyx': 0.00039879100140538553, 'learning_rate_yyx': 0.0024052285047543582}. Best is trial 2 with value: -1.2599548227024606.
[I 2026-03-18 17:42:19,437] Trial 1 finished with value: -1.5759189741558703 and parameters: {'n_layers_yyx': 1, 'hidden_size_yyx_l0': 2, 'context_size_yyx': 3, 'num_mix_components_yyx': 1, 'context_extractor_yyx': 'gru', 'activation_func_yyx': 'ReLU', 'L2_weight_yyx': 2.8448089731719556e-07, 'L_entropy_weight_yyx': 5.999477254764014e-06, 'L_sep_weight_yyx': 1.9322374468028065e-07, 'L_scale_weight_yyx': 2.1224410526706198e-10, 'learning_rate_yyx': 0.000529854445778928}. Best is trial 0 with value: -1.6746319320135328.
[I 2026-03-18 17:42:20,012] Trial 2 finished with value: -1.719859356457674 and parameters: {'n_layers_yyx': 1, 'hidden_size_yyx_l0': 4, 'context_size_yyx': 4, 'num_mix_components_yyx': 3, 'context_extractor_yyx': 'gru', 'activation_func_yyx': 'Tanh', 'L2_weight_yyx': 1.5668214487225155e-09, 'L_entropy_weight_yyx': 1.70478812444423e-07, 'L_sep_weight_yyx': 7.53300481508638e-07, 'L_scale_weight_yyx': 2.0783078377449237e-10, 'learning_rate_yyx': 0.005543536777741921}. Best is trial 2 with value: -1.719859356457674.
[I 2026-03-18 17:42:23,805] Trial 2 pruned. 
[I 2026-03-18 17:42:26,787] Trial 8 pruned. 
[I 2026-03-18 17:42:47,648] Trial 4 pruned. 
[I 2026-03-18 17:43:01,697] Trial 9 pruned. 
[I 2026-03-18 17:43:04,734] Trial 3 pruned. 
[I 2026-03-18 17:43:24,099] Trial 5 finished with value: -2.617136231641939 and parameters: {'n_layers_yyx': 1, 'hidden_size_yyx_l0': 5, 'context_size_yyx': 4, 'num_mix_components_yyx': 3, 'context_extractor_yyx': 'lstm', 'activation_func_yyx': 'ReLU', 'L2_weight_yyx': 2.3358163555747244e-07, 'L_entropy_weight_yyx': 2.511671055421886e-09, 'L_sep_weight_yyx': 8.308719662942018e-08, 'L_scale_weight_yyx': 0.00034128891424021877, 'learning_rate_yyx': 0.0019050969173152043}. Best is trial 3 with value: -2.644878924551748.
[I 2026-03-18 17:43:25,986] Trial 1 finished with value: -1.6526962753898027 and parameters: {'n_layers_yyx': 2, 'hidden_size_yyx_l0': 5, 'hidden_size_yyx_l1': 3, 'context_size_yyx': 2, 'num_mix_components_yyx': 2, 'context_extractor_yyx': 'lstm', 'activation_func_yyx': 'ReLU', 'L2_weight_yyx': 7.604917050636613e-10, 'L_entropy_weight_yyx': 4.7275652063358e-07, 'L_sep_weight_yyx': 4.1766642204277994e-08, 'L_scale_weight_yyx': 1.025532199761123e-09, 'learning_rate_yyx': 0.0034469152592635603}. Best is trial 0 with value: -1.6545376635377973.
[I 2026-03-18 17:43:45,096] Trial 3 finished with value: -2.5993619584767833 and parameters: {'n_layers_yyx': 2, 'hidden_size_yyx_l0': 4, 'hidden_size_yyx_l1': 5, 'context_size_yyx': 2, 'num_mix_components_yyx': 2, 'context_extractor_yyx': 'lstm', 'activation_func_yyx': 'GELU', 'L2_weight_yyx': 2.3877157366960382e-06, 'L_entropy_weight_yyx': 4.968462888343975e-07, 'L_sep_weight_yyx': 2.333794391558075e-09, 'L_scale_weight_yyx': 1.3377251014231775e-07, 'learning_rate_yyx': 0.0022462499301640466}. Best is trial 1 with value: -2.6371932379943503.
[I 2026-03-18 17:43:45,404] Trial 4 pruned. 
[I 2026-03-18 17:43:50,767] Trial 3 finished with value: -2.5988988417931935 and parameters: {'n_layers_yyx': 2, 'hidden_size_yyx_l0': 3, 'hidden_size_yyx_l1': 6, 'context_size_yyx': 3, 'num_mix_components_yyx': 1, 'context_extractor_yyx': 'lstm', 'activation_func_yyx': 'GELU', 'L2_weight_yyx': 9.884540537197944e-06, 'L_entropy_weight_yyx': 1.2775410337974046e-06, 'L_sep_weight_yyx': 2.787400098653833e-07, 'L_scale_weight_yyx': 2.6197641962316945e-06, 'learning_rate_yyx': 0.0018594133077229685}. Best is trial 1 with value: -2.6376398477844947.
[I 2026-03-18 17:43:58,785] Trial 1 finished with value: -1.680687313245052 and parameters: {'n_layers_yyx': 1, 'hidden_size_yyx_l0': 5, 'context_size_yyx': 3, 'num_mix_components_yyx': 3, 'context_extractor_yyx': 'gru', 'activation_func_yyx': 'GELU', 'L2_weight_yyx': 4.6503427717578684e-07, 'L_entropy_weight_yyx': 7.405289936452812e-05, 'L_sep_weight_yyx': 2.1941741980154405e-06, 'L_scale_weight_yyx': 2.6680320287328128e-08, 'learning_rate_yyx': 0.00168385192634287}. Best is trial 1 with value: -1.680687313245052.
[I 2026-03-18 17:44:06,205] Trial 6 pruned. 
[I 2026-03-18 17:44:08,104] Trial 10 pruned. 
[I 2026-03-18 17:44:08,479] Trial 1 finished with value: -1.6559154479078544 and parameters: {'n_layers_yyx': 1, 'hidden_size_yyx_l0': 4, 'context_size_yyx': 4, 'num_mix_components_yyx': 2, 'context_extractor_yyx': 'lstm', 'activation_func_yyx': 'GELU', 'L2_weight_yyx': 4.8669833287247016e-05, 'L_entropy_weight_yyx': 5.6814433583948e-10, 'L_sep_weight_yyx': 2.404752981971399e-06, 'L_scale_weight_yyx': 0.0004445051394262327, 'learning_rate_yyx': 0.0012559684848099718}. Best is trial 1 with value: -1.6559154479078544.
[I 2026-03-18 17:44:26,311] Trial 5 pruned. 
[I 2026-03-18 17:44:39,900] Trial 11 pruned. 
[I 2026-03-18 17:44:46,243] Trial 7 pruned. 
[I 2026-03-18 17:45:04,633] Trial 3 pruned. 
[I 2026-03-18 17:45:26,479] Trial 10 finished with value: -2.603713272691466 and parameters: {'n_layers_yyx': 2, 'hidden_size_yyx_l0': 2, 'hidden_size_yyx_l1': 6, 'context_size_yyx': 4, 'num_mix_components_yyx': 5, 'context_extractor_yyx': 'gru', 'activation_func_yyx': 'Tanh', 'L2_weight_yyx': 3.8642486417315594e-09, 'L_entropy_weight_yyx': 1.1130901444625266e-10, 'L_sep_weight_yyx': 0.0002704398322047582, 'L_scale_weight_yyx': 2.8892220857956293e-08, 'learning_rate_yyx': 0.009694875302340155}. Best is trial 0 with value: -2.6330643191486622.
[I 2026-03-18 17:45:44,046] Trial 12 pruned. 
[I 2026-03-18 17:45:44,825] Trial 1 finished with value: -1.6549765462420352 and parameters: {'n_layers_yyx': 1, 'hidden_size_yyx_l0': 2, 'context_size_yyx': 3, 'num_mix_components_yyx': 1, 'context_extractor_yyx': 'lstm', 'activation_func_yyx': 'Tanh', 'L2_weight_yyx': 7.522843883600801e-06, 'L_entropy_weight_yyx': 5.836205010113073e-10, 'L_sep_weight_yyx': 0.0005627202907382149, 'L_scale_weight_yyx': 4.114745061098505e-06, 'learning_rate_yyx': 0.0016332893563951142}. Best is trial 1 with value: -1.6549765462420352.
[I 2026-03-18 17:45:50,638] Trial 2 finished with value: -1.6777834079951708 and parameters: {'n_layers_yyx': 1, 'hidden_size_yyx_l0': 5, 'context_size_yyx': 4, 'num_mix_components_yyx': 3, 'context_extractor_yyx': 'lstm', 'activation_func_yyx': 'ReLU', 'L2_weight_yyx': 9.044217943037375e-09, 'L_entropy_weight_yyx': 7.164750957816428e-09, 'L_sep_weight_yyx': 1.081785278351349e-07, 'L_scale_weight_yyx': 4.568078118606742e-05, 'learning_rate_yyx': 0.0029567751540125393}. Best is trial 2 with value: -1.6777834079951708.
[I 2026-03-18 17:46:01,358] Trial 1 finished with value: -1.671168294287967 and parameters: {'n_layers_yyx': 1, 'hidden_size_yyx_l0': 3, 'context_size_yyx': 4, 'num_mix_components_yyx': 3, 'context_extractor_yyx': 'gru', 'activation_func_yyx': 'Tanh', 'L2_weight_yyx': 1.9387687729831806e-09, 'L_entropy_weight_yyx': 1.0677046084564722e-08, 'L_sep_weight_yyx': 1.5705454164470102e-06, 'L_scale_weight_yyx': 2.591471517555325e-08, 'learning_rate_yyx': 0.0036534611830838113}. Best is trial 1 with value: -1.671168294287967.
[I 2026-03-18 17:46:04,607] Trial 2 finished with value: -1.266387742019625 and parameters: {'n_layers_yyx': 1, 'hidden_size_yyx_l0': 2, 'context_size_yyx': 3, 'num_mix_components_yyx': 2, 'context_extractor_yyx': 'gru', 'activation_func_yyx': 'Tanh', 'L2_weight_yyx': 7.290329186654401e-09, 'L_entropy_weight_yyx': 5.90106487695967e-09, 'L_sep_weight_yyx': 0.0003530760496455976, 'L_scale_weight_yyx': 2.8966853681847865e-10, 'learning_rate_yyx': 0.00346206423036392}. Best is trial 2 with value: -1.266387742019625.
[I 2026-03-18 17:46:10,607] Trial 4 finished with value: -2.636739481451597 and parameters: {'n_layers_yyx': 2, 'hidden_size_yyx_l0': 6, 'hidden_size_yyx_l1': 6, 'context_size_yyx': 2, 'num_mix_components_yyx': 5, 'context_extractor_yyx': 'gru', 'activation_func_yyx': 'GELU', 'L2_weight_yyx': 2.2729456937681693e-08, 'L_entropy_weight_yyx': 3.7074182826943475e-06, 'L_sep_weight_yyx': 1.2346298789419667e-07, 'L_scale_weight_yyx': 9.882482338919416e-09, 'learning_rate_yyx': 0.005879062937888543}. Best is trial 4 with value: -2.636739481451597.
[I 2026-03-18 17:46:18,746] Trial 13 pruned. 
[I 2026-03-18 17:46:22,166] Trial 2 pruned. 
[I 2026-03-18 17:46:51,538] Trial 2 finished with value: -1.658351114326308 and parameters: {'n_layers_yyx': 2, 'hidden_size_yyx_l0': 2, 'hidden_size_yyx_l1': 5, 'context_size_yyx': 3, 'num_mix_components_yyx': 1, 'context_extractor_yyx': 'lstm', 'activation_func_yyx': 'ReLU', 'L2_weight_yyx': 2.025439417725037e-07, 'L_entropy_weight_yyx': 2.8498233632271157e-05, 'L_sep_weight_yyx': 6.670109213714947e-05, 'L_scale_weight_yyx': 1.3144571091357163e-07, 'learning_rate_yyx': 0.008234920581943896}. Best is trial 0 with value: -1.6702967433543936.
[I 2026-03-18 17:46:52,388] Trial 5 pruned. 
[I 2026-03-18 17:46:53,798] Trial 14 pruned. 
[I 2026-03-18 17:46:57,008] Trial 3 pruned. 
[I 2026-03-18 17:47:03,252] Trial 1 finished with value: -1.6496353397240882 and parameters: {'n_layers_yyx': 2, 'hidden_size_yyx_l0': 6, 'hidden_size_yyx_l1': 6, 'context_size_yyx': 3, 'num_mix_components_yyx': 1, 'context_extractor_yyx': 'lstm', 'activation_func_yyx': 'Tanh', 'L2_weight_yyx': 0.0001427587684458084, 'L_entropy_weight_yyx': 1.6113628205164332e-07, 'L_sep_weight_yyx': 0.00028572285675339894, 'L_scale_weight_yyx': 1.2929702637629547e-06, 'learning_rate_yyx': 0.0006300907616895927}. Best is trial 0 with value: -1.6521224388144589.
[I 2026-03-18 17:47:06,501] Trial 2 pruned. 
[I 2026-03-18 17:47:13,103] Trial 4 finished with value: -1.5735317758921825 and parameters: {'n_layers_yyx': 1, 'hidden_size_yyx_l0': 6, 'context_size_yyx': 2, 'num_mix_components_yyx': 1, 'context_extractor_yyx': 'gru', 'activation_func_yyx': 'ReLU', 'L2_weight_yyx': 2.918548240371024e-07, 'L_entropy_weight_yyx': 1.2551088502620734e-09, 'L_sep_weight_yyx': 1.1878369328624129e-09, 'L_scale_weight_yyx': 5.019632642368573e-06, 'learning_rate_yyx': 0.0037092749924307234}. Best is trial 0 with value: -1.6683178048964529.
[I 2026-03-18 17:47:27,402] Trial 3 pruned. 
[I 2026-03-18 17:47:31,739] Trial 6 pruned. 
[I 2026-03-18 17:47:40,049] Trial 2 pruned. 
[I 2026-03-18 17:47:42,967] Trial 5 finished with value: -1.6632071138001956 and parameters: {'n_layers_yyx': 2, 'hidden_size_yyx_l0': 3, 'hidden_size_yyx_l1': 5, 'context_size_yyx': 2, 'num_mix_components_yyx': 5, 'context_extractor_yyx': 'gru', 'activation_func_yyx': 'Tanh', 'L2_weight_yyx': 7.571875186159591e-07, 'L_entropy_weight_yyx': 1.9739965916457206e-05, 'L_sep_weight_yyx': 1.0444544241672201e-07, 'L_scale_weight_yyx': 1.0970959159835289e-08, 'learning_rate_yyx': 0.007055609882921094}. Best is trial 0 with value: -1.6656935052073152.
[I 2026-03-18 17:47:43,368] Trial 4 pruned. 
[I 2026-03-18 17:47:44,457] Trial 2 finished with value: -1.2544020196206027 and parameters: {'n_layers_yyx': 2, 'hidden_size_yyx_l0': 5, 'hidden_size_yyx_l1': 4, 'context_size_yyx': 3, 'num_mix_components_yyx': 5, 'context_extractor_yyx': 'gru', 'activation_func_yyx': 'GELU', 'L2_weight_yyx': 1.2063656430540226e-05, 'L_entropy_weight_yyx': 1.285899694254028e-08, 'L_sep_weight_yyx': 0.00013922826889027545, 'L_scale_weight_yyx': 1.3482787522029635e-10, 'learning_rate_yyx': 0.0006176434375212634}. Best is trial 0 with value: -1.2615266048974338.
[I 2026-03-18 17:47:46,847] Trial 5 pruned. 
[I 2026-03-18 17:47:53,750] Trial 15 pruned. 
[I 2026-03-18 17:48:02,752] Trial 4 pruned. 
[I 2026-03-18 17:48:05,358] Trial 2 pruned. 
[I 2026-03-18 17:48:05,571] Trial 4 finished with value: -2.6053823888937933 and parameters: {'n_layers_yyx': 2, 'hidden_size_yyx_l0': 5, 'hidden_size_yyx_l1': 5, 'context_size_yyx': 4, 'num_mix_components_yyx': 3, 'context_extractor_yyx': 'gru', 'activation_func_yyx': 'ReLU', 'L2_weight_yyx': 0.0008070038509142991, 'L_entropy_weight_yyx': 1.9168767237749383e-05, 'L_sep_weight_yyx': 4.8995469334200296e-05, 'L_scale_weight_yyx': 2.174083522340726e-08, 'learning_rate_yyx': 0.003406513949272366}. Best is trial 1 with value: -2.6371932379943503.
[I 2026-03-18 17:48:16,444] Trial 3 pruned. 
[I 2026-03-18 17:48:18,499] Trial 6 pruned. 
[I 2026-03-18 17:48:22,095] Trial 3 finished with value: -2.595833775826192 and parameters: {'n_layers_yyx': 2, 'hidden_size_yyx_l0': 6, 'hidden_size_yyx_l1': 2, 'context_size_yyx': 1, 'num_mix_components_yyx': 4, 'context_extractor_yyx': 'gru', 'activation_func_yyx': 'Tanh', 'L2_weight_yyx': 6.416324867079028e-07, 'L_entropy_weight_yyx': 3.411957076593947e-05, 'L_sep_weight_yyx': 5.988401136905612e-09, 'L_scale_weight_yyx': 6.772474083002828e-10, 'learning_rate_yyx': 0.002792164105300263}. Best is trial 0 with value: -2.631078101143863.
[I 2026-03-18 17:48:24,088] Trial 4 finished with value: -2.601442577327305 and parameters: {'n_layers_yyx': 1, 'hidden_size_yyx_l0': 4, 'context_size_yyx': 2, 'num_mix_components_yyx': 1, 'context_extractor_yyx': 'gru', 'activation_func_yyx': 'ReLU', 'L2_weight_yyx': 3.236751082332402e-09, 'L_entropy_weight_yyx': 3.4065300214960005e-08, 'L_sep_weight_yyx': 2.526591411720102e-09, 'L_scale_weight_yyx': 3.643140815339488e-08, 'learning_rate_yyx': 0.004776029219129623}. Best is trial 1 with value: -2.6376398477844947.
[I 2026-03-18 17:48:33,853] Trial 3 pruned. 
[I 2026-03-18 17:48:36,630] Trial 5 pruned. 
[I 2026-03-18 17:48:41,679] Trial 3 finished with value: -1.2710647653519778 and parameters: {'n_layers_yyx': 1, 'hidden_size_yyx_l0': 2, 'context_size_yyx': 4, 'num_mix_components_yyx': 3, 'context_extractor_yyx': 'gru', 'activation_func_yyx': 'Tanh', 'L2_weight_yyx': 1.5554235412695763e-10, 'L_entropy_weight_yyx': 1.915551035211306e-06, 'L_sep_weight_yyx': 1.3142663992633468e-05, 'L_scale_weight_yyx': 8.194954166892384e-09, 'learning_rate_yyx': 0.0033406829275801305}. Best is trial 3 with value: -1.2710647653519778.
[I 2026-03-18 17:48:46,633] Trial 5 pruned. 
[I 2026-03-18 17:48:50,525] Trial 6 finished with value: -2.6325565967930986 and parameters: {'n_layers_yyx': 2, 'hidden_size_yyx_l0': 4, 'hidden_size_yyx_l1': 5, 'context_size_yyx': 4, 'num_mix_components_yyx': 2, 'context_extractor_yyx': 'lstm', 'activation_func_yyx': 'GELU', 'L2_weight_yyx': 6.928247233760904e-10, 'L_entropy_weight_yyx': 1.7676082866980425e-09, 'L_sep_weight_yyx': 7.370560882682898e-08, 'L_scale_weight_yyx': 4.2436612346023636e-06, 'learning_rate_yyx': 0.008123923874410535}. Best is trial 6 with value: -2.6325565967930986.
[I 2026-03-18 17:48:56,500] Trial 7 pruned. 
[I 2026-03-18 17:48:59,315] Trial 16 pruned. 
[I 2026-03-18 17:49:06,503] Trial 2 pruned. 
[I 2026-03-18 17:49:17,504] Trial 4 pruned. 
[I 2026-03-18 17:49:29,103] Trial 7 pruned. 
[I 2026-03-18 17:49:32,640] Trial 2 finished with value: -1.6675552426908198 and parameters: {'n_layers_yyx': 2, 'hidden_size_yyx_l0': 3, 'hidden_size_yyx_l1': 5, 'context_size_yyx': 1, 'num_mix_components_yyx': 4, 'context_extractor_yyx': 'gru', 'activation_func_yyx': 'ReLU', 'L2_weight_yyx': 3.312184926289089e-07, 'L_entropy_weight_yyx': 1.8618217570260926e-08, 'L_sep_weight_yyx': 3.108888324262184e-08, 'L_scale_weight_yyx': 1.0733643674215059e-08, 'learning_rate_yyx': 0.0074408177609073005}. Best is trial 0 with value: -1.6746319320135328.
[I 2026-03-18 17:49:36,887] Trial 17 pruned. 
[I 2026-03-18 17:49:38,358] Trial 8 pruned. 
[I 2026-03-18 17:49:39,092] Trial 4 pruned. 
[I 2026-03-18 17:49:50,222] Trial 5 pruned. 
[I 2026-03-18 17:49:53,459] Trial 3 finished with value: -2.626351510537249 and parameters: {'n_layers_yyx': 1, 'hidden_size_yyx_l0': 5, 'context_size_yyx': 1, 'num_mix_components_yyx': 2, 'context_extractor_yyx': 'gru', 'activation_func_yyx': 'GELU', 'L2_weight_yyx': 7.006332457128266e-06, 'L_entropy_weight_yyx': 4.8924362403840086e-05, 'L_sep_weight_yyx': 1.2646147316829715e-10, 'L_scale_weight_yyx': 5.307443855227782e-07, 'learning_rate_yyx': 0.0008536655791500673}. Best is trial 0 with value: -2.633521153514828.
[I 2026-03-18 17:50:06,429] Trial 3 pruned. 
[I 2026-03-18 17:50:07,292] Trial 18 pruned. 
[I 2026-03-18 17:50:19,202] Trial 6 pruned. 
[I 2026-03-18 17:50:20,131] Trial 3 finished with value: -2.6380424367763933 and parameters: {'n_layers_yyx': 2, 'hidden_size_yyx_l0': 5, 'hidden_size_yyx_l1': 4, 'context_size_yyx': 1, 'num_mix_components_yyx': 5, 'context_extractor_yyx': 'gru', 'activation_func_yyx': 'Tanh', 'L2_weight_yyx': 7.282596839997382e-07, 'L_entropy_weight_yyx': 3.3696068360523925e-06, 'L_sep_weight_yyx': 1.4160431911430727e-05, 'L_scale_weight_yyx': 8.513289113192313e-09, 'learning_rate_yyx': 0.00784561033949965}. Best is trial 3 with value: -2.6380424367763933.
[I 2026-03-18 17:50:35,580] Trial 19 pruned. 
[I 2026-03-18 17:50:46,819] Trial 9 pruned. 
[I 2026-03-18 17:51:00,262] Trial 11 finished with value: -2.603671841256675 and parameters: {'n_layers_yyx': 2, 'hidden_size_yyx_l0': 2, 'hidden_size_yyx_l1': 6, 'context_size_yyx': 4, 'num_mix_components_yyx': 5, 'context_extractor_yyx': 'gru', 'activation_func_yyx': 'Tanh', 'L2_weight_yyx': 2.6642393507816506e-09, 'L_entropy_weight_yyx': 1.5057391388472602e-10, 'L_sep_weight_yyx': 0.0006101492932765724, 'L_scale_weight_yyx': 2.509595077055875e-08, 'learning_rate_yyx': 0.00982069543350042}. Best is trial 0 with value: -2.6330643191486622.
[I 2026-03-18 17:51:04,741] Trial 2 finished with value: -1.6720916355195472 and parameters: {'n_layers_yyx': 1, 'hidden_size_yyx_l0': 4, 'context_size_yyx': 3, 'num_mix_components_yyx': 2, 'context_extractor_yyx': 'gru', 'activation_func_yyx': 'Tanh', 'L2_weight_yyx': 8.063220891900636e-09, 'L_entropy_weight_yyx': 6.866057073420469e-06, 'L_sep_weight_yyx': 1.643814778554662e-05, 'L_scale_weight_yyx': 0.0006813512744687492, 'learning_rate_yyx': 0.006291144965080507}. Best is trial 2 with value: -1.6720916355195472.
[I 2026-03-18 17:51:05,252] Trial 4 pruned. 
[I 2026-03-18 17:51:34,025] Trial 3 pruned. 
[I 2026-03-18 17:51:34,026] Trial 20 pruned. 
[I 2026-03-18 17:51:38,694] Trial 8 finished with value: -2.64772205025879 and parameters: {'n_layers_yyx': 2, 'hidden_size_yyx_l0': 5, 'hidden_size_yyx_l1': 6, 'context_size_yyx': 2, 'num_mix_components_yyx': 5, 'context_extractor_yyx': 'gru', 'activation_func_yyx': 'Tanh', 'L2_weight_yyx': 2.0730300451612776e-08, 'L_entropy_weight_yyx': 1.7596955182561457e-07, 'L_sep_weight_yyx': 0.0008513487143781952, 'L_scale_weight_yyx': 1.6650900383541442e-10, 'learning_rate_yyx': 0.008622807547319616}. Best is trial 8 with value: -2.64772205025879.
[I 2026-03-18 17:51:56,807] Trial 3 finished with value: -1.6702219180124556 and parameters: {'n_layers_yyx': 1, 'hidden_size_yyx_l0': 3, 'context_size_yyx': 3, 'num_mix_components_yyx': 5, 'context_extractor_yyx': 'lstm', 'activation_func_yyx': 'GELU', 'L2_weight_yyx': 3.5453647431875717e-06, 'L_entropy_weight_yyx': 1.636256305770938e-08, 'L_sep_weight_yyx': 9.470269408815239e-09, 'L_scale_weight_yyx': 2.0723101669851437e-06, 'learning_rate_yyx': 0.003428807521249871}. Best is trial 2 with value: -1.6745893480229308.
[I 2026-03-18 17:51:56,807] Trial 5 finished with value: -1.6602788517633462 and parameters: {'n_layers_yyx': 1, 'hidden_size_yyx_l0': 6, 'context_size_yyx': 1, 'num_mix_components_yyx': 5, 'context_extractor_yyx': 'gru', 'activation_func_yyx': 'GELU', 'L2_weight_yyx': 0.0003259977260100893, 'L_entropy_weight_yyx': 1.8318951109687588e-06, 'L_sep_weight_yyx': 1.8568478439527102e-10, 'L_scale_weight_yyx': 1.7500959527644702e-06, 'learning_rate_yyx': 0.0058424655041495206}. Best is trial 0 with value: -1.6641703377100456.
[I 2026-03-18 17:51:59,680] Trial 21 pruned. 
[I 2026-03-18 17:52:01,183] Trial 4 finished with value: -2.601084242175187 and parameters: {'n_layers_yyx': 1, 'hidden_size_yyx_l0': 4, 'context_size_yyx': 3, 'num_mix_components_yyx': 4, 'context_extractor_yyx': 'gru', 'activation_func_yyx': 'Tanh', 'L2_weight_yyx': 0.000761990454321749, 'L_entropy_weight_yyx': 7.847024960433348e-07, 'L_sep_weight_yyx': 1.3135294599738836e-06, 'L_scale_weight_yyx': 0.00022220080410791137, 'learning_rate_yyx': 0.007301443164052348}. Best is trial 0 with value: -2.631078101143863.
[I 2026-03-18 17:52:01,855] Trial 4 pruned. 
[I 2026-03-18 17:52:25,891] Trial 4 pruned. 
[I 2026-03-18 17:52:32,260] Trial 6 finished with value: -1.2866238557375393 and parameters: {'n_layers_yyx': 1, 'hidden_size_yyx_l0': 4, 'context_size_yyx': 4, 'num_mix_components_yyx': 3, 'context_extractor_yyx': 'lstm', 'activation_func_yyx': 'Tanh', 'L2_weight_yyx': 2.810200606046596e-05, 'L_entropy_weight_yyx': 7.513774324413609e-08, 'L_sep_weight_yyx': 5.984448661226283e-08, 'L_scale_weight_yyx': 1.538290239080462e-07, 'learning_rate_yyx': 0.0005609252542925595}. Best is trial 1 with value: -1.2947146562429575.
[I 2026-03-18 17:52:39,909] Trial 2 finished with value: -1.6820484414711034 and parameters: {'n_layers_yyx': 2, 'hidden_size_yyx_l0': 3, 'hidden_size_yyx_l1': 5, 'context_size_yyx': 4, 'num_mix_components_yyx': 2, 'context_extractor_yyx': 'gru', 'activation_func_yyx': 'Tanh', 'L2_weight_yyx': 9.461408825519888e-06, 'L_entropy_weight_yyx': 0.00010379482745306767, 'L_sep_weight_yyx': 2.744430766856953e-07, 'L_scale_weight_yyx': 3.2887683178895696e-06, 'learning_rate_yyx': 0.003195465711578728}. Best is trial 2 with value: -1.6820484414711034.
[I 2026-03-18 17:52:43,735] Trial 9 pruned. 
[I 2026-03-18 17:52:48,995] Trial 2 finished with value: -1.666246732076009 and parameters: {'n_layers_yyx': 2, 'hidden_size_yyx_l0': 3, 'hidden_size_yyx_l1': 6, 'context_size_yyx': 1, 'num_mix_components_yyx': 5, 'context_extractor_yyx': 'lstm', 'activation_func_yyx': 'Tanh', 'L2_weight_yyx': 5.05645244288361e-10, 'L_entropy_weight_yyx': 1.7108361914300953e-06, 'L_sep_weight_yyx': 1.8395810307176756e-10, 'L_scale_weight_yyx': 2.5052123672649075e-10, 'learning_rate_yyx': 0.001515676817263133}. Best is trial 2 with value: -1.666246732076009.
[I 2026-03-18 17:52:54,135] Trial 5 pruned. 
[I 2026-03-18 17:52:54,817] Trial 22 pruned. 
[I 2026-03-18 17:53:03,322] Trial 5 pruned. 
[I 2026-03-18 17:53:09,015] Trial 4 pruned. 
[I 2026-03-18 17:53:09,804] Trial 5 pruned. 
[I 2026-03-18 17:53:10,445] Trial 3 finished with value: -1.6716727072281603 and parameters: {'n_layers_yyx': 1, 'hidden_size_yyx_l0': 5, 'context_size_yyx': 4, 'num_mix_components_yyx': 4, 'context_extractor_yyx': 'lstm', 'activation_func_yyx': 'GELU', 'L2_weight_yyx': 9.545545474201782e-05, 'L_entropy_weight_yyx': 4.5720103045123615e-09, 'L_sep_weight_yyx': 3.489660677639519e-06, 'L_scale_weight_yyx': 3.4810687362063326e-09, 'learning_rate_yyx': 0.006805104906461157}. Best is trial 3 with value: -1.6716727072281603.
[I 2026-03-18 17:53:18,206] Trial 2 finished with value: -1.6799626520210098 and parameters: {'n_layers_yyx': 1, 'hidden_size_yyx_l0': 3, 'context_size_yyx': 3, 'num_mix_components_yyx': 2, 'context_extractor_yyx': 'gru', 'activation_func_yyx': 'Tanh', 'L2_weight_yyx': 9.557519393229841e-05, 'L_entropy_weight_yyx': 1.371130046091175e-09, 'L_sep_weight_yyx': 0.00028460819198206967, 'L_scale_weight_yyx': 6.024006743536287e-09, 'learning_rate_yyx': 0.007808144105727918}. Best is trial 2 with value: -1.6799626520210098.
[I 2026-03-18 17:53:21,571] Trial 23 pruned. 
[I 2026-03-18 17:53:21,571] Trial 7 pruned. 
[I 2026-03-18 17:53:31,096] Trial 10 finished with value: -2.6003764674495518 and parameters: {'n_layers_yyx': 2, 'hidden_size_yyx_l0': 5, 'hidden_size_yyx_l1': 6, 'context_size_yyx': 3, 'num_mix_components_yyx': 1, 'context_extractor_yyx': 'gru', 'activation_func_yyx': 'GELU', 'L2_weight_yyx': 1.709988556957326e-07, 'L_entropy_weight_yyx': 1.7102973801671763e-06, 'L_sep_weight_yyx': 0.0007523829452593207, 'L_scale_weight_yyx': 0.00041767631973034606, 'learning_rate_yyx': 0.00933698210176159}. Best is trial 4 with value: -2.636739481451597.
[I 2026-03-18 17:53:40,571] Trial 4 pruned. 
[I 2026-03-18 17:53:41,630] Trial 6 pruned. 
[I 2026-03-18 17:53:42,424] Trial 12 finished with value: -2.600413300130924 and parameters: {'n_layers_yyx': 2, 'hidden_size_yyx_l0': 2, 'hidden_size_yyx_l1': 6, 'context_size_yyx': 4, 'num_mix_components_yyx': 5, 'context_extractor_yyx': 'gru', 'activation_func_yyx': 'Tanh', 'L2_weight_yyx': 1.957882499972863e-09, 'L_entropy_weight_yyx': 5.274241845701442e-09, 'L_sep_weight_yyx': 0.00018071644206055096, 'L_scale_weight_yyx': 7.198575693170594e-08, 'learning_rate_yyx': 0.005037662087610846}. Best is trial 0 with value: -2.6330643191486622.
[I 2026-03-18 17:53:43,743] Trial 5 pruned. 
[I 2026-03-18 17:53:47,979] Trial 3 pruned. 
[I 2026-03-18 17:53:49,293] Trial 24 pruned. 
[I 2026-03-18 17:53:50,060] Trial 6 pruned. 
[I 2026-03-18 17:54:04,662] Trial 3 finished with value: -1.2376297335527742 and parameters: {'n_layers_yyx': 1, 'hidden_size_yyx_l0': 4, 'context_size_yyx': 2, 'num_mix_components_yyx': 3, 'context_extractor_yyx': 'gru', 'activation_func_yyx': 'GELU', 'L2_weight_yyx': 4.863817262303322e-07, 'L_entropy_weight_yyx': 5.870995329550559e-07, 'L_sep_weight_yyx': 8.110198226461463e-10, 'L_scale_weight_yyx': 4.540495349689124e-05, 'learning_rate_yyx': 0.0008978715060929351}. Best is trial 2 with value: -1.2599548227024606.
[I 2026-03-18 17:54:13,980] Trial 25 pruned. 
[I 2026-03-18 17:54:14,700] Trial 7 pruned. 
[I 2026-03-18 17:54:16,167] Trial 6 pruned. 
[I 2026-03-18 17:54:18,890] Trial 3 finished with value: -1.6556967348864264 and parameters: {'n_layers_yyx': 1, 'hidden_size_yyx_l0': 6, 'context_size_yyx': 3, 'num_mix_components_yyx': 3, 'context_extractor_yyx': 'lstm', 'activation_func_yyx': 'ReLU', 'L2_weight_yyx': 4.98326462680871e-10, 'L_entropy_weight_yyx': 5.388863380120994e-07, 'L_sep_weight_yyx': 5.325131455553495e-06, 'L_scale_weight_yyx': 2.772769978718448e-07, 'learning_rate_yyx': 0.0034513708517042697}. Best is trial 3 with value: -1.6556967348864264.
[I 2026-03-18 17:54:34,717] Trial 3 finished with value: -1.2329006653396126 and parameters: {'n_layers_yyx': 2, 'hidden_size_yyx_l0': 2, 'hidden_size_yyx_l1': 2, 'context_size_yyx': 1, 'num_mix_components_yyx': 4, 'context_extractor_yyx': 'gru', 'activation_func_yyx': 'ReLU', 'L2_weight_yyx': 1.3697275886823442e-08, 'L_entropy_weight_yyx': 1.1036996191682401e-05, 'L_sep_weight_yyx': 2.2205179818059795e-09, 'L_scale_weight_yyx': 4.884663354953992e-05, 'learning_rate_yyx': 0.0019581405352620323}. Best is trial 2 with value: -1.266387742019625.
[I 2026-03-18 17:54:35,729] Trial 5 pruned. 
[I 2026-03-18 17:54:47,013] Trial 7 pruned. 
[I 2026-03-18 17:54:48,272] Trial 6 finished with value: -2.633962282802201 and parameters: {'n_layers_yyx': 2, 'hidden_size_yyx_l0': 3, 'hidden_size_yyx_l1': 3, 'context_size_yyx': 2, 'num_mix_components_yyx': 4, 'context_extractor_yyx': 'lstm', 'activation_func_yyx': 'ReLU', 'L2_weight_yyx': 7.763479176793183e-06, 'L_entropy_weight_yyx': 2.966253929296688e-10, 'L_sep_weight_yyx': 3.8458290175168603e-10, 'L_scale_weight_yyx': 1.2482569684815566e-06, 'learning_rate_yyx': 0.003459439231975056}. Best is trial 1 with value: -2.6371932379943503.
[I 2026-03-18 17:54:56,643] Trial 6 finished with value: -1.6613175811620717 and parameters: {'n_layers_yyx': 1, 'hidden_size_yyx_l0': 3, 'context_size_yyx': 3, 'num_mix_components_yyx': 3, 'context_extractor_yyx': 'lstm', 'activation_func_yyx': 'ReLU', 'L2_weight_yyx': 6.891847068857691e-10, 'L_entropy_weight_yyx': 7.292285750560384e-05, 'L_sep_weight_yyx': 1.7777254144323567e-10, 'L_scale_weight_yyx': 2.2221195839539944e-05, 'learning_rate_yyx': 0.008030024860785658}. Best is trial 0 with value: -1.6683178048964529.
[I 2026-03-18 17:54:57,883] Trial 7 finished with value: -1.2388420316516362 and parameters: {'n_layers_yyx': 2, 'hidden_size_yyx_l0': 5, 'hidden_size_yyx_l1': 5, 'context_size_yyx': 1, 'num_mix_components_yyx': 2, 'context_extractor_yyx': 'lstm', 'activation_func_yyx': 'ReLU', 'L2_weight_yyx': 2.2442443159910855e-07, 'L_entropy_weight_yyx': 6.4528226560459165e-09, 'L_sep_weight_yyx': 2.6051290569502727e-10, 'L_scale_weight_yyx': 1.4203841095631025e-07, 'learning_rate_yyx': 0.003433658424252232}. Best is trial 3 with value: -1.2710647653519778.
[I 2026-03-18 17:55:00,259] Trial 4 pruned. 
[I 2026-03-18 17:55:03,463] Trial 4 finished with value: -1.2631978019107952 and parameters: {'n_layers_yyx': 2, 'hidden_size_yyx_l0': 6, 'hidden_size_yyx_l1': 5, 'context_size_yyx': 3, 'num_mix_components_yyx': 3, 'context_extractor_yyx': 'lstm', 'activation_func_yyx': 'ReLU', 'L2_weight_yyx': 0.0006765094954785092, 'L_entropy_weight_yyx': 0.0003739059882008214, 'L_sep_weight_yyx': 0.0005830104345003299, 'L_scale_weight_yyx': 6.189154941967312e-10, 'learning_rate_yyx': 0.0013477906105819693}. Best is trial 4 with value: -1.2631978019107952.
[I 2026-03-18 17:55:11,221] Trial 5 finished with value: -2.594154638349729 and parameters: {'n_layers_yyx': 1, 'hidden_size_yyx_l0': 4, 'context_size_yyx': 4, 'num_mix_components_yyx': 4, 'context_extractor_yyx': 'lstm', 'activation_func_yyx': 'GELU', 'L2_weight_yyx': 2.2448375706069563e-05, 'L_entropy_weight_yyx': 1.1059133319638522e-10, 'L_sep_weight_yyx': 4.77283819045163e-10, 'L_scale_weight_yyx': 3.007348965062984e-09, 'learning_rate_yyx': 0.0008249968682872705}. Best is trial 1 with value: -2.6376398477844947.
[I 2026-03-18 17:55:15,717] Trial 8 pruned. 
[I 2026-03-18 17:55:20,426] Trial 8 pruned. 
[I 2026-03-18 17:55:21,985] Trial 5 finished with value: -1.708559724831883 and parameters: {'n_layers_yyx': 1, 'hidden_size_yyx_l0': 4, 'context_size_yyx': 2, 'num_mix_components_yyx': 5, 'context_extractor_yyx': 'lstm', 'activation_func_yyx': 'ReLU', 'L2_weight_yyx': 8.277737175509907e-05, 'L_entropy_weight_yyx': 0.00028390287753480203, 'L_sep_weight_yyx': 5.24200935183417e-07, 'L_scale_weight_yyx': 1.6520602137906201e-07, 'learning_rate_yyx': 0.0024769230044537757}. Best is trial 2 with value: -1.719859356457674.
[I 2026-03-18 17:55:25,649] Trial 6 pruned. 
[I 2026-03-18 17:55:38,057] Trial 3 finished with value: -1.6562766854411943 and parameters: {'n_layers_yyx': 1, 'hidden_size_yyx_l0': 6, 'context_size_yyx': 3, 'num_mix_components_yyx': 4, 'context_extractor_yyx': 'gru', 'activation_func_yyx': 'ReLU', 'L2_weight_yyx': 0.00011621313514828774, 'L_entropy_weight_yyx': 5.418797311478441e-05, 'L_sep_weight_yyx': 0.00032320233775454116, 'L_scale_weight_yyx': 2.0945533209353333e-10, 'learning_rate_yyx': 0.002965707580683029}. Best is trial 0 with value: -1.66519233145544.
[I 2026-03-18 17:55:40,962] Trial 9 pruned. 
[I 2026-03-18 17:55:40,963] Trial 5 pruned. 
[I 2026-03-18 17:55:42,766] Trial 9 pruned. 
[I 2026-03-18 17:55:44,465] Trial 6 pruned. 
[I 2026-03-18 17:55:47,907] Trial 7 pruned. 
[I 2026-03-18 17:55:49,311] Trial 7 pruned. 
[I 2026-03-18 17:55:52,831] Trial 4 pruned. 
[I 2026-03-18 17:56:05,437] Trial 11 finished with value: -2.6003384246610617 and parameters: {'n_layers_yyx': 1, 'hidden_size_yyx_l0': 2, 'context_size_yyx': 3, 'num_mix_components_yyx': 1, 'context_extractor_yyx': 'lstm', 'activation_func_yyx': 'GELU', 'L2_weight_yyx': 7.827808672672002e-08, 'L_entropy_weight_yyx': 3.0003928534997123e-07, 'L_sep_weight_yyx': 5.690248920194567e-08, 'L_scale_weight_yyx': 5.058572726057169e-07, 'learning_rate_yyx': 0.009009150142113027}. Best is trial 4 with value: -2.636739481451597.
[I 2026-03-18 17:56:10,888] Trial 8 pruned. 
[I 2026-03-18 17:56:18,004] Trial 7 finished with value: -1.6481304131986088 and parameters: {'n_layers_yyx': 1, 'hidden_size_yyx_l0': 5, 'context_size_yyx': 1, 'num_mix_components_yyx': 3, 'context_extractor_yyx': 'lstm', 'activation_func_yyx': 'ReLU', 'L2_weight_yyx': 2.4048772588385054e-06, 'L_entropy_weight_yyx': 2.988010542943904e-08, 'L_sep_weight_yyx': 3.26024619180162e-06, 'L_scale_weight_yyx': 1.3168556007669596e-10, 'learning_rate_yyx': 0.005264532472308898}. Best is trial 0 with value: -1.6656935052073152.
[I 2026-03-18 17:56:21,899] Trial 6 pruned. 
[I 2026-03-18 17:56:30,238] Trial 5 finished with value: -1.6595330178680272 and parameters: {'n_layers_yyx': 1, 'hidden_size_yyx_l0': 4, 'context_size_yyx': 3, 'num_mix_components_yyx': 2, 'context_extractor_yyx': 'lstm', 'activation_func_yyx': 'ReLU', 'L2_weight_yyx': 6.580935771463866e-10, 'L_entropy_weight_yyx': 8.690259185858562e-07, 'L_sep_weight_yyx': 1.567455821110751e-05, 'L_scale_weight_yyx': 2.554894948935056e-10, 'learning_rate_yyx': 0.006593688144582023}. Best is trial 2 with value: -1.6777834079951708.
[I 2026-03-18 17:56:33,916] Trial 9 pruned. 
[I 2026-03-18 17:56:36,129] Trial 10 pruned. 
[I 2026-03-18 17:56:40,526] Trial 8 pruned. 
[I 2026-03-18 17:56:42,343] Trial 7 pruned. 
[I 2026-03-18 17:56:42,906] Trial 5 finished with value: -1.6556714660585101 and parameters: {'n_layers_yyx': 2, 'hidden_size_yyx_l0': 2, 'hidden_size_yyx_l1': 4, 'context_size_yyx': 4, 'num_mix_components_yyx': 2, 'context_extractor_yyx': 'lstm', 'activation_func_yyx': 'GELU', 'L2_weight_yyx': 9.014109343339577e-08, 'L_entropy_weight_yyx': 1.2848469693617333e-08, 'L_sep_weight_yyx': 1.3357599886377172e-08, 'L_scale_weight_yyx': 1.9524295357935836e-08, 'learning_rate_yyx': 0.009576225787375279}. Best is trial 5 with value: -1.6556714660585101.
[I 2026-03-18 17:56:46,410] Trial 8 pruned. 
[I 2026-03-18 17:56:52,526] Trial 6 finished with value: -1.6633613079757616 and parameters: {'n_layers_yyx': 2, 'hidden_size_yyx_l0': 6, 'hidden_size_yyx_l1': 5, 'context_size_yyx': 1, 'num_mix_components_yyx': 3, 'context_extractor_yyx': 'gru', 'activation_func_yyx': 'ReLU', 'L2_weight_yyx': 4.9065369249249316e-08, 'L_entropy_weight_yyx': 1.7647163805622155e-06, 'L_sep_weight_yyx': 1.1047522229367946e-06, 'L_scale_weight_yyx': 0.00048609645398389685, 'learning_rate_yyx': 0.006404935645619461}. Best is trial 0 with value: -1.6641703377100456.
[I 2026-03-18 17:56:53,460] Trial 8 pruned. 
[I 2026-03-18 17:57:03,685] Trial 8 pruned. 
[I 2026-03-18 17:57:03,730] Trial 4 finished with value: -1.5798093650751783 and parameters: {'n_layers_yyx': 1, 'hidden_size_yyx_l0': 5, 'context_size_yyx': 1, 'num_mix_components_yyx': 4, 'context_extractor_yyx': 'lstm', 'activation_func_yyx': 'GELU', 'L2_weight_yyx': 0.0001302745814980615, 'L_entropy_weight_yyx': 1.232853970884768e-10, 'L_sep_weight_yyx': 0.00043463561603156734, 'L_scale_weight_yyx': 0.00029617214822644873, 'learning_rate_yyx': 0.0028386728423728147}. Best is trial 0 with value: -1.6746319320135328.
[I 2026-03-18 17:57:05,571] Trial 6 pruned. 
[I 2026-03-18 17:57:05,814] Trial 4 finished with value: -2.6320736881627935 and parameters: {'n_layers_yyx': 1, 'hidden_size_yyx_l0': 5, 'context_size_yyx': 2, 'num_mix_components_yyx': 2, 'context_extractor_yyx': 'gru', 'activation_func_yyx': 'Tanh', 'L2_weight_yyx': 8.805431978813595e-10, 'L_entropy_weight_yyx': 3.30630567015652e-05, 'L_sep_weight_yyx': 1.3080437314662414e-07, 'L_scale_weight_yyx': 2.2023592162324513e-09, 'learning_rate_yyx': 0.005239792542705377}. Best is trial 0 with value: -2.633521153514828.
[I 2026-03-18 17:57:09,293] Trial 7 pruned. 
[I 2026-03-18 17:57:12,543] Trial 9 pruned. 
[I 2026-03-18 17:57:13,079] Trial 7 pruned. 
[I 2026-03-18 17:57:16,226] Trial 10 pruned. 
[I 2026-03-18 17:57:19,281] Trial 9 pruned. 
[I 2026-03-18 17:57:23,639] Trial 9 pruned. 
[I 2026-03-18 17:57:24,543] Trial 5 pruned. 
[I 2026-03-18 17:57:24,607] Trial 13 finished with value: -2.6313673750055218 and parameters: {'n_layers_yyx': 2, 'hidden_size_yyx_l0': 4, 'hidden_size_yyx_l1': 4, 'context_size_yyx': 2, 'num_mix_components_yyx': 5, 'context_extractor_yyx': 'gru', 'activation_func_yyx': 'Tanh', 'L2_weight_yyx': 8.469064344814262e-10, 'L_entropy_weight_yyx': 0.0008031310422569741, 'L_sep_weight_yyx': 3.090849337818276e-05, 'L_scale_weight_yyx': 6.890219142096368e-09, 'learning_rate_yyx': 0.005584389803088965}. Best is trial 0 with value: -2.6330643191486622.
[I 2026-03-18 17:57:26,128] Trial 5 finished with value: -1.221507031904351 and parameters: {'n_layers_yyx': 2, 'hidden_size_yyx_l0': 6, 'hidden_size_yyx_l1': 6, 'context_size_yyx': 1, 'num_mix_components_yyx': 3, 'context_extractor_yyx': 'gru', 'activation_func_yyx': 'ReLU', 'L2_weight_yyx': 5.43624997244689e-06, 'L_entropy_weight_yyx': 1.8566018020933505e-05, 'L_sep_weight_yyx': 2.7811645825570734e-08, 'L_scale_weight_yyx': 8.194167313416811e-05, 'learning_rate_yyx': 0.007065376318522023}. Best is trial 4 with value: -1.2631978019107952.
[I 2026-03-18 17:57:31,150] Trial 5 pruned. 
[I 2026-03-18 17:57:39,464] Trial 10 pruned. 
[I 2026-03-18 17:57:45,505] Trial 10 pruned. 
[I 2026-03-18 17:57:46,336] Trial 6 pruned. 
[I 2026-03-18 17:57:55,105] Trial 3 finished with value: -1.5933344439891122 and parameters: {'n_layers_yyx': 2, 'hidden_size_yyx_l0': 4, 'hidden_size_yyx_l1': 2, 'context_size_yyx': 4, 'num_mix_components_yyx': 1, 'context_extractor_yyx': 'gru', 'activation_func_yyx': 'GELU', 'L2_weight_yyx': 6.267960890443621e-09, 'L_entropy_weight_yyx': 1.5326083717743985e-07, 'L_sep_weight_yyx': 0.00011423846750056875, 'L_scale_weight_yyx': 7.054579485868283e-05, 'learning_rate_yyx': 0.0021386387309157485}. Best is trial 1 with value: -1.671168294287967.
[I 2026-03-18 17:58:03,306] Trial 10 finished with value: -2.6537577311197915 and parameters: {'n_layers_yyx': 2, 'hidden_size_yyx_l0': 2, 'hidden_size_yyx_l1': 6, 'context_size_yyx': 4, 'num_mix_components_yyx': 5, 'context_extractor_yyx': 'gru', 'activation_func_yyx': 'ReLU', 'L2_weight_yyx': 8.534523917371864e-10, 'L_entropy_weight_yyx': 1.3196449341577061e-05, 'L_sep_weight_yyx': 2.5407958690060504e-06, 'L_scale_weight_yyx': 1.5722706804802874e-10, 'learning_rate_yyx': 0.009990601594137944}. Best is trial 10 with value: -2.6537577311197915.
[I 2026-03-18 17:58:07,815] Trial 7 pruned. 
[I 2026-03-18 17:58:12,554] Trial 10 pruned. 
[I 2026-03-18 17:58:38,071] Trial 4 finished with value: -1.66296153669752 and parameters: {'n_layers_yyx': 1, 'hidden_size_yyx_l0': 6, 'context_size_yyx': 3, 'num_mix_components_yyx': 2, 'context_extractor_yyx': 'lstm', 'activation_func_yyx': 'ReLU', 'L2_weight_yyx': 2.2156550893824274e-05, 'L_entropy_weight_yyx': 0.00024752492573106277, 'L_sep_weight_yyx': 2.4006467938161672e-05, 'L_scale_weight_yyx': 2.798415347460371e-05, 'learning_rate_yyx': 0.007219711620599383}. Best is trial 4 with value: -1.66296153669752.
[I 2026-03-18 17:58:48,170] Trial 6 finished with value: -1.6579568255280392 and parameters: {'n_layers_yyx': 1, 'hidden_size_yyx_l0': 4, 'context_size_yyx': 1, 'num_mix_components_yyx': 5, 'context_extractor_yyx': 'gru', 'activation_func_yyx': 'GELU', 'L2_weight_yyx': 1.0685481568344365e-07, 'L_entropy_weight_yyx': 0.00010381619875984792, 'L_sep_weight_yyx': 2.556945214443352e-07, 'L_scale_weight_yyx': 2.995597409237862e-10, 'learning_rate_yyx': 0.0022075167018370174}. Best is trial 0 with value: -1.6702967433543936.
[I 2026-03-18 17:58:49,731] Trial 8 pruned. 
[I 2026-03-18 17:58:51,214] Trial 11 pruned. 
[I 2026-03-18 17:58:56,266] Trial 26 finished with value: -1.2463320310807713 and parameters: {'n_layers_yyx': 1, 'hidden_size_yyx_l0': 4, 'context_size_yyx': 2, 'num_mix_components_yyx': 2, 'context_extractor_yyx': 'lstm', 'activation_func_yyx': 'Tanh', 'L2_weight_yyx': 8.525675246946393e-09, 'L_entropy_weight_yyx': 8.924220252353217e-09, 'L_sep_weight_yyx': 5.5396820628315026e-05, 'L_scale_weight_yyx': 0.0001173609314409107, 'learning_rate_yyx': 0.008146608597800559}. Best is trial 3 with value: -1.2569327504269077.
[I 2026-03-18 17:59:04,142] Trial 3 finished with value: -1.6556902675243155 and parameters: {'n_layers_yyx': 2, 'hidden_size_yyx_l0': 3, 'hidden_size_yyx_l1': 2, 'context_size_yyx': 1, 'num_mix_components_yyx': 5, 'context_extractor_yyx': 'gru', 'activation_func_yyx': 'Tanh', 'L2_weight_yyx': 0.00016851874327105453, 'L_entropy_weight_yyx': 4.013340857349917e-07, 'L_sep_weight_yyx': 1.623862662250689e-06, 'L_scale_weight_yyx': 2.8540078808146284e-09, 'learning_rate_yyx': 0.007494830154302103}. Best is trial 2 with value: -1.6820484414711034.
[I 2026-03-18 17:59:17,231] Trial 12 pruned. 
[I 2026-03-18 17:59:22,106] Trial 4 pruned. 
[I 2026-03-18 17:59:24,147] Trial 8 finished with value: -1.3030293492170482 and parameters: {'n_layers_yyx': 1, 'hidden_size_yyx_l0': 5, 'context_size_yyx': 4, 'num_mix_components_yyx': 4, 'context_extractor_yyx': 'gru', 'activation_func_yyx': 'Tanh', 'L2_weight_yyx': 2.396931545813173e-05, 'L_entropy_weight_yyx': 5.2186397866727865e-09, 'L_sep_weight_yyx': 4.0730158729970015e-07, 'L_scale_weight_yyx': 8.41765331008921e-05, 'learning_rate_yyx': 0.003406176792020364}. Best is trial 8 with value: -1.3030293492170482.
[I 2026-03-18 17:59:28,467] Trial 27 pruned. 
[I 2026-03-18 17:59:37,993] Trial 6 pruned. 
[I 2026-03-18 17:59:38,883] Trial 7 pruned. 
[I 2026-03-18 17:59:41,017] Trial 5 pruned. 
[I 2026-03-18 17:59:42,423] Trial 13 pruned. 
[I 2026-03-18 17:59:56,085] Trial 11 finished with value: -2.6035725141905535 and parameters: {'n_layers_yyx': 1, 'hidden_size_yyx_l0': 6, 'context_size_yyx': 4, 'num_mix_components_yyx': 2, 'context_extractor_yyx': 'lstm', 'activation_func_yyx': 'GELU', 'L2_weight_yyx': 4.562219856589162e-06, 'L_entropy_weight_yyx': 0.0008143664667961155, 'L_sep_weight_yyx': 1.8361707308218737e-10, 'L_scale_weight_yyx': 2.0770224523643373e-05, 'learning_rate_yyx': 0.005788672739635025}. Best is trial 0 with value: -2.631078101143863.
[I 2026-03-18 17:59:56,527] Trial 8 pruned. 
[I 2026-03-18 18:00:00,349] Trial 7 pruned. 
[I 2026-03-18 18:00:11,359] Trial 4 pruned. 
[I 2026-03-18 18:00:15,719] Trial 6 finished with value: -2.642843521506465 and parameters: {'n_layers_yyx': 2, 'hidden_size_yyx_l0': 4, 'hidden_size_yyx_l1': 5, 'context_size_yyx': 2, 'num_mix_components_yyx': 3, 'context_extractor_yyx': 'lstm', 'activation_func_yyx': 'Tanh', 'L2_weight_yyx': 1.0405448524655447e-08, 'L_entropy_weight_yyx': 7.82040301202126e-05, 'L_sep_weight_yyx': 6.702891301976275e-06, 'L_scale_weight_yyx': 2.458721352397217e-10, 'learning_rate_yyx': 0.00594610425141634}. Best is trial 6 with value: -2.642843521506465.
[I 2026-03-18 18:00:20,874] Trial 8 finished with value: -2.635128406780887 and parameters: {'n_layers_yyx': 2, 'hidden_size_yyx_l0': 3, 'hidden_size_yyx_l1': 6, 'context_size_yyx': 2, 'num_mix_components_yyx': 3, 'context_extractor_yyx': 'lstm', 'activation_func_yyx': 'GELU', 'L2_weight_yyx': 5.409822052694009e-10, 'L_entropy_weight_yyx': 1.718117847968e-07, 'L_sep_weight_yyx': 6.96561873952341e-09, 'L_scale_weight_yyx': 2.1778586834167384e-05, 'learning_rate_yyx': 0.0057384431219227264}. Best is trial 1 with value: -2.6371932379943503.
[I 2026-03-18 18:00:27,161] Trial 5 pruned. 
[I 2026-03-18 18:00:29,389] Trial 12 finished with value: -2.6375437257353878 and parameters: {'n_layers_yyx': 1, 'hidden_size_yyx_l0': 4, 'context_size_yyx': 4, 'num_mix_components_yyx': 2, 'context_extractor_yyx': 'gru', 'activation_func_yyx': 'GELU', 'L2_weight_yyx': 1.513995244348499e-08, 'L_entropy_weight_yyx': 0.000702459869424384, 'L_sep_weight_yyx': 1.8548229818022115e-07, 'L_scale_weight_yyx': 2.4259624205237604e-05, 'learning_rate_yyx': 0.004880101215707389}. Best is trial 12 with value: -2.6375437257353878.
[I 2026-03-18 18:00:30,302] Trial 9 pruned. 
[I 2026-03-18 18:00:30,888] Trial 7 finished with value: -1.7197133356408227 and parameters: {'n_layers_yyx': 2, 'hidden_size_yyx_l0': 5, 'hidden_size_yyx_l1': 6, 'context_size_yyx': 3, 'num_mix_components_yyx': 1, 'context_extractor_yyx': 'lstm', 'activation_func_yyx': 'GELU', 'L2_weight_yyx': 4.462619287781978e-05, 'L_entropy_weight_yyx': 0.0003055044880139116, 'L_sep_weight_yyx': 0.00011730648017982402, 'L_scale_weight_yyx': 1.2152878155311321e-08, 'learning_rate_yyx': 0.005541163669136465}. Best is trial 2 with value: -1.719859356457674.
[I 2026-03-18 18:00:31,782] Trial 10 finished with value: -1.6586919386187233 and parameters: {'n_layers_yyx': 2, 'hidden_size_yyx_l0': 6, 'hidden_size_yyx_l1': 2, 'context_size_yyx': 4, 'num_mix_components_yyx': 5, 'context_extractor_yyx': 'lstm', 'activation_func_yyx': 'Tanh', 'L2_weight_yyx': 0.0006348621007928336, 'L_entropy_weight_yyx': 8.870945882750222e-07, 'L_sep_weight_yyx': 2.6158162240714806e-05, 'L_scale_weight_yyx': 1.3135567684284166e-10, 'learning_rate_yyx': 0.009929753814417503}. Best is trial 2 with value: -1.6745893480229308.
[I 2026-03-18 18:00:38,557] Trial 14 finished with value: -2.599923274197645 and parameters: {'n_layers_yyx': 1, 'hidden_size_yyx_l0': 4, 'context_size_yyx': 2, 'num_mix_components_yyx': 5, 'context_extractor_yyx': 'lstm', 'activation_func_yyx': 'GELU', 'L2_weight_yyx': 4.452131544101679e-10, 'L_entropy_weight_yyx': 0.0006399088072862356, 'L_sep_weight_yyx': 1.7971607084818923e-05, 'L_scale_weight_yyx': 3.0517498590526463e-09, 'learning_rate_yyx': 0.004945360691939183}. Best is trial 0 with value: -2.6330643191486622.
[I 2026-03-18 18:00:42,741] Trial 6 pruned. 
[I 2026-03-18 18:00:42,827] Trial 4 finished with value: -1.58224742107373 and parameters: {'n_layers_yyx': 2, 'hidden_size_yyx_l0': 3, 'hidden_size_yyx_l1': 2, 'context_size_yyx': 2, 'num_mix_components_yyx': 1, 'context_extractor_yyx': 'lstm', 'activation_func_yyx': 'Tanh', 'L2_weight_yyx': 1.1202119377814595e-07, 'L_entropy_weight_yyx': 3.8803766008017464e-07, 'L_sep_weight_yyx': 7.915628785121665e-10, 'L_scale_weight_yyx': 9.592897547804094e-08, 'learning_rate_yyx': 0.003451629273396455}. Best is trial 2 with value: -1.6799626520210098.
[I 2026-03-18 18:00:48,135] Trial 10 pruned. 
[I 2026-03-18 18:00:48,758] Trial 8 pruned. 
[I 2026-03-18 18:00:51,159] Trial 11 finished with value: -1.6620612635534469 and parameters: {'n_layers_yyx': 2, 'hidden_size_yyx_l0': 3, 'hidden_size_yyx_l1': 6, 'context_size_yyx': 1, 'num_mix_components_yyx': 5, 'context_extractor_yyx': 'gru', 'activation_func_yyx': 'Tanh', 'L2_weight_yyx': 1.358034705058395e-07, 'L_entropy_weight_yyx': 1.484327352308858e-05, 'L_sep_weight_yyx': 5.358498940364498e-08, 'L_scale_weight_yyx': 2.0683232370428017e-07, 'learning_rate_yyx': 0.009530287718161418}. Best is trial 0 with value: -1.6656935052073152.
[I 2026-03-18 18:00:51,504] Trial 9 pruned. 
[I 2026-03-18 18:00:51,514] Trial 13 pruned. 
[I 2026-03-18 18:01:03,113] Trial 7 pruned. 
[I 2026-03-18 18:01:04,184] Trial 5 pruned. 
[I 2026-03-18 18:01:12,204] Trial 11 pruned. 
[I 2026-03-18 18:01:12,511] Trial 8 finished with value: -1.6664572634068215 and parameters: {'n_layers_yyx': 1, 'hidden_size_yyx_l0': 6, 'context_size_yyx': 3, 'num_mix_components_yyx': 3, 'context_extractor_yyx': 'gru', 'activation_func_yyx': 'Tanh', 'L2_weight_yyx': 1.2085027245552931e-08, 'L_entropy_weight_yyx': 1.9309102038794964e-10, 'L_sep_weight_yyx': 2.401128523753784e-07, 'L_scale_weight_yyx': 5.59102449648474e-07, 'learning_rate_yyx': 0.0028853600566650134}. Best is trial 3 with value: -1.6716727072281603.
[I 2026-03-18 18:01:13,365] Trial 9 pruned. 
[I 2026-03-18 18:01:27,104] Trial 8 pruned. 
[I 2026-03-18 18:01:28,839] Trial 6 pruned. 
[I 2026-03-18 18:01:29,454] Trial 5 finished with value: -1.6649868297852268 and parameters: {'n_layers_yyx': 2, 'hidden_size_yyx_l0': 6, 'hidden_size_yyx_l1': 6, 'context_size_yyx': 3, 'num_mix_components_yyx': 2, 'context_extractor_yyx': 'lstm', 'activation_func_yyx': 'GELU', 'L2_weight_yyx': 1.1837853405533793e-09, 'L_entropy_weight_yyx': 4.706195344644353e-06, 'L_sep_weight_yyx': 1.527357271322568e-08, 'L_scale_weight_yyx': 1.2687385622114497e-09, 'learning_rate_yyx': 0.00958033534697676}. Best is trial 5 with value: -1.6649868297852268.
[I 2026-03-18 18:01:35,485] Trial 9 pruned. 
[I 2026-03-18 18:01:35,509] Trial 10 pruned. 
[I 2026-03-18 18:01:35,729] Trial 12 pruned. 
[I 2026-03-18 18:01:40,222] Trial 12 pruned. 
[I 2026-03-18 18:01:45,528] Trial 3 finished with value: -1.5870777322340381 and parameters: {'n_layers_yyx': 1, 'hidden_size_yyx_l0': 3, 'context_size_yyx': 2, 'num_mix_components_yyx': 2, 'context_extractor_yyx': 'gru', 'activation_func_yyx': 'Tanh', 'L2_weight_yyx': 4.08416896481344e-09, 'L_entropy_weight_yyx': 8.401383835714495e-08, 'L_sep_weight_yyx': 2.172998301444459e-06, 'L_scale_weight_yyx': 1.3674146266274214e-07, 'learning_rate_yyx': 0.0005425649003871324}. Best is trial 2 with value: -1.666246732076009.
[I 2026-03-18 18:01:48,828] Trial 9 pruned. 
[I 2026-03-18 18:01:49,352] Trial 14 pruned. 
[I 2026-03-18 18:02:03,450] Trial 6 finished with value: -1.5836457572841554 and parameters: {'n_layers_yyx': 1, 'hidden_size_yyx_l0': 2, 'context_size_yyx': 4, 'num_mix_components_yyx': 2, 'context_extractor_yyx': 'gru', 'activation_func_yyx': 'ReLU', 'L2_weight_yyx': 0.00012892922149085925, 'L_entropy_weight_yyx': 2.1040339862249938e-08, 'L_sep_weight_yyx': 2.7009524347222938e-08, 'L_scale_weight_yyx': 6.8539791209207895e-09, 'learning_rate_yyx': 0.0014504544008088057}. Best is trial 2 with value: -1.6720916355195472.
[I 2026-03-18 18:02:05,743] Trial 4 pruned. 
[I 2026-03-18 18:02:07,643] Trial 8 finished with value: -1.580571006650071 and parameters: {'n_layers_yyx': 1, 'hidden_size_yyx_l0': 3, 'context_size_yyx': 2, 'num_mix_components_yyx': 1, 'context_extractor_yyx': 'lstm', 'activation_func_yyx': 'ReLU', 'L2_weight_yyx': 1.3329338025488427e-08, 'L_entropy_weight_yyx': 8.768096680001865e-07, 'L_sep_weight_yyx': 1.3304472526762027e-10, 'L_scale_weight_yyx': 0.0008504640483779271, 'learning_rate_yyx': 0.006156013229234234}. Best is trial 0 with value: -1.6746319320135328.
[I 2026-03-18 18:02:10,871] Trial 7 pruned. 
[I 2026-03-18 18:02:13,110] Trial 15 pruned. 
[I 2026-03-18 18:02:13,794] Trial 6 pruned. 
[I 2026-03-18 18:02:20,238] Trial 11 finished with value: -1.2417579411138229 and parameters: {'n_layers_yyx': 2, 'hidden_size_yyx_l0': 5, 'hidden_size_yyx_l1': 6, 'context_size_yyx': 1, 'num_mix_components_yyx': 1, 'context_extractor_yyx': 'gru', 'activation_func_yyx': 'Tanh', 'L2_weight_yyx': 7.886345547558379e-08, 'L_entropy_weight_yyx': 2.48400062870676e-06, 'L_sep_weight_yyx': 2.0076710236139748e-08, 'L_scale_weight_yyx': 1.895621319165419e-08, 'learning_rate_yyx': 0.0035143181837983648}. Best is trial 3 with value: -1.2710647653519778.
[I 2026-03-18 18:02:21,312] Trial 7 finished with value: -1.6637274000173419 and parameters: {'n_layers_yyx': 2, 'hidden_size_yyx_l0': 4, 'hidden_size_yyx_l1': 5, 'context_size_yyx': 3, 'num_mix_components_yyx': 3, 'context_extractor_yyx': 'lstm', 'activation_func_yyx': 'GELU', 'L2_weight_yyx': 1.3779605381068401e-05, 'L_entropy_weight_yyx': 3.3542701934979424e-07, 'L_sep_weight_yyx': 1.8528108546401817e-08, 'L_scale_weight_yyx': 1.9184178208529562e-07, 'learning_rate_yyx': 0.009447418869147059}. Best is trial 7 with value: -1.6637274000173419.
[I 2026-03-18 18:02:24,098] Trial 6 finished with value: -1.270142151555821 and parameters: {'n_layers_yyx': 1, 'hidden_size_yyx_l0': 5, 'context_size_yyx': 4, 'num_mix_components_yyx': 4, 'context_extractor_yyx': 'lstm', 'activation_func_yyx': 'Tanh', 'L2_weight_yyx': 5.602841468911275e-08, 'L_entropy_weight_yyx': 0.00014566407005052446, 'L_sep_weight_yyx': 2.5074268256720848e-06, 'L_scale_weight_yyx': 1.3330380090429887e-05, 'learning_rate_yyx': 0.0013047923036646845}. Best is trial 6 with value: -1.270142151555821.
[I 2026-03-18 18:02:26,136] Trial 13 pruned. 
[I 2026-03-18 18:02:32,623] Trial 9 pruned. 
[I 2026-03-18 18:02:38,671] Trial 7 pruned. 
[I 2026-03-18 18:02:46,099] Trial 12 finished with value: -2.633138790386131 and parameters: {'n_layers_yyx': 1, 'hidden_size_yyx_l0': 5, 'context_size_yyx': 4, 'num_mix_components_yyx': 3, 'context_extractor_yyx': 'lstm', 'activation_func_yyx': 'GELU', 'L2_weight_yyx': 6.175768772092683e-06, 'L_entropy_weight_yyx': 7.602885194383158e-09, 'L_sep_weight_yyx': 1.1300617761031194e-10, 'L_scale_weight_yyx': 1.9731267388961387e-05, 'learning_rate_yyx': 0.0053010823178616445}. Best is trial 12 with value: -2.633138790386131.
[I 2026-03-18 18:02:55,222] Trial 11 finished with value: -2.653526598227515 and parameters: {'n_layers_yyx': 2, 'hidden_size_yyx_l0': 2, 'hidden_size_yyx_l1': 6, 'context_size_yyx': 4, 'num_mix_components_yyx': 5, 'context_extractor_yyx': 'gru', 'activation_func_yyx': 'ReLU', 'L2_weight_yyx': 1.4072759721788022e-10, 'L_entropy_weight_yyx': 2.193955995619197e-05, 'L_sep_weight_yyx': 3.966481864134527e-06, 'L_scale_weight_yyx': 1.3639061567529108e-10, 'learning_rate_yyx': 0.009451101602575748}. Best is trial 10 with value: -2.6537577311197915.
[I 2026-03-18 18:03:02,585] Trial 4 finished with value: -1.6618624541252365 and parameters: {'n_layers_yyx': 2, 'hidden_size_yyx_l0': 6, 'hidden_size_yyx_l1': 5, 'context_size_yyx': 3, 'num_mix_components_yyx': 3, 'context_extractor_yyx': 'lstm', 'activation_func_yyx': 'GELU', 'L2_weight_yyx': 1.062341801024656e-08, 'L_entropy_weight_yyx': 1.4420186659361888e-08, 'L_sep_weight_yyx': 6.620504687278957e-07, 'L_scale_weight_yyx': 4.39636347503664e-05, 'learning_rate_yyx': 0.0026853258246745705}. Best is trial 1 with value: -1.671168294287967.
[I 2026-03-18 18:03:09,399] Trial 7 pruned. 
[I 2026-03-18 18:03:09,560] Trial 8 pruned. 
[I 2026-03-18 18:03:13,964] Trial 9 finished with value: -1.2813680547934312 and parameters: {'n_layers_yyx': 2, 'hidden_size_yyx_l0': 3, 'hidden_size_yyx_l1': 3, 'context_size_yyx': 3, 'num_mix_components_yyx': 5, 'context_extractor_yyx': 'lstm', 'activation_func_yyx': 'GELU', 'L2_weight_yyx': 3.357778815981582e-07, 'L_entropy_weight_yyx': 1.7027558076383145e-09, 'L_sep_weight_yyx': 3.4704634284953395e-10, 'L_scale_weight_yyx': 0.00015261383343425833, 'learning_rate_yyx': 0.008158622573751667}. Best is trial 8 with value: -1.3030293492170482.
[I 2026-03-18 18:03:15,249] Trial 13 pruned. 
[I 2026-03-18 18:03:24,862] Trial 5 pruned. 
[I 2026-03-18 18:03:30,605] Trial 5 finished with value: -1.2714442113851663 and parameters: {'n_layers_yyx': 2, 'hidden_size_yyx_l0': 3, 'hidden_size_yyx_l1': 3, 'context_size_yyx': 3, 'num_mix_components_yyx': 3, 'context_extractor_yyx': 'gru', 'activation_func_yyx': 'GELU', 'L2_weight_yyx': 1.4666697393754451e-05, 'L_entropy_weight_yyx': 3.5263815137093516e-05, 'L_sep_weight_yyx': 1.0544712797209596e-08, 'L_scale_weight_yyx': 0.00013103749726357762, 'learning_rate_yyx': 0.003355204144078238}. Best is trial 5 with value: -1.2714442113851663.
[I 2026-03-18 18:03:40,202] Trial 14 finished with value: -2.6415204441902964 and parameters: {'n_layers_yyx': 2, 'hidden_size_yyx_l0': 3, 'hidden_size_yyx_l1': 4, 'context_size_yyx': 1, 'num_mix_components_yyx': 5, 'context_extractor_yyx': 'lstm', 'activation_func_yyx': 'Tanh', 'L2_weight_yyx': 1.696738612344362e-05, 'L_entropy_weight_yyx': 3.0312583162173297e-06, 'L_sep_weight_yyx': 2.5462279613233508e-05, 'L_scale_weight_yyx': 3.794123116148993e-09, 'learning_rate_yyx': 0.00961362689908958}. Best is trial 14 with value: -2.6415204441902964.
[I 2026-03-18 18:03:46,016] Trial 6 pruned. 
[I 2026-03-18 18:03:54,294] Trial 9 pruned. 
[I 2026-03-18 18:03:54,900] Trial 5 pruned. 
[I 2026-03-18 18:03:54,976] Trial 10 pruned. 
[I 2026-03-18 18:04:00,793] Trial 10 finished with value: -1.7137381638152689 and parameters: {'n_layers_yyx': 2, 'hidden_size_yyx_l0': 6, 'hidden_size_yyx_l1': 6, 'context_size_yyx': 4, 'num_mix_components_yyx': 3, 'context_extractor_yyx': 'gru', 'activation_func_yyx': 'Tanh', 'L2_weight_yyx': 1.5152818787935913e-10, 'L_entropy_weight_yyx': 2.4434111003925054e-09, 'L_sep_weight_yyx': 1.3017894586725584e-07, 'L_scale_weight_yyx': 1.2360233494119863e-10, 'learning_rate_yyx': 0.009761587955087036}. Best is trial 2 with value: -1.719859356457674.
[I 2026-03-18 18:04:05,208] Trial 28 finished with value: -1.2590248897644156 and parameters: {'n_layers_yyx': 1, 'hidden_size_yyx_l0': 5, 'context_size_yyx': 2, 'num_mix_components_yyx': 2, 'context_extractor_yyx': 'lstm', 'activation_func_yyx': 'Tanh', 'L2_weight_yyx': 9.834266284294169e-09, 'L_entropy_weight_yyx': 7.419364961441081e-08, 'L_sep_weight_yyx': 0.00010034384599420744, 'L_scale_weight_yyx': 5.700641095389145e-05, 'learning_rate_yyx': 0.003845693589914422}. Best is trial 28 with value: -1.2590248897644156.
[I 2026-03-18 18:04:09,244] Trial 14 pruned. 
[I 2026-03-18 18:04:10,385] Trial 6 pruned. 
[I 2026-03-18 18:04:23,904] Trial 6 pruned. 
[I 2026-03-18 18:04:29,105] Trial 7 pruned. 
[I 2026-03-18 18:04:34,084] Trial 15 pruned. 
[I 2026-03-18 18:04:43,125] Trial 8 pruned. 
[I 2026-03-18 18:04:46,421] Trial 8 pruned. 
[I 2026-03-18 18:04:47,101] Trial 7 pruned. 
[I 2026-03-18 18:04:54,777] Trial 6 finished with value: -1.6595080635430608 and parameters: {'n_layers_yyx': 1, 'hidden_size_yyx_l0': 2, 'context_size_yyx': 2, 'num_mix_components_yyx': 2, 'context_extractor_yyx': 'lstm', 'activation_func_yyx': 'Tanh', 'L2_weight_yyx': 1.6725827910628924e-08, 'L_entropy_weight_yyx': 7.678626155934903e-09, 'L_sep_weight_yyx': 4.130926696802838e-06, 'L_scale_weight_yyx': 0.00016895486478361475, 'learning_rate_yyx': 0.00307479338788024}. Best is trial 2 with value: -1.6777834079951708.
[I 2026-03-18 18:04:59,394] Trial 16 pruned. 
[I 2026-03-18 18:05:08,390] Trial 9 pruned. 
[I 2026-03-18 18:05:17,677] Trial 12 pruned. 
[I 2026-03-18 18:05:21,348] Trial 10 finished with value: -1.6641911863707028 and parameters: {'n_layers_yyx': 2, 'hidden_size_yyx_l0': 4, 'hidden_size_yyx_l1': 6, 'context_size_yyx': 2, 'num_mix_components_yyx': 5, 'context_extractor_yyx': 'gru', 'activation_func_yyx': 'GELU', 'L2_weight_yyx': 0.0006033926210739084, 'L_entropy_weight_yyx': 4.33066402821404e-09, 'L_sep_weight_yyx': 2.25535915226579e-10, 'L_scale_weight_yyx': 3.030345436734765e-06, 'learning_rate_yyx': 0.008001201837188375}. Best is trial 0 with value: -1.66519233145544.
[I 2026-03-18 18:05:23,092] Trial 9 pruned. 
[I 2026-03-18 18:05:25,120] Trial 11 pruned. 
[I 2026-03-18 18:05:29,631] Trial 11 pruned. 
[I 2026-03-18 18:05:32,592] Trial 11 finished with value: -1.2364762988416633 and parameters: {'n_layers_yyx': 1, 'hidden_size_yyx_l0': 5, 'context_size_yyx': 4, 'num_mix_components_yyx': 1, 'context_extractor_yyx': 'lstm', 'activation_func_yyx': 'Tanh', 'L2_weight_yyx': 2.9103324840915173e-06, 'L_entropy_weight_yyx': 1.8184685019734947e-08, 'L_sep_weight_yyx': 1.2208205546478292e-07, 'L_scale_weight_yyx': 2.0968299447873465e-09, 'learning_rate_yyx': 0.009329876642528165}. Best is trial 2 with value: -1.266387742019625.
[I 2026-03-18 18:05:33,211] Trial 8 finished with value: -1.6486027454159602 and parameters: {'n_layers_yyx': 2, 'hidden_size_yyx_l0': 6, 'hidden_size_yyx_l1': 5, 'context_size_yyx': 1, 'num_mix_components_yyx': 5, 'context_extractor_yyx': 'gru', 'activation_func_yyx': 'GELU', 'L2_weight_yyx': 9.465119868327663e-08, 'L_entropy_weight_yyx': 1.523856361009284e-05, 'L_sep_weight_yyx': 1.49605744010776e-07, 'L_scale_weight_yyx': 3.756284456662148e-05, 'learning_rate_yyx': 0.007805182634414258}. Best is trial 2 with value: -1.6799626520210098.
[I 2026-03-18 18:05:39,903] Trial 7 pruned. 
[I 2026-03-18 18:05:43,360] Trial 13 pruned. 
[I 2026-03-18 18:05:43,561] Trial 7 finished with value: -1.6501351669502442 and parameters: {'n_layers_yyx': 2, 'hidden_size_yyx_l0': 3, 'hidden_size_yyx_l1': 2, 'context_size_yyx': 3, 'num_mix_components_yyx': 2, 'context_extractor_yyx': 'gru', 'activation_func_yyx': 'GELU', 'L2_weight_yyx': 2.4337821059339073e-06, 'L_entropy_weight_yyx': 0.00016216669467221766, 'L_sep_weight_yyx': 2.2411801448086334e-08, 'L_scale_weight_yyx': 5.613200315657201e-06, 'learning_rate_yyx': 0.0067499323620722924}. Best is trial 0 with value: -1.6702967433543936.
[I 2026-03-18 18:05:43,968] Trial 12 pruned. 
[I 2026-03-18 18:05:44,738] Trial 8 finished with value: -2.630995317374382 and parameters: {'n_layers_yyx': 1, 'hidden_size_yyx_l0': 6, 'context_size_yyx': 2, 'num_mix_components_yyx': 5, 'context_extractor_yyx': 'lstm', 'activation_func_yyx': 'GELU', 'L2_weight_yyx': 0.00045862031741472615, 'L_entropy_weight_yyx': 4.252047052730106e-08, 'L_sep_weight_yyx': 3.7778356973082453e-06, 'L_scale_weight_yyx': 1.8140474108961135e-05, 'learning_rate_yyx': 0.0019192703749785769}. Best is trial 0 with value: -2.633521153514828.
[I 2026-03-18 18:05:52,065] Trial 9 pruned. 
[I 2026-03-18 18:05:53,474] Trial 17 pruned. 
[I 2026-03-18 18:05:55,831] Trial 7 finished with value: -2.595128947745469 and parameters: {'n_layers_yyx': 1, 'hidden_size_yyx_l0': 6, 'context_size_yyx': 1, 'num_mix_components_yyx': 3, 'context_extractor_yyx': 'lstm', 'activation_func_yyx': 'GELU', 'L2_weight_yyx': 1.9675165935566794e-07, 'L_entropy_weight_yyx': 1.480016546333107e-10, 'L_sep_weight_yyx': 5.30960389987421e-08, 'L_scale_weight_yyx': 2.7855782698507645e-06, 'learning_rate_yyx': 0.0014708266619848783}. Best is trial 6 with value: -2.642843521506465.
[I 2026-03-18 18:06:01,582] Trial 8 pruned. 
[I 2026-03-18 18:06:02,888] Trial 8 pruned. 
[I 2026-03-18 18:06:03,007] Trial 16 finished with value: -2.602912017865376 and parameters: {'n_layers_yyx': 1, 'hidden_size_yyx_l0': 6, 'context_size_yyx': 4, 'num_mix_components_yyx': 2, 'context_extractor_yyx': 'gru', 'activation_func_yyx': 'GELU', 'L2_weight_yyx': 2.3437052868962928e-08, 'L_entropy_weight_yyx': 2.2632819995354112e-10, 'L_sep_weight_yyx': 0.00010430429807182938, 'L_scale_weight_yyx': 2.2641910238088517e-08, 'learning_rate_yyx': 0.006718287245018606}. Best is trial 12 with value: -2.6375437257353878.
[I 2026-03-18 18:06:04,789] Trial 13 pruned. 
[I 2026-03-18 18:06:08,042] Trial 14 pruned. 
[I 2026-03-18 18:06:18,539] Trial 18 pruned. 
[I 2026-03-18 18:06:20,443] Trial 9 pruned. 
[I 2026-03-18 18:06:24,990] Trial 17 pruned. 
[I 2026-03-18 18:06:26,342] Trial 8 pruned. 
[I 2026-03-18 18:06:34,869] Trial 10 finished with value: -1.6754296736951282 and parameters: {'n_layers_yyx': 1, 'hidden_size_yyx_l0': 4, 'context_size_yyx': 4, 'num_mix_components_yyx': 3, 'context_extractor_yyx': 'gru', 'activation_func_yyx': 'Tanh', 'L2_weight_yyx': 0.0005110210493737174, 'L_entropy_weight_yyx': 0.0007017356218778802, 'L_sep_weight_yyx': 0.0009770138087165118, 'L_scale_weight_yyx': 1.7256113421436806e-10, 'learning_rate_yyx': 0.009222036078921235}. Best is trial 10 with value: -1.6754296736951282.
[I 2026-03-18 18:06:38,772] Trial 10 pruned. 
[I 2026-03-18 18:06:39,352] Trial 9 pruned. 
[I 2026-03-18 18:06:44,908] Trial 10 pruned. 
[I 2026-03-18 18:06:45,547] Trial 11 finished with value: -1.7190314725079114 and parameters: {'n_layers_yyx': 2, 'hidden_size_yyx_l0': 6, 'hidden_size_yyx_l1': 6, 'context_size_yyx': 4, 'num_mix_components_yyx': 3, 'context_extractor_yyx': 'gru', 'activation_func_yyx': 'GELU', 'L2_weight_yyx': 8.2850076191798e-10, 'L_entropy_weight_yyx': 8.834612112259597e-09, 'L_sep_weight_yyx': 0.0003895017034123639, 'L_scale_weight_yyx': 3.823396589831972e-09, 'learning_rate_yyx': 0.007106965049796318}. Best is trial 2 with value: -1.719859356457674.
[I 2026-03-18 18:06:46,828] Trial 9 finished with value: -1.6671910822907816 and parameters: {'n_layers_yyx': 1, 'hidden_size_yyx_l0': 2, 'context_size_yyx': 3, 'num_mix_components_yyx': 4, 'context_extractor_yyx': 'lstm', 'activation_func_yyx': 'GELU', 'L2_weight_yyx': 2.344406393368755e-09, 'L_entropy_weight_yyx': 6.367354621035998e-07, 'L_sep_weight_yyx': 2.6656893636092263e-08, 'L_scale_weight_yyx': 1.693527269993367e-10, 'learning_rate_yyx': 0.0028256323887356086}. Best is trial 9 with value: -1.6671910822907816.
[I 2026-03-18 18:06:53,174] Trial 12 pruned. 
[I 2026-03-18 18:07:01,063] Trial 11 pruned. 
[I 2026-03-18 18:07:01,982] Trial 19 pruned. 
[I 2026-03-18 18:07:02,652] Trial 9 pruned. 
[I 2026-03-18 18:07:13,762] Trial 11 pruned. 
[I 2026-03-18 18:07:20,755] Trial 10 pruned. 
[I 2026-03-18 18:07:22,331] Trial 9 finished with value: -1.6581350460548143 and parameters: {'n_layers_yyx': 2, 'hidden_size_yyx_l0': 2, 'hidden_size_yyx_l1': 6, 'context_size_yyx': 2, 'num_mix_components_yyx': 1, 'context_extractor_yyx': 'gru', 'activation_func_yyx': 'ReLU', 'L2_weight_yyx': 2.2714714326143227e-08, 'L_entropy_weight_yyx': 2.2080847186303686e-07, 'L_sep_weight_yyx': 6.386428193553247e-09, 'L_scale_weight_yyx': 2.1744440464955684e-05, 'learning_rate_yyx': 0.0035374519904540075}. Best is trial 0 with value: -1.6746319320135328.
[I 2026-03-18 18:07:35,293] Trial 7 finished with value: -1.655484379427839 and parameters: {'n_layers_yyx': 1, 'hidden_size_yyx_l0': 2, 'context_size_yyx': 3, 'num_mix_components_yyx': 5, 'context_extractor_yyx': 'lstm', 'activation_func_yyx': 'ReLU', 'L2_weight_yyx': 0.0001786433374356686, 'L_entropy_weight_yyx': 4.607346945787446e-10, 'L_sep_weight_yyx': 1.2679235307927596e-07, 'L_scale_weight_yyx': 0.00016053088355169026, 'learning_rate_yyx': 0.00872856118609498}. Best is trial 2 with value: -1.6720916355195472.
[I 2026-03-18 18:07:37,175] Trial 15 finished with value: -2.6258526228839867 and parameters: {'n_layers_yyx': 2, 'hidden_size_yyx_l0': 4, 'hidden_size_yyx_l1': 2, 'context_size_yyx': 1, 'num_mix_components_yyx': 2, 'context_extractor_yyx': 'gru', 'activation_func_yyx': 'Tanh', 'L2_weight_yyx': 1.2654734112088946e-08, 'L_entropy_weight_yyx': 6.71442482001621e-05, 'L_sep_weight_yyx': 6.225718149144814e-10, 'L_scale_weight_yyx': 5.143372138654469e-07, 'learning_rate_yyx': 0.002982216939671407}. Best is trial 0 with value: -2.6330643191486622.
[I 2026-03-18 18:07:39,318] Trial 14 pruned. 
[I 2026-03-18 18:07:48,055] Trial 12 pruned. 
[I 2026-03-18 18:07:48,055] Trial 12 pruned. 
[I 2026-03-18 18:07:56,762] Trial 14 finished with value: -1.6715868333994597 and parameters: {'n_layers_yyx': 2, 'hidden_size_yyx_l0': 4, 'hidden_size_yyx_l1': 5, 'context_size_yyx': 3, 'num_mix_components_yyx': 4, 'context_extractor_yyx': 'gru', 'activation_func_yyx': 'Tanh', 'L2_weight_yyx': 1.4886115183268378e-07, 'L_entropy_weight_yyx': 2.2924712250726184e-05, 'L_sep_weight_yyx': 2.0190394264602168e-08, 'L_scale_weight_yyx': 5.004959198619234e-10, 'learning_rate_yyx': 0.0023158275432034886}. Best is trial 14 with value: -1.6715868333994597.
[I 2026-03-18 18:08:02,211] Trial 10 finished with value: -1.260685587546301 and parameters: {'n_layers_yyx': 2, 'hidden_size_yyx_l0': 6, 'hidden_size_yyx_l1': 6, 'context_size_yyx': 3, 'num_mix_components_yyx': 5, 'context_extractor_yyx': 'lstm', 'activation_func_yyx': 'ReLU', 'L2_weight_yyx': 2.8683140874033897e-08, 'L_entropy_weight_yyx': 1.2915440867578195e-05, 'L_sep_weight_yyx': 3.279235698073604e-10, 'L_scale_weight_yyx': 1.9021510637808846e-07, 'learning_rate_yyx': 0.0085351249599427}. Best is trial 5 with value: -1.2714442113851663.
[I 2026-03-18 18:08:13,604] Trial 8 pruned. 
[I 2026-03-18 18:08:23,592] Trial 11 finished with value: -2.635494617718387 and parameters: {'n_layers_yyx': 2, 'hidden_size_yyx_l0': 2, 'hidden_size_yyx_l1': 4, 'context_size_yyx': 3, 'num_mix_components_yyx': 4, 'context_extractor_yyx': 'lstm', 'activation_func_yyx': 'GELU', 'L2_weight_yyx': 4.095074057349298e-06, 'L_entropy_weight_yyx': 0.0006350176732625916, 'L_sep_weight_yyx': 1.6363955390822254e-09, 'L_scale_weight_yyx': 1.2404056955333718e-10, 'learning_rate_yyx': 0.000589249983399354}. Best is trial 11 with value: -2.635494617718387.
[I 2026-03-18 18:08:31,225] Trial 10 finished with value: -1.6604440144926107 and parameters: {'n_layers_yyx': 2, 'hidden_size_yyx_l0': 4, 'hidden_size_yyx_l1': 6, 'context_size_yyx': 1, 'num_mix_components_yyx': 4, 'context_extractor_yyx': 'gru', 'activation_func_yyx': 'ReLU', 'L2_weight_yyx': 0.000967069615303107, 'L_entropy_weight_yyx': 4.604369818650958e-05, 'L_sep_weight_yyx': 1.0828561558777591e-10, 'L_scale_weight_yyx': 5.8752665733204464e-08, 'learning_rate_yyx': 0.008485792146258124}. Best is trial 7 with value: -1.6637274000173419.
[I 2026-03-18 18:08:31,229] Trial 15 pruned. 
[I 2026-03-18 18:08:37,026] Trial 10 pruned. 
[I 2026-03-18 18:08:39,656] Trial 11 pruned. 
[I 2026-03-18 18:08:41,444] Trial 15 finished with value: -2.6409888730131477 and parameters: {'n_layers_yyx': 2, 'hidden_size_yyx_l0': 4, 'hidden_size_yyx_l1': 5, 'context_size_yyx': 1, 'num_mix_components_yyx': 5, 'context_extractor_yyx': 'lstm', 'activation_func_yyx': 'Tanh', 'L2_weight_yyx': 1.342691805254812e-05, 'L_entropy_weight_yyx': 1.4743520556543783e-08, 'L_sep_weight_yyx': 5.0205138932317146e-05, 'L_scale_weight_yyx': 2.6129749020858867e-09, 'learning_rate_yyx': 0.009695275754893894}. Best is trial 14 with value: -2.6415204441902964.
[I 2026-03-18 18:08:45,975] Trial 15 pruned. 
[I 2026-03-18 18:08:46,362] Trial 13 pruned. 
[I 2026-03-18 18:08:52,456] Trial 12 pruned. 
[I 2026-03-18 18:08:55,585] Trial 12 finished with value: -1.2623623554523176 and parameters: {'n_layers_yyx': 2, 'hidden_size_yyx_l0': 5, 'hidden_size_yyx_l1': 5, 'context_size_yyx': 4, 'num_mix_components_yyx': 1, 'context_extractor_yyx': 'lstm', 'activation_func_yyx': 'Tanh', 'L2_weight_yyx': 1.7118744451664605e-05, 'L_entropy_weight_yyx': 6.869026016946154e-09, 'L_sep_weight_yyx': 1.6866202710635627e-06, 'L_scale_weight_yyx': 3.2728506146566617e-06, 'learning_rate_yyx': 0.004953334968540671}. Best is trial 8 with value: -1.3030293492170482.
[I 2026-03-18 18:08:57,062] Trial 16 pruned. 
[I 2026-03-18 18:09:02,970] Trial 12 pruned. 
[I 2026-03-18 18:09:03,191] Trial 11 finished with value: -1.6659153643654905 and parameters: {'n_layers_yyx': 2, 'hidden_size_yyx_l0': 4, 'hidden_size_yyx_l1': 6, 'context_size_yyx': 2, 'num_mix_components_yyx': 5, 'context_extractor_yyx': 'gru', 'activation_func_yyx': 'GELU', 'L2_weight_yyx': 0.0008596656854307541, 'L_entropy_weight_yyx': 1.257475715372692e-09, 'L_sep_weight_yyx': 5.274427175933252e-10, 'L_scale_weight_yyx': 2.9123550325677113e-06, 'learning_rate_yyx': 0.009658325716692763}. Best is trial 11 with value: -1.6659153643654905.
[I 2026-03-18 18:09:03,222] Trial 16 pruned. 
[I 2026-03-18 18:09:05,361] Trial 12 finished with value: -1.2432301745176757 and parameters: {'n_layers_yyx': 2, 'hidden_size_yyx_l0': 4, 'hidden_size_yyx_l1': 6, 'context_size_yyx': 2, 'num_mix_components_yyx': 1, 'context_extractor_yyx': 'gru', 'activation_func_yyx': 'Tanh', 'L2_weight_yyx': 1.0558933959028868e-07, 'L_entropy_weight_yyx': 3.1013310001160364e-06, 'L_sep_weight_yyx': 2.660697791582774e-08, 'L_scale_weight_yyx': 1.117619219007847e-08, 'learning_rate_yyx': 0.0028779289765148513}. Best is trial 3 with value: -1.2710647653519778.
[I 2026-03-18 18:09:07,858] Trial 16 pruned. 
[I 2026-03-18 18:09:08,003] Trial 14 pruned. 
[I 2026-03-18 18:09:08,079] Trial 8 finished with value: -2.602214998993677 and parameters: {'n_layers_yyx': 1, 'hidden_size_yyx_l0': 6, 'context_size_yyx': 3, 'num_mix_components_yyx': 4, 'context_extractor_yyx': 'lstm', 'activation_func_yyx': 'Tanh', 'L2_weight_yyx': 1.304970430861363e-10, 'L_entropy_weight_yyx': 2.1399546113567928e-06, 'L_sep_weight_yyx': 3.2611142606216036e-10, 'L_scale_weight_yyx': 2.3359758444542268e-08, 'learning_rate_yyx': 0.005851056779273223}. Best is trial 6 with value: -2.642843521506465.
[I 2026-03-18 18:09:10,446] Trial 16 pruned. 
[I 2026-03-18 18:09:19,328] Trial 17 pruned. 
[I 2026-03-18 18:09:19,329] Trial 17 pruned. 
[I 2026-03-18 18:09:21,691] Trial 12 pruned. 
[I 2026-03-18 18:09:27,109] Trial 17 pruned. 
[I 2026-03-18 18:09:32,353] Trial 13 pruned. 
[I 2026-03-18 18:09:32,890] Trial 9 pruned. 
[I 2026-03-18 18:09:34,063] Trial 13 pruned. 
[I 2026-03-18 18:09:38,002] Trial 17 pruned. 
[I 2026-03-18 18:09:39,054] Trial 18 finished with value: -2.5979153548243508 and parameters: {'n_layers_yyx': 2, 'hidden_size_yyx_l0': 2, 'hidden_size_yyx_l1': 3, 'context_size_yyx': 2, 'num_mix_components_yyx': 1, 'context_extractor_yyx': 'gru', 'activation_func_yyx': 'GELU', 'L2_weight_yyx': 2.464654816600151e-09, 'L_entropy_weight_yyx': 1.5765875523481766e-05, 'L_sep_weight_yyx': 1.2268046069125013e-07, 'L_scale_weight_yyx': 1.055895324795315e-10, 'learning_rate_yyx': 0.007586827624524667}. Best is trial 12 with value: -2.6375437257353878.
[I 2026-03-18 18:09:52,389] Trial 18 pruned. 
[I 2026-03-18 18:10:00,668] Trial 10 finished with value: -2.640669339569724 and parameters: {'n_layers_yyx': 1, 'hidden_size_yyx_l0': 4, 'context_size_yyx': 1, 'num_mix_components_yyx': 5, 'context_extractor_yyx': 'gru', 'activation_func_yyx': 'Tanh', 'L2_weight_yyx': 5.053960162306289e-05, 'L_entropy_weight_yyx': 1.0967604435536654e-08, 'L_sep_weight_yyx': 8.931050022426821e-08, 'L_scale_weight_yyx': 2.554334715861821e-10, 'learning_rate_yyx': 0.009464563037000214}. Best is trial 10 with value: -2.640669339569724.
[I 2026-03-18 18:10:03,763] Trial 13 finished with value: -1.2383664002480217 and parameters: {'n_layers_yyx': 1, 'hidden_size_yyx_l0': 5, 'context_size_yyx': 4, 'num_mix_components_yyx': 2, 'context_extractor_yyx': 'lstm', 'activation_func_yyx': 'Tanh', 'L2_weight_yyx': 4.80538417335755e-07, 'L_entropy_weight_yyx': 9.897398289929572e-10, 'L_sep_weight_yyx': 3.102578791245932e-08, 'L_scale_weight_yyx': 1.332822389849528e-07, 'learning_rate_yyx': 0.004679801256792257}. Best is trial 2 with value: -1.266387742019625.
[I 2026-03-18 18:10:10,507] Trial 10 pruned. 
[I 2026-03-18 18:10:25,482] Trial 14 pruned. 
[I 2026-03-18 18:10:29,946] Trial 14 pruned. 
[I 2026-03-18 18:10:30,412] Trial 14 pruned. 
[I 2026-03-18 18:10:36,100] Trial 10 finished with value: -1.6603244362942178 and parameters: {'n_layers_yyx': 1, 'hidden_size_yyx_l0': 3, 'context_size_yyx': 3, 'num_mix_components_yyx': 3, 'context_extractor_yyx': 'gru', 'activation_func_yyx': 'Tanh', 'L2_weight_yyx': 0.0009703842191016478, 'L_entropy_weight_yyx': 1.8611546388918607e-10, 'L_sep_weight_yyx': 5.2150353190757865e-06, 'L_scale_weight_yyx': 5.589169948536947e-09, 'learning_rate_yyx': 0.008259587655486116}. Best is trial 2 with value: -1.6799626520210098.
[I 2026-03-18 18:10:36,646] Trial 29 finished with value: -1.258411456829078 and parameters: {'n_layers_yyx': 1, 'hidden_size_yyx_l0': 6, 'context_size_yyx': 3, 'num_mix_components_yyx': 2, 'context_extractor_yyx': 'lstm', 'activation_func_yyx': 'Tanh', 'L2_weight_yyx': 3.87775326883802e-08, 'L_entropy_weight_yyx': 1.0690250303733069e-07, 'L_sep_weight_yyx': 0.0001604099653127044, 'L_scale_weight_yyx': 7.712551913588358e-06, 'learning_rate_yyx': 0.0033563327274572317}. Best is trial 28 with value: -1.2590248897644156.
[I 2026-03-18 18:10:37,548] Trial 18 pruned. 
[I 2026-03-18 18:10:38,038] Trial 19 pruned. 
[I 2026-03-18 18:10:38,806] Trial 15 pruned. 
[I 2026-03-18 18:10:44,770] Trial 11 finished with value: -1.2542082668452519 and parameters: {'n_layers_yyx': 2, 'hidden_size_yyx_l0': 6, 'hidden_size_yyx_l1': 6, 'context_size_yyx': 3, 'num_mix_components_yyx': 5, 'context_extractor_yyx': 'lstm', 'activation_func_yyx': 'ReLU', 'L2_weight_yyx': 1.7546996809544232e-08, 'L_entropy_weight_yyx': 1.833427428583883e-05, 'L_sep_weight_yyx': 1.187450965312767e-10, 'L_scale_weight_yyx': 1.5219073073554318e-07, 'learning_rate_yyx': 0.008748947280160256}. Best is trial 5 with value: -1.2714442113851663.
[I 2026-03-18 18:10:48,169] Trial 19 pruned. 
[I 2026-03-18 18:10:49,330] Trial 13 finished with value: -1.6291208267211914 and parameters: {'n_layers_yyx': 1, 'hidden_size_yyx_l0': 2, 'context_size_yyx': 4, 'num_mix_components_yyx': 3, 'context_extractor_yyx': 'lstm', 'activation_func_yyx': 'Tanh', 'L2_weight_yyx': 6.563231692897664e-09, 'L_entropy_weight_yyx': 8.647952293474808e-08, 'L_sep_weight_yyx': 1.0044954118785436e-08, 'L_scale_weight_yyx': 5.6992275750305876e-05, 'learning_rate_yyx': 0.0007618430768829771}. Best is trial 0 with value: -1.6683178048964529.
[I 2026-03-18 18:10:57,063] Trial 11 pruned. 
[I 2026-03-18 18:10:58,578] Trial 30 pruned. 
[I 2026-03-18 18:11:01,464] Trial 15 pruned. 
[I 2026-03-18 18:11:03,347] Trial 16 pruned. 
[I 2026-03-18 18:11:04,630] Trial 20 pruned. 
[I 2026-03-18 18:11:06,058] Trial 6 finished with value: -1.659940621649572 and parameters: {'n_layers_yyx': 2, 'hidden_size_yyx_l0': 6, 'hidden_size_yyx_l1': 2, 'context_size_yyx': 1, 'num_mix_components_yyx': 3, 'context_extractor_yyx': 'gru', 'activation_func_yyx': 'Tanh', 'L2_weight_yyx': 1.8534905422633548e-05, 'L_entropy_weight_yyx': 8.00330689811896e-08, 'L_sep_weight_yyx': 3.62931865382568e-06, 'L_scale_weight_yyx': 1.1716133159708267e-05, 'learning_rate_yyx': 0.00812225555973396}. Best is trial 2 with value: -1.666246732076009.
[I 2026-03-18 18:11:08,988] Trial 18 pruned. 
[I 2026-03-18 18:11:10,093] Trial 18 pruned. 
[I 2026-03-18 18:11:12,574] Trial 16 pruned. 
[I 2026-03-18 18:11:17,600] Trial 17 pruned. 
[I 2026-03-18 18:11:25,508] Trial 9 finished with value: -2.6351331388383397 and parameters: {'n_layers_yyx': 1, 'hidden_size_yyx_l0': 3, 'context_size_yyx': 4, 'num_mix_components_yyx': 4, 'context_extractor_yyx': 'lstm', 'activation_func_yyx': 'ReLU', 'L2_weight_yyx': 0.0001942769300288291, 'L_entropy_weight_yyx': 2.243055628243076e-07, 'L_sep_weight_yyx': 7.711584232638838e-07, 'L_scale_weight_yyx': 1.8152816364696422e-10, 'learning_rate_yyx': 0.004542905460744361}. Best is trial 9 with value: -2.6351331388383397.
[I 2026-03-18 18:11:26,482] Trial 7 pruned. 
[I 2026-03-18 18:11:27,914] Trial 21 pruned. 
[I 2026-03-18 18:11:35,399] Trial 19 pruned. 
[I 2026-03-18 18:11:35,716] Trial 19 pruned. 
[I 2026-03-18 18:11:37,175] Trial 13 finished with value: -1.6606605940994101 and parameters: {'n_layers_yyx': 2, 'hidden_size_yyx_l0': 5, 'hidden_size_yyx_l1': 5, 'context_size_yyx': 3, 'num_mix_components_yyx': 5, 'context_extractor_yyx': 'lstm', 'activation_func_yyx': 'Tanh', 'L2_weight_yyx': 0.0009114685876429081, 'L_entropy_weight_yyx': 5.569040311394287e-08, 'L_sep_weight_yyx': 7.300671326303935e-07, 'L_scale_weight_yyx': 2.3361434409395764e-06, 'learning_rate_yyx': 0.008972532688312966}. Best is trial 2 with value: -1.6777834079951708.
[I 2026-03-18 18:11:45,053] Trial 17 pruned. 
[I 2026-03-18 18:11:51,594] Trial 18 pruned. 
[I 2026-03-18 18:11:52,848] Trial 20 pruned. 
[I 2026-03-18 18:11:53,721] Trial 8 finished with value: -1.5955879975099536 and parameters: {'n_layers_yyx': 1, 'hidden_size_yyx_l0': 4, 'context_size_yyx': 1, 'num_mix_components_yyx': 1, 'context_extractor_yyx': 'lstm', 'activation_func_yyx': 'GELU', 'L2_weight_yyx': 5.048572437902712e-06, 'L_entropy_weight_yyx': 6.213586938200911e-09, 'L_sep_weight_yyx': 3.1600315548174166e-07, 'L_scale_weight_yyx': 3.597037814119895e-08, 'learning_rate_yyx': 0.005200832059378224}. Best is trial 5 with value: -1.6649868297852268.
[I 2026-03-18 18:11:58,674] Trial 14 pruned. 
[I 2026-03-18 18:12:01,973] Trial 19 pruned. 
[I 2026-03-18 18:12:01,978] Trial 20 finished with value: -2.635415358426911 and parameters: {'n_layers_yyx': 2, 'hidden_size_yyx_l0': 4, 'hidden_size_yyx_l1': 6, 'context_size_yyx': 3, 'num_mix_components_yyx': 4, 'context_extractor_yyx': 'lstm', 'activation_func_yyx': 'GELU', 'L2_weight_yyx': 7.506653407722599e-06, 'L_entropy_weight_yyx': 1.0123851443989135e-10, 'L_sep_weight_yyx': 1.0640317501739189e-09, 'L_scale_weight_yyx': 2.835119262232645e-07, 'learning_rate_yyx': 0.009847052701634997}. Best is trial 20 with value: -2.635415358426911.
[I 2026-03-18 18:12:10,334] Trial 20 pruned. 
[I 2026-03-18 18:12:10,418] Trial 15 pruned. 
[I 2026-03-18 18:12:11,263] Trial 11 finished with value: -1.6540260565663962 and parameters: {'n_layers_yyx': 2, 'hidden_size_yyx_l0': 4, 'hidden_size_yyx_l1': 6, 'context_size_yyx': 1, 'num_mix_components_yyx': 4, 'context_extractor_yyx': 'gru', 'activation_func_yyx': 'ReLU', 'L2_weight_yyx': 0.0009551858790155362, 'L_entropy_weight_yyx': 0.0003418978626330102, 'L_sep_weight_yyx': 1.5998532820627747e-10, 'L_scale_weight_yyx': 4.765948136108562e-08, 'learning_rate_yyx': 0.009723882525482012}. Best is trial 7 with value: -1.6637274000173419.
[I 2026-03-18 18:12:12,128] Trial 18 pruned. 
[I 2026-03-18 18:12:15,431] Trial 22 pruned. 
[I 2026-03-18 18:12:16,082] Trial 31 pruned. 
[I 2026-03-18 18:12:16,555] Trial 9 pruned. 
[I 2026-03-18 18:12:20,164] Trial 12 finished with value: -1.6607000150854938 and parameters: {'n_layers_yyx': 2, 'hidden_size_yyx_l0': 4, 'hidden_size_yyx_l1': 6, 'context_size_yyx': 1, 'num_mix_components_yyx': 5, 'context_extractor_yyx': 'gru', 'activation_func_yyx': 'GELU', 'L2_weight_yyx': 2.3630239230353076e-05, 'L_entropy_weight_yyx': 1.1743961040938477e-10, 'L_sep_weight_yyx': 7.07836021737196e-08, 'L_scale_weight_yyx': 2.7044032395198617e-06, 'learning_rate_yyx': 0.009371359399480724}. Best is trial 11 with value: -1.6659153643654905.
[I 2026-03-18 18:12:26,659] Trial 10 finished with value: -1.6775257690694036 and parameters: {'n_layers_yyx': 2, 'hidden_size_yyx_l0': 2, 'hidden_size_yyx_l1': 4, 'context_size_yyx': 4, 'num_mix_components_yyx': 2, 'context_extractor_yyx': 'gru', 'activation_func_yyx': 'Tanh', 'L2_weight_yyx': 1.6445567545897896e-08, 'L_entropy_weight_yyx': 1.6213687167847304e-06, 'L_sep_weight_yyx': 5.345863528237693e-10, 'L_scale_weight_yyx': 1.3683729479779812e-05, 'learning_rate_yyx': 0.009808124791968202}. Best is trial 2 with value: -1.6820484414711034.
[I 2026-03-18 18:12:28,055] Trial 7 finished with value: -1.645046760074443 and parameters: {'n_layers_yyx': 2, 'hidden_size_yyx_l0': 4, 'hidden_size_yyx_l1': 2, 'context_size_yyx': 3, 'num_mix_components_yyx': 5, 'context_extractor_yyx': 'gru', 'activation_func_yyx': 'Tanh', 'L2_weight_yyx': 0.00043385436708459656, 'L_entropy_weight_yyx': 3.6872671370262466e-05, 'L_sep_weight_yyx': 1.4046848849249934e-09, 'L_scale_weight_yyx': 1.2931607222439719e-09, 'learning_rate_yyx': 0.0005680217158228097}. Best is trial 1 with value: -1.671168294287967.
[I 2026-03-18 18:12:30,837] Trial 19 pruned. 
[I 2026-03-18 18:12:30,841] Trial 15 finished with value: -2.643670173289397 and parameters: {'n_layers_yyx': 2, 'hidden_size_yyx_l0': 3, 'hidden_size_yyx_l1': 5, 'context_size_yyx': 4, 'num_mix_components_yyx': 3, 'context_extractor_yyx': 'gru', 'activation_func_yyx': 'ReLU', 'L2_weight_yyx': 0.00042224942782605055, 'L_entropy_weight_yyx': 4.515064404201409e-06, 'L_sep_weight_yyx': 1.204867510300896e-10, 'L_scale_weight_yyx': 3.081505979551161e-08, 'learning_rate_yyx': 0.001170817410993861}. Best is trial 10 with value: -2.6537577311197915.
[I 2026-03-18 18:12:34,090] Trial 13 pruned. 
[I 2026-03-18 18:12:34,585] Trial 16 pruned. 
[I 2026-03-18 18:12:40,737] Trial 32 pruned. 
[I 2026-03-18 18:12:42,552] Trial 21 pruned. 
[I 2026-03-18 18:12:44,525] Trial 11 finished with value: -1.6666733867509418 and parameters: {'n_layers_yyx': 1, 'hidden_size_yyx_l0': 3, 'context_size_yyx': 4, 'num_mix_components_yyx': 2, 'context_extractor_yyx': 'lstm', 'activation_func_yyx': 'Tanh', 'L2_weight_yyx': 1.2129992540609803e-10, 'L_entropy_weight_yyx': 2.4744393995935867e-07, 'L_sep_weight_yyx': 2.214458504702773e-09, 'L_scale_weight_yyx': 0.0006796875929675408, 'learning_rate_yyx': 0.00933074565562932}. Best is trial 9 with value: -1.6671910822907816.
[I 2026-03-18 18:12:54,358] Trial 13 pruned. 
[I 2026-03-18 18:12:57,189] Trial 11 finished with value: -1.6692650770200228 and parameters: {'n_layers_yyx': 2, 'hidden_size_yyx_l0': 5, 'hidden_size_yyx_l1': 4, 'context_size_yyx': 1, 'num_mix_components_yyx': 5, 'context_extractor_yyx': 'lstm', 'activation_func_yyx': 'Tanh', 'L2_weight_yyx': 1.896260679076643e-10, 'L_entropy_weight_yyx': 9.176464749162763e-09, 'L_sep_weight_yyx': 1.3336388611103786e-08, 'L_scale_weight_yyx': 1.2311576803419352e-08, 'learning_rate_yyx': 0.00757204790072991}. Best is trial 0 with value: -1.6746319320135328.
[I 2026-03-18 18:12:58,582] Trial 8 pruned. 
[I 2026-03-18 18:12:59,797] Trial 20 pruned. 
[I 2026-03-18 18:13:03,029] Trial 20 pruned. 
[I 2026-03-18 18:13:08,057] Trial 14 pruned. 
[I 2026-03-18 18:13:11,254] Trial 16 pruned. 
[I 2026-03-18 18:13:14,055] Trial 15 pruned. 
[I 2026-03-18 18:13:15,612] Trial 12 pruned. 
[I 2026-03-18 18:13:29,281] Trial 20 pruned. 
[I 2026-03-18 18:13:36,886] Trial 21 pruned. 
[I 2026-03-18 18:13:37,378] Trial 9 pruned. 
[I 2026-03-18 18:13:40,914] Trial 33 pruned. 
[I 2026-03-18 18:13:40,914] Trial 17 pruned. 
[I 2026-03-18 18:13:47,020] Trial 12 finished with value: -1.2614250958737074 and parameters: {'n_layers_yyx': 2, 'hidden_size_yyx_l0': 5, 'hidden_size_yyx_l1': 6, 'context_size_yyx': 3, 'num_mix_components_yyx': 5, 'context_extractor_yyx': 'lstm', 'activation_func_yyx': 'ReLU', 'L2_weight_yyx': 1.2965404602378447e-05, 'L_entropy_weight_yyx': 1.0382546707668843e-05, 'L_sep_weight_yyx': 1.7798042860083234e-10, 'L_scale_weight_yyx': 5.803757546014173e-07, 'learning_rate_yyx': 0.009102698924263608}. Best is trial 5 with value: -1.2714442113851663.
[I 2026-03-18 18:14:04,606] Trial 22 pruned. 
[I 2026-03-18 18:14:06,691] Trial 13 finished with value: -2.629292374950344 and parameters: {'n_layers_yyx': 2, 'hidden_size_yyx_l0': 2, 'hidden_size_yyx_l1': 3, 'context_size_yyx': 4, 'num_mix_components_yyx': 4, 'context_extractor_yyx': 'lstm', 'activation_func_yyx': 'GELU', 'L2_weight_yyx': 6.03938422724353e-08, 'L_entropy_weight_yyx': 1.0535870920497685e-10, 'L_sep_weight_yyx': 3.961977022996251e-09, 'L_scale_weight_yyx': 4.268974948553974e-09, 'learning_rate_yyx': 0.0023166230301355515}. Best is trial 11 with value: -2.635494617718387.
[I 2026-03-18 18:14:13,984] Trial 22 pruned. 
[I 2026-03-18 18:14:15,673] Trial 10 finished with value: -1.6605335635790122 and parameters: {'n_layers_yyx': 1, 'hidden_size_yyx_l0': 2, 'context_size_yyx': 4, 'num_mix_components_yyx': 4, 'context_extractor_yyx': 'lstm', 'activation_func_yyx': 'Tanh', 'L2_weight_yyx': 2.8376252505160113e-05, 'L_entropy_weight_yyx': 3.4556421494173916e-09, 'L_sep_weight_yyx': 5.906710782745626e-06, 'L_scale_weight_yyx': 0.0009337348780713205, 'learning_rate_yyx': 0.004074416940886314}. Best is trial 0 with value: -1.6702967433543936.
[I 2026-03-18 18:14:15,991] Trial 21 pruned. 
[I 2026-03-18 18:14:19,107] Trial 9 finished with value: -1.669138929497404 and parameters: {'n_layers_yyx': 2, 'hidden_size_yyx_l0': 5, 'hidden_size_yyx_l1': 2, 'context_size_yyx': 4, 'num_mix_components_yyx': 5, 'context_extractor_yyx': 'gru', 'activation_func_yyx': 'GELU', 'L2_weight_yyx': 3.621102894091572e-05, 'L_entropy_weight_yyx': 1.6374475484336562e-09, 'L_sep_weight_yyx': 1.2382538783882638e-08, 'L_scale_weight_yyx': 0.0004830711072250509, 'learning_rate_yyx': 0.005083687895207808}. Best is trial 2 with value: -1.6720916355195472.
[I 2026-03-18 18:14:22,359] Trial 15 pruned. 
[I 2026-03-18 18:14:26,061] Trial 13 pruned. 
[I 2026-03-18 18:14:26,510] Trial 13 finished with value: -1.6587117647642808 and parameters: {'n_layers_yyx': 1, 'hidden_size_yyx_l0': 5, 'context_size_yyx': 2, 'num_mix_components_yyx': 4, 'context_extractor_yyx': 'gru', 'activation_func_yyx': 'Tanh', 'L2_weight_yyx': 9.050698382413554e-05, 'L_entropy_weight_yyx': 4.002923527041023e-10, 'L_sep_weight_yyx': 1.3041938352265196e-08, 'L_scale_weight_yyx': 1.7063919825806148e-06, 'learning_rate_yyx': 0.005788236330817951}. Best is trial 10 with value: -1.6754296736951282.
[I 2026-03-18 18:14:45,730] Trial 10 pruned. 
[I 2026-03-18 18:14:46,868] Trial 23 pruned. 
[I 2026-03-18 18:14:47,155] Trial 23 pruned. 
[I 2026-03-18 18:14:47,495] Trial 10 finished with value: -2.6301519764852457 and parameters: {'n_layers_yyx': 2, 'hidden_size_yyx_l0': 2, 'hidden_size_yyx_l1': 6, 'context_size_yyx': 3, 'num_mix_components_yyx': 4, 'context_extractor_yyx': 'gru', 'activation_func_yyx': 'ReLU', 'L2_weight_yyx': 3.17732923913334e-08, 'L_entropy_weight_yyx': 1.1416157460274011e-10, 'L_sep_weight_yyx': 0.0004176327614636778, 'L_scale_weight_yyx': 2.894536698719711e-08, 'learning_rate_yyx': 0.00888350295534477}. Best is trial 9 with value: -2.6351331388383397.
[I 2026-03-18 18:14:52,690] Trial 10 pruned. 
[I 2026-03-18 18:14:53,836] Trial 11 pruned. 
[I 2026-03-18 18:14:59,532] Trial 14 pruned. 
[I 2026-03-18 18:15:01,817] Trial 11 finished with value: -2.630621734820482 and parameters: {'n_layers_yyx': 2, 'hidden_size_yyx_l0': 3, 'hidden_size_yyx_l1': 3, 'context_size_yyx': 4, 'num_mix_components_yyx': 5, 'context_extractor_yyx': 'lstm', 'activation_func_yyx': 'ReLU', 'L2_weight_yyx': 0.0003960354128439243, 'L_entropy_weight_yyx': 4.471006524076568e-09, 'L_sep_weight_yyx': 2.9751481884967754e-05, 'L_scale_weight_yyx': 0.0008706517238877817, 'learning_rate_yyx': 0.0026482373120561725}. Best is trial 6 with value: -2.642843521506465.
[I 2026-03-18 18:15:20,751] Trial 24 pruned. 
[I 2026-03-18 18:15:23,818] Trial 22 pruned. 
[I 2026-03-18 18:15:29,841] Trial 14 pruned. 
[I 2026-03-18 18:15:29,844] Trial 12 pruned. 
[I 2026-03-18 18:15:30,912] Trial 16 pruned. 
[I 2026-03-18 18:15:44,035] Trial 12 pruned. 
[I 2026-03-18 18:15:55,844] Trial 19 finished with value: -2.6343980726304945 and parameters: {'n_layers_yyx': 2, 'hidden_size_yyx_l0': 3, 'hidden_size_yyx_l1': 4, 'context_size_yyx': 2, 'num_mix_components_yyx': 4, 'context_extractor_yyx': 'lstm', 'activation_func_yyx': 'Tanh', 'L2_weight_yyx': 4.0673282663092965e-06, 'L_entropy_weight_yyx': 1.6699185714480585e-08, 'L_sep_weight_yyx': 0.0009270288602534539, 'L_scale_weight_yyx': 5.043058354136511e-09, 'learning_rate_yyx': 0.009702773747939146}. Best is trial 14 with value: -2.6415204441902964.
[I 2026-03-18 18:15:59,990] Trial 11 pruned. 
[I 2026-03-18 18:16:08,000] Trial 13 pruned. 
[I 2026-03-18 18:16:09,447] Trial 17 pruned. 
[I 2026-03-18 18:16:11,383] Trial 15 pruned. 
[I 2026-03-18 18:16:22,798] Trial 12 finished with value: -2.6367576393180125 and parameters: {'n_layers_yyx': 1, 'hidden_size_yyx_l0': 4, 'context_size_yyx': 3, 'num_mix_components_yyx': 5, 'context_extractor_yyx': 'gru', 'activation_func_yyx': 'Tanh', 'L2_weight_yyx': 4.890385983382148e-05, 'L_entropy_weight_yyx': 1.5740139905899853e-08, 'L_sep_weight_yyx': 8.290839451226569e-08, 'L_scale_weight_yyx': 1.313913109754938e-09, 'learning_rate_yyx': 0.00927519676322161}. Best is trial 10 with value: -2.640669339569724.
[I 2026-03-18 18:16:32,351] Trial 23 pruned. 
[I 2026-03-18 18:16:35,256] Trial 15 pruned. 
[I 2026-03-18 18:16:38,240] Trial 12 pruned. 
[I 2026-03-18 18:16:39,791] Trial 14 finished with value: -2.5974339295391458 and parameters: {'n_layers_yyx': 2, 'hidden_size_yyx_l0': 5, 'hidden_size_yyx_l1': 5, 'context_size_yyx': 3, 'num_mix_components_yyx': 1, 'context_extractor_yyx': 'lstm', 'activation_func_yyx': 'GELU', 'L2_weight_yyx': 4.9902090373485665e-06, 'L_entropy_weight_yyx': 1.4817360496390427e-08, 'L_sep_weight_yyx': 6.1646033390361886e-09, 'L_scale_weight_yyx': 6.159358540593646e-05, 'learning_rate_yyx': 0.006301681545270515}. Best is trial 11 with value: -2.635494617718387.
[I 2026-03-18 18:16:43,704] Trial 15 finished with value: -1.72713993893394 and parameters: {'n_layers_yyx': 2, 'hidden_size_yyx_l0': 3, 'hidden_size_yyx_l1': 5, 'context_size_yyx': 4, 'num_mix_components_yyx': 4, 'context_extractor_yyx': 'gru', 'activation_func_yyx': 'Tanh', 'L2_weight_yyx': 3.260764955263851e-07, 'L_entropy_weight_yyx': 4.0329335001615994e-08, 'L_sep_weight_yyx': 3.110475934342303e-06, 'L_scale_weight_yyx': 1.5793677584201703e-08, 'learning_rate_yyx': 0.003466367515701128}. Best is trial 15 with value: -1.72713993893394.
[I 2026-03-18 18:16:45,526] Trial 13 pruned. 
[I 2026-03-18 18:16:46,737] Trial 14 pruned. 
[I 2026-03-18 18:16:46,951] Trial 16 pruned. 
[I 2026-03-18 18:16:49,852] Trial 20 pruned. 
[I 2026-03-18 18:16:53,542] Trial 25 pruned. 
[I 2026-03-18 18:16:54,436] Trial 17 pruned. 
[I 2026-03-18 18:17:03,665] Trial 13 pruned. 
[I 2026-03-18 18:17:14,395] Trial 26 pruned. 
[I 2026-03-18 18:17:21,821] Trial 18 pruned. 
[I 2026-03-18 18:17:23,676] Trial 15 pruned. 
[I 2026-03-18 18:17:26,633] Trial 10 finished with value: -1.6687655903262744 and parameters: {'n_layers_yyx': 2, 'hidden_size_yyx_l0': 5, 'hidden_size_yyx_l1': 6, 'context_size_yyx': 4, 'num_mix_components_yyx': 2, 'context_extractor_yyx': 'gru', 'activation_func_yyx': 'Tanh', 'L2_weight_yyx': 1.3189086701861936e-10, 'L_entropy_weight_yyx': 8.336578464011203e-06, 'L_sep_weight_yyx': 1.2330901849285995e-08, 'L_scale_weight_yyx': 5.2481573946238296e-09, 'learning_rate_yyx': 0.0036660699572461596}. Best is trial 10 with value: -1.6687655903262744.
[I 2026-03-18 18:17:28,629] Trial 24 pruned. 
[I 2026-03-18 18:17:32,761] Trial 12 finished with value: -1.6645964610425732 and parameters: {'n_layers_yyx': 2, 'hidden_size_yyx_l0': 4, 'hidden_size_yyx_l1': 6, 'context_size_yyx': 3, 'num_mix_components_yyx': 4, 'context_extractor_yyx': 'gru', 'activation_func_yyx': 'ReLU', 'L2_weight_yyx': 0.0005033774127666554, 'L_entropy_weight_yyx': 5.976581477610583e-06, 'L_sep_weight_yyx': 6.200067184847837e-09, 'L_scale_weight_yyx': 1.3877411619400048e-07, 'learning_rate_yyx': 0.00501462128276085}. Best is trial 12 with value: -1.6645964610425732.
[I 2026-03-18 18:17:36,673] Trial 14 pruned. 
[I 2026-03-18 18:17:48,119] Trial 21 pruned. 
[I 2026-03-18 18:17:54,262] Trial 34 finished with value: -1.265282960563843 and parameters: {'n_layers_yyx': 1, 'hidden_size_yyx_l0': 5, 'context_size_yyx': 3, 'num_mix_components_yyx': 2, 'context_extractor_yyx': 'lstm', 'activation_func_yyx': 'Tanh', 'L2_weight_yyx': 9.225705000129928e-07, 'L_entropy_weight_yyx': 7.364426875809383e-07, 'L_sep_weight_yyx': 3.140645517965518e-10, 'L_scale_weight_yyx': 3.2725873890914315e-10, 'learning_rate_yyx': 0.006619379688829542}. Best is trial 34 with value: -1.265282960563843.
[I 2026-03-18 18:17:55,162] Trial 16 pruned. 
[I 2026-03-18 18:17:58,502] Trial 25 pruned. 
[I 2026-03-18 18:17:58,643] Trial 13 pruned. 
[I 2026-03-18 18:17:59,724] Trial 24 pruned. 
[I 2026-03-18 18:18:00,513] Trial 27 pruned. 
[I 2026-03-18 18:18:08,976] Trial 16 pruned. 
[I 2026-03-18 18:18:10,113] Trial 28 pruned. 
[I 2026-03-18 18:18:13,431] Trial 35 pruned. 
[I 2026-03-18 18:18:14,291] Trial 17 finished with value: -2.646340507814064 and parameters: {'n_layers_yyx': 2, 'hidden_size_yyx_l0': 3, 'hidden_size_yyx_l1': 2, 'context_size_yyx': 4, 'num_mix_components_yyx': 4, 'context_extractor_yyx': 'gru', 'activation_func_yyx': 'ReLU', 'L2_weight_yyx': 1.820183940447607e-09, 'L_entropy_weight_yyx': 0.0008038305196198051, 'L_sep_weight_yyx': 7.986270290845561e-07, 'L_scale_weight_yyx': 1.4614633111022327e-09, 'learning_rate_yyx': 0.009324898888322499}. Best is trial 10 with value: -2.6537577311197915.
[I 2026-03-18 18:18:14,793] Trial 23 finished with value: -2.5999781150979535 and parameters: {'n_layers_yyx': 1, 'hidden_size_yyx_l0': 2, 'context_size_yyx': 3, 'num_mix_components_yyx': 1, 'context_extractor_yyx': 'lstm', 'activation_func_yyx': 'ReLU', 'L2_weight_yyx': 6.3708978840547745e-09, 'L_entropy_weight_yyx': 1.5391081642442582e-07, 'L_sep_weight_yyx': 1.8222644461026682e-08, 'L_scale_weight_yyx': 2.391880672549567e-07, 'learning_rate_yyx': 0.0015085768487191095}. Best is trial 12 with value: -2.6375437257353878.
[I 2026-03-18 18:18:16,041] Trial 16 pruned. 
[I 2026-03-18 18:18:16,522] Trial 14 finished with value: -1.2475992579997799 and parameters: {'n_layers_yyx': 2, 'hidden_size_yyx_l0': 4, 'hidden_size_yyx_l1': 6, 'context_size_yyx': 2, 'num_mix_components_yyx': 1, 'context_extractor_yyx': 'gru', 'activation_func_yyx': 'Tanh', 'L2_weight_yyx': 3.778294199349191e-08, 'L_entropy_weight_yyx': 1.6973941378385632e-10, 'L_sep_weight_yyx': 0.0008894792070630002, 'L_scale_weight_yyx': 8.54077528311525e-09, 'learning_rate_yyx': 0.008975596658292798}. Best is trial 3 with value: -1.2710647653519778.
[I 2026-03-18 18:18:20,221] Trial 15 pruned. 
[I 2026-03-18 18:18:20,631] Trial 13 finished with value: -1.6722197537243195 and parameters: {'n_layers_yyx': 1, 'hidden_size_yyx_l0': 3, 'context_size_yyx': 4, 'num_mix_components_yyx': 4, 'context_extractor_yyx': 'lstm', 'activation_func_yyx': 'GELU', 'L2_weight_yyx': 4.9084176669998395e-09, 'L_entropy_weight_yyx': 2.8548949669970704e-09, 'L_sep_weight_yyx': 1.1759196123237047e-09, 'L_scale_weight_yyx': 1.3589195493174451e-08, 'learning_rate_yyx': 0.009662748307867517}. Best is trial 13 with value: -1.6722197537243195.
[I 2026-03-18 18:18:20,721] Trial 14 pruned. 
[I 2026-03-18 18:18:20,991] Trial 36 pruned. 
[I 2026-03-18 18:18:24,486] Trial 22 pruned. 
[I 2026-03-18 18:18:27,186] Trial 11 finished with value: -1.667259539401336 and parameters: {'n_layers_yyx': 1, 'hidden_size_yyx_l0': 3, 'context_size_yyx': 3, 'num_mix_components_yyx': 3, 'context_extractor_yyx': 'gru', 'activation_func_yyx': 'Tanh', 'L2_weight_yyx': 0.0009999006511755837, 'L_entropy_weight_yyx': 1.0177252908422301e-10, 'L_sep_weight_yyx': 7.106571096689153e-06, 'L_scale_weight_yyx': 1.0317450068369406e-08, 'learning_rate_yyx': 0.009217030062047682}. Best is trial 2 with value: -1.6799626520210098.
[I 2026-03-18 18:18:27,720] Trial 13 pruned. 
[I 2026-03-18 18:18:27,767] Trial 18 pruned. 
[I 2026-03-18 18:18:28,675] Trial 8 finished with value: -1.650956576184709 and parameters: {'n_layers_yyx': 2, 'hidden_size_yyx_l0': 3, 'hidden_size_yyx_l1': 6, 'context_size_yyx': 1, 'num_mix_components_yyx': 4, 'context_extractor_yyx': 'gru', 'activation_func_yyx': 'Tanh', 'L2_weight_yyx': 7.125759723472948e-05, 'L_entropy_weight_yyx': 3.8377869036285716e-08, 'L_sep_weight_yyx': 2.1081550364050884e-07, 'L_scale_weight_yyx': 1.4256495374154995e-10, 'learning_rate_yyx': 0.0028933959097282116}. Best is trial 2 with value: -1.666246732076009.
[I 2026-03-18 18:18:29,960] Trial 15 pruned. 
[I 2026-03-18 18:18:30,061] Trial 14 pruned. 
[I 2026-03-18 18:18:31,812] Trial 12 finished with value: -1.669586442317724 and parameters: {'n_layers_yyx': 2, 'hidden_size_yyx_l0': 5, 'hidden_size_yyx_l1': 3, 'context_size_yyx': 1, 'num_mix_components_yyx': 5, 'context_extractor_yyx': 'lstm', 'activation_func_yyx': 'Tanh', 'L2_weight_yyx': 1.586862585035959e-10, 'L_entropy_weight_yyx': 5.2811882400239726e-09, 'L_sep_weight_yyx': 3.42826049589133e-09, 'L_scale_weight_yyx': 8.230042313583247e-09, 'learning_rate_yyx': 0.008920413087604055}. Best is trial 0 with value: -1.6746319320135328.
[I 2026-03-18 18:18:32,735] Trial 15 pruned. 
[I 2026-03-18 18:18:32,951] Trial 16 pruned. 
[I 2026-03-18 18:18:33,135] Trial 17 pruned. 
[I 2026-03-18 18:18:34,179] Trial 21 finished with value: -1.258429627762264 and parameters: {'n_layers_yyx': 1, 'hidden_size_yyx_l0': 6, 'context_size_yyx': 3, 'num_mix_components_yyx': 3, 'context_extractor_yyx': 'lstm', 'activation_func_yyx': 'GELU', 'L2_weight_yyx': 0.00010877359181349157, 'L_entropy_weight_yyx': 0.0006693982046522309, 'L_sep_weight_yyx': 3.623647155951676e-05, 'L_scale_weight_yyx': 1.0872281058469556e-10, 'learning_rate_yyx': 0.003032024020591921}. Best is trial 2 with value: -1.266387742019625.
[I 2026-03-18 18:18:45,160] Trial 16 pruned. 
[I 2026-03-18 18:18:45,161] Trial 15 pruned. 
[I 2026-03-18 18:18:45,161] Trial 14 pruned. 
[I 2026-03-18 18:18:49,922] Trial 21 finished with value: -1.6681976850728097 and parameters: {'n_layers_yyx': 1, 'hidden_size_yyx_l0': 5, 'context_size_yyx': 2, 'num_mix_components_yyx': 3, 'context_extractor_yyx': 'lstm', 'activation_func_yyx': 'GELU', 'L2_weight_yyx': 6.75426689500575e-05, 'L_entropy_weight_yyx': 4.687337321947997e-07, 'L_sep_weight_yyx': 1.0890874853219482e-08, 'L_scale_weight_yyx': 2.9581357348395527e-05, 'learning_rate_yyx': 0.008883018114663072}. Best is trial 2 with value: -1.6745893480229308.
[I 2026-03-18 18:18:57,712] Trial 24 pruned. 
[I 2026-03-18 18:19:03,738] Trial 22 pruned. 
[I 2026-03-18 18:19:17,367] Trial 21 finished with value: -2.6257202953675938 and parameters: {'n_layers_yyx': 2, 'hidden_size_yyx_l0': 4, 'hidden_size_yyx_l1': 2, 'context_size_yyx': 1, 'num_mix_components_yyx': 2, 'context_extractor_yyx': 'gru', 'activation_func_yyx': 'Tanh', 'L2_weight_yyx': 1.7926679611800197e-08, 'L_entropy_weight_yyx': 6.216896792559645e-05, 'L_sep_weight_yyx': 2.543110305075912e-10, 'L_scale_weight_yyx': 1.0541169608003632e-06, 'learning_rate_yyx': 0.002912863857096521}. Best is trial 0 with value: -2.6330643191486622.
[I 2026-03-18 18:19:23,585] Trial 16 pruned. 
[I 2026-03-18 18:19:25,064] Trial 19 pruned. 
[I 2026-03-18 18:19:36,626] Trial 17 pruned. 
[I 2026-03-18 18:19:38,600] Trial 17 pruned. 
[I 2026-03-18 18:19:38,600] Trial 25 pruned. 
[I 2026-03-18 18:19:56,271] Trial 17 pruned. 
[I 2026-03-18 18:20:00,765] Trial 22 pruned. 
[I 2026-03-18 18:20:02,529] Trial 15 pruned. 
[I 2026-03-18 18:20:02,980] Trial 11 finished with value: -1.6739410945609627 and parameters: {'n_layers_yyx': 2, 'hidden_size_yyx_l0': 6, 'hidden_size_yyx_l1': 6, 'context_size_yyx': 4, 'num_mix_components_yyx': 2, 'context_extractor_yyx': 'lstm', 'activation_func_yyx': 'Tanh', 'L2_weight_yyx': 2.0375197554504267e-10, 'L_entropy_weight_yyx': 5.1444624938407494e-08, 'L_sep_weight_yyx': 3.608732663370621e-06, 'L_scale_weight_yyx': 1.529079336189601e-10, 'learning_rate_yyx': 0.0035929826670746986}. Best is trial 11 with value: -1.6739410945609627.
[I 2026-03-18 18:20:07,333] Trial 11 finished with value: -1.6657074312388152 and parameters: {'n_layers_yyx': 1, 'hidden_size_yyx_l0': 5, 'context_size_yyx': 4, 'num_mix_components_yyx': 3, 'context_extractor_yyx': 'gru', 'activation_func_yyx': 'GELU', 'L2_weight_yyx': 2.0807113708044486e-06, 'L_entropy_weight_yyx': 8.009141123527286e-05, 'L_sep_weight_yyx': 1.960186889244663e-06, 'L_scale_weight_yyx': 1.4649590955731366e-10, 'learning_rate_yyx': 0.005002020228313533}. Best is trial 2 with value: -1.6720916355195472.
[I 2026-03-18 18:20:27,181] Trial 14 finished with value: -1.6593422508790472 and parameters: {'n_layers_yyx': 1, 'hidden_size_yyx_l0': 3, 'context_size_yyx': 3, 'num_mix_components_yyx': 2, 'context_extractor_yyx': 'lstm', 'activation_func_yyx': 'Tanh', 'L2_weight_yyx': 1.8240271721211882e-09, 'L_entropy_weight_yyx': 4.1346755153631284e-05, 'L_sep_weight_yyx': 9.189131116341581e-10, 'L_scale_weight_yyx': 0.0009169138778140674, 'learning_rate_yyx': 0.0012744148818597614}. Best is trial 0 with value: -1.6683178048964529.
[I 2026-03-18 18:20:40,899] Trial 15 finished with value: -2.6388607085013045 and parameters: {'n_layers_yyx': 2, 'hidden_size_yyx_l0': 5, 'hidden_size_yyx_l1': 6, 'context_size_yyx': 4, 'num_mix_components_yyx': 4, 'context_extractor_yyx': 'lstm', 'activation_func_yyx': 'Tanh', 'L2_weight_yyx': 1.8271180280668473e-10, 'L_entropy_weight_yyx': 6.746068830139218e-07, 'L_sep_weight_yyx': 1.866121371204335e-10, 'L_scale_weight_yyx': 5.062750019902209e-09, 'learning_rate_yyx': 0.006383985589714907}. Best is trial 15 with value: -2.6388607085013045.
[I 2026-03-18 18:20:41,766] Trial 23 pruned. 
[I 2026-03-18 18:20:44,912] Trial 11 finished with value: -1.6587469304720868 and parameters: {'n_layers_yyx': 1, 'hidden_size_yyx_l0': 2, 'context_size_yyx': 4, 'num_mix_components_yyx': 4, 'context_extractor_yyx': 'lstm', 'activation_func_yyx': 'Tanh', 'L2_weight_yyx': 6.773120299003942e-05, 'L_entropy_weight_yyx': 2.367536952007461e-09, 'L_sep_weight_yyx': 5.063346692046786e-06, 'L_scale_weight_yyx': 0.0008222028209862997, 'learning_rate_yyx': 0.0044105742905852586}. Best is trial 0 with value: -1.6702967433543936.
[I 2026-03-18 18:20:56,185] Trial 12 pruned. 
[I 2026-03-18 18:21:16,899] Trial 22 pruned. 
[I 2026-03-18 18:21:17,832] Trial 23 pruned. 
[I 2026-03-18 18:21:47,611] Trial 24 pruned. 
[I 2026-03-18 18:21:48,979] Trial 19 finished with value: -1.6726601722724628 and parameters: {'n_layers_yyx': 1, 'hidden_size_yyx_l0': 5, 'context_size_yyx': 4, 'num_mix_components_yyx': 3, 'context_extractor_yyx': 'lstm', 'activation_func_yyx': 'Tanh', 'L2_weight_yyx': 7.560926348581603e-07, 'L_entropy_weight_yyx': 5.866567138597172e-08, 'L_sep_weight_yyx': 7.397376185401511e-08, 'L_scale_weight_yyx': 4.988041090998195e-09, 'learning_rate_yyx': 0.009779690423737795}. Best is trial 10 with value: -1.6754296736951282.
[I 2026-03-18 18:21:48,980] Trial 18 finished with value: -1.6611632309473972 and parameters: {'n_layers_yyx': 1, 'hidden_size_yyx_l0': 6, 'context_size_yyx': 3, 'num_mix_components_yyx': 4, 'context_extractor_yyx': 'gru', 'activation_func_yyx': 'ReLU', 'L2_weight_yyx': 2.065131001014554e-06, 'L_entropy_weight_yyx': 2.9310316065818183e-09, 'L_sep_weight_yyx': 9.253647132288104e-08, 'L_scale_weight_yyx': 1.2862250642655638e-06, 'learning_rate_yyx': 0.0009228653269754887}. Best is trial 2 with value: -1.6777834079951708.
[I 2026-03-18 18:21:50,604] Trial 24 pruned. 
[I 2026-03-18 18:21:59,594] Trial 23 finished with value: -2.6311014268237343 and parameters: {'n_layers_yyx': 2, 'hidden_size_yyx_l0': 5, 'hidden_size_yyx_l1': 4, 'context_size_yyx': 1, 'num_mix_components_yyx': 4, 'context_extractor_yyx': 'lstm', 'activation_func_yyx': 'Tanh', 'L2_weight_yyx': 2.820124303994313e-07, 'L_entropy_weight_yyx': 1.1064581879982819e-06, 'L_sep_weight_yyx': 3.710885162850423e-05, 'L_scale_weight_yyx': 8.637892796386799e-10, 'learning_rate_yyx': 0.0078372275105738}. Best is trial 14 with value: -2.6415204441902964.
[I 2026-03-18 18:22:04,002] Trial 29 finished with value: -1.2898682832717896 and parameters: {'n_layers_yyx': 1, 'hidden_size_yyx_l0': 5, 'context_size_yyx': 4, 'num_mix_components_yyx': 3, 'context_extractor_yyx': 'gru', 'activation_func_yyx': 'Tanh', 'L2_weight_yyx': 4.155470266150229e-08, 'L_entropy_weight_yyx': 1.1402672087072055e-08, 'L_sep_weight_yyx': 2.996834486058796e-08, 'L_scale_weight_yyx': 2.6515189574536068e-05, 'learning_rate_yyx': 0.008977120727079528}. Best is trial 8 with value: -1.3030293492170482.
[I 2026-03-18 18:22:04,135] Trial 18 pruned. 
[I 2026-03-18 18:22:13,428] Trial 23 pruned. 
[I 2026-03-18 18:22:20,282] Trial 11 finished with value: -1.6687842250673444 and parameters: {'n_layers_yyx': 2, 'hidden_size_yyx_l0': 5, 'hidden_size_yyx_l1': 6, 'context_size_yyx': 4, 'num_mix_components_yyx': 2, 'context_extractor_yyx': 'gru', 'activation_func_yyx': 'Tanh', 'L2_weight_yyx': 1.119392583517347e-10, 'L_entropy_weight_yyx': 4.303966338746932e-06, 'L_sep_weight_yyx': 1.9733890234898947e-08, 'L_scale_weight_yyx': 3.4539466273358855e-09, 'learning_rate_yyx': 0.003683497976700311}. Best is trial 11 with value: -1.6687842250673444.
[I 2026-03-18 18:22:32,216] Trial 24 pruned. 
[I 2026-03-18 18:22:35,845] Trial 37 finished with value: -1.2716001485940929 and parameters: {'n_layers_yyx': 1, 'hidden_size_yyx_l0': 6, 'context_size_yyx': 4, 'num_mix_components_yyx': 2, 'context_extractor_yyx': 'lstm', 'activation_func_yyx': 'GELU', 'L2_weight_yyx': 2.5752531640563844e-05, 'L_entropy_weight_yyx': 2.82708576849711e-09, 'L_sep_weight_yyx': 3.728727119374053e-10, 'L_scale_weight_yyx': 3.065376780955542e-10, 'learning_rate_yyx': 0.006702978166521126}. Best is trial 37 with value: -1.2716001485940929.
[I 2026-03-18 18:22:36,113] Trial 26 finished with value: -2.6038618371841755 and parameters: {'n_layers_yyx': 2, 'hidden_size_yyx_l0': 5, 'hidden_size_yyx_l1': 5, 'context_size_yyx': 3, 'num_mix_components_yyx': 3, 'context_extractor_yyx': 'gru', 'activation_func_yyx': 'GELU', 'L2_weight_yyx': 1.8933384758393343e-06, 'L_entropy_weight_yyx': 1.1040513236397186e-09, 'L_sep_weight_yyx': 1.4462463804388686e-10, 'L_scale_weight_yyx': 2.98115680280093e-06, 'learning_rate_yyx': 0.008650138763286125}. Best is trial 20 with value: -2.635415358426911.
[I 2026-03-18 18:22:37,731] Trial 14 finished with value: -2.6043183541642145 and parameters: {'n_layers_yyx': 1, 'hidden_size_yyx_l0': 2, 'context_size_yyx': 3, 'num_mix_components_yyx': 4, 'context_extractor_yyx': 'lstm', 'activation_func_yyx': 'ReLU', 'L2_weight_yyx': 2.834521469586243e-07, 'L_entropy_weight_yyx': 1.890914874594776e-09, 'L_sep_weight_yyx': 7.60341496702958e-08, 'L_scale_weight_yyx': 6.966432356532164e-09, 'learning_rate_yyx': 0.0045980316430449695}. Best is trial 10 with value: -2.640669339569724.
[I 2026-03-18 18:22:42,367] Trial 18 pruned. 
[I 2026-03-18 18:22:44,740] Trial 26 pruned. 
[I 2026-03-18 18:22:48,229] Trial 15 pruned. 
[I 2026-03-18 18:22:49,456] Trial 25 pruned. 
[I 2026-03-18 18:22:50,791] Trial 24 pruned. 
[I 2026-03-18 18:22:53,336] Trial 19 pruned. 
[I 2026-03-18 18:23:02,188] Trial 30 pruned. 
[I 2026-03-18 18:23:03,681] Trial 25 pruned. 
[I 2026-03-18 18:23:03,681] Trial 19 pruned. 
[I 2026-03-18 18:23:06,713] Trial 16 finished with value: -1.2693103712720042 and parameters: {'n_layers_yyx': 2, 'hidden_size_yyx_l0': 3, 'hidden_size_yyx_l1': 2, 'context_size_yyx': 4, 'num_mix_components_yyx': 2, 'context_extractor_yyx': 'lstm', 'activation_func_yyx': 'ReLU', 'L2_weight_yyx': 8.388393061895415e-05, 'L_entropy_weight_yyx': 5.8531986756456505e-05, 'L_sep_weight_yyx': 1.1317801403110533e-10, 'L_scale_weight_yyx': 2.9449800981931998e-08, 'learning_rate_yyx': 0.003047511480197071}. Best is trial 5 with value: -1.2714442113851663.
[I 2026-03-18 18:23:09,124] Trial 18 finished with value: -1.260811345634531 and parameters: {'n_layers_yyx': 1, 'hidden_size_yyx_l0': 4, 'context_size_yyx': 4, 'num_mix_components_yyx': 4, 'context_extractor_yyx': 'gru', 'activation_func_yyx': 'Tanh', 'L2_weight_yyx': 1.2116865514064583e-06, 'L_entropy_weight_yyx': 0.0008797718860807599, 'L_sep_weight_yyx': 2.9732879271348993e-07, 'L_scale_weight_yyx': 0.0005804353098155255, 'learning_rate_yyx': 0.0045448229590029}. Best is trial 6 with value: -1.270142151555821.
[I 2026-03-18 18:23:09,238] Trial 38 pruned. 
[I 2026-03-18 18:23:09,693] Trial 25 pruned. 
[I 2026-03-18 18:23:09,841] Trial 27 pruned. 
[I 2026-03-18 18:23:10,602] Trial 15 pruned. 
[I 2026-03-18 18:23:14,737] Trial 19 pruned. 
[I 2026-03-18 18:23:20,851] Trial 20 pruned. 
[I 2026-03-18 18:23:21,271] Trial 12 pruned. 
[I 2026-03-18 18:23:22,122] Trial 16 finished with value: -2.629931203838571 and parameters: {'n_layers_yyx': 2, 'hidden_size_yyx_l0': 5, 'hidden_size_yyx_l1': 6, 'context_size_yyx': 3, 'num_mix_components_yyx': 4, 'context_extractor_yyx': 'lstm', 'activation_func_yyx': 'Tanh', 'L2_weight_yyx': 0.0009190364284685364, 'L_entropy_weight_yyx': 0.0004116961115184732, 'L_sep_weight_yyx': 1.7372794939164355e-10, 'L_scale_weight_yyx': 4.332614675812749e-09, 'learning_rate_yyx': 0.005914599338262433}. Best is trial 15 with value: -2.6388607085013045.
[I 2026-03-18 18:23:23,033] Trial 25 pruned. 
[I 2026-03-18 18:23:23,676] Trial 31 pruned. 
[I 2026-03-18 18:23:24,821] Trial 20 pruned. 
[I 2026-03-18 18:23:25,316] Trial 19 pruned. 
[I 2026-03-18 18:23:28,610] Trial 16 pruned. 
[I 2026-03-18 18:23:30,066] Trial 26 pruned. 
[I 2026-03-18 18:23:31,349] Trial 16 pruned. 
[I 2026-03-18 18:23:33,620] Trial 32 pruned. 
[I 2026-03-18 18:23:33,857] Trial 17 pruned. 
[I 2026-03-18 18:23:33,959] Trial 17 finished with value: -1.2404427942639138 and parameters: {'n_layers_yyx': 2, 'hidden_size_yyx_l0': 4, 'hidden_size_yyx_l1': 4, 'context_size_yyx': 4, 'num_mix_components_yyx': 3, 'context_extractor_yyx': 'gru', 'activation_func_yyx': 'GELU', 'L2_weight_yyx': 1.465904285402908e-06, 'L_entropy_weight_yyx': 3.0608701025428917e-10, 'L_sep_weight_yyx': 1.4210787289881904e-05, 'L_scale_weight_yyx': 1.7891646338387448e-09, 'learning_rate_yyx': 0.009573883816885955}. Best is trial 3 with value: -1.2710647653519778.
[I 2026-03-18 18:23:34,140] Trial 39 pruned. 
[I 2026-03-18 18:23:34,683] Trial 20 pruned. 
[I 2026-03-18 18:23:38,851] Trial 20 pruned. 
[I 2026-03-18 18:23:41,019] Trial 21 pruned. 
[I 2026-03-18 18:23:42,232] Trial 17 finished with value: -1.6802871197433398 and parameters: {'n_layers_yyx': 2, 'hidden_size_yyx_l0': 6, 'hidden_size_yyx_l1': 5, 'context_size_yyx': 3, 'num_mix_components_yyx': 1, 'context_extractor_yyx': 'gru', 'activation_func_yyx': 'Tanh', 'L2_weight_yyx': 1.6577372181221057e-05, 'L_entropy_weight_yyx': 1.770232594776417e-07, 'L_sep_weight_yyx': 1.5030591618734356e-05, 'L_scale_weight_yyx': 1.8137345520255176e-08, 'learning_rate_yyx': 0.004255674161531122}. Best is trial 2 with value: -1.6820484414711034.
[I 2026-03-18 18:23:45,100] Trial 21 pruned. 
[I 2026-03-18 18:23:45,580] Trial 17 pruned. 
[I 2026-03-18 18:23:48,928] Trial 28 pruned. 
[I 2026-03-18 18:23:54,064] Trial 18 pruned. 
[I 2026-03-18 18:23:54,064] Trial 20 pruned. 
[I 2026-03-18 18:24:00,095] Trial 18 pruned. 
[I 2026-03-18 18:24:14,666] Trial 13 finished with value: -1.669436284965684 and parameters: {'n_layers_yyx': 2, 'hidden_size_yyx_l0': 6, 'hidden_size_yyx_l1': 3, 'context_size_yyx': 4, 'num_mix_components_yyx': 2, 'context_extractor_yyx': 'lstm', 'activation_func_yyx': 'Tanh', 'L2_weight_yyx': 1.6637520634111572e-09, 'L_entropy_weight_yyx': 0.0008807534270363303, 'L_sep_weight_yyx': 1.4990650019667542e-09, 'L_scale_weight_yyx': 3.9278216499039085e-07, 'learning_rate_yyx': 0.005399748271373988}. Best is trial 0 with value: -1.6746319320135328.
[I 2026-03-18 18:24:17,668] Trial 18 pruned. 
[I 2026-03-18 18:24:21,361] Trial 27 pruned. 
[I 2026-03-18 18:24:23,469] Trial 25 pruned. 
[I 2026-03-18 18:24:54,465] Trial 12 finished with value: -1.66306493096448 and parameters: {'n_layers_yyx': 1, 'hidden_size_yyx_l0': 3, 'context_size_yyx': 3, 'num_mix_components_yyx': 4, 'context_extractor_yyx': 'gru', 'activation_func_yyx': 'Tanh', 'L2_weight_yyx': 0.0009993538735674759, 'L_entropy_weight_yyx': 3.4969557771098443e-09, 'L_sep_weight_yyx': 3.1257637984908217e-06, 'L_scale_weight_yyx': 1.3009676578490452e-08, 'learning_rate_yyx': 0.009765974773045187}. Best is trial 2 with value: -1.6799626520210098.
[I 2026-03-18 18:25:01,754] Trial 19 pruned. 
[I 2026-03-18 18:25:11,552] Trial 19 pruned. 
[I 2026-03-18 18:25:15,189] Trial 29 pruned. 
[I 2026-03-18 18:25:19,720] Trial 20 finished with value: -2.652704652257403 and parameters: {'n_layers_yyx': 2, 'hidden_size_yyx_l0': 3, 'hidden_size_yyx_l1': 4, 'context_size_yyx': 4, 'num_mix_components_yyx': 3, 'context_extractor_yyx': 'gru', 'activation_func_yyx': 'ReLU', 'L2_weight_yyx': 9.946920074928204e-07, 'L_entropy_weight_yyx': 4.739945293089286e-05, 'L_sep_weight_yyx': 4.400263527409149e-07, 'L_scale_weight_yyx': 5.064054390152768e-09, 'learning_rate_yyx': 0.0041050399623701805}. Best is trial 10 with value: -2.6537577311197915.
[I 2026-03-18 18:25:19,747] Trial 27 pruned. 
[I 2026-03-18 18:25:21,249] Trial 13 pruned. 
[I 2026-03-18 18:25:40,520] Trial 26 pruned. 
[I 2026-03-18 18:25:40,600] Trial 26 pruned. 
[I 2026-03-18 18:25:52,334] Trial 9 finished with value: -1.6703570914822956 and parameters: {'n_layers_yyx': 1, 'hidden_size_yyx_l0': 5, 'context_size_yyx': 4, 'num_mix_components_yyx': 4, 'context_extractor_yyx': 'lstm', 'activation_func_yyx': 'ReLU', 'L2_weight_yyx': 0.00019856057423130348, 'L_entropy_weight_yyx': 4.148970926594453e-06, 'L_sep_weight_yyx': 1.4082680685914685e-07, 'L_scale_weight_yyx': 8.251164315598686e-09, 'learning_rate_yyx': 0.0022990380217877623}. Best is trial 9 with value: -1.6703570914822956.
[I 2026-03-18 18:25:55,971] Trial 18 finished with value: -1.6543789846146761 and parameters: {'n_layers_yyx': 1, 'hidden_size_yyx_l0': 6, 'context_size_yyx': 2, 'num_mix_components_yyx': 4, 'context_extractor_yyx': 'gru', 'activation_func_yyx': 'ReLU', 'L2_weight_yyx': 4.073557972855761e-06, 'L_entropy_weight_yyx': 1.7508030348729422e-10, 'L_sep_weight_yyx': 1.1248196957360269e-07, 'L_scale_weight_yyx': 1.151112542273304e-08, 'learning_rate_yyx': 0.0005557119995545383}. Best is trial 11 with value: -1.6659153643654905.
[I 2026-03-18 18:25:59,990] Trial 14 pruned. 
[I 2026-03-18 18:26:01,158] Trial 13 finished with value: -1.6699067226846822 and parameters: {'n_layers_yyx': 2, 'hidden_size_yyx_l0': 2, 'hidden_size_yyx_l1': 6, 'context_size_yyx': 4, 'num_mix_components_yyx': 2, 'context_extractor_yyx': 'lstm', 'activation_func_yyx': 'Tanh', 'L2_weight_yyx': 1.0360270826597096e-10, 'L_entropy_weight_yyx': 2.998686079417713e-08, 'L_sep_weight_yyx': 6.245597450867087e-06, 'L_scale_weight_yyx': 7.885511195969629e-09, 'learning_rate_yyx': 0.009456061114725396}. Best is trial 11 with value: -1.6739410945609627.
[I 2026-03-18 18:26:01,453] Trial 21 pruned. 
[I 2026-03-18 18:26:01,743] Trial 13 pruned. 
[I 2026-03-18 18:26:03,272] Trial 27 pruned. 
[I 2026-03-18 18:26:04,926] Trial 22 pruned. 
[I 2026-03-18 18:26:06,004] Trial 12 pruned. 
[I 2026-03-18 18:26:07,346] Trial 10 pruned. 
[I 2026-03-18 18:26:10,718] Trial 27 pruned. 
[I 2026-03-18 18:26:14,511] Trial 20 pruned. 
[I 2026-03-18 18:26:19,256] Trial 14 pruned. 
[I 2026-03-18 18:26:24,602] Trial 18 finished with value: -1.6545060588647236 and parameters: {'n_layers_yyx': 2, 'hidden_size_yyx_l0': 6, 'hidden_size_yyx_l1': 5, 'context_size_yyx': 3, 'num_mix_components_yyx': 4, 'context_extractor_yyx': 'gru', 'activation_func_yyx': 'GELU', 'L2_weight_yyx': 1.4103884586577662e-05, 'L_entropy_weight_yyx': 2.5641538286511337e-08, 'L_sep_weight_yyx': 9.434013460359184e-10, 'L_scale_weight_yyx': 1.8163497059612005e-10, 'learning_rate_yyx': 0.002912199709896247}. Best is trial 12 with value: -1.6645964610425732.
[I 2026-03-18 18:26:27,633] Trial 28 pruned. 
[I 2026-03-18 18:26:32,105] Trial 28 pruned. 
[I 2026-03-18 18:26:49,220] Trial 14 pruned. 
[I 2026-03-18 18:26:49,548] Trial 28 pruned. 
[I 2026-03-18 18:26:49,816] Trial 14 pruned. 
[I 2026-03-18 18:26:53,958] Trial 15 pruned. 
[I 2026-03-18 18:26:58,183] Trial 19 pruned. 
[I 2026-03-18 18:27:01,898] Trial 22 pruned. 
[I 2026-03-18 18:27:07,445] Trial 26 finished with value: -1.2682363612374183 and parameters: {'n_layers_yyx': 1, 'hidden_size_yyx_l0': 5, 'context_size_yyx': 3, 'num_mix_components_yyx': 2, 'context_extractor_yyx': 'lstm', 'activation_func_yyx': 'Tanh', 'L2_weight_yyx': 0.0002633489243672907, 'L_entropy_weight_yyx': 6.080929419276316e-08, 'L_sep_weight_yyx': 1.1145406259348268e-05, 'L_scale_weight_yyx': 4.169347736631299e-08, 'learning_rate_yyx': 0.00743854665452409}. Best is trial 26 with value: -1.2682363612374183.
[I 2026-03-18 18:27:07,606] Trial 13 pruned. 
[I 2026-03-18 18:27:09,149] Trial 33 finished with value: -1.2895097099817716 and parameters: {'n_layers_yyx': 1, 'hidden_size_yyx_l0': 5, 'context_size_yyx': 4, 'num_mix_components_yyx': 3, 'context_extractor_yyx': 'gru', 'activation_func_yyx': 'Tanh', 'L2_weight_yyx': 5.3882372224598085e-09, 'L_entropy_weight_yyx': 3.9748179596870475e-09, 'L_sep_weight_yyx': 2.7203119444585805e-07, 'L_scale_weight_yyx': 5.6973133505797934e-05, 'learning_rate_yyx': 0.009856051339857234}. Best is trial 8 with value: -1.3030293492170482.
[I 2026-03-18 18:27:20,371] Trial 20 pruned. 
[I 2026-03-18 18:27:28,217] Trial 16 pruned. 
[I 2026-03-18 18:27:31,510] Trial 20 pruned. 
[I 2026-03-18 18:27:32,877] Trial 28 pruned. 
[I 2026-03-18 18:27:35,213] Trial 16 finished with value: -2.6341902984777215 and parameters: {'n_layers_yyx': 1, 'hidden_size_yyx_l0': 4, 'context_size_yyx': 4, 'num_mix_components_yyx': 3, 'context_extractor_yyx': 'gru', 'activation_func_yyx': 'Tanh', 'L2_weight_yyx': 2.313880608306253e-07, 'L_entropy_weight_yyx': 2.2524827668562985e-05, 'L_sep_weight_yyx': 4.230982167686672e-06, 'L_scale_weight_yyx': 8.5337677758724e-10, 'learning_rate_yyx': 0.0030108409155856944}. Best is trial 9 with value: -2.6351331388383397.
[I 2026-03-18 18:27:51,778] Trial 29 pruned. 
[I 2026-03-18 18:27:54,625] Trial 15 pruned. 
[I 2026-03-18 18:28:15,794] Trial 29 pruned. 
[I 2026-03-18 18:28:16,600] Trial 14 pruned. 
[I 2026-03-18 18:28:17,093] Trial 34 pruned. 
[I 2026-03-18 18:28:18,485] Trial 15 pruned. 
[I 2026-03-18 18:28:25,224] Trial 16 pruned. 
[I 2026-03-18 18:28:28,813] Trial 17 pruned. 
[I 2026-03-18 18:28:30,013] Trial 30 pruned. 
[I 2026-03-18 18:28:31,261] Trial 23 pruned. 
[I 2026-03-18 18:28:32,963] Trial 21 pruned. 
[I 2026-03-18 18:28:49,373] Trial 17 pruned. 
[I 2026-03-18 18:28:49,803] Trial 16 pruned. 
[I 2026-03-18 18:28:57,490] Trial 29 pruned. 
[I 2026-03-18 18:29:02,875] Trial 40 finished with value: -1.2736812175532146 and parameters: {'n_layers_yyx': 2, 'hidden_size_yyx_l0': 5, 'hidden_size_yyx_l1': 6, 'context_size_yyx': 4, 'num_mix_components_yyx': 2, 'context_extractor_yyx': 'lstm', 'activation_func_yyx': 'GELU', 'L2_weight_yyx': 0.0002261491599479342, 'L_entropy_weight_yyx': 4.448177109325085e-10, 'L_sep_weight_yyx': 1.0857966712636583e-10, 'L_scale_weight_yyx': 3.981960049599791e-09, 'learning_rate_yyx': 0.007085517014702092}. Best is trial 40 with value: -1.2736812175532146.
[I 2026-03-18 18:29:03,513] Trial 35 pruned. 
[I 2026-03-18 18:29:13,787] Trial 30 pruned. 
[I 2026-03-18 18:29:15,717] Trial 15 pruned. 
[I 2026-03-18 18:29:15,839] Trial 17 pruned. 
[I 2026-03-18 18:29:17,579] Trial 17 pruned. 
[I 2026-03-18 18:29:18,087] Trial 26 pruned. 
[I 2026-03-18 18:29:18,236] Trial 18 pruned. 
[I 2026-03-18 18:29:18,626] Trial 21 pruned. 
[I 2026-03-18 18:29:18,664] Trial 18 pruned. 
[I 2026-03-18 18:29:19,267] Trial 24 pruned. 
[I 2026-03-18 18:29:20,235] Trial 41 pruned. 
[I 2026-03-18 18:29:23,828] Trial 17 finished with value: -1.6560723467212783 and parameters: {'n_layers_yyx': 2, 'hidden_size_yyx_l0': 3, 'hidden_size_yyx_l1': 4, 'context_size_yyx': 4, 'num_mix_components_yyx': 1, 'context_extractor_yyx': 'lstm', 'activation_func_yyx': 'ReLU', 'L2_weight_yyx': 1.2109019314000396e-05, 'L_entropy_weight_yyx': 0.00018607472548336267, 'L_sep_weight_yyx': 1.90079920696907e-09, 'L_scale_weight_yyx': 0.00013553499405106418, 'learning_rate_yyx': 0.001826382539332574}. Best is trial 0 with value: -1.6683178048964529.
[I 2026-03-18 18:29:29,907] Trial 18 pruned. 
[I 2026-03-18 18:29:32,549] Trial 12 finished with value: -1.6602015747716499 and parameters: {'n_layers_yyx': 1, 'hidden_size_yyx_l0': 2, 'context_size_yyx': 4, 'num_mix_components_yyx': 4, 'context_extractor_yyx': 'lstm', 'activation_func_yyx': 'Tanh', 'L2_weight_yyx': 8.14860017687876e-09, 'L_entropy_weight_yyx': 1.52215045437872e-08, 'L_sep_weight_yyx': 3.977913453427605e-06, 'L_scale_weight_yyx': 3.251839292177048e-09, 'learning_rate_yyx': 0.003911727167155161}. Best is trial 0 with value: -1.6702967433543936.
[I 2026-03-18 18:29:33,609] Trial 19 finished with value: -1.2329257323429017 and parameters: {'n_layers_yyx': 2, 'hidden_size_yyx_l0': 5, 'hidden_size_yyx_l1': 5, 'context_size_yyx': 1, 'num_mix_components_yyx': 4, 'context_extractor_yyx': 'gru', 'activation_func_yyx': 'Tanh', 'L2_weight_yyx': 1.6050422303503777e-10, 'L_entropy_weight_yyx': 2.81730685571616e-07, 'L_sep_weight_yyx': 4.596821841702441e-05, 'L_scale_weight_yyx': 1.507880637833635e-10, 'learning_rate_yyx': 0.005814993008039288}. Best is trial 3 with value: -1.2710647653519778.
[I 2026-03-18 18:29:35,898] Trial 27 pruned. 
[I 2026-03-18 18:29:36,065] Trial 18 pruned. 
[I 2026-03-18 18:29:38,573] Trial 36 pruned. 
[I 2026-03-18 18:29:40,193] Trial 19 pruned. 
[I 2026-03-18 18:29:47,091] Trial 21 finished with value: -2.630810401142299 and parameters: {'n_layers_yyx': 2, 'hidden_size_yyx_l0': 3, 'hidden_size_yyx_l1': 3, 'context_size_yyx': 4, 'num_mix_components_yyx': 5, 'context_extractor_yyx': 'lstm', 'activation_func_yyx': 'ReLU', 'L2_weight_yyx': 0.0009770076412564685, 'L_entropy_weight_yyx': 7.107856828064579e-10, 'L_sep_weight_yyx': 1.5681766741781284e-05, 'L_scale_weight_yyx': 0.0008772318206859835, 'learning_rate_yyx': 0.0027700996767544128}. Best is trial 6 with value: -2.642843521506465.
[I 2026-03-18 18:29:53,653] Trial 22 finished with value: -1.71878662109375 and parameters: {'n_layers_yyx': 2, 'hidden_size_yyx_l0': 5, 'hidden_size_yyx_l1': 5, 'context_size_yyx': 3, 'num_mix_components_yyx': 3, 'context_extractor_yyx': 'gru', 'activation_func_yyx': 'GELU', 'L2_weight_yyx': 8.891796094784004e-07, 'L_entropy_weight_yyx': 4.04070940688537e-05, 'L_sep_weight_yyx': 0.00011221775115638195, 'L_scale_weight_yyx': 8.622480472703878e-10, 'learning_rate_yyx': 0.006214601346686004}. Best is trial 15 with value: -1.72713993893394.
[I 2026-03-18 18:29:55,964] Trial 16 pruned. 
[I 2026-03-18 18:29:56,607] Trial 22 pruned. 
[I 2026-03-18 18:29:57,155] Trial 16 finished with value: -1.671157546864896 and parameters: {'n_layers_yyx': 1, 'hidden_size_yyx_l0': 3, 'context_size_yyx': 3, 'num_mix_components_yyx': 5, 'context_extractor_yyx': 'lstm', 'activation_func_yyx': 'GELU', 'L2_weight_yyx': 8.634114212085373e-09, 'L_entropy_weight_yyx': 3.0288289614190236e-07, 'L_sep_weight_yyx': 1.1009883754899158e-08, 'L_scale_weight_yyx': 4.738686108313804e-08, 'learning_rate_yyx': 0.001895115151247995}. Best is trial 13 with value: -1.6722197537243195.
[I 2026-03-18 18:29:57,418] Trial 18 pruned. 
[I 2026-03-18 18:29:57,760] Trial 19 pruned. 
[I 2026-03-18 18:29:58,096] Trial 20 pruned. 
[I 2026-03-18 18:29:58,496] Trial 25 pruned. 
[I 2026-03-18 18:29:59,423] Trial 31 pruned. 
[I 2026-03-18 18:29:59,850] Trial 23 finished with value: -2.613219794451035 and parameters: {'n_layers_yyx': 2, 'hidden_size_yyx_l0': 3, 'hidden_size_yyx_l1': 6, 'context_size_yyx': 3, 'num_mix_components_yyx': 2, 'context_extractor_yyx': 'gru', 'activation_func_yyx': 'ReLU', 'L2_weight_yyx': 3.985600775234532e-09, 'L_entropy_weight_yyx': 6.577056059691212e-06, 'L_sep_weight_yyx': 3.765059442489392e-07, 'L_scale_weight_yyx': 4.811477164992508e-10, 'learning_rate_yyx': 0.005192690992351606}. Best is trial 10 with value: -2.6537577311197915.
[I 2026-03-18 18:30:00,414] Trial 28 pruned. 
[I 2026-03-18 18:30:01,283] Trial 20 pruned. 
[I 2026-03-18 18:30:01,376] Trial 21 finished with value: -1.6755234531993701 and parameters: {'n_layers_yyx': 1, 'hidden_size_yyx_l0': 5, 'context_size_yyx': 4, 'num_mix_components_yyx': 3, 'context_extractor_yyx': 'lstm', 'activation_func_yyx': 'Tanh', 'L2_weight_yyx': 6.908107571449964e-07, 'L_entropy_weight_yyx': 3.4012524352587043e-09, 'L_sep_weight_yyx': 1.2831660402388105e-07, 'L_scale_weight_yyx': 5.947686758703203e-09, 'learning_rate_yyx': 0.006571119732095103}. Best is trial 21 with value: -1.6755234531993701.
[I 2026-03-18 18:30:01,827] Trial 19 finished with value: -1.6674850489567747 and parameters: {'n_layers_yyx': 2, 'hidden_size_yyx_l0': 5, 'hidden_size_yyx_l1': 6, 'context_size_yyx': 3, 'num_mix_components_yyx': 2, 'context_extractor_yyx': 'gru', 'activation_func_yyx': 'Tanh', 'L2_weight_yyx': 0.00029964685072122733, 'L_entropy_weight_yyx': 4.231371633762358e-09, 'L_sep_weight_yyx': 1.7906998915436108e-09, 'L_scale_weight_yyx': 7.974559721771788e-07, 'learning_rate_yyx': 0.005546794202947265}. Best is trial 19 with value: -1.6674850489567747.
[I 2026-03-18 18:30:08,414] Trial 19 pruned. 
[I 2026-03-18 18:30:09,155] Trial 18 pruned. 
[I 2026-03-18 18:30:14,630] Trial 22 pruned. 
[I 2026-03-18 18:30:17,419] Trial 13 pruned. 
[I 2026-03-18 18:30:18,384] Trial 19 pruned. 
[I 2026-03-18 18:30:32,041] Trial 24 pruned. 
[I 2026-03-18 18:30:42,810] Trial 17 pruned. 
[I 2026-03-18 18:30:44,139] Trial 19 pruned. 
[I 2026-03-18 18:30:46,253] Trial 17 pruned. 
[I 2026-03-18 18:30:48,563] Trial 20 pruned. 
[I 2026-03-18 18:30:50,341] Trial 30 pruned. 
[I 2026-03-18 18:31:00,778] Trial 29 pruned. 
[I 2026-03-18 18:31:02,756] Trial 22 pruned. 
[I 2026-03-18 18:31:05,358] Trial 32 pruned. 
[I 2026-03-18 18:31:08,289] Trial 25 pruned. 
[I 2026-03-18 18:31:17,079] Trial 18 pruned. 
[I 2026-03-18 18:31:17,079] Trial 14 pruned. 
[I 2026-03-18 18:31:22,379] Trial 20 pruned. 
[I 2026-03-18 18:31:32,438] Trial 29 finished with value: -2.6012235425491057 and parameters: {'n_layers_yyx': 2, 'hidden_size_yyx_l0': 3, 'hidden_size_yyx_l1': 3, 'context_size_yyx': 2, 'num_mix_components_yyx': 3, 'context_extractor_yyx': 'lstm', 'activation_func_yyx': 'ReLU', 'L2_weight_yyx': 4.414639187989147e-08, 'L_entropy_weight_yyx': 6.113306206925209e-07, 'L_sep_weight_yyx': 2.3200607604244573e-07, 'L_scale_weight_yyx': 9.573360532084087e-08, 'learning_rate_yyx': 0.007221910092041568}. Best is trial 0 with value: -2.6330643191486622.
[I 2026-03-18 18:31:34,138] Trial 15 finished with value: -1.6611100528192015 and parameters: {'n_layers_yyx': 2, 'hidden_size_yyx_l0': 5, 'hidden_size_yyx_l1': 6, 'context_size_yyx': 4, 'num_mix_components_yyx': 4, 'context_extractor_yyx': 'gru', 'activation_func_yyx': 'Tanh', 'L2_weight_yyx': 1.466690438420515e-05, 'L_entropy_weight_yyx': 1.3735583802484999e-05, 'L_sep_weight_yyx': 4.941497587895974e-05, 'L_scale_weight_yyx': 8.60055217537071e-07, 'learning_rate_yyx': 0.007537658949853752}. Best is trial 2 with value: -1.6720916355195472.
[I 2026-03-18 18:31:37,913] Trial 37 pruned. 
[I 2026-03-18 18:31:37,916] Trial 11 finished with value: -1.655733538228412 and parameters: {'n_layers_yyx': 2, 'hidden_size_yyx_l0': 5, 'hidden_size_yyx_l1': 6, 'context_size_yyx': 3, 'num_mix_components_yyx': 5, 'context_extractor_yyx': 'lstm', 'activation_func_yyx': 'ReLU', 'L2_weight_yyx': 0.0009283302793664572, 'L_entropy_weight_yyx': 1.1133737583371936e-05, 'L_sep_weight_yyx': 2.801034159801572e-10, 'L_scale_weight_yyx': 1.042627266482041e-10, 'learning_rate_yyx': 0.0022641231606010505}. Best is trial 9 with value: -1.6703570914822956.
[I 2026-03-18 18:31:38,476] Trial 20 pruned. 
[I 2026-03-18 18:31:39,484] Trial 21 finished with value: -2.6369691359046414 and parameters: {'n_layers_yyx': 1, 'hidden_size_yyx_l0': 4, 'context_size_yyx': 3, 'num_mix_components_yyx': 5, 'context_extractor_yyx': 'gru', 'activation_func_yyx': 'Tanh', 'L2_weight_yyx': 2.298484126370339e-05, 'L_entropy_weight_yyx': 1.626934086549346e-08, 'L_sep_weight_yyx': 3.9947358296369756e-08, 'L_scale_weight_yyx': 1.049465093612237e-09, 'learning_rate_yyx': 0.009890178166604686}. Best is trial 10 with value: -2.640669339569724.
[I 2026-03-18 18:31:41,803] Trial 26 pruned. 
[I 2026-03-18 18:31:45,138] Trial 19 pruned. 
[I 2026-03-18 18:31:45,172] Trial 19 pruned. 
[I 2026-03-18 18:31:46,713] Trial 18 pruned. 
[I 2026-03-18 18:31:58,108] Trial 21 finished with value: -1.2492570365863453 and parameters: {'n_layers_yyx': 2, 'hidden_size_yyx_l0': 5, 'hidden_size_yyx_l1': 4, 'context_size_yyx': 3, 'num_mix_components_yyx': 4, 'context_extractor_yyx': 'lstm', 'activation_func_yyx': 'ReLU', 'L2_weight_yyx': 8.872143121004367e-06, 'L_entropy_weight_yyx': 3.250456178484608e-05, 'L_sep_weight_yyx': 1.178188920005438e-10, 'L_scale_weight_yyx': 4.099306014884333e-07, 'learning_rate_yyx': 0.006547309029902415}. Best is trial 5 with value: -1.2714442113851663.
[I 2026-03-18 18:32:04,844] Trial 20 pruned. 
[I 2026-03-18 18:32:12,502] Trial 17 pruned. 
[I 2026-03-18 18:32:12,812] Trial 21 pruned. 
[I 2026-03-18 18:32:13,333] Trial 27 finished with value: -1.2356003921706222 and parameters: {'n_layers_yyx': 1, 'hidden_size_yyx_l0': 5, 'context_size_yyx': 4, 'num_mix_components_yyx': 1, 'context_extractor_yyx': 'lstm', 'activation_func_yyx': 'Tanh', 'L2_weight_yyx': 9.263755298963044e-07, 'L_entropy_weight_yyx': 3.9222827004072535e-08, 'L_sep_weight_yyx': 1.154127294460206e-06, 'L_scale_weight_yyx': 4.221248238975566e-08, 'learning_rate_yyx': 0.007490113964208885}. Best is trial 26 with value: -1.2682363612374183.
[I 2026-03-18 18:32:16,624] Trial 20 pruned. 
[I 2026-03-18 18:32:17,437] Trial 20 pruned. 
[I 2026-03-18 18:32:27,307] Trial 20 pruned. 
[I 2026-03-18 18:32:28,605] Trial 30 finished with value: -2.6425987874926125 and parameters: {'n_layers_yyx': 1, 'hidden_size_yyx_l0': 3, 'context_size_yyx': 3, 'num_mix_components_yyx': 5, 'context_extractor_yyx': 'lstm', 'activation_func_yyx': 'ReLU', 'L2_weight_yyx': 0.00039039967916461164, 'L_entropy_weight_yyx': 2.565423351211611e-08, 'L_sep_weight_yyx': 1.264217208338985e-09, 'L_scale_weight_yyx': 7.502212286564809e-05, 'learning_rate_yyx': 0.0095976977758401}. Best is trial 30 with value: -2.6425987874926125.
[I 2026-03-18 18:32:37,382] Trial 38 pruned. 
[I 2026-03-18 18:32:42,676] Trial 18 pruned. 
[I 2026-03-18 18:32:46,570] Trial 22 pruned. 
[I 2026-03-18 18:32:53,172] Trial 19 pruned. 
[I 2026-03-18 18:32:55,861] Trial 31 finished with value: -2.602695286058777 and parameters: {'n_layers_yyx': 1, 'hidden_size_yyx_l0': 6, 'context_size_yyx': 4, 'num_mix_components_yyx': 2, 'context_extractor_yyx': 'gru', 'activation_func_yyx': 'GELU', 'L2_weight_yyx': 2.2489781832708248e-08, 'L_entropy_weight_yyx': 2.491870978058932e-10, 'L_sep_weight_yyx': 0.00011628656659381048, 'L_scale_weight_yyx': 8.634656265164146e-09, 'learning_rate_yyx': 0.006301208403126528}. Best is trial 12 with value: -2.6375437257353878.
[I 2026-03-18 18:33:00,487] Trial 39 pruned. 
[I 2026-03-18 18:33:03,451] Trial 28 pruned. 
[I 2026-03-18 18:33:08,543] Trial 30 pruned. 
[I 2026-03-18 18:33:16,988] Trial 21 pruned. 
[I 2026-03-18 18:33:20,147] Trial 40 pruned. 
[I 2026-03-18 18:33:25,143] Trial 42 finished with value: -1.272832944520961 and parameters: {'n_layers_yyx': 2, 'hidden_size_yyx_l0': 5, 'hidden_size_yyx_l1': 5, 'context_size_yyx': 4, 'num_mix_components_yyx': 2, 'context_extractor_yyx': 'lstm', 'activation_func_yyx': 'GELU', 'L2_weight_yyx': 0.00042325221988654955, 'L_entropy_weight_yyx': 3.722737980085499e-10, 'L_sep_weight_yyx': 4.09383911023192e-10, 'L_scale_weight_yyx': 3.0190543548951035e-09, 'learning_rate_yyx': 0.0071422544323801445}. Best is trial 40 with value: -1.2736812175532146.
[I 2026-03-18 18:33:26,315] Trial 22 finished with value: -1.6503838072036698 and parameters: {'n_layers_yyx': 2, 'hidden_size_yyx_l0': 4, 'hidden_size_yyx_l1': 6, 'context_size_yyx': 3, 'num_mix_components_yyx': 3, 'context_extractor_yyx': 'gru', 'activation_func_yyx': 'ReLU', 'L2_weight_yyx': 2.9645479569163994e-05, 'L_entropy_weight_yyx': 5.6568140879581687e-05, 'L_sep_weight_yyx': 3.7266183160960595e-09, 'L_scale_weight_yyx': 6.933388378758043e-07, 'learning_rate_yyx': 0.007831807743410598}. Best is trial 12 with value: -1.6645964610425732.
[I 2026-03-18 18:33:27,115] Trial 19 pruned. 
[I 2026-03-18 18:33:36,908] Trial 16 pruned. 
[I 2026-03-18 18:33:46,611] Trial 22 pruned. 
[I 2026-03-18 18:33:49,732] Trial 20 pruned. 
[I 2026-03-18 18:33:58,878] Trial 30 pruned. 
[I 2026-03-18 18:34:00,153] Trial 17 pruned. 
[I 2026-03-18 18:34:02,713] Trial 21 pruned. 
[I 2026-03-18 18:34:07,598] Trial 21 pruned. 
[I 2026-03-18 18:34:09,533] Trial 23 pruned. 
[I 2026-03-18 18:34:23,319] Trial 18 pruned. 
[I 2026-03-18 18:34:28,270] Trial 24 pruned. 
[I 2026-03-18 18:34:32,652] Trial 27 finished with value: -2.651279437853208 and parameters: {'n_layers_yyx': 2, 'hidden_size_yyx_l0': 4, 'hidden_size_yyx_l1': 6, 'context_size_yyx': 4, 'num_mix_components_yyx': 5, 'context_extractor_yyx': 'gru', 'activation_func_yyx': 'ReLU', 'L2_weight_yyx': 3.2102421130684335e-10, 'L_entropy_weight_yyx': 0.0002118074905982545, 'L_sep_weight_yyx': 2.143952557870887e-08, 'L_scale_weight_yyx': 2.1436650454295367e-09, 'learning_rate_yyx': 0.008014242612883374}. Best is trial 10 with value: -2.6537577311197915.
[I 2026-03-18 18:34:36,304] Trial 21 finished with value: -1.6724319898588824 and parameters: {'n_layers_yyx': 2, 'hidden_size_yyx_l0': 2, 'hidden_size_yyx_l1': 6, 'context_size_yyx': 4, 'num_mix_components_yyx': 2, 'context_extractor_yyx': 'lstm', 'activation_func_yyx': 'Tanh', 'L2_weight_yyx': 1.1401357673875781e-10, 'L_entropy_weight_yyx': 3.9392196710144584e-08, 'L_sep_weight_yyx': 5.091247201251103e-06, 'L_scale_weight_yyx': 9.18978567779035e-09, 'learning_rate_yyx': 0.009898979286451585}. Best is trial 11 with value: -1.6739410945609627.
[I 2026-03-18 18:34:41,367] Trial 22 pruned. 
[I 2026-03-18 18:34:49,925] Trial 31 pruned. 
[I 2026-03-18 18:34:50,096] Trial 23 finished with value: -1.7267383430577532 and parameters: {'n_layers_yyx': 2, 'hidden_size_yyx_l0': 6, 'hidden_size_yyx_l1': 6, 'context_size_yyx': 4, 'num_mix_components_yyx': 2, 'context_extractor_yyx': 'lstm', 'activation_func_yyx': 'ReLU', 'L2_weight_yyx': 1.1186373291808073e-07, 'L_entropy_weight_yyx': 6.195688660245663e-08, 'L_sep_weight_yyx': 5.236709647737001e-06, 'L_scale_weight_yyx': 1.8808381320319347e-06, 'learning_rate_yyx': 0.0037346002157012345}. Best is trial 15 with value: -1.72713993893394.
[I 2026-03-18 18:34:50,881] Trial 23 pruned. 
[I 2026-03-18 18:34:50,900] Trial 31 pruned. 
[I 2026-03-18 18:34:52,967] Trial 33 finished with value: -2.6330751044783898 and parameters: {'n_layers_yyx': 2, 'hidden_size_yyx_l0': 3, 'hidden_size_yyx_l1': 4, 'context_size_yyx': 1, 'num_mix_components_yyx': 4, 'context_extractor_yyx': 'lstm', 'activation_func_yyx': 'Tanh', 'L2_weight_yyx': 4.7785714227585383e-05, 'L_entropy_weight_yyx': 9.255165068084542e-09, 'L_sep_weight_yyx': 0.00019156254133302953, 'L_scale_weight_yyx': 1.1712514729559934e-09, 'learning_rate_yyx': 0.006674448360576165}. Best is trial 14 with value: -2.6415204441902964.
[I 2026-03-18 18:34:57,104] Trial 43 pruned. 
[I 2026-03-18 18:34:57,263] Trial 22 pruned. 
[I 2026-03-18 18:35:00,690] Trial 23 pruned. 
[I 2026-03-18 18:35:03,236] Trial 23 pruned. 
[I 2026-03-18 18:35:18,569] Trial 34 pruned. 
[I 2026-03-18 18:35:26,554] Trial 24 pruned. 
[I 2026-03-18 18:35:28,926] Trial 21 pruned. 
[I 2026-03-18 18:35:37,330] Trial 44 pruned. 
[I 2026-03-18 18:35:38,959] Trial 23 pruned. 
[I 2026-03-18 18:35:40,770] Trial 32 pruned. 
[I 2026-03-18 18:35:45,499] Trial 24 pruned. 
[I 2026-03-18 18:35:46,032] Trial 20 finished with value: -2.6298959927220653 and parameters: {'n_layers_yyx': 1, 'hidden_size_yyx_l0': 6, 'context_size_yyx': 4, 'num_mix_components_yyx': 5, 'context_extractor_yyx': 'lstm', 'activation_func_yyx': 'Tanh', 'L2_weight_yyx': 1.2919317399044194e-05, 'L_entropy_weight_yyx': 4.674352210432318e-07, 'L_sep_weight_yyx': 1.0760217648796995e-09, 'L_scale_weight_yyx': 1.2548800451583288e-09, 'learning_rate_yyx': 0.0042497091506896205}. Best is trial 15 with value: -2.6388607085013045.
[I 2026-03-18 18:35:51,431] Trial 22 pruned. 
[I 2026-03-18 18:35:59,890] Trial 23 finished with value: -2.637582350481317 and parameters: {'n_layers_yyx': 2, 'hidden_size_yyx_l0': 4, 'hidden_size_yyx_l1': 4, 'context_size_yyx': 3, 'num_mix_components_yyx': 5, 'context_extractor_yyx': 'lstm', 'activation_func_yyx': 'ReLU', 'L2_weight_yyx': 0.00019008623066494885, 'L_entropy_weight_yyx': 8.853266852169557e-10, 'L_sep_weight_yyx': 9.263578636413773e-07, 'L_scale_weight_yyx': 6.49888531175285e-06, 'learning_rate_yyx': 0.006333100079926328}. Best is trial 6 with value: -2.642843521506465.
[I 2026-03-18 18:36:02,731] Trial 25 pruned. 
[I 2026-03-18 18:36:04,321] Trial 19 pruned. 
[I 2026-03-18 18:36:13,801] Trial 35 pruned. 
[I 2026-03-18 18:36:14,718] Trial 31 finished with value: -1.6645833860806711 and parameters: {'n_layers_yyx': 1, 'hidden_size_yyx_l0': 5, 'context_size_yyx': 2, 'num_mix_components_yyx': 3, 'context_extractor_yyx': 'lstm', 'activation_func_yyx': 'GELU', 'L2_weight_yyx': 0.0008915321540153395, 'L_entropy_weight_yyx': 4.007558606437078e-07, 'L_sep_weight_yyx': 9.052248997946103e-09, 'L_scale_weight_yyx': 3.083456678434539e-05, 'learning_rate_yyx': 0.009573307256458014}. Best is trial 2 with value: -1.6745893480229308.
[I 2026-03-18 18:36:21,858] Trial 24 pruned. 
[I 2026-03-18 18:36:21,877] Trial 29 finished with value: -1.2497791776815756 and parameters: {'n_layers_yyx': 1, 'hidden_size_yyx_l0': 6, 'context_size_yyx': 3, 'num_mix_components_yyx': 2, 'context_extractor_yyx': 'lstm', 'activation_func_yyx': 'Tanh', 'L2_weight_yyx': 1.9974803809938542e-07, 'L_entropy_weight_yyx': 6.635839435368326e-08, 'L_sep_weight_yyx': 2.295121476840932e-07, 'L_scale_weight_yyx': 1.418823209567482e-09, 'learning_rate_yyx': 0.009087933941282626}. Best is trial 26 with value: -1.2682363612374183.
[I 2026-03-18 18:36:24,575] Trial 23 finished with value: -1.6757874282308216 and parameters: {'n_layers_yyx': 1, 'hidden_size_yyx_l0': 5, 'context_size_yyx': 4, 'num_mix_components_yyx': 3, 'context_extractor_yyx': 'lstm', 'activation_func_yyx': 'Tanh', 'L2_weight_yyx': 1.1880324149045363e-06, 'L_entropy_weight_yyx': 2.5721500595610315e-08, 'L_sep_weight_yyx': 7.1098267345589325e-09, 'L_scale_weight_yyx': 1.2532161595520654e-07, 'learning_rate_yyx': 0.0074625678931406}. Best is trial 23 with value: -1.6757874282308216.
[I 2026-03-18 18:36:30,798] Trial 33 pruned. 
[I 2026-03-18 18:36:31,690] Trial 32 pruned. 
[I 2026-03-18 18:36:38,828] Trial 32 finished with value: -2.6027079127007386 and parameters: {'n_layers_yyx': 1, 'hidden_size_yyx_l0': 6, 'context_size_yyx': 4, 'num_mix_components_yyx': 2, 'context_extractor_yyx': 'gru', 'activation_func_yyx': 'GELU', 'L2_weight_yyx': 1.0868343114179438e-08, 'L_entropy_weight_yyx': 9.170004638391254e-09, 'L_sep_weight_yyx': 0.0006237462785066547, 'L_scale_weight_yyx': 1.5755673141915115e-09, 'learning_rate_yyx': 0.006641126456644775}. Best is trial 12 with value: -2.6375437257353878.
[I 2026-03-18 18:36:38,991] Trial 26 pruned. 
[I 2026-03-18 18:36:39,363] Trial 30 pruned. 
[I 2026-03-18 18:36:41,959] Trial 20 pruned. 
[I 2026-03-18 18:36:44,101] Trial 24 pruned. 
[I 2026-03-18 18:36:47,515] Trial 32 pruned. 
[I 2026-03-18 18:36:48,212] Trial 21 finished with value: -1.2461041293611368 and parameters: {'n_layers_yyx': 2, 'hidden_size_yyx_l0': 4, 'hidden_size_yyx_l1': 6, 'context_size_yyx': 2, 'num_mix_components_yyx': 1, 'context_extractor_yyx': 'gru', 'activation_func_yyx': 'Tanh', 'L2_weight_yyx': 5.623379358165522e-08, 'L_entropy_weight_yyx': 4.58482803290615e-06, 'L_sep_weight_yyx': 8.212368108024121e-08, 'L_scale_weight_yyx': 7.36252229000431e-09, 'learning_rate_yyx': 0.003693966597961865}. Best is trial 3 with value: -1.2710647653519778.
[I 2026-03-18 18:36:48,831] Trial 15 finished with value: -1.6735151417560596 and parameters: {'n_layers_yyx': 1, 'hidden_size_yyx_l0': 5, 'context_size_yyx': 4, 'num_mix_components_yyx': 4, 'context_extractor_yyx': 'lstm', 'activation_func_yyx': 'Tanh', 'L2_weight_yyx': 3.7975054045390434e-09, 'L_entropy_weight_yyx': 1.762688957519312e-10, 'L_sep_weight_yyx': 0.0005947475156509473, 'L_scale_weight_yyx': 5.495474311728896e-05, 'learning_rate_yyx': 0.0029752817811748004}. Best is trial 15 with value: -1.6735151417560596.
[I 2026-03-18 18:36:48,915] Trial 31 pruned. 
[I 2026-03-18 18:36:49,294] Trial 34 pruned. 
[I 2026-03-18 18:36:50,810] Trial 21 pruned. 
[I 2026-03-18 18:36:54,334] Trial 21 finished with value: -1.6803123136342317 and parameters: {'n_layers_yyx': 2, 'hidden_size_yyx_l0': 6, 'hidden_size_yyx_l1': 5, 'context_size_yyx': 3, 'num_mix_components_yyx': 1, 'context_extractor_yyx': 'gru', 'activation_func_yyx': 'Tanh', 'L2_weight_yyx': 2.692442971063352e-05, 'L_entropy_weight_yyx': 2.1800989135460275e-07, 'L_sep_weight_yyx': 7.519670042295942e-06, 'L_scale_weight_yyx': 8.152477818104101e-09, 'learning_rate_yyx': 0.004302714269569513}. Best is trial 2 with value: -1.6820484414711034.
[I 2026-03-18 18:36:55,451] Trial 45 pruned. 
[I 2026-03-18 18:36:58,467] Trial 33 pruned. 
[I 2026-03-18 18:36:58,557] Trial 32 pruned. 
[I 2026-03-18 18:36:58,624] Trial 22 pruned. 
[I 2026-03-18 18:37:00,355] Trial 33 pruned. 
[I 2026-03-18 18:37:02,781] Trial 27 pruned. 
[I 2026-03-18 18:37:04,243] Trial 28 finished with value: -2.6142169366409127 and parameters: {'n_layers_yyx': 2, 'hidden_size_yyx_l0': 3, 'hidden_size_yyx_l1': 5, 'context_size_yyx': 3, 'num_mix_components_yyx': 1, 'context_extractor_yyx': 'gru', 'activation_func_yyx': 'ReLU', 'L2_weight_yyx': 6.605901535593571e-09, 'L_entropy_weight_yyx': 2.4468125822330396e-06, 'L_sep_weight_yyx': 6.879984062120358e-06, 'L_scale_weight_yyx': 4.998188277242571e-10, 'learning_rate_yyx': 0.009705649146882649}. Best is trial 10 with value: -2.6537577311197915.
[I 2026-03-18 18:37:07,518] Trial 22 pruned. 
[I 2026-03-18 18:37:08,225] Trial 25 pruned. 
[I 2026-03-18 18:37:09,395] Trial 26 finished with value: -1.6692976708361686 and parameters: {'n_layers_yyx': 1, 'hidden_size_yyx_l0': 4, 'context_size_yyx': 4, 'num_mix_components_yyx': 2, 'context_extractor_yyx': 'gru', 'activation_func_yyx': 'ReLU', 'L2_weight_yyx': 1.2272542463050162e-09, 'L_entropy_weight_yyx': 3.284539779038421e-08, 'L_sep_weight_yyx': 4.7003889388592745e-05, 'L_scale_weight_yyx': 8.591754816574482e-07, 'learning_rate_yyx': 0.004141233035324877}. Best is trial 2 with value: -1.6777834079951708.
[I 2026-03-18 18:37:09,400] Trial 35 pruned. 
[I 2026-03-18 18:37:11,406] Trial 23 pruned. 
[I 2026-03-18 18:37:26,518] Trial 25 pruned. 
[I 2026-03-18 18:37:26,907] Trial 46 pruned. 
[I 2026-03-18 18:37:29,404] Trial 27 pruned. 
[I 2026-03-18 18:37:35,144] Trial 28 pruned. 
[I 2026-03-18 18:37:35,338] Trial 23 pruned. 
[I 2026-03-18 18:37:37,489] Trial 34 pruned. 
[I 2026-03-18 18:37:37,900] Trial 23 finished with value: -1.6463234779781353 and parameters: {'n_layers_yyx': 2, 'hidden_size_yyx_l0': 4, 'hidden_size_yyx_l1': 6, 'context_size_yyx': 1, 'num_mix_components_yyx': 5, 'context_extractor_yyx': 'gru', 'activation_func_yyx': 'ReLU', 'L2_weight_yyx': 0.0002579565611153219, 'L_entropy_weight_yyx': 0.0005449613408913823, 'L_sep_weight_yyx': 5.932888308234994e-10, 'L_scale_weight_yyx': 8.956053633777541e-09, 'learning_rate_yyx': 0.005187966744703005}. Best is trial 12 with value: -1.6645964610425732.
[I 2026-03-18 18:37:39,329] Trial 34 pruned. 
[I 2026-03-18 18:37:39,332] Trial 21 finished with value: -2.602454444708049 and parameters: {'n_layers_yyx': 2, 'hidden_size_yyx_l0': 5, 'hidden_size_yyx_l1': 6, 'context_size_yyx': 4, 'num_mix_components_yyx': 2, 'context_extractor_yyx': 'lstm', 'activation_func_yyx': 'GELU', 'L2_weight_yyx': 6.646187273487646e-10, 'L_entropy_weight_yyx': 3.55915493793165e-08, 'L_sep_weight_yyx': 1.3245541746746494e-07, 'L_scale_weight_yyx': 1.0801849746674668e-07, 'learning_rate_yyx': 0.00638346394217109}. Best is trial 15 with value: -2.6388607085013045.
[I 2026-03-18 18:37:46,340] Trial 47 pruned. 
[I 2026-03-18 18:37:46,481] Trial 26 pruned. 
[I 2026-03-18 18:37:50,542] Trial 26 pruned. 
[I 2026-03-18 18:37:50,947] Trial 24 pruned. 
[I 2026-03-18 18:37:52,637] Trial 29 pruned. 
[I 2026-03-18 18:37:54,672] Trial 31 finished with value: -2.642702042239214 and parameters: {'n_layers_yyx': 1, 'hidden_size_yyx_l0': 3, 'context_size_yyx': 3, 'num_mix_components_yyx': 5, 'context_extractor_yyx': 'lstm', 'activation_func_yyx': 'ReLU', 'L2_weight_yyx': 0.00025636240370757865, 'L_entropy_weight_yyx': 3.2366352887839805e-08, 'L_sep_weight_yyx': 1.615994643504616e-09, 'L_scale_weight_yyx': 5.738001891064637e-05, 'learning_rate_yyx': 0.009566898278880798}. Best is trial 31 with value: -2.642702042239214.
[I 2026-03-18 18:37:55,092] Trial 22 finished with value: -1.6701380827888144 and parameters: {'n_layers_yyx': 2, 'hidden_size_yyx_l0': 2, 'hidden_size_yyx_l1': 6, 'context_size_yyx': 4, 'num_mix_components_yyx': 2, 'context_extractor_yyx': 'lstm', 'activation_func_yyx': 'Tanh', 'L2_weight_yyx': 5.395354906500648e-10, 'L_entropy_weight_yyx': 6.350460548040306e-08, 'L_sep_weight_yyx': 2.437077289607097e-07, 'L_scale_weight_yyx': 3.819512220077424e-08, 'learning_rate_yyx': 0.00929501129202677}. Best is trial 11 with value: -1.6739410945609627.
[I 2026-03-18 18:37:55,266] Trial 24 finished with value: -1.7170856408227848 and parameters: {'n_layers_yyx': 2, 'hidden_size_yyx_l0': 6, 'hidden_size_yyx_l1': 5, 'context_size_yyx': 4, 'num_mix_components_yyx': 2, 'context_extractor_yyx': 'gru', 'activation_func_yyx': 'ReLU', 'L2_weight_yyx': 7.889720297829746e-08, 'L_entropy_weight_yyx': 3.545057103233412e-08, 'L_sep_weight_yyx': 4.91372957156252e-06, 'L_scale_weight_yyx': 1.996052306173221e-06, 'learning_rate_yyx': 0.0032020832247250347}. Best is trial 15 with value: -1.72713993893394.
[I 2026-03-18 18:38:03,485] Trial 48 pruned. 
[I 2026-03-18 18:38:04,413] Trial 22 finished with value: -1.6757910143766872 and parameters: {'n_layers_yyx': 2, 'hidden_size_yyx_l0': 6, 'hidden_size_yyx_l1': 3, 'context_size_yyx': 4, 'num_mix_components_yyx': 2, 'context_extractor_yyx': 'lstm', 'activation_func_yyx': 'Tanh', 'L2_weight_yyx': 3.382315124473698e-09, 'L_entropy_weight_yyx': 0.0007290351929666949, 'L_sep_weight_yyx': 5.1926486308277255e-09, 'L_scale_weight_yyx': 1.0034548286320142e-07, 'learning_rate_yyx': 0.009054297221464851}. Best is trial 22 with value: -1.6757910143766872.
[I 2026-03-18 18:38:04,752] Trial 36 pruned. 
[I 2026-03-18 18:38:07,163] Trial 21 finished with value: -1.6637657998959758 and parameters: {'n_layers_yyx': 1, 'hidden_size_yyx_l0': 3, 'context_size_yyx': 3, 'num_mix_components_yyx': 4, 'context_extractor_yyx': 'gru', 'activation_func_yyx': 'Tanh', 'L2_weight_yyx': 0.0004084522637074536, 'L_entropy_weight_yyx': 6.318952797472806e-09, 'L_sep_weight_yyx': 1.2560815622993842e-06, 'L_scale_weight_yyx': 1.1042374707803836e-08, 'learning_rate_yyx': 0.009993947837744682}. Best is trial 2 with value: -1.6799626520210098.
[I 2026-03-18 18:38:09,532] Trial 25 pruned. 
[I 2026-03-18 18:38:10,222] Trial 24 pruned. 
[I 2026-03-18 18:38:13,622] Trial 35 pruned. 
[I 2026-03-18 18:38:18,467] Trial 24 finished with value: -1.2401225430247083 and parameters: {'n_layers_yyx': 2, 'hidden_size_yyx_l0': 5, 'hidden_size_yyx_l1': 6, 'context_size_yyx': 4, 'num_mix_components_yyx': 1, 'context_extractor_yyx': 'lstm', 'activation_func_yyx': 'Tanh', 'L2_weight_yyx': 1.5114387029375847e-08, 'L_entropy_weight_yyx': 1.260149984964498e-05, 'L_sep_weight_yyx': 5.291193826013004e-10, 'L_scale_weight_yyx': 4.948507220784975e-10, 'learning_rate_yyx': 0.0036320415243141155}. Best is trial 6 with value: -1.270142151555821.
[I 2026-03-18 18:38:26,006] Trial 22 pruned. 
[I 2026-03-18 18:38:28,548] Trial 22 pruned. 
[I 2026-03-18 18:38:28,702] Trial 25 pruned. 
[I 2026-03-18 18:38:30,459] Trial 37 pruned. 
[I 2026-03-18 18:38:32,721] Trial 33 pruned. 
[I 2026-03-18 18:38:33,638] Trial 23 pruned. 
[I 2026-03-18 18:38:33,883] Trial 25 pruned. 
[I 2026-03-18 18:38:34,634] Trial 36 pruned. 
[I 2026-03-18 18:38:38,393] Trial 25 finished with value: -1.663724932335568 and parameters: {'n_layers_yyx': 2, 'hidden_size_yyx_l0': 6, 'hidden_size_yyx_l1': 6, 'context_size_yyx': 3, 'num_mix_components_yyx': 2, 'context_extractor_yyx': 'gru', 'activation_func_yyx': 'GELU', 'L2_weight_yyx': 4.711642540506567e-09, 'L_entropy_weight_yyx': 0.00010062954434172728, 'L_sep_weight_yyx': 5.367300859066044e-09, 'L_scale_weight_yyx': 2.0033609356351388e-09, 'learning_rate_yyx': 0.00719630389690111}. Best is trial 11 with value: -1.6687842250673444.
[I 2026-03-18 18:38:38,696] Trial 22 pruned. 
[I 2026-03-18 18:38:42,622] Trial 29 pruned. 
[I 2026-03-18 18:38:43,948] Trial 26 pruned. 
[I 2026-03-18 18:38:44,082] Trial 21 finished with value: -2.6405605351488926 and parameters: {'n_layers_yyx': 1, 'hidden_size_yyx_l0': 4, 'context_size_yyx': 2, 'num_mix_components_yyx': 4, 'context_extractor_yyx': 'gru', 'activation_func_yyx': 'Tanh', 'L2_weight_yyx': 0.00012538872716141112, 'L_entropy_weight_yyx': 0.0001545121512539232, 'L_sep_weight_yyx': 1.7279394338389893e-06, 'L_scale_weight_yyx': 4.574251246196254e-10, 'learning_rate_yyx': 0.006486079076814045}. Best is trial 21 with value: -2.6405605351488926.
[I 2026-03-18 18:38:45,796] Trial 24 finished with value: -2.632891291535354 and parameters: {'n_layers_yyx': 2, 'hidden_size_yyx_l0': 4, 'hidden_size_yyx_l1': 5, 'context_size_yyx': 3, 'num_mix_components_yyx': 4, 'context_extractor_yyx': 'lstm', 'activation_func_yyx': 'ReLU', 'L2_weight_yyx': 7.449245245945898e-05, 'L_entropy_weight_yyx': 1.1430503111592515e-08, 'L_sep_weight_yyx': 5.68242708814923e-07, 'L_scale_weight_yyx': 7.022460683822063e-06, 'learning_rate_yyx': 0.006696647345286659}. Best is trial 6 with value: -2.642843521506465.
[I 2026-03-18 18:38:46,933] Trial 24 pruned. 
[I 2026-03-18 18:38:50,217] Trial 27 pruned. 
[I 2026-03-18 18:38:51,337] Trial 26 pruned. 
[I 2026-03-18 18:38:53,510] Trial 25 pruned. 
[I 2026-03-18 18:38:53,654] Trial 27 pruned. 
[I 2026-03-18 18:38:53,865] Trial 12 finished with value: -1.6534286450970082 and parameters: {'n_layers_yyx': 1, 'hidden_size_yyx_l0': 5, 'context_size_yyx': 3, 'num_mix_components_yyx': 4, 'context_extractor_yyx': 'lstm', 'activation_func_yyx': 'Tanh', 'L2_weight_yyx': 5.8885914609917e-08, 'L_entropy_weight_yyx': 5.636664327418052e-06, 'L_sep_weight_yyx': 3.458297738564883e-09, 'L_scale_weight_yyx': 2.132086261718007e-09, 'learning_rate_yyx': 0.000980620350324976}. Best is trial 9 with value: -1.6703570914822956.
[I 2026-03-18 18:38:54,462] Trial 41 finished with value: -1.2838789242964523 and parameters: {'n_layers_yyx': 1, 'hidden_size_yyx_l0': 3, 'context_size_yyx': 4, 'num_mix_components_yyx': 3, 'context_extractor_yyx': 'lstm', 'activation_func_yyx': 'Tanh', 'L2_weight_yyx': 3.522336059561228e-08, 'L_entropy_weight_yyx': 1.194052410427329e-08, 'L_sep_weight_yyx': 8.684192241751131e-08, 'L_scale_weight_yyx': 1.3845554149671368e-06, 'learning_rate_yyx': 0.0010899300014126803}. Best is trial 8 with value: -1.3030293492170482.
[I 2026-03-18 18:38:55,365] Trial 25 pruned. 
[I 2026-03-18 18:38:56,401] Trial 28 pruned. 
[I 2026-03-18 18:38:56,671] Trial 38 pruned. 
[I 2026-03-18 18:38:58,556] Trial 28 pruned. 
[I 2026-03-18 18:38:59,939] Trial 42 pruned. 
[I 2026-03-18 18:39:00,268] Trial 23 pruned. 
[I 2026-03-18 18:39:01,298] Trial 25 finished with value: -1.650975327404562 and parameters: {'n_layers_yyx': 2, 'hidden_size_yyx_l0': 5, 'hidden_size_yyx_l1': 4, 'context_size_yyx': 2, 'num_mix_components_yyx': 1, 'context_extractor_yyx': 'gru', 'activation_func_yyx': 'ReLU', 'L2_weight_yyx': 2.3545273940798016e-06, 'L_entropy_weight_yyx': 8.996079885011878e-10, 'L_sep_weight_yyx': 2.5101756099755533e-09, 'L_scale_weight_yyx': 3.8515025568293875e-08, 'learning_rate_yyx': 0.00945756325866386}. Best is trial 19 with value: -1.6674850489567747.
[I 2026-03-18 18:39:03,197] Trial 29 pruned. 
[I 2026-03-18 18:39:08,563] Trial 29 pruned. 
[I 2026-03-18 18:39:09,755] Trial 39 pruned. 
[I 2026-03-18 18:39:10,506] Trial 27 pruned. 
[I 2026-03-18 18:39:13,594] Trial 26 pruned. 
[I 2026-03-18 18:39:14,049] Trial 26 pruned. 
[I 2026-03-18 18:39:16,517] Trial 24 pruned. 
[I 2026-03-18 18:39:16,672] Trial 23 pruned. 
[I 2026-03-18 18:39:20,596] Trial 30 pruned. 
[I 2026-03-18 18:39:20,723] Trial 43 pruned. 
[I 2026-03-18 18:39:20,778] Trial 25 finished with value: -1.256745780902517 and parameters: {'n_layers_yyx': 2, 'hidden_size_yyx_l0': 6, 'hidden_size_yyx_l1': 4, 'context_size_yyx': 2, 'num_mix_components_yyx': 3, 'context_extractor_yyx': 'lstm', 'activation_func_yyx': 'Tanh', 'L2_weight_yyx': 7.516655747877041e-08, 'L_entropy_weight_yyx': 9.495726106639462e-05, 'L_sep_weight_yyx': 5.638184892714759e-07, 'L_scale_weight_yyx': 3.140034005194149e-10, 'learning_rate_yyx': 0.009717626612268281}. Best is trial 6 with value: -1.270142151555821.
[I 2026-03-18 18:39:21,237] Trial 23 pruned. 
[I 2026-03-18 18:39:22,030] Trial 30 pruned. 
[I 2026-03-18 18:39:22,844] Trial 22 finished with value: -1.666347348540878 and parameters: {'n_layers_yyx': 1, 'hidden_size_yyx_l0': 4, 'context_size_yyx': 3, 'num_mix_components_yyx': 3, 'context_extractor_yyx': 'lstm', 'activation_func_yyx': 'Tanh', 'L2_weight_yyx': 3.9202732456432264e-09, 'L_entropy_weight_yyx': 1.4430181373057675e-06, 'L_sep_weight_yyx': 5.481609812652889e-09, 'L_scale_weight_yyx': 0.0009731163801550763, 'learning_rate_yyx': 0.0017183962267633816}. Best is trial 0 with value: -1.6683178048964529.
[I 2026-03-18 18:39:24,081] Trial 49 finished with value: -1.2721565514527495 and parameters: {'n_layers_yyx': 2, 'hidden_size_yyx_l0': 5, 'hidden_size_yyx_l1': 6, 'context_size_yyx': 4, 'num_mix_components_yyx': 3, 'context_extractor_yyx': 'lstm', 'activation_func_yyx': 'GELU', 'L2_weight_yyx': 5.011694684909645e-05, 'L_entropy_weight_yyx': 4.23243737749148e-09, 'L_sep_weight_yyx': 5.358073715966057e-10, 'L_scale_weight_yyx': 5.524101255017381e-09, 'learning_rate_yyx': 0.00868273365412266}. Best is trial 40 with value: -1.2736812175532146.

Source events: 5634
Target events: 8618
Full model ln_yyx : 130.26886 nats/sec, 13.60431 nats/event
Full model Log loss : -1.14724
Full model ln_yyx : 133.42439 nats/sec, 13.93385 nats/event
Full model Log loss : -1.25557
Full model ln_yyx : 134.95819 nats/sec, 14.09403 nats/event
Full model Log loss : -1.25693
Full model ln_yyx : 132.65863 nats/sec, 13.85388 nats/event
Full model Log loss : -1.24633
Full model ln_yyx : 134.67999 nats/sec, 14.06498 nats/event
Full model Log loss : -1.25902
Full model ln_yyx : 133.46343 nats/sec, 13.93793 nats/event
Full model Log loss : -1.25841
Full model ln_yyx : 136.22767 nats/sec, 14.22661 nats/event
Full model Log loss : -1.26528
Full model ln_yyx : 133.03191 nats/sec, 13.89287 nats/event
Full model Log loss : -1.27160
Full model ln_yyx : 134.91543 nats/sec, 14.08957 nats/event
Full model Log loss : -1.27368
Full model ln_yyx : 134.32693 nats/sec, 14.02811 nats/event
Full model Log loss : -1.27283
Full model ln_yyx : 135.83605 nats/sec, 14.18571 nats/event
Full model Log loss : -1.27216
Optimization finished. Config saved to results/opt-full/opt_full_97_best_config.txt
[I 2026-03-18 18:39:26,960] Trial 36 finished with value: -2.601337071582476 and parameters: {'n_layers_yyx': 2, 'hidden_size_yyx_l0': 6, 'hidden_size_yyx_l1': 2, 'context_size_yyx': 1, 'num_mix_components_yyx': 2, 'context_extractor_yyx': 'lstm', 'activation_func_yyx': 'ReLU', 'L2_weight_yyx': 5.397697586254007e-09, 'L_entropy_weight_yyx': 0.000950026554605879, 'L_sep_weight_yyx': 1.7694393161649696e-08, 'L_scale_weight_yyx': 2.3357828158962292e-06, 'learning_rate_yyx': 0.008146909097350647}. Best is trial 0 with value: -2.6330643191486622.
[I 2026-03-18 18:39:27,166] Trial 26 pruned. 
[I 2026-03-18 18:39:28,675] Trial 44 pruned. 
[I 2026-03-18 18:39:28,729] Trial 25 pruned. 
[I 2026-03-18 18:39:29,669] Trial 30 pruned. 
[I 2026-03-18 18:39:32,040] Trial 24 pruned. 
[I 2026-03-18 18:39:35,352] Trial 33 pruned. 
[I 2026-03-18 18:39:41,705] Trial 45 pruned. 
[I 2026-03-18 18:39:42,292] Trial 26 pruned. 
[I 2026-03-18 18:39:42,698] Trial 31 pruned. 
[I 2026-03-18 18:39:45,978] Trial 16 pruned. 
[I 2026-03-18 18:39:50,552] Trial 23 pruned. 
[I 2026-03-18 18:39:51,241] Trial 23 pruned. 
[I 2026-03-18 18:39:52,192] Trial 27 pruned. 
[I 2026-03-18 18:39:52,236] Trial 32 pruned. 
[I 2026-03-18 18:39:53,625] Trial 35 finished with value: -1.6532573644878545 and parameters: {'n_layers_yyx': 1, 'hidden_size_yyx_l0': 6, 'context_size_yyx': 2, 'num_mix_components_yyx': 5, 'context_extractor_yyx': 'lstm', 'activation_func_yyx': 'ReLU', 'L2_weight_yyx': 8.371905483066842e-09, 'L_entropy_weight_yyx': 1.90044634865901e-10, 'L_sep_weight_yyx': 3.5675433621379123e-06, 'L_scale_weight_yyx': 2.056347336332522e-08, 'learning_rate_yyx': 0.009665943863651003}. Best is trial 14 with value: -1.6715868333994597.
[I 2026-03-18 18:39:54,241] Trial 34 pruned. 
[I 2026-03-18 18:39:58,851] Trial 24 pruned. 
[I 2026-03-18 18:40:01,807] Trial 37 pruned. 
[I 2026-03-18 18:40:05,591] Trial 35 pruned. 
[I 2026-03-18 18:40:06,115] Trial 24 pruned. 
[I 2026-03-18 18:40:06,713] Trial 22 pruned. 
[I 2026-03-18 18:40:07,371] Trial 17 pruned. 
[I 2026-03-18 18:40:07,992] Trial 28 pruned. 
[I 2026-03-18 18:40:08,723] Trial 24 pruned. 
[I 2026-03-18 18:40:14,378] Trial 36 pruned. 
[I 2026-03-18 18:40:16,479] Trial 29 pruned. 
[I 2026-03-18 18:40:17,704] Trial 38 pruned. 
[I 2026-03-18 18:40:20,190] Trial 25 pruned. 
[I 2026-03-18 18:40:24,573] Trial 36 pruned. 
[I 2026-03-18 18:40:25,425] Trial 25 pruned. 
[I 2026-03-18 18:40:27,052] Trial 37 pruned. 
[I 2026-03-18 18:40:27,734] Trial 46 pruned. 
[I 2026-03-18 18:40:27,749] Trial 28 pruned. 
[I 2026-03-18 18:40:28,334] Trial 30 pruned. 
[I 2026-03-18 18:40:28,585] Trial 26 pruned. 
[I 2026-03-18 18:40:34,170] Trial 23 finished with value: -1.675936991716372 and parameters: {'n_layers_yyx': 1, 'hidden_size_yyx_l0': 5, 'context_size_yyx': 3, 'num_mix_components_yyx': 3, 'context_extractor_yyx': 'gru', 'activation_func_yyx': 'GELU', 'L2_weight_yyx': 1.1618952365548086e-06, 'L_entropy_weight_yyx': 4.718750469864641e-06, 'L_sep_weight_yyx': 3.627520593433232e-06, 'L_scale_weight_yyx': 1.4498321617111937e-10, 'learning_rate_yyx': 0.005610079248584522}. Best is trial 23 with value: -1.675936991716372.
[I 2026-03-18 18:40:34,873] Trial 26 finished with value: -1.6602139293975389 and parameters: {'n_layers_yyx': 1, 'hidden_size_yyx_l0': 3, 'context_size_yyx': 3, 'num_mix_components_yyx': 5, 'context_extractor_yyx': 'lstm', 'activation_func_yyx': 'GELU', 'L2_weight_yyx': 2.1084108180105885e-09, 'L_entropy_weight_yyx': 6.151961114672453e-06, 'L_sep_weight_yyx': 1.5587390117860751e-09, 'L_scale_weight_yyx': 2.847593339240167e-07, 'learning_rate_yyx': 0.007820227984450296}. Best is trial 13 with value: -1.6722197537243195.
[I 2026-03-18 18:40:36,433] Trial 33 pruned. 
[I 2026-03-18 18:40:38,255] Trial 26 pruned. 
[I 2026-03-18 18:40:39,104] Trial 29 pruned. 
[I 2026-03-18 18:40:39,762] Trial 34 finished with value: -2.632204447674276 and parameters: {'n_layers_yyx': 1, 'hidden_size_yyx_l0': 5, 'context_size_yyx': 4, 'num_mix_components_yyx': 2, 'context_extractor_yyx': 'gru', 'activation_func_yyx': 'GELU', 'L2_weight_yyx': 2.6644693941947016e-07, 'L_entropy_weight_yyx': 5.319149675407516e-08, 'L_sep_weight_yyx': 9.948242956533905e-06, 'L_scale_weight_yyx': 7.540183581256159e-08, 'learning_rate_yyx': 0.007587284284187995}. Best is trial 12 with value: -2.6375437257353878.
[I 2026-03-18 18:40:39,871] Trial 40 pruned. 
[I 2026-03-18 18:40:45,391] Trial 24 pruned. 
[I 2026-03-18 18:40:45,780] Trial 37 pruned. 
[I 2026-03-18 18:40:47,277] Trial 47 pruned. 
[I 2026-03-18 18:40:51,255] Trial 30 pruned. 
[I 2026-03-18 18:40:56,794] Trial 27 pruned. 
[I 2026-03-18 18:40:56,917] Trial 31 finished with value: -1.2563130066707702 and parameters: {'n_layers_yyx': 2, 'hidden_size_yyx_l0': 6, 'hidden_size_yyx_l1': 6, 'context_size_yyx': 3, 'num_mix_components_yyx': 5, 'context_extractor_yyx': 'lstm', 'activation_func_yyx': 'ReLU', 'L2_weight_yyx': 3.7808546666287186e-08, 'L_entropy_weight_yyx': 9.939828682699166e-06, 'L_sep_weight_yyx': 2.8073776882782717e-10, 'L_scale_weight_yyx': 1.3782743779389e-07, 'learning_rate_yyx': 0.007981016551237924}. Best is trial 5 with value: -1.2714442113851663.
[I 2026-03-18 18:40:57,473] Trial 48 pruned. 
[I 2026-03-18 18:40:58,395] Trial 27 pruned. 
[I 2026-03-18 18:41:02,804] Trial 27 finished with value: -2.6346152593561185 and parameters: {'n_layers_yyx': 1, 'hidden_size_yyx_l0': 5, 'context_size_yyx': 2, 'num_mix_components_yyx': 5, 'context_extractor_yyx': 'gru', 'activation_func_yyx': 'Tanh', 'L2_weight_yyx': 3.042238333990858e-08, 'L_entropy_weight_yyx': 1.428468949106342e-08, 'L_sep_weight_yyx': 7.82886171134309e-07, 'L_scale_weight_yyx': 7.883845144447272e-06, 'learning_rate_yyx': 0.007314598054059476}. Best is trial 10 with value: -2.640669339569724.
[I 2026-03-18 18:41:03,839] Trial 25 pruned. 
[I 2026-03-18 18:41:15,471] Trial 26 pruned. 
[I 2026-03-18 18:41:17,825] Trial 27 finished with value: -1.6489696999487649 and parameters: {'n_layers_yyx': 2, 'hidden_size_yyx_l0': 4, 'hidden_size_yyx_l1': 6, 'context_size_yyx': 3, 'num_mix_components_yyx': 5, 'context_extractor_yyx': 'gru', 'activation_func_yyx': 'ReLU', 'L2_weight_yyx': 0.0002142414639047306, 'L_entropy_weight_yyx': 2.099395227252273e-06, 'L_sep_weight_yyx': 8.245661279467866e-10, 'L_scale_weight_yyx': 1.63853565051739e-08, 'learning_rate_yyx': 0.007777233562503689}. Best is trial 12 with value: -1.6645964610425732.
[I 2026-03-18 18:41:20,536] Trial 38 pruned. 
[I 2026-03-18 18:41:24,044] Trial 31 finished with value: -2.6505396688822733 and parameters: {'n_layers_yyx': 2, 'hidden_size_yyx_l0': 4, 'hidden_size_yyx_l1': 6, 'context_size_yyx': 4, 'num_mix_components_yyx': 5, 'context_extractor_yyx': 'gru', 'activation_func_yyx': 'ReLU', 'L2_weight_yyx': 5.763836148364828e-10, 'L_entropy_weight_yyx': 0.00032009687718545586, 'L_sep_weight_yyx': 1.744682162596816e-08, 'L_scale_weight_yyx': 2.6469434872838693e-09, 'learning_rate_yyx': 0.008276690725435505}. Best is trial 10 with value: -2.6537577311197915.
[I 2026-03-18 18:41:25,078] Trial 27 pruned. 
[I 2026-03-18 18:41:26,956] Trial 32 finished with value: -2.642474658626379 and parameters: {'n_layers_yyx': 1, 'hidden_size_yyx_l0': 3, 'context_size_yyx': 3, 'num_mix_components_yyx': 5, 'context_extractor_yyx': 'lstm', 'activation_func_yyx': 'ReLU', 'L2_weight_yyx': 0.0003406861395211491, 'L_entropy_weight_yyx': 5.618943951859347e-08, 'L_sep_weight_yyx': 1.6748312701130673e-09, 'L_scale_weight_yyx': 7.157365856835756e-05, 'learning_rate_yyx': 0.0096120420211842}. Best is trial 31 with value: -2.642702042239214.
[I 2026-03-18 18:41:29,799] Trial 25 pruned. 
[I 2026-03-18 18:41:31,932] Trial 39 pruned. 
[I 2026-03-18 18:41:33,692] Trial 28 pruned. 
[I 2026-03-18 18:41:34,313] Trial 28 finished with value: -1.6636425647974245 and parameters: {'n_layers_yyx': 2, 'hidden_size_yyx_l0': 5, 'hidden_size_yyx_l1': 5, 'context_size_yyx': 3, 'num_mix_components_yyx': 2, 'context_extractor_yyx': 'lstm', 'activation_func_yyx': 'ReLU', 'L2_weight_yyx': 4.688501806134648e-08, 'L_entropy_weight_yyx': 1.3912415718896681e-05, 'L_sep_weight_yyx': 2.4633694759898316e-06, 'L_scale_weight_yyx': 1.8274314920508175e-08, 'learning_rate_yyx': 0.00593124283874634}. Best is trial 11 with value: -1.6687842250673444.
[I 2026-03-18 18:41:38,891] Trial 13 finished with value: -1.6705420913622362 and parameters: {'n_layers_yyx': 2, 'hidden_size_yyx_l0': 4, 'hidden_size_yyx_l1': 5, 'context_size_yyx': 4, 'num_mix_components_yyx': 5, 'context_extractor_yyx': 'lstm', 'activation_func_yyx': 'ReLU', 'L2_weight_yyx': 2.2129484259460196e-06, 'L_entropy_weight_yyx': 0.00023965070481227546, 'L_sep_weight_yyx': 2.036671069189055e-08, 'L_scale_weight_yyx': 8.434083008875528e-08, 'learning_rate_yyx': 0.003480637157828457}. Best is trial 13 with value: -1.6705420913622362.
[I 2026-03-18 18:41:40,798] Trial 28 pruned. 
[I 2026-03-18 18:41:40,897] Trial 30 pruned. 
[I 2026-03-18 18:41:42,629] Trial 40 pruned. 
[I 2026-03-18 18:41:43,443] Trial 31 pruned. 
[I 2026-03-18 18:41:43,444] Trial 26 pruned. 
[I 2026-03-18 18:41:45,096] Trial 39 pruned. 
[I 2026-03-18 18:41:48,606] Trial 29 pruned. 
[I 2026-03-18 18:41:50,898] Trial 29 pruned. 
[I 2026-03-18 18:41:51,544] Trial 28 pruned. 
[I 2026-03-18 18:41:53,760] Trial 29 pruned. 
[I 2026-03-18 18:41:54,670] Trial 24 finished with value: -1.6754733132444057 and parameters: {'n_layers_yyx': 2, 'hidden_size_yyx_l0': 6, 'hidden_size_yyx_l1': 6, 'context_size_yyx': 4, 'num_mix_components_yyx': 2, 'context_extractor_yyx': 'gru', 'activation_func_yyx': 'Tanh', 'L2_weight_yyx': 0.0005502387064128556, 'L_entropy_weight_yyx': 1.0968768040999047e-05, 'L_sep_weight_yyx': 3.402355539093956e-06, 'L_scale_weight_yyx': 7.622944174479813e-08, 'learning_rate_yyx': 0.002472140857143674}. Best is trial 2 with value: -1.6820484414711034.
[I 2026-03-18 18:41:55,049] Trial 32 finished with value: -1.2520119108245906 and parameters: {'n_layers_yyx': 2, 'hidden_size_yyx_l0': 6, 'hidden_size_yyx_l1': 6, 'context_size_yyx': 3, 'num_mix_components_yyx': 5, 'context_extractor_yyx': 'lstm', 'activation_func_yyx': 'ReLU', 'L2_weight_yyx': 9.577889431299637e-09, 'L_entropy_weight_yyx': 2.5330214467739723e-05, 'L_sep_weight_yyx': 3.0965596071933264e-10, 'L_scale_weight_yyx': 1.507865422863274e-08, 'learning_rate_yyx': 0.007709314704244365}. Best is trial 5 with value: -1.2714442113851663.
[I 2026-03-18 18:41:56,655] Trial 27 pruned. 
[I 2026-03-18 18:41:57,238] Trial 30 pruned. 
[I 2026-03-18 18:41:58,495] Trial 41 pruned. 
[I 2026-03-18 18:42:00,369] Trial 30 pruned. 
[I 2026-03-18 18:42:00,579] Trial 41 pruned. 
[I 2026-03-18 18:42:00,977] Trial 32 pruned. 
[I 2026-03-18 18:42:05,412] Trial 35 pruned. 
[I 2026-03-18 18:42:05,646] Trial 31 pruned. 
[I 2026-03-18 18:42:05,734] Trial 37 finished with value: -1.6682759891689913 and parameters: {'n_layers_yyx': 1, 'hidden_size_yyx_l0': 3, 'context_size_yyx': 4, 'num_mix_components_yyx': 3, 'context_extractor_yyx': 'gru', 'activation_func_yyx': 'GELU', 'L2_weight_yyx': 0.00014647425408261037, 'L_entropy_weight_yyx': 8.389536441648814e-07, 'L_sep_weight_yyx': 8.936233848400812e-09, 'L_scale_weight_yyx': 7.024534095710186e-05, 'learning_rate_yyx': 0.004141920412818319}. Best is trial 2 with value: -1.6745893480229308.
[I 2026-03-18 18:42:08,828] Trial 31 finished with value: -1.2665373966125375 and parameters: {'n_layers_yyx': 1, 'hidden_size_yyx_l0': 4, 'context_size_yyx': 4, 'num_mix_components_yyx': 4, 'context_extractor_yyx': 'gru', 'activation_func_yyx': 'Tanh', 'L2_weight_yyx': 0.0009404305813173686, 'L_entropy_weight_yyx': 0.0008844243961870156, 'L_sep_weight_yyx': 2.7222907305874266e-07, 'L_scale_weight_yyx': 0.00046298397364654456, 'learning_rate_yyx': 0.005017885665978882}. Best is trial 6 with value: -1.270142151555821.
[I 2026-03-18 18:42:09,139] Trial 25 finished with value: -1.6639938354492188 and parameters: {'n_layers_yyx': 1, 'hidden_size_yyx_l0': 4, 'context_size_yyx': 3, 'num_mix_components_yyx': 3, 'context_extractor_yyx': 'gru', 'activation_func_yyx': 'GELU', 'L2_weight_yyx': 2.0359974953588764e-06, 'L_entropy_weight_yyx': 1.6876840138802305e-08, 'L_sep_weight_yyx': 1.1276046874598343e-10, 'L_scale_weight_yyx': 3.248566115416664e-08, 'learning_rate_yyx': 0.007185668032386852}. Best is trial 2 with value: -1.6799626520210098.
[I 2026-03-18 18:42:09,180] Trial 26 finished with value: -1.6654031072475224 and parameters: {'n_layers_yyx': 2, 'hidden_size_yyx_l0': 5, 'hidden_size_yyx_l1': 5, 'context_size_yyx': 3, 'num_mix_components_yyx': 4, 'context_extractor_yyx': 'gru', 'activation_func_yyx': 'Tanh', 'L2_weight_yyx': 7.871557554438583e-08, 'L_entropy_weight_yyx': 5.803095566564415e-06, 'L_sep_weight_yyx': 9.469465211653564e-08, 'L_scale_weight_yyx': 0.000250342868222332, 'learning_rate_yyx': 0.006836041217184091}. Best is trial 0 with value: -1.6683178048964529.
[I 2026-03-18 18:42:12,989] Trial 25 pruned. 
[I 2026-03-18 18:42:13,979] Trial 26 finished with value: -1.7245504413073576 and parameters: {'n_layers_yyx': 1, 'hidden_size_yyx_l0': 3, 'context_size_yyx': 4, 'num_mix_components_yyx': 4, 'context_extractor_yyx': 'lstm', 'activation_func_yyx': 'ReLU', 'L2_weight_yyx': 7.69084376581849e-10, 'L_entropy_weight_yyx': 6.322508962993375e-09, 'L_sep_weight_yyx': 1.477336617151855e-06, 'L_scale_weight_yyx': 1.4342982383439453e-06, 'learning_rate_yyx': 0.002708082614278161}. Best is trial 15 with value: -1.72713993893394.
[I 2026-03-18 18:42:15,968] Trial 40 pruned. 
[I 2026-03-18 18:42:16,076] Trial 49 finished with value: -1.2598737083948575 and parameters: {'n_layers_yyx': 2, 'hidden_size_yyx_l0': 5, 'hidden_size_yyx_l1': 5, 'context_size_yyx': 4, 'num_mix_components_yyx': 1, 'context_extractor_yyx': 'gru', 'activation_func_yyx': 'Tanh', 'L2_weight_yyx': 7.662027527451322e-09, 'L_entropy_weight_yyx': 1.007950049794288e-08, 'L_sep_weight_yyx': 1.4059012898984653e-06, 'L_scale_weight_yyx': 0.000368152573335936, 'learning_rate_yyx': 0.004936710441735284}. Best is trial 8 with value: -1.3030293492170482.

Source events: 5634
Target events: 1872
Full model ln_yyx : 28.87048 nats/sec, 13.88004 nats/event
Full model Log loss : -1.26783
Full model ln_yyx : 29.09667 nats/sec, 13.98878 nats/event
Full model Log loss : -1.29471
Full model ln_yyx : 28.90544 nats/sec, 13.89685 nats/event
Full model Log loss : -1.28608
Full model ln_yyx : 29.44193 nats/sec, 14.15477 nats/event
Full model Log loss : -1.28662
Full model ln_yyx : 29.74202 nats/sec, 14.29905 nats/event
Full model Log loss : -1.30303
Full model ln_yyx : 29.35409 nats/sec, 14.11254 nats/event
Full model Log loss : -1.28137
Full model ln_yyx : 28.73795 nats/sec, 13.81632 nats/event
Full model Log loss : -1.26236
Full model ln_yyx : 28.99316 nats/sec, 13.93902 nats/event
Full model Log loss : -1.28987
Full model ln_yyx : 29.22400 nats/sec, 14.05000 nats/event
Full model Log loss : -1.28951
Full model ln_yyx : 29.56615 nats/sec, 14.21450 nats/event
Full model Log loss : -1.28388
Full model ln_yyx : 29.18442 nats/sec, 14.03097 nats/event
Full model Log loss : -1.25987
Optimization finished. Config saved to results/opt-full/opt_full_96_best_config.txt
[I 2026-03-18 18:42:19,965] Trial 18 finished with value: -1.6576565383602726 and parameters: {'n_layers_yyx': 1, 'hidden_size_yyx_l0': 6, 'context_size_yyx': 3, 'num_mix_components_yyx': 5, 'context_extractor_yyx': 'lstm', 'activation_func_yyx': 'Tanh', 'L2_weight_yyx': 1.31627695672224e-10, 'L_entropy_weight_yyx': 7.556027844895915e-10, 'L_sep_weight_yyx': 0.00029879868159995104, 'L_scale_weight_yyx': 1.2246887153345851e-06, 'learning_rate_yyx': 0.0029073964166835206}. Best is trial 15 with value: -1.6735151417560596.
[I 2026-03-18 18:42:22,352] Trial 26 pruned. 
[I 2026-03-18 18:42:24,815] Trial 27 pruned. 
[I 2026-03-18 18:42:25,586] Trial 32 pruned. 
[I 2026-03-18 18:42:26,523] Trial 14 pruned. 
[I 2026-03-18 18:42:26,530] Trial 38 pruned. 
[I 2026-03-18 18:42:28,943] Trial 42 pruned. 
[I 2026-03-18 18:42:29,225] Trial 34 pruned. 
[I 2026-03-18 18:42:30,615] Trial 19 pruned. 
[I 2026-03-18 18:42:33,680] Trial 27 pruned. 
[I 2026-03-18 18:42:33,958] Trial 27 finished with value: -1.619786161545725 and parameters: {'n_layers_yyx': 2, 'hidden_size_yyx_l0': 4, 'hidden_size_yyx_l1': 6, 'context_size_yyx': 2, 'num_mix_components_yyx': 1, 'context_extractor_yyx': 'gru', 'activation_func_yyx': 'Tanh', 'L2_weight_yyx': 1.9849967282596494e-05, 'L_entropy_weight_yyx': 1.0764038169212212e-06, 'L_sep_weight_yyx': 4.574112210211048e-07, 'L_scale_weight_yyx': 4.084959083049179e-07, 'learning_rate_yyx': 0.0018145281758843914}. Best is trial 19 with value: -1.6674850489567747.
[I 2026-03-18 18:42:33,982] Trial 38 finished with value: -1.2412424140408387 and parameters: {'n_layers_yyx': 1, 'hidden_size_yyx_l0': 6, 'context_size_yyx': 2, 'num_mix_components_yyx': 4, 'context_extractor_yyx': 'gru', 'activation_func_yyx': 'ReLU', 'L2_weight_yyx': 2.0520841145577406e-08, 'L_entropy_weight_yyx': 2.3815129241914704e-08, 'L_sep_weight_yyx': 1.2768723474227166e-06, 'L_scale_weight_yyx': 1.285944782140791e-07, 'learning_rate_yyx': 0.006041190221151771}. Best is trial 26 with value: -1.2682363612374183.
[I 2026-03-18 18:42:37,417] Trial 33 pruned. 
[I 2026-03-18 18:42:42,128] Trial 20 pruned. 
[I 2026-03-18 18:42:42,415] Trial 27 finished with value: -1.65932824774587 and parameters: {'n_layers_yyx': 2, 'hidden_size_yyx_l0': 6, 'hidden_size_yyx_l1': 4, 'context_size_yyx': 1, 'num_mix_components_yyx': 3, 'context_extractor_yyx': 'lstm', 'activation_func_yyx': 'Tanh', 'L2_weight_yyx': 0.0008166878176005524, 'L_entropy_weight_yyx': 0.000329406765983583, 'L_sep_weight_yyx': 5.8215613932929035e-09, 'L_scale_weight_yyx': 6.564873652085664e-06, 'learning_rate_yyx': 0.009768874626988886}. Best is trial 22 with value: -1.6757910143766872.
[I 2026-03-18 18:42:44,119] Trial 27 pruned. 
[I 2026-03-18 18:42:46,095] Trial 43 pruned. 
[I 2026-03-18 18:42:47,072] Trial 28 pruned. 
[I 2026-03-18 18:42:47,184] Trial 33 pruned. 
[I 2026-03-18 18:42:48,263] Trial 39 pruned. 
[I 2026-03-18 18:42:49,114] Trial 42 pruned. 
[I 2026-03-18 18:42:49,279] Trial 21 pruned. 
[I 2026-03-18 18:42:49,546] Trial 27 finished with value: -1.6742712595465095 and parameters: {'n_layers_yyx': 2, 'hidden_size_yyx_l0': 4, 'hidden_size_yyx_l1': 6, 'context_size_yyx': 4, 'num_mix_components_yyx': 4, 'context_extractor_yyx': 'lstm', 'activation_func_yyx': 'Tanh', 'L2_weight_yyx': 2.3142073572646207e-09, 'L_entropy_weight_yyx': 3.260648350476333e-08, 'L_sep_weight_yyx': 0.0005366157239393767, 'L_scale_weight_yyx': 4.98469920626204e-10, 'learning_rate_yyx': 0.005577233100661748}. Best is trial 27 with value: -1.6742712595465095.
[I 2026-03-18 18:42:52,721] Trial 32 pruned. 
[I 2026-03-18 18:42:52,760] Trial 28 pruned. 
[I 2026-03-18 18:42:54,928] Trial 33 pruned. 
[I 2026-03-18 18:42:57,051] Trial 28 pruned. 
[I 2026-03-18 18:42:57,811] Trial 40 pruned. 
[I 2026-03-18 18:42:58,797] Trial 43 pruned. 
[I 2026-03-18 18:42:59,667] Trial 34 pruned. 
[I 2026-03-18 18:43:05,472] Trial 34 pruned. 
[I 2026-03-18 18:43:06,059] Trial 29 pruned. 
[I 2026-03-18 18:43:07,946] Trial 44 pruned. 
[I 2026-03-18 18:43:08,414] Trial 33 pruned. 
[I 2026-03-18 18:43:13,666] Trial 29 pruned. 
[I 2026-03-18 18:43:14,084] Trial 30 pruned. 
[I 2026-03-18 18:43:14,399] Trial 36 finished with value: -2.599904252116524 and parameters: {'n_layers_yyx': 1, 'hidden_size_yyx_l0': 5, 'context_size_yyx': 4, 'num_mix_components_yyx': 1, 'context_extractor_yyx': 'lstm', 'activation_func_yyx': 'Tanh', 'L2_weight_yyx': 8.918520417713015e-07, 'L_entropy_weight_yyx': 2.8426112097120053e-07, 'L_sep_weight_yyx': 7.680857713456559e-07, 'L_scale_weight_yyx': 1.932424821336844e-09, 'learning_rate_yyx': 0.008015382740883351}. Best is trial 12 with value: -2.6375437257353878.
[I 2026-03-18 18:43:14,780] Trial 39 pruned. 
[I 2026-03-18 18:43:14,986] Trial 41 pruned. 
[I 2026-03-18 18:43:14,998] Trial 31 finished with value: -1.6634490092977867 and parameters: {'n_layers_yyx': 2, 'hidden_size_yyx_l0': 6, 'hidden_size_yyx_l1': 6, 'context_size_yyx': 3, 'num_mix_components_yyx': 2, 'context_extractor_yyx': 'gru', 'activation_func_yyx': 'GELU', 'L2_weight_yyx': 4.83148058692671e-09, 'L_entropy_weight_yyx': 7.522203383860827e-05, 'L_sep_weight_yyx': 4.385488478370261e-09, 'L_scale_weight_yyx': 2.2012884471982076e-09, 'learning_rate_yyx': 0.009866010193544984}. Best is trial 11 with value: -1.6687842250673444.
[I 2026-03-18 18:43:16,518] Trial 45 pruned. 
[I 2026-03-18 18:43:17,011] Trial 28 pruned. 
[I 2026-03-18 18:43:18,430] Trial 34 pruned. 
[I 2026-03-18 18:43:18,582] Trial 33 pruned. 
[I 2026-03-18 18:43:23,180] Trial 35 pruned. 
[I 2026-03-18 18:43:24,194] Trial 40 pruned. 
[I 2026-03-18 18:43:26,855] Trial 32 finished with value: -2.653104206203135 and parameters: {'n_layers_yyx': 2, 'hidden_size_yyx_l0': 4, 'hidden_size_yyx_l1': 6, 'context_size_yyx': 4, 'num_mix_components_yyx': 5, 'context_extractor_yyx': 'gru', 'activation_func_yyx': 'ReLU', 'L2_weight_yyx': 1.1645034228204607e-09, 'L_entropy_weight_yyx': 0.00028397784928039973, 'L_sep_weight_yyx': 2.5856922832221252e-08, 'L_scale_weight_yyx': 8.942685571279705e-10, 'learning_rate_yyx': 0.0057258985115999465}. Best is trial 10 with value: -2.6537577311197915.
[I 2026-03-18 18:43:27,348] Trial 42 pruned. 
[I 2026-03-18 18:43:27,348] Trial 46 pruned. 
[I 2026-03-18 18:43:27,865] Trial 28 finished with value: -1.6514208704606057 and parameters: {'n_layers_yyx': 2, 'hidden_size_yyx_l0': 4, 'hidden_size_yyx_l1': 6, 'context_size_yyx': 3, 'num_mix_components_yyx': 1, 'context_extractor_yyx': 'gru', 'activation_func_yyx': 'ReLU', 'L2_weight_yyx': 2.503680017906953e-08, 'L_entropy_weight_yyx': 2.7521073132918364e-05, 'L_sep_weight_yyx': 5.018000082306584e-06, 'L_scale_weight_yyx': 1.2579821610036883e-05, 'learning_rate_yyx': 0.004047854443265714}. Best is trial 23 with value: -1.675936991716372.
[I 2026-03-18 18:43:33,140] Trial 28 pruned. 
[I 2026-03-18 18:43:33,321] Trial 29 pruned. 
[I 2026-03-18 18:43:33,739] Trial 41 pruned. 
[I 2026-03-18 18:43:34,465] Trial 30 pruned. 
[I 2026-03-18 18:43:35,611] Trial 31 pruned. 
[I 2026-03-18 18:43:35,946] Trial 47 pruned. 
[I 2026-03-18 18:43:36,281] Trial 31 finished with value: -1.67178506181146 and parameters: {'n_layers_yyx': 1, 'hidden_size_yyx_l0': 5, 'context_size_yyx': 4, 'num_mix_components_yyx': 3, 'context_extractor_yyx': 'lstm', 'activation_func_yyx': 'Tanh', 'L2_weight_yyx': 6.689221282962063e-07, 'L_entropy_weight_yyx': 3.9645715538535886e-08, 'L_sep_weight_yyx': 7.69814532005382e-08, 'L_scale_weight_yyx': 4.109306242465705e-09, 'learning_rate_yyx': 0.00907207497482807}. Best is trial 23 with value: -1.6757874282308216.
[I 2026-03-18 18:43:36,567] Trial 29 pruned. 
[I 2026-03-18 18:43:36,878] Trial 22 pruned. 
[I 2026-03-18 18:43:39,888] Trial 34 pruned. 
[I 2026-03-18 18:43:43,036] Trial 23 finished with value: -2.636624749536474 and parameters: {'n_layers_yyx': 1, 'hidden_size_yyx_l0': 4, 'context_size_yyx': 4, 'num_mix_components_yyx': 5, 'context_extractor_yyx': 'gru', 'activation_func_yyx': 'Tanh', 'L2_weight_yyx': 0.00011155238324800166, 'L_entropy_weight_yyx': 0.0001864508466783558, 'L_sep_weight_yyx': 1.2174437298715717e-07, 'L_scale_weight_yyx': 5.715297504367456e-09, 'learning_rate_yyx': 0.007152601455491635}. Best is trial 21 with value: -2.6405605351488926.
[I 2026-03-18 18:43:45,680] Trial 32 pruned. 
[I 2026-03-18 18:43:45,840] Trial 37 pruned. 
[I 2026-03-18 18:43:48,357] Trial 35 pruned. 
[I 2026-03-18 18:43:49,825] Trial 42 pruned. 
[I 2026-03-18 18:43:54,875] Trial 33 pruned. 
[I 2026-03-18 18:43:57,239] Trial 23 pruned. 
[I 2026-03-18 18:44:02,195] Trial 35 pruned. 
[I 2026-03-18 18:44:10,189] Trial 36 pruned. 
[I 2026-03-18 18:44:10,311] Trial 34 pruned. 
[I 2026-03-18 18:44:15,607] Trial 36 pruned. 
[I 2026-03-18 18:44:17,641] Trial 38 pruned. 
[I 2026-03-18 18:44:18,391] Trial 28 finished with value: -2.636764521573349 and parameters: {'n_layers_yyx': 1, 'hidden_size_yyx_l0': 4, 'context_size_yyx': 3, 'num_mix_components_yyx': 5, 'context_extractor_yyx': 'lstm', 'activation_func_yyx': 'GELU', 'L2_weight_yyx': 3.7965346386810943e-08, 'L_entropy_weight_yyx': 1.0952560082550697e-09, 'L_sep_weight_yyx': 2.3713877338355943e-06, 'L_scale_weight_yyx': 6.8479864341638975e-06, 'learning_rate_yyx': 0.009948070446468378}. Best is trial 6 with value: -2.642843521506465.
[I 2026-03-18 18:44:21,282] Trial 44 finished with value: -2.5973209878151984 and parameters: {'n_layers_yyx': 2, 'hidden_size_yyx_l0': 4, 'hidden_size_yyx_l1': 4, 'context_size_yyx': 1, 'num_mix_components_yyx': 4, 'context_extractor_yyx': 'lstm', 'activation_func_yyx': 'ReLU', 'L2_weight_yyx': 2.934908815603905e-06, 'L_entropy_weight_yyx': 6.433854254423403e-08, 'L_sep_weight_yyx': 0.0004258224323422243, 'L_scale_weight_yyx': 8.390142963074175e-09, 'learning_rate_yyx': 0.004568121915949313}. Best is trial 14 with value: -2.6415204441902964.
[I 2026-03-18 18:44:21,453] Trial 37 pruned. 
[I 2026-03-18 18:44:23,090] Trial 28 finished with value: -1.6553564438806116 and parameters: {'n_layers_yyx': 2, 'hidden_size_yyx_l0': 6, 'hidden_size_yyx_l1': 6, 'context_size_yyx': 2, 'num_mix_components_yyx': 4, 'context_extractor_yyx': 'lstm', 'activation_func_yyx': 'Tanh', 'L2_weight_yyx': 5.366517172978955e-10, 'L_entropy_weight_yyx': 4.361207265616162e-08, 'L_sep_weight_yyx': 0.0002284497102334006, 'L_scale_weight_yyx': 3.8230419743468333e-10, 'learning_rate_yyx': 0.005664644816100111}. Best is trial 27 with value: -1.6742712595465095.
[I 2026-03-18 18:44:25,131] Trial 37 pruned. 
[I 2026-03-18 18:44:27,183] Trial 30 finished with value: -2.601710480560092 and parameters: {'n_layers_yyx': 1, 'hidden_size_yyx_l0': 4, 'context_size_yyx': 3, 'num_mix_components_yyx': 1, 'context_extractor_yyx': 'gru', 'activation_func_yyx': 'ReLU', 'L2_weight_yyx': 7.368921344708341e-07, 'L_entropy_weight_yyx': 3.451271669452672e-09, 'L_sep_weight_yyx': 1.6723127434679933e-07, 'L_scale_weight_yyx': 0.0007190749381319934, 'learning_rate_yyx': 0.0029236363409779254}. Best is trial 10 with value: -2.640669339569724.
[I 2026-03-18 18:44:29,901] Trial 38 pruned. 
[I 2026-03-18 18:44:32,493] Trial 43 pruned. 
[I 2026-03-18 18:44:34,088] Trial 26 finished with value: -1.6701976998249308 and parameters: {'n_layers_yyx': 1, 'hidden_size_yyx_l0': 4, 'context_size_yyx': 4, 'num_mix_components_yyx': 3, 'context_extractor_yyx': 'gru', 'activation_func_yyx': 'GELU', 'L2_weight_yyx': 4.042514777335429e-06, 'L_entropy_weight_yyx': 2.356684099014067e-08, 'L_sep_weight_yyx': 1.8957571308538234e-10, 'L_scale_weight_yyx': 2.153835800221799e-06, 'learning_rate_yyx': 0.006958519495804358}. Best is trial 2 with value: -1.6799626520210098.
[I 2026-03-18 18:44:36,804] Trial 35 finished with value: -1.2414107543042758 and parameters: {'n_layers_yyx': 2, 'hidden_size_yyx_l0': 5, 'hidden_size_yyx_l1': 5, 'context_size_yyx': 3, 'num_mix_components_yyx': 1, 'context_extractor_yyx': 'gru', 'activation_func_yyx': 'Tanh', 'L2_weight_yyx': 4.306566840377997e-05, 'L_entropy_weight_yyx': 1.2370140012541596e-07, 'L_sep_weight_yyx': 1.9541830209665273e-07, 'L_scale_weight_yyx': 2.5135383387052605e-09, 'learning_rate_yyx': 0.0032401189950564675}. Best is trial 3 with value: -1.2710647653519778.
[I 2026-03-18 18:44:38,140] Trial 29 finished with value: -1.6665437494595539 and parameters: {'n_layers_yyx': 1, 'hidden_size_yyx_l0': 3, 'context_size_yyx': 4, 'num_mix_components_yyx': 5, 'context_extractor_yyx': 'lstm', 'activation_func_yyx': 'GELU', 'L2_weight_yyx': 9.610523186642432e-10, 'L_entropy_weight_yyx': 6.519291993666974e-05, 'L_sep_weight_yyx': 2.372861015544639e-10, 'L_scale_weight_yyx': 3.1511945773205543e-09, 'learning_rate_yyx': 0.009909978758804767}. Best is trial 13 with value: -1.6722197537243195.
[I 2026-03-18 18:44:38,846] Trial 33 pruned. 
[I 2026-03-18 18:44:41,386] Trial 44 pruned. 
[I 2026-03-18 18:44:41,800] Trial 41 finished with value: -2.6036799703304148 and parameters: {'n_layers_yyx': 2, 'hidden_size_yyx_l0': 2, 'hidden_size_yyx_l1': 6, 'context_size_yyx': 4, 'num_mix_components_yyx': 5, 'context_extractor_yyx': 'gru', 'activation_func_yyx': 'Tanh', 'L2_weight_yyx': 5.781323626715887e-09, 'L_entropy_weight_yyx': 1.628180011391903e-09, 'L_sep_weight_yyx': 0.00038113475369134885, 'L_scale_weight_yyx': 1.655433070795238e-08, 'learning_rate_yyx': 0.0099032504434352}. Best is trial 0 with value: -2.6330643191486622.
[I 2026-03-18 18:44:45,932] Trial 34 finished with value: -1.2487017337143311 and parameters: {'n_layers_yyx': 1, 'hidden_size_yyx_l0': 5, 'context_size_yyx': 3, 'num_mix_components_yyx': 5, 'context_extractor_yyx': 'gru', 'activation_func_yyx': 'Tanh', 'L2_weight_yyx': 5.7634742423739454e-05, 'L_entropy_weight_yyx': 1.45583004431277e-05, 'L_sep_weight_yyx': 1.0000111046832398e-08, 'L_scale_weight_yyx': 0.0001991323940878615, 'learning_rate_yyx': 0.0032632583006356177}. Best is trial 6 with value: -1.270142151555821.
[I 2026-03-18 18:44:46,476] Trial 38 pruned. 
[I 2026-03-18 18:44:46,582] Trial 36 pruned. 
[I 2026-03-18 18:44:49,188] Trial 45 pruned. 
[I 2026-03-18 18:44:49,741] Trial 39 pruned. 
[I 2026-03-18 18:44:52,636] Trial 35 pruned. 
[I 2026-03-18 18:44:52,878] Trial 15 finished with value: -1.663180151651072 and parameters: {'n_layers_yyx': 2, 'hidden_size_yyx_l0': 4, 'hidden_size_yyx_l1': 4, 'context_size_yyx': 4, 'num_mix_components_yyx': 5, 'context_extractor_yyx': 'lstm', 'activation_func_yyx': 'ReLU', 'L2_weight_yyx': 0.0008132442480955372, 'L_entropy_weight_yyx': 7.477503738765499e-05, 'L_sep_weight_yyx': 9.660411532072016e-09, 'L_scale_weight_yyx': 1.455228766386303e-06, 'learning_rate_yyx': 0.004718175643931119}. Best is trial 13 with value: -1.6705420913622362.
[I 2026-03-18 18:44:53,726] Trial 37 pruned. 
[I 2026-03-18 18:44:55,605] Trial 30 pruned. 
[I 2026-03-18 18:44:56,949] Trial 30 pruned. 
[I 2026-03-18 18:44:57,428] Trial 46 pruned. 
[I 2026-03-18 18:44:57,936] Trial 34 pruned. 
[I 2026-03-18 18:44:59,307] Trial 32 finished with value: -1.6636288012301728 and parameters: {'n_layers_yyx': 2, 'hidden_size_yyx_l0': 6, 'hidden_size_yyx_l1': 6, 'context_size_yyx': 3, 'num_mix_components_yyx': 2, 'context_extractor_yyx': 'gru', 'activation_func_yyx': 'GELU', 'L2_weight_yyx': 5.149384636074508e-10, 'L_entropy_weight_yyx': 2.5062792038805366e-05, 'L_sep_weight_yyx': 2.3831929048359508e-08, 'L_scale_weight_yyx': 3.030015382131497e-10, 'learning_rate_yyx': 0.007154930412671995}. Best is trial 11 with value: -1.6687842250673444.
[I 2026-03-18 18:45:03,662] Trial 39 pruned. 
[I 2026-03-18 18:45:04,545] Trial 47 pruned. 
[I 2026-03-18 18:45:06,068] Trial 36 pruned. 
[I 2026-03-18 18:45:08,334] Trial 38 pruned. 
[I 2026-03-18 18:45:09,109] Trial 40 pruned. 
[I 2026-03-18 18:45:10,454] Trial 29 pruned. 
[I 2026-03-18 18:45:12,402] Trial 48 pruned. 
[I 2026-03-18 18:45:13,906] Trial 37 pruned. 
[I 2026-03-18 18:45:17,051] Trial 30 finished with value: -1.6672611071354386 and parameters: {'n_layers_yyx': 2, 'hidden_size_yyx_l0': 5, 'hidden_size_yyx_l1': 5, 'context_size_yyx': 4, 'num_mix_components_yyx': 4, 'context_extractor_yyx': 'gru', 'activation_func_yyx': 'GELU', 'L2_weight_yyx': 2.1470595935731273e-09, 'L_entropy_weight_yyx': 1.0078967531471274e-06, 'L_sep_weight_yyx': 1.291315478875039e-07, 'L_scale_weight_yyx': 6.134634833092344e-05, 'learning_rate_yyx': 0.00977399496366773}. Best is trial 23 with value: -1.675936991716372.
[I 2026-03-18 18:45:22,362] Trial 27 pruned. 
[I 2026-03-18 18:45:23,328] Trial 28 finished with value: -1.6687359144414584 and parameters: {'n_layers_yyx': 2, 'hidden_size_yyx_l0': 5, 'hidden_size_yyx_l1': 2, 'context_size_yyx': 4, 'num_mix_components_yyx': 1, 'context_extractor_yyx': 'lstm', 'activation_func_yyx': 'ReLU', 'L2_weight_yyx': 3.835193436339942e-10, 'L_entropy_weight_yyx': 3.047268867342741e-05, 'L_sep_weight_yyx': 3.6350185709565896e-10, 'L_scale_weight_yyx': 4.753622900056863e-09, 'learning_rate_yyx': 0.005072077563322184}. Best is trial 22 with value: -1.6757910143766872.
[I 2026-03-18 18:45:24,000] Trial 31 finished with value: -1.6656745767455703 and parameters: {'n_layers_yyx': 2, 'hidden_size_yyx_l0': 4, 'hidden_size_yyx_l1': 6, 'context_size_yyx': 2, 'num_mix_components_yyx': 5, 'context_extractor_yyx': 'gru', 'activation_func_yyx': 'GELU', 'L2_weight_yyx': 0.0006911274575539217, 'L_entropy_weight_yyx': 6.0617188820874176e-09, 'L_sep_weight_yyx': 3.388383579525249e-10, 'L_scale_weight_yyx': 1.8962826574725106e-06, 'learning_rate_yyx': 0.008763888441558116}. Best is trial 19 with value: -1.6674850489567747.
[I 2026-03-18 18:45:24,362] Trial 29 pruned. 
[I 2026-03-18 18:45:24,363] Trial 31 pruned. 
[I 2026-03-18 18:45:25,430] Trial 39 pruned. 
[I 2026-03-18 18:45:26,532] Trial 32 finished with value: -1.672754257429782 and parameters: {'n_layers_yyx': 1, 'hidden_size_yyx_l0': 5, 'context_size_yyx': 4, 'num_mix_components_yyx': 3, 'context_extractor_yyx': 'lstm', 'activation_func_yyx': 'Tanh', 'L2_weight_yyx': 8.525217455441463e-08, 'L_entropy_weight_yyx': 1.5109406110817267e-07, 'L_sep_weight_yyx': 1.6491846648855936e-07, 'L_scale_weight_yyx': 1.778130830147998e-08, 'learning_rate_yyx': 0.009939827653687183}. Best is trial 23 with value: -1.6757874282308216.
[I 2026-03-18 18:45:28,609] Trial 41 pruned. 
[I 2026-03-18 18:45:29,466] Trial 49 pruned. 

Source events: 5634
Target events: 9421
Full model ln_yyx : 145.28102 nats/sec, 13.87888 nats/event
Full model Log loss : -1.25796
Full model ln_yyx : 145.71298 nats/sec, 13.92014 nats/event
Full model Log loss : -1.26637
Full model ln_yyx : 148.24308 nats/sec, 14.16185 nats/event
Full model Log loss : -1.26639
Full model ln_yyx : 145.33660 nats/sec, 13.88419 nats/event
Full model Log loss : -1.23290
Full model ln_yyx : 142.23403 nats/sec, 13.58780 nats/event
Full model Log loss : -1.23648
Full model ln_yyx : 145.51917 nats/sec, 13.90163 nats/event
Full model Log loss : -1.23837
Full model ln_yyx : 147.13047 nats/sec, 14.05556 nats/event
Full model Log loss : -1.25843
Full model ln_yyx : 148.01110 nats/sec, 14.13969 nats/event
Full model Log loss : -1.26824
Full model ln_yyx : 142.21120 nats/sec, 13.58561 nats/event
Full model Log loss : -1.23560
Full model ln_yyx : 144.45524 nats/sec, 13.79999 nats/event
Full model Log loss : -1.24978
Full model ln_yyx : 146.47315 nats/sec, 13.99276 nats/event
Full model Log loss : -1.24124
Optimization finished. Config saved to results/opt-full/opt_full_98_best_config.txt
[I 2026-03-18 18:45:32,415] Trial 28 pruned. 
[I 2026-03-18 18:45:34,392] Trial 29 pruned. 
[I 2026-03-18 18:45:37,838] Trial 45 pruned. 
[I 2026-03-18 18:45:38,771] Trial 42 pruned. 
[I 2026-03-18 18:45:39,075] Trial 29 pruned. 
[I 2026-03-18 18:45:44,606] Trial 43 pruned. 
[I 2026-03-18 18:45:46,332] Trial 33 pruned. 
[I 2026-03-18 18:45:49,669] Trial 46 pruned. 
[I 2026-03-18 18:45:50,528] Trial 30 pruned. 
[I 2026-03-18 18:45:50,979] Trial 40 pruned. 
[I 2026-03-18 18:45:51,121] Trial 44 pruned. 
[I 2026-03-18 18:45:52,604] Trial 34 pruned. 
[I 2026-03-18 18:45:52,809] Trial 43 pruned. 
[I 2026-03-18 18:45:52,839] Trial 48 pruned. 
[I 2026-03-18 18:45:56,090] Trial 30 pruned. 
[I 2026-03-18 18:45:56,585] Trial 24 finished with value: -1.6750054529243301 and parameters: {'n_layers_yyx': 1, 'hidden_size_yyx_l0': 6, 'context_size_yyx': 4, 'num_mix_components_yyx': 5, 'context_extractor_yyx': 'lstm', 'activation_func_yyx': 'Tanh', 'L2_weight_yyx': 4.0222486458374115e-07, 'L_entropy_weight_yyx': 6.698409645912301e-10, 'L_sep_weight_yyx': 0.0007958410794759588, 'L_scale_weight_yyx': 0.0003593528698894759, 'learning_rate_yyx': 0.005050870528157612}. Best is trial 24 with value: -1.6750054529243301.
[I 2026-03-18 18:45:59,146] Trial 41 pruned. 
[I 2026-03-18 18:46:01,877] Trial 49 pruned. 

Source events: 10683
Target events: 11540
Full model ln_yyx : 388.52111 nats/sec, 30.30061 nats/event
Full model Log loss : -1.66569
Full model ln_yyx : 391.76492 nats/sec, 30.55359 nats/event
Full model Log loss : -1.66069
Full model ln_yyx : 390.75722 nats/sec, 30.47500 nats/event
Full model Log loss : -1.66321
Full model ln_yyx : 391.13348 nats/sec, 30.50434 nats/event
Full model Log loss : -1.64813
Full model ln_yyx : 392.81274 nats/sec, 30.63531 nats/event
Full model Log loss : -1.66206
Full model ln_yyx : 391.96046 nats/sec, 30.56884 nats/event
Full model Log loss : -1.67159
Full model ln_yyx : 391.51165 nats/sec, 30.53384 nats/event
Full model Log loss : -1.65326
Optimization finished. Config saved to results/opt-full/opt_full_117_best_config.txt
[I 2026-03-18 18:46:02,354] Trial 44 pruned. 
[I 2026-03-18 18:46:02,429] Trial 31 pruned. 
[I 2026-03-18 18:46:04,017] Trial 36 finished with value: -1.2706139471085807 and parameters: {'n_layers_yyx': 2, 'hidden_size_yyx_l0': 6, 'hidden_size_yyx_l1': 6, 'context_size_yyx': 2, 'num_mix_components_yyx': 4, 'context_extractor_yyx': 'lstm', 'activation_func_yyx': 'GELU', 'L2_weight_yyx': 2.8950001776374076e-08, 'L_entropy_weight_yyx': 6.000295215382457e-06, 'L_sep_weight_yyx': 1.125822464642175e-09, 'L_scale_weight_yyx': 3.163079180524536e-07, 'learning_rate_yyx': 0.004164153893404504}. Best is trial 3 with value: -1.2710647653519778.
[I 2026-03-18 18:46:05,021] Trial 31 pruned. 
[I 2026-03-18 18:46:07,087] Trial 42 pruned. 
[I 2026-03-18 18:46:07,310] Trial 45 pruned. 
[I 2026-03-18 18:46:09,629] Trial 35 pruned. 
[I 2026-03-18 18:46:10,028] Trial 45 pruned. 
[I 2026-03-18 18:46:10,031] Trial 32 pruned. 
[I 2026-03-18 18:46:10,435] Trial 35 finished with value: -2.638270553216115 and parameters: {'n_layers_yyx': 1, 'hidden_size_yyx_l0': 3, 'context_size_yyx': 3, 'num_mix_components_yyx': 5, 'context_extractor_yyx': 'lstm', 'activation_func_yyx': 'ReLU', 'L2_weight_yyx': 5.7767877364267586e-05, 'L_entropy_weight_yyx': 2.386080167019397e-07, 'L_sep_weight_yyx': 7.815909796259388e-09, 'L_scale_weight_yyx': 0.00035238739809096553, 'learning_rate_yyx': 0.006187615013438111}. Best is trial 31 with value: -2.642702042239214.
[I 2026-03-18 18:46:16,254] Trial 29 pruned. 
[I 2026-03-18 18:46:17,431] Trial 47 pruned. 
[I 2026-03-18 18:46:17,432] Trial 46 pruned. 
[I 2026-03-18 18:46:18,759] Trial 35 finished with value: -2.6491521871683785 and parameters: {'n_layers_yyx': 1, 'hidden_size_yyx_l0': 4, 'context_size_yyx': 4, 'num_mix_components_yyx': 5, 'context_extractor_yyx': 'gru', 'activation_func_yyx': 'GELU', 'L2_weight_yyx': 2.406143317566775e-09, 'L_entropy_weight_yyx': 1.198537682066879e-05, 'L_sep_weight_yyx': 7.737078106923654e-10, 'L_scale_weight_yyx': 2.4363427220954956e-10, 'learning_rate_yyx': 0.005863510445034193}. Best is trial 10 with value: -2.6537577311197915.
[I 2026-03-18 18:46:19,250] Trial 36 pruned. 
[I 2026-03-18 18:46:23,371] Trial 32 pruned. 
[I 2026-03-18 18:46:23,396] Trial 36 pruned. 
[I 2026-03-18 18:46:26,010] Trial 43 pruned. 
[I 2026-03-18 18:46:29,389] Trial 46 pruned. 
[I 2026-03-18 18:46:29,558] Trial 48 pruned. 
[I 2026-03-18 18:46:34,745] Trial 30 pruned. 
[I 2026-03-18 18:46:34,904] Trial 37 pruned. 
[I 2026-03-18 18:46:35,499] Trial 47 pruned. 
[I 2026-03-18 18:46:35,503] Trial 31 pruned. 
[I 2026-03-18 18:46:37,009] Trial 32 pruned. 
[I 2026-03-18 18:46:39,064] Trial 47 pruned. 
[I 2026-03-18 18:46:42,577] Trial 24 finished with value: -2.6357785346013674 and parameters: {'n_layers_yyx': 1, 'hidden_size_yyx_l0': 4, 'context_size_yyx': 3, 'num_mix_components_yyx': 5, 'context_extractor_yyx': 'gru', 'activation_func_yyx': 'Tanh', 'L2_weight_yyx': 9.011009223233581e-05, 'L_entropy_weight_yyx': 0.00012269591273067883, 'L_sep_weight_yyx': 1.1808090553816812e-07, 'L_scale_weight_yyx': 6.914891661396306e-09, 'learning_rate_yyx': 0.009536190097223134}. Best is trial 21 with value: -2.6405605351488926.
[I 2026-03-18 18:46:44,749] Trial 31 pruned. 
[I 2026-03-18 18:46:47,738] Trial 48 pruned. 
[I 2026-03-18 18:46:48,414] Trial 33 pruned. 
[I 2026-03-18 18:46:48,419] Trial 36 pruned. 
[I 2026-03-18 18:46:53,625] Trial 48 pruned. 
[I 2026-03-18 18:46:55,624] Trial 32 finished with value: -1.666002615009855 and parameters: {'n_layers_yyx': 2, 'hidden_size_yyx_l0': 4, 'hidden_size_yyx_l1': 6, 'context_size_yyx': 2, 'num_mix_components_yyx': 5, 'context_extractor_yyx': 'gru', 'activation_func_yyx': 'GELU', 'L2_weight_yyx': 0.00010371037624895621, 'L_entropy_weight_yyx': 9.764954600177398e-09, 'L_sep_weight_yyx': 5.811500291145414e-10, 'L_scale_weight_yyx': 1.1728356009469053e-06, 'learning_rate_yyx': 0.009888321176948628}. Best is trial 19 with value: -1.6674850489567747.
[I 2026-03-18 18:46:56,368] Trial 38 pruned. 
[I 2026-03-18 18:46:56,665] Trial 39 finished with value: -2.6312935092239247 and parameters: {'n_layers_yyx': 1, 'hidden_size_yyx_l0': 5, 'context_size_yyx': 3, 'num_mix_components_yyx': 5, 'context_extractor_yyx': 'gru', 'activation_func_yyx': 'ReLU', 'L2_weight_yyx': 0.0005777180703341101, 'L_entropy_weight_yyx': 2.393942868163291e-08, 'L_sep_weight_yyx': 1.4921302164160744e-05, 'L_scale_weight_yyx': 4.41621484209233e-08, 'learning_rate_yyx': 0.009667325815425041}. Best is trial 12 with value: -2.6375437257353878.
[I 2026-03-18 18:47:00,656] Trial 40 finished with value: -1.265859374717952 and parameters: {'n_layers_yyx': 1, 'hidden_size_yyx_l0': 6, 'context_size_yyx': 4, 'num_mix_components_yyx': 5, 'context_extractor_yyx': 'lstm', 'activation_func_yyx': 'GELU', 'L2_weight_yyx': 6.222839767636641e-07, 'L_entropy_weight_yyx': 5.197062884955219e-05, 'L_sep_weight_yyx': 4.956539203119303e-09, 'L_scale_weight_yyx': 9.349637779881664e-09, 'learning_rate_yyx': 0.0026034619569882084}. Best is trial 5 with value: -1.2714442113851663.
[I 2026-03-18 18:47:01,105] Trial 34 pruned. 
[I 2026-03-18 18:47:03,124] Trial 16 pruned. 
[I 2026-03-18 18:47:03,187] Trial 31 finished with value: -2.636915208106511 and parameters: {'n_layers_yyx': 1, 'hidden_size_yyx_l0': 4, 'context_size_yyx': 3, 'num_mix_components_yyx': 5, 'context_extractor_yyx': 'gru', 'activation_func_yyx': 'Tanh', 'L2_weight_yyx': 3.623090744536291e-05, 'L_entropy_weight_yyx': 1.7757089876189433e-08, 'L_sep_weight_yyx': 8.581678992881649e-08, 'L_scale_weight_yyx': 2.19837076904032e-09, 'learning_rate_yyx': 0.00980256073763264}. Best is trial 10 with value: -2.640669339569724.
[I 2026-03-18 18:47:04,251] Trial 35 pruned. 
[I 2026-03-18 18:47:04,732] Trial 32 pruned. 
[I 2026-03-18 18:47:08,073] Trial 29 finished with value: -1.6833607836109268 and parameters: {'n_layers_yyx': 2, 'hidden_size_yyx_l0': 6, 'hidden_size_yyx_l1': 6, 'context_size_yyx': 2, 'num_mix_components_yyx': 2, 'context_extractor_yyx': 'lstm', 'activation_func_yyx': 'GELU', 'L2_weight_yyx': 6.486841977392342e-05, 'L_entropy_weight_yyx': 2.8437692506911582e-05, 'L_sep_weight_yyx': 5.5349659919335094e-06, 'L_scale_weight_yyx': 5.049696754783411e-10, 'learning_rate_yyx': 0.0021437897131309273}. Best is trial 29 with value: -1.6833607836109268.
[I 2026-03-18 18:47:08,139] Trial 41 pruned. 
[I 2026-03-18 18:47:09,796] Trial 42 finished with value: -2.635504814712335 and parameters: {'n_layers_yyx': 2, 'hidden_size_yyx_l0': 2, 'hidden_size_yyx_l1': 5, 'context_size_yyx': 4, 'num_mix_components_yyx': 5, 'context_extractor_yyx': 'gru', 'activation_func_yyx': 'Tanh', 'L2_weight_yyx': 3.774830677937176e-09, 'L_entropy_weight_yyx': 3.9789852189217625e-08, 'L_sep_weight_yyx': 0.0001102614739264875, 'L_scale_weight_yyx': 3.820364652217158e-08, 'learning_rate_yyx': 0.007666885340556693}. Best is trial 42 with value: -2.635504814712335.
[I 2026-03-18 18:47:09,935] Trial 33 finished with value: -1.6649620140597037 and parameters: {'n_layers_yyx': 1, 'hidden_size_yyx_l0': 4, 'context_size_yyx': 4, 'num_mix_components_yyx': 3, 'context_extractor_yyx': 'lstm', 'activation_func_yyx': 'Tanh', 'L2_weight_yyx': 2.8145556413188402e-08, 'L_entropy_weight_yyx': 1.5013647496841276e-07, 'L_sep_weight_yyx': 2.811965567661034e-07, 'L_scale_weight_yyx': 2.4923244976331914e-08, 'learning_rate_yyx': 0.00768103786405998}. Best is trial 23 with value: -1.6757874282308216.
[I 2026-03-18 18:47:10,663] Trial 33 pruned. 
[I 2026-03-18 18:47:11,225] Trial 49 pruned. 

Source events: 10683
Target events: 40082
Full model ln_yyx : 1368.71238 nats/sec, 30.73303 nats/event
Full model Log loss : -1.66990
Full model ln_yyx : 1366.72352 nats/sec, 30.68837 nats/event
Full model Log loss : -1.67459
Full model ln_yyx : 1363.15696 nats/sec, 30.60828 nats/event
Full model Log loss : -1.67022
Full model ln_yyx : 1347.20311 nats/sec, 30.25006 nats/event
Full model Log loss : -1.65869
Full model ln_yyx : 1353.76061 nats/sec, 30.39730 nats/event
Full model Log loss : -1.66820
Full model ln_yyx : 1354.80670 nats/sec, 30.42079 nats/event
Full model Log loss : -1.66458
Full model ln_yyx : 1351.27853 nats/sec, 30.34157 nats/event
Full model Log loss : -1.66828
Optimization finished. Config saved to results/opt-full/opt_full_107_best_config.txt
[I 2026-03-18 18:47:11,374] Trial 33 pruned. 
[I 2026-03-18 18:47:12,364] Trial 44 pruned. 
[I 2026-03-18 18:47:13,303] Trial 35 pruned. 
[I 2026-03-18 18:47:17,923] Trial 34 pruned. 
[I 2026-03-18 18:47:17,925] Trial 37 pruned. 
[I 2026-03-18 18:47:19,359] Trial 36 pruned. 
[I 2026-03-18 18:47:20,818] Trial 45 pruned. 
[I 2026-03-18 18:47:21,330] Trial 25 finished with value: -1.6562429764043607 and parameters: {'n_layers_yyx': 1, 'hidden_size_yyx_l0': 6, 'context_size_yyx': 3, 'num_mix_components_yyx': 5, 'context_extractor_yyx': 'lstm', 'activation_func_yyx': 'Tanh', 'L2_weight_yyx': 4.6494321946591694e-07, 'L_entropy_weight_yyx': 4.92421032633301e-10, 'L_sep_weight_yyx': 0.0007833606635033891, 'L_scale_weight_yyx': 0.00017150686608613262, 'learning_rate_yyx': 0.005858530219458038}. Best is trial 24 with value: -1.6750054529243301.
[I 2026-03-18 18:47:21,332] Trial 32 pruned. 
[I 2026-03-18 18:47:23,603] Trial 30 pruned. 
[I 2026-03-18 18:47:27,760] Trial 37 pruned. 
[I 2026-03-18 18:47:29,578] Trial 32 pruned. 
[I 2026-03-18 18:47:29,970] Trial 37 finished with value: -1.258329042445269 and parameters: {'n_layers_yyx': 2, 'hidden_size_yyx_l0': 6, 'hidden_size_yyx_l1': 5, 'context_size_yyx': 3, 'num_mix_components_yyx': 4, 'context_extractor_yyx': 'lstm', 'activation_func_yyx': 'GELU', 'L2_weight_yyx': 1.71669896386734e-08, 'L_entropy_weight_yyx': 6.707762683363574e-06, 'L_sep_weight_yyx': 7.170461741593572e-10, 'L_scale_weight_yyx': 0.00010410911362495703, 'learning_rate_yyx': 0.004277180282421475}. Best is trial 3 with value: -1.2710647653519778.
[I 2026-03-18 18:47:31,640] Trial 31 finished with value: -1.6708081688757006 and parameters: {'n_layers_yyx': 1, 'hidden_size_yyx_l0': 3, 'context_size_yyx': 4, 'num_mix_components_yyx': 2, 'context_extractor_yyx': 'lstm', 'activation_func_yyx': 'Tanh', 'L2_weight_yyx': 2.489223170943454e-10, 'L_entropy_weight_yyx': 1.9868435732535026e-07, 'L_sep_weight_yyx': 1.9154386614788153e-09, 'L_scale_weight_yyx': 0.00021546362336573655, 'learning_rate_yyx': 0.00805531300216871}. Best is trial 13 with value: -1.6722197537243195.
[I 2026-03-18 18:47:32,612] Trial 39 pruned. 
[I 2026-03-18 18:47:35,938] Trial 35 pruned. 
[I 2026-03-18 18:47:39,270] Trial 38 pruned. 
[I 2026-03-18 18:47:40,010] Trial 40 pruned. 
[I 2026-03-18 18:47:41,993] Trial 36 pruned. 
[I 2026-03-18 18:47:44,111] Trial 36 pruned. 
[I 2026-03-18 18:47:45,007] Trial 38 pruned. 
[I 2026-03-18 18:47:46,237] Trial 30 finished with value: -1.6626248786493032 and parameters: {'n_layers_yyx': 2, 'hidden_size_yyx_l0': 5, 'hidden_size_yyx_l1': 5, 'context_size_yyx': 4, 'num_mix_components_yyx': 4, 'context_extractor_yyx': 'gru', 'activation_func_yyx': 'Tanh', 'L2_weight_yyx': 2.6229427464957343e-06, 'L_entropy_weight_yyx': 1.4038032439584695e-07, 'L_sep_weight_yyx': 6.064875157956862e-07, 'L_scale_weight_yyx': 0.00011616508608229209, 'learning_rate_yyx': 0.004363277400025898}. Best is trial 0 with value: -1.6683178048964529.
[I 2026-03-18 18:47:46,891] Trial 17 pruned. 
[I 2026-03-18 18:47:48,823] Trial 38 pruned. 
[I 2026-03-18 18:47:54,568] Trial 25 pruned. 
[I 2026-03-18 18:47:57,519] Trial 33 finished with value: -1.655572197320257 and parameters: {'n_layers_yyx': 2, 'hidden_size_yyx_l0': 5, 'hidden_size_yyx_l1': 5, 'context_size_yyx': 1, 'num_mix_components_yyx': 4, 'context_extractor_yyx': 'gru', 'activation_func_yyx': 'GELU', 'L2_weight_yyx': 4.099251351377448e-09, 'L_entropy_weight_yyx': 4.43781154296446e-07, 'L_sep_weight_yyx': 4.240412425911246e-07, 'L_scale_weight_yyx': 7.09556471184488e-05, 'learning_rate_yyx': 0.009658039668614291}. Best is trial 23 with value: -1.675936991716372.
[I 2026-03-18 18:48:01,410] Trial 39 pruned. 
[I 2026-03-18 18:48:01,978] Trial 37 pruned. 
[I 2026-03-18 18:48:03,151] Trial 39 pruned. 
[I 2026-03-18 18:48:06,340] Trial 31 pruned. 
[I 2026-03-18 18:48:08,152] Trial 31 pruned. 
[I 2026-03-18 18:48:08,330] Trial 37 pruned. 
[I 2026-03-18 18:48:09,369] Trial 38 pruned. 
[I 2026-03-18 18:48:10,089] Trial 40 pruned. 
[I 2026-03-18 18:48:10,699] Trial 49 finished with value: -2.6311385653269723 and parameters: {'n_layers_yyx': 2, 'hidden_size_yyx_l0': 3, 'hidden_size_yyx_l1': 5, 'context_size_yyx': 3, 'num_mix_components_yyx': 5, 'context_extractor_yyx': 'lstm', 'activation_func_yyx': 'Tanh', 'L2_weight_yyx': 1.5211057421743668e-06, 'L_entropy_weight_yyx': 4.2140961565975776e-05, 'L_sep_weight_yyx': 6.059326225619993e-05, 'L_scale_weight_yyx': 5.276834523704007e-09, 'learning_rate_yyx': 0.006762861683753208}. Best is trial 14 with value: -2.6415204441902964.

Source events: 32635
Target events: 12731
Full model ln_yyx : 1795.77368 nats/sec, 126.94968 nats/event
Full model Log loss : -2.60045
Full model ln_yyx : 1792.25621 nats/sec, 126.70101 nats/event
Full model Log loss : -2.59864
Full model ln_yyx : 1796.12978 nats/sec, 126.97485 nats/event
Full model Log loss : -2.60101
Full model ln_yyx : 1821.19405 nats/sec, 128.74673 nats/event
Full model Log loss : -2.63804
Full model ln_yyx : 1816.26405 nats/sec, 128.39821 nats/event
Full model Log loss : -2.64152
Full model ln_yyx : 1814.66847 nats/sec, 128.28542 nats/event
Full model Log loss : -2.64099
Full model ln_yyx : 1819.90965 nats/sec, 128.65593 nats/event
Full model Log loss : -2.63440
Full model ln_yyx : 1810.25171 nats/sec, 127.97318 nats/event
Full model Log loss : -2.63110
Full model ln_yyx : 1808.57586 nats/sec, 127.85471 nats/event
Full model Log loss : -2.63308
Full model ln_yyx : 1784.36041 nats/sec, 126.14283 nats/event
Full model Log loss : -2.59732
Full model ln_yyx : 1819.39193 nats/sec, 128.61933 nats/event
Full model Log loss : -2.63114
Optimization finished. Config saved to results/opt-full/opt_full_120_best_config.txt
[I 2026-03-18 18:48:15,578] Trial 39 pruned. 
[I 2026-03-18 18:48:18,520] Trial 38 pruned. 
[I 2026-03-18 18:48:20,077] Trial 30 finished with value: -2.598368882908223 and parameters: {'n_layers_yyx': 2, 'hidden_size_yyx_l0': 6, 'hidden_size_yyx_l1': 4, 'context_size_yyx': 3, 'num_mix_components_yyx': 4, 'context_extractor_yyx': 'lstm', 'activation_func_yyx': 'Tanh', 'L2_weight_yyx': 9.550994754585457e-10, 'L_entropy_weight_yyx': 1.6943666062538982e-10, 'L_sep_weight_yyx': 2.029514295814014e-07, 'L_scale_weight_yyx': 0.000168186149545226, 'learning_rate_yyx': 0.0010314738019331707}. Best is trial 6 with value: -2.642843521506465.
[I 2026-03-18 18:48:23,353] Trial 49 finished with value: -1.6487152207327214 and parameters: {'n_layers_yyx': 2, 'hidden_size_yyx_l0': 4, 'hidden_size_yyx_l1': 6, 'context_size_yyx': 3, 'num_mix_components_yyx': 3, 'context_extractor_yyx': 'lstm', 'activation_func_yyx': 'ReLU', 'L2_weight_yyx': 0.0004903995474332599, 'L_entropy_weight_yyx': 0.00015008801530549934, 'L_sep_weight_yyx': 2.1508732760076864e-08, 'L_scale_weight_yyx': 0.00022495758852824745, 'learning_rate_yyx': 0.007167482237103898}. Best is trial 12 with value: -1.6645964610425732.

Source events: 10683
Target events: 3403
Full model ln_yyx : 113.61910 nats/sec, 30.04913 nats/event
Full model Log loss : -1.64313
Full model ln_yyx : 115.61658 nats/sec, 30.57741 nats/event
Full model Log loss : -1.65498
Full model ln_yyx : 114.68482 nats/sec, 30.33098 nats/event
Full model Log loss : -1.65567
Full model ln_yyx : 113.82065 nats/sec, 30.10244 nats/event
Full model Log loss : -1.66373
Full model ln_yyx : 114.06078 nats/sec, 30.16594 nats/event
Full model Log loss : -1.66044
Full model ln_yyx : 111.88507 nats/sec, 29.59053 nats/event
Full model Log loss : -1.65403
Full model ln_yyx : 114.81688 nats/sec, 30.36591 nats/event
Full model Log loss : -1.66460
Full model ln_yyx : 113.48820 nats/sec, 30.01451 nats/event
Full model Log loss : -1.65451
Full model ln_yyx : 113.83792 nats/sec, 30.10700 nats/event
Full model Log loss : -1.65038
Full model ln_yyx : 111.88117 nats/sec, 29.58950 nats/event
Full model Log loss : -1.64632
Full model ln_yyx : 111.59954 nats/sec, 29.51501 nats/event
Full model Log loss : -1.64897
Full model ln_yyx : 113.93561 nats/sec, 30.13284 nats/event
Full model Log loss : -1.64872
Optimization finished. Config saved to results/opt-full/opt_full_105_best_config.txt
[I 2026-03-18 18:48:23,755] Trial 33 finished with value: -1.6659352198831157 and parameters: {'n_layers_yyx': 2, 'hidden_size_yyx_l0': 4, 'hidden_size_yyx_l1': 6, 'context_size_yyx': 2, 'num_mix_components_yyx': 5, 'context_extractor_yyx': 'gru', 'activation_func_yyx': 'GELU', 'L2_weight_yyx': 6.299538030081981e-05, 'L_entropy_weight_yyx': 1.0692175739374382e-08, 'L_sep_weight_yyx': 3.243449668212582e-10, 'L_scale_weight_yyx': 8.746125095044454e-07, 'learning_rate_yyx': 0.009626474224899229}. Best is trial 19 with value: -1.6674850489567747.
[I 2026-03-18 18:48:24,593] Trial 40 pruned. 
[I 2026-03-18 18:48:24,605] Trial 41 pruned. 
[I 2026-03-18 18:48:30,615] Trial 34 pruned. 
[I 2026-03-18 18:48:33,214] Trial 42 finished with value: -1.2653968091813121 and parameters: {'n_layers_yyx': 1, 'hidden_size_yyx_l0': 6, 'context_size_yyx': 4, 'num_mix_components_yyx': 5, 'context_extractor_yyx': 'lstm', 'activation_func_yyx': 'GELU', 'L2_weight_yyx': 8.84436983488194e-08, 'L_entropy_weight_yyx': 0.00027634646991713186, 'L_sep_weight_yyx': 5.0070679589459905e-09, 'L_scale_weight_yyx': 1.827334287358123e-09, 'learning_rate_yyx': 0.0025068013427466582}. Best is trial 5 with value: -1.2714442113851663.
[I 2026-03-18 18:48:35,869] Trial 38 finished with value: -2.6429482367908306 and parameters: {'n_layers_yyx': 2, 'hidden_size_yyx_l0': 4, 'hidden_size_yyx_l1': 6, 'context_size_yyx': 1, 'num_mix_components_yyx': 2, 'context_extractor_yyx': 'gru', 'activation_func_yyx': 'ReLU', 'L2_weight_yyx': 3.5051837092371345e-05, 'L_entropy_weight_yyx': 6.138437356400382e-05, 'L_sep_weight_yyx': 3.649155406294157e-05, 'L_scale_weight_yyx': 1.0013596171573281e-10, 'learning_rate_yyx': 0.009975204484241622}. Best is trial 10 with value: -2.6537577311197915.
[I 2026-03-18 18:48:39,934] Trial 43 pruned. 
[I 2026-03-18 18:48:42,080] Trial 26 finished with value: -1.6790522813108588 and parameters: {'n_layers_yyx': 1, 'hidden_size_yyx_l0': 6, 'context_size_yyx': 4, 'num_mix_components_yyx': 5, 'context_extractor_yyx': 'lstm', 'activation_func_yyx': 'Tanh', 'L2_weight_yyx': 2.7301054438676595e-08, 'L_entropy_weight_yyx': 0.0007933814148471609, 'L_sep_weight_yyx': 0.00018748822969929605, 'L_scale_weight_yyx': 1.0833244739348545e-09, 'learning_rate_yyx': 0.007557122501040587}. Best is trial 26 with value: -1.6790522813108588.
[I 2026-03-18 18:48:45,445] Trial 32 pruned. 
[I 2026-03-18 18:48:45,533] Trial 31 pruned. 
[I 2026-03-18 18:48:48,004] Trial 39 pruned. 
[I 2026-03-18 18:48:49,386] Trial 39 finished with value: -1.2747256689723891 and parameters: {'n_layers_yyx': 1, 'hidden_size_yyx_l0': 6, 'context_size_yyx': 4, 'num_mix_components_yyx': 4, 'context_extractor_yyx': 'lstm', 'activation_func_yyx': 'GELU', 'L2_weight_yyx': 1.3306792009657257e-09, 'L_entropy_weight_yyx': 1.1200037523254773e-09, 'L_sep_weight_yyx': 1.6392116207083533e-10, 'L_scale_weight_yyx': 2.3788069799927917e-06, 'learning_rate_yyx': 0.007891913806293801}. Best is trial 39 with value: -1.2747256689723891.
[I 2026-03-18 18:48:49,398] Trial 34 finished with value: -1.6592762986551235 and parameters: {'n_layers_yyx': 2, 'hidden_size_yyx_l0': 3, 'hidden_size_yyx_l1': 4, 'context_size_yyx': 3, 'num_mix_components_yyx': 3, 'context_extractor_yyx': 'lstm', 'activation_func_yyx': 'GELU', 'L2_weight_yyx': 2.5088918102186267e-08, 'L_entropy_weight_yyx': 1.040278058114644e-10, 'L_sep_weight_yyx': 2.8737589297138836e-10, 'L_scale_weight_yyx': 3.599475487945666e-08, 'learning_rate_yyx': 0.006628166101298997}. Best is trial 2 with value: -1.6799626520210098.
[I 2026-03-18 18:48:50,612] Trial 41 pruned. 
[I 2026-03-18 18:48:52,131] Trial 33 pruned. 
[I 2026-03-18 18:48:52,339] Trial 40 pruned. 
[I 2026-03-18 18:48:52,401] Trial 34 finished with value: -1.6777112637722686 and parameters: {'n_layers_yyx': 1, 'hidden_size_yyx_l0': 5, 'context_size_yyx': 4, 'num_mix_components_yyx': 4, 'context_extractor_yyx': 'lstm', 'activation_func_yyx': 'Tanh', 'L2_weight_yyx': 4.401216436162911e-06, 'L_entropy_weight_yyx': 2.4600696159682567e-07, 'L_sep_weight_yyx': 2.9059294940570203e-09, 'L_scale_weight_yyx': 1.5662451441970395e-09, 'learning_rate_yyx': 0.006640117404001943}. Best is trial 34 with value: -1.6777112637722686.
[I 2026-03-18 18:48:53,186] Trial 41 finished with value: -1.2623396360499581 and parameters: {'n_layers_yyx': 1, 'hidden_size_yyx_l0': 4, 'context_size_yyx': 4, 'num_mix_components_yyx': 4, 'context_extractor_yyx': 'gru', 'activation_func_yyx': 'Tanh', 'L2_weight_yyx': 1.0988426312226347e-06, 'L_entropy_weight_yyx': 0.0009741493236758689, 'L_sep_weight_yyx': 3.531613666188023e-07, 'L_scale_weight_yyx': 0.0007905269402080756, 'learning_rate_yyx': 0.004395385367745511}. Best is trial 6 with value: -1.270142151555821.
[I 2026-03-18 18:48:54,778] Trial 35 pruned. 
[I 2026-03-18 18:48:58,293] Trial 35 pruned. 
[I 2026-03-18 18:49:01,523] Trial 42 pruned. 
[I 2026-03-18 18:49:06,056] Trial 34 pruned. 
[I 2026-03-18 18:49:10,930] Trial 36 pruned. 
[I 2026-03-18 18:49:11,281] Trial 40 finished with value: -2.6389502359323496 and parameters: {'n_layers_yyx': 1, 'hidden_size_yyx_l0': 5, 'context_size_yyx': 3, 'num_mix_components_yyx': 5, 'context_extractor_yyx': 'gru', 'activation_func_yyx': 'ReLU', 'L2_weight_yyx': 0.00021411664264323825, 'L_entropy_weight_yyx': 2.2577206205819388e-08, 'L_sep_weight_yyx': 1.022531283240807e-05, 'L_scale_weight_yyx': 4.56158091119385e-08, 'learning_rate_yyx': 0.009218373907655791}. Best is trial 40 with value: -2.6389502359323496.
[I 2026-03-18 18:49:13,108] Trial 43 finished with value: -2.6403061447515017 and parameters: {'n_layers_yyx': 2, 'hidden_size_yyx_l0': 3, 'hidden_size_yyx_l1': 5, 'context_size_yyx': 3, 'num_mix_components_yyx': 5, 'context_extractor_yyx': 'gru', 'activation_func_yyx': 'Tanh', 'L2_weight_yyx': 1.9186237047136927e-08, 'L_entropy_weight_yyx': 2.2906873513393353e-08, 'L_sep_weight_yyx': 0.0009058049999997443, 'L_scale_weight_yyx': 5.638442162836839e-10, 'learning_rate_yyx': 0.008534102175844105}. Best is trial 43 with value: -2.6403061447515017.
[I 2026-03-18 18:49:13,685] Trial 33 finished with value: -1.676624944281188 and parameters: {'n_layers_yyx': 2, 'hidden_size_yyx_l0': 6, 'hidden_size_yyx_l1': 4, 'context_size_yyx': 4, 'num_mix_components_yyx': 3, 'context_extractor_yyx': 'lstm', 'activation_func_yyx': 'Tanh', 'L2_weight_yyx': 2.564424522123712e-09, 'L_entropy_weight_yyx': 0.0003194370693633438, 'L_sep_weight_yyx': 5.951515952630271e-10, 'L_scale_weight_yyx': 6.137232938322337e-08, 'learning_rate_yyx': 0.005900080529768585}. Best is trial 33 with value: -1.676624944281188.
[I 2026-03-18 18:49:13,732] Trial 36 pruned. 
[I 2026-03-18 18:49:14,174] Trial 35 pruned. 
[I 2026-03-18 18:49:17,169] Trial 34 finished with value: -1.6543547269584356 and parameters: {'n_layers_yyx': 2, 'hidden_size_yyx_l0': 4, 'hidden_size_yyx_l1': 4, 'context_size_yyx': 3, 'num_mix_components_yyx': 5, 'context_extractor_yyx': 'gru', 'activation_func_yyx': 'GELU', 'L2_weight_yyx': 4.506780220379601e-10, 'L_entropy_weight_yyx': 5.8031844268097326e-08, 'L_sep_weight_yyx': 1.8929463085907407e-08, 'L_scale_weight_yyx': 0.0003967266397713694, 'learning_rate_yyx': 0.006376760448531314}. Best is trial 23 with value: -1.675936991716372.
[I 2026-03-18 18:49:19,041] Trial 37 pruned. 
[I 2026-03-18 18:49:21,361] Trial 46 pruned. 
[I 2026-03-18 18:49:22,622] Trial 37 pruned. 
[I 2026-03-18 18:49:24,970] Trial 39 pruned. 
[I 2026-03-18 18:49:27,856] Trial 32 pruned. 
[I 2026-03-18 18:49:29,840] Trial 18 finished with value: -1.6716810843741248 and parameters: {'n_layers_yyx': 2, 'hidden_size_yyx_l0': 6, 'hidden_size_yyx_l1': 5, 'context_size_yyx': 4, 'num_mix_components_yyx': 3, 'context_extractor_yyx': 'lstm', 'activation_func_yyx': 'GELU', 'L2_weight_yyx': 1.363279254631182e-05, 'L_entropy_weight_yyx': 2.1219692227415025e-06, 'L_sep_weight_yyx': 6.9603794888753e-05, 'L_scale_weight_yyx': 9.99052081083701e-10, 'learning_rate_yyx': 0.009978226781855675}. Best is trial 18 with value: -1.6716810843741248.
[I 2026-03-18 18:49:31,281] Trial 41 pruned. 
[I 2026-03-18 18:49:31,309] Trial 36 pruned. 
[I 2026-03-18 18:49:36,240] Trial 40 pruned. 
[I 2026-03-18 18:49:37,456] Trial 41 pruned. 
[I 2026-03-18 18:49:37,475] Trial 37 pruned. 
[I 2026-03-18 18:49:37,857] Trial 37 finished with value: -1.6754623372699344 and parameters: {'n_layers_yyx': 2, 'hidden_size_yyx_l0': 5, 'hidden_size_yyx_l1': 3, 'context_size_yyx': 3, 'num_mix_components_yyx': 3, 'context_extractor_yyx': 'gru', 'activation_func_yyx': 'Tanh', 'L2_weight_yyx': 3.1846593585870813e-09, 'L_entropy_weight_yyx': 1.9708407176635496e-05, 'L_sep_weight_yyx': 2.7728790432820847e-09, 'L_scale_weight_yyx': 3.1147639426196073e-09, 'learning_rate_yyx': 0.0037468572465332124}. Best is trial 37 with value: -1.6754623372699344.
[I 2026-03-18 18:49:40,649] Trial 35 finished with value: -1.656694704116366 and parameters: {'n_layers_yyx': 2, 'hidden_size_yyx_l0': 4, 'hidden_size_yyx_l1': 6, 'context_size_yyx': 2, 'num_mix_components_yyx': 4, 'context_extractor_yyx': 'gru', 'activation_func_yyx': 'GELU', 'L2_weight_yyx': 0.0002189996588524928, 'L_entropy_weight_yyx': 2.2661160389193375e-09, 'L_sep_weight_yyx': 5.162791632155444e-09, 'L_scale_weight_yyx': 2.4133211276181507e-07, 'learning_rate_yyx': 0.00967692251398409}. Best is trial 19 with value: -1.6674850489567747.
[I 2026-03-18 18:49:40,818] Trial 43 pruned. 
[I 2026-03-18 18:49:44,595] Trial 32 finished with value: -1.6718713578636308 and parameters: {'n_layers_yyx': 2, 'hidden_size_yyx_l0': 5, 'hidden_size_yyx_l1': 4, 'context_size_yyx': 4, 'num_mix_components_yyx': 5, 'context_extractor_yyx': 'gru', 'activation_func_yyx': 'Tanh', 'L2_weight_yyx': 2.1777775808275334e-05, 'L_entropy_weight_yyx': 1.6878886831569324e-07, 'L_sep_weight_yyx': 3.67054441321717e-07, 'L_scale_weight_yyx': 0.0002886095236717406, 'learning_rate_yyx': 0.006470957125697485}. Best is trial 32 with value: -1.6718713578636308.
[I 2026-03-18 18:49:45,836] Trial 38 pruned. 
[I 2026-03-18 18:49:47,791] Trial 36 pruned. 
[I 2026-03-18 18:49:49,884] Trial 33 finished with value: -2.635426111215327 and parameters: {'n_layers_yyx': 1, 'hidden_size_yyx_l0': 4, 'context_size_yyx': 3, 'num_mix_components_yyx': 5, 'context_extractor_yyx': 'gru', 'activation_func_yyx': 'Tanh', 'L2_weight_yyx': 0.00023087832789792884, 'L_entropy_weight_yyx': 7.005498835985845e-07, 'L_sep_weight_yyx': 0.0006283505166581154, 'L_scale_weight_yyx': 2.868971431596915e-10, 'learning_rate_yyx': 0.006256079942219447}. Best is trial 10 with value: -2.640669339569724.
[I 2026-03-18 18:49:51,894] Trial 42 finished with value: -1.2640789264671903 and parameters: {'n_layers_yyx': 1, 'hidden_size_yyx_l0': 4, 'context_size_yyx': 4, 'num_mix_components_yyx': 4, 'context_extractor_yyx': 'gru', 'activation_func_yyx': 'Tanh', 'L2_weight_yyx': 3.3657497589032416e-10, 'L_entropy_weight_yyx': 0.000973370337445301, 'L_sep_weight_yyx': 1.71893919260459e-08, 'L_scale_weight_yyx': 0.0009297567723653577, 'learning_rate_yyx': 0.005793735214565067}. Best is trial 6 with value: -1.270142151555821.
[I 2026-03-18 18:49:53,220] Trial 39 pruned. 
[I 2026-03-18 18:49:55,533] Trial 35 pruned. 
[I 2026-03-18 18:49:56,262] Trial 42 pruned. 
[I 2026-03-18 18:49:59,875] Trial 47 pruned. 
[I 2026-03-18 18:50:01,018] Trial 38 pruned. 
[I 2026-03-18 18:50:01,021] Trial 33 pruned. 
[I 2026-03-18 18:50:02,392] Trial 42 pruned. 
[I 2026-03-18 18:50:03,765] Trial 36 pruned. 
[I 2026-03-18 18:50:05,153] Trial 37 pruned. 
[I 2026-03-18 18:50:08,463] Trial 40 pruned. 
[I 2026-03-18 18:50:09,837] Trial 40 finished with value: -2.615456009949894 and parameters: {'n_layers_yyx': 1, 'hidden_size_yyx_l0': 6, 'context_size_yyx': 3, 'num_mix_components_yyx': 4, 'context_extractor_yyx': 'gru', 'activation_func_yyx': 'GELU', 'L2_weight_yyx': 1.3887477063034179e-08, 'L_entropy_weight_yyx': 1.0429659029737963e-06, 'L_sep_weight_yyx': 1.3263455428962893e-07, 'L_scale_weight_yyx': 2.3620858797681184e-05, 'learning_rate_yyx': 0.0048443411841341145}. Best is trial 10 with value: -2.6537577311197915.
[I 2026-03-18 18:50:16,071] Trial 40 finished with value: -1.2769194301527662 and parameters: {'n_layers_yyx': 1, 'hidden_size_yyx_l0': 6, 'context_size_yyx': 4, 'num_mix_components_yyx': 4, 'context_extractor_yyx': 'lstm', 'activation_func_yyx': 'GELU', 'L2_weight_yyx': 7.631748263378999e-10, 'L_entropy_weight_yyx': 2.3237508066985808e-09, 'L_sep_weight_yyx': 1.5596661105263016e-10, 'L_scale_weight_yyx': 0.0003423126571842099, 'learning_rate_yyx': 0.004770532164932756}. Best is trial 40 with value: -1.2769194301527662.
[I 2026-03-18 18:50:17,398] Trial 48 pruned. 
[I 2026-03-18 18:50:18,531] Trial 34 pruned. 
[I 2026-03-18 18:50:19,393] Trial 44 finished with value: -1.2757269811718388 and parameters: {'n_layers_yyx': 1, 'hidden_size_yyx_l0': 5, 'context_size_yyx': 4, 'num_mix_components_yyx': 4, 'context_extractor_yyx': 'lstm', 'activation_func_yyx': 'GELU', 'L2_weight_yyx': 1.708209239109942e-05, 'L_entropy_weight_yyx': 0.000764862388896179, 'L_sep_weight_yyx': 4.855678999794531e-09, 'L_scale_weight_yyx': 2.6756589595306418e-09, 'learning_rate_yyx': 0.002612203476164785}. Best is trial 44 with value: -1.2757269811718388.
[I 2026-03-18 18:50:19,413] Trial 27 finished with value: -1.6704954655842785 and parameters: {'n_layers_yyx': 1, 'hidden_size_yyx_l0': 6, 'context_size_yyx': 3, 'num_mix_components_yyx': 5, 'context_extractor_yyx': 'lstm', 'activation_func_yyx': 'Tanh', 'L2_weight_yyx': 9.814061353718992e-09, 'L_entropy_weight_yyx': 0.0005861954545187296, 'L_sep_weight_yyx': 3.3365894806349727e-05, 'L_scale_weight_yyx': 2.4960882353699482e-05, 'learning_rate_yyx': 0.0073758699799890744}. Best is trial 26 with value: -1.6790522813108588.
[I 2026-03-18 18:50:22,197] Trial 41 pruned. 
[I 2026-03-18 18:50:23,164] Trial 43 pruned. 
[I 2026-03-18 18:50:23,391] Trial 41 pruned. 
[I 2026-03-18 18:50:28,883] Trial 26 finished with value: -2.635805933839615 and parameters: {'n_layers_yyx': 1, 'hidden_size_yyx_l0': 4, 'context_size_yyx': 3, 'num_mix_components_yyx': 5, 'context_extractor_yyx': 'gru', 'activation_func_yyx': 'Tanh', 'L2_weight_yyx': 7.515627759349578e-05, 'L_entropy_weight_yyx': 0.00019312662169562156, 'L_sep_weight_yyx': 9.499363849612752e-08, 'L_scale_weight_yyx': 4.7903743220871846e-08, 'learning_rate_yyx': 0.009521295219411786}. Best is trial 21 with value: -2.6405605351488926.
[I 2026-03-18 18:50:28,952] Trial 42 pruned. 
[I 2026-03-18 18:50:31,192] Trial 45 pruned. 
[I 2026-03-18 18:50:32,248] Trial 34 finished with value: -1.6809483015043902 and parameters: {'n_layers_yyx': 2, 'hidden_size_yyx_l0': 6, 'hidden_size_yyx_l1': 5, 'context_size_yyx': 4, 'num_mix_components_yyx': 4, 'context_extractor_yyx': 'lstm', 'activation_func_yyx': 'Tanh', 'L2_weight_yyx': 1.0444449671041052e-10, 'L_entropy_weight_yyx': 1.9180286103315605e-05, 'L_sep_weight_yyx': 1.1034512267013983e-10, 'L_scale_weight_yyx': 1.921652601930179e-08, 'learning_rate_yyx': 0.008537438756117236}. Best is trial 34 with value: -1.6809483015043902.
[I 2026-03-18 18:50:33,929] Trial 44 pruned. 
[I 2026-03-18 18:50:33,990] Trial 35 pruned. 
[I 2026-03-18 18:50:36,023] Trial 41 finished with value: -2.629310459441085 and parameters: {'n_layers_yyx': 2, 'hidden_size_yyx_l0': 5, 'hidden_size_yyx_l1': 6, 'context_size_yyx': 3, 'num_mix_components_yyx': 4, 'context_extractor_yyx': 'lstm', 'activation_func_yyx': 'Tanh', 'L2_weight_yyx': 7.525636351948154e-05, 'L_entropy_weight_yyx': 0.00018933625877478845, 'L_sep_weight_yyx': 3.570787970106708e-10, 'L_scale_weight_yyx': 4.166630000557141e-10, 'learning_rate_yyx': 0.006536689899017708}. Best is trial 15 with value: -2.6388607085013045.
[I 2026-03-18 18:50:37,133] Trial 46 pruned. 
[I 2026-03-18 18:50:43,190] Trial 47 pruned. 
[I 2026-03-18 18:50:43,817] Trial 43 pruned. 
[I 2026-03-18 18:50:50,763] Trial 42 pruned. 
[I 2026-03-18 18:50:50,916] Trial 44 pruned. 
[I 2026-03-18 18:50:53,648] Trial 34 pruned. 
[I 2026-03-18 18:50:54,210] Trial 49 pruned. 

Source events: 10683
Target events: 9421
Full model ln_yyx : 320.01616 nats/sec, 30.57155 nats/event
Full model Log loss : -1.67027
Full model ln_yyx : 321.63013 nats/sec, 30.72573 nats/event
Full model Log loss : -1.67436
Full model ln_yyx : 323.54800 nats/sec, 30.90895 nats/event
Full model Log loss : -1.67778
Full model ln_yyx : 318.75775 nats/sec, 30.45133 nats/event
Full model Log loss : -1.65953
Full model ln_yyx : 316.79873 nats/sec, 30.26418 nats/event
Full model Log loss : -1.65951
Full model ln_yyx : 320.80247 nats/sec, 30.64666 nats/event
Full model Log loss : -1.66066
Full model ln_yyx : 317.70637 nats/sec, 30.35089 nats/event
Full model Log loss : -1.66116
Full model ln_yyx : 319.90632 nats/sec, 30.56105 nats/event
Full model Log loss : -1.66930
Optimization finished. Config saved to results/opt-full/opt_full_115_best_config.txt
[I 2026-03-18 18:50:56,337] Trial 48 pruned. 
[I 2026-03-18 18:50:57,305] Trial 43 pruned. 
[I 2026-03-18 18:50:59,516] Trial 39 finished with value: -1.6665113667551432 and parameters: {'n_layers_yyx': 2, 'hidden_size_yyx_l0': 5, 'hidden_size_yyx_l1': 6, 'context_size_yyx': 3, 'num_mix_components_yyx': 5, 'context_extractor_yyx': 'lstm', 'activation_func_yyx': 'Tanh', 'L2_weight_yyx': 2.835030939804659e-06, 'L_entropy_weight_yyx': 1.4945226660784076e-06, 'L_sep_weight_yyx': 2.1153698021712224e-09, 'L_scale_weight_yyx': 3.886823503693529e-08, 'learning_rate_yyx': 0.008069732839892886}. Best is trial 34 with value: -1.6777112637722686.
[I 2026-03-18 18:51:00,021] Trial 42 pruned. 
[I 2026-03-18 18:51:01,277] Trial 49 pruned. 

Source events: 5634
Target events: 16159
Full model ln_yyx : 247.48610 nats/sec, 13.78411 nats/event
Full model Log loss : -1.15512
Full model ln_yyx : 248.60615 nats/sec, 13.84650 nats/event
Full model Log loss : -1.23935
Full model ln_yyx : 252.81064 nats/sec, 14.08067 nats/event
Full model Log loss : -1.25995
Full model ln_yyx : 251.14483 nats/sec, 13.98789 nats/event
Full model Log loss : -1.23763
Full model ln_yyx : 255.08755 nats/sec, 14.20749 nats/event
Full model Log loss : -1.27144
Full model ln_yyx : 254.54313 nats/sec, 14.17717 nats/event
Full model Log loss : -1.26069
Full model ln_yyx : 256.03160 nats/sec, 14.26007 nats/event
Full model Log loss : -1.25421
Full model ln_yyx : 254.68310 nats/sec, 14.18496 nats/event
Full model Log loss : -1.26143
Full model ln_yyx : 252.42182 nats/sec, 14.05902 nats/event
Full model Log loss : -1.26931
Full model ln_yyx : 253.48659 nats/sec, 14.11832 nats/event
Full model Log loss : -1.24926
Full model ln_yyx : 248.53205 nats/sec, 13.84237 nats/event
Full model Log loss : -1.25631
Full model ln_yyx : 252.59326 nats/sec, 14.06856 nats/event
Full model Log loss : -1.25201
Full model ln_yyx : 252.00460 nats/sec, 14.03578 nats/event
Full model Log loss : -1.26586
Full model ln_yyx : 251.79758 nats/sec, 14.02425 nats/event
Full model Log loss : -1.26540
Full model ln_yyx : 255.48614 nats/sec, 14.22969 nats/event
Full model Log loss : -1.27573
Optimization finished. Config saved to results/opt-full/opt_full_101_best_config.txt
[I 2026-03-18 18:51:01,949] Trial 43 pruned. 
[I 2026-03-18 18:51:03,003] Trial 44 pruned. 
[I 2026-03-18 18:51:04,595] Trial 35 pruned. 
[I 2026-03-18 18:51:05,464] Trial 19 finished with value: -1.659598893897478 and parameters: {'n_layers_yyx': 2, 'hidden_size_yyx_l0': 6, 'hidden_size_yyx_l1': 5, 'context_size_yyx': 3, 'num_mix_components_yyx': 2, 'context_extractor_yyx': 'lstm', 'activation_func_yyx': 'GELU', 'L2_weight_yyx': 1.2120718166694837e-05, 'L_entropy_weight_yyx': 1.647850183650692e-08, 'L_sep_weight_yyx': 0.0007168198673113553, 'L_scale_weight_yyx': 1.0493468480359563e-09, 'learning_rate_yyx': 0.00899869790407839}. Best is trial 18 with value: -1.6716810843741248.
[I 2026-03-18 18:51:05,488] Trial 42 finished with value: -1.667231500091406 and parameters: {'n_layers_yyx': 2, 'hidden_size_yyx_l0': 2, 'hidden_size_yyx_l1': 6, 'context_size_yyx': 4, 'num_mix_components_yyx': 2, 'context_extractor_yyx': 'lstm', 'activation_func_yyx': 'Tanh', 'L2_weight_yyx': 3.074014608880959e-10, 'L_entropy_weight_yyx': 6.248929559668363e-08, 'L_sep_weight_yyx': 5.2325997115329575e-08, 'L_scale_weight_yyx': 1.0514979866437309e-07, 'learning_rate_yyx': 0.007234107829915399}. Best is trial 27 with value: -1.6742712595465095.
[I 2026-03-18 18:51:06,388] Trial 38 pruned. 
[I 2026-03-18 18:51:07,262] Trial 45 pruned. 
[I 2026-03-18 18:51:12,014] Trial 36 pruned. 
[I 2026-03-18 18:51:13,647] Trial 46 pruned. 
[I 2026-03-18 18:51:13,881] Trial 39 pruned. 
[I 2026-03-18 18:51:19,934] Trial 43 pruned. 
[I 2026-03-18 18:51:19,971] Trial 47 pruned. 
[I 2026-03-18 18:51:20,300] Trial 44 finished with value: -1.7284493979924842 and parameters: {'n_layers_yyx': 2, 'hidden_size_yyx_l0': 6, 'hidden_size_yyx_l1': 6, 'context_size_yyx': 4, 'num_mix_components_yyx': 2, 'context_extractor_yyx': 'lstm', 'activation_func_yyx': 'ReLU', 'L2_weight_yyx': 3.045668978074978e-10, 'L_entropy_weight_yyx': 0.0008968561572024995, 'L_sep_weight_yyx': 4.983888085937406e-05, 'L_scale_weight_yyx': 7.019722468153161e-09, 'learning_rate_yyx': 0.004226036557109014}. Best is trial 44 with value: -1.7284493979924842.
[I 2026-03-18 18:51:20,349] Trial 38 finished with value: -1.6626718124595252 and parameters: {'n_layers_yyx': 2, 'hidden_size_yyx_l0': 4, 'hidden_size_yyx_l1': 6, 'context_size_yyx': 2, 'num_mix_components_yyx': 5, 'context_extractor_yyx': 'lstm', 'activation_func_yyx': 'GELU', 'L2_weight_yyx': 0.00011666945517471009, 'L_entropy_weight_yyx': 2.026693708314971e-09, 'L_sep_weight_yyx': 5.94495472514482e-10, 'L_scale_weight_yyx': 4.767366649918306e-08, 'learning_rate_yyx': 0.009948396845528331}. Best is trial 19 with value: -1.6674850489567747.
[I 2026-03-18 18:51:23,286] Trial 43 pruned. 
[I 2026-03-18 18:51:24,526] Trial 37 finished with value: -1.6716565122044464 and parameters: {'n_layers_yyx': 2, 'hidden_size_yyx_l0': 4, 'hidden_size_yyx_l1': 5, 'context_size_yyx': 4, 'num_mix_components_yyx': 4, 'context_extractor_yyx': 'lstm', 'activation_func_yyx': 'Tanh', 'L2_weight_yyx': 1.0602114549875627e-10, 'L_entropy_weight_yyx': 7.112104208701186e-07, 'L_sep_weight_yyx': 6.705517108950371e-08, 'L_scale_weight_yyx': 0.00012527917046201444, 'learning_rate_yyx': 0.005337860219269456}. Best is trial 23 with value: -1.675936991716372.
[I 2026-03-18 18:51:24,810] Trial 38 pruned. 
[I 2026-03-18 18:51:27,897] Trial 37 pruned. 
[I 2026-03-18 18:51:28,222] Trial 36 pruned. 
[I 2026-03-18 18:51:28,609] Trial 45 pruned. 
[I 2026-03-18 18:51:30,629] Trial 38 pruned. 
[I 2026-03-18 18:51:33,711] Trial 32 finished with value: -2.637233464477424 and parameters: {'n_layers_yyx': 1, 'hidden_size_yyx_l0': 4, 'context_size_yyx': 3, 'num_mix_components_yyx': 5, 'context_extractor_yyx': 'lstm', 'activation_func_yyx': 'GELU', 'L2_weight_yyx': 1.1061040071914972e-08, 'L_entropy_weight_yyx': 7.512960403621268e-10, 'L_sep_weight_yyx': 1.3399565221846794e-06, 'L_scale_weight_yyx': 1.3961427559511452e-05, 'learning_rate_yyx': 0.006656952154749942}. Best is trial 6 with value: -2.642843521506465.
[I 2026-03-18 18:51:34,112] Trial 39 pruned. 
[I 2026-03-18 18:51:34,182] Trial 40 pruned. 
[I 2026-03-18 18:51:34,329] Trial 28 finished with value: -1.6653919073110366 and parameters: {'n_layers_yyx': 1, 'hidden_size_yyx_l0': 6, 'context_size_yyx': 4, 'num_mix_components_yyx': 5, 'context_extractor_yyx': 'lstm', 'activation_func_yyx': 'ReLU', 'L2_weight_yyx': 2.075771397655278e-07, 'L_entropy_weight_yyx': 2.9036876484654e-06, 'L_sep_weight_yyx': 0.0007520761326157433, 'L_scale_weight_yyx': 8.381014764087223e-07, 'learning_rate_yyx': 0.008569304300629889}. Best is trial 26 with value: -1.6790522813108588.
[I 2026-03-18 18:51:36,985] Trial 45 finished with value: -1.2602566985237842 and parameters: {'n_layers_yyx': 1, 'hidden_size_yyx_l0': 4, 'context_size_yyx': 4, 'num_mix_components_yyx': 3, 'context_extractor_yyx': 'gru', 'activation_func_yyx': 'Tanh', 'L2_weight_yyx': 0.00018242994574171211, 'L_entropy_weight_yyx': 0.00016771303581883227, 'L_sep_weight_yyx': 5.702189809641429e-07, 'L_scale_weight_yyx': 3.144814137382104e-05, 'learning_rate_yyx': 0.009040867752336909}. Best is trial 6 with value: -1.270142151555821.
[I 2026-03-18 18:51:38,704] Trial 41 finished with value: -2.6504123387725502 and parameters: {'n_layers_yyx': 2, 'hidden_size_yyx_l0': 4, 'hidden_size_yyx_l1': 6, 'context_size_yyx': 4, 'num_mix_components_yyx': 5, 'context_extractor_yyx': 'gru', 'activation_func_yyx': 'ReLU', 'L2_weight_yyx': 2.8878387906898074e-10, 'L_entropy_weight_yyx': 0.00037351331718164755, 'L_sep_weight_yyx': 1.829789839733294e-08, 'L_scale_weight_yyx': 2.3454594439132578e-09, 'learning_rate_yyx': 0.008316848417146217}. Best is trial 10 with value: -2.6537577311197915.
[I 2026-03-18 18:51:39,065] Trial 44 finished with value: -2.6424019503335066 and parameters: {'n_layers_yyx': 2, 'hidden_size_yyx_l0': 2, 'hidden_size_yyx_l1': 5, 'context_size_yyx': 3, 'num_mix_components_yyx': 5, 'context_extractor_yyx': 'gru', 'activation_func_yyx': 'Tanh', 'L2_weight_yyx': 2.715997060342287e-10, 'L_entropy_weight_yyx': 2.8124559175640958e-08, 'L_sep_weight_yyx': 0.0008791904463194289, 'L_scale_weight_yyx': 4.5551925973257515e-10, 'learning_rate_yyx': 0.007975329388660916}. Best is trial 44 with value: -2.6424019503335066.
[I 2026-03-18 18:51:41,823] Trial 35 finished with value: -1.6626554779184908 and parameters: {'n_layers_yyx': 2, 'hidden_size_yyx_l0': 6, 'hidden_size_yyx_l1': 5, 'context_size_yyx': 4, 'num_mix_components_yyx': 4, 'context_extractor_yyx': 'gru', 'activation_func_yyx': 'GELU', 'L2_weight_yyx': 7.957574211409114e-08, 'L_entropy_weight_yyx': 2.2707127561398698e-05, 'L_sep_weight_yyx': 1.465911496335362e-10, 'L_scale_weight_yyx': 2.4296591922749607e-08, 'learning_rate_yyx': 0.006312151217577559}. Best is trial 34 with value: -1.6809483015043902.
[I 2026-03-18 18:51:43,575] Trial 33 pruned. 
[I 2026-03-18 18:51:47,592] Trial 40 pruned. 
[I 2026-03-18 18:51:49,154] Trial 40 pruned. 
[I 2026-03-18 18:51:50,358] Trial 37 pruned. 
[I 2026-03-18 18:51:54,442] Trial 34 pruned. 
[I 2026-03-18 18:51:55,175] Trial 45 pruned. 
[I 2026-03-18 18:51:55,260] Trial 36 pruned. 
[I 2026-03-18 18:51:55,909] Trial 27 finished with value: -2.6297571113094245 and parameters: {'n_layers_yyx': 1, 'hidden_size_yyx_l0': 4, 'context_size_yyx': 2, 'num_mix_components_yyx': 5, 'context_extractor_yyx': 'gru', 'activation_func_yyx': 'Tanh', 'L2_weight_yyx': 4.943254403903744e-06, 'L_entropy_weight_yyx': 0.0003240815262225743, 'L_sep_weight_yyx': 9.725926887219367e-09, 'L_scale_weight_yyx': 6.180409938388248e-08, 'learning_rate_yyx': 0.006708261479938949}. Best is trial 21 with value: -2.6405605351488926.
[I 2026-03-18 18:51:58,717] Trial 43 finished with value: -2.6306336474295144 and parameters: {'n_layers_yyx': 1, 'hidden_size_yyx_l0': 6, 'context_size_yyx': 2, 'num_mix_components_yyx': 5, 'context_extractor_yyx': 'gru', 'activation_func_yyx': 'ReLU', 'L2_weight_yyx': 8.801764201934218e-05, 'L_entropy_weight_yyx': 9.311093317200162e-08, 'L_sep_weight_yyx': 3.805915781459703e-06, 'L_scale_weight_yyx': 7.774953891651155e-07, 'learning_rate_yyx': 0.008758112219119}. Best is trial 40 with value: -2.6389502359323496.
[I 2026-03-18 18:52:02,705] Trial 38 pruned. 
[I 2026-03-18 18:52:02,767] Trial 41 pruned. 
[I 2026-03-18 18:52:03,936] Trial 44 pruned. 
[I 2026-03-18 18:52:04,627] Trial 35 pruned. 
[I 2026-03-18 18:52:08,446] Trial 37 pruned. 
[I 2026-03-18 18:52:13,952] Trial 38 pruned. 
[I 2026-03-18 18:52:14,639] Trial 36 pruned. 
[I 2026-03-18 18:52:17,769] Trial 33 finished with value: -1.6702194434157693 and parameters: {'n_layers_yyx': 1, 'hidden_size_yyx_l0': 4, 'context_size_yyx': 4, 'num_mix_components_yyx': 1, 'context_extractor_yyx': 'lstm', 'activation_func_yyx': 'Tanh', 'L2_weight_yyx': 1.4974679855445266e-09, 'L_entropy_weight_yyx': 1.0822357679439335e-06, 'L_sep_weight_yyx': 4.860840905585528e-09, 'L_scale_weight_yyx': 1.1387697778917116e-06, 'learning_rate_yyx': 0.004299567834710998}. Best is trial 13 with value: -1.6722197537243195.
[I 2026-03-18 18:52:19,735] Trial 46 finished with value: -1.2603173599666235 and parameters: {'n_layers_yyx': 1, 'hidden_size_yyx_l0': 4, 'context_size_yyx': 4, 'num_mix_components_yyx': 4, 'context_extractor_yyx': 'gru', 'activation_func_yyx': 'Tanh', 'L2_weight_yyx': 7.15993962237431e-07, 'L_entropy_weight_yyx': 0.0005088676949872043, 'L_sep_weight_yyx': 1.92348576022509e-08, 'L_scale_weight_yyx': 0.00024154332027353058, 'learning_rate_yyx': 0.008232771921891716}. Best is trial 6 with value: -1.270142151555821.
[I 2026-03-18 18:52:20,280] Trial 39 pruned. 
[I 2026-03-18 18:52:22,135] Trial 44 pruned. 
[I 2026-03-18 18:52:22,598] Trial 34 pruned. 
[I 2026-03-18 18:52:22,788] Trial 47 pruned. 
[I 2026-03-18 18:52:24,476] Trial 37 pruned. 
[I 2026-03-18 18:52:27,445] Trial 46 pruned. 
[I 2026-03-18 18:52:30,957] Trial 48 pruned. 
[I 2026-03-18 18:52:31,696] Trial 45 pruned. 
[I 2026-03-18 18:52:32,953] Trial 47 pruned. 
[I 2026-03-18 18:52:34,892] Trial 42 pruned. 
[I 2026-03-18 18:52:36,641] Trial 39 pruned. 
[I 2026-03-18 18:52:37,599] Trial 44 finished with value: -1.6659853359732752 and parameters: {'n_layers_yyx': 2, 'hidden_size_yyx_l0': 3, 'hidden_size_yyx_l1': 5, 'context_size_yyx': 4, 'num_mix_components_yyx': 3, 'context_extractor_yyx': 'lstm', 'activation_func_yyx': 'Tanh', 'L2_weight_yyx': 3.3102379609605696e-09, 'L_entropy_weight_yyx': 3.373107566489059e-07, 'L_sep_weight_yyx': 2.9209764369304855e-07, 'L_scale_weight_yyx': 4.9669834878199724e-08, 'learning_rate_yyx': 0.008407873205722052}. Best is trial 27 with value: -1.6742712595465095.
[I 2026-03-18 18:52:46,509] Trial 20 pruned. 
[I 2026-03-18 18:52:49,112] Trial 38 pruned. 
[I 2026-03-18 18:52:49,595] Trial 43 pruned. 
[I 2026-03-18 18:52:52,018] Trial 40 pruned. 
[I 2026-03-18 18:52:52,564] Trial 38 pruned. 
[I 2026-03-18 18:52:52,978] Trial 21 pruned. 
[I 2026-03-18 18:52:53,378] Trial 46 finished with value: -1.669363981950042 and parameters: {'n_layers_yyx': 2, 'hidden_size_yyx_l0': 2, 'hidden_size_yyx_l1': 6, 'context_size_yyx': 4, 'num_mix_components_yyx': 3, 'context_extractor_yyx': 'gru', 'activation_func_yyx': 'Tanh', 'L2_weight_yyx': 1.3748950204239534e-07, 'L_entropy_weight_yyx': 1.1733375722391775e-05, 'L_sep_weight_yyx': 1.0401016952736749e-10, 'L_scale_weight_yyx': 7.743652141466844e-05, 'learning_rate_yyx': 0.005059218740089078}. Best is trial 37 with value: -1.6754623372699344.
[I 2026-03-18 18:52:54,762] Trial 46 pruned. 
[I 2026-03-18 18:52:55,024] Trial 40 pruned. 
[I 2026-03-18 18:52:55,190] Trial 41 finished with value: -1.6642986798768324 and parameters: {'n_layers_yyx': 2, 'hidden_size_yyx_l0': 4, 'hidden_size_yyx_l1': 6, 'context_size_yyx': 2, 'num_mix_components_yyx': 5, 'context_extractor_yyx': 'gru', 'activation_func_yyx': 'GELU', 'L2_weight_yyx': 0.0009695746641384732, 'L_entropy_weight_yyx': 7.702593028685852e-09, 'L_sep_weight_yyx': 3.438544739703707e-10, 'L_scale_weight_yyx': 2.1042652843916013e-06, 'learning_rate_yyx': 0.008892517835481008}. Best is trial 19 with value: -1.6674850489567747.
[I 2026-03-18 18:52:57,360] Trial 28 pruned. 
[I 2026-03-18 18:52:58,133] Trial 22 pruned. 
[I 2026-03-18 18:52:58,514] Trial 35 pruned. 
[I 2026-03-18 18:53:01,059] Trial 42 pruned. 
[I 2026-03-18 18:53:01,438] Trial 39 pruned. 
[I 2026-03-18 18:53:03,020] Trial 23 pruned. 
[I 2026-03-18 18:53:03,491] Trial 29 finished with value: -1.6773154412013505 and parameters: {'n_layers_yyx': 1, 'hidden_size_yyx_l0': 5, 'context_size_yyx': 4, 'num_mix_components_yyx': 5, 'context_extractor_yyx': 'lstm', 'activation_func_yyx': 'Tanh', 'L2_weight_yyx': 3.237927802053493e-08, 'L_entropy_weight_yyx': 2.3459343308995245e-10, 'L_sep_weight_yyx': 0.00016140407168156588, 'L_scale_weight_yyx': 0.00034491218225438347, 'learning_rate_yyx': 0.0048428814296753156}. Best is trial 26 with value: -1.6790522813108588.
[I 2026-03-18 18:53:05,016] Trial 42 finished with value: -2.651123340172243 and parameters: {'n_layers_yyx': 2, 'hidden_size_yyx_l0': 4, 'hidden_size_yyx_l1': 6, 'context_size_yyx': 4, 'num_mix_components_yyx': 5, 'context_extractor_yyx': 'gru', 'activation_func_yyx': 'ReLU', 'L2_weight_yyx': 1.0213067082181203e-09, 'L_entropy_weight_yyx': 0.00020926292962879407, 'L_sep_weight_yyx': 5.220544110346173e-09, 'L_scale_weight_yyx': 0.0009603290750041974, 'learning_rate_yyx': 0.007777404996177585}. Best is trial 10 with value: -2.6537577311197915.
[I 2026-03-18 18:53:07,546] Trial 43 pruned. 
[I 2026-03-18 18:53:07,783] Trial 48 pruned. 
[I 2026-03-18 18:53:07,794] Trial 40 pruned. 
[I 2026-03-18 18:53:07,915] Trial 44 finished with value: -2.6299067245624705 and parameters: {'n_layers_yyx': 1, 'hidden_size_yyx_l0': 5, 'context_size_yyx': 3, 'num_mix_components_yyx': 4, 'context_extractor_yyx': 'gru', 'activation_func_yyx': 'ReLU', 'L2_weight_yyx': 5.3364195252026535e-05, 'L_entropy_weight_yyx': 6.604971524752374e-07, 'L_sep_weight_yyx': 1.662585592955295e-06, 'L_scale_weight_yyx': 3.46126550933964e-10, 'learning_rate_yyx': 0.0072352024237520695}. Best is trial 40 with value: -2.6389502359323496.
[I 2026-03-18 18:53:09,528] Trial 36 pruned. 
[I 2026-03-18 18:53:09,573] Trial 45 pruned. 
[I 2026-03-18 18:53:10,444] Trial 45 pruned. 
[I 2026-03-18 18:53:11,299] Trial 39 pruned. 
[I 2026-03-18 18:53:12,860] Trial 49 pruned. 

Source events: 10683
Target events: 1872
Full model ln_yyx : 63.84101 nats/sec, 30.69279 nats/event
Full model Log loss : -1.71116
Full model ln_yyx : 64.82855 nats/sec, 31.16757 nats/event
Full model Log loss : -1.71986
Full model ln_yyx : 64.12373 nats/sec, 30.82871 nats/event
Full model Log loss : -1.70856
Full model ln_yyx : 64.98786 nats/sec, 31.24416 nats/event
Full model Log loss : -1.71971
Full model ln_yyx : 64.22437 nats/sec, 30.87710 nats/event
Full model Log loss : -1.71374
Full model ln_yyx : 64.91532 nats/sec, 31.20929 nats/event
Full model Log loss : -1.71903
Full model ln_yyx : 64.76996 nats/sec, 31.13940 nats/event
Full model Log loss : -1.72714
Full model ln_yyx : 63.75617 nats/sec, 30.65201 nats/event
Full model Log loss : -1.71879
Full model ln_yyx : 65.45391 nats/sec, 31.46822 nats/event
Full model Log loss : -1.72674
Full model ln_yyx : 65.22349 nats/sec, 31.35745 nats/event
Full model Log loss : -1.71709
Full model ln_yyx : 64.22616 nats/sec, 30.87796 nats/event
Full model Log loss : -1.72455
Full model ln_yyx : 65.51727 nats/sec, 31.49869 nats/event
Full model Log loss : -1.72845
Optimization finished. Config saved to results/opt-full/opt_full_113_best_config.txt
[I 2026-03-18 18:53:13,370] Trial 44 pruned. 
[I 2026-03-18 18:53:15,667] Trial 30 pruned. 
[I 2026-03-18 18:53:16,286] Trial 47 pruned. 
[I 2026-03-18 18:53:16,452] Trial 48 finished with value: -1.2649143804243443 and parameters: {'n_layers_yyx': 1, 'hidden_size_yyx_l0': 5, 'context_size_yyx': 4, 'num_mix_components_yyx': 4, 'context_extractor_yyx': 'gru', 'activation_func_yyx': 'Tanh', 'L2_weight_yyx': 1.4277191518122986e-09, 'L_entropy_weight_yyx': 5.172055026658212e-05, 'L_sep_weight_yyx': 1.8812623384402843e-05, 'L_scale_weight_yyx': 0.000923091400703281, 'learning_rate_yyx': 0.006637031077742544}. Best is trial 6 with value: -1.270142151555821.
[I 2026-03-18 18:53:16,780] Trial 41 finished with value: -1.6752931816974894 and parameters: {'n_layers_yyx': 1, 'hidden_size_yyx_l0': 5, 'context_size_yyx': 4, 'num_mix_components_yyx': 3, 'context_extractor_yyx': 'lstm', 'activation_func_yyx': 'Tanh', 'L2_weight_yyx': 9.624237547151972e-08, 'L_entropy_weight_yyx': 2.1434632946886813e-07, 'L_sep_weight_yyx': 4.9125168300756576e-08, 'L_scale_weight_yyx': 1.5120651088721654e-08, 'learning_rate_yyx': 0.006916479543037275}. Best is trial 34 with value: -1.6777112637722686.
[I 2026-03-18 18:53:17,791] Trial 46 pruned. 
[I 2026-03-18 18:53:17,990] Trial 29 pruned. 
[I 2026-03-18 18:53:18,752] Trial 45 pruned. 
[I 2026-03-18 18:53:20,889] Trial 44 pruned. 
[I 2026-03-18 18:53:24,042] Trial 41 pruned. 
[I 2026-03-18 18:53:24,496] Trial 47 pruned. 
[I 2026-03-18 18:53:28,745] Trial 43 pruned. 
[I 2026-03-18 18:53:28,788] Trial 42 pruned. 
[I 2026-03-18 18:53:29,077] Trial 47 pruned. 
[I 2026-03-18 18:53:30,631] Trial 48 pruned. 
[I 2026-03-18 18:53:33,720] Trial 40 pruned. 
[I 2026-03-18 18:53:33,727] Trial 45 pruned. 
[I 2026-03-18 18:53:37,150] Trial 30 pruned. 
[I 2026-03-18 18:53:37,215] Trial 49 pruned. 

Source events: 5634
Target events: 12539
Full model ln_yyx : 197.36719 nats/sec, 14.16624 nats/event
Full model Log loss : -1.26153
Full model ln_yyx : 196.43337 nats/sec, 14.09921 nats/event
Full model Log loss : -1.25440
Full model ln_yyx : 196.50592 nats/sec, 14.10442 nats/event
Full model Log loss : -1.26320
Full model ln_yyx : 191.98398 nats/sec, 13.77985 nats/event
Full model Log loss : -1.22151
Full model ln_yyx : 195.22690 nats/sec, 14.01262 nats/event
Full model Log loss : -1.27014
Full model ln_yyx : 196.36754 nats/sec, 14.09449 nats/event
Full model Log loss : -1.26081
Full model ln_yyx : 190.43825 nats/sec, 13.66891 nats/event
Full model Log loss : -1.24012
Full model ln_yyx : 196.21240 nats/sec, 14.08335 nats/event
Full model Log loss : -1.25675
Full model ln_yyx : 197.02406 nats/sec, 14.14161 nats/event
Full model Log loss : -1.26654
Full model ln_yyx : 195.52599 nats/sec, 14.03409 nats/event
Full model Log loss : -1.24870
Full model ln_yyx : 197.29291 nats/sec, 14.16091 nats/event
Full model Log loss : -1.26234
Full model ln_yyx : 195.74958 nats/sec, 14.05013 nats/event
Full model Log loss : -1.26408
Full model ln_yyx : 197.09132 nats/sec, 14.14644 nats/event
Full model Log loss : -1.26026
Full model ln_yyx : 197.87863 nats/sec, 14.20295 nats/event
Full model Log loss : -1.26032
Full model ln_yyx : 195.23978 nats/sec, 14.01354 nats/event
Full model Log loss : -1.26491
Optimization finished. Config saved to results/opt-full/opt_full_99_best_config.txt
[I 2026-03-18 18:53:39,448] Trial 49 pruned. 

Source events: 5634
Target events: 11540
Full model ln_yyx : 179.01050 nats/sec, 13.96096 nats/event
Full model Log loss : -1.23721
Full model ln_yyx : 171.65251 nats/sec, 13.38711 nats/event
Full model Log loss : -1.14736
Full model ln_yyx : 181.81440 nats/sec, 14.17963 nats/event
Full model Log loss : -1.27106
Full model ln_yyx : 179.22419 nats/sec, 13.97762 nats/event
Full model Log loss : -1.23884
Full model ln_yyx : 179.27574 nats/sec, 13.98164 nats/event
Full model Log loss : -1.24176
Full model ln_yyx : 179.12695 nats/sec, 13.97004 nats/event
Full model Log loss : -1.24323
Full model ln_yyx : 177.88580 nats/sec, 13.87324 nats/event
Full model Log loss : -1.24760
Full model ln_yyx : 176.58162 nats/sec, 13.77153 nats/event
Full model Log loss : -1.24044
Full model ln_yyx : 179.36027 nats/sec, 13.98824 nats/event
Full model Log loss : -1.23293
Full model ln_yyx : 178.17116 nats/sec, 13.89550 nats/event
Full model Log loss : -1.24610
Full model ln_yyx : 179.55388 nats/sec, 14.00334 nats/event
Full model Log loss : -1.24141
Full model ln_yyx : 183.18678 nats/sec, 14.28666 nats/event
Full model Log loss : -1.27061
Full model ln_yyx : 179.48150 nats/sec, 13.99769 nats/event
Full model Log loss : -1.25833
Full model ln_yyx : 181.60007 nats/sec, 14.16292 nats/event
Full model Log loss : -1.27473
Full model ln_yyx : 180.72048 nats/sec, 14.09432 nats/event
Full model Log loss : -1.27692
Optimization finished. Config saved to results/opt-full/opt_full_100_best_config.txt
[I 2026-03-18 18:53:40,500] Trial 48 pruned. 
[I 2026-03-18 18:53:44,258] Trial 31 pruned. 
[I 2026-03-18 18:53:46,032] Trial 49 pruned. 

Source events: 10683
Target events: 10752
Full model ln_yyx : 361.87620 nats/sec, 30.29098 nats/event
Full model Log loss : -1.64754
Full model ln_yyx : 368.24891 nats/sec, 30.82441 nats/event
Full model Log loss : -1.67117
Full model ln_yyx : 357.09166 nats/sec, 29.89049 nats/event
Full model Log loss : -1.59333
Full model ln_yyx : 361.83241 nats/sec, 30.28731 nats/event
Full model Log loss : -1.66186
Full model ln_yyx : 358.42635 nats/sec, 30.00221 nats/event
Full model Log loss : -1.64505
Full model ln_yyx : 365.18374 nats/sec, 30.56784 nats/event
Full model Log loss : -1.67394
Full model ln_yyx : 359.63827 nats/sec, 30.10365 nats/event
Full model Log loss : -1.66991
Full model ln_yyx : 364.16158 nats/sec, 30.48227 nats/event
Full model Log loss : -1.67243
Full model ln_yyx : 359.71272 nats/sec, 30.10988 nats/event
Full model Log loss : -1.67014
Full model ln_yyx : 361.84783 nats/sec, 30.28860 nats/event
Full model Log loss : -1.67427
Full model ln_yyx : 363.86030 nats/sec, 30.45706 nats/event
Full model Log loss : -1.65536
Full model ln_yyx : 365.40066 nats/sec, 30.58599 nats/event
Full model Log loss : -1.66723
Full model ln_yyx : 362.94221 nats/sec, 30.38021 nats/event
Full model Log loss : -1.66599
Optimization finished. Config saved to results/opt-full/opt_full_110_best_config.txt
[I 2026-03-18 18:53:47,200] Trial 45 finished with value: -2.6423651490197257 and parameters: {'n_layers_yyx': 2, 'hidden_size_yyx_l0': 2, 'hidden_size_yyx_l1': 5, 'context_size_yyx': 3, 'num_mix_components_yyx': 5, 'context_extractor_yyx': 'gru', 'activation_func_yyx': 'Tanh', 'L2_weight_yyx': 2.4778681880761494e-10, 'L_entropy_weight_yyx': 1.720003546189357e-08, 'L_sep_weight_yyx': 0.0007712195341694231, 'L_scale_weight_yyx': 6.124046205005099e-10, 'learning_rate_yyx': 0.008002431245857903}. Best is trial 44 with value: -2.6424019503335066.
[I 2026-03-18 18:53:49,005] Trial 32 pruned. 
[I 2026-03-18 18:53:55,545] Trial 49 pruned. 

Source events: 10683
Target events: 12539
Full model ln_yyx : 419.83606 nats/sec, 30.13418 nats/event
Full model Log loss : -1.65212
Full model ln_yyx : 420.37012 nats/sec, 30.17251 nats/event
Full model Log loss : -1.64964
Full model ln_yyx : 417.31784 nats/sec, 29.95343 nats/event
Full model Log loss : -1.65570
Full model ln_yyx : 420.23752 nats/sec, 30.16299 nats/event
Full model Log loss : -1.66296
Full model ln_yyx : 426.82853 nats/sec, 30.63607 nats/event
Full model Log loss : -1.66499
Full model ln_yyx : 411.73688 nats/sec, 29.55285 nats/event
Full model Log loss : -1.59559
Full model ln_yyx : 426.37518 nats/sec, 30.60353 nats/event
Full model Log loss : -1.66877
Full model ln_yyx : 426.35234 nats/sec, 30.60189 nats/event
Full model Log loss : -1.66878
Full model ln_yyx : 425.08694 nats/sec, 30.51106 nats/event
Full model Log loss : -1.66372
Full model ln_yyx : 419.16913 nats/sec, 30.08631 nats/event
Full model Log loss : -1.66364
Full model ln_yyx : 427.28243 nats/sec, 30.66865 nats/event
Full model Log loss : -1.66345
Full model ln_yyx : 424.89738 nats/sec, 30.49746 nats/event
Full model Log loss : -1.66363
Full model ln_yyx : 426.49222 nats/sec, 30.61193 nats/event
Full model Log loss : -1.67546
Full model ln_yyx : 422.70510 nats/sec, 30.34011 nats/event
Full model Log loss : -1.66936
Optimization finished. Config saved to results/opt-full/opt_full_116_best_config.txt
[I 2026-03-18 18:53:55,950] Trial 33 pruned. 
[I 2026-03-18 18:54:01,196] Trial 46 pruned. 
[I 2026-03-18 18:54:01,254] Trial 45 pruned. 
[I 2026-03-18 18:54:04,220] Trial 39 finished with value: -1.580986210196149 and parameters: {'n_layers_yyx': 2, 'hidden_size_yyx_l0': 4, 'hidden_size_yyx_l1': 4, 'context_size_yyx': 1, 'num_mix_components_yyx': 2, 'context_extractor_yyx': 'lstm', 'activation_func_yyx': 'Tanh', 'L2_weight_yyx': 6.287594540347332e-07, 'L_entropy_weight_yyx': 6.950797639005517e-06, 'L_sep_weight_yyx': 1.9495959829971197e-08, 'L_scale_weight_yyx': 2.4734419967533782e-05, 'learning_rate_yyx': 0.0007163058025280643}. Best is trial 23 with value: -1.675936991716372.
[I 2026-03-18 18:54:04,962] Trial 34 pruned. 
[I 2026-03-18 18:54:09,300] Trial 46 pruned. 
[I 2026-03-18 18:54:09,380] Trial 47 pruned. 
[I 2026-03-18 18:54:11,756] Trial 40 pruned. 
[I 2026-03-18 18:54:13,599] Trial 24 pruned. 
[I 2026-03-18 18:54:15,797] Trial 48 pruned. 
[I 2026-03-18 18:54:16,002] Trial 47 pruned. 
[I 2026-03-18 18:54:16,816] Trial 41 finished with value: -1.6811530321578319 and parameters: {'n_layers_yyx': 2, 'hidden_size_yyx_l0': 5, 'hidden_size_yyx_l1': 4, 'context_size_yyx': 3, 'num_mix_components_yyx': 4, 'context_extractor_yyx': 'lstm', 'activation_func_yyx': 'Tanh', 'L2_weight_yyx': 1.0248646787263467e-10, 'L_entropy_weight_yyx': 7.72676194030125e-08, 'L_sep_weight_yyx': 3.1360424405293186e-09, 'L_scale_weight_yyx': 6.131394560471423e-08, 'learning_rate_yyx': 0.008770876614607171}. Best is trial 41 with value: -1.6811530321578319.
[I 2026-03-18 18:54:16,856] Trial 42 finished with value: -1.6728958702638128 and parameters: {'n_layers_yyx': 2, 'hidden_size_yyx_l0': 6, 'hidden_size_yyx_l1': 5, 'context_size_yyx': 4, 'num_mix_components_yyx': 4, 'context_extractor_yyx': 'gru', 'activation_func_yyx': 'Tanh', 'L2_weight_yyx': 6.27610070520616e-06, 'L_entropy_weight_yyx': 3.6372698290725852e-06, 'L_sep_weight_yyx': 3.466149976228714e-08, 'L_scale_weight_yyx': 8.92172487287817e-05, 'learning_rate_yyx': 0.00810524439766459}. Best is trial 42 with value: -1.6728958702638128.
[I 2026-03-18 18:54:18,150] Trial 44 pruned. 
[I 2026-03-18 18:54:18,483] Trial 37 pruned. 
[I 2026-03-18 18:54:18,852] Trial 41 pruned. 
[I 2026-03-18 18:54:19,542] Trial 46 finished with value: -1.668990949349867 and parameters: {'n_layers_yyx': 2, 'hidden_size_yyx_l0': 5, 'hidden_size_yyx_l1': 6, 'context_size_yyx': 1, 'num_mix_components_yyx': 4, 'context_extractor_yyx': 'lstm', 'activation_func_yyx': 'GELU', 'L2_weight_yyx': 1.3784391665214296e-07, 'L_entropy_weight_yyx': 4.424002884339782e-09, 'L_sep_weight_yyx': 3.7095505905741384e-09, 'L_scale_weight_yyx': 1.908431046135951e-06, 'learning_rate_yyx': 0.004951403885247009}. Best is trial 46 with value: -1.668990949349867.
[I 2026-03-18 18:54:22,445] Trial 47 pruned. 
[I 2026-03-18 18:54:23,571] Trial 42 pruned. 
[I 2026-03-18 18:54:24,883] Trial 41 finished with value: -1.6803232069997631 and parameters: {'n_layers_yyx': 2, 'hidden_size_yyx_l0': 6, 'hidden_size_yyx_l1': 5, 'context_size_yyx': 3, 'num_mix_components_yyx': 1, 'context_extractor_yyx': 'gru', 'activation_func_yyx': 'Tanh', 'L2_weight_yyx': 1.8349750606228804e-05, 'L_entropy_weight_yyx': 2.23897905336647e-07, 'L_sep_weight_yyx': 1.2742741618067192e-05, 'L_scale_weight_yyx': 1.801007259319243e-08, 'learning_rate_yyx': 0.004319117176243435}. Best is trial 29 with value: -1.6833607836109268.
[I 2026-03-18 18:54:25,380] Trial 38 pruned. 
[I 2026-03-18 18:54:25,545] Trial 48 pruned. 
[I 2026-03-18 18:54:25,679] Trial 46 finished with value: -1.6643948660548544 and parameters: {'n_layers_yyx': 1, 'hidden_size_yyx_l0': 6, 'context_size_yyx': 4, 'num_mix_components_yyx': 3, 'context_extractor_yyx': 'gru', 'activation_func_yyx': 'Tanh', 'L2_weight_yyx': 0.0002332578650019528, 'L_entropy_weight_yyx': 2.8129052295654448e-08, 'L_sep_weight_yyx': 8.27976972657461e-09, 'L_scale_weight_yyx': 7.454881703494631e-09, 'learning_rate_yyx': 0.0056111724682444295}. Best is trial 2 with value: -1.6799626520210098.
[I 2026-03-18 18:54:25,776] Trial 42 pruned. 
[I 2026-03-18 18:54:31,262] Trial 48 finished with value: -2.6335219905874823 and parameters: {'n_layers_yyx': 2, 'hidden_size_yyx_l0': 4, 'hidden_size_yyx_l1': 5, 'context_size_yyx': 4, 'num_mix_components_yyx': 4, 'context_extractor_yyx': 'lstm', 'activation_func_yyx': 'GELU', 'L2_weight_yyx': 2.2375757695092066e-10, 'L_entropy_weight_yyx': 2.0567767772967182e-10, 'L_sep_weight_yyx': 4.970373297455027e-09, 'L_scale_weight_yyx': 4.188938305222518e-08, 'learning_rate_yyx': 0.007188500306502695}. Best is trial 15 with value: -2.6388607085013045.
[I 2026-03-18 18:54:31,426] Trial 43 pruned. 
[I 2026-03-18 18:54:33,660] Trial 45 pruned. 
[I 2026-03-18 18:54:34,566] Trial 44 pruned. 
[I 2026-03-18 18:54:35,335] Trial 35 finished with value: -1.6693891556476377 and parameters: {'n_layers_yyx': 1, 'hidden_size_yyx_l0': 6, 'context_size_yyx': 4, 'num_mix_components_yyx': 5, 'context_extractor_yyx': 'lstm', 'activation_func_yyx': 'Tanh', 'L2_weight_yyx': 3.761336052508902e-10, 'L_entropy_weight_yyx': 1.3038501945313052e-05, 'L_sep_weight_yyx': 1.759814412519284e-05, 'L_scale_weight_yyx': 6.315564723428926e-05, 'learning_rate_yyx': 0.008190207950760156}. Best is trial 26 with value: -1.6790522813108588.
[I 2026-03-18 18:54:41,640] Trial 45 pruned. 
[I 2026-03-18 18:54:43,086] Trial 43 pruned. 
[I 2026-03-18 18:54:43,889] Trial 42 pruned. 
[I 2026-03-18 18:54:44,071] Trial 49 pruned. 

Source events: 10683
Target events: 12731
Full model ln_yyx : 430.10086 nats/sec, 30.40537 nats/event
Full model Log loss : -1.66519
Full model ln_yyx : 434.50591 nats/sec, 30.71678 nats/event
Full model Log loss : -1.66383
Full model ln_yyx : 428.69973 nats/sec, 30.30632 nats/event
Full model Log loss : -1.65628
Full model ln_yyx : 434.12110 nats/sec, 30.68958 nats/event
Full model Log loss : -1.66419
Full model ln_yyx : 434.60287 nats/sec, 30.72363 nats/event
Full model Log loss : -1.66592
Full model ln_yyx : 431.33589 nats/sec, 30.49268 nats/event
Full model Log loss : -1.66070
Full model ln_yyx : 429.31789 nats/sec, 30.35002 nats/event
Full model Log loss : -1.65438
Full model ln_yyx : 430.24074 nats/sec, 30.41526 nats/event
Full model Log loss : -1.66749
Full model ln_yyx : 421.47258 nats/sec, 29.79541 nats/event
Full model Log loss : -1.65098
Full model ln_yyx : 423.86021 nats/sec, 29.96420 nats/event
Full model Log loss : -1.61979
Full model ln_yyx : 430.81820 nats/sec, 30.45608 nats/event
Full model Log loss : -1.66567
Full model ln_yyx : 435.07840 nats/sec, 30.75725 nats/event
Full model Log loss : -1.66600
Full model ln_yyx : 435.18142 nats/sec, 30.76453 nats/event
Full model Log loss : -1.66594
Full model ln_yyx : 432.75224 nats/sec, 30.59281 nats/event
Full model Log loss : -1.65669
Full model ln_yyx : 432.72005 nats/sec, 30.59053 nats/event
Full model Log loss : -1.66267
Full model ln_yyx : 432.86824 nats/sec, 30.60101 nats/event
Full model Log loss : -1.66430
Full model ln_yyx : 435.21482 nats/sec, 30.76689 nats/event
Full model Log loss : -1.66899
Optimization finished. Config saved to results/opt-full/opt_full_103_best_config.txt
[I 2026-03-18 18:54:44,382] Trial 39 pruned. 
[I 2026-03-18 18:54:44,550] Trial 46 pruned. 
[I 2026-03-18 18:54:47,821] Trial 47 pruned. 
[I 2026-03-18 18:54:50,331] Trial 44 pruned. 
[I 2026-03-18 18:54:51,105] Trial 40 pruned. 
[I 2026-03-18 18:54:52,537] Trial 43 finished with value: -1.6705700302491173 and parameters: {'n_layers_yyx': 2, 'hidden_size_yyx_l0': 6, 'hidden_size_yyx_l1': 4, 'context_size_yyx': 4, 'num_mix_components_yyx': 3, 'context_extractor_yyx': 'gru', 'activation_func_yyx': 'Tanh', 'L2_weight_yyx': 6.1450201439348384e-06, 'L_entropy_weight_yyx': 3.495401604282234e-06, 'L_sep_weight_yyx': 1.883997787488114e-08, 'L_scale_weight_yyx': 0.000464847756377594, 'learning_rate_yyx': 0.008098125720640937}. Best is trial 42 with value: -1.6728958702638128.
[I 2026-03-18 18:54:54,354] Trial 48 pruned. 
[I 2026-03-18 18:54:54,354] Trial 41 pruned. 
[I 2026-03-18 18:54:54,431] Trial 36 pruned. 
[I 2026-03-18 18:54:57,568] Trial 49 pruned. 

Source events: 10683
Target events: 16159
Full model ln_yyx : 546.56887 nats/sec, 30.44198 nats/event
Full model Log loss : -1.66075
Full model ln_yyx : 548.05094 nats/sec, 30.52453 nats/event
Full model Log loss : -1.66790
Full model ln_yyx : 546.36772 nats/sec, 30.43078 nats/event
Full model Log loss : -1.67167
Full model ln_yyx : 549.09629 nats/sec, 30.58275 nats/event
Full model Log loss : -1.66646
Full model ln_yyx : 553.80561 nats/sec, 30.84504 nats/event
Full model Log loss : -1.67543
Full model ln_yyx : 543.92345 nats/sec, 30.29464 nats/event
Full model Log loss : -1.65871
Full model ln_yyx : 550.69552 nats/sec, 30.67182 nats/event
Full model Log loss : -1.67266
Full model ln_yyx : 548.34604 nats/sec, 30.54096 nats/event
Full model Log loss : -1.67552
Full model ln_yyx : 545.62269 nats/sec, 30.38928 nats/event
Full model Log loss : -1.67579
Full model ln_yyx : 549.17442 nats/sec, 30.58710 nats/event
Full model Log loss : -1.67179
Full model ln_yyx : 551.04687 nats/sec, 30.69139 nats/event
Full model Log loss : -1.67275
Full model ln_yyx : 539.90628 nats/sec, 30.07090 nats/event
Full model Log loss : -1.66496
Full model ln_yyx : 549.09156 nats/sec, 30.58249 nats/event
Full model Log loss : -1.67771
Full model ln_yyx : 546.58598 nats/sec, 30.44293 nats/event
Full model Log loss : -1.66651
Full model ln_yyx : 547.22882 nats/sec, 30.47874 nats/event
Full model Log loss : -1.67529
Optimization finished. Config saved to results/opt-full/opt_full_118_best_config.txt
[I 2026-03-18 18:54:57,954] Trial 49 pruned. 

Source events: 32635
Target events: 10752
Full model ln_yyx : 1524.62355 nats/sec, 127.61916 nats/event
Full model Log loss : -2.63108
Full model ln_yyx : 1514.19497 nats/sec, 126.74623 nats/event
Full model Log loss : -2.59960
Full model ln_yyx : 1515.93248 nats/sec, 126.89167 nats/event
Full model Log loss : -2.60205
Full model ln_yyx : 1497.32454 nats/sec, 125.33409 nats/event
Full model Log loss : -2.59583
Full model ln_yyx : 1515.08414 nats/sec, 126.82066 nats/event
Full model Log loss : -2.60108
Full model ln_yyx : 1521.54574 nats/sec, 127.36153 nats/event
Full model Log loss : -2.60357
Full model ln_yyx : 1546.12004 nats/sec, 129.41853 nats/event
Full model Log loss : -2.63314
Full model ln_yyx : 1549.65278 nats/sec, 129.71424 nats/event
Full model Log loss : -2.63542
Full model ln_yyx : 1518.63310 nats/sec, 127.11773 nats/event
Full model Log loss : -2.60386
Full model ln_yyx : 1535.88817 nats/sec, 128.56207 nats/event
Full model Log loss : -2.64260
Full model ln_yyx : 1537.34154 nats/sec, 128.68372 nats/event
Full model Log loss : -2.64270
Full model ln_yyx : 1540.61436 nats/sec, 128.95767 nats/event
Full model Log loss : -2.64247
Full model ln_yyx : 1537.65303 nats/sec, 128.70980 nats/event
Full model Log loss : -2.63827
Optimization finished. Config saved to results/opt-full/opt_full_127_best_config.txt
[I 2026-03-18 18:54:58,863] Trial 48 pruned. 
[I 2026-03-18 18:55:02,043] Trial 43 finished with value: -1.66307224644504 and parameters: {'n_layers_yyx': 2, 'hidden_size_yyx_l0': 5, 'hidden_size_yyx_l1': 6, 'context_size_yyx': 4, 'num_mix_components_yyx': 5, 'context_extractor_yyx': 'lstm', 'activation_func_yyx': 'ReLU', 'L2_weight_yyx': 1.1820311546910122e-10, 'L_entropy_weight_yyx': 1.976324434562642e-07, 'L_sep_weight_yyx': 9.040962341790396e-09, 'L_scale_weight_yyx': 0.0007462689823915706, 'learning_rate_yyx': 0.00865822202485747}. Best is trial 23 with value: -1.675936991716372.
[I 2026-03-18 18:55:05,091] Trial 25 pruned. 
[I 2026-03-18 18:55:06,385] Trial 47 finished with value: -1.6619548072484505 and parameters: {'n_layers_yyx': 1, 'hidden_size_yyx_l0': 6, 'context_size_yyx': 4, 'num_mix_components_yyx': 3, 'context_extractor_yyx': 'gru', 'activation_func_yyx': 'Tanh', 'L2_weight_yyx': 2.162509792095978e-05, 'L_entropy_weight_yyx': 6.991768395656943e-08, 'L_sep_weight_yyx': 1.3926870032060655e-08, 'L_scale_weight_yyx': 6.864521090645577e-10, 'learning_rate_yyx': 0.00561684300652126}. Best is trial 2 with value: -1.6799626520210098.
[I 2026-03-18 18:55:08,263] Trial 44 pruned. 
[I 2026-03-18 18:55:10,451] Trial 44 pruned. 
[I 2026-03-18 18:55:11,061] Trial 42 pruned. 
[I 2026-03-18 18:55:11,405] Trial 26 pruned. 
[I 2026-03-18 18:55:12,098] Trial 37 pruned. 
[I 2026-03-18 18:55:13,263] Trial 48 pruned. 
[I 2026-03-18 18:55:13,349] Trial 49 pruned. 

Source events: 32635
Target events: 14713
Full model ln_yyx : 2101.19442 nats/sec, 128.53089 nats/event
Full model Log loss : -2.62732
Full model ln_yyx : 2100.16028 nats/sec, 128.46763 nats/event
Full model Log loss : -2.63163
Full model ln_yyx : 2092.15713 nats/sec, 127.97807 nats/event
Full model Log loss : -2.63256
Full model ln_yyx : 2100.07949 nats/sec, 128.46269 nats/event
Full model Log loss : -2.63549
Full model ln_yyx : 2090.17462 nats/sec, 127.85680 nats/event
Full model Log loss : -2.62929
Full model ln_yyx : 2064.96037 nats/sec, 126.31444 nats/event
Full model Log loss : -2.59743
Full model ln_yyx : 2108.15790 nats/sec, 128.95685 nats/event
Full model Log loss : -2.63886
Full model ln_yyx : 2116.49809 nats/sec, 129.46702 nats/event
Full model Log loss : -2.62993
Full model ln_yyx : 2096.28139 nats/sec, 128.23036 nats/event
Full model Log loss : -2.62990
Full model ln_yyx : 2069.67812 nats/sec, 126.60303 nats/event
Full model Log loss : -2.60245
Full model ln_yyx : 2089.35768 nats/sec, 127.80683 nats/event
Full model Log loss : -2.62931
Full model ln_yyx : 2089.55920 nats/sec, 127.81916 nats/event
Full model Log loss : -2.63352
Optimization finished. Config saved to results/opt-full/opt_full_121_best_config.txt
[I 2026-03-18 18:55:13,794] Trial 46 pruned. 
[I 2026-03-18 18:55:14,018] Trial 27 pruned. 
[I 2026-03-18 18:55:14,861] Trial 31 finished with value: -2.634839574202809 and parameters: {'n_layers_yyx': 1, 'hidden_size_yyx_l0': 4, 'context_size_yyx': 3, 'num_mix_components_yyx': 5, 'context_extractor_yyx': 'gru', 'activation_func_yyx': 'Tanh', 'L2_weight_yyx': 0.00014353349679889678, 'L_entropy_weight_yyx': 0.00026390275688547145, 'L_sep_weight_yyx': 2.801521384616144e-07, 'L_scale_weight_yyx': 6.633951152419334e-09, 'learning_rate_yyx': 0.00979728740831097}. Best is trial 21 with value: -2.6405605351488926.
[I 2026-03-18 18:55:15,114] Trial 45 pruned. 
[I 2026-03-18 18:55:17,336] Trial 45 finished with value: -1.6656710585226109 and parameters: {'n_layers_yyx': 2, 'hidden_size_yyx_l0': 5, 'hidden_size_yyx_l1': 5, 'context_size_yyx': 3, 'num_mix_components_yyx': 4, 'context_extractor_yyx': 'lstm', 'activation_func_yyx': 'Tanh', 'L2_weight_yyx': 2.203055453852361e-09, 'L_entropy_weight_yyx': 0.0004713130790001645, 'L_sep_weight_yyx': 4.904881707903937e-08, 'L_scale_weight_yyx': 8.530121017594764e-08, 'learning_rate_yyx': 0.0073909025072033}. Best is trial 41 with value: -1.6811530321578319.
[I 2026-03-18 18:55:18,002] Trial 39 finished with value: -2.6360087230081315 and parameters: {'n_layers_yyx': 1, 'hidden_size_yyx_l0': 2, 'context_size_yyx': 3, 'num_mix_components_yyx': 4, 'context_extractor_yyx': 'gru', 'activation_func_yyx': 'GELU', 'L2_weight_yyx': 5.848460159820323e-06, 'L_entropy_weight_yyx': 1.1324274510215718e-09, 'L_sep_weight_yyx': 1.6084427232675074e-08, 'L_scale_weight_yyx': 1.0015496616542687e-07, 'learning_rate_yyx': 0.005354962010542391}. Best is trial 10 with value: -2.640669339569724.
[I 2026-03-18 18:55:23,545] Trial 46 finished with value: -2.64244432121314 and parameters: {'n_layers_yyx': 2, 'hidden_size_yyx_l0': 2, 'hidden_size_yyx_l1': 5, 'context_size_yyx': 3, 'num_mix_components_yyx': 5, 'context_extractor_yyx': 'gru', 'activation_func_yyx': 'Tanh', 'L2_weight_yyx': 2.7556981315462123e-10, 'L_entropy_weight_yyx': 2.9298869841324734e-08, 'L_sep_weight_yyx': 0.00012203473239878609, 'L_scale_weight_yyx': 5.262435677079491e-10, 'learning_rate_yyx': 0.008347939067296655}. Best is trial 46 with value: -2.64244432121314.
[I 2026-03-18 18:55:28,346] Trial 43 finished with value: -1.682986207141454 and parameters: {'n_layers_yyx': 2, 'hidden_size_yyx_l0': 6, 'hidden_size_yyx_l1': 5, 'context_size_yyx': 3, 'num_mix_components_yyx': 1, 'context_extractor_yyx': 'gru', 'activation_func_yyx': 'Tanh', 'L2_weight_yyx': 2.3020219306497468e-05, 'L_entropy_weight_yyx': 4.907631303567203e-07, 'L_sep_weight_yyx': 5.505133106727501e-07, 'L_scale_weight_yyx': 1.0501492540802345e-08, 'learning_rate_yyx': 0.009308077462904461}. Best is trial 29 with value: -1.6833607836109268.
[I 2026-03-18 18:55:28,826] Trial 38 pruned. 
[I 2026-03-18 18:55:31,056] Trial 49 pruned. 

Source events: 10683
Target events: 13628
Full model ln_yyx : 460.11048 nats/sec, 30.38593 nats/event
Full model Log loss : -1.65454
Full model ln_yyx : 464.57431 nats/sec, 30.68072 nats/event
Full model Log loss : -1.65270
Full model ln_yyx : 469.67821 nats/sec, 31.01779 nats/event
Full model Log loss : -1.67996
Full model ln_yyx : 448.28554 nats/sec, 29.60500 nats/event
Full model Log loss : -1.58225
Full model ln_yyx : 456.89245 nats/sec, 30.17341 nats/event
Full model Log loss : -1.64860
Full model ln_yyx : 463.31757 nats/sec, 30.59773 nats/event
Full model Log loss : -1.66032
Full model ln_yyx : 463.06200 nats/sec, 30.58085 nats/event
Full model Log loss : -1.66726
Full model ln_yyx : 461.34257 nats/sec, 30.46730 nats/event
Full model Log loss : -1.66306
Full model ln_yyx : 457.76468 nats/sec, 30.23101 nats/event
Full model Log loss : -1.66377
Full model ln_yyx : 464.58762 nats/sec, 30.68160 nats/event
Full model Log loss : -1.66399
Full model ln_yyx : 468.56866 nats/sec, 30.94451 nats/event
Full model Log loss : -1.67020
Full model ln_yyx : 460.37042 nats/sec, 30.40309 nats/event
Full model Log loss : -1.65928
Full model ln_yyx : 462.11835 nats/sec, 30.51853 nats/event
Full model Log loss : -1.66439
Full model ln_yyx : 456.42953 nats/sec, 30.14284 nats/event
Full model Log loss : -1.66195
Optimization finished. Config saved to results/opt-full/opt_full_112_best_config.txt
[I 2026-03-18 18:55:31,835] Trial 39 pruned. 
[I 2026-03-18 18:55:31,945] Trial 41 finished with value: -2.6374896568132953 and parameters: {'n_layers_yyx': 1, 'hidden_size_yyx_l0': 4, 'context_size_yyx': 3, 'num_mix_components_yyx': 5, 'context_extractor_yyx': 'lstm', 'activation_func_yyx': 'GELU', 'L2_weight_yyx': 7.972998571803921e-08, 'L_entropy_weight_yyx': 8.706023716108408e-10, 'L_sep_weight_yyx': 1.648607148689176e-06, 'L_scale_weight_yyx': 9.86929943737998e-06, 'learning_rate_yyx': 0.009127591868728639}. Best is trial 6 with value: -2.642843521506465.
[I 2026-03-18 18:55:34,264] Trial 40 pruned. 
[I 2026-03-18 18:55:38,970] Trial 49 pruned. 

Source events: 32635
Target events: 40082
Full model ln_yyx : 5649.54247 nats/sec, 126.85465 nats/event
Full model Log loss : -2.60060
Full model ln_yyx : 5634.91553 nats/sec, 126.52622 nats/event
Full model Log loss : -2.60614
Full model ln_yyx : 5693.99956 nats/sec, 127.85289 nats/event
Full model Log loss : -2.63674
Full model ln_yyx : 5654.26344 nats/sec, 126.96066 nats/event
Full model Log loss : -2.60038
Full model ln_yyx : 5642.63982 nats/sec, 126.69966 nats/event
Full model Log loss : -2.60034
Full model ln_yyx : 5730.26104 nats/sec, 128.66711 nats/event
Full model Log loss : -2.63754
Full model ln_yyx : 5684.31710 nats/sec, 127.63548 nats/event
Full model Log loss : -2.60291
Full model ln_yyx : 5655.54329 nats/sec, 126.98940 nats/event
Full model Log loss : -2.59792
Full model ln_yyx : 5639.17684 nats/sec, 126.62190 nats/event
Full model Log loss : -2.59998
Full model ln_yyx : 5686.04058 nats/sec, 127.67418 nats/event
Full model Log loss : -2.60270
Full model ln_yyx : 5684.37541 nats/sec, 127.63679 nats/event
Full model Log loss : -2.60271
Full model ln_yyx : 5726.40011 nats/sec, 128.58041 nats/event
Full model Log loss : -2.63220
Full model ln_yyx : 5647.64650 nats/sec, 126.81208 nats/event
Full model Log loss : -2.59990
Full model ln_yyx : 5708.13721 nats/sec, 128.17034 nats/event
Full model Log loss : -2.63129
Full model ln_yyx : 5731.64974 nats/sec, 128.69829 nats/event
Full model Log loss : -2.63895
Full model ln_yyx : 5713.20462 nats/sec, 128.28412 nats/event
Full model Log loss : -2.63063
Full model ln_yyx : 5698.16321 nats/sec, 127.94638 nats/event
Full model Log loss : -2.62991
Optimization finished. Config saved to results/opt-full/opt_full_124_best_config.txt
[I 2026-03-18 18:55:44,743] Trial 47 finished with value: -2.64574760254923 and parameters: {'n_layers_yyx': 2, 'hidden_size_yyx_l0': 2, 'hidden_size_yyx_l1': 6, 'context_size_yyx': 4, 'num_mix_components_yyx': 5, 'context_extractor_yyx': 'lstm', 'activation_func_yyx': 'ReLU', 'L2_weight_yyx': 5.15538149059083e-10, 'L_entropy_weight_yyx': 4.132394533916029e-06, 'L_sep_weight_yyx': 5.356395524949791e-06, 'L_scale_weight_yyx': 1.675891062038553e-10, 'learning_rate_yyx': 0.009963383163066929}. Best is trial 10 with value: -2.6537577311197915.
[I 2026-03-18 18:55:46,286] Trial 42 pruned. 
[I 2026-03-18 18:55:50,423] Trial 48 pruned. 
[I 2026-03-18 18:55:51,608] Trial 45 finished with value: -1.6704744920923345 and parameters: {'n_layers_yyx': 2, 'hidden_size_yyx_l0': 6, 'hidden_size_yyx_l1': 4, 'context_size_yyx': 4, 'num_mix_components_yyx': 3, 'context_extractor_yyx': 'gru', 'activation_func_yyx': 'Tanh', 'L2_weight_yyx': 1.820513976941824e-05, 'L_entropy_weight_yyx': 1.2117823200318872e-06, 'L_sep_weight_yyx': 4.5919740680144e-09, 'L_scale_weight_yyx': 5.2649728133600245e-05, 'learning_rate_yyx': 0.009920862426265387}. Best is trial 42 with value: -1.6728958702638128.
[I 2026-03-18 18:55:53,681] Trial 46 finished with value: -1.6585887251735536 and parameters: {'n_layers_yyx': 2, 'hidden_size_yyx_l0': 4, 'hidden_size_yyx_l1': 6, 'context_size_yyx': 3, 'num_mix_components_yyx': 3, 'context_extractor_yyx': 'gru', 'activation_func_yyx': 'Tanh', 'L2_weight_yyx': 1.060632807785244e-09, 'L_entropy_weight_yyx': 3.636350217675721e-10, 'L_sep_weight_yyx': 2.2941902622484666e-06, 'L_scale_weight_yyx': 2.22254089636318e-05, 'learning_rate_yyx': 0.004141797428451486}. Best is trial 23 with value: -1.675936991716372.
[I 2026-03-18 18:55:56,730] Trial 47 pruned. 
[I 2026-03-18 18:55:57,673] Trial 46 finished with value: -1.674180764206564 and parameters: {'n_layers_yyx': 2, 'hidden_size_yyx_l0': 4, 'hidden_size_yyx_l1': 6, 'context_size_yyx': 4, 'num_mix_components_yyx': 3, 'context_extractor_yyx': 'lstm', 'activation_func_yyx': 'ReLU', 'L2_weight_yyx': 2.082934357316761e-10, 'L_entropy_weight_yyx': 0.00017412675260605872, 'L_sep_weight_yyx': 8.205351862506134e-10, 'L_scale_weight_yyx': 4.0068381657269215e-09, 'learning_rate_yyx': 0.009989558393123777}. Best is trial 41 with value: -1.6811530321578319.
[I 2026-03-18 18:55:59,214] Trial 48 pruned. 
[I 2026-03-18 18:55:59,227] Trial 43 pruned. 
[I 2026-03-18 18:56:01,765] Trial 28 pruned. 
[I 2026-03-18 18:56:04,272] Trial 49 pruned. 

Source events: 32635
Target events: 3403
Full model ln_yyx : 477.48999 nats/sec, 126.28298 nats/event
Full model Log loss : -2.61272
Full model ln_yyx : 480.93659 nats/sec, 127.19451 nats/event
Full model Log loss : -2.63885
Full model ln_yyx : 482.91044 nats/sec, 127.71654 nats/event
Full model Log loss : -2.64488
Full model ln_yyx : 480.01306 nats/sec, 126.95027 nats/event
Full model Log loss : -2.61714
Full model ln_yyx : 485.04641 nats/sec, 128.28145 nats/event
Full model Log loss : -2.64772
Full model ln_yyx : 486.27414 nats/sec, 128.60615 nats/event
Full model Log loss : -2.65376
Full model ln_yyx : 488.72475 nats/sec, 129.25427 nats/event
Full model Log loss : -2.65353
Full model ln_yyx : 484.60997 nats/sec, 128.16602 nats/event
Full model Log loss : -2.64367
Full model ln_yyx : 486.71702 nats/sec, 128.72328 nats/event
Full model Log loss : -2.64634
Full model ln_yyx : 488.56217 nats/sec, 129.21127 nats/event
Full model Log loss : -2.65270
Full model ln_yyx : 481.87910 nats/sec, 127.44378 nats/event
Full model Log loss : -2.61322
Full model ln_yyx : 487.17122 nats/sec, 128.84340 nats/event
Full model Log loss : -2.65128
Full model ln_yyx : 482.41628 nats/sec, 127.58585 nats/event
Full model Log loss : -2.61422
Full model ln_yyx : 487.43345 nats/sec, 128.91276 nats/event
Full model Log loss : -2.65054
Full model ln_yyx : 488.47174 nats/sec, 129.18735 nats/event
Full model Log loss : -2.65310
Full model ln_yyx : 487.12125 nats/sec, 128.83019 nats/event
Full model Log loss : -2.64915
Full model ln_yyx : 485.72251 nats/sec, 128.46026 nats/event
Full model Log loss : -2.64295
Full model ln_yyx : 480.10513 nats/sec, 126.97462 nats/event
Full model Log loss : -2.61546
Full model ln_yyx : 487.06707 nats/sec, 128.81586 nats/event
Full model Log loss : -2.65041
Full model ln_yyx : 487.37439 nats/sec, 128.89714 nats/event
Full model Log loss : -2.65112
Full model ln_yyx : 487.54043 nats/sec, 128.94105 nats/event
Full model Log loss : -2.64575
Optimization finished. Config saved to results/opt-full/opt_full_122_best_config.txt
[I 2026-03-18 18:56:04,676] Trial 29 pruned. 
[I 2026-03-18 18:56:05,650] Trial 41 finished with value: -1.6618984394973007 and parameters: {'n_layers_yyx': 1, 'hidden_size_yyx_l0': 6, 'context_size_yyx': 3, 'num_mix_components_yyx': 5, 'context_extractor_yyx': 'lstm', 'activation_func_yyx': 'Tanh', 'L2_weight_yyx': 5.225159759515608e-08, 'L_entropy_weight_yyx': 0.00041926590979146704, 'L_sep_weight_yyx': 0.00038183341456879925, 'L_scale_weight_yyx': 2.5350726153060092e-05, 'learning_rate_yyx': 0.007962064606815086}. Best is trial 26 with value: -1.6790522813108588.
[I 2026-03-18 18:56:06,427] Trial 49 pruned. 

Source events: 10683
Target events: 18269
Full model ln_yyx : 598.78023 nats/sec, 29.49818 nats/event
Full model Log loss : -1.58234
Full model ln_yyx : 617.62099 nats/sec, 30.42634 nats/event
Full model Log loss : -1.67209
Full model ln_yyx : 600.72325 nats/sec, 29.59390 nats/event
Full model Log loss : -1.58365
Full model ln_yyx : 614.85917 nats/sec, 30.29029 nats/event
Full model Log loss : -1.65548
Full model ln_yyx : 617.52698 nats/sec, 30.42171 nats/event
Full model Log loss : -1.66914
Full model ln_yyx : 614.35390 nats/sec, 30.26540 nats/event
Full model Log loss : -1.66571
Full model ln_yyx : 619.07451 nats/sec, 30.49795 nats/event
Full model Log loss : -1.66111
Full model ln_yyx : 626.41183 nats/sec, 30.85941 nats/event
Full model Log loss : -1.67594
Full model ln_yyx : 610.17451 nats/sec, 30.05950 nats/event
Full model Log loss : -1.65142
Full model ln_yyx : 619.33665 nats/sec, 30.51086 nats/event
Full model Log loss : -1.66726
Full model ln_yyx : 620.36486 nats/sec, 30.56152 nats/event
Full model Log loss : -1.65557
Full model ln_yyx : 606.99346 nats/sec, 29.90279 nats/event
Full model Log loss : -1.65435
Full model ln_yyx : 620.51154 nats/sec, 30.56874 nats/event
Full model Log loss : -1.67166
Full model ln_yyx : 600.36610 nats/sec, 29.57630 nats/event
Full model Log loss : -1.58099
Full model ln_yyx : 614.70436 nats/sec, 30.28266 nats/event
Full model Log loss : -1.66307
Full model ln_yyx : 624.57596 nats/sec, 30.76897 nats/event
Full model Log loss : -1.65859
Optimization finished. Config saved to results/opt-full/opt_full_111_best_config.txt
[I 2026-03-18 18:56:07,371] Trial 30 pruned. 
[I 2026-03-18 18:56:23,496] Trial 44 finished with value: -1.673134731259681 and parameters: {'n_layers_yyx': 2, 'hidden_size_yyx_l0': 6, 'hidden_size_yyx_l1': 4, 'context_size_yyx': 4, 'num_mix_components_yyx': 1, 'context_extractor_yyx': 'gru', 'activation_func_yyx': 'Tanh', 'L2_weight_yyx': 5.21508155245743e-06, 'L_entropy_weight_yyx': 1.8810013801681245e-05, 'L_sep_weight_yyx': 6.144673832345058e-07, 'L_scale_weight_yyx': 1.5749608869262284e-07, 'learning_rate_yyx': 0.009420654418110878}. Best is trial 29 with value: -1.6833607836109268.
[I 2026-03-18 18:56:23,536] Trial 31 pruned. 
[I 2026-03-18 18:56:25,363] Trial 46 finished with value: -1.6647173153654213 and parameters: {'n_layers_yyx': 2, 'hidden_size_yyx_l0': 6, 'hidden_size_yyx_l1': 4, 'context_size_yyx': 4, 'num_mix_components_yyx': 2, 'context_extractor_yyx': 'gru', 'activation_func_yyx': 'Tanh', 'L2_weight_yyx': 2.4421943970359835e-05, 'L_entropy_weight_yyx': 6.235196048124376e-08, 'L_sep_weight_yyx': 2.338013347137348e-09, 'L_scale_weight_yyx': 4.520647616678549e-05, 'learning_rate_yyx': 0.009969557831289647}. Best is trial 42 with value: -1.6728958702638128.
[I 2026-03-18 18:56:26,107] Trial 45 pruned. 
[I 2026-03-18 18:56:35,827] Trial 42 finished with value: -1.678768793129944 and parameters: {'n_layers_yyx': 1, 'hidden_size_yyx_l0': 6, 'context_size_yyx': 4, 'num_mix_components_yyx': 5, 'context_extractor_yyx': 'lstm', 'activation_func_yyx': 'Tanh', 'L2_weight_yyx': 1.3982348496327425e-08, 'L_entropy_weight_yyx': 0.0008849923592873939, 'L_sep_weight_yyx': 2.79310493027175e-05, 'L_scale_weight_yyx': 0.00010358158998088066, 'learning_rate_yyx': 0.007166558332574503}. Best is trial 26 with value: -1.6790522813108588.
[I 2026-03-18 18:56:38,445] Trial 43 pruned. 
[I 2026-03-18 18:56:39,686] Trial 32 pruned. 
[I 2026-03-18 18:56:39,859] Trial 47 finished with value: -1.677968887094125 and parameters: {'n_layers_yyx': 2, 'hidden_size_yyx_l0': 6, 'hidden_size_yyx_l1': 4, 'context_size_yyx': 4, 'num_mix_components_yyx': 4, 'context_extractor_yyx': 'lstm', 'activation_func_yyx': 'Tanh', 'L2_weight_yyx': 1.08565613071598e-10, 'L_entropy_weight_yyx': 6.934897085563245e-05, 'L_sep_weight_yyx': 2.5571439914108653e-05, 'L_scale_weight_yyx': 1.2241771132296898e-08, 'learning_rate_yyx': 0.008395936730407215}. Best is trial 41 with value: -1.6811530321578319.
[I 2026-03-18 18:56:42,141] Trial 33 pruned. 
[I 2026-03-18 18:56:46,643] Trial 44 pruned. 
[I 2026-03-18 18:56:46,829] Trial 32 finished with value: -2.6352566270135185 and parameters: {'n_layers_yyx': 1, 'hidden_size_yyx_l0': 4, 'context_size_yyx': 3, 'num_mix_components_yyx': 5, 'context_extractor_yyx': 'gru', 'activation_func_yyx': 'Tanh', 'L2_weight_yyx': 0.0002231163687659952, 'L_entropy_weight_yyx': 7.389508723572107e-05, 'L_sep_weight_yyx': 3.957802149888151e-08, 'L_scale_weight_yyx': 7.93149732479627e-09, 'learning_rate_yyx': 0.00829560443712423}. Best is trial 21 with value: -2.6405605351488926.
[I 2026-03-18 18:56:47,981] Trial 34 pruned. 
[I 2026-03-18 18:56:49,337] Trial 47 finished with value: -2.6423312235575036 and parameters: {'n_layers_yyx': 2, 'hidden_size_yyx_l0': 2, 'hidden_size_yyx_l1': 5, 'context_size_yyx': 3, 'num_mix_components_yyx': 5, 'context_extractor_yyx': 'gru', 'activation_func_yyx': 'Tanh', 'L2_weight_yyx': 1.24727718497011e-10, 'L_entropy_weight_yyx': 3.3063879749932705e-08, 'L_sep_weight_yyx': 0.0007249242139549273, 'L_scale_weight_yyx': 4.612719396457091e-10, 'learning_rate_yyx': 0.007800595387459472}. Best is trial 46 with value: -2.64244432121314.
[I 2026-03-18 18:56:52,974] Trial 45 pruned. 
[I 2026-03-18 18:56:54,055] Trial 35 pruned. 
[I 2026-03-18 18:56:56,785] Trial 36 pruned. 
[I 2026-03-18 18:56:59,189] Trial 46 pruned. 
[I 2026-03-18 18:57:00,229] Trial 47 finished with value: -1.6620724772580893 and parameters: {'n_layers_yyx': 2, 'hidden_size_yyx_l0': 6, 'hidden_size_yyx_l1': 4, 'context_size_yyx': 4, 'num_mix_components_yyx': 3, 'context_extractor_yyx': 'gru', 'activation_func_yyx': 'ReLU', 'L2_weight_yyx': 5.449413517667036e-05, 'L_entropy_weight_yyx': 1.5284407959540982e-08, 'L_sep_weight_yyx': 3.688866704745293e-08, 'L_scale_weight_yyx': 1.845906309695084e-05, 'learning_rate_yyx': 0.008087822642317263}. Best is trial 42 with value: -1.6728958702638128.
[I 2026-03-18 18:57:01,337] Trial 33 pruned. 
[I 2026-03-18 18:57:02,047] Trial 46 finished with value: -1.5900619862972256 and parameters: {'n_layers_yyx': 2, 'hidden_size_yyx_l0': 3, 'hidden_size_yyx_l1': 2, 'context_size_yyx': 4, 'num_mix_components_yyx': 1, 'context_extractor_yyx': 'gru', 'activation_func_yyx': 'ReLU', 'L2_weight_yyx': 1.937291366057987e-09, 'L_entropy_weight_yyx': 4.56895922691184e-05, 'L_sep_weight_yyx': 1.6185675285782158e-06, 'L_scale_weight_yyx': 8.518023227203447e-08, 'learning_rate_yyx': 0.008338895620511775}. Best is trial 29 with value: -1.6833607836109268.
[I 2026-03-18 18:57:02,075] Trial 40 finished with value: -2.643809374218382 and parameters: {'n_layers_yyx': 1, 'hidden_size_yyx_l0': 5, 'context_size_yyx': 3, 'num_mix_components_yyx': 5, 'context_extractor_yyx': 'lstm', 'activation_func_yyx': 'Tanh', 'L2_weight_yyx': 0.0003640528804609064, 'L_entropy_weight_yyx': 1.692725280577572e-05, 'L_sep_weight_yyx': 5.174738041377676e-09, 'L_scale_weight_yyx': 2.0436649603365067e-08, 'learning_rate_yyx': 0.006612633906529768}. Best is trial 40 with value: -2.643809374218382.
[I 2026-03-18 18:57:06,150] Trial 48 finished with value: -1.6638646681109108 and parameters: {'n_layers_yyx': 2, 'hidden_size_yyx_l0': 6, 'hidden_size_yyx_l1': 4, 'context_size_yyx': 4, 'num_mix_components_yyx': 5, 'context_extractor_yyx': 'lstm', 'activation_func_yyx': 'Tanh', 'L2_weight_yyx': 1.0899625037563474e-10, 'L_entropy_weight_yyx': 4.776223937422457e-05, 'L_sep_weight_yyx': 3.475823959030408e-05, 'L_scale_weight_yyx': 9.622194188268118e-09, 'learning_rate_yyx': 0.008669459614803863}. Best is trial 41 with value: -1.6811530321578319.
[I 2026-03-18 18:57:07,321] Trial 34 pruned. 
[I 2026-03-18 18:57:12,516] Trial 37 pruned. 
[I 2026-03-18 18:57:13,010] Trial 44 finished with value: -1.6696226158545955 and parameters: {'n_layers_yyx': 1, 'hidden_size_yyx_l0': 6, 'context_size_yyx': 4, 'num_mix_components_yyx': 4, 'context_extractor_yyx': 'gru', 'activation_func_yyx': 'Tanh', 'L2_weight_yyx': 1.11982007739091e-08, 'L_entropy_weight_yyx': 1.6530807640403634e-05, 'L_sep_weight_yyx': 3.126034715052931e-05, 'L_scale_weight_yyx': 0.0005076711291464557, 'learning_rate_yyx': 0.0065106544384420754}. Best is trial 26 with value: -1.6790522813108588.
[I 2026-03-18 18:57:15,445] Trial 38 pruned. 
[I 2026-03-18 18:57:17,392] Trial 48 pruned. 
[I 2026-03-18 18:57:18,041] Trial 39 pruned. 
[I 2026-03-18 18:57:21,372] Trial 35 pruned. 
[I 2026-03-18 18:57:23,685] Trial 49 pruned. 

Source events: 10683
Target events: 29032
Full model ln_yyx : 987.37313 nats/sec, 30.60884 nats/event
Full model Log loss : -1.66832
Full model ln_yyx : 978.27136 nats/sec, 30.32668 nats/event
Full model Log loss : -1.64546
Full model ln_yyx : 955.10452 nats/sec, 29.60850 nats/event
Full model Log loss : -1.57353
Full model ln_yyx : 976.38845 nats/sec, 30.26831 nats/event
Full model Log loss : -1.66132
Full model ln_yyx : 963.13182 nats/sec, 29.85735 nats/event
Full model Log loss : -1.62912
Full model ln_yyx : 978.45104 nats/sec, 30.33225 nats/event
Full model Log loss : -1.65934
Full model ln_yyx : 984.13467 nats/sec, 30.50845 nats/event
Full model Log loss : -1.65607
Full model ln_yyx : 980.26612 nats/sec, 30.38852 nats/event
Full model Log loss : -1.66635
Full model ln_yyx : 993.70889 nats/sec, 30.80525 nats/event
Full model Log loss : -1.66540
Full model ln_yyx : 980.05695 nats/sec, 30.38204 nats/event
Full model Log loss : -1.66262
Full model ln_yyx : 988.31884 nats/sec, 30.63816 nats/event
Full model Log loss : -1.67187
Full model ln_yyx : 990.01055 nats/sec, 30.69060 nats/event
Full model Log loss : -1.67290
Full model ln_yyx : 992.16108 nats/sec, 30.75727 nats/event
Full model Log loss : -1.67057
Full model ln_yyx : 978.91579 nats/sec, 30.34666 nats/event
Full model Log loss : -1.67047
Full model ln_yyx : 994.14973 nats/sec, 30.81892 nats/event
Full model Log loss : -1.66472
Full model ln_yyx : 976.51854 nats/sec, 30.27234 nats/event
Full model Log loss : -1.66207
Optimization finished. Config saved to results/opt-full/opt_full_106_best_config.txt
[I 2026-03-18 18:57:25,896] Trial 43 finished with value: -2.637085181454087 and parameters: {'n_layers_yyx': 1, 'hidden_size_yyx_l0': 4, 'context_size_yyx': 3, 'num_mix_components_yyx': 5, 'context_extractor_yyx': 'lstm', 'activation_func_yyx': 'GELU', 'L2_weight_yyx': 1.3138373144025078e-08, 'L_entropy_weight_yyx': 9.608740118383079e-10, 'L_sep_weight_yyx': 1.0869669676421577e-10, 'L_scale_weight_yyx': 1.4989304713282084e-05, 'learning_rate_yyx': 0.0062139397966685305}. Best is trial 6 with value: -2.642843521506465.
[I 2026-03-18 18:57:29,179] Trial 45 pruned. 
[I 2026-03-18 18:57:31,729] Trial 44 pruned. 
[I 2026-03-18 18:57:34,152] Trial 40 pruned. 
[I 2026-03-18 18:57:35,744] Trial 36 pruned. 
[I 2026-03-18 18:57:38,712] Trial 49 finished with value: -1.6762585800582108 and parameters: {'n_layers_yyx': 2, 'hidden_size_yyx_l0': 6, 'hidden_size_yyx_l1': 5, 'context_size_yyx': 3, 'num_mix_components_yyx': 4, 'context_extractor_yyx': 'lstm', 'activation_func_yyx': 'Tanh', 'L2_weight_yyx': 2.4961880411171657e-08, 'L_entropy_weight_yyx': 8.706389470438937e-05, 'L_sep_weight_yyx': 0.0009215912740374696, 'L_scale_weight_yyx': 1.7198217510515726e-08, 'learning_rate_yyx': 0.005970079822241807}. Best is trial 41 with value: -1.6811530321578319.

Source events: 10683
Target events: 20800
Full model ln_yyx : 710.72073 nats/sec, 30.75234 nats/event
Full model Log loss : -1.67463
Full model ln_yyx : 682.40465 nats/sec, 29.52712 nats/event
Full model Log loss : -1.57592
Full model ln_yyx : 703.05898 nats/sec, 30.42082 nats/event
Full model Log loss : -1.66756
Full model ln_yyx : 679.15114 nats/sec, 29.38635 nats/event
Full model Log loss : -1.57981
Full model ln_yyx : 682.97269 nats/sec, 29.55170 nats/event
Full model Log loss : -1.58057
Full model ln_yyx : 705.82432 nats/sec, 30.54048 nats/event
Full model Log loss : -1.65814
Full model ln_yyx : 708.13741 nats/sec, 30.64056 nats/event
Full model Log loss : -1.66927
Full model ln_yyx : 704.79102 nats/sec, 30.49577 nats/event
Full model Log loss : -1.66959
Full model ln_yyx : 703.14590 nats/sec, 30.42458 nats/event
Full model Log loss : -1.66944
Full model ln_yyx : 714.43232 nats/sec, 30.91294 nats/event
Full model Log loss : -1.67579
Full model ln_yyx : 698.27316 nats/sec, 30.21374 nats/event
Full model Log loss : -1.65933
Full model ln_yyx : 699.65237 nats/sec, 30.27342 nats/event
Full model Log loss : -1.66874
Full model ln_yyx : 708.32236 nats/sec, 30.64856 nats/event
Full model Log loss : -1.67662
Full model ln_yyx : 713.02234 nats/sec, 30.85193 nats/event
Full model Log loss : -1.68095
Full model ln_yyx : 699.18686 nats/sec, 30.25328 nats/event
Full model Log loss : -1.66266
Full model ln_yyx : 708.26126 nats/sec, 30.64592 nats/event
Full model Log loss : -1.68115
Full model ln_yyx : 700.36977 nats/sec, 30.30446 nats/event
Full model Log loss : -1.66567
Full model ln_yyx : 706.92399 nats/sec, 30.58806 nats/event
Full model Log loss : -1.67418
Full model ln_yyx : 705.16688 nats/sec, 30.51203 nats/event
Full model Log loss : -1.67797
Full model ln_yyx : 700.43106 nats/sec, 30.30711 nats/event
Full model Log loss : -1.66386
Full model ln_yyx : 710.68824 nats/sec, 30.75093 nats/event
Full model Log loss : -1.67626
Optimization finished. Config saved to results/opt-full/opt_full_102_best_config.txt
[I 2026-03-18 18:57:38,807] Trial 41 pruned. 
[I 2026-03-18 18:57:44,880] Trial 46 pruned. 
[I 2026-03-18 18:57:49,207] Trial 47 pruned. 
[I 2026-03-18 18:57:49,741] Trial 37 pruned. 
[I 2026-03-18 18:57:50,337] Trial 47 finished with value: -1.657786004926518 and parameters: {'n_layers_yyx': 1, 'hidden_size_yyx_l0': 4, 'context_size_yyx': 3, 'num_mix_components_yyx': 1, 'context_extractor_yyx': 'lstm', 'activation_func_yyx': 'GELU', 'L2_weight_yyx': 1.132980266135045e-10, 'L_entropy_weight_yyx': 4.554100612977924e-07, 'L_sep_weight_yyx': 2.1962776822333767e-09, 'L_scale_weight_yyx': 2.256746628014447e-06, 'learning_rate_yyx': 0.005370762565699536}. Best is trial 13 with value: -1.6722197537243195.
[I 2026-03-18 18:57:52,339] Trial 48 pruned. 
[I 2026-03-18 18:57:53,287] Trial 48 pruned. 
[I 2026-03-18 18:57:59,526] Trial 49 pruned. 

Source events: 10683
Target events: 27060
Full model ln_yyx : 923.06738 nats/sec, 30.70069 nats/event
Full model Log loss : -1.66417
Full model ln_yyx : 914.57535 nats/sec, 30.41825 nats/event
Full model Log loss : -1.65453
Full model ln_yyx : 914.61373 nats/sec, 30.41953 nats/event
Full model Log loss : -1.66028
Full model ln_yyx : 912.99722 nats/sec, 30.36576 nats/event
Full model Log loss : -1.66336
Full model ln_yyx : 907.86986 nats/sec, 30.19523 nats/event
Full model Log loss : -1.66719
Full model ln_yyx : 913.66342 nats/sec, 30.38792 nats/event
Full model Log loss : -1.66667
Full model ln_yyx : 909.67630 nats/sec, 30.25531 nats/event
Full model Log loss : -1.67222
Full model ln_yyx : 919.03065 nats/sec, 30.56643 nats/event
Full model Log loss : -1.67116
Full model ln_yyx : 917.24320 nats/sec, 30.50698 nats/event
Full model Log loss : -1.66021
Full model ln_yyx : 913.23882 nats/sec, 30.37380 nats/event
Full model Log loss : -1.66654
Full model ln_yyx : 913.85269 nats/sec, 30.39421 nats/event
Full model Log loss : -1.67081
Full model ln_yyx : 912.64088 nats/sec, 30.35391 nats/event
Full model Log loss : -1.67022
Full model ln_yyx : 910.10840 nats/sec, 30.26968 nats/event
Full model Log loss : -1.65779
Optimization finished. Config saved to results/opt-full/opt_full_109_best_config.txt
[I 2026-03-18 18:58:00,924] Trial 47 pruned. 
[I 2026-03-18 18:58:07,047] Trial 48 pruned. 
[I 2026-03-18 18:58:07,596] Trial 49 pruned. 

Source events: 10683
Target events: 38515
Full model ln_yyx : 1307.43790 nats/sec, 30.55158 nats/event
Full model Log loss : -1.67356
Full model ln_yyx : 1315.93928 nats/sec, 30.75024 nats/event
Full model Log loss : -1.68069
Full model ln_yyx : 1322.18320 nats/sec, 30.89614 nats/event
Full model Log loss : -1.68205
Full model ln_yyx : 1288.01075 nats/sec, 30.09762 nats/event
Full model Log loss : -1.65569
Full model ln_yyx : 1303.27650 nats/sec, 30.45434 nats/event
Full model Log loss : -1.67753
Full model ln_yyx : 1312.56103 nats/sec, 30.67129 nats/event
Full model Log loss : -1.68029
Full model ln_yyx : 1312.34039 nats/sec, 30.66614 nats/event
Full model Log loss : -1.68031
Full model ln_yyx : 1318.69005 nats/sec, 30.81451 nats/event
Full model Log loss : -1.67547
Full model ln_yyx : 1315.66554 nats/sec, 30.74384 nats/event
Full model Log loss : -1.68336
Full model ln_yyx : 1312.23700 nats/sec, 30.66372 nats/event
Full model Log loss : -1.68032
Full model ln_yyx : 1326.77283 nats/sec, 31.00339 nats/event
Full model Log loss : -1.68299
Full model ln_yyx : 1306.58321 nats/sec, 30.53161 nats/event
Full model Log loss : -1.67313
Full model ln_yyx : 1276.41226 nats/sec, 29.82659 nats/event
Full model Log loss : -1.59006
Optimization finished. Config saved to results/opt-full/opt_full_108_best_config.txt
[I 2026-03-18 18:58:12,718] Trial 49 pruned. 

Source events: 10683
Target events: 14713
Full model ln_yyx : 497.35887 nats/sec, 30.42364 nats/event
Full model Log loss : -1.67030
Full model ln_yyx : 495.94601 nats/sec, 30.33721 nats/event
Full model Log loss : -1.65516
Full model ln_yyx : 502.07658 nats/sec, 30.71222 nats/event
Full model Log loss : -1.65835
Full model ln_yyx : 492.34949 nats/sec, 30.11721 nats/event
Full model Log loss : -1.65796
Full model ln_yyx : 491.10408 nats/sec, 30.04103 nats/event
Full model Log loss : -1.65014
Full model ln_yyx : 494.56071 nats/sec, 30.25247 nats/event
Full model Log loss : -1.66053
Full model ln_yyx : 501.10341 nats/sec, 30.65269 nats/event
Full model Log loss : -1.65875
Full model ln_yyx : 493.84573 nats/sec, 30.20874 nats/event
Full model Log loss : -1.66020
Full model ln_yyx : 500.76344 nats/sec, 30.63190 nats/event
Full model Log loss : -1.67352
Full model ln_yyx : 496.03151 nats/sec, 30.34244 nats/event
Full model Log loss : -1.65766
Full model ln_yyx : 503.59769 nats/sec, 30.80527 nats/event
Full model Log loss : -1.67501
Full model ln_yyx : 495.40732 nats/sec, 30.30426 nats/event
Full model Log loss : -1.65624
Full model ln_yyx : 504.43393 nats/sec, 30.85642 nats/event
Full model Log loss : -1.67905
Full model ln_yyx : 501.61409 nats/sec, 30.68393 nats/event
Full model Log loss : -1.67050
Full model ln_yyx : 496.49009 nats/sec, 30.37049 nats/event
Full model Log loss : -1.66539
Full model ln_yyx : 502.31592 nats/sec, 30.72686 nats/event
Full model Log loss : -1.67732
Full model ln_yyx : 496.34432 nats/sec, 30.36158 nats/event
Full model Log loss : -1.66939
Full model ln_yyx : 495.45548 nats/sec, 30.30721 nats/event
Full model Log loss : -1.66190
Full model ln_yyx : 506.09215 nats/sec, 30.95786 nats/event
Full model Log loss : -1.67877
Full model ln_yyx : 494.38860 nats/sec, 30.24195 nats/event
Full model Log loss : -1.66962
Optimization finished. Config saved to results/opt-full/opt_full_104_best_config.txt
[I 2026-03-18 18:58:14,989] Trial 48 finished with value: -2.642413530429117 and parameters: {'n_layers_yyx': 2, 'hidden_size_yyx_l0': 2, 'hidden_size_yyx_l1': 5, 'context_size_yyx': 3, 'num_mix_components_yyx': 5, 'context_extractor_yyx': 'gru', 'activation_func_yyx': 'Tanh', 'L2_weight_yyx': 1.0843241138950253e-10, 'L_entropy_weight_yyx': 2.9241224808590568e-08, 'L_sep_weight_yyx': 0.0009569217400565436, 'L_scale_weight_yyx': 1.0380000951738208e-10, 'learning_rate_yyx': 0.008363972074748604}. Best is trial 46 with value: -2.64244432121314.
[I 2026-03-18 18:58:20,736] Trial 41 finished with value: -1.6634198177692503 and parameters: {'n_layers_yyx': 2, 'hidden_size_yyx_l0': 4, 'hidden_size_yyx_l1': 4, 'context_size_yyx': 4, 'num_mix_components_yyx': 5, 'context_extractor_yyx': 'lstm', 'activation_func_yyx': 'ReLU', 'L2_weight_yyx': 0.0008676391129260469, 'L_entropy_weight_yyx': 6.425581337127401e-05, 'L_sep_weight_yyx': 6.965890309372861e-09, 'L_scale_weight_yyx': 8.665367541619582e-07, 'learning_rate_yyx': 0.005026719905142125}. Best is trial 18 with value: -1.6716810843741248.
[I 2026-03-18 18:58:26,402] Trial 38 finished with value: -2.599461974762351 and parameters: {'n_layers_yyx': 1, 'hidden_size_yyx_l0': 4, 'context_size_yyx': 4, 'num_mix_components_yyx': 4, 'context_extractor_yyx': 'gru', 'activation_func_yyx': 'Tanh', 'L2_weight_yyx': 7.545006402718255e-05, 'L_entropy_weight_yyx': 1.9941179335402557e-06, 'L_sep_weight_yyx': 3.6351612188724004e-07, 'L_scale_weight_yyx': 1.0492581593255306e-06, 'learning_rate_yyx': 0.008115825650009467}. Best is trial 21 with value: -2.6405605351488926.
[I 2026-03-18 18:58:28,814] Trial 49 pruned. 

Source events: 32635
Target events: 29032
Full model ln_yyx : 4131.88170 nats/sec, 128.08947 nats/event
Full model Log loss : -2.63306
Full model ln_yyx : 4088.67267 nats/sec, 126.74998 nats/event
Full model Log loss : -2.59922
Full model ln_yyx : 4101.97811 nats/sec, 127.16245 nats/event
Full model Log loss : -2.60371
Full model ln_yyx : 4103.10503 nats/sec, 127.19739 nats/event
Full model Log loss : -2.60367
Full model ln_yyx : 4085.46235 nats/sec, 126.65046 nats/event
Full model Log loss : -2.60041
Full model ln_yyx : 4133.71084 nats/sec, 128.14617 nats/event
Full model Log loss : -2.63137
Full model ln_yyx : 4085.98813 nats/sec, 126.66676 nats/event
Full model Log loss : -2.59992
Full model ln_yyx : 4096.42097 nats/sec, 126.99018 nats/event
Full model Log loss : -2.62585
Full model ln_yyx : 4095.70115 nats/sec, 126.96786 nats/event
Full model Log loss : -2.62572
Full model ln_yyx : 4099.12312 nats/sec, 127.07395 nats/event
Full model Log loss : -2.60122
Full model ln_yyx : 4088.77832 nats/sec, 126.75325 nats/event
Full model Log loss : -2.60134
Full model ln_yyx : 4101.91190 nats/sec, 127.16040 nats/event
Full model Log loss : -2.60368
Full model ln_yyx : 4162.97138 nats/sec, 129.05326 nats/event
Full model Log loss : -2.63550
Full model ln_yyx : 4172.80589 nats/sec, 129.35813 nats/event
Full model Log loss : -2.64031
Full model ln_yyx : 4161.73317 nats/sec, 129.01488 nats/event
Full model Log loss : -2.64240
Full model ln_yyx : 4161.87791 nats/sec, 129.01936 nats/event
Full model Log loss : -2.64237
Full model ln_yyx : 4163.52427 nats/sec, 129.07040 nats/event
Full model Log loss : -2.64244
Full model ln_yyx : 4162.00011 nats/sec, 129.02315 nats/event
Full model Log loss : -2.64233
Full model ln_yyx : 4161.42609 nats/sec, 129.00536 nats/event
Full model Log loss : -2.64241
Optimization finished. Config saved to results/opt-full/opt_full_123_best_config.txt
[I 2026-03-18 18:58:31,916] Trial 39 pruned. 
[I 2026-03-18 18:58:40,052] Trial 45 finished with value: -2.643023597269061 and parameters: {'n_layers_yyx': 1, 'hidden_size_yyx_l0': 3, 'context_size_yyx': 4, 'num_mix_components_yyx': 4, 'context_extractor_yyx': 'lstm', 'activation_func_yyx': 'GELU', 'L2_weight_yyx': 1.2101028954322333e-09, 'L_entropy_weight_yyx': 1.4350172974894467e-09, 'L_sep_weight_yyx': 1.6914048318544793e-06, 'L_scale_weight_yyx': 2.7136757512230725e-10, 'learning_rate_yyx': 0.007551988760991856}. Best is trial 45 with value: -2.643023597269061.
[I 2026-03-18 18:58:44,851] Trial 40 pruned. 
[I 2026-03-18 18:59:04,671] Trial 42 finished with value: -1.679386952126673 and parameters: {'n_layers_yyx': 2, 'hidden_size_yyx_l0': 4, 'hidden_size_yyx_l1': 3, 'context_size_yyx': 4, 'num_mix_components_yyx': 5, 'context_extractor_yyx': 'lstm', 'activation_func_yyx': 'ReLU', 'L2_weight_yyx': 0.00047198084251717293, 'L_entropy_weight_yyx': 1.8110557757152016e-05, 'L_sep_weight_yyx': 3.31133670553741e-09, 'L_scale_weight_yyx': 8.859057169536551e-07, 'learning_rate_yyx': 0.007072968684790079}. Best is trial 42 with value: -1.679386952126673.
[I 2026-03-18 18:59:14,646] Trial 42 finished with value: -2.6428839042361845 and parameters: {'n_layers_yyx': 1, 'hidden_size_yyx_l0': 5, 'context_size_yyx': 3, 'num_mix_components_yyx': 5, 'context_extractor_yyx': 'lstm', 'activation_func_yyx': 'Tanh', 'L2_weight_yyx': 0.0001156017457976658, 'L_entropy_weight_yyx': 2.387135856671611e-05, 'L_sep_weight_yyx': 4.349933789488351e-08, 'L_scale_weight_yyx': 1.0478900731188668e-08, 'learning_rate_yyx': 0.008405981233705824}. Best is trial 40 with value: -2.643809374218382.
[I 2026-03-18 18:59:42,513] Trial 43 finished with value: -2.6332930417009965 and parameters: {'n_layers_yyx': 1, 'hidden_size_yyx_l0': 6, 'context_size_yyx': 3, 'num_mix_components_yyx': 5, 'context_extractor_yyx': 'lstm', 'activation_func_yyx': 'Tanh', 'L2_weight_yyx': 0.00012316959428484016, 'L_entropy_weight_yyx': 1.0317228046635989e-05, 'L_sep_weight_yyx': 1.325206800225695e-09, 'L_scale_weight_yyx': 9.57380061585897e-07, 'learning_rate_yyx': 0.00830521248397738}. Best is trial 40 with value: -2.643809374218382.
[I 2026-03-18 18:59:44,254] Trial 46 finished with value: -2.6349423067246898 and parameters: {'n_layers_yyx': 1, 'hidden_size_yyx_l0': 3, 'context_size_yyx': 4, 'num_mix_components_yyx': 4, 'context_extractor_yyx': 'lstm', 'activation_func_yyx': 'ReLU', 'L2_weight_yyx': 7.216511163515953e-10, 'L_entropy_weight_yyx': 2.647823377202192e-09, 'L_sep_weight_yyx': 7.824431710809691e-08, 'L_scale_weight_yyx': 2.1730428701717575e-10, 'learning_rate_yyx': 0.0075590443367269744}. Best is trial 45 with value: -2.643023597269061.
[I 2026-03-18 18:59:44,775] Trial 43 finished with value: -1.6563142473383468 and parameters: {'n_layers_yyx': 2, 'hidden_size_yyx_l0': 3, 'hidden_size_yyx_l1': 3, 'context_size_yyx': 4, 'num_mix_components_yyx': 5, 'context_extractor_yyx': 'lstm', 'activation_func_yyx': 'ReLU', 'L2_weight_yyx': 0.0002142314170170225, 'L_entropy_weight_yyx': 6.552879820269977e-06, 'L_sep_weight_yyx': 2.510201282742695e-09, 'L_scale_weight_yyx': 4.446066586559275e-06, 'learning_rate_yyx': 0.007609606262372528}. Best is trial 42 with value: -1.679386952126673.
[I 2026-03-18 18:59:49,905] Trial 47 pruned. 
[I 2026-03-18 18:59:59,247] Trial 44 pruned. 
[I 2026-03-18 19:00:06,668] Trial 41 finished with value: -2.6355845939793103 and parameters: {'n_layers_yyx': 1, 'hidden_size_yyx_l0': 4, 'context_size_yyx': 3, 'num_mix_components_yyx': 5, 'context_extractor_yyx': 'gru', 'activation_func_yyx': 'Tanh', 'L2_weight_yyx': 0.000128211842838211, 'L_entropy_weight_yyx': 7.735449341288118e-05, 'L_sep_weight_yyx': 3.943208387207552e-08, 'L_scale_weight_yyx': 8.864008072607817e-09, 'learning_rate_yyx': 0.008978644958625711}. Best is trial 21 with value: -2.6405605351488926.
[I 2026-03-18 19:00:17,352] Trial 44 pruned. 
[I 2026-03-18 19:00:19,443] Trial 42 pruned. 
[I 2026-03-18 19:00:23,069] Trial 45 pruned. 
[I 2026-03-18 19:00:33,625] Trial 45 finished with value: -1.6551158797833347 and parameters: {'n_layers_yyx': 2, 'hidden_size_yyx_l0': 5, 'hidden_size_yyx_l1': 3, 'context_size_yyx': 3, 'num_mix_components_yyx': 5, 'context_extractor_yyx': 'lstm', 'activation_func_yyx': 'ReLU', 'L2_weight_yyx': 0.0004774813306755955, 'L_entropy_weight_yyx': 3.886929414551876e-06, 'L_sep_weight_yyx': 1.255482072621277e-09, 'L_scale_weight_yyx': 1.3201274627183536e-07, 'learning_rate_yyx': 0.009979054368444644}. Best is trial 42 with value: -1.679386952126673.
[I 2026-03-18 19:00:33,901] Trial 48 finished with value: -2.6331169471177445 and parameters: {'n_layers_yyx': 2, 'hidden_size_yyx_l0': 3, 'hidden_size_yyx_l1': 3, 'context_size_yyx': 4, 'num_mix_components_yyx': 4, 'context_extractor_yyx': 'lstm', 'activation_func_yyx': 'ReLU', 'L2_weight_yyx': 1.5315581010119842e-09, 'L_entropy_weight_yyx': 1.0053811937383628e-10, 'L_sep_weight_yyx': 2.0725977603697436e-05, 'L_scale_weight_yyx': 1.1184024793995447e-09, 'learning_rate_yyx': 0.00911436382628864}. Best is trial 45 with value: -2.643023597269061.
[I 2026-03-18 19:00:36,052] Trial 46 pruned. 
[I 2026-03-18 19:00:38,466] Trial 47 pruned. 
[I 2026-03-18 19:00:46,483] Trial 49 pruned. 

Source events: 32635
Target events: 20800
Full model ln_yyx : 2949.40519 nats/sec, 127.61849 nats/event
Full model Log loss : -2.62991
Full model ln_yyx : 2961.42954 nats/sec, 128.13878 nats/event
Full model Log loss : -2.63764
Full model ln_yyx : 2927.35231 nats/sec, 126.66428 nats/event
Full model Log loss : -2.59890
Full model ln_yyx : 2932.53906 nats/sec, 126.88871 nats/event
Full model Log loss : -2.60144
Full model ln_yyx : 2912.34749 nats/sec, 126.01504 nats/event
Full model Log loss : -2.59415
Full model ln_yyx : 3003.93820 nats/sec, 129.97810 nats/event
Full model Log loss : -2.64284
Full model ln_yyx : 2908.86939 nats/sec, 125.86454 nats/event
Full model Log loss : -2.59513
Full model ln_yyx : 2942.11766 nats/sec, 127.30317 nats/event
Full model Log loss : -2.60221
Full model ln_yyx : 2972.94995 nats/sec, 128.63726 nats/event
Full model Log loss : -2.63062
Full model ln_yyx : 2973.64088 nats/sec, 128.66715 nats/event
Full model Log loss : -2.63081
Full model ln_yyx : 2980.99529 nats/sec, 128.98537 nats/event
Full model Log loss : -2.63758
Full model ln_yyx : 2967.59287 nats/sec, 128.40546 nats/event
Full model Log loss : -2.63289
Full model ln_yyx : 2963.83063 nats/sec, 128.24267 nats/event
Full model Log loss : -2.63676
Full model ln_yyx : 2921.52536 nats/sec, 126.41215 nats/event
Full model Log loss : -2.59837
Full model ln_yyx : 2987.04961 nats/sec, 129.24734 nats/event
Full model Log loss : -2.63723
Full model ln_yyx : 2981.48787 nats/sec, 129.00669 nats/event
Full model Log loss : -2.63749
Full model ln_yyx : 2987.18032 nats/sec, 129.25299 nats/event
Full model Log loss : -2.63709
Full model ln_yyx : 2992.15535 nats/sec, 129.46826 nats/event
Full model Log loss : -2.64302
Full model ln_yyx : 2963.33123 nats/sec, 128.22106 nats/event
Full model Log loss : -2.63494
Full model ln_yyx : 2970.79415 nats/sec, 128.54398 nats/event
Full model Log loss : -2.63312
Optimization finished. Config saved to results/opt-full/opt_full_119_best_config.txt
[I 2026-03-18 19:00:52,693] Trial 48 pruned. 
[I 2026-03-18 19:00:53,669] Trial 46 finished with value: -2.603323381499382 and parameters: {'n_layers_yyx': 1, 'hidden_size_yyx_l0': 6, 'context_size_yyx': 3, 'num_mix_components_yyx': 4, 'context_extractor_yyx': 'lstm', 'activation_func_yyx': 'Tanh', 'L2_weight_yyx': 5.515061401760007e-05, 'L_entropy_weight_yyx': 0.00010726511992395909, 'L_sep_weight_yyx': 3.728072511656902e-09, 'L_scale_weight_yyx': 4.469634512426665e-09, 'learning_rate_yyx': 0.008528906175870226}. Best is trial 40 with value: -2.643809374218382.
[I 2026-03-18 19:00:59,037] Trial 47 pruned. 
[I 2026-03-18 19:01:29,356] Trial 49 finished with value: -1.6620115938112718 and parameters: {'n_layers_yyx': 2, 'hidden_size_yyx_l0': 6, 'hidden_size_yyx_l1': 4, 'context_size_yyx': 4, 'num_mix_components_yyx': 5, 'context_extractor_yyx': 'lstm', 'activation_func_yyx': 'Tanh', 'L2_weight_yyx': 2.0871501254745133e-05, 'L_entropy_weight_yyx': 2.1028185973945068e-05, 'L_sep_weight_yyx': 2.0430134422400387e-08, 'L_scale_weight_yyx': 4.4832416034474344e-09, 'learning_rate_yyx': 0.0065197805291809675}. Best is trial 42 with value: -1.679386952126673.

Source events: 10683
Target events: 8618
Full model ln_yyx : 290.28019 nats/sec, 30.31471 nats/event
Full model Log loss : -1.61518
Full model ln_yyx : 288.87372 nats/sec, 30.16783 nats/event
Full model Log loss : -1.65592
Full model ln_yyx : 295.58038 nats/sec, 30.86822 nats/event
Full model Log loss : -1.66625
Full model ln_yyx : 282.73982 nats/sec, 29.52725 nats/event
Full model Log loss : -1.58708
Full model ln_yyx : 290.45087 nats/sec, 30.33253 nats/event
Full model Log loss : -1.65994
Full model ln_yyx : 289.14622 nats/sec, 30.19629 nats/event
Full model Log loss : -1.65096
Full model ln_yyx : 292.36922 nats/sec, 30.53287 nats/event
Full model Log loss : -1.67036
Full model ln_yyx : 292.82671 nats/sec, 30.58065 nats/event
Full model Log loss : -1.65573
Full model ln_yyx : 289.65453 nats/sec, 30.24937 nats/event
Full model Log loss : -1.65343
Full model ln_yyx : 295.35730 nats/sec, 30.84493 nats/event
Full model Log loss : -1.67054
Full model ln_yyx : 290.98924 nats/sec, 30.38876 nats/event
Full model Log loss : -1.66318
Full model ln_yyx : 294.45475 nats/sec, 30.75067 nats/event
Full model Log loss : -1.67168
Full model ln_yyx : 290.90270 nats/sec, 30.37972 nats/event
Full model Log loss : -1.65960
Full model ln_yyx : 291.09474 nats/sec, 30.39978 nats/event
Full model Log loss : -1.66342
Full model ln_yyx : 291.73527 nats/sec, 30.46667 nats/event
Full model Log loss : -1.67939
Full model ln_yyx : 291.01073 nats/sec, 30.39100 nats/event
Full model Log loss : -1.65631
Full model ln_yyx : 287.87669 nats/sec, 30.06371 nats/event
Full model Log loss : -1.65512
Full model ln_yyx : 293.33592 nats/sec, 30.63383 nats/event
Full model Log loss : -1.66201
Optimization finished. Config saved to results/opt-full/opt_full_114_best_config.txt
[I 2026-03-18 19:01:32,618] Trial 43 finished with value: -2.637264550490013 and parameters: {'n_layers_yyx': 1, 'hidden_size_yyx_l0': 5, 'context_size_yyx': 3, 'num_mix_components_yyx': 5, 'context_extractor_yyx': 'gru', 'activation_func_yyx': 'Tanh', 'L2_weight_yyx': 3.622824538850813e-05, 'L_entropy_weight_yyx': 0.00021536963627058557, 'L_sep_weight_yyx': 2.8450700613247915e-08, 'L_scale_weight_yyx': 0.00012055020122556234, 'learning_rate_yyx': 0.006949655442966011}. Best is trial 21 with value: -2.6405605351488926.
[I 2026-03-18 19:01:33,412] Trial 48 pruned. 
[I 2026-03-18 19:01:44,675] Trial 44 pruned. 
[I 2026-03-18 19:01:45,557] Trial 49 pruned. 

Source events: 32635
Target events: 38515
Full model ln_yyx : 5426.22685 nats/sec, 126.79746 nats/event
Full model Log loss : -2.59996
Full model ln_yyx : 5486.44708 nats/sec, 128.20466 nats/event
Full model Log loss : -2.63719
Full model ln_yyx : 5418.46211 nats/sec, 126.61602 nats/event
Full model Log loss : -2.59936
Full model ln_yyx : 5453.19919 nats/sec, 127.42774 nats/event
Full model Log loss : -2.60538
Full model ln_yyx : 5479.15898 nats/sec, 128.03435 nats/event
Full model Log loss : -2.63396
Full model ln_yyx : 5499.72551 nats/sec, 128.51494 nats/event
Full model Log loss : -2.63513
Full model ln_yyx : 5519.56987 nats/sec, 128.97865 nats/event
Full model Log loss : -2.64067
Full model ln_yyx : 5520.42696 nats/sec, 128.99868 nats/event
Full model Log loss : -2.63676
Full model ln_yyx : 5438.91988 nats/sec, 127.09406 nats/event
Full model Log loss : -2.60432
Full model ln_yyx : 5528.09133 nats/sec, 129.17778 nats/event
Full model Log loss : -2.63697
Full model ln_yyx : 5502.74775 nats/sec, 128.58556 nats/event
Full model Log loss : -2.63462
Full model ln_yyx : 5427.83553 nats/sec, 126.83505 nats/event
Full model Log loss : -2.60171
Full model ln_yyx : 5526.66937 nats/sec, 129.14455 nats/event
Full model Log loss : -2.63692
Full model ln_yyx : 5484.58958 nats/sec, 128.16125 nats/event
Full model Log loss : -2.63543
Full model ln_yyx : 5527.97929 nats/sec, 129.17516 nats/event
Full model Log loss : -2.63601
Full model ln_yyx : 5517.86548 nats/sec, 128.93883 nats/event
Full model Log loss : -2.64381
Full model ln_yyx : 5552.87472 nats/sec, 129.75691 nats/event
Full model Log loss : -2.64288
Full model ln_yyx : 5458.92295 nats/sec, 127.56149 nats/event
Full model Log loss : -2.63329
Full model ln_yyx : 5467.61714 nats/sec, 127.76465 nats/event
Full model Log loss : -2.60332
Optimization finished. Config saved to results/opt-full/opt_full_125_best_config.txt
[I 2026-03-18 19:03:12,954] Trial 45 finished with value: -2.6397908081572017 and parameters: {'n_layers_yyx': 1, 'hidden_size_yyx_l0': 5, 'context_size_yyx': 4, 'num_mix_components_yyx': 5, 'context_extractor_yyx': 'gru', 'activation_func_yyx': 'Tanh', 'L2_weight_yyx': 0.0003718589143644284, 'L_entropy_weight_yyx': 7.348026943223802e-09, 'L_sep_weight_yyx': 1.9560115615320958e-08, 'L_scale_weight_yyx': 0.00024705346846946223, 'learning_rate_yyx': 0.007189510101216786}. Best is trial 21 with value: -2.6405605351488926.
[I 2026-03-18 19:03:46,863] Trial 46 pruned. 
[I 2026-03-18 19:04:43,382] Trial 47 finished with value: -2.638111158211402 and parameters: {'n_layers_yyx': 1, 'hidden_size_yyx_l0': 5, 'context_size_yyx': 4, 'num_mix_components_yyx': 5, 'context_extractor_yyx': 'gru', 'activation_func_yyx': 'Tanh', 'L2_weight_yyx': 5.651610315537067e-06, 'L_entropy_weight_yyx': 2.590188943289635e-10, 'L_sep_weight_yyx': 4.809362937912876e-09, 'L_scale_weight_yyx': 0.0002711449564363475, 'learning_rate_yyx': 0.0071508311943757445}. Best is trial 21 with value: -2.6405605351488926.
[I 2026-03-18 19:05:17,098] Trial 48 pruned. 
[I 2026-03-18 19:05:50,646] Trial 49 pruned. 

Source events: 32635
Target events: 27060
Full model ln_yyx : 3848.55550 nats/sec, 128.00074 nats/event
Full model Log loss : -2.63352
Full model ln_yyx : 3854.89054 nats/sec, 128.21144 nats/event
Full model Log loss : -2.63142
Full model ln_yyx : 3818.78881 nats/sec, 127.01071 nats/event
Full model Log loss : -2.62635
Full model ln_yyx : 3855.71818 nats/sec, 128.23896 nats/event
Full model Log loss : -2.63207
Full model ln_yyx : 3840.07149 nats/sec, 127.71856 nats/event
Full model Log loss : -2.63100
Full model ln_yyx : 3865.73149 nats/sec, 128.57200 nats/event
Full model Log loss : -2.63513
Full model ln_yyx : 3871.77064 nats/sec, 128.77286 nats/event
Full model Log loss : -2.63015
Full model ln_yyx : 3890.34407 nats/sec, 129.39060 nats/event
Full model Log loss : -2.63419
Full model ln_yyx : 3876.21094 nats/sec, 128.92054 nats/event
Full model Log loss : -2.64056
Full model ln_yyx : 3859.82159 nats/sec, 128.37544 nats/event
Full model Log loss : -2.63662
Full model ln_yyx : 3874.42708 nats/sec, 128.86121 nats/event
Full model Log loss : -2.63578
Full model ln_yyx : 3874.47530 nats/sec, 128.86281 nats/event
Full model Log loss : -2.63581
Full model ln_yyx : 3846.06538 nats/sec, 127.91792 nats/event
Full model Log loss : -2.62976
Full model ln_yyx : 3860.56918 nats/sec, 128.40031 nats/event
Full model Log loss : -2.63484
Full model ln_yyx : 3870.63072 nats/sec, 128.73495 nats/event
Full model Log loss : -2.63526
Full model ln_yyx : 3811.71996 nats/sec, 126.77561 nats/event
Full model Log loss : -2.59946
Full model ln_yyx : 3873.39902 nats/sec, 128.82702 nats/event
Full model Log loss : -2.63558
Full model ln_yyx : 3882.73625 nats/sec, 129.13757 nats/event
Full model Log loss : -2.63726
Full model ln_yyx : 3878.53672 nats/sec, 128.99790 nats/event
Full model Log loss : -2.63979
Full model ln_yyx : 3857.64146 nats/sec, 128.30293 nats/event
Full model Log loss : -2.63811
Optimization finished. Config saved to results/opt-full/opt_full_126_best_config.txt
