Warning: Failed writing log files to directory [/var/log/nvidia-mps]. No logs will be available.
[I 2026-03-18 16:34:37,403] A new study created in RDB with name: opt_full-model_seed=42_task=51
[I 2026-03-18 16:34:38,292] A new study created in RDB with name: opt_full-model_seed=42_task=61
[I 2026-03-18 16:34:38,313] A new study created in RDB with name: opt_full-model_seed=42_task=53
[I 2026-03-18 16:34:38,336] A new study created in RDB with name: opt_full-model_seed=42_task=45
[I 2026-03-18 16:34:38,347] A new study created in RDB with name: opt_full-model_seed=42_task=41
[I 2026-03-18 16:34:38,358] A new study created in RDB with name: opt_full-model_seed=42_task=35
[I 2026-03-18 16:34:38,390] A new study created in RDB with name: opt_full-model_seed=42_task=60
[I 2026-03-18 16:34:38,392] A new study created in RDB with name: opt_full-model_seed=42_task=42
[I 2026-03-18 16:34:38,408] A new study created in RDB with name: opt_full-model_seed=42_task=47
[I 2026-03-18 16:34:38,435] A new study created in RDB with name: opt_full-model_seed=42_task=57
[I 2026-03-18 16:34:38,435] A new study created in RDB with name: opt_full-model_seed=42_task=55
[I 2026-03-18 16:34:38,435] A new study created in RDB with name: opt_full-model_seed=42_task=33
[I 2026-03-18 16:34:38,436] A new study created in RDB with name: opt_full-model_seed=42_task=38
[I 2026-03-18 16:34:38,436] A new study created in RDB with name: opt_full-model_seed=42_task=54
[I 2026-03-18 16:34:38,436] A new study created in RDB with name: opt_full-model_seed=42_task=50
[I 2026-03-18 16:34:38,436] A new study created in RDB with name: opt_full-model_seed=42_task=49
[I 2026-03-18 16:34:38,512] A new study created in RDB with name: opt_full-model_seed=42_task=63
[I 2026-03-18 16:34:38,512] A new study created in RDB with name: opt_full-model_seed=42_task=32
[I 2026-03-18 16:34:38,512] A new study created in RDB with name: opt_full-model_seed=42_task=58
[I 2026-03-18 16:34:38,512] A new study created in RDB with name: opt_full-model_seed=42_task=52
[I 2026-03-18 16:34:38,512] A new study created in RDB with name: opt_full-model_seed=42_task=37
[I 2026-03-18 16:34:38,512] A new study created in RDB with name: opt_full-model_seed=42_task=46
[I 2026-03-18 16:34:38,512] A new study created in RDB with name: opt_full-model_seed=42_task=34
[I 2026-03-18 16:34:38,513] A new study created in RDB with name: opt_full-model_seed=42_task=40
[I 2026-03-18 16:34:39,058] A new study created in RDB with name: opt_full-model_seed=42_task=43
[I 2026-03-18 16:34:39,103] A new study created in RDB with name: opt_full-model_seed=42_task=48
[I 2026-03-18 16:34:39,232] A new study created in RDB with name: opt_full-model_seed=42_task=44
[I 2026-03-18 16:34:39,307] A new study created in RDB with name: opt_full-model_seed=42_task=56
[I 2026-03-18 16:34:39,332] A new study created in RDB with name: opt_full-model_seed=42_task=39
[I 2026-03-18 16:34:39,347] A new study created in RDB with name: opt_full-model_seed=42_task=36
[I 2026-03-18 16:34:39,425] A new study created in RDB with name: opt_full-model_seed=42_task=59
[I 2026-03-18 16:34:39,425] A new study created in RDB with name: opt_full-model_seed=42_task=62
[I 2026-03-18 16:38:02,571] Trial 0 finished with value: -0.5748618229547262 and parameters: {'n_layers_yyx': 1, 'hidden_size_yyx_l0': 6, 'context_size_yyx': 4, 'num_mix_components_yyx': 5, 'context_extractor_yyx': 'lstm', 'activation_func_yyx': 'Tanh', 'L2_weight_yyx': 4.466832523015318e-10, 'L_entropy_weight_yyx': 8.225920732869862e-05, 'L_sep_weight_yyx': 0.00042483400074358246, 'L_scale_weight_yyx': 2.6760989567124367e-05, 'learning_rate_yyx': 0.005372232811304103}. Best is trial 0 with value: -0.5748618229547262.
[I 2026-03-18 16:38:40,144] Trial 0 finished with value: -0.5683049722747593 and parameters: {'n_layers_yyx': 2, 'hidden_size_yyx_l0': 4, 'hidden_size_yyx_l1': 5, 'context_size_yyx': 2, 'num_mix_components_yyx': 5, 'context_extractor_yyx': 'gru', 'activation_func_yyx': 'ReLU', 'L2_weight_yyx': 2.264053285014753e-05, 'L_entropy_weight_yyx': 0.00024081347246173896, 'L_sep_weight_yyx': 2.1302962344503033e-05, 'L_scale_weight_yyx': 1.29904537589199e-10, 'learning_rate_yyx': 0.0041651335594789386}. Best is trial 0 with value: -0.5683049722747593.
[I 2026-03-18 16:38:47,199] Trial 1 pruned. 
[I 2026-03-18 16:39:00,874] Trial 0 finished with value: -0.5660314966592697 and parameters: {'n_layers_yyx': 1, 'hidden_size_yyx_l0': 5, 'context_size_yyx': 4, 'num_mix_components_yyx': 2, 'context_extractor_yyx': 'gru', 'activation_func_yyx': 'ReLU', 'L2_weight_yyx': 1.0074969736971943e-06, 'L_entropy_weight_yyx': 0.000350261265332206, 'L_sep_weight_yyx': 4.1365761763993465e-05, 'L_scale_weight_yyx': 0.00017301831499508022, 'learning_rate_yyx': 0.004236316556324767}. Best is trial 0 with value: -0.5660314966592697.
[I 2026-03-18 16:39:18,299] Trial 0 finished with value: -0.5744275876219695 and parameters: {'n_layers_yyx': 1, 'hidden_size_yyx_l0': 4, 'context_size_yyx': 2, 'num_mix_components_yyx': 3, 'context_extractor_yyx': 'gru', 'activation_func_yyx': 'GELU', 'L2_weight_yyx': 2.603012971555513e-07, 'L_entropy_weight_yyx': 1.5725091754899053e-06, 'L_sep_weight_yyx': 2.3799736439876713e-08, 'L_scale_weight_yyx': 1.2121419222884997e-06, 'learning_rate_yyx': 0.006530180920966654}. Best is trial 0 with value: -0.5744275876219695.
[I 2026-03-18 16:39:38,652] Trial 0 finished with value: -0.4346305445620888 and parameters: {'n_layers_yyx': 1, 'hidden_size_yyx_l0': 5, 'context_size_yyx': 3, 'num_mix_components_yyx': 1, 'context_extractor_yyx': 'gru', 'activation_func_yyx': 'Tanh', 'L2_weight_yyx': 0.00047295769295198267, 'L_entropy_weight_yyx': 6.106249630411891e-08, 'L_sep_weight_yyx': 2.450118899309252e-05, 'L_scale_weight_yyx': 0.0005538694430276171, 'learning_rate_yyx': 0.0044270256254613765}. Best is trial 0 with value: -0.4346305445620888.
[I 2026-03-18 16:39:41,448] Trial 0 finished with value: -0.5716951519783786 and parameters: {'n_layers_yyx': 1, 'hidden_size_yyx_l0': 6, 'context_size_yyx': 1, 'num_mix_components_yyx': 5, 'context_extractor_yyx': 'lstm', 'activation_func_yyx': 'ReLU', 'L2_weight_yyx': 0.00027036773403037824, 'L_entropy_weight_yyx': 2.2118456080548877e-06, 'L_sep_weight_yyx': 3.75017839670054e-09, 'L_scale_weight_yyx': 1.032014396100075e-06, 'learning_rate_yyx': 0.0033364868635417087}. Best is trial 0 with value: -0.5716951519783786.
[I 2026-03-18 16:39:43,095] Trial 0 finished with value: -0.543668891245594 and parameters: {'n_layers_yyx': 1, 'hidden_size_yyx_l0': 5, 'context_size_yyx': 1, 'num_mix_components_yyx': 3, 'context_extractor_yyx': 'lstm', 'activation_func_yyx': 'Tanh', 'L2_weight_yyx': 5.3449397968235304e-08, 'L_entropy_weight_yyx': 0.00027905902051874015, 'L_sep_weight_yyx': 0.0006692778943983827, 'L_scale_weight_yyx': 7.767333974146365e-06, 'learning_rate_yyx': 0.008498785105972547}. Best is trial 0 with value: -0.543668891245594.
[I 2026-03-18 16:40:02,047] Trial 1 pruned. 
[I 2026-03-18 16:40:10,752] Trial 0 finished with value: -0.5594635849313854 and parameters: {'n_layers_yyx': 1, 'hidden_size_yyx_l0': 5, 'context_size_yyx': 2, 'num_mix_components_yyx': 4, 'context_extractor_yyx': 'gru', 'activation_func_yyx': 'ReLU', 'L2_weight_yyx': 0.0005712237356679644, 'L_entropy_weight_yyx': 2.0078672155264713e-06, 'L_sep_weight_yyx': 5.3779173606733525e-09, 'L_scale_weight_yyx': 2.799094689854918e-09, 'learning_rate_yyx': 0.0012159537366395582}. Best is trial 0 with value: -0.5594635849313854.
[I 2026-03-18 16:40:17,924] Trial 2 pruned. 
[I 2026-03-18 16:40:33,538] Trial 1 pruned. 
[I 2026-03-18 16:40:49,814] Trial 2 pruned. 
[I 2026-03-18 16:40:51,266] Trial 1 pruned. 
[I 2026-03-18 16:41:02,003] Trial 0 finished with value: -0.5692585521419897 and parameters: {'n_layers_yyx': 1, 'hidden_size_yyx_l0': 4, 'context_size_yyx': 2, 'num_mix_components_yyx': 1, 'context_extractor_yyx': 'lstm', 'activation_func_yyx': 'ReLU', 'L2_weight_yyx': 4.19136842638266e-06, 'L_entropy_weight_yyx': 2.4481446980794273e-09, 'L_sep_weight_yyx': 2.511471622329064e-07, 'L_scale_weight_yyx': 9.85627414229993e-10, 'learning_rate_yyx': 0.0007995684179657641}. Best is trial 0 with value: -0.5692585521419897.
[I 2026-03-18 16:41:05,263] Trial 3 pruned. 
[I 2026-03-18 16:41:10,647] Trial 0 finished with value: -0.5683635517524394 and parameters: {'n_layers_yyx': 1, 'hidden_size_yyx_l0': 5, 'context_size_yyx': 1, 'num_mix_components_yyx': 5, 'context_extractor_yyx': 'gru', 'activation_func_yyx': 'GELU', 'L2_weight_yyx': 4.694807473283725e-05, 'L_entropy_weight_yyx': 0.00014247936773209054, 'L_sep_weight_yyx': 0.0008730829363642512, 'L_scale_weight_yyx': 5.56459483572843e-06, 'learning_rate_yyx': 0.0017560908889215471}. Best is trial 0 with value: -0.5683635517524394.
[I 2026-03-18 16:41:19,002] Trial 0 finished with value: -0.5765754458336916 and parameters: {'n_layers_yyx': 2, 'hidden_size_yyx_l0': 5, 'hidden_size_yyx_l1': 4, 'context_size_yyx': 4, 'num_mix_components_yyx': 4, 'context_extractor_yyx': 'gru', 'activation_func_yyx': 'ReLU', 'L2_weight_yyx': 1.6235504509580214e-10, 'L_entropy_weight_yyx': 1.3382128124607936e-06, 'L_sep_weight_yyx': 1.4019431831363737e-08, 'L_scale_weight_yyx': 5.51036063327414e-08, 'learning_rate_yyx': 0.0005000974666255972}. Best is trial 0 with value: -0.5765754458336916.
[I 2026-03-18 16:41:21,979] Trial 4 pruned. 
[I 2026-03-18 16:41:22,645] Trial 0 finished with value: -0.5442196453781862 and parameters: {'n_layers_yyx': 2, 'hidden_size_yyx_l0': 3, 'hidden_size_yyx_l1': 6, 'context_size_yyx': 2, 'num_mix_components_yyx': 1, 'context_extractor_yyx': 'lstm', 'activation_func_yyx': 'ReLU', 'L2_weight_yyx': 0.00038642812122135454, 'L_entropy_weight_yyx': 1.787512148267072e-05, 'L_sep_weight_yyx': 0.0008775077803169826, 'L_scale_weight_yyx': 3.7744716994259117e-10, 'learning_rate_yyx': 0.0008429986909216137}. Best is trial 0 with value: -0.5442196453781862.
[I 2026-03-18 16:41:33,775] Trial 1 finished with value: -0.3924974376572175 and parameters: {'n_layers_yyx': 2, 'hidden_size_yyx_l0': 5, 'hidden_size_yyx_l1': 3, 'context_size_yyx': 3, 'num_mix_components_yyx': 4, 'context_extractor_yyx': 'lstm', 'activation_func_yyx': 'Tanh', 'L2_weight_yyx': 4.590038150931693e-09, 'L_entropy_weight_yyx': 1.4863337630105763e-07, 'L_sep_weight_yyx': 1.2803463041186535e-07, 'L_scale_weight_yyx': 0.00010098897463859084, 'learning_rate_yyx': 0.008873597633218063}. Best is trial 0 with value: -0.4346305445620888.
[I 2026-03-18 16:41:34,586] Trial 1 pruned. 
[I 2026-03-18 16:41:42,145] Trial 1 finished with value: -0.5519072520847662 and parameters: {'n_layers_yyx': 1, 'hidden_size_yyx_l0': 5, 'context_size_yyx': 2, 'num_mix_components_yyx': 1, 'context_extractor_yyx': 'gru', 'activation_func_yyx': 'Tanh', 'L2_weight_yyx': 1.293715335910817e-10, 'L_entropy_weight_yyx': 2.8898544636612767e-09, 'L_sep_weight_yyx': 5.5069550743334216e-08, 'L_scale_weight_yyx': 4.6523231500797544e-05, 'learning_rate_yyx': 0.009859811855663852}. Best is trial 0 with value: -0.5594635849313854.
[I 2026-03-18 16:41:47,814] Trial 0 finished with value: -0.6083879021877229 and parameters: {'n_layers_yyx': 1, 'hidden_size_yyx_l0': 6, 'context_size_yyx': 1, 'num_mix_components_yyx': 1, 'context_extractor_yyx': 'gru', 'activation_func_yyx': 'Tanh', 'L2_weight_yyx': 0.00010058585696763649, 'L_entropy_weight_yyx': 9.97965849622169e-05, 'L_sep_weight_yyx': 3.981969964647744e-07, 'L_scale_weight_yyx': 2.941710042166974e-09, 'learning_rate_yyx': 0.0012089437128574051}. Best is trial 0 with value: -0.6083879021877229.
[I 2026-03-18 16:41:58,819] Trial 2 pruned. 
[I 2026-03-18 16:42:16,699] Trial 1 finished with value: -0.5530255618088838 and parameters: {'n_layers_yyx': 1, 'hidden_size_yyx_l0': 2, 'context_size_yyx': 3, 'num_mix_components_yyx': 1, 'context_extractor_yyx': 'gru', 'activation_func_yyx': 'Tanh', 'L2_weight_yyx': 2.1357624237113932e-09, 'L_entropy_weight_yyx': 9.40655148285988e-10, 'L_sep_weight_yyx': 0.0001776135490954927, 'L_scale_weight_yyx': 2.872513423110027e-06, 'learning_rate_yyx': 0.006432504008117165}. Best is trial 0 with value: -0.5660314966592697.
[I 2026-03-18 16:42:21,357] Trial 0 finished with value: -2.8971408338061018 and parameters: {'n_layers_yyx': 2, 'hidden_size_yyx_l0': 5, 'hidden_size_yyx_l1': 4, 'context_size_yyx': 2, 'num_mix_components_yyx': 4, 'context_extractor_yyx': 'gru', 'activation_func_yyx': 'ReLU', 'L2_weight_yyx': 8.397932982756191e-06, 'L_entropy_weight_yyx': 2.513119647999752e-05, 'L_sep_weight_yyx': 3.4737328967307093e-08, 'L_scale_weight_yyx': 8.312606818229605e-09, 'learning_rate_yyx': 0.009277337413769321}. Best is trial 0 with value: -2.8971408338061018.
[I 2026-03-18 16:42:28,528] Trial 3 finished with value: -0.5836324153936877 and parameters: {'n_layers_yyx': 1, 'hidden_size_yyx_l0': 6, 'context_size_yyx': 3, 'num_mix_components_yyx': 4, 'context_extractor_yyx': 'gru', 'activation_func_yyx': 'GELU', 'L2_weight_yyx': 7.71443206013456e-06, 'L_entropy_weight_yyx': 3.7086246129650397e-09, 'L_sep_weight_yyx': 5.831840870481041e-05, 'L_scale_weight_yyx': 7.567045528237647e-08, 'learning_rate_yyx': 0.004509755457879001}. Best is trial 3 with value: -0.5836324153936877.
[I 2026-03-18 16:42:33,555] Trial 2 pruned. 
[I 2026-03-18 16:42:36,745] Trial 0 finished with value: -2.357728543572515 and parameters: {'n_layers_yyx': 2, 'hidden_size_yyx_l0': 6, 'hidden_size_yyx_l1': 3, 'context_size_yyx': 2, 'num_mix_components_yyx': 1, 'context_extractor_yyx': 'gru', 'activation_func_yyx': 'Tanh', 'L2_weight_yyx': 2.1378797189748425e-07, 'L_entropy_weight_yyx': 1.2658965234335959e-09, 'L_sep_weight_yyx': 1.4182068940160828e-05, 'L_scale_weight_yyx': 8.585393952109966e-05, 'learning_rate_yyx': 0.0010300128768481744}. Best is trial 0 with value: -2.357728543572515.
[I 2026-03-18 16:42:41,784] Trial 0 finished with value: -0.3894785830849095 and parameters: {'n_layers_yyx': 1, 'hidden_size_yyx_l0': 5, 'context_size_yyx': 1, 'num_mix_components_yyx': 5, 'context_extractor_yyx': 'gru', 'activation_func_yyx': 'Tanh', 'L2_weight_yyx': 6.1827694382934934e-09, 'L_entropy_weight_yyx': 3.549222766724308e-10, 'L_sep_weight_yyx': 3.1925758117796604e-07, 'L_scale_weight_yyx': 1.455209502198761e-10, 'learning_rate_yyx': 0.0005204877727153868}. Best is trial 0 with value: -0.3894785830849095.
[I 2026-03-18 16:42:44,037] Trial 4 pruned. 
[I 2026-03-18 16:42:44,974] Trial 0 finished with value: -2.9702180140077377 and parameters: {'n_layers_yyx': 2, 'hidden_size_yyx_l0': 6, 'hidden_size_yyx_l1': 6, 'context_size_yyx': 3, 'num_mix_components_yyx': 2, 'context_extractor_yyx': 'gru', 'activation_func_yyx': 'Tanh', 'L2_weight_yyx': 2.8897837580637735e-06, 'L_entropy_weight_yyx': 1.1263910189547832e-08, 'L_sep_weight_yyx': 0.00024091777055791492, 'L_scale_weight_yyx': 4.4332523992881914e-10, 'learning_rate_yyx': 0.0037544661459170178}. Best is trial 0 with value: -2.9702180140077377.
[I 2026-03-18 16:42:45,177] Trial 2 finished with value: -0.55439027893822 and parameters: {'n_layers_yyx': 2, 'hidden_size_yyx_l0': 4, 'hidden_size_yyx_l1': 3, 'context_size_yyx': 4, 'num_mix_components_yyx': 3, 'context_extractor_yyx': 'gru', 'activation_func_yyx': 'ReLU', 'L2_weight_yyx': 4.821605678542635e-06, 'L_entropy_weight_yyx': 1.4410135642270774e-06, 'L_sep_weight_yyx': 5.889825468251088e-08, 'L_scale_weight_yyx': 5.4960014020674686e-08, 'learning_rate_yyx': 0.0005439119590167886}. Best is trial 0 with value: -0.5748618229547262.
[I 2026-03-18 16:43:00,629] Trial 5 pruned. 
[I 2026-03-18 16:43:03,769] Trial 1 pruned. 
[I 2026-03-18 16:43:04,976] Trial 0 finished with value: -2.9352535799904658 and parameters: {'n_layers_yyx': 1, 'hidden_size_yyx_l0': 6, 'context_size_yyx': 3, 'num_mix_components_yyx': 4, 'context_extractor_yyx': 'gru', 'activation_func_yyx': 'GELU', 'L2_weight_yyx': 0.0005610426313954214, 'L_entropy_weight_yyx': 1.4126112711452586e-05, 'L_sep_weight_yyx': 1.4595985330693737e-05, 'L_scale_weight_yyx': 7.645582742998956e-09, 'learning_rate_yyx': 0.009558163183872356}. Best is trial 0 with value: -2.9352535799904658.
[I 2026-03-18 16:43:06,181] Trial 0 finished with value: -2.894067869123881 and parameters: {'n_layers_yyx': 2, 'hidden_size_yyx_l0': 6, 'hidden_size_yyx_l1': 5, 'context_size_yyx': 2, 'num_mix_components_yyx': 3, 'context_extractor_yyx': 'gru', 'activation_func_yyx': 'ReLU', 'L2_weight_yyx': 1.397416203214547e-07, 'L_entropy_weight_yyx': 1.78003892356944e-07, 'L_sep_weight_yyx': 7.693328188746327e-09, 'L_scale_weight_yyx': 0.000966091612135008, 'learning_rate_yyx': 0.0012890870788607053}. Best is trial 0 with value: -2.894067869123881.
[I 2026-03-18 16:43:06,590] Trial 0 finished with value: -0.5471800498490157 and parameters: {'n_layers_yyx': 2, 'hidden_size_yyx_l0': 6, 'hidden_size_yyx_l1': 2, 'context_size_yyx': 2, 'num_mix_components_yyx': 1, 'context_extractor_yyx': 'gru', 'activation_func_yyx': 'Tanh', 'L2_weight_yyx': 9.659924835420238e-10, 'L_entropy_weight_yyx': 5.141817182438557e-06, 'L_sep_weight_yyx': 3.5537840462783054e-08, 'L_scale_weight_yyx': 1.803988764522363e-05, 'learning_rate_yyx': 0.0005246903499384986}. Best is trial 0 with value: -0.5471800498490157.
[I 2026-03-18 16:43:19,268] Trial 0 finished with value: -2.957957273051406 and parameters: {'n_layers_yyx': 2, 'hidden_size_yyx_l0': 4, 'hidden_size_yyx_l1': 6, 'context_size_yyx': 4, 'num_mix_components_yyx': 2, 'context_extractor_yyx': 'lstm', 'activation_func_yyx': 'ReLU', 'L2_weight_yyx': 3.905323547438093e-05, 'L_entropy_weight_yyx': 5.466597121453994e-05, 'L_sep_weight_yyx': 7.378407745288757e-09, 'L_scale_weight_yyx': 2.5179204814568772e-09, 'learning_rate_yyx': 0.006477960695727829}. Best is trial 0 with value: -2.957957273051406.
[I 2026-03-18 16:43:21,591] Trial 0 finished with value: -2.360530635893375 and parameters: {'n_layers_yyx': 1, 'hidden_size_yyx_l0': 2, 'context_size_yyx': 3, 'num_mix_components_yyx': 2, 'context_extractor_yyx': 'gru', 'activation_func_yyx': 'Tanh', 'L2_weight_yyx': 1.372888218655903e-07, 'L_entropy_weight_yyx': 9.859304002735991e-05, 'L_sep_weight_yyx': 4.4836763832397104e-10, 'L_scale_weight_yyx': 1.2185891589700875e-06, 'learning_rate_yyx': 0.000748627111386524}. Best is trial 0 with value: -2.360530635893375.
[I 2026-03-18 16:43:23,417] Trial 2 pruned. 
[I 2026-03-18 16:43:28,964] Trial 0 finished with value: -2.7836836461592025 and parameters: {'n_layers_yyx': 2, 'hidden_size_yyx_l0': 3, 'hidden_size_yyx_l1': 3, 'context_size_yyx': 1, 'num_mix_components_yyx': 2, 'context_extractor_yyx': 'lstm', 'activation_func_yyx': 'ReLU', 'L2_weight_yyx': 7.01950547778165e-05, 'L_entropy_weight_yyx': 0.0005588853250183153, 'L_sep_weight_yyx': 4.0207410920623856e-10, 'L_scale_weight_yyx': 2.383191598187213e-08, 'learning_rate_yyx': 0.0009429823135595738}. Best is trial 0 with value: -2.7836836461592025.
[I 2026-03-18 16:43:29,830] Trial 2 finished with value: -0.42497456553550694 and parameters: {'n_layers_yyx': 2, 'hidden_size_yyx_l0': 4, 'hidden_size_yyx_l1': 2, 'context_size_yyx': 3, 'num_mix_components_yyx': 5, 'context_extractor_yyx': 'gru', 'activation_func_yyx': 'Tanh', 'L2_weight_yyx': 3.2844213156778512e-09, 'L_entropy_weight_yyx': 3.4256605174647097e-06, 'L_sep_weight_yyx': 0.0001493416681082063, 'L_scale_weight_yyx': 6.6403337536509835e-06, 'learning_rate_yyx': 0.006497662928329958}. Best is trial 0 with value: -0.4346305445620888.
[I 2026-03-18 16:43:29,830] Trial 6 pruned. 
[I 2026-03-18 16:43:37,832] Trial 2 finished with value: -0.555546735634994 and parameters: {'n_layers_yyx': 2, 'hidden_size_yyx_l0': 5, 'hidden_size_yyx_l1': 6, 'context_size_yyx': 2, 'num_mix_components_yyx': 2, 'context_extractor_yyx': 'gru', 'activation_func_yyx': 'GELU', 'L2_weight_yyx': 8.4752967666452e-10, 'L_entropy_weight_yyx': 4.869331223754445e-08, 'L_sep_weight_yyx': 1.164737113794782e-10, 'L_scale_weight_yyx': 3.290462871384784e-06, 'learning_rate_yyx': 0.008974936016872541}. Best is trial 0 with value: -0.5765754458336916.
[I 2026-03-18 16:43:40,446] Trial 1 pruned. 
[I 2026-03-18 16:43:41,391] Trial 3 pruned. 
[I 2026-03-18 16:43:41,663] Trial 3 pruned. 
[I 2026-03-18 16:43:46,211] Trial 1 finished with value: -0.5818196838462861 and parameters: {'n_layers_yyx': 1, 'hidden_size_yyx_l0': 5, 'context_size_yyx': 1, 'num_mix_components_yyx': 5, 'context_extractor_yyx': 'gru', 'activation_func_yyx': 'GELU', 'L2_weight_yyx': 3.911558815646337e-09, 'L_entropy_weight_yyx': 1.4714564772863032e-05, 'L_sep_weight_yyx': 1.6095051850502462e-05, 'L_scale_weight_yyx': 1.8089790228183716e-06, 'learning_rate_yyx': 0.003569132604590705}. Best is trial 1 with value: -0.5818196838462861.
[I 2026-03-18 16:43:53,830] Trial 3 pruned. 
[I 2026-03-18 16:43:57,254] Trial 4 pruned. 
[I 2026-03-18 16:43:57,634] Trial 7 pruned. 
[I 2026-03-18 16:44:00,456] Trial 4 pruned. 
[I 2026-03-18 16:44:04,343] Trial 0 finished with value: -2.9085693359375 and parameters: {'n_layers_yyx': 1, 'hidden_size_yyx_l0': 6, 'context_size_yyx': 2, 'num_mix_components_yyx': 5, 'context_extractor_yyx': 'lstm', 'activation_func_yyx': 'Tanh', 'L2_weight_yyx': 1.2691577890349934e-10, 'L_entropy_weight_yyx': 1.8008507761083743e-10, 'L_sep_weight_yyx': 0.0002759091716612908, 'L_scale_weight_yyx': 5.170180330230347e-06, 'learning_rate_yyx': 0.0007098935464565533}. Best is trial 0 with value: -2.9085693359375.
[I 2026-03-18 16:44:13,506] Trial 5 pruned. 
[I 2026-03-18 16:44:28,310] Trial 8 pruned. 
[I 2026-03-18 16:44:29,798] Trial 1 finished with value: -0.6105640536538204 and parameters: {'n_layers_yyx': 1, 'hidden_size_yyx_l0': 6, 'context_size_yyx': 1, 'num_mix_components_yyx': 3, 'context_extractor_yyx': 'gru', 'activation_func_yyx': 'Tanh', 'L2_weight_yyx': 0.00018972316668099828, 'L_entropy_weight_yyx': 1.4366213276581932e-08, 'L_sep_weight_yyx': 0.0002008673225924062, 'L_scale_weight_yyx': 8.572945069579906e-07, 'learning_rate_yyx': 0.0044926420686178525}. Best is trial 1 with value: -0.6105640536538204.
[I 2026-03-18 16:44:30,044] Trial 6 pruned. 
[I 2026-03-18 16:44:31,597] Trial 1 finished with value: -0.41937586545206074 and parameters: {'n_layers_yyx': 2, 'hidden_size_yyx_l0': 5, 'hidden_size_yyx_l1': 6, 'context_size_yyx': 4, 'num_mix_components_yyx': 5, 'context_extractor_yyx': 'lstm', 'activation_func_yyx': 'Tanh', 'L2_weight_yyx': 2.3673027373458255e-05, 'L_entropy_weight_yyx': 9.623203162444248e-09, 'L_sep_weight_yyx': 8.675618127237806e-07, 'L_scale_weight_yyx': 3.6477169502560666e-07, 'learning_rate_yyx': 0.0019148623600227627}. Best is trial 1 with value: -0.41937586545206074.
[I 2026-03-18 16:44:33,035] Trial 0 finished with value: -2.973312761552399 and parameters: {'n_layers_yyx': 1, 'hidden_size_yyx_l0': 4, 'context_size_yyx': 3, 'num_mix_components_yyx': 2, 'context_extractor_yyx': 'gru', 'activation_func_yyx': 'Tanh', 'L2_weight_yyx': 9.786175660955574e-10, 'L_entropy_weight_yyx': 2.8206839456031154e-07, 'L_sep_weight_yyx': 1.2543473139605498e-06, 'L_scale_weight_yyx': 9.720874118439613e-07, 'learning_rate_yyx': 0.00875638823304299}. Best is trial 0 with value: -2.973312761552399.
[I 2026-03-18 16:44:33,194] Trial 5 finished with value: -0.564910888671875 and parameters: {'n_layers_yyx': 2, 'hidden_size_yyx_l0': 2, 'hidden_size_yyx_l1': 3, 'context_size_yyx': 1, 'num_mix_components_yyx': 2, 'context_extractor_yyx': 'lstm', 'activation_func_yyx': 'GELU', 'L2_weight_yyx': 7.861198948300181e-06, 'L_entropy_weight_yyx': 4.36382385845678e-08, 'L_sep_weight_yyx': 0.00020956730847422885, 'L_scale_weight_yyx': 6.51191896596034e-10, 'learning_rate_yyx': 0.001972628541291004}. Best is trial 0 with value: -0.5744275876219695.
[I 2026-03-18 16:44:45,513] Trial 1 finished with value: -0.5777964847779832 and parameters: {'n_layers_yyx': 1, 'hidden_size_yyx_l0': 6, 'context_size_yyx': 1, 'num_mix_components_yyx': 4, 'context_extractor_yyx': 'gru', 'activation_func_yyx': 'ReLU', 'L2_weight_yyx': 1.9341014455335463e-09, 'L_entropy_weight_yyx': 7.019407598306078e-09, 'L_sep_weight_yyx': 5.905971403766935e-08, 'L_scale_weight_yyx': 2.237368645117869e-10, 'learning_rate_yyx': 0.0008346243873308095}. Best is trial 1 with value: -0.5777964847779832.
[I 2026-03-18 16:44:47,843] Trial 2 pruned. 
[I 2026-03-18 16:44:50,849] Trial 1 pruned. 
[I 2026-03-18 16:44:55,082] Trial 2 finished with value: -0.5623486924204243 and parameters: {'n_layers_yyx': 1, 'hidden_size_yyx_l0': 2, 'context_size_yyx': 1, 'num_mix_components_yyx': 4, 'context_extractor_yyx': 'gru', 'activation_func_yyx': 'ReLU', 'L2_weight_yyx': 1.6454787811530586e-05, 'L_entropy_weight_yyx': 0.0008135382542838474, 'L_sep_weight_yyx': 1.641804918820031e-09, 'L_scale_weight_yyx': 1.0904747469905066e-05, 'learning_rate_yyx': 0.0025753747873030965}. Best is trial 0 with value: -0.5716951519783786.
[I 2026-03-18 16:44:59,118] Trial 9 pruned. 
[I 2026-03-18 16:45:00,453] Trial 3 finished with value: -0.5693094497533743 and parameters: {'n_layers_yyx': 2, 'hidden_size_yyx_l0': 5, 'hidden_size_yyx_l1': 3, 'context_size_yyx': 2, 'num_mix_components_yyx': 4, 'context_extractor_yyx': 'gru', 'activation_func_yyx': 'Tanh', 'L2_weight_yyx': 9.103236287823716e-08, 'L_entropy_weight_yyx': 6.747514953513758e-07, 'L_sep_weight_yyx': 1.442742143836542e-06, 'L_scale_weight_yyx': 2.879681722828644e-07, 'learning_rate_yyx': 0.002392988557033178}. Best is trial 3 with value: -0.5693094497533743.
[I 2026-03-18 16:45:03,025] Trial 0 finished with value: -2.735118687062689 and parameters: {'n_layers_yyx': 1, 'hidden_size_yyx_l0': 6, 'context_size_yyx': 1, 'num_mix_components_yyx': 1, 'context_extractor_yyx': 'gru', 'activation_func_yyx': 'Tanh', 'L2_weight_yyx': 1.3245665139839873e-09, 'L_entropy_weight_yyx': 4.142364672454753e-10, 'L_sep_weight_yyx': 2.6948229964344608e-05, 'L_scale_weight_yyx': 0.0002800032091200598, 'learning_rate_yyx': 0.0005348289508372904}. Best is trial 0 with value: -2.735118687062689.
[I 2026-03-18 16:45:03,891] Trial 3 pruned. 
[I 2026-03-18 16:45:04,547] Trial 0 finished with value: -2.9075013218319845 and parameters: {'n_layers_yyx': 1, 'hidden_size_yyx_l0': 6, 'context_size_yyx': 1, 'num_mix_components_yyx': 2, 'context_extractor_yyx': 'lstm', 'activation_func_yyx': 'GELU', 'L2_weight_yyx': 1.3656381746503164e-08, 'L_entropy_weight_yyx': 1.967715855720982e-10, 'L_sep_weight_yyx': 3.1289133453044794e-06, 'L_scale_weight_yyx': 2.227814400375689e-07, 'learning_rate_yyx': 0.001363067718579763}. Best is trial 0 with value: -2.9075013218319845.
[I 2026-03-18 16:45:07,170] Trial 0 finished with value: -2.8617084635909134 and parameters: {'n_layers_yyx': 2, 'hidden_size_yyx_l0': 2, 'hidden_size_yyx_l1': 5, 'context_size_yyx': 4, 'num_mix_components_yyx': 1, 'context_extractor_yyx': 'lstm', 'activation_func_yyx': 'ReLU', 'L2_weight_yyx': 2.687898618181995e-09, 'L_entropy_weight_yyx': 3.793127313451231e-05, 'L_sep_weight_yyx': 0.0003304270382722533, 'L_scale_weight_yyx': 0.0005149248574644151, 'learning_rate_yyx': 0.0025746421369665005}. Best is trial 0 with value: -2.8617084635909134.
[I 2026-03-18 16:45:09,446] Trial 0 finished with value: -2.8716595948373675 and parameters: {'n_layers_yyx': 2, 'hidden_size_yyx_l0': 4, 'hidden_size_yyx_l1': 4, 'context_size_yyx': 4, 'num_mix_components_yyx': 1, 'context_extractor_yyx': 'gru', 'activation_func_yyx': 'Tanh', 'L2_weight_yyx': 1.6656826063918554e-05, 'L_entropy_weight_yyx': 6.450758282787081e-06, 'L_sep_weight_yyx': 2.594709449587019e-10, 'L_scale_weight_yyx': 1.7221721646196677e-10, 'learning_rate_yyx': 0.0013900572489542018}. Best is trial 0 with value: -2.8716595948373675.
[I 2026-03-18 16:45:09,990] Trial 2 pruned. 
[I 2026-03-18 16:45:10,504] Trial 0 finished with value: -2.8855004555480015 and parameters: {'n_layers_yyx': 2, 'hidden_size_yyx_l0': 3, 'hidden_size_yyx_l1': 3, 'context_size_yyx': 2, 'num_mix_components_yyx': 5, 'context_extractor_yyx': 'lstm', 'activation_func_yyx': 'Tanh', 'L2_weight_yyx': 1.6242327447511907e-09, 'L_entropy_weight_yyx': 1.1820763799816926e-08, 'L_sep_weight_yyx': 1.7196752238968422e-10, 'L_scale_weight_yyx': 2.5201189040291563e-05, 'learning_rate_yyx': 0.0005060835024550811}. Best is trial 0 with value: -2.8855004555480015.
[I 2026-03-18 16:45:16,572] Trial 0 finished with value: -2.8093452742459615 and parameters: {'n_layers_yyx': 1, 'hidden_size_yyx_l0': 2, 'context_size_yyx': 4, 'num_mix_components_yyx': 1, 'context_extractor_yyx': 'gru', 'activation_func_yyx': 'GELU', 'L2_weight_yyx': 9.336097822031672e-07, 'L_entropy_weight_yyx': 1.7843053450486785e-05, 'L_sep_weight_yyx': 4.322099479299773e-06, 'L_scale_weight_yyx': 1.6583267041720607e-08, 'learning_rate_yyx': 0.000610304137246925}. Best is trial 0 with value: -2.8093452742459615.
[I 2026-03-18 16:45:17,114] Trial 4 pruned. 
[I 2026-03-18 16:45:19,247] Trial 0 finished with value: -2.838884401754462 and parameters: {'n_layers_yyx': 2, 'hidden_size_yyx_l0': 6, 'hidden_size_yyx_l1': 2, 'context_size_yyx': 3, 'num_mix_components_yyx': 1, 'context_extractor_yyx': 'gru', 'activation_func_yyx': 'Tanh', 'L2_weight_yyx': 4.611739582816005e-08, 'L_entropy_weight_yyx': 1.4714987157039715e-09, 'L_sep_weight_yyx': 4.0434646693060906e-06, 'L_scale_weight_yyx': 4.633843709559469e-05, 'learning_rate_yyx': 0.005092470961658618}. Best is trial 0 with value: -2.838884401754462.
[I 2026-03-18 16:45:20,517] Trial 4 pruned. 
[I 2026-03-18 16:45:20,772] Trial 1 finished with value: -0.545853920455156 and parameters: {'n_layers_yyx': 2, 'hidden_size_yyx_l0': 5, 'hidden_size_yyx_l1': 4, 'context_size_yyx': 2, 'num_mix_components_yyx': 1, 'context_extractor_yyx': 'gru', 'activation_func_yyx': 'GELU', 'L2_weight_yyx': 5.680170281738923e-07, 'L_entropy_weight_yyx': 1.2825845854345475e-07, 'L_sep_weight_yyx': 2.362571626726871e-09, 'L_scale_weight_yyx': 0.0001715165996335633, 'learning_rate_yyx': 0.0020094452537398628}. Best is trial 0 with value: -0.5683635517524394.
[I 2026-03-18 16:45:29,537] Trial 1 pruned. 
[I 2026-03-18 16:45:29,669] Trial 10 pruned. 
[I 2026-03-18 16:45:33,465] Trial 5 pruned. 
[I 2026-03-18 16:45:36,728] Trial 5 pruned. 
[I 2026-03-18 16:45:37,672] Trial 4 finished with value: -0.5517787382396084 and parameters: {'n_layers_yyx': 1, 'hidden_size_yyx_l0': 5, 'context_size_yyx': 4, 'num_mix_components_yyx': 1, 'context_extractor_yyx': 'lstm', 'activation_func_yyx': 'GELU', 'L2_weight_yyx': 1.457282030856155e-09, 'L_entropy_weight_yyx': 2.9440090818272396e-09, 'L_sep_weight_yyx': 1.9185331125733034e-07, 'L_scale_weight_yyx': 1.7469468435539067e-08, 'learning_rate_yyx': 0.005633797947622516}. Best is trial 0 with value: -0.5765754458336916.
[I 2026-03-18 16:46:01,335] Trial 3 pruned. 
[I 2026-03-18 16:46:05,114] Trial 6 pruned. 
[I 2026-03-18 16:46:24,601] Trial 1 finished with value: -0.5493257672127536 and parameters: {'n_layers_yyx': 1, 'hidden_size_yyx_l0': 2, 'context_size_yyx': 4, 'num_mix_components_yyx': 1, 'context_extractor_yyx': 'gru', 'activation_func_yyx': 'Tanh', 'L2_weight_yyx': 9.165854733715224e-05, 'L_entropy_weight_yyx': 5.98076113799964e-08, 'L_sep_weight_yyx': 1.4378776418170868e-10, 'L_scale_weight_yyx': 4.2942021823065953e-10, 'learning_rate_yyx': 0.00502628419862065}. Best is trial 1 with value: -0.5493257672127536.
[I 2026-03-18 16:46:29,499] Trial 1 finished with value: -2.8038587392248173 and parameters: {'n_layers_yyx': 2, 'hidden_size_yyx_l0': 2, 'hidden_size_yyx_l1': 4, 'context_size_yyx': 2, 'num_mix_components_yyx': 1, 'context_extractor_yyx': 'gru', 'activation_func_yyx': 'GELU', 'L2_weight_yyx': 1.309513052946482e-09, 'L_entropy_weight_yyx': 1.3884457955941975e-06, 'L_sep_weight_yyx': 0.0005921767132377855, 'L_scale_weight_yyx': 0.00023757321354626778, 'learning_rate_yyx': 0.005209043033035188}. Best is trial 0 with value: -2.8971408338061018.
[I 2026-03-18 16:46:39,629] Trial 2 pruned. 
[I 2026-03-18 16:46:41,469] Trial 11 pruned. 
[I 2026-03-18 16:46:49,707] Trial 2 finished with value: -0.6113786030767988 and parameters: {'n_layers_yyx': 1, 'hidden_size_yyx_l0': 5, 'context_size_yyx': 3, 'num_mix_components_yyx': 4, 'context_extractor_yyx': 'gru', 'activation_func_yyx': 'ReLU', 'L2_weight_yyx': 0.00042030140321541666, 'L_entropy_weight_yyx': 7.703808072992863e-10, 'L_sep_weight_yyx': 3.292475363054188e-09, 'L_scale_weight_yyx': 2.0808077587512106e-10, 'learning_rate_yyx': 0.0025394418604195693}. Best is trial 2 with value: -0.6113786030767988.
[I 2026-03-18 16:46:49,910] Trial 2 pruned. 
[I 2026-03-18 16:46:53,463] Trial 7 finished with value: -0.5557623316202072 and parameters: {'n_layers_yyx': 2, 'hidden_size_yyx_l0': 6, 'hidden_size_yyx_l1': 5, 'context_size_yyx': 1, 'num_mix_components_yyx': 5, 'context_extractor_yyx': 'lstm', 'activation_func_yyx': 'ReLU', 'L2_weight_yyx': 7.037379636181291e-08, 'L_entropy_weight_yyx': 0.00035648719422271924, 'L_sep_weight_yyx': 1.3329379953683263e-05, 'L_scale_weight_yyx': 1.455376120500542e-10, 'learning_rate_yyx': 0.007670067449250727}. Best is trial 0 with value: -0.5660314966592697.
[I 2026-03-18 16:46:55,874] Trial 3 pruned. 
[I 2026-03-18 16:46:57,630] Trial 12 pruned. 
[I 2026-03-18 16:47:10,231] Trial 3 pruned. 
[I 2026-03-18 16:47:11,434] Trial 4 pruned. 
[I 2026-03-18 16:47:12,898] Trial 13 pruned. 
[I 2026-03-18 16:47:14,122] Trial 2 finished with value: -2.363855097429715 and parameters: {'n_layers_yyx': 1, 'hidden_size_yyx_l0': 4, 'context_size_yyx': 1, 'num_mix_components_yyx': 2, 'context_extractor_yyx': 'lstm', 'activation_func_yyx': 'ReLU', 'L2_weight_yyx': 2.391267189297489e-08, 'L_entropy_weight_yyx': 7.397804045459029e-10, 'L_sep_weight_yyx': 1.2139491814233109e-05, 'L_scale_weight_yyx': 2.1323562569885854e-07, 'learning_rate_yyx': 0.003315233343302003}. Best is trial 2 with value: -2.363855097429715.
[I 2026-03-18 16:47:18,871] Trial 3 pruned. 
[I 2026-03-18 16:47:20,018] Trial 7 finished with value: -0.427185200316249 and parameters: {'n_layers_yyx': 2, 'hidden_size_yyx_l0': 4, 'hidden_size_yyx_l1': 5, 'context_size_yyx': 3, 'num_mix_components_yyx': 5, 'context_extractor_yyx': 'gru', 'activation_func_yyx': 'Tanh', 'L2_weight_yyx': 2.9186759869580786e-10, 'L_entropy_weight_yyx': 3.6764637042534755e-07, 'L_sep_weight_yyx': 1.1799495368645607e-08, 'L_scale_weight_yyx': 5.898996529645679e-07, 'learning_rate_yyx': 0.009578916158173901}. Best is trial 7 with value: -0.427185200316249.
[I 2026-03-18 16:47:20,423] Trial 1 finished with value: -0.54679270328485 and parameters: {'n_layers_yyx': 1, 'hidden_size_yyx_l0': 4, 'context_size_yyx': 2, 'num_mix_components_yyx': 1, 'context_extractor_yyx': 'gru', 'activation_func_yyx': 'Tanh', 'L2_weight_yyx': 6.491893360501327e-07, 'L_entropy_weight_yyx': 1.5736643580326035e-05, 'L_sep_weight_yyx': 1.895360572464645e-10, 'L_scale_weight_yyx': 3.6321154277793445e-07, 'learning_rate_yyx': 0.0005899140713976108}. Best is trial 1 with value: -0.54679270328485.
[I 2026-03-18 16:47:23,405] Trial 8 pruned. 
[I 2026-03-18 16:47:27,223] Trial 5 pruned. 
[I 2026-03-18 16:47:27,768] Trial 4 pruned. 
[I 2026-03-18 16:47:37,113] Trial 2 pruned. 
[I 2026-03-18 16:47:40,868] Trial 9 pruned. 
[I 2026-03-18 16:47:43,549] Trial 6 pruned. 
[I 2026-03-18 16:47:45,514] Trial 1 finished with value: -2.916914962483847 and parameters: {'n_layers_yyx': 2, 'hidden_size_yyx_l0': 2, 'hidden_size_yyx_l1': 6, 'context_size_yyx': 3, 'num_mix_components_yyx': 2, 'context_extractor_yyx': 'gru', 'activation_func_yyx': 'ReLU', 'L2_weight_yyx': 3.3920826865084995e-06, 'L_entropy_weight_yyx': 9.758938616541517e-08, 'L_sep_weight_yyx': 9.064251542463894e-09, 'L_scale_weight_yyx': 0.00014303204556578253, 'learning_rate_yyx': 0.005783776915960425}. Best is trial 0 with value: -2.957957273051406.
[I 2026-03-18 16:47:47,219] Trial 5 pruned. 
[I 2026-03-18 16:47:47,695] Trial 2 finished with value: -0.5621351953057836 and parameters: {'n_layers_yyx': 2, 'hidden_size_yyx_l0': 2, 'hidden_size_yyx_l1': 2, 'context_size_yyx': 4, 'num_mix_components_yyx': 5, 'context_extractor_yyx': 'lstm', 'activation_func_yyx': 'Tanh', 'L2_weight_yyx': 5.224380592072501e-10, 'L_entropy_weight_yyx': 1.5760424479547685e-10, 'L_sep_weight_yyx': 3.6564676398236715e-08, 'L_scale_weight_yyx': 1.105622082739733e-07, 'learning_rate_yyx': 0.0014783196610553596}. Best is trial 1 with value: -0.5818196838462861.
[I 2026-03-18 16:47:48,947] Trial 8 pruned. 
[I 2026-03-18 16:47:49,605] Trial 4 pruned. 
[I 2026-03-18 16:47:55,637] Trial 6 finished with value: -0.5596096033571183 and parameters: {'n_layers_yyx': 1, 'hidden_size_yyx_l0': 5, 'context_size_yyx': 3, 'num_mix_components_yyx': 2, 'context_extractor_yyx': 'gru', 'activation_func_yyx': 'Tanh', 'L2_weight_yyx': 6.209985258284808e-06, 'L_entropy_weight_yyx': 7.351513499912152e-06, 'L_sep_weight_yyx': 6.043805403497189e-05, 'L_scale_weight_yyx': 1.282091503985535e-06, 'learning_rate_yyx': 0.00201799480443422}. Best is trial 0 with value: -0.5744275876219695.
[I 2026-03-18 16:48:00,019] Trial 7 pruned. 
[I 2026-03-18 16:48:03,769] Trial 2 finished with value: -0.562058061812242 and parameters: {'n_layers_yyx': 2, 'hidden_size_yyx_l0': 6, 'hidden_size_yyx_l1': 2, 'context_size_yyx': 3, 'num_mix_components_yyx': 2, 'context_extractor_yyx': 'lstm', 'activation_func_yyx': 'GELU', 'L2_weight_yyx': 1.9781344605758716e-05, 'L_entropy_weight_yyx': 1.283181177028342e-05, 'L_sep_weight_yyx': 1.638660522781733e-08, 'L_scale_weight_yyx': 3.617509128616097e-09, 'learning_rate_yyx': 0.007950186037122777}. Best is trial 0 with value: -0.5683635517524394.
[I 2026-03-18 16:48:06,027] Trial 9 pruned. 
[I 2026-03-18 16:48:06,809] Trial 5 pruned. 
[I 2026-03-18 16:48:12,105] Trial 10 pruned. 
[I 2026-03-18 16:48:17,579] Trial 3 finished with value: -0.572887373429709 and parameters: {'n_layers_yyx': 1, 'hidden_size_yyx_l0': 5, 'context_size_yyx': 1, 'num_mix_components_yyx': 5, 'context_extractor_yyx': 'lstm', 'activation_func_yyx': 'ReLU', 'L2_weight_yyx': 0.000285172453871288, 'L_entropy_weight_yyx': 0.0005762204161241341, 'L_sep_weight_yyx': 6.483124561853417e-05, 'L_scale_weight_yyx': 1.1771363029383163e-09, 'learning_rate_yyx': 0.001913031735977317}. Best is trial 3 with value: -0.572887373429709.
[I 2026-03-18 16:48:18,086] Trial 3 pruned. 
[I 2026-03-18 16:48:18,602] Trial 1 finished with value: -2.357441542909654 and parameters: {'n_layers_yyx': 2, 'hidden_size_yyx_l0': 6, 'hidden_size_yyx_l1': 2, 'context_size_yyx': 1, 'num_mix_components_yyx': 1, 'context_extractor_yyx': 'gru', 'activation_func_yyx': 'Tanh', 'L2_weight_yyx': 0.00035214916372198633, 'L_entropy_weight_yyx': 1.911420392493783e-07, 'L_sep_weight_yyx': 2.8139856421405925e-10, 'L_scale_weight_yyx': 0.00032706676618768875, 'learning_rate_yyx': 0.0020868541485963145}. Best is trial 0 with value: -2.9352535799904658.
[I 2026-03-18 16:48:28,163] Trial 11 pruned. 
[I 2026-03-18 16:48:33,867] Trial 4 pruned. 
[I 2026-03-18 16:48:34,771] Trial 10 pruned. 
[I 2026-03-18 16:48:35,018] Trial 6 finished with value: -0.5805135147115715 and parameters: {'n_layers_yyx': 1, 'hidden_size_yyx_l0': 4, 'context_size_yyx': 4, 'num_mix_components_yyx': 5, 'context_extractor_yyx': 'gru', 'activation_func_yyx': 'ReLU', 'L2_weight_yyx': 0.00016509124602281152, 'L_entropy_weight_yyx': 1.0095643697331008e-10, 'L_sep_weight_yyx': 2.3965623103145607e-05, 'L_scale_weight_yyx': 0.00026691250701750546, 'learning_rate_yyx': 0.001868962520299958}. Best is trial 6 with value: -0.5805135147115715.
[I 2026-03-18 16:48:37,795] Trial 2 pruned. 
[I 2026-03-18 16:48:44,892] Trial 12 pruned. 
[I 2026-03-18 16:48:49,632] Trial 5 pruned. 
[I 2026-03-18 16:48:56,576] Trial 3 pruned. 
[I 2026-03-18 16:49:04,691] Trial 6 pruned. 
[I 2026-03-18 16:49:05,197] Trial 3 finished with value: -0.39083356827774285 and parameters: {'n_layers_yyx': 2, 'hidden_size_yyx_l0': 3, 'hidden_size_yyx_l1': 2, 'context_size_yyx': 2, 'num_mix_components_yyx': 5, 'context_extractor_yyx': 'gru', 'activation_func_yyx': 'GELU', 'L2_weight_yyx': 1.3031172557360853e-08, 'L_entropy_weight_yyx': 0.0001458784458409225, 'L_sep_weight_yyx': 2.204121685286819e-08, 'L_scale_weight_yyx': 2.2964757931379064e-10, 'learning_rate_yyx': 0.0008352319751372298}. Best is trial 0 with value: -0.4346305445620888.
[I 2026-03-18 16:49:05,705] Trial 7 pruned. 
[I 2026-03-18 16:49:08,083] Trial 5 finished with value: -0.5902560521352734 and parameters: {'n_layers_yyx': 1, 'hidden_size_yyx_l0': 5, 'context_size_yyx': 1, 'num_mix_components_yyx': 4, 'context_extractor_yyx': 'lstm', 'activation_func_yyx': 'Tanh', 'L2_weight_yyx': 8.218160730227408e-10, 'L_entropy_weight_yyx': 0.00011967695055603677, 'L_sep_weight_yyx': 1.25256331655115e-06, 'L_scale_weight_yyx': 9.932029775984807e-10, 'learning_rate_yyx': 0.0012937210120425712}. Best is trial 5 with value: -0.5902560521352734.
[I 2026-03-18 16:49:13,542] Trial 13 pruned. 
[I 2026-03-18 16:49:15,736] Trial 4 pruned. 
[I 2026-03-18 16:49:19,191] Trial 6 pruned. 
[I 2026-03-18 16:49:21,164] Trial 7 pruned. 
[I 2026-03-18 16:49:22,220] Trial 8 pruned. 
[I 2026-03-18 16:49:23,043] Trial 6 pruned. 
[I 2026-03-18 16:49:35,101] Trial 7 pruned. 
[I 2026-03-18 16:49:43,196] Trial 7 pruned. 
[I 2026-03-18 16:49:44,166] Trial 14 pruned. 
[I 2026-03-18 16:49:44,396] Trial 11 pruned. 
[I 2026-03-18 16:49:46,488] Trial 7 finished with value: -0.5571249603733236 and parameters: {'n_layers_yyx': 2, 'hidden_size_yyx_l0': 2, 'hidden_size_yyx_l1': 6, 'context_size_yyx': 2, 'num_mix_components_yyx': 2, 'context_extractor_yyx': 'lstm', 'activation_func_yyx': 'GELU', 'L2_weight_yyx': 2.0250744856769473e-10, 'L_entropy_weight_yyx': 0.00021743949522179393, 'L_sep_weight_yyx': 6.0836757335136304e-06, 'L_scale_weight_yyx': 3.3561280419928127e-06, 'learning_rate_yyx': 0.003353836841370929}. Best is trial 0 with value: -0.5744275876219695.
[I 2026-03-18 16:49:54,897] Trial 3 finished with value: -0.5499960625188058 and parameters: {'n_layers_yyx': 2, 'hidden_size_yyx_l0': 6, 'hidden_size_yyx_l1': 6, 'context_size_yyx': 2, 'num_mix_components_yyx': 2, 'context_extractor_yyx': 'gru', 'activation_func_yyx': 'Tanh', 'L2_weight_yyx': 0.0009949231553901007, 'L_entropy_weight_yyx': 2.812601316288814e-10, 'L_sep_weight_yyx': 1.5106018364888666e-05, 'L_scale_weight_yyx': 4.2593516134511596e-10, 'learning_rate_yyx': 0.004168225440071821}. Best is trial 0 with value: -0.5683635517524394.
[I 2026-03-18 16:50:01,018] Trial 12 pruned. 
[I 2026-03-18 16:50:03,257] Trial 8 pruned. 
[I 2026-03-18 16:50:11,813] Trial 4 pruned. 
[I 2026-03-18 16:50:13,578] Trial 15 pruned. 
[I 2026-03-18 16:50:16,336] Trial 4 finished with value: -0.561374291757114 and parameters: {'n_layers_yyx': 1, 'hidden_size_yyx_l0': 2, 'context_size_yyx': 4, 'num_mix_components_yyx': 4, 'context_extractor_yyx': 'lstm', 'activation_func_yyx': 'GELU', 'L2_weight_yyx': 0.000174306288482848, 'L_entropy_weight_yyx': 5.1619328570879065e-06, 'L_sep_weight_yyx': 2.0740745229568625e-08, 'L_scale_weight_yyx': 2.6044561741397213e-06, 'learning_rate_yyx': 0.0006336806160098439}. Best is trial 0 with value: -0.5748618229547262.
[I 2026-03-18 16:50:17,555] Trial 13 pruned. 
[I 2026-03-18 16:50:18,468] Trial 14 finished with value: -0.5810668189719094 and parameters: {'n_layers_yyx': 1, 'hidden_size_yyx_l0': 4, 'context_size_yyx': 3, 'num_mix_components_yyx': 4, 'context_extractor_yyx': 'gru', 'activation_func_yyx': 'Tanh', 'L2_weight_yyx': 1.0736761917945909e-05, 'L_entropy_weight_yyx': 4.760739164773218e-05, 'L_sep_weight_yyx': 6.422678983449344e-05, 'L_scale_weight_yyx': 2.225641053802872e-08, 'learning_rate_yyx': 0.0022308352621147583}. Best is trial 3 with value: -0.5836324153936877.
[I 2026-03-18 16:50:23,557] Trial 9 pruned. 
[I 2026-03-18 16:50:31,999] Trial 14 pruned. 
[I 2026-03-18 16:50:34,809] Trial 8 pruned. 
[I 2026-03-18 16:50:35,805] Trial 1 finished with value: -2.8982837772538264 and parameters: {'n_layers_yyx': 2, 'hidden_size_yyx_l0': 2, 'hidden_size_yyx_l1': 6, 'context_size_yyx': 1, 'num_mix_components_yyx': 5, 'context_extractor_yyx': 'gru', 'activation_func_yyx': 'GELU', 'L2_weight_yyx': 7.518322418184812e-05, 'L_entropy_weight_yyx': 1.1447389429034403e-08, 'L_sep_weight_yyx': 2.464334290593675e-06, 'L_scale_weight_yyx': 6.9720816405592014e-09, 'learning_rate_yyx': 0.007872137097432275}. Best is trial 1 with value: -2.8982837772538264.
[I 2026-03-18 16:50:40,264] Trial 2 finished with value: -0.5151019824420242 and parameters: {'n_layers_yyx': 1, 'hidden_size_yyx_l0': 3, 'context_size_yyx': 1, 'num_mix_components_yyx': 2, 'context_extractor_yyx': 'gru', 'activation_func_yyx': 'ReLU', 'L2_weight_yyx': 1.876823926841476e-06, 'L_entropy_weight_yyx': 3.356728049823609e-09, 'L_sep_weight_yyx': 7.047775491372455e-07, 'L_scale_weight_yyx': 1.6366943449235676e-10, 'learning_rate_yyx': 0.001015972336163787}. Best is trial 1 with value: -0.5777964847779832.
[I 2026-03-18 16:50:41,696] Trial 1 finished with value: -2.8187045021845845 and parameters: {'n_layers_yyx': 1, 'hidden_size_yyx_l0': 5, 'context_size_yyx': 3, 'num_mix_components_yyx': 1, 'context_extractor_yyx': 'lstm', 'activation_func_yyx': 'ReLU', 'L2_weight_yyx': 7.298804541861979e-10, 'L_entropy_weight_yyx': 6.858588048111759e-08, 'L_sep_weight_yyx': 0.0003980165283977675, 'L_scale_weight_yyx': 1.4256490580876246e-08, 'learning_rate_yyx': 0.0059386992762474585}. Best is trial 0 with value: -2.9085693359375.
[I 2026-03-18 16:50:45,287] Trial 16 pruned. 
[I 2026-03-18 16:50:47,210] Trial 1 finished with value: -2.900570252418999 and parameters: {'n_layers_yyx': 2, 'hidden_size_yyx_l0': 5, 'hidden_size_yyx_l1': 3, 'context_size_yyx': 3, 'num_mix_components_yyx': 5, 'context_extractor_yyx': 'lstm', 'activation_func_yyx': 'Tanh', 'L2_weight_yyx': 1.119006044131068e-09, 'L_entropy_weight_yyx': 2.2912025425544733e-05, 'L_sep_weight_yyx': 1.7133470687091311e-06, 'L_scale_weight_yyx': 4.982698375586858e-05, 'learning_rate_yyx': 0.0005664951171345552}. Best is trial 1 with value: -2.900570252418999.
[I 2026-03-18 16:50:47,687] Trial 15 pruned. 
[I 2026-03-18 16:50:49,747] Trial 8 finished with value: -0.5564177669226057 and parameters: {'n_layers_yyx': 1, 'hidden_size_yyx_l0': 2, 'context_size_yyx': 3, 'num_mix_components_yyx': 5, 'context_extractor_yyx': 'lstm', 'activation_func_yyx': 'ReLU', 'L2_weight_yyx': 1.7658476385691927e-09, 'L_entropy_weight_yyx': 6.60917213960297e-05, 'L_sep_weight_yyx': 5.390363165087973e-05, 'L_scale_weight_yyx': 0.0009361143673104216, 'learning_rate_yyx': 0.003628196593250998}. Best is trial 8 with value: -0.5564177669226057.
[I 2026-03-18 16:50:50,265] Trial 1 finished with value: -2.9237901005488465 and parameters: {'n_layers_yyx': 1, 'hidden_size_yyx_l0': 6, 'context_size_yyx': 2, 'num_mix_components_yyx': 2, 'context_extractor_yyx': 'lstm', 'activation_func_yyx': 'GELU', 'L2_weight_yyx': 1.1867877916824452e-06, 'L_entropy_weight_yyx': 1.5035371830579136e-09, 'L_sep_weight_yyx': 7.472801249878183e-08, 'L_scale_weight_yyx': 5.664112220802855e-10, 'learning_rate_yyx': 0.009214104257947628}. Best is trial 1 with value: -2.9237901005488465.
[I 2026-03-18 16:50:51,187] Trial 9 pruned. 
[I 2026-03-18 16:50:53,188] Trial 2 pruned. 
[I 2026-03-18 16:50:56,370] Trial 3 pruned. 
[I 2026-03-18 16:51:00,758] Trial 2 pruned. 
[I 2026-03-18 16:51:04,699] Trial 16 pruned. 
[I 2026-03-18 16:51:04,708] Trial 1 finished with value: -2.907263897671221 and parameters: {'n_layers_yyx': 1, 'hidden_size_yyx_l0': 5, 'context_size_yyx': 1, 'num_mix_components_yyx': 4, 'context_extractor_yyx': 'lstm', 'activation_func_yyx': 'Tanh', 'L2_weight_yyx': 4.240015593158563e-07, 'L_entropy_weight_yyx': 2.167933024373657e-10, 'L_sep_weight_yyx': 0.0004700020527638474, 'L_scale_weight_yyx': 0.0002730646161692267, 'learning_rate_yyx': 0.001078608166780912}. Best is trial 1 with value: -2.907263897671221.
[I 2026-03-18 16:51:04,908] Trial 8 finished with value: -0.608750848049104 and parameters: {'n_layers_yyx': 2, 'hidden_size_yyx_l0': 5, 'hidden_size_yyx_l1': 4, 'context_size_yyx': 4, 'num_mix_components_yyx': 4, 'context_extractor_yyx': 'lstm', 'activation_func_yyx': 'ReLU', 'L2_weight_yyx': 2.2236038767364934e-10, 'L_entropy_weight_yyx': 6.582115948658853e-09, 'L_sep_weight_yyx': 7.095970077577562e-07, 'L_scale_weight_yyx': 0.00037593269627426783, 'learning_rate_yyx': 0.008885466864339707}. Best is trial 2 with value: -0.6113786030767988.
[I 2026-03-18 16:51:15,787] Trial 17 pruned. 
[I 2026-03-18 16:51:16,514] Trial 3 finished with value: -0.5576903541281594 and parameters: {'n_layers_yyx': 2, 'hidden_size_yyx_l0': 6, 'hidden_size_yyx_l1': 4, 'context_size_yyx': 2, 'num_mix_components_yyx': 4, 'context_extractor_yyx': 'gru', 'activation_func_yyx': 'GELU', 'L2_weight_yyx': 2.0974667449070705e-06, 'L_entropy_weight_yyx': 1.3258213393407006e-10, 'L_sep_weight_yyx': 2.3526467823563234e-07, 'L_scale_weight_yyx': 6.912834827805723e-08, 'learning_rate_yyx': 0.0008107340454644332}. Best is trial 3 with value: -0.5576903541281594.
[I 2026-03-18 16:51:19,753] Trial 3 pruned. 
[I 2026-03-18 16:51:19,753] Trial 9 pruned. 
[I 2026-03-18 16:51:20,172] Trial 17 pruned. 
[I 2026-03-18 16:51:27,233] Trial 1 finished with value: -2.875781089897074 and parameters: {'n_layers_yyx': 2, 'hidden_size_yyx_l0': 4, 'hidden_size_yyx_l1': 2, 'context_size_yyx': 3, 'num_mix_components_yyx': 5, 'context_extractor_yyx': 'lstm', 'activation_func_yyx': 'GELU', 'L2_weight_yyx': 2.0915418512327618e-10, 'L_entropy_weight_yyx': 2.3155300695341786e-05, 'L_sep_weight_yyx': 7.731898673516289e-05, 'L_scale_weight_yyx': 1.0413553898006703e-06, 'learning_rate_yyx': 0.0012210370067227097}. Best is trial 1 with value: -2.875781089897074.
[I 2026-03-18 16:51:27,296] Trial 4 pruned. 
[I 2026-03-18 16:51:27,613] Trial 15 pruned. 
[I 2026-03-18 16:51:32,376] Trial 18 pruned. 
[I 2026-03-18 16:51:36,727] Trial 18 pruned. 
[I 2026-03-18 16:51:43,847] Trial 5 pruned. 
[I 2026-03-18 16:51:52,201] Trial 19 pruned. 
[I 2026-03-18 16:51:54,354] Trial 6 finished with value: -0.5907732977991746 and parameters: {'n_layers_yyx': 2, 'hidden_size_yyx_l0': 5, 'hidden_size_yyx_l1': 5, 'context_size_yyx': 2, 'num_mix_components_yyx': 3, 'context_extractor_yyx': 'lstm', 'activation_func_yyx': 'Tanh', 'L2_weight_yyx': 1.6912998235165662e-09, 'L_entropy_weight_yyx': 4.0146357720180544e-07, 'L_sep_weight_yyx': 3.5919993319186133e-10, 'L_scale_weight_yyx': 2.6589283716768232e-08, 'learning_rate_yyx': 0.0030588374474018274}. Best is trial 6 with value: -0.5907732977991746.
[I 2026-03-18 16:51:58,716] Trial 1 finished with value: -2.9497769660834225 and parameters: {'n_layers_yyx': 1, 'hidden_size_yyx_l0': 4, 'context_size_yyx': 4, 'num_mix_components_yyx': 3, 'context_extractor_yyx': 'gru', 'activation_func_yyx': 'ReLU', 'L2_weight_yyx': 3.0553054706247046e-07, 'L_entropy_weight_yyx': 9.649798848251926e-09, 'L_sep_weight_yyx': 3.8165156297577896e-08, 'L_scale_weight_yyx': 1.284609766147523e-07, 'learning_rate_yyx': 0.004986585930610154}. Best is trial 1 with value: -2.9497769660834225.
[I 2026-03-18 16:51:59,566] Trial 3 finished with value: -2.912014575059884 and parameters: {'n_layers_yyx': 2, 'hidden_size_yyx_l0': 5, 'hidden_size_yyx_l1': 6, 'context_size_yyx': 2, 'num_mix_components_yyx': 4, 'context_extractor_yyx': 'lstm', 'activation_func_yyx': 'Tanh', 'L2_weight_yyx': 1.9648663509896283e-08, 'L_entropy_weight_yyx': 8.608872795515117e-10, 'L_sep_weight_yyx': 1.446793237966339e-07, 'L_scale_weight_yyx': 7.316832686447764e-05, 'learning_rate_yyx': 0.001434540761211372}. Best is trial 3 with value: -2.912014575059884.
[I 2026-03-18 16:52:02,459] Trial 19 pruned. 
[I 2026-03-18 16:52:07,053] Trial 20 pruned. 
[I 2026-03-18 16:52:07,144] Trial 1 finished with value: -2.891695626271848 and parameters: {'n_layers_yyx': 2, 'hidden_size_yyx_l0': 2, 'hidden_size_yyx_l1': 4, 'context_size_yyx': 2, 'num_mix_components_yyx': 5, 'context_extractor_yyx': 'gru', 'activation_func_yyx': 'ReLU', 'L2_weight_yyx': 2.958495940748133e-08, 'L_entropy_weight_yyx': 1.0156201234301259e-05, 'L_sep_weight_yyx': 3.200132944531452e-10, 'L_scale_weight_yyx': 3.919949616175285e-05, 'learning_rate_yyx': 0.0022127178966365522}. Best is trial 1 with value: -2.891695626271848.
[I 2026-03-18 16:52:13,218] Trial 5 finished with value: -2.4759888218558923 and parameters: {'n_layers_yyx': 1, 'hidden_size_yyx_l0': 2, 'context_size_yyx': 2, 'num_mix_components_yyx': 2, 'context_extractor_yyx': 'gru', 'activation_func_yyx': 'ReLU', 'L2_weight_yyx': 3.7411067189108904e-07, 'L_entropy_weight_yyx': 3.256915207740267e-09, 'L_sep_weight_yyx': 0.0007677329790869167, 'L_scale_weight_yyx': 1.3472199185419277e-06, 'learning_rate_yyx': 0.0005806227906388886}. Best is trial 0 with value: -2.9702180140077377.
[I 2026-03-18 16:52:18,190] Trial 2 pruned. 
[I 2026-03-18 16:52:19,008] Trial 20 pruned. 
[I 2026-03-18 16:52:19,405] Trial 4 pruned. 
[I 2026-03-18 16:52:23,821] Trial 4 finished with value: -0.5664484163098027 and parameters: {'n_layers_yyx': 1, 'hidden_size_yyx_l0': 2, 'context_size_yyx': 4, 'num_mix_components_yyx': 5, 'context_extractor_yyx': 'lstm', 'activation_func_yyx': 'Tanh', 'L2_weight_yyx': 0.00010917088073056933, 'L_entropy_weight_yyx': 0.0006360766728444028, 'L_sep_weight_yyx': 1.434509685944024e-08, 'L_scale_weight_yyx': 1.916887612354433e-06, 'learning_rate_yyx': 0.000797601043663495}. Best is trial 1 with value: -0.5818196838462861.
[I 2026-03-18 16:52:30,137] Trial 3 pruned. 
[I 2026-03-18 16:52:37,204] Trial 21 pruned. 
[I 2026-03-18 16:52:39,600] Trial 5 pruned. 
[I 2026-03-18 16:52:41,676] Trial 5 finished with value: -0.5632802761240543 and parameters: {'n_layers_yyx': 1, 'hidden_size_yyx_l0': 6, 'context_size_yyx': 1, 'num_mix_components_yyx': 1, 'context_extractor_yyx': 'gru', 'activation_func_yyx': 'Tanh', 'L2_weight_yyx': 6.433344045677344e-07, 'L_entropy_weight_yyx': 6.095676713789605e-05, 'L_sep_weight_yyx': 3.017298298507621e-07, 'L_scale_weight_yyx': 5.5704660588655796e-08, 'learning_rate_yyx': 0.006179921665906685}. Best is trial 0 with value: -0.5748618229547262.
[I 2026-03-18 16:52:49,883] Trial 21 pruned. 
[I 2026-03-18 16:52:50,579] Trial 4 pruned. 
[I 2026-03-18 16:53:04,119] Trial 5 finished with value: -0.5610687801565724 and parameters: {'n_layers_yyx': 1, 'hidden_size_yyx_l0': 3, 'context_size_yyx': 4, 'num_mix_components_yyx': 5, 'context_extractor_yyx': 'gru', 'activation_func_yyx': 'GELU', 'L2_weight_yyx': 5.687176345295648e-08, 'L_entropy_weight_yyx': 3.0061377805084386e-08, 'L_sep_weight_yyx': 0.0006160363185093847, 'L_scale_weight_yyx': 2.6869989036529528e-08, 'learning_rate_yyx': 0.0023591310625775685}. Best is trial 0 with value: -0.5683635517524394.
[I 2026-03-18 16:53:05,931] Trial 22 pruned. 
[I 2026-03-18 16:53:07,184] Trial 22 pruned. 
[I 2026-03-18 16:53:10,199] Trial 5 pruned. 
[I 2026-03-18 16:53:13,027] Trial 6 pruned. 
[I 2026-03-18 16:53:16,568] Trial 3 finished with value: -2.9139764119320004 and parameters: {'n_layers_yyx': 2, 'hidden_size_yyx_l0': 2, 'hidden_size_yyx_l1': 6, 'context_size_yyx': 3, 'num_mix_components_yyx': 4, 'context_extractor_yyx': 'gru', 'activation_func_yyx': 'GELU', 'L2_weight_yyx': 5.603609525209779e-07, 'L_entropy_weight_yyx': 1.442979369443659e-09, 'L_sep_weight_yyx': 1.5131934405336868e-05, 'L_scale_weight_yyx': 7.344465821168406e-06, 'learning_rate_yyx': 0.0006401682301772456}. Best is trial 0 with value: -2.973312761552399.
[I 2026-03-18 16:53:20,094] Trial 6 pruned. 
[I 2026-03-18 16:53:21,484] Trial 1 finished with value: -2.871956090883841 and parameters: {'n_layers_yyx': 1, 'hidden_size_yyx_l0': 5, 'context_size_yyx': 4, 'num_mix_components_yyx': 1, 'context_extractor_yyx': 'gru', 'activation_func_yyx': 'Tanh', 'L2_weight_yyx': 1.2049016992723832e-10, 'L_entropy_weight_yyx': 7.895740514402735e-06, 'L_sep_weight_yyx': 5.524026854780184e-07, 'L_scale_weight_yyx': 0.0001123091276582463, 'learning_rate_yyx': 0.0018043220227843015}. Best is trial 1 with value: -2.871956090883841.
[I 2026-03-18 16:53:23,519] Trial 1 finished with value: -2.915453504445994 and parameters: {'n_layers_yyx': 1, 'hidden_size_yyx_l0': 3, 'context_size_yyx': 4, 'num_mix_components_yyx': 4, 'context_extractor_yyx': 'gru', 'activation_func_yyx': 'Tanh', 'L2_weight_yyx': 1.1840273508285564e-08, 'L_entropy_weight_yyx': 4.854099851034312e-05, 'L_sep_weight_yyx': 4.157052523320403e-08, 'L_scale_weight_yyx': 1.2969864819992873e-06, 'learning_rate_yyx': 0.001072107378112853}. Best is trial 1 with value: -2.915453504445994.
[I 2026-03-18 16:53:23,827] Trial 10 finished with value: -0.5701662716872099 and parameters: {'n_layers_yyx': 2, 'hidden_size_yyx_l0': 4, 'hidden_size_yyx_l1': 2, 'context_size_yyx': 2, 'num_mix_components_yyx': 5, 'context_extractor_yyx': 'lstm', 'activation_func_yyx': 'ReLU', 'L2_weight_yyx': 0.0008221034905681558, 'L_entropy_weight_yyx': 3.121935655230575e-10, 'L_sep_weight_yyx': 0.000810387435053332, 'L_scale_weight_yyx': 2.836133994845198e-10, 'learning_rate_yyx': 0.008066368756984157}. Best is trial 3 with value: -0.572887373429709.
[I 2026-03-18 16:53:34,611] Trial 6 pruned. 
[I 2026-03-18 16:53:36,014] Trial 4 pruned. 
[I 2026-03-18 16:53:36,571] Trial 2 finished with value: -2.829140805981704 and parameters: {'n_layers_yyx': 1, 'hidden_size_yyx_l0': 6, 'context_size_yyx': 1, 'num_mix_components_yyx': 2, 'context_extractor_yyx': 'gru', 'activation_func_yyx': 'Tanh', 'L2_weight_yyx': 5.557640149145353e-09, 'L_entropy_weight_yyx': 3.543012618923995e-07, 'L_sep_weight_yyx': 2.410280988605279e-07, 'L_scale_weight_yyx': 5.181084035671273e-05, 'learning_rate_yyx': 0.004123284120431656}. Best is trial 0 with value: -2.957957273051406.
[I 2026-03-18 16:53:41,621] Trial 16 finished with value: -0.5755853456184985 and parameters: {'n_layers_yyx': 1, 'hidden_size_yyx_l0': 6, 'context_size_yyx': 3, 'num_mix_components_yyx': 3, 'context_extractor_yyx': 'gru', 'activation_func_yyx': 'Tanh', 'L2_weight_yyx': 0.00011803373712593038, 'L_entropy_weight_yyx': 5.891395481470648e-08, 'L_sep_weight_yyx': 6.445248170656542e-07, 'L_scale_weight_yyx': 1.7176503144298726e-07, 'learning_rate_yyx': 0.0021241608955027504}. Best is trial 3 with value: -0.5836324153936877.
[I 2026-03-18 16:53:43,535] Trial 7 pruned. 
[I 2026-03-18 16:53:45,640] Trial 6 finished with value: -0.5523537238329608 and parameters: {'n_layers_yyx': 2, 'hidden_size_yyx_l0': 4, 'hidden_size_yyx_l1': 6, 'context_size_yyx': 1, 'num_mix_components_yyx': 5, 'context_extractor_yyx': 'gru', 'activation_func_yyx': 'GELU', 'L2_weight_yyx': 1.2841615186659414e-07, 'L_entropy_weight_yyx': 1.3381078026063695e-05, 'L_sep_weight_yyx': 2.2485108254834437e-05, 'L_scale_weight_yyx': 1.110301812560939e-07, 'learning_rate_yyx': 0.0053566502512468455}. Best is trial 1 with value: -0.5777964847779832.
[I 2026-03-18 16:53:47,527] Trial 2 finished with value: -2.8584319560502554 and parameters: {'n_layers_yyx': 2, 'hidden_size_yyx_l0': 5, 'hidden_size_yyx_l1': 5, 'context_size_yyx': 3, 'num_mix_components_yyx': 1, 'context_extractor_yyx': 'gru', 'activation_func_yyx': 'Tanh', 'L2_weight_yyx': 0.0008239127504569817, 'L_entropy_weight_yyx': 0.0002898096040765984, 'L_sep_weight_yyx': 3.313784758566496e-08, 'L_scale_weight_yyx': 0.00020782150429488652, 'learning_rate_yyx': 0.003138054184554327}. Best is trial 0 with value: -2.8716595948373675.
[I 2026-03-18 16:53:49,723] Trial 4 finished with value: -0.5462330814240888 and parameters: {'n_layers_yyx': 1, 'hidden_size_yyx_l0': 2, 'context_size_yyx': 3, 'num_mix_components_yyx': 1, 'context_extractor_yyx': 'lstm', 'activation_func_yyx': 'Tanh', 'L2_weight_yyx': 1.0929694436419224e-10, 'L_entropy_weight_yyx': 4.5685914554571126e-05, 'L_sep_weight_yyx': 1.2667627480990595e-08, 'L_scale_weight_yyx': 5.014502592715742e-06, 'learning_rate_yyx': 0.0068642613085868566}. Best is trial 3 with value: -0.5576903541281594.
[I 2026-03-18 16:53:50,104] Trial 7 pruned. 
[I 2026-03-18 16:53:56,164] Trial 5 pruned. 
[I 2026-03-18 16:53:57,060] Trial 3 pruned. 
[I 2026-03-18 16:54:02,474] Trial 7 pruned. 
[I 2026-03-18 16:54:06,938] Trial 8 pruned. 
[I 2026-03-18 16:54:07,214] Trial 3 pruned. 
[I 2026-03-18 16:54:16,767] Trial 6 pruned. 
[I 2026-03-18 16:54:17,334] Trial 23 pruned. 
[I 2026-03-18 16:54:19,221] Trial 8 pruned. 
[I 2026-03-18 16:54:21,125] Trial 5 pruned. 
[I 2026-03-18 16:54:23,369] Trial 9 pruned. 
[I 2026-03-18 16:54:27,245] Trial 4 pruned. 
[I 2026-03-18 16:54:33,420] Trial 24 pruned. 
[I 2026-03-18 16:54:35,738] Trial 4 pruned. 
[I 2026-03-18 16:54:43,343] Trial 4 finished with value: -0.38636701837781784 and parameters: {'n_layers_yyx': 2, 'hidden_size_yyx_l0': 5, 'hidden_size_yyx_l1': 6, 'context_size_yyx': 1, 'num_mix_components_yyx': 3, 'context_extractor_yyx': 'gru', 'activation_func_yyx': 'GELU', 'L2_weight_yyx': 1.8020697722559886e-08, 'L_entropy_weight_yyx': 7.331387570476581e-07, 'L_sep_weight_yyx': 0.0002464524949326566, 'L_scale_weight_yyx': 3.4494491332057297e-06, 'learning_rate_yyx': 0.000675858120273133}. Best is trial 0 with value: -0.4346305445620888.
[I 2026-03-18 16:54:43,361] Trial 7 finished with value: -0.5825375605482183 and parameters: {'n_layers_yyx': 1, 'hidden_size_yyx_l0': 5, 'context_size_yyx': 4, 'num_mix_components_yyx': 5, 'context_extractor_yyx': 'lstm', 'activation_func_yyx': 'ReLU', 'L2_weight_yyx': 4.185633275356061e-09, 'L_entropy_weight_yyx': 4.860686115085817e-08, 'L_sep_weight_yyx': 1.4644799137986941e-08, 'L_scale_weight_yyx': 1.3821639686338318e-07, 'learning_rate_yyx': 0.0010139495595922487}. Best is trial 6 with value: -0.5907732977991746.
[I 2026-03-18 16:54:45,888] Trial 5 finished with value: -0.564299004933857 and parameters: {'n_layers_yyx': 1, 'hidden_size_yyx_l0': 5, 'context_size_yyx': 3, 'num_mix_components_yyx': 4, 'context_extractor_yyx': 'lstm', 'activation_func_yyx': 'ReLU', 'L2_weight_yyx': 8.900857271298275e-06, 'L_entropy_weight_yyx': 8.558740629025965e-10, 'L_sep_weight_yyx': 5.2204013813111344e-05, 'L_scale_weight_yyx': 4.036930471565271e-05, 'learning_rate_yyx': 0.0021022382822498075}. Best is trial 1 with value: -0.5818196838462861.
[I 2026-03-18 16:54:47,700] Trial 5 pruned. 
[I 2026-03-18 16:54:53,495] Trial 10 pruned. 
[I 2026-03-18 16:54:56,164] Trial 5 pruned. 
[I 2026-03-18 16:54:56,560] Trial 17 pruned. 
[I 2026-03-18 16:54:57,000] Trial 23 finished with value: -0.38641707004039283 and parameters: {'n_layers_yyx': 1, 'hidden_size_yyx_l0': 6, 'context_size_yyx': 2, 'num_mix_components_yyx': 4, 'context_extractor_yyx': 'gru', 'activation_func_yyx': 'Tanh', 'L2_weight_yyx': 2.9208713910274694e-09, 'L_entropy_weight_yyx': 3.785684264224797e-08, 'L_sep_weight_yyx': 4.804264779510529e-08, 'L_scale_weight_yyx': 1.6716242498988675e-10, 'learning_rate_yyx': 0.0025784101519743803}. Best is trial 7 with value: -0.427185200316249.
[I 2026-03-18 16:54:59,634] Trial 5 pruned. 
[I 2026-03-18 16:54:59,655] Trial 8 pruned. 
[I 2026-03-18 16:55:05,408] Trial 10 finished with value: -0.6044878340651747 and parameters: {'n_layers_yyx': 2, 'hidden_size_yyx_l0': 3, 'hidden_size_yyx_l1': 6, 'context_size_yyx': 3, 'num_mix_components_yyx': 5, 'context_extractor_yyx': 'gru', 'activation_func_yyx': 'ReLU', 'L2_weight_yyx': 6.667003556109978e-09, 'L_entropy_weight_yyx': 1.878411213620596e-06, 'L_sep_weight_yyx': 2.0036849023925204e-10, 'L_scale_weight_yyx': 9.942595387943846e-09, 'learning_rate_yyx': 0.0006347704194663745}. Best is trial 2 with value: -0.6113786030767988.
[I 2026-03-18 16:55:07,647] Trial 6 pruned. 
[I 2026-03-18 16:55:09,783] Trial 11 pruned. 
[I 2026-03-18 16:55:14,766] Trial 6 pruned. 
[I 2026-03-18 16:55:15,900] Trial 6 pruned. 
[I 2026-03-18 16:55:17,590] Trial 6 pruned. 
[I 2026-03-18 16:55:21,875] Trial 9 finished with value: -0.5543689334244971 and parameters: {'n_layers_yyx': 1, 'hidden_size_yyx_l0': 2, 'context_size_yyx': 2, 'num_mix_components_yyx': 2, 'context_extractor_yyx': 'gru', 'activation_func_yyx': 'ReLU', 'L2_weight_yyx': 2.013619852404032e-08, 'L_entropy_weight_yyx': 6.1490654893038745e-06, 'L_sep_weight_yyx': 0.0004364310996710407, 'L_scale_weight_yyx': 5.518139736823613e-05, 'learning_rate_yyx': 0.0006441891194057613}. Best is trial 6 with value: -0.5805135147115715.
[I 2026-03-18 16:55:24,463] Trial 24 pruned. 
[I 2026-03-18 16:55:27,044] Trial 18 pruned. 
[I 2026-03-18 16:55:28,952] Trial 11 finished with value: -0.5770469571078168 and parameters: {'n_layers_yyx': 1, 'hidden_size_yyx_l0': 5, 'context_size_yyx': 2, 'num_mix_components_yyx': 5, 'context_extractor_yyx': 'lstm', 'activation_func_yyx': 'ReLU', 'L2_weight_yyx': 0.0004920778648365475, 'L_entropy_weight_yyx': 0.0008092258131207802, 'L_sep_weight_yyx': 1.387709840136777e-07, 'L_scale_weight_yyx': 1.5507668350587528e-07, 'learning_rate_yyx': 0.005920629987401161}. Best is trial 11 with value: -0.5770469571078168.
[I 2026-03-18 16:55:30,663] Trial 9 pruned. 
[I 2026-03-18 16:55:36,707] Trial 2 finished with value: -2.3549706655743745 and parameters: {'n_layers_yyx': 2, 'hidden_size_yyx_l0': 3, 'hidden_size_yyx_l1': 2, 'context_size_yyx': 4, 'num_mix_components_yyx': 1, 'context_extractor_yyx': 'gru', 'activation_func_yyx': 'Tanh', 'L2_weight_yyx': 5.1213101600139184e-06, 'L_entropy_weight_yyx': 9.005470345008071e-05, 'L_sep_weight_yyx': 1.817296713233901e-08, 'L_scale_weight_yyx': 2.2601179569112843e-06, 'learning_rate_yyx': 0.008829678371036978}. Best is trial 1 with value: -2.871956090883841.
[I 2026-03-18 16:55:40,803] Trial 10 pruned. 
[I 2026-03-18 16:55:48,056] Trial 19 pruned. 
[I 2026-03-18 16:55:49,109] Trial 7 pruned. 
[I 2026-03-18 16:55:49,817] Trial 25 pruned. 
[I 2026-03-18 16:55:51,409] Trial 2 finished with value: -2.804056782641035 and parameters: {'n_layers_yyx': 2, 'hidden_size_yyx_l0': 3, 'hidden_size_yyx_l1': 2, 'context_size_yyx': 1, 'num_mix_components_yyx': 3, 'context_extractor_yyx': 'gru', 'activation_func_yyx': 'GELU', 'L2_weight_yyx': 4.0028913832338045e-10, 'L_entropy_weight_yyx': 2.8290730604543517e-09, 'L_sep_weight_yyx': 2.543060732918777e-07, 'L_scale_weight_yyx': 3.7406083142713086e-05, 'learning_rate_yyx': 0.00562016543272226}. Best is trial 1 with value: -2.9237901005488465.
[I 2026-03-18 16:55:51,902] Trial 10 pruned. 
[I 2026-03-18 16:55:52,804] Trial 10 finished with value: -2.9487242821305313 and parameters: {'n_layers_yyx': 1, 'hidden_size_yyx_l0': 6, 'context_size_yyx': 3, 'num_mix_components_yyx': 4, 'context_extractor_yyx': 'gru', 'activation_func_yyx': 'ReLU', 'L2_weight_yyx': 1.6685635380028957e-06, 'L_entropy_weight_yyx': 0.0009681344845742726, 'L_sep_weight_yyx': 1.8798442864373496e-10, 'L_scale_weight_yyx': 7.755462513238952e-09, 'learning_rate_yyx': 0.009339770351499004}. Best is trial 10 with value: -2.9487242821305313.
[I 2026-03-18 16:55:52,845] Trial 8 finished with value: -0.563180642737975 and parameters: {'n_layers_yyx': 1, 'hidden_size_yyx_l0': 2, 'context_size_yyx': 1, 'num_mix_components_yyx': 4, 'context_extractor_yyx': 'gru', 'activation_func_yyx': 'ReLU', 'L2_weight_yyx': 1.3377262855936819e-08, 'L_entropy_weight_yyx': 7.984517735093523e-05, 'L_sep_weight_yyx': 1.9319216200572544e-09, 'L_scale_weight_yyx': 4.230834538492503e-10, 'learning_rate_yyx': 0.0009525964078264172}. Best is trial 0 with value: -0.5744275876219695.
[I 2026-03-18 16:55:54,786] Trial 7 pruned. 
[I 2026-03-18 16:56:00,430] Trial 3 pruned. 
[I 2026-03-18 16:56:07,489] Trial 20 pruned. 
[I 2026-03-18 16:56:17,603] Trial 9 finished with value: -0.5628077364033485 and parameters: {'n_layers_yyx': 1, 'hidden_size_yyx_l0': 5, 'context_size_yyx': 3, 'num_mix_components_yyx': 5, 'context_extractor_yyx': 'gru', 'activation_func_yyx': 'ReLU', 'L2_weight_yyx': 7.48595414665371e-07, 'L_entropy_weight_yyx': 3.1025053034368587e-06, 'L_sep_weight_yyx': 5.025365987507127e-09, 'L_scale_weight_yyx': 9.099621339614524e-09, 'learning_rate_yyx': 0.006120656001013082}. Best is trial 1 with value: -0.5777964847779832.
[I 2026-03-18 16:56:27,809] Trial 11 pruned. 
[I 2026-03-18 16:56:28,209] Trial 21 pruned. 
[I 2026-03-18 16:56:37,459] Trial 10 pruned. 
[I 2026-03-18 16:56:40,864] Trial 3 pruned. 
[I 2026-03-18 16:56:50,604] Trial 22 pruned. 
[I 2026-03-18 16:56:52,265] Trial 25 pruned. 
[I 2026-03-18 16:56:58,707] Trial 11 pruned. 
[I 2026-03-18 16:57:02,360] Trial 2 finished with value: -2.795888126467552 and parameters: {'n_layers_yyx': 2, 'hidden_size_yyx_l0': 6, 'hidden_size_yyx_l1': 3, 'context_size_yyx': 3, 'num_mix_components_yyx': 1, 'context_extractor_yyx': 'lstm', 'activation_func_yyx': 'Tanh', 'L2_weight_yyx': 9.593289165328833e-08, 'L_entropy_weight_yyx': 1.8878540281794172e-08, 'L_sep_weight_yyx': 4.839410512142621e-06, 'L_scale_weight_yyx': 1.0684782720595203e-05, 'learning_rate_yyx': 0.0022162194981441897}. Best is trial 1 with value: -2.907263897671221.
[I 2026-03-18 16:57:09,670] Trial 7 finished with value: -2.3926267561381116 and parameters: {'n_layers_yyx': 2, 'hidden_size_yyx_l0': 5, 'hidden_size_yyx_l1': 3, 'context_size_yyx': 4, 'num_mix_components_yyx': 1, 'context_extractor_yyx': 'gru', 'activation_func_yyx': 'ReLU', 'L2_weight_yyx': 6.608577612735899e-10, 'L_entropy_weight_yyx': 1.4646093636510008e-10, 'L_sep_weight_yyx': 3.0761107625082074e-06, 'L_scale_weight_yyx': 1.7060282903499488e-08, 'learning_rate_yyx': 0.00940526612733429}. Best is trial 3 with value: -2.912014575059884.
[I 2026-03-18 16:57:10,986] Trial 9 finished with value: -0.5432441218191196 and parameters: {'n_layers_yyx': 1, 'hidden_size_yyx_l0': 3, 'context_size_yyx': 1, 'num_mix_components_yyx': 1, 'context_extractor_yyx': 'gru', 'activation_func_yyx': 'ReLU', 'L2_weight_yyx': 2.416434028440803e-07, 'L_entropy_weight_yyx': 2.8551861167364524e-09, 'L_sep_weight_yyx': 1.1831617652682785e-07, 'L_scale_weight_yyx': 0.00012649219887870208, 'learning_rate_yyx': 0.0013397268429734554}. Best is trial 8 with value: -0.5564177669226057.
[I 2026-03-18 16:57:15,434] Trial 5 finished with value: -2.8913845691305786 and parameters: {'n_layers_yyx': 2, 'hidden_size_yyx_l0': 2, 'hidden_size_yyx_l1': 2, 'context_size_yyx': 3, 'num_mix_components_yyx': 3, 'context_extractor_yyx': 'lstm', 'activation_func_yyx': 'Tanh', 'L2_weight_yyx': 2.0108294820011165e-10, 'L_entropy_weight_yyx': 2.6302870052950903e-07, 'L_sep_weight_yyx': 4.592525227287066e-07, 'L_scale_weight_yyx': 4.948535546472423e-05, 'learning_rate_yyx': 0.0023810252963645307}. Best is trial 0 with value: -2.9352535799904658.
[I 2026-03-18 16:57:20,459] Trial 12 finished with value: -0.5638868077421123 and parameters: {'n_layers_yyx': 2, 'hidden_size_yyx_l0': 5, 'hidden_size_yyx_l1': 2, 'context_size_yyx': 4, 'num_mix_components_yyx': 4, 'context_extractor_yyx': 'lstm', 'activation_func_yyx': 'GELU', 'L2_weight_yyx': 1.3675346764759541e-05, 'L_entropy_weight_yyx': 2.5119114077435284e-05, 'L_sep_weight_yyx': 2.8073889307996666e-05, 'L_scale_weight_yyx': 1.2954673765908458e-09, 'learning_rate_yyx': 0.009546486728648941}. Best is trial 0 with value: -0.5683635517524394.
[I 2026-03-18 16:57:25,416] Trial 26 pruned. 
[I 2026-03-18 16:57:28,261] Trial 12 finished with value: -0.5750686456609461 and parameters: {'n_layers_yyx': 1, 'hidden_size_yyx_l0': 5, 'context_size_yyx': 2, 'num_mix_components_yyx': 4, 'context_extractor_yyx': 'lstm', 'activation_func_yyx': 'ReLU', 'L2_weight_yyx': 4.993884580859955e-05, 'L_entropy_weight_yyx': 0.0008536834793035493, 'L_sep_weight_yyx': 2.8130684977811064e-07, 'L_scale_weight_yyx': 3.5144804776080185e-08, 'learning_rate_yyx': 0.009327066913812115}. Best is trial 11 with value: -0.5770469571078168.
[I 2026-03-18 16:57:28,395] Trial 9 pruned. 
[I 2026-03-18 16:57:38,415] Trial 8 pruned. 
[I 2026-03-18 16:57:43,708] Trial 13 pruned. 
[I 2026-03-18 16:57:44,555] Trial 8 finished with value: -0.5566644681697043 and parameters: {'n_layers_yyx': 2, 'hidden_size_yyx_l0': 4, 'hidden_size_yyx_l1': 2, 'context_size_yyx': 1, 'num_mix_components_yyx': 2, 'context_extractor_yyx': 'gru', 'activation_func_yyx': 'Tanh', 'L2_weight_yyx': 8.990278065708632e-10, 'L_entropy_weight_yyx': 2.8206370707503146e-06, 'L_sep_weight_yyx': 4.477232494497626e-08, 'L_scale_weight_yyx': 6.75882972107152e-10, 'learning_rate_yyx': 0.005466923722376394}. Best is trial 0 with value: -0.5748618229547262.
[I 2026-03-18 16:57:51,690] Trial 13 pruned. 
[I 2026-03-18 16:57:58,826] Trial 11 finished with value: -0.6036315569693964 and parameters: {'n_layers_yyx': 1, 'hidden_size_yyx_l0': 5, 'context_size_yyx': 3, 'num_mix_components_yyx': 3, 'context_extractor_yyx': 'gru', 'activation_func_yyx': 'Tanh', 'L2_weight_yyx': 0.0005204350895217593, 'L_entropy_weight_yyx': 1.0974821760490962e-08, 'L_sep_weight_yyx': 0.0008308493665793763, 'L_scale_weight_yyx': 2.155832328449052e-06, 'learning_rate_yyx': 0.005891298253142268}. Best is trial 2 with value: -0.6113786030767988.
[I 2026-03-18 16:58:08,953] Trial 6 pruned. 
[I 2026-03-18 16:58:10,548] Trial 27 pruned. 
[I 2026-03-18 16:58:11,301] Trial 6 finished with value: -0.5554226923841558 and parameters: {'n_layers_yyx': 1, 'hidden_size_yyx_l0': 5, 'context_size_yyx': 3, 'num_mix_components_yyx': 5, 'context_extractor_yyx': 'lstm', 'activation_func_yyx': 'GELU', 'L2_weight_yyx': 2.0802142393756744e-08, 'L_entropy_weight_yyx': 5.285551668461417e-08, 'L_sep_weight_yyx': 3.9785699606242196e-08, 'L_scale_weight_yyx': 3.9430047387747023e-07, 'learning_rate_yyx': 0.002141576217977029}. Best is trial 3 with value: -0.5576903541281594.
[I 2026-03-18 16:58:29,016] Trial 14 pruned. 
[I 2026-03-18 16:58:33,212] Trial 26 pruned. 
[I 2026-03-18 16:58:33,534] Trial 9 pruned. 
[I 2026-03-18 16:58:35,750] Trial 7 pruned. 
[I 2026-03-18 16:58:42,972] Trial 12 pruned. 
[I 2026-03-18 16:58:55,605] Trial 8 finished with value: -0.5746158982897395 and parameters: {'n_layers_yyx': 1, 'hidden_size_yyx_l0': 3, 'context_size_yyx': 4, 'num_mix_components_yyx': 3, 'context_extractor_yyx': 'gru', 'activation_func_yyx': 'Tanh', 'L2_weight_yyx': 4.2343518343942466e-10, 'L_entropy_weight_yyx': 8.174739439789369e-06, 'L_sep_weight_yyx': 8.01780535446901e-09, 'L_scale_weight_yyx': 3.8851748916540155e-08, 'learning_rate_yyx': 0.00900267145550588}. Best is trial 1 with value: -0.5818196838462861.
[I 2026-03-18 16:58:55,716] Trial 3 finished with value: -2.9432662371367564 and parameters: {'n_layers_yyx': 2, 'hidden_size_yyx_l0': 5, 'hidden_size_yyx_l1': 5, 'context_size_yyx': 3, 'num_mix_components_yyx': 5, 'context_extractor_yyx': 'gru', 'activation_func_yyx': 'ReLU', 'L2_weight_yyx': 9.131243063674102e-06, 'L_entropy_weight_yyx': 1.1324464051338913e-09, 'L_sep_weight_yyx': 1.493058177893912e-09, 'L_scale_weight_yyx': 0.00010731482423092881, 'learning_rate_yyx': 0.008026763332974982}. Best is trial 0 with value: -2.957957273051406.
[I 2026-03-18 16:58:59,153] Trial 10 pruned. 
[I 2026-03-18 16:59:02,965] Trial 8 pruned. 
[I 2026-03-18 16:59:05,324] Trial 12 finished with value: -0.5768598008188618 and parameters: {'n_layers_yyx': 1, 'hidden_size_yyx_l0': 6, 'context_size_yyx': 3, 'num_mix_components_yyx': 5, 'context_extractor_yyx': 'gru', 'activation_func_yyx': 'ReLU', 'L2_weight_yyx': 2.2043572502223387e-09, 'L_entropy_weight_yyx': 2.7926568890035242e-08, 'L_sep_weight_yyx': 1.3597433077799126e-08, 'L_scale_weight_yyx': 1.7387605747520413e-08, 'learning_rate_yyx': 0.009791567856299348}. Best is trial 1 with value: -0.5777964847779832.
[I 2026-03-18 16:59:19,147] Trial 10 finished with value: -0.5667190236927226 and parameters: {'n_layers_yyx': 2, 'hidden_size_yyx_l0': 4, 'hidden_size_yyx_l1': 6, 'context_size_yyx': 2, 'num_mix_components_yyx': 4, 'context_extractor_yyx': 'lstm', 'activation_func_yyx': 'ReLU', 'L2_weight_yyx': 3.7266475705561895e-08, 'L_entropy_weight_yyx': 6.455024866277349e-07, 'L_sep_weight_yyx': 0.00028405582831631855, 'L_scale_weight_yyx': 0.0008790564851249861, 'learning_rate_yyx': 0.008192683418142888}. Best is trial 10 with value: -0.5667190236927226.
[I 2026-03-18 16:59:22,053] Trial 2 finished with value: -2.3907007221491483 and parameters: {'n_layers_yyx': 2, 'hidden_size_yyx_l0': 3, 'hidden_size_yyx_l1': 3, 'context_size_yyx': 1, 'num_mix_components_yyx': 1, 'context_extractor_yyx': 'lstm', 'activation_func_yyx': 'GELU', 'L2_weight_yyx': 2.890733789061715e-09, 'L_entropy_weight_yyx': 5.231753560100271e-09, 'L_sep_weight_yyx': 1.468445265615073e-05, 'L_scale_weight_yyx': 9.772319136749248e-10, 'learning_rate_yyx': 0.0010712399864283395}. Best is trial 1 with value: -2.875781089897074.
[I 2026-03-18 16:59:23,368] Trial 13 pruned. 
[I 2026-03-18 16:59:40,716] Trial 4 finished with value: -2.398597382561342 and parameters: {'n_layers_yyx': 1, 'hidden_size_yyx_l0': 4, 'context_size_yyx': 3, 'num_mix_components_yyx': 1, 'context_extractor_yyx': 'gru', 'activation_func_yyx': 'Tanh', 'L2_weight_yyx': 2.0130622643542307e-08, 'L_entropy_weight_yyx': 2.2691286973715095e-07, 'L_sep_weight_yyx': 6.108381252303407e-05, 'L_scale_weight_yyx': 2.9794287954516625e-05, 'learning_rate_yyx': 0.0070403724253940226}. Best is trial 0 with value: -2.9085693359375.
[I 2026-03-18 16:59:47,255] Trial 13 pruned. 
[I 2026-03-18 16:59:57,903] Trial 11 finished with value: -0.565715889491274 and parameters: {'n_layers_yyx': 2, 'hidden_size_yyx_l0': 4, 'hidden_size_yyx_l1': 2, 'context_size_yyx': 3, 'num_mix_components_yyx': 4, 'context_extractor_yyx': 'lstm', 'activation_func_yyx': 'ReLU', 'L2_weight_yyx': 9.639471724827796e-08, 'L_entropy_weight_yyx': 0.0008059548311523302, 'L_sep_weight_yyx': 4.3085059282105475e-05, 'L_scale_weight_yyx': 6.813508244209443e-08, 'learning_rate_yyx': 0.0018666176811672635}. Best is trial 6 with value: -0.5805135147115715.
[I 2026-03-18 16:59:58,061] Trial 23 finished with value: -0.5772900482975305 and parameters: {'n_layers_yyx': 1, 'hidden_size_yyx_l0': 6, 'context_size_yyx': 3, 'num_mix_components_yyx': 3, 'context_extractor_yyx': 'gru', 'activation_func_yyx': 'Tanh', 'L2_weight_yyx': 5.052368817603992e-05, 'L_entropy_weight_yyx': 7.013218297657095e-08, 'L_sep_weight_yyx': 6.973890596898652e-07, 'L_scale_weight_yyx': 9.5983267966311e-09, 'learning_rate_yyx': 0.0026331924336921125}. Best is trial 3 with value: -0.5836324153936877.
[I 2026-03-18 17:00:05,179] Trial 10 finished with value: -0.57893176387068 and parameters: {'n_layers_yyx': 2, 'hidden_size_yyx_l0': 4, 'hidden_size_yyx_l1': 6, 'context_size_yyx': 4, 'num_mix_components_yyx': 4, 'context_extractor_yyx': 'gru', 'activation_func_yyx': 'GELU', 'L2_weight_yyx': 5.7554305678459205e-08, 'L_entropy_weight_yyx': 2.100837284960818e-09, 'L_sep_weight_yyx': 1.8528563193467374e-08, 'L_scale_weight_yyx': 0.0006026616357218944, 'learning_rate_yyx': 0.009130301534602007}. Best is trial 10 with value: -0.57893176387068.
[I 2026-03-18 17:00:06,404] Trial 27 pruned. 
[I 2026-03-18 17:00:08,520] Trial 5 pruned. 
[I 2026-03-18 17:00:12,610] Trial 8 finished with value: -0.3877515290912829 and parameters: {'n_layers_yyx': 1, 'hidden_size_yyx_l0': 6, 'context_size_yyx': 4, 'num_mix_components_yyx': 1, 'context_extractor_yyx': 'lstm', 'activation_func_yyx': 'Tanh', 'L2_weight_yyx': 0.000919650594938724, 'L_entropy_weight_yyx': 1.5401801629849645e-07, 'L_sep_weight_yyx': 4.994464462463541e-07, 'L_scale_weight_yyx': 2.3453292284233706e-08, 'learning_rate_yyx': 0.000704246710693032}. Best is trial 0 with value: -0.4346305445620888.
[I 2026-03-18 17:00:13,939] Trial 2 finished with value: -2.9414705477515914 and parameters: {'n_layers_yyx': 2, 'hidden_size_yyx_l0': 4, 'hidden_size_yyx_l1': 3, 'context_size_yyx': 3, 'num_mix_components_yyx': 3, 'context_extractor_yyx': 'gru', 'activation_func_yyx': 'Tanh', 'L2_weight_yyx': 5.770468300100458e-07, 'L_entropy_weight_yyx': 2.3196698930593954e-08, 'L_sep_weight_yyx': 0.00015149955357665173, 'L_scale_weight_yyx': 1.1828268802106409e-08, 'learning_rate_yyx': 0.0030084596223943247}. Best is trial 2 with value: -2.9414705477515914.
[I 2026-03-18 17:00:17,288] Trial 12 finished with value: -0.5831595188649845 and parameters: {'n_layers_yyx': 2, 'hidden_size_yyx_l0': 4, 'hidden_size_yyx_l1': 6, 'context_size_yyx': 1, 'num_mix_components_yyx': 3, 'context_extractor_yyx': 'lstm', 'activation_func_yyx': 'Tanh', 'L2_weight_yyx': 1.4824355019932366e-10, 'L_entropy_weight_yyx': 1.514967995899622e-05, 'L_sep_weight_yyx': 1.4834381638357675e-06, 'L_scale_weight_yyx': 4.0185123821828346e-06, 'learning_rate_yyx': 0.0018097114882233288}. Best is trial 6 with value: -0.5907732977991746.
[I 2026-03-18 17:00:31,456] Trial 9 pruned. 
[I 2026-03-18 17:00:32,562] Trial 9 pruned. 
[I 2026-03-18 17:00:38,915] Trial 13 pruned. 
[I 2026-03-18 17:00:49,343] Trial 14 finished with value: -0.5660837795252321 and parameters: {'n_layers_yyx': 1, 'hidden_size_yyx_l0': 5, 'context_size_yyx': 2, 'num_mix_components_yyx': 3, 'context_extractor_yyx': 'lstm', 'activation_func_yyx': 'ReLU', 'L2_weight_yyx': 6.758381716980352e-05, 'L_entropy_weight_yyx': 0.0002330597304030456, 'L_sep_weight_yyx': 2.6149056802127e-07, 'L_scale_weight_yyx': 1.8641055788863595e-07, 'learning_rate_yyx': 0.00617240248386712}. Best is trial 11 with value: -0.5770469571078168.
[I 2026-03-18 17:00:53,323] Trial 10 pruned. 
[I 2026-03-18 17:00:53,534] Trial 2 finished with value: -2.8964856061680533 and parameters: {'n_layers_yyx': 1, 'hidden_size_yyx_l0': 2, 'context_size_yyx': 1, 'num_mix_components_yyx': 4, 'context_extractor_yyx': 'gru', 'activation_func_yyx': 'Tanh', 'L2_weight_yyx': 2.37327092996715e-10, 'L_entropy_weight_yyx': 2.200960341685569e-06, 'L_sep_weight_yyx': 4.1671097253696984e-06, 'L_scale_weight_yyx': 6.536865234356484e-05, 'learning_rate_yyx': 0.005455097210705528}. Best is trial 1 with value: -2.915453504445994.
[I 2026-03-18 17:00:54,597] Trial 10 pruned. 
[I 2026-03-18 17:01:03,855] Trial 3 pruned. 
[I 2026-03-18 17:01:08,291] Trial 6 finished with value: -2.8575542593738144 and parameters: {'n_layers_yyx': 1, 'hidden_size_yyx_l0': 6, 'context_size_yyx': 3, 'num_mix_components_yyx': 1, 'context_extractor_yyx': 'gru', 'activation_func_yyx': 'Tanh', 'L2_weight_yyx': 0.000213457773269976, 'L_entropy_weight_yyx': 1.6347596118572301e-10, 'L_sep_weight_yyx': 3.2343029645552516e-10, 'L_scale_weight_yyx': 8.162189323971164e-06, 'learning_rate_yyx': 0.005417698957299125}. Best is trial 1 with value: -2.8982837772538264.
[I 2026-03-18 17:01:14,377] Trial 14 finished with value: -0.5660515103632645 and parameters: {'n_layers_yyx': 1, 'hidden_size_yyx_l0': 5, 'context_size_yyx': 2, 'num_mix_components_yyx': 2, 'context_extractor_yyx': 'gru', 'activation_func_yyx': 'ReLU', 'L2_weight_yyx': 2.0000021186940445e-05, 'L_entropy_weight_yyx': 1.3739985513295807e-09, 'L_sep_weight_yyx': 0.00013680350645731195, 'L_scale_weight_yyx': 1.491739972074704e-10, 'learning_rate_yyx': 0.009112765747485407}. Best is trial 2 with value: -0.6113786030767988.
[I 2026-03-18 17:01:16,907] Trial 11 finished with value: -0.5665682198420844 and parameters: {'n_layers_yyx': 2, 'hidden_size_yyx_l0': 4, 'hidden_size_yyx_l1': 6, 'context_size_yyx': 2, 'num_mix_components_yyx': 4, 'context_extractor_yyx': 'lstm', 'activation_func_yyx': 'ReLU', 'L2_weight_yyx': 1.9529821851211486e-08, 'L_entropy_weight_yyx': 7.002972420122481e-07, 'L_sep_weight_yyx': 0.000899557333347511, 'L_scale_weight_yyx': 0.0009299083926970738, 'learning_rate_yyx': 0.008237082639320546}. Best is trial 10 with value: -0.5667190236927226.
[I 2026-03-18 17:01:20,005] Trial 3 pruned. 
[I 2026-03-18 17:01:20,871] Trial 14 pruned. 
[I 2026-03-18 17:01:22,575] Trial 9 finished with value: -0.5709985368353464 and parameters: {'n_layers_yyx': 2, 'hidden_size_yyx_l0': 4, 'hidden_size_yyx_l1': 4, 'context_size_yyx': 1, 'num_mix_components_yyx': 1, 'context_extractor_yyx': 'lstm', 'activation_func_yyx': 'Tanh', 'L2_weight_yyx': 1.805470775688805e-06, 'L_entropy_weight_yyx': 7.709049305472048e-08, 'L_sep_weight_yyx': 0.0002444144875300046, 'L_scale_weight_yyx': 2.467105947649467e-10, 'learning_rate_yyx': 0.003774298340039285}. Best is trial 0 with value: -0.5748618229547262.
[I 2026-03-18 17:01:30,489] Trial 4 pruned. 
[I 2026-03-18 17:01:31,966] Trial 24 pruned. 
[I 2026-03-18 17:01:32,662] Trial 12 pruned. 
[I 2026-03-18 17:01:34,440] Trial 14 finished with value: -0.5753870863042146 and parameters: {'n_layers_yyx': 1, 'hidden_size_yyx_l0': 6, 'context_size_yyx': 3, 'num_mix_components_yyx': 5, 'context_extractor_yyx': 'gru', 'activation_func_yyx': 'GELU', 'L2_weight_yyx': 4.1884361355766015e-09, 'L_entropy_weight_yyx': 1.1544938659054754e-10, 'L_sep_weight_yyx': 3.8448540505952975e-06, 'L_scale_weight_yyx': 2.330156628505109e-09, 'learning_rate_yyx': 0.009989751898098522}. Best is trial 1 with value: -0.5777964847779832.
[I 2026-03-18 17:01:39,071] Trial 28 pruned. 
[I 2026-03-18 17:01:39,135] Trial 11 pruned. 
[I 2026-03-18 17:01:43,550] Trial 28 finished with value: -0.5658929502127751 and parameters: {'n_layers_yyx': 2, 'hidden_size_yyx_l0': 6, 'hidden_size_yyx_l1': 4, 'context_size_yyx': 3, 'num_mix_components_yyx': 1, 'context_extractor_yyx': 'lstm', 'activation_func_yyx': 'GELU', 'L2_weight_yyx': 2.7948702557241655e-10, 'L_entropy_weight_yyx': 3.186524932646845e-07, 'L_sep_weight_yyx': 0.0003234124082058103, 'L_scale_weight_yyx': 5.351199180241526e-07, 'learning_rate_yyx': 0.005532250370201779}. Best is trial 0 with value: -0.5660314966592697.
[I 2026-03-18 17:01:46,486] Trial 4 pruned. 
[I 2026-03-18 17:01:48,866] Trial 11 finished with value: -2.9333633061195945 and parameters: {'n_layers_yyx': 1, 'hidden_size_yyx_l0': 6, 'context_size_yyx': 3, 'num_mix_components_yyx': 4, 'context_extractor_yyx': 'gru', 'activation_func_yyx': 'ReLU', 'L2_weight_yyx': 2.228174929878433e-06, 'L_entropy_weight_yyx': 0.0007767685149087588, 'L_sep_weight_yyx': 1.1881456421812688e-10, 'L_scale_weight_yyx': 5.734287586066446e-09, 'learning_rate_yyx': 0.009559424218707388}. Best is trial 10 with value: -2.9487242821305313.
[I 2026-03-18 17:01:52,542] Trial 15 pruned. 
[I 2026-03-18 17:01:55,299] Trial 5 pruned. 
[I 2026-03-18 17:01:55,323] Trial 13 pruned. 
[I 2026-03-18 17:01:59,832] Trial 29 pruned. 
[I 2026-03-18 17:02:00,069] Trial 7 pruned. 
[I 2026-03-18 17:02:01,468] Trial 2 finished with value: -2.8933541742254545 and parameters: {'n_layers_yyx': 2, 'hidden_size_yyx_l0': 3, 'hidden_size_yyx_l1': 2, 'context_size_yyx': 2, 'num_mix_components_yyx': 3, 'context_extractor_yyx': 'gru', 'activation_func_yyx': 'ReLU', 'L2_weight_yyx': 1.5438855455057883e-06, 'L_entropy_weight_yyx': 1.6735343945570176e-09, 'L_sep_weight_yyx': 1.455319198861107e-08, 'L_scale_weight_yyx': 3.135354980381654e-06, 'learning_rate_yyx': 0.0010794825611800504}. Best is trial 2 with value: -2.8933541742254545.
[I 2026-03-18 17:02:02,165] Trial 7 finished with value: -0.5371155876568948 and parameters: {'n_layers_yyx': 1, 'hidden_size_yyx_l0': 5, 'context_size_yyx': 2, 'num_mix_components_yyx': 1, 'context_extractor_yyx': 'lstm', 'activation_func_yyx': 'Tanh', 'L2_weight_yyx': 5.468100893281564e-06, 'L_entropy_weight_yyx': 1.9570718733445648e-07, 'L_sep_weight_yyx': 6.577726044587271e-09, 'L_scale_weight_yyx': 8.4140925036862e-05, 'learning_rate_yyx': 0.003747427561700958}. Best is trial 3 with value: -0.5576903541281594.
[I 2026-03-18 17:02:04,641] Trial 6 finished with value: -2.851325161578495 and parameters: {'n_layers_yyx': 1, 'hidden_size_yyx_l0': 2, 'context_size_yyx': 2, 'num_mix_components_yyx': 5, 'context_extractor_yyx': 'gru', 'activation_func_yyx': 'Tanh', 'L2_weight_yyx': 4.659025164103776e-07, 'L_entropy_weight_yyx': 0.000171539226482831, 'L_sep_weight_yyx': 7.720236873724807e-06, 'L_scale_weight_yyx': 1.5161916814454162e-07, 'learning_rate_yyx': 0.0005425464701584844}. Best is trial 0 with value: -2.9702180140077377.
[I 2026-03-18 17:02:07,457] Trial 29 pruned. 
[I 2026-03-18 17:02:12,755] Trial 25 pruned. 
[I 2026-03-18 17:02:13,296] Trial 5 pruned. 
[I 2026-03-18 17:02:14,584] Trial 16 pruned. 
[I 2026-03-18 17:02:17,182] Trial 14 pruned. 
[I 2026-03-18 17:02:20,920] Trial 30 pruned. 
[I 2026-03-18 17:02:21,526] Trial 6 pruned. 
[I 2026-03-18 17:02:26,657] Trial 8 pruned. 
[I 2026-03-18 17:02:27,846] Trial 3 pruned. 
[I 2026-03-18 17:02:29,493] Trial 30 pruned. 
[I 2026-03-18 17:02:33,341] Trial 11 finished with value: -2.9204485379140666 and parameters: {'n_layers_yyx': 2, 'hidden_size_yyx_l0': 6, 'hidden_size_yyx_l1': 3, 'context_size_yyx': 3, 'num_mix_components_yyx': 5, 'context_extractor_yyx': 'gru', 'activation_func_yyx': 'ReLU', 'L2_weight_yyx': 2.6194118794686174e-09, 'L_entropy_weight_yyx': 1.5602578143347662e-10, 'L_sep_weight_yyx': 3.632087752692252e-07, 'L_scale_weight_yyx': 4.37504559057486e-08, 'learning_rate_yyx': 0.009525381744177941}. Best is trial 11 with value: -2.9204485379140666.
[I 2026-03-18 17:02:36,736] Trial 4 pruned. 
[I 2026-03-18 17:02:37,544] Trial 17 pruned. 
[I 2026-03-18 17:02:40,667] Trial 11 finished with value: -0.5761553778772996 and parameters: {'n_layers_yyx': 2, 'hidden_size_yyx_l0': 4, 'hidden_size_yyx_l1': 6, 'context_size_yyx': 4, 'num_mix_components_yyx': 4, 'context_extractor_yyx': 'gru', 'activation_func_yyx': 'GELU', 'L2_weight_yyx': 5.218596736054223e-08, 'L_entropy_weight_yyx': 1.20570166906927e-09, 'L_sep_weight_yyx': 1.882340426799741e-08, 'L_scale_weight_yyx': 0.00045171333877837185, 'learning_rate_yyx': 0.00914848077011499}. Best is trial 10 with value: -0.57893176387068.
[I 2026-03-18 17:02:50,961] Trial 31 pruned. 
[I 2026-03-18 17:02:54,652] Trial 12 pruned. 
[I 2026-03-18 17:02:56,179] Trial 7 pruned. 
[I 2026-03-18 17:02:56,780] Trial 15 pruned. 
[I 2026-03-18 17:02:57,617] Trial 18 pruned. 
[I 2026-03-18 17:03:01,406] Trial 7 finished with value: -2.8871191738833093 and parameters: {'n_layers_yyx': 2, 'hidden_size_yyx_l0': 5, 'hidden_size_yyx_l1': 4, 'context_size_yyx': 4, 'num_mix_components_yyx': 2, 'context_extractor_yyx': 'lstm', 'activation_func_yyx': 'GELU', 'L2_weight_yyx': 0.0001388314516241046, 'L_entropy_weight_yyx': 4.944456605701257e-10, 'L_sep_weight_yyx': 1.0664485955557455e-05, 'L_scale_weight_yyx': 2.9146103760457896e-10, 'learning_rate_yyx': 0.0006289231641662484}. Best is trial 1 with value: -2.9497769660834225.
[I 2026-03-18 17:03:01,417] Trial 10 finished with value: -0.5570569569667727 and parameters: {'n_layers_yyx': 1, 'hidden_size_yyx_l0': 6, 'context_size_yyx': 3, 'num_mix_components_yyx': 5, 'context_extractor_yyx': 'lstm', 'activation_func_yyx': 'ReLU', 'L2_weight_yyx': 1.815633248209746e-10, 'L_entropy_weight_yyx': 0.0006962835201890566, 'L_sep_weight_yyx': 1.0510124643345552e-05, 'L_scale_weight_yyx': 0.0004451431055505439, 'learning_rate_yyx': 0.009606717298705679}. Best is trial 0 with value: -0.5748618229547262.
[I 2026-03-18 17:03:04,341] Trial 6 pruned. 
[I 2026-03-18 17:03:04,384] Trial 12 pruned. 
[I 2026-03-18 17:03:24,042] Trial 11 pruned. 
[I 2026-03-18 17:03:25,601] Trial 13 pruned. 
[I 2026-03-18 17:03:28,660] Trial 7 pruned. 
[I 2026-03-18 17:03:32,461] Trial 7 finished with value: -2.8128439295041128 and parameters: {'n_layers_yyx': 2, 'hidden_size_yyx_l0': 4, 'hidden_size_yyx_l1': 2, 'context_size_yyx': 3, 'num_mix_components_yyx': 2, 'context_extractor_yyx': 'lstm', 'activation_func_yyx': 'ReLU', 'L2_weight_yyx': 5.106236643224026e-06, 'L_entropy_weight_yyx': 1.1297017363102803e-10, 'L_sep_weight_yyx': 2.2063743114855544e-05, 'L_scale_weight_yyx': 7.212106318355453e-08, 'learning_rate_yyx': 0.0013749098684867718}. Best is trial 0 with value: -2.973312761552399.
[I 2026-03-18 17:03:36,576] Trial 19 pruned. 
[I 2026-03-18 17:03:37,077] Trial 16 pruned. 
[I 2026-03-18 17:03:42,750] Trial 15 finished with value: -0.5780454108278886 and parameters: {'n_layers_yyx': 1, 'hidden_size_yyx_l0': 4, 'context_size_yyx': 1, 'num_mix_components_yyx': 5, 'context_extractor_yyx': 'lstm', 'activation_func_yyx': 'ReLU', 'L2_weight_yyx': 0.00011595440349947803, 'L_entropy_weight_yyx': 3.747796306356045e-05, 'L_sep_weight_yyx': 1.3482754917601928e-06, 'L_scale_weight_yyx': 1.733065099138587e-09, 'learning_rate_yyx': 0.0015352603433304232}. Best is trial 15 with value: -0.5780454108278886.
[I 2026-03-18 17:03:45,357] Trial 14 pruned. 
[I 2026-03-18 17:03:47,887] Trial 8 pruned. 
[I 2026-03-18 17:03:50,799] Trial 31 pruned. 
[I 2026-03-18 17:03:53,135] Trial 15 finished with value: -0.555470630588033 and parameters: {'n_layers_yyx': 1, 'hidden_size_yyx_l0': 6, 'context_size_yyx': 2, 'num_mix_components_yyx': 3, 'context_extractor_yyx': 'gru', 'activation_func_yyx': 'Tanh', 'L2_weight_yyx': 1.4735382535342733e-10, 'L_entropy_weight_yyx': 7.062906897418437e-09, 'L_sep_weight_yyx': 2.0785793595539077e-08, 'L_scale_weight_yyx': 5.138057636734824e-05, 'learning_rate_yyx': 0.004904975226843092}. Best is trial 1 with value: -0.5777964847779832.
[I 2026-03-18 17:03:54,914] Trial 15 finished with value: -0.5782953233469631 and parameters: {'n_layers_yyx': 1, 'hidden_size_yyx_l0': 4, 'context_size_yyx': 3, 'num_mix_components_yyx': 4, 'context_extractor_yyx': 'lstm', 'activation_func_yyx': 'Tanh', 'L2_weight_yyx': 2.4177282110444007e-06, 'L_entropy_weight_yyx': 1.392550387486686e-05, 'L_sep_weight_yyx': 2.571783223256605e-07, 'L_scale_weight_yyx': 2.3918837359992783e-08, 'learning_rate_yyx': 0.005231046235548413}. Best is trial 15 with value: -0.5782953233469631.
[I 2026-03-18 17:04:04,114] Trial 16 pruned. 
[I 2026-03-18 17:04:16,546] Trial 16 pruned. 
[I 2026-03-18 17:04:17,105] Trial 20 pruned. 
[I 2026-03-18 17:04:18,395] Trial 17 pruned. 
[I 2026-03-18 17:04:24,895] Trial 32 pruned. 
[I 2026-03-18 17:04:27,602] Trial 17 pruned. 
[I 2026-03-18 17:04:28,521] Trial 11 finished with value: -0.5728435280234483 and parameters: {'n_layers_yyx': 1, 'hidden_size_yyx_l0': 4, 'context_size_yyx': 3, 'num_mix_components_yyx': 3, 'context_extractor_yyx': 'gru', 'activation_func_yyx': 'GELU', 'L2_weight_yyx': 4.030145322407194e-09, 'L_entropy_weight_yyx': 1.9053148744155212e-05, 'L_sep_weight_yyx': 2.3255085053829744e-06, 'L_scale_weight_yyx': 5.801807812858133e-08, 'learning_rate_yyx': 0.00557748231986395}. Best is trial 1 with value: -0.5818196838462861.
[I 2026-03-18 17:04:29,388] Trial 12 finished with value: -0.46022137621238873 and parameters: {'n_layers_yyx': 2, 'hidden_size_yyx_l0': 4, 'hidden_size_yyx_l1': 4, 'context_size_yyx': 4, 'num_mix_components_yyx': 2, 'context_extractor_yyx': 'gru', 'activation_func_yyx': 'Tanh', 'L2_weight_yyx': 2.5941236424050647e-05, 'L_entropy_weight_yyx': 4.264574066412853e-09, 'L_sep_weight_yyx': 3.385056771122806e-05, 'L_scale_weight_yyx': 3.055788258114377e-05, 'learning_rate_yyx': 0.00462671014453844}. Best is trial 12 with value: -0.46022137621238873.
[I 2026-03-18 17:04:34,320] Trial 16 pruned. 
[I 2026-03-18 17:04:41,571] Trial 21 pruned. 
[I 2026-03-18 17:04:41,822] Trial 18 pruned. 
[I 2026-03-18 17:04:45,611] Trial 7 finished with value: -2.9168673162801784 and parameters: {'n_layers_yyx': 2, 'hidden_size_yyx_l0': 6, 'hidden_size_yyx_l1': 6, 'context_size_yyx': 2, 'num_mix_components_yyx': 2, 'context_extractor_yyx': 'gru', 'activation_func_yyx': 'ReLU', 'L2_weight_yyx': 5.476720703425567e-07, 'L_entropy_weight_yyx': 0.0003762575217417664, 'L_sep_weight_yyx': 6.323907044651769e-07, 'L_scale_weight_yyx': 6.977025440108343e-08, 'learning_rate_yyx': 0.0010281226124629812}. Best is trial 7 with value: -2.9168673162801784.
[I 2026-03-18 17:04:46,340] Trial 33 pruned. 
[I 2026-03-18 17:04:46,811] Trial 26 finished with value: -0.566987993956596 and parameters: {'n_layers_yyx': 1, 'hidden_size_yyx_l0': 4, 'context_size_yyx': 4, 'num_mix_components_yyx': 4, 'context_extractor_yyx': 'lstm', 'activation_func_yyx': 'Tanh', 'L2_weight_yyx': 6.608631336866411e-06, 'L_entropy_weight_yyx': 1.4271650239117627e-08, 'L_sep_weight_yyx': 0.0009254529051446082, 'L_scale_weight_yyx': 7.990911860321645e-07, 'learning_rate_yyx': 0.003894535279104625}. Best is trial 3 with value: -0.5836324153936877.
[I 2026-03-18 17:04:49,430] Trial 13 pruned. 
[I 2026-03-18 17:04:49,754] Trial 4 finished with value: -2.8806189278791603 and parameters: {'n_layers_yyx': 2, 'hidden_size_yyx_l0': 3, 'hidden_size_yyx_l1': 4, 'context_size_yyx': 1, 'num_mix_components_yyx': 2, 'context_extractor_yyx': 'lstm', 'activation_func_yyx': 'ReLU', 'L2_weight_yyx': 2.6676475632773283e-06, 'L_entropy_weight_yyx': 2.170276984290212e-09, 'L_sep_weight_yyx': 7.849455003273806e-10, 'L_scale_weight_yyx': 1.060209168877911e-05, 'learning_rate_yyx': 0.0007882553965799124}. Best is trial 4 with value: -2.8806189278791603.
[I 2026-03-18 17:04:50,225] Trial 13 finished with value: -0.5742619447563833 and parameters: {'n_layers_yyx': 2, 'hidden_size_yyx_l0': 4, 'hidden_size_yyx_l1': 6, 'context_size_yyx': 2, 'num_mix_components_yyx': 3, 'context_extractor_yyx': 'lstm', 'activation_func_yyx': 'ReLU', 'L2_weight_yyx': 3.606984491253295e-08, 'L_entropy_weight_yyx': 3.54288479554998e-07, 'L_sep_weight_yyx': 0.0007390100047867557, 'L_scale_weight_yyx': 7.78072901341661e-07, 'learning_rate_yyx': 0.008424764651727982}. Best is trial 13 with value: -0.5742619447563833.
[I 2026-03-18 17:04:58,089] Trial 17 pruned. 
[I 2026-03-18 17:04:59,215] Trial 17 pruned. 
[I 2026-03-18 17:05:02,190] Trial 12 pruned. 
[I 2026-03-18 17:05:07,152] Trial 18 pruned. 
[I 2026-03-18 17:05:11,116] Trial 14 pruned. 
[I 2026-03-18 17:05:15,484] Trial 5 pruned. 
[I 2026-03-18 17:05:20,811] Trial 18 pruned. 
[I 2026-03-18 17:05:26,111] Trial 32 pruned. 
[I 2026-03-18 17:05:27,597] Trial 34 pruned. 
[I 2026-03-18 17:05:29,281] Trial 27 pruned. 
[I 2026-03-18 17:05:33,272] Trial 15 pruned. 
[I 2026-03-18 17:05:38,378] Trial 8 pruned. 
[I 2026-03-18 17:05:40,420] Trial 18 pruned. 
[I 2026-03-18 17:05:40,771] Trial 13 pruned. 
[I 2026-03-18 17:05:41,663] Trial 6 pruned. 
[I 2026-03-18 17:05:49,241] Trial 19 pruned. 
[I 2026-03-18 17:06:07,116] Trial 9 pruned. 
[I 2026-03-18 17:06:10,571] Trial 35 pruned. 
[I 2026-03-18 17:06:11,808] Trial 28 pruned. 
[I 2026-03-18 17:06:19,591] Trial 19 pruned. 
[I 2026-03-18 17:06:23,042] Trial 19 pruned. 
[I 2026-03-18 17:06:31,424] Trial 10 pruned. 
[I 2026-03-18 17:06:31,424] Trial 29 pruned. 
[I 2026-03-18 17:06:32,780] Trial 36 pruned. 
[I 2026-03-18 17:06:36,173] Trial 22 finished with value: -0.6072377900084143 and parameters: {'n_layers_yyx': 2, 'hidden_size_yyx_l0': 5, 'hidden_size_yyx_l1': 4, 'context_size_yyx': 4, 'num_mix_components_yyx': 4, 'context_extractor_yyx': 'lstm', 'activation_func_yyx': 'ReLU', 'L2_weight_yyx': 1.2994263325918506e-10, 'L_entropy_weight_yyx': 3.6262354839989875e-09, 'L_sep_weight_yyx': 2.0093925698064256e-06, 'L_scale_weight_yyx': 0.00012842233318784263, 'learning_rate_yyx': 0.008535735033813396}. Best is trial 2 with value: -0.6113786030767988.
[I 2026-03-18 17:06:38,749] Trial 15 finished with value: -0.5634607789932944 and parameters: {'n_layers_yyx': 2, 'hidden_size_yyx_l0': 3, 'hidden_size_yyx_l1': 2, 'context_size_yyx': 1, 'num_mix_components_yyx': 3, 'context_extractor_yyx': 'gru', 'activation_func_yyx': 'Tanh', 'L2_weight_yyx': 2.024414180831034e-07, 'L_entropy_weight_yyx': 3.310780215851761e-08, 'L_sep_weight_yyx': 3.06880466241881e-07, 'L_scale_weight_yyx': 4.04869173649101e-07, 'learning_rate_yyx': 0.0016641964356497012}. Best is trial 6 with value: -0.5805135147115715.
[I 2026-03-18 17:06:47,747] Trial 9 pruned. 
[I 2026-03-18 17:06:53,000] Trial 33 pruned. 
[I 2026-03-18 17:06:54,164] Trial 37 pruned. 
[I 2026-03-18 17:06:58,437] Trial 23 pruned. 
[I 2026-03-18 17:07:06,418] Trial 16 pruned. 
[I 2026-03-18 17:07:09,147] Trial 3 finished with value: -2.8107348815787274 and parameters: {'n_layers_yyx': 2, 'hidden_size_yyx_l0': 3, 'hidden_size_yyx_l1': 5, 'context_size_yyx': 3, 'num_mix_components_yyx': 1, 'context_extractor_yyx': 'gru', 'activation_func_yyx': 'ReLU', 'L2_weight_yyx': 2.3053301359816995e-05, 'L_entropy_weight_yyx': 6.2384189024741475e-06, 'L_sep_weight_yyx': 7.008550340145499e-05, 'L_scale_weight_yyx': 1.704171380034856e-10, 'learning_rate_yyx': 0.004900809804369251}. Best is trial 1 with value: -2.875781089897074.
[I 2026-03-18 17:07:11,010] Trial 15 finished with value: -0.5738120518491554 and parameters: {'n_layers_yyx': 2, 'hidden_size_yyx_l0': 3, 'hidden_size_yyx_l1': 6, 'context_size_yyx': 4, 'num_mix_components_yyx': 3, 'context_extractor_yyx': 'gru', 'activation_func_yyx': 'GELU', 'L2_weight_yyx': 0.00034548966057072294, 'L_entropy_weight_yyx': 6.395288865112628e-09, 'L_sep_weight_yyx': 5.3454404945344435e-08, 'L_scale_weight_yyx': 9.678702080207899e-05, 'learning_rate_yyx': 0.005676448895879253}. Best is trial 10 with value: -0.57893176387068.
[I 2026-03-18 17:07:14,677] Trial 4 finished with value: -2.9105176593820916 and parameters: {'n_layers_yyx': 1, 'hidden_size_yyx_l0': 5, 'context_size_yyx': 1, 'num_mix_components_yyx': 4, 'context_extractor_yyx': 'lstm', 'activation_func_yyx': 'Tanh', 'L2_weight_yyx': 6.475948140264596e-10, 'L_entropy_weight_yyx': 1.931292848561865e-09, 'L_sep_weight_yyx': 2.3643327168328435e-06, 'L_scale_weight_yyx': 2.922425930076486e-08, 'learning_rate_yyx': 0.0025378633145485144}. Best is trial 0 with value: -2.957957273051406.
[I 2026-03-18 17:07:16,574] Trial 38 pruned. 
[I 2026-03-18 17:07:23,517] Trial 11 pruned. 
[I 2026-03-18 17:07:23,835] Trial 20 pruned. 
[I 2026-03-18 17:07:25,509] Trial 19 finished with value: -0.5552007578098135 and parameters: {'n_layers_yyx': 1, 'hidden_size_yyx_l0': 4, 'context_size_yyx': 4, 'num_mix_components_yyx': 3, 'context_extractor_yyx': 'lstm', 'activation_func_yyx': 'Tanh', 'L2_weight_yyx': 1.0107334553504955e-07, 'L_entropy_weight_yyx': 3.174392399040093e-06, 'L_sep_weight_yyx': 2.4702444743485348e-08, 'L_scale_weight_yyx': 1.3366578384215232e-05, 'learning_rate_yyx': 0.006561259212857783}. Best is trial 15 with value: -0.5782953233469631.
[I 2026-03-18 17:07:26,082] Trial 17 pruned. 
[I 2026-03-18 17:07:31,113] Trial 16 pruned. 
[I 2026-03-18 17:07:31,966] Trial 6 finished with value: -2.966045431578574 and parameters: {'n_layers_yyx': 2, 'hidden_size_yyx_l0': 4, 'hidden_size_yyx_l1': 6, 'context_size_yyx': 4, 'num_mix_components_yyx': 3, 'context_extractor_yyx': 'gru', 'activation_func_yyx': 'Tanh', 'L2_weight_yyx': 2.0716122860833722e-08, 'L_entropy_weight_yyx': 0.00026457951043022096, 'L_sep_weight_yyx': 1.313115542128068e-06, 'L_scale_weight_yyx': 1.5255918192109873e-08, 'learning_rate_yyx': 0.0074381128584254585}. Best is trial 6 with value: -2.966045431578574.
[I 2026-03-18 17:07:32,967] Trial 12 finished with value: -2.9421728675676846 and parameters: {'n_layers_yyx': 1, 'hidden_size_yyx_l0': 6, 'context_size_yyx': 3, 'num_mix_components_yyx': 4, 'context_extractor_yyx': 'gru', 'activation_func_yyx': 'ReLU', 'L2_weight_yyx': 4.860110212175072e-07, 'L_entropy_weight_yyx': 0.0005364793743400282, 'L_sep_weight_yyx': 1.1625629991913117e-10, 'L_scale_weight_yyx': 4.398273844511148e-09, 'learning_rate_yyx': 0.009762341672467059}. Best is trial 10 with value: -2.9487242821305313.
[I 2026-03-18 17:07:35,493] Trial 39 pruned. 
[I 2026-03-18 17:07:36,138] Trial 24 pruned. 
[I 2026-03-18 17:07:38,303] Trial 5 pruned. 
[I 2026-03-18 17:07:44,401] Trial 21 pruned. 
[I 2026-03-18 17:07:45,441] Trial 20 pruned. 
[I 2026-03-18 17:07:46,442] Trial 18 pruned. 
[I 2026-03-18 17:07:47,883] Trial 3 finished with value: -2.95615718224045 and parameters: {'n_layers_yyx': 1, 'hidden_size_yyx_l0': 5, 'context_size_yyx': 4, 'num_mix_components_yyx': 4, 'context_extractor_yyx': 'gru', 'activation_func_yyx': 'GELU', 'L2_weight_yyx': 0.0008879087918861301, 'L_entropy_weight_yyx': 2.602159814731076e-10, 'L_sep_weight_yyx': 4.230566539719847e-06, 'L_scale_weight_yyx': 2.3200954775284842e-10, 'learning_rate_yyx': 0.0030782816863757514}. Best is trial 3 with value: -2.95615718224045.
[I 2026-03-18 17:07:47,886] Trial 14 finished with value: -0.5603950846801926 and parameters: {'n_layers_yyx': 1, 'hidden_size_yyx_l0': 5, 'context_size_yyx': 3, 'num_mix_components_yyx': 4, 'context_extractor_yyx': 'lstm', 'activation_func_yyx': 'Tanh', 'L2_weight_yyx': 2.2557174668899183e-08, 'L_entropy_weight_yyx': 0.0007035101216257835, 'L_sep_weight_yyx': 1.9639135197897917e-05, 'L_scale_weight_yyx': 1.2678031423299841e-10, 'learning_rate_yyx': 0.009052651674189467}. Best is trial 0 with value: -0.5748618229547262.
[I 2026-03-18 17:07:48,992] Trial 14 finished with value: -0.570086325707101 and parameters: {'n_layers_yyx': 2, 'hidden_size_yyx_l0': 4, 'hidden_size_yyx_l1': 5, 'context_size_yyx': 2, 'num_mix_components_yyx': 3, 'context_extractor_yyx': 'lstm', 'activation_func_yyx': 'ReLU', 'L2_weight_yyx': 1.3137312536547415e-05, 'L_entropy_weight_yyx': 1.345518731006722e-07, 'L_sep_weight_yyx': 1.3875926531757054e-05, 'L_scale_weight_yyx': 5.068389982775337e-07, 'learning_rate_yyx': 0.006949868118716916}. Best is trial 13 with value: -0.5742619447563833.
[I 2026-03-18 17:07:49,173] Trial 12 pruned. 
[I 2026-03-18 17:07:49,754] Trial 17 pruned. 
[I 2026-03-18 17:07:52,732] Trial 8 finished with value: -2.801282520072964 and parameters: {'n_layers_yyx': 1, 'hidden_size_yyx_l0': 6, 'context_size_yyx': 1, 'num_mix_components_yyx': 1, 'context_extractor_yyx': 'lstm', 'activation_func_yyx': 'ReLU', 'L2_weight_yyx': 1.77729821723622e-06, 'L_entropy_weight_yyx': 1.8345467806250973e-10, 'L_sep_weight_yyx': 1.9254072155572158e-10, 'L_scale_weight_yyx': 9.78113970527145e-10, 'learning_rate_yyx': 0.0037100202722427983}. Best is trial 1 with value: -2.915453504445994.
[I 2026-03-18 17:07:55,609] Trial 12 finished with value: -2.9595510816550052 and parameters: {'n_layers_yyx': 2, 'hidden_size_yyx_l0': 6, 'hidden_size_yyx_l1': 6, 'context_size_yyx': 3, 'num_mix_components_yyx': 5, 'context_extractor_yyx': 'lstm', 'activation_func_yyx': 'Tanh', 'L2_weight_yyx': 8.808393424041131e-09, 'L_entropy_weight_yyx': 7.069653720092432e-09, 'L_sep_weight_yyx': 7.883739002404854e-08, 'L_scale_weight_yyx': 1.7756488865917386e-07, 'learning_rate_yyx': 0.008726492680561717}. Best is trial 12 with value: -2.9595510816550052.
[I 2026-03-18 17:07:56,058] Trial 13 pruned. 
[I 2026-03-18 17:08:02,752] Trial 21 pruned. 
[I 2026-03-18 17:08:03,346] Trial 22 pruned. 
[I 2026-03-18 17:08:06,798] Trial 15 pruned. 
[I 2026-03-18 17:08:07,147] Trial 15 pruned. 
[I 2026-03-18 17:08:08,261] Trial 16 pruned. 
[I 2026-03-18 17:08:08,593] Trial 18 pruned. 
[I 2026-03-18 17:08:12,240] Trial 40 pruned. 
[I 2026-03-18 17:08:12,362] Trial 13 pruned. 
[I 2026-03-18 17:08:12,522] Trial 9 pruned. 
[I 2026-03-18 17:08:16,432] Trial 7 pruned. 
[I 2026-03-18 17:08:17,195] Trial 10 pruned. 
[I 2026-03-18 17:08:17,387] Trial 14 pruned. 
[I 2026-03-18 17:08:21,968] Trial 22 pruned. 
[I 2026-03-18 17:08:26,916] Trial 16 pruned. 
[I 2026-03-18 17:08:26,948] Trial 16 pruned. 
[I 2026-03-18 17:08:40,856] Trial 23 pruned. 
[I 2026-03-18 17:08:40,857] Trial 8 pruned. 
[I 2026-03-18 17:08:42,529] Trial 23 pruned. 
[I 2026-03-18 17:08:47,613] Trial 17 pruned. 
[I 2026-03-18 17:08:48,622] Trial 34 finished with value: -0.38914770829050166 and parameters: {'n_layers_yyx': 1, 'hidden_size_yyx_l0': 6, 'context_size_yyx': 2, 'num_mix_components_yyx': 4, 'context_extractor_yyx': 'gru', 'activation_func_yyx': 'Tanh', 'L2_weight_yyx': 4.3295988268192893e-10, 'L_entropy_weight_yyx': 2.2776794727193603e-07, 'L_sep_weight_yyx': 3.256274878496426e-06, 'L_scale_weight_yyx': 2.0079854412662383e-09, 'learning_rate_yyx': 0.004074913562570375}. Best is trial 7 with value: -0.427185200316249.
[I 2026-03-18 17:08:49,274] Trial 12 finished with value: -0.5757319937054032 and parameters: {'n_layers_yyx': 1, 'hidden_size_yyx_l0': 4, 'context_size_yyx': 2, 'num_mix_components_yyx': 3, 'context_extractor_yyx': 'gru', 'activation_func_yyx': 'GELU', 'L2_weight_yyx': 3.796556127732477e-09, 'L_entropy_weight_yyx': 7.476536955622694e-06, 'L_sep_weight_yyx': 1.0451132470889987e-10, 'L_scale_weight_yyx': 1.6725949078488604e-10, 'learning_rate_yyx': 0.003758059408357294}. Best is trial 1 with value: -0.5818196838462861.
[I 2026-03-18 17:08:55,830] Trial 20 finished with value: -0.5691178438588055 and parameters: {'n_layers_yyx': 1, 'hidden_size_yyx_l0': 5, 'context_size_yyx': 3, 'num_mix_components_yyx': 4, 'context_extractor_yyx': 'lstm', 'activation_func_yyx': 'Tanh', 'L2_weight_yyx': 7.598968271470411e-10, 'L_entropy_weight_yyx': 7.998729549442032e-05, 'L_sep_weight_yyx': 6.904629284300523e-07, 'L_scale_weight_yyx': 9.103194960479358e-09, 'learning_rate_yyx': 0.008878712378748932}. Best is trial 6 with value: -0.5907732977991746.
[I 2026-03-18 17:08:59,600] Trial 8 pruned. 
[I 2026-03-18 17:09:00,335] Trial 24 pruned. 
[I 2026-03-18 17:09:02,078] Trial 24 pruned. 
[I 2026-03-18 17:09:02,516] Trial 25 pruned. 
[I 2026-03-18 17:09:04,121] Trial 9 pruned. 
[I 2026-03-18 17:09:18,937] Trial 25 pruned. 
[I 2026-03-18 17:09:20,517] Trial 9 pruned. 
[I 2026-03-18 17:09:21,575] Trial 35 pruned. 
[I 2026-03-18 17:09:21,639] Trial 26 pruned. 
[I 2026-03-18 17:09:35,316] Trial 25 pruned. 
[I 2026-03-18 17:09:38,769] Trial 41 pruned. 
[I 2026-03-18 17:09:39,689] Trial 27 pruned. 
[I 2026-03-18 17:09:40,957] Trial 9 finished with value: -2.9510968045279404 and parameters: {'n_layers_yyx': 1, 'hidden_size_yyx_l0': 3, 'context_size_yyx': 2, 'num_mix_components_yyx': 4, 'context_extractor_yyx': 'gru', 'activation_func_yyx': 'Tanh', 'L2_weight_yyx': 1.3745620162788158e-08, 'L_entropy_weight_yyx': 5.290610344183938e-06, 'L_sep_weight_yyx': 1.6617712259362114e-09, 'L_scale_weight_yyx': 2.537479872187443e-07, 'learning_rate_yyx': 0.007899745410433801}. Best is trial 9 with value: -2.9510968045279404.
[I 2026-03-18 17:09:45,015] Trial 5 finished with value: -2.9729516240610265 and parameters: {'n_layers_yyx': 2, 'hidden_size_yyx_l0': 4, 'hidden_size_yyx_l1': 4, 'context_size_yyx': 2, 'num_mix_components_yyx': 5, 'context_extractor_yyx': 'lstm', 'activation_func_yyx': 'Tanh', 'L2_weight_yyx': 1.4332728430156233e-06, 'L_entropy_weight_yyx': 6.335826954377947e-06, 'L_sep_weight_yyx': 2.732464189751836e-08, 'L_scale_weight_yyx': 1.82724285487601e-05, 'learning_rate_yyx': 0.00988075471149131}. Best is trial 5 with value: -2.9729516240610265.
[I 2026-03-18 17:09:54,355] Trial 26 pruned. 
[I 2026-03-18 17:10:00,803] Trial 19 finished with value: -0.5778842175679161 and parameters: {'n_layers_yyx': 2, 'hidden_size_yyx_l0': 3, 'hidden_size_yyx_l1': 6, 'context_size_yyx': 4, 'num_mix_components_yyx': 4, 'context_extractor_yyx': 'gru', 'activation_func_yyx': 'ReLU', 'L2_weight_yyx': 1.0794755883348092e-06, 'L_entropy_weight_yyx': 1.9125434248082917e-08, 'L_sep_weight_yyx': 1.0646456211117589e-10, 'L_scale_weight_yyx': 1.914571021813523e-05, 'learning_rate_yyx': 0.00802443014031236}. Best is trial 10 with value: -0.57893176387068.
[I 2026-03-18 17:10:05,707] Trial 10 pruned. 
[I 2026-03-18 17:10:19,029] Trial 21 pruned. 
[I 2026-03-18 17:10:20,353] Trial 20 pruned. 
[I 2026-03-18 17:10:27,804] Trial 27 pruned. 
[I 2026-03-18 17:10:33,406] Trial 17 finished with value: -0.5864613361174992 and parameters: {'n_layers_yyx': 2, 'hidden_size_yyx_l0': 4, 'hidden_size_yyx_l1': 4, 'context_size_yyx': 3, 'num_mix_components_yyx': 5, 'context_extractor_yyx': 'gru', 'activation_func_yyx': 'ReLU', 'L2_weight_yyx': 1.1844412603310823e-09, 'L_entropy_weight_yyx': 0.00014792651133516257, 'L_sep_weight_yyx': 0.0001529654716048806, 'L_scale_weight_yyx': 8.30527373082104e-06, 'learning_rate_yyx': 0.005172110108349153}. Best is trial 17 with value: -0.5864613361174992.
[I 2026-03-18 17:10:35,481] Trial 30 finished with value: -0.5827773984885445 and parameters: {'n_layers_yyx': 1, 'hidden_size_yyx_l0': 4, 'context_size_yyx': 4, 'num_mix_components_yyx': 4, 'context_extractor_yyx': 'gru', 'activation_func_yyx': 'Tanh', 'L2_weight_yyx': 6.541686413321331e-07, 'L_entropy_weight_yyx': 2.307396833982753e-07, 'L_sep_weight_yyx': 0.000207463966832127, 'L_scale_weight_yyx': 5.04863963406706e-10, 'learning_rate_yyx': 0.00150354351884933}. Best is trial 3 with value: -0.5836324153936877.
[I 2026-03-18 17:10:37,907] Trial 22 pruned. 
[I 2026-03-18 17:10:38,101] Trial 17 finished with value: -0.5712623228889057 and parameters: {'n_layers_yyx': 2, 'hidden_size_yyx_l0': 3, 'hidden_size_yyx_l1': 4, 'context_size_yyx': 4, 'num_mix_components_yyx': 5, 'context_extractor_yyx': 'lstm', 'activation_func_yyx': 'Tanh', 'L2_weight_yyx': 1.4595353350290349e-05, 'L_entropy_weight_yyx': 5.475422057814679e-10, 'L_sep_weight_yyx': 0.00012770564191700044, 'L_scale_weight_yyx': 7.203501758890498e-09, 'learning_rate_yyx': 0.006948232988619507}. Best is trial 0 with value: -0.5748618229547262.
[I 2026-03-18 17:10:45,656] Trial 28 pruned. 
[I 2026-03-18 17:10:45,701] Trial 11 finished with value: -0.5621938167608752 and parameters: {'n_layers_yyx': 1, 'hidden_size_yyx_l0': 6, 'context_size_yyx': 3, 'num_mix_components_yyx': 5, 'context_extractor_yyx': 'gru', 'activation_func_yyx': 'GELU', 'L2_weight_yyx': 2.3026655807342126e-08, 'L_entropy_weight_yyx': 2.2356048329983377e-08, 'L_sep_weight_yyx': 2.8694900210614e-07, 'L_scale_weight_yyx': 3.702805157675737e-07, 'learning_rate_yyx': 0.0024376187808587586}. Best is trial 11 with value: -0.5621938167608752.
[I 2026-03-18 17:10:46,541] Trial 8 finished with value: -2.955956673037092 and parameters: {'n_layers_yyx': 1, 'hidden_size_yyx_l0': 4, 'context_size_yyx': 4, 'num_mix_components_yyx': 5, 'context_extractor_yyx': 'gru', 'activation_func_yyx': 'GELU', 'L2_weight_yyx': 6.523081520664916e-10, 'L_entropy_weight_yyx': 3.608502608277493e-05, 'L_sep_weight_yyx': 4.353546622103034e-06, 'L_scale_weight_yyx': 1.1755457311134821e-07, 'learning_rate_yyx': 0.008843235807633772}. Best is trial 8 with value: -2.955956673037092.
[I 2026-03-18 17:10:56,409] Trial 31 pruned. 
[I 2026-03-18 17:10:57,550] Trial 10 pruned. 
[I 2026-03-18 17:10:58,250] Trial 18 pruned. 
[I 2026-03-18 17:11:01,227] Trial 26 pruned. 
[I 2026-03-18 17:11:03,936] Trial 42 pruned. 
[I 2026-03-18 17:11:05,555] Trial 28 pruned. 
[I 2026-03-18 17:11:12,480] Trial 32 pruned. 
[I 2026-03-18 17:11:15,322] Trial 23 pruned. 
[I 2026-03-18 17:11:22,098] Trial 29 pruned. 
[I 2026-03-18 17:11:22,211] Trial 11 pruned. 
[I 2026-03-18 17:11:22,767] Trial 12 pruned. 
[I 2026-03-18 17:11:23,087] Trial 7 finished with value: -2.886311725841528 and parameters: {'n_layers_yyx': 2, 'hidden_size_yyx_l0': 6, 'hidden_size_yyx_l1': 3, 'context_size_yyx': 1, 'num_mix_components_yyx': 4, 'context_extractor_yyx': 'lstm', 'activation_func_yyx': 'ReLU', 'L2_weight_yyx': 0.00016751662701782678, 'L_entropy_weight_yyx': 1.5881731397604406e-05, 'L_sep_weight_yyx': 7.559492848086995e-07, 'L_scale_weight_yyx': 3.781205838330522e-08, 'learning_rate_yyx': 0.0017523805510583385}. Best is trial 7 with value: -2.886311725841528.
[I 2026-03-18 17:11:23,171] Trial 13 finished with value: -0.5488422503989533 and parameters: {'n_layers_yyx': 1, 'hidden_size_yyx_l0': 5, 'context_size_yyx': 2, 'num_mix_components_yyx': 2, 'context_extractor_yyx': 'gru', 'activation_func_yyx': 'GELU', 'L2_weight_yyx': 1.3771713443823151e-08, 'L_entropy_weight_yyx': 9.737354539660547e-07, 'L_sep_weight_yyx': 7.542497336530615e-05, 'L_scale_weight_yyx': 1.082916800988347e-10, 'learning_rate_yyx': 0.0037814602846447678}. Best is trial 1 with value: -0.5818196838462861.
[I 2026-03-18 17:11:28,871] Trial 9 pruned. 
[I 2026-03-18 17:11:32,368] Trial 10 pruned. 
[I 2026-03-18 17:11:33,033] Trial 19 pruned. 
[I 2026-03-18 17:11:40,047] Trial 29 pruned. 
[I 2026-03-18 17:11:41,313] Trial 18 finished with value: -0.5752995424126333 and parameters: {'n_layers_yyx': 2, 'hidden_size_yyx_l0': 5, 'hidden_size_yyx_l1': 4, 'context_size_yyx': 3, 'num_mix_components_yyx': 2, 'context_extractor_yyx': 'lstm', 'activation_func_yyx': 'Tanh', 'L2_weight_yyx': 1.5241247202767256e-07, 'L_entropy_weight_yyx': 8.845295515250769e-08, 'L_sep_weight_yyx': 3.868233198150543e-06, 'L_scale_weight_yyx': 8.203089656978083e-08, 'learning_rate_yyx': 0.006497256053290121}. Best is trial 18 with value: -0.5752995424126333.
[I 2026-03-18 17:11:43,378] Trial 21 pruned. 
[I 2026-03-18 17:11:48,492] Trial 10 pruned. 
[I 2026-03-18 17:11:50,772] Trial 36 finished with value: -0.45210743245694657 and parameters: {'n_layers_yyx': 2, 'hidden_size_yyx_l0': 3, 'hidden_size_yyx_l1': 5, 'context_size_yyx': 1, 'num_mix_components_yyx': 5, 'context_extractor_yyx': 'lstm', 'activation_func_yyx': 'Tanh', 'L2_weight_yyx': 2.0448271399716577e-10, 'L_entropy_weight_yyx': 6.798442185814492e-07, 'L_sep_weight_yyx': 1.2026310808415995e-05, 'L_scale_weight_yyx': 4.184398138115807e-08, 'learning_rate_yyx': 0.008204661103187197}. Best is trial 36 with value: -0.45210743245694657.
[I 2026-03-18 17:11:54,482] Trial 14 pruned. 
[I 2026-03-18 17:12:02,358] Trial 12 pruned. 
[I 2026-03-18 17:12:06,113] Trial 20 pruned. 
[I 2026-03-18 17:12:08,039] Trial 19 finished with value: -0.3568389939818958 and parameters: {'n_layers_yyx': 1, 'hidden_size_yyx_l0': 3, 'context_size_yyx': 2, 'num_mix_components_yyx': 3, 'context_extractor_yyx': 'gru', 'activation_func_yyx': 'ReLU', 'L2_weight_yyx': 4.412465292681855e-06, 'L_entropy_weight_yyx': 1.0173735356896122e-10, 'L_sep_weight_yyx': 3.0136838762383387e-10, 'L_scale_weight_yyx': 3.4626917868760235e-05, 'learning_rate_yyx': 0.0034524751115392154}. Best is trial 12 with value: -0.46022137621238873.
[I 2026-03-18 17:12:11,938] Trial 15 pruned. 
[I 2026-03-18 17:12:14,299] Trial 30 pruned. 
[I 2026-03-18 17:12:19,896] Trial 7 finished with value: -2.9225441398370524 and parameters: {'n_layers_yyx': 1, 'hidden_size_yyx_l0': 6, 'context_size_yyx': 3, 'num_mix_components_yyx': 5, 'context_extractor_yyx': 'gru', 'activation_func_yyx': 'Tanh', 'L2_weight_yyx': 1.1461394827893237e-05, 'L_entropy_weight_yyx': 4.0275067663230347e-07, 'L_sep_weight_yyx': 2.0574546050837923e-08, 'L_scale_weight_yyx': 0.0008851728507144226, 'learning_rate_yyx': 0.0006510354245062442}. Best is trial 2 with value: -2.9414705477515914.
[I 2026-03-18 17:12:25,045] Trial 13 pruned. 
[I 2026-03-18 17:12:27,242] Trial 4 finished with value: -2.961367919552152 and parameters: {'n_layers_yyx': 1, 'hidden_size_yyx_l0': 6, 'context_size_yyx': 4, 'num_mix_components_yyx': 3, 'context_extractor_yyx': 'gru', 'activation_func_yyx': 'GELU', 'L2_weight_yyx': 0.0006388922890674039, 'L_entropy_weight_yyx': 1.133177904984534e-09, 'L_sep_weight_yyx': 1.9133423063673848e-08, 'L_scale_weight_yyx': 3.792866817715891e-07, 'learning_rate_yyx': 0.008973050241785494}. Best is trial 4 with value: -2.961367919552152.
[I 2026-03-18 17:12:30,432] Trial 16 pruned. 
[I 2026-03-18 17:12:31,131] Trial 31 pruned. 
[I 2026-03-18 17:12:31,800] Trial 33 pruned. 
[I 2026-03-18 17:12:34,478] Trial 20 finished with value: -0.5587496121287182 and parameters: {'n_layers_yyx': 2, 'hidden_size_yyx_l0': 4, 'hidden_size_yyx_l1': 2, 'context_size_yyx': 1, 'num_mix_components_yyx': 3, 'context_extractor_yyx': 'gru', 'activation_func_yyx': 'ReLU', 'L2_weight_yyx': 6.224484323098506e-10, 'L_entropy_weight_yyx': 1.4780030788235864e-08, 'L_sep_weight_yyx': 7.760491129582595e-10, 'L_scale_weight_yyx': 3.478436464743355e-10, 'learning_rate_yyx': 0.0007813773294151752}. Best is trial 1 with value: -0.5777964847779832.
[I 2026-03-18 17:12:37,630] Trial 24 pruned. 
[I 2026-03-18 17:12:40,234] Trial 13 finished with value: -2.943676616228174 and parameters: {'n_layers_yyx': 2, 'hidden_size_yyx_l0': 6, 'hidden_size_yyx_l1': 4, 'context_size_yyx': 3, 'num_mix_components_yyx': 5, 'context_extractor_yyx': 'gru', 'activation_func_yyx': 'ReLU', 'L2_weight_yyx': 2.8856936165750394e-09, 'L_entropy_weight_yyx': 1.2529436025928239e-08, 'L_sep_weight_yyx': 4.295525042862529e-09, 'L_scale_weight_yyx': 6.682665726665178e-08, 'learning_rate_yyx': 0.009444679481744302}. Best is trial 12 with value: -2.9595510816550052.
[I 2026-03-18 17:12:42,141] Trial 21 pruned. 
[I 2026-03-18 17:12:45,311] Trial 9 finished with value: -2.8957740525915594 and parameters: {'n_layers_yyx': 1, 'hidden_size_yyx_l0': 5, 'context_size_yyx': 1, 'num_mix_components_yyx': 2, 'context_extractor_yyx': 'gru', 'activation_func_yyx': 'GELU', 'L2_weight_yyx': 5.985924389199985e-06, 'L_entropy_weight_yyx': 2.5984006668045625e-07, 'L_sep_weight_yyx': 1.2369237342508942e-10, 'L_scale_weight_yyx': 2.427866853908239e-09, 'learning_rate_yyx': 0.0032523634021723938}. Best is trial 0 with value: -2.9702180140077377.
[I 2026-03-18 17:12:49,351] Trial 5 pruned. 
[I 2026-03-18 17:12:49,433] Trial 14 pruned. 
[I 2026-03-18 17:12:52,161] Trial 43 finished with value: -0.5573887044494713 and parameters: {'n_layers_yyx': 1, 'hidden_size_yyx_l0': 6, 'context_size_yyx': 3, 'num_mix_components_yyx': 2, 'context_extractor_yyx': 'gru', 'activation_func_yyx': 'Tanh', 'L2_weight_yyx': 1.0389839522951375e-10, 'L_entropy_weight_yyx': 0.0006767659685095446, 'L_sep_weight_yyx': 1.0283702420349935e-06, 'L_scale_weight_yyx': 3.9096775765617325e-08, 'learning_rate_yyx': 0.007188636452234875}. Best is trial 0 with value: -0.5660314966592697.
[I 2026-03-18 17:12:52,362] Trial 8 finished with value: -2.9481354221686584 and parameters: {'n_layers_yyx': 1, 'hidden_size_yyx_l0': 3, 'context_size_yyx': 4, 'num_mix_components_yyx': 2, 'context_extractor_yyx': 'lstm', 'activation_func_yyx': 'ReLU', 'L2_weight_yyx': 1.2776702282251347e-09, 'L_entropy_weight_yyx': 2.9740075885968575e-08, 'L_sep_weight_yyx': 9.785903567125114e-07, 'L_scale_weight_yyx': 1.2818064939085973e-06, 'learning_rate_yyx': 0.0016884988802012856}. Best is trial 1 with value: -2.9497769660834225.
[I 2026-03-18 17:12:53,472] Trial 18 finished with value: -0.567581743452867 and parameters: {'n_layers_yyx': 1, 'hidden_size_yyx_l0': 2, 'context_size_yyx': 4, 'num_mix_components_yyx': 5, 'context_extractor_yyx': 'lstm', 'activation_func_yyx': 'ReLU', 'L2_weight_yyx': 8.913351306460996e-10, 'L_entropy_weight_yyx': 0.00022039572861236838, 'L_sep_weight_yyx': 0.00010721947517092758, 'L_scale_weight_yyx': 0.0009047617114420709, 'learning_rate_yyx': 0.006935073446574075}. Best is trial 17 with value: -0.5864613361174992.
[I 2026-03-18 17:12:58,864] Trial 4 finished with value: -2.8081357984522426 and parameters: {'n_layers_yyx': 2, 'hidden_size_yyx_l0': 2, 'hidden_size_yyx_l1': 6, 'context_size_yyx': 3, 'num_mix_components_yyx': 1, 'context_extractor_yyx': 'gru', 'activation_func_yyx': 'ReLU', 'L2_weight_yyx': 0.0004747222814162962, 'L_entropy_weight_yyx': 7.359336360162046e-10, 'L_sep_weight_yyx': 9.809941048698932e-06, 'L_scale_weight_yyx': 1.7103993416720534e-07, 'learning_rate_yyx': 0.006655650570160318}. Best is trial 1 with value: -2.875781089897074.
[I 2026-03-18 17:13:04,127] Trial 8 pruned. 
[I 2026-03-18 17:13:04,499] Trial 32 pruned. 
[I 2026-03-18 17:13:05,121] Trial 17 pruned. 
[I 2026-03-18 17:13:05,939] Trial 37 pruned. 
[I 2026-03-18 17:13:07,650] Trial 10 pruned. 
[I 2026-03-18 17:13:11,501] Trial 19 pruned. 
[I 2026-03-18 17:13:11,889] Trial 25 pruned. 
[I 2026-03-18 17:13:19,919] Trial 5 pruned. 
[I 2026-03-18 17:13:21,549] Trial 33 pruned. 
[I 2026-03-18 17:13:22,447] Trial 38 pruned. 
[I 2026-03-18 17:13:23,089] Trial 14 pruned. 
[I 2026-03-18 17:13:23,399] Trial 20 pruned. 
[I 2026-03-18 17:13:23,949] Trial 44 pruned. 
[I 2026-03-18 17:13:24,071] Trial 9 pruned. 
[I 2026-03-18 17:13:27,439] Trial 30 finished with value: -0.5741291282265517 and parameters: {'n_layers_yyx': 1, 'hidden_size_yyx_l0': 5, 'context_size_yyx': 4, 'num_mix_components_yyx': 4, 'context_extractor_yyx': 'lstm', 'activation_func_yyx': 'ReLU', 'L2_weight_yyx': 3.5338171694520426e-07, 'L_entropy_weight_yyx': 8.888363919410446e-08, 'L_sep_weight_yyx': 4.478294741354531e-08, 'L_scale_weight_yyx': 1.1101055298208873e-07, 'learning_rate_yyx': 0.009925440331089741}. Best is trial 15 with value: -0.5782953233469631.
[I 2026-03-18 17:13:34,648] Trial 15 pruned. 
[I 2026-03-18 17:13:37,325] Trial 18 pruned. 
[I 2026-03-18 17:13:45,325] Trial 22 finished with value: -0.5821973965945237 and parameters: {'n_layers_yyx': 2, 'hidden_size_yyx_l0': 3, 'hidden_size_yyx_l1': 6, 'context_size_yyx': 4, 'num_mix_components_yyx': 4, 'context_extractor_yyx': 'gru', 'activation_func_yyx': 'ReLU', 'L2_weight_yyx': 1.2434552931628954e-06, 'L_entropy_weight_yyx': 8.069284259630872e-09, 'L_sep_weight_yyx': 2.6014495172930044e-08, 'L_scale_weight_yyx': 2.6925608667557952e-05, 'learning_rate_yyx': 0.007341957104189236}. Best is trial 22 with value: -0.5821973965945237.
[I 2026-03-18 17:13:45,387] Trial 31 pruned. 
[I 2026-03-18 17:13:54,245] Trial 34 pruned. 
[I 2026-03-18 17:13:55,235] Trial 13 finished with value: -0.5746682860992306 and parameters: {'n_layers_yyx': 1, 'hidden_size_yyx_l0': 6, 'context_size_yyx': 3, 'num_mix_components_yyx': 4, 'context_extractor_yyx': 'gru', 'activation_func_yyx': 'GELU', 'L2_weight_yyx': 4.4751912779593475e-08, 'L_entropy_weight_yyx': 0.0009398485582517812, 'L_sep_weight_yyx': 3.2310910328944975e-07, 'L_scale_weight_yyx': 4.8599051482629246e-08, 'learning_rate_yyx': 0.003797477414657627}. Best is trial 13 with value: -0.5746682860992306.
[I 2026-03-18 17:13:57,797] Trial 45 pruned. 
[I 2026-03-18 17:13:58,334] Trial 21 finished with value: -0.5709547963726144 and parameters: {'n_layers_yyx': 1, 'hidden_size_yyx_l0': 6, 'context_size_yyx': 3, 'num_mix_components_yyx': 5, 'context_extractor_yyx': 'gru', 'activation_func_yyx': 'GELU', 'L2_weight_yyx': 3.7113935515383444e-09, 'L_entropy_weight_yyx': 1.5158886283527433e-10, 'L_sep_weight_yyx': 2.985068632402288e-06, 'L_scale_weight_yyx': 2.838956265547066e-09, 'learning_rate_yyx': 0.009290254376288404}. Best is trial 1 with value: -0.5777964847779832.
[I 2026-03-18 17:14:01,696] Trial 6 pruned. 
[I 2026-03-18 17:14:01,696] Trial 32 pruned. 
[I 2026-03-18 17:14:03,635] Trial 22 pruned. 
[I 2026-03-18 17:14:05,231] Trial 15 pruned. 
[I 2026-03-18 17:14:10,955] Trial 19 pruned. 
[I 2026-03-18 17:14:15,991] Trial 16 pruned. 
[I 2026-03-18 17:14:16,178] Trial 46 pruned. 
[I 2026-03-18 17:14:19,543] Trial 23 pruned. 
[I 2026-03-18 17:14:20,036] Trial 33 pruned. 
[I 2026-03-18 17:14:23,049] Trial 7 pruned. 
[I 2026-03-18 17:14:31,548] Trial 22 pruned. 
[I 2026-03-18 17:14:32,533] Trial 19 finished with value: -0.5765580671853507 and parameters: {'n_layers_yyx': 2, 'hidden_size_yyx_l0': 5, 'hidden_size_yyx_l1': 4, 'context_size_yyx': 4, 'num_mix_components_yyx': 2, 'context_extractor_yyx': 'lstm', 'activation_func_yyx': 'Tanh', 'L2_weight_yyx': 3.632058774605969e-07, 'L_entropy_weight_yyx': 2.1973464784993754e-06, 'L_sep_weight_yyx': 1.2737972148098906e-06, 'L_scale_weight_yyx': 5.401624909327472e-09, 'learning_rate_yyx': 0.005735039040885174}. Best is trial 19 with value: -0.5765580671853507.
[I 2026-03-18 17:14:34,439] Trial 26 pruned. 
[I 2026-03-18 17:14:44,083] Trial 20 finished with value: -0.573890318732806 and parameters: {'n_layers_yyx': 1, 'hidden_size_yyx_l0': 4, 'context_size_yyx': 4, 'num_mix_components_yyx': 5, 'context_extractor_yyx': 'gru', 'activation_func_yyx': 'ReLU', 'L2_weight_yyx': 2.8767029441068464e-06, 'L_entropy_weight_yyx': 5.332494100493267e-09, 'L_sep_weight_yyx': 1.1765791234448475e-05, 'L_scale_weight_yyx': 0.00013280250286361515, 'learning_rate_yyx': 0.009941229557949547}. Best is trial 17 with value: -0.5864613361174992.
[I 2026-03-18 17:14:47,224] Trial 16 pruned. 
[I 2026-03-18 17:14:50,835] Trial 20 pruned. 
[I 2026-03-18 17:14:52,650] Trial 24 pruned. 
[I 2026-03-18 17:14:55,123] Trial 17 pruned. 
[I 2026-03-18 17:14:57,469] Trial 15 finished with value: -2.9509930170610343 and parameters: {'n_layers_yyx': 1, 'hidden_size_yyx_l0': 5, 'context_size_yyx': 3, 'num_mix_components_yyx': 5, 'context_extractor_yyx': 'gru', 'activation_func_yyx': 'ReLU', 'L2_weight_yyx': 1.2568529237631699e-08, 'L_entropy_weight_yyx': 0.00017071392924480016, 'L_sep_weight_yyx': 9.776191185110757e-10, 'L_scale_weight_yyx': 1.824368253681913e-09, 'learning_rate_yyx': 0.006244770551177317}. Best is trial 15 with value: -2.9509930170610343.
[I 2026-03-18 17:15:01,855] Trial 21 pruned. 
[I 2026-03-18 17:15:02,961] Trial 23 pruned. 
[I 2026-03-18 17:15:03,738] Trial 34 finished with value: -0.5695323917855915 and parameters: {'n_layers_yyx': 2, 'hidden_size_yyx_l0': 3, 'hidden_size_yyx_l1': 2, 'context_size_yyx': 4, 'num_mix_components_yyx': 4, 'context_extractor_yyx': 'lstm', 'activation_func_yyx': 'Tanh', 'L2_weight_yyx': 5.70771616814667e-06, 'L_entropy_weight_yyx': 2.7981943292751583e-05, 'L_sep_weight_yyx': 0.0002304191270350342, 'L_scale_weight_yyx': 1.4406979937510843e-09, 'learning_rate_yyx': 0.0033786313603972585}. Best is trial 3 with value: -0.5836324153936877.
[I 2026-03-18 17:15:09,859] Trial 35 pruned. 
[I 2026-03-18 17:15:13,617] Trial 21 finished with value: -0.4343365648582624 and parameters: {'n_layers_yyx': 2, 'hidden_size_yyx_l0': 4, 'hidden_size_yyx_l1': 3, 'context_size_yyx': 3, 'num_mix_components_yyx': 4, 'context_extractor_yyx': 'gru', 'activation_func_yyx': 'Tanh', 'L2_weight_yyx': 1.311647229334646e-07, 'L_entropy_weight_yyx': 5.5819978170753445e-06, 'L_sep_weight_yyx': 0.00011996170113181862, 'L_scale_weight_yyx': 1.2594264095670329e-05, 'learning_rate_yyx': 0.007023055677543144}. Best is trial 12 with value: -0.46022137621238873.
[I 2026-03-18 17:15:17,468] Trial 22 pruned. 
[I 2026-03-18 17:15:19,656] Trial 24 pruned. 
[I 2026-03-18 17:15:22,588] Trial 21 pruned. 
[I 2026-03-18 17:15:22,740] Trial 23 pruned. 
[I 2026-03-18 17:15:23,739] Trial 39 finished with value: -0.47300654077677534 and parameters: {'n_layers_yyx': 2, 'hidden_size_yyx_l0': 2, 'hidden_size_yyx_l1': 6, 'context_size_yyx': 1, 'num_mix_components_yyx': 5, 'context_extractor_yyx': 'lstm', 'activation_func_yyx': 'Tanh', 'L2_weight_yyx': 1.3243357442601103e-06, 'L_entropy_weight_yyx': 4.097019412472834e-06, 'L_sep_weight_yyx': 7.275838451276067e-05, 'L_scale_weight_yyx': 7.43332492589108e-05, 'learning_rate_yyx': 0.006274847125556654}. Best is trial 39 with value: -0.47300654077677534.
[I 2026-03-18 17:15:25,307] Trial 25 pruned. 
[I 2026-03-18 17:15:25,535] Trial 36 pruned. 
[I 2026-03-18 17:15:28,619] Trial 20 pruned. 
[I 2026-03-18 17:15:29,524] Trial 14 finished with value: -0.5673958884636671 and parameters: {'n_layers_yyx': 1, 'hidden_size_yyx_l0': 6, 'context_size_yyx': 4, 'num_mix_components_yyx': 4, 'context_extractor_yyx': 'gru', 'activation_func_yyx': 'GELU', 'L2_weight_yyx': 6.328277847980265e-09, 'L_entropy_weight_yyx': 0.0005128495011861502, 'L_sep_weight_yyx': 1.4304858117779021e-05, 'L_scale_weight_yyx': 2.9329499701280478e-06, 'learning_rate_yyx': 0.009939038017593282}. Best is trial 13 with value: -0.5746682860992306.
[I 2026-03-18 17:15:30,667] Trial 47 pruned. 
[I 2026-03-18 17:15:31,939] Trial 6 finished with value: -2.94782599113953 and parameters: {'n_layers_yyx': 1, 'hidden_size_yyx_l0': 4, 'context_size_yyx': 3, 'num_mix_components_yyx': 3, 'context_extractor_yyx': 'gru', 'activation_func_yyx': 'ReLU', 'L2_weight_yyx': 1.1278746076457821e-10, 'L_entropy_weight_yyx': 6.919308386578055e-06, 'L_sep_weight_yyx': 4.915974904870958e-08, 'L_scale_weight_yyx': 0.00039785505437147745, 'learning_rate_yyx': 0.0032867071574691053}. Best is trial 0 with value: -2.957957273051406.
[I 2026-03-18 17:15:33,575] Trial 25 pruned. 
[I 2026-03-18 17:15:37,245] Trial 27 finished with value: -0.5730684429940036 and parameters: {'n_layers_yyx': 1, 'hidden_size_yyx_l0': 6, 'context_size_yyx': 4, 'num_mix_components_yyx': 3, 'context_extractor_yyx': 'lstm', 'activation_func_yyx': 'GELU', 'L2_weight_yyx': 0.0003337264067335813, 'L_entropy_weight_yyx': 0.0009166168171161307, 'L_sep_weight_yyx': 5.680030586578356e-06, 'L_scale_weight_yyx': 1.479806546323214e-07, 'learning_rate_yyx': 0.0010834698701296035}. Best is trial 15 with value: -0.5780454108278886.
[I 2026-03-18 17:15:38,917] Trial 26 pruned. 
[I 2026-03-18 17:15:39,266] Trial 22 pruned. 
[I 2026-03-18 17:15:40,427] Trial 15 pruned. 
[I 2026-03-18 17:15:42,904] Trial 27 pruned. 
[I 2026-03-18 17:15:49,396] Trial 37 pruned. 
[I 2026-03-18 17:15:50,579] Trial 27 pruned. 
[I 2026-03-18 17:15:52,617] Trial 48 pruned. 
[I 2026-03-18 17:15:52,705] Trial 16 pruned. 
[I 2026-03-18 17:15:54,470] Trial 28 pruned. 
[I 2026-03-18 17:15:58,424] Trial 28 pruned. 
[I 2026-03-18 17:16:03,058] Trial 8 pruned. 
[I 2026-03-18 17:16:05,565] Trial 49 pruned. 

Source events: 3828
Target events: 8618
Full model ln_yyx : 62.83858 nats/sec, 6.56239 nats/event
Full model Log loss : -0.56603
Full model ln_yyx : 61.96135 nats/sec, 6.47078 nats/event
Full model Log loss : -0.55303
Full model ln_yyx : 61.54866 nats/sec, 6.42769 nats/event
Full model Log loss : -0.55576
Full model ln_yyx : 61.97621 nats/sec, 6.47234 nats/event
Full model Log loss : -0.56589
Full model ln_yyx : 61.54600 nats/sec, 6.42741 nats/event
Full model Log loss : -0.55739
Optimization finished. Config saved to results/opt-full/opt_full_63_best_config.txt
[I 2026-03-18 17:16:06,111] Trial 6 finished with value: -2.9579473841169066 and parameters: {'n_layers_yyx': 2, 'hidden_size_yyx_l0': 3, 'hidden_size_yyx_l1': 5, 'context_size_yyx': 3, 'num_mix_components_yyx': 2, 'context_extractor_yyx': 'gru', 'activation_func_yyx': 'GELU', 'L2_weight_yyx': 9.675607788343465e-08, 'L_entropy_weight_yyx': 1.3583537848077025e-08, 'L_sep_weight_yyx': 0.0009953419695404012, 'L_scale_weight_yyx': 5.8922084117307025e-06, 'learning_rate_yyx': 0.008691407670350117}. Best is trial 5 with value: -2.9729516240610265.
[I 2026-03-18 17:16:07,443] Trial 29 pruned. 
[I 2026-03-18 17:16:10,495] Trial 38 pruned. 
[I 2026-03-18 17:16:11,852] Trial 34 finished with value: -0.5735646579747679 and parameters: {'n_layers_yyx': 1, 'hidden_size_yyx_l0': 5, 'context_size_yyx': 2, 'num_mix_components_yyx': 4, 'context_extractor_yyx': 'lstm', 'activation_func_yyx': 'ReLU', 'L2_weight_yyx': 1.5487052040339373e-05, 'L_entropy_weight_yyx': 2.9181335078144257e-07, 'L_sep_weight_yyx': 1.7153648814590122e-09, 'L_scale_weight_yyx': 3.5223624808467303e-09, 'learning_rate_yyx': 0.005274658361962851}. Best is trial 15 with value: -0.5782953233469631.
[I 2026-03-18 17:16:14,711] Trial 28 pruned. 
[I 2026-03-18 17:16:16,536] Trial 22 pruned. 
[I 2026-03-18 17:16:18,076] Trial 24 pruned. 
[I 2026-03-18 17:16:18,142] Trial 30 pruned. 
[I 2026-03-18 17:16:19,540] Trial 16 pruned. 
[I 2026-03-18 17:16:20,703] Trial 39 pruned. 
[I 2026-03-18 17:16:30,582] Trial 9 pruned. 
[I 2026-03-18 17:16:32,105] Trial 4 finished with value: -2.8397157085224407 and parameters: {'n_layers_yyx': 1, 'hidden_size_yyx_l0': 5, 'context_size_yyx': 4, 'num_mix_components_yyx': 1, 'context_extractor_yyx': 'gru', 'activation_func_yyx': 'GELU', 'L2_weight_yyx': 9.579357360128442e-08, 'L_entropy_weight_yyx': 9.827480705645878e-08, 'L_sep_weight_yyx': 2.371688732781326e-06, 'L_scale_weight_yyx': 9.99543286042099e-07, 'learning_rate_yyx': 0.004525779537909431}. Best is trial 3 with value: -2.95615718224045.
[I 2026-03-18 17:16:36,632] Trial 29 pruned. 
[I 2026-03-18 17:16:37,018] Trial 23 pruned. 
[I 2026-03-18 17:16:38,814] Trial 31 pruned. 
[I 2026-03-18 17:16:42,767] Trial 40 pruned. 
[I 2026-03-18 17:16:43,919] Trial 40 finished with value: -0.47338191643587946 and parameters: {'n_layers_yyx': 2, 'hidden_size_yyx_l0': 2, 'hidden_size_yyx_l1': 6, 'context_size_yyx': 1, 'num_mix_components_yyx': 5, 'context_extractor_yyx': 'lstm', 'activation_func_yyx': 'Tanh', 'L2_weight_yyx': 3.3866910403813586e-05, 'L_entropy_weight_yyx': 4.795815917414246e-05, 'L_sep_weight_yyx': 7.934143006547618e-05, 'L_scale_weight_yyx': 7.207910548626184e-05, 'learning_rate_yyx': 0.006359774007201807}. Best is trial 40 with value: -0.47338191643587946.
[I 2026-03-18 17:16:45,242] Trial 11 finished with value: -2.9178526396091575 and parameters: {'n_layers_yyx': 2, 'hidden_size_yyx_l0': 4, 'hidden_size_yyx_l1': 5, 'context_size_yyx': 4, 'num_mix_components_yyx': 4, 'context_extractor_yyx': 'gru', 'activation_func_yyx': 'GELU', 'L2_weight_yyx': 0.0005618620164709527, 'L_entropy_weight_yyx': 2.4310734419012558e-06, 'L_sep_weight_yyx': 2.6415344812582397e-06, 'L_scale_weight_yyx': 6.800674349985911e-09, 'learning_rate_yyx': 0.008113619382128623}. Best is trial 8 with value: -2.955956673037092.
[I 2026-03-18 17:16:46,426] Trial 23 finished with value: -0.574758663466085 and parameters: {'n_layers_yyx': 1, 'hidden_size_yyx_l0': 3, 'context_size_yyx': 3, 'num_mix_components_yyx': 5, 'context_extractor_yyx': 'gru', 'activation_func_yyx': 'ReLU', 'L2_weight_yyx': 9.880072469470063e-07, 'L_entropy_weight_yyx': 1.210364409900511e-07, 'L_sep_weight_yyx': 0.0009298830754733719, 'L_scale_weight_yyx': 0.0002720782075172153, 'learning_rate_yyx': 0.005120662709981237}. Best is trial 17 with value: -0.5864613361174992.
[I 2026-03-18 17:16:46,777] Trial 7 pruned. 
[I 2026-03-18 17:16:50,272] Trial 29 pruned. 
[I 2026-03-18 17:16:50,501] Trial 32 pruned. 
[I 2026-03-18 17:16:53,319] Trial 14 finished with value: -2.9363110917899804 and parameters: {'n_layers_yyx': 2, 'hidden_size_yyx_l0': 3, 'hidden_size_yyx_l1': 5, 'context_size_yyx': 3, 'num_mix_components_yyx': 2, 'context_extractor_yyx': 'gru', 'activation_func_yyx': 'ReLU', 'L2_weight_yyx': 4.491880331378015e-07, 'L_entropy_weight_yyx': 9.233116237774905e-08, 'L_sep_weight_yyx': 1.0418578103341198e-05, 'L_scale_weight_yyx': 2.8755948589855946e-09, 'learning_rate_yyx': 0.0013200867569605817}. Best is trial 14 with value: -2.9363110917899804.
[I 2026-03-18 17:16:54,234] Trial 41 pruned. 
[I 2026-03-18 17:16:56,248] Trial 11 finished with value: -2.9218333865197934 and parameters: {'n_layers_yyx': 1, 'hidden_size_yyx_l0': 6, 'context_size_yyx': 2, 'num_mix_components_yyx': 4, 'context_extractor_yyx': 'gru', 'activation_func_yyx': 'GELU', 'L2_weight_yyx': 2.5082365016444237e-07, 'L_entropy_weight_yyx': 2.5630713845207873e-05, 'L_sep_weight_yyx': 5.099046421187249e-06, 'L_scale_weight_yyx': 4.2581401283136265e-06, 'learning_rate_yyx': 0.009873691907998926}. Best is trial 9 with value: -2.9510968045279404.
[I 2026-03-18 17:16:58,345] Trial 30 pruned. 
[I 2026-03-18 17:16:59,086] Trial 10 pruned. 
[I 2026-03-18 17:16:59,414] Trial 24 pruned. 
[I 2026-03-18 17:17:00,260] Trial 35 finished with value: -0.5641145771766464 and parameters: {'n_layers_yyx': 1, 'hidden_size_yyx_l0': 6, 'context_size_yyx': 3, 'num_mix_components_yyx': 5, 'context_extractor_yyx': 'lstm', 'activation_func_yyx': 'ReLU', 'L2_weight_yyx': 0.0002401734424969577, 'L_entropy_weight_yyx': 7.614445405793605e-07, 'L_sep_weight_yyx': 6.145808159874831e-07, 'L_scale_weight_yyx': 8.526755259742514e-05, 'learning_rate_yyx': 0.009969886630807714}. Best is trial 15 with value: -0.5782953233469631.
[I 2026-03-18 17:17:00,871] Trial 26 finished with value: -0.5702404667619498 and parameters: {'n_layers_yyx': 1, 'hidden_size_yyx_l0': 6, 'context_size_yyx': 4, 'num_mix_components_yyx': 4, 'context_extractor_yyx': 'lstm', 'activation_func_yyx': 'ReLU', 'L2_weight_yyx': 9.945153195486656e-08, 'L_entropy_weight_yyx': 9.152109227703053e-07, 'L_sep_weight_yyx': 6.642051127891921e-06, 'L_scale_weight_yyx': 2.2667332241878905e-10, 'learning_rate_yyx': 0.001326450916180653}. Best is trial 1 with value: -0.5777964847779832.
[I 2026-03-18 17:17:01,168] Trial 8 pruned. 
[I 2026-03-18 17:17:01,639] Trial 21 finished with value: -0.5743689032007608 and parameters: {'n_layers_yyx': 1, 'hidden_size_yyx_l0': 3, 'context_size_yyx': 4, 'num_mix_components_yyx': 3, 'context_extractor_yyx': 'gru', 'activation_func_yyx': 'Tanh', 'L2_weight_yyx': 1.9737596101321604e-09, 'L_entropy_weight_yyx': 4.222247253504864e-06, 'L_sep_weight_yyx': 3.7556221386894096e-09, 'L_scale_weight_yyx': 1.4438420209777012e-08, 'learning_rate_yyx': 0.00921611529912989}. Best is trial 1 with value: -0.5818196838462861.
[I 2026-03-18 17:17:04,887] Trial 42 pruned. 
[I 2026-03-18 17:17:08,003] Trial 9 pruned. 
[I 2026-03-18 17:17:09,062] Trial 31 pruned. 
[I 2026-03-18 17:17:10,655] Trial 33 pruned. 
[I 2026-03-18 17:17:11,784] Trial 30 pruned. 
[I 2026-03-18 17:17:12,055] Trial 11 pruned. 
[I 2026-03-18 17:17:16,407] Trial 25 finished with value: -0.5696770039680408 and parameters: {'n_layers_yyx': 2, 'hidden_size_yyx_l0': 3, 'hidden_size_yyx_l1': 5, 'context_size_yyx': 4, 'num_mix_components_yyx': 5, 'context_extractor_yyx': 'lstm', 'activation_func_yyx': 'Tanh', 'L2_weight_yyx': 4.5749588166826756e-08, 'L_entropy_weight_yyx': 5.171158378336771e-07, 'L_sep_weight_yyx': 4.435509636734679e-05, 'L_scale_weight_yyx': 3.153853239380499e-10, 'learning_rate_yyx': 0.008132693459598116}. Best is trial 0 with value: -0.5748618229547262.
[I 2026-03-18 17:17:17,310] Trial 9 pruned. 
[I 2026-03-18 17:17:21,137] Trial 23 finished with value: -0.3911238631965944 and parameters: {'n_layers_yyx': 2, 'hidden_size_yyx_l0': 4, 'hidden_size_yyx_l1': 4, 'context_size_yyx': 3, 'num_mix_components_yyx': 3, 'context_extractor_yyx': 'gru', 'activation_func_yyx': 'Tanh', 'L2_weight_yyx': 4.3336289898873975e-07, 'L_entropy_weight_yyx': 1.271785941271524e-06, 'L_sep_weight_yyx': 1.3082423882309101e-05, 'L_scale_weight_yyx': 1.942206283828694e-05, 'learning_rate_yyx': 0.0037073406841685386}. Best is trial 12 with value: -0.46022137621238873.
[I 2026-03-18 17:17:23,811] Trial 36 pruned. 
[I 2026-03-18 17:17:24,090] Trial 15 pruned. 
[I 2026-03-18 17:17:24,242] Trial 27 pruned. 
[I 2026-03-18 17:17:24,864] Trial 25 pruned. 
[I 2026-03-18 17:17:27,227] Trial 22 pruned. 
[I 2026-03-18 17:17:35,524] Trial 10 pruned. 
[I 2026-03-18 17:17:38,782] Trial 34 pruned. 
[I 2026-03-18 17:17:40,960] Trial 17 finished with value: -0.5579177877434018 and parameters: {'n_layers_yyx': 1, 'hidden_size_yyx_l0': 4, 'context_size_yyx': 4, 'num_mix_components_yyx': 3, 'context_extractor_yyx': 'gru', 'activation_func_yyx': 'GELU', 'L2_weight_yyx': 4.649249109172976e-09, 'L_entropy_weight_yyx': 0.00013099790218117958, 'L_sep_weight_yyx': 3.5043452801157542e-06, 'L_scale_weight_yyx': 2.9981493443320846e-09, 'learning_rate_yyx': 0.005318273721747106}. Best is trial 13 with value: -0.5746682860992306.
[I 2026-03-18 17:17:41,059] Trial 10 finished with value: -2.8615680066300024 and parameters: {'n_layers_yyx': 1, 'hidden_size_yyx_l0': 6, 'context_size_yyx': 4, 'num_mix_components_yyx': 1, 'context_extractor_yyx': 'gru', 'activation_func_yyx': 'Tanh', 'L2_weight_yyx': 0.0006420845844960161, 'L_entropy_weight_yyx': 1.8778497288469358e-06, 'L_sep_weight_yyx': 2.8852006172354783e-07, 'L_scale_weight_yyx': 1.1845809425992885e-06, 'learning_rate_yyx': 0.003873969529356212}. Best is trial 0 with value: -2.973312761552399.
[I 2026-03-18 17:17:41,476] Trial 31 pruned. 
[I 2026-03-18 17:17:41,825] Trial 28 pruned. 
[I 2026-03-18 17:17:45,781] Trial 35 pruned. 
[I 2026-03-18 17:17:50,609] Trial 24 pruned. 
[I 2026-03-18 17:17:52,559] Trial 35 pruned. 
[I 2026-03-18 17:17:54,000] Trial 11 pruned. 
[I 2026-03-18 17:17:54,370] Trial 32 pruned. 
[I 2026-03-18 17:17:55,919] Trial 26 pruned. 
[I 2026-03-18 17:18:00,806] Trial 36 pruned. 
[I 2026-03-18 17:18:02,287] Trial 16 pruned. 
[I 2026-03-18 17:18:05,906] Trial 25 pruned. 
[I 2026-03-18 17:18:07,349] Trial 18 pruned. 
[I 2026-03-18 17:18:09,563] Trial 29 pruned. 
[I 2026-03-18 17:18:10,410] Trial 27 pruned. 
[I 2026-03-18 17:18:11,997] Trial 43 pruned. 
[I 2026-03-18 17:18:16,301] Trial 11 finished with value: -2.9409785422182297 and parameters: {'n_layers_yyx': 1, 'hidden_size_yyx_l0': 3, 'context_size_yyx': 2, 'num_mix_components_yyx': 5, 'context_extractor_yyx': 'gru', 'activation_func_yyx': 'Tanh', 'L2_weight_yyx': 1.222997313596421e-10, 'L_entropy_weight_yyx': 1.0332649899172199e-06, 'L_sep_weight_yyx': 3.939453554490166e-07, 'L_scale_weight_yyx': 1.8238311433548766e-07, 'learning_rate_yyx': 0.00911523599922062}. Best is trial 11 with value: -2.9409785422182297.
[I 2026-03-18 17:18:17,446] Trial 32 finished with value: -0.5610606365387508 and parameters: {'n_layers_yyx': 2, 'hidden_size_yyx_l0': 4, 'hidden_size_yyx_l1': 6, 'context_size_yyx': 4, 'num_mix_components_yyx': 4, 'context_extractor_yyx': 'gru', 'activation_func_yyx': 'GELU', 'L2_weight_yyx': 1.8694853821056345e-07, 'L_entropy_weight_yyx': 9.440680564851634e-09, 'L_sep_weight_yyx': 4.822221922605824e-08, 'L_scale_weight_yyx': 0.0009809518226277527, 'learning_rate_yyx': 0.0066779690790936316}. Best is trial 22 with value: -0.5821973965945237.
[I 2026-03-18 17:18:17,869] Trial 26 pruned. 
[I 2026-03-18 17:18:18,845] Trial 36 pruned. 
[I 2026-03-18 17:18:21,267] Trial 33 pruned. 
[I 2026-03-18 17:18:27,599] Trial 37 pruned. 
[I 2026-03-18 17:18:27,899] Trial 41 finished with value: -0.4583461041051906 and parameters: {'n_layers_yyx': 2, 'hidden_size_yyx_l0': 2, 'hidden_size_yyx_l1': 6, 'context_size_yyx': 1, 'num_mix_components_yyx': 5, 'context_extractor_yyx': 'lstm', 'activation_func_yyx': 'Tanh', 'L2_weight_yyx': 3.76969716468718e-05, 'L_entropy_weight_yyx': 5.826336260948185e-05, 'L_sep_weight_yyx': 0.00010328094049313805, 'L_scale_weight_yyx': 7.152548803481299e-05, 'learning_rate_yyx': 0.008302374791788119}. Best is trial 40 with value: -0.47338191643587946.
[I 2026-03-18 17:18:31,053] Trial 33 pruned. 
[I 2026-03-18 17:18:32,827] Trial 19 pruned. 
[I 2026-03-18 17:18:35,516] Trial 28 pruned. 
[I 2026-03-18 17:18:36,612] Trial 17 pruned. 
[I 2026-03-18 17:18:43,920] Trial 37 pruned. 
[I 2026-03-18 17:18:46,108] Trial 34 pruned. 
[I 2026-03-18 17:18:46,864] Trial 10 pruned. 
[I 2026-03-18 17:18:52,184] Trial 18 finished with value: -2.90918451983461 and parameters: {'n_layers_yyx': 2, 'hidden_size_yyx_l0': 5, 'hidden_size_yyx_l1': 6, 'context_size_yyx': 2, 'num_mix_components_yyx': 4, 'context_extractor_yyx': 'lstm', 'activation_func_yyx': 'GELU', 'L2_weight_yyx': 1.1557444676464173e-09, 'L_entropy_weight_yyx': 2.140859363404721e-09, 'L_sep_weight_yyx': 1.4620356226102763e-07, 'L_scale_weight_yyx': 1.5985749215100677e-07, 'learning_rate_yyx': 0.004151078159292678}. Best is trial 6 with value: -2.966045431578574.
[I 2026-03-18 17:18:53,997] Trial 18 pruned. 
[I 2026-03-18 17:18:54,794] Trial 38 pruned. 
[I 2026-03-18 17:18:57,117] Trial 24 finished with value: -0.5735150406744326 and parameters: {'n_layers_yyx': 1, 'hidden_size_yyx_l0': 3, 'context_size_yyx': 3, 'num_mix_components_yyx': 4, 'context_extractor_yyx': 'gru', 'activation_func_yyx': 'ReLU', 'L2_weight_yyx': 6.059607805550219e-07, 'L_entropy_weight_yyx': 1.112228805627742e-07, 'L_sep_weight_yyx': 0.000819961989425981, 'L_scale_weight_yyx': 0.0009584686704206655, 'learning_rate_yyx': 0.005092657235212782}. Best is trial 17 with value: -0.5864613361174992.
[I 2026-03-18 17:18:58,337] Trial 20 pruned. 
[I 2026-03-18 17:19:00,741] Trial 29 pruned. 
[I 2026-03-18 17:19:01,082] Trial 37 pruned. 
[I 2026-03-18 17:19:03,486] Trial 11 pruned. 
[I 2026-03-18 17:19:04,172] Trial 26 finished with value: -0.5749519064797004 and parameters: {'n_layers_yyx': 1, 'hidden_size_yyx_l0': 6, 'context_size_yyx': 3, 'num_mix_components_yyx': 4, 'context_extractor_yyx': 'lstm', 'activation_func_yyx': 'Tanh', 'L2_weight_yyx': 3.094888714198474e-09, 'L_entropy_weight_yyx': 0.0001660495924559086, 'L_sep_weight_yyx': 4.238517358655227e-07, 'L_scale_weight_yyx': 2.2526511275794763e-09, 'learning_rate_yyx': 0.006961476019012906}. Best is trial 26 with value: -0.5749519064797004.
[I 2026-03-18 17:19:06,721] Trial 39 pruned. 
[I 2026-03-18 17:19:10,032] Trial 30 pruned. 
[I 2026-03-18 17:19:10,066] Trial 19 pruned. 
[I 2026-03-18 17:19:10,254] Trial 17 finished with value: -2.953840585651869 and parameters: {'n_layers_yyx': 2, 'hidden_size_yyx_l0': 6, 'hidden_size_yyx_l1': 5, 'context_size_yyx': 2, 'num_mix_components_yyx': 4, 'context_extractor_yyx': 'gru', 'activation_func_yyx': 'Tanh', 'L2_weight_yyx': 4.277663557316606e-09, 'L_entropy_weight_yyx': 8.025641752156563e-09, 'L_sep_weight_yyx': 1.3515177898311684e-07, 'L_scale_weight_yyx': 4.0810400933790855e-10, 'learning_rate_yyx': 0.009983299963458678}. Best is trial 12 with value: -2.9595510816550052.
[I 2026-03-18 17:19:10,490] Trial 44 pruned. 
[I 2026-03-18 17:19:10,605] Trial 35 pruned. 
[I 2026-03-18 17:19:13,811] Trial 38 pruned. 
[I 2026-03-18 17:19:18,058] Trial 40 pruned. 
[I 2026-03-18 17:19:19,976] Trial 25 pruned. 
[I 2026-03-18 17:19:20,281] Trial 21 pruned. 
[I 2026-03-18 17:19:21,567] Trial 42 pruned. 
[I 2026-03-18 17:19:22,864] Trial 19 pruned. 
[I 2026-03-18 17:19:23,017] Trial 45 pruned. 
[I 2026-03-18 17:19:23,415] Trial 30 pruned. 
[I 2026-03-18 17:19:25,430] Trial 39 pruned. 
[I 2026-03-18 17:19:26,275] Trial 11 finished with value: -2.968961453113181 and parameters: {'n_layers_yyx': 1, 'hidden_size_yyx_l0': 5, 'context_size_yyx': 3, 'num_mix_components_yyx': 2, 'context_extractor_yyx': 'gru', 'activation_func_yyx': 'GELU', 'L2_weight_yyx': 9.250802735274751e-06, 'L_entropy_weight_yyx': 1.2413971842746217e-06, 'L_sep_weight_yyx': 1.344055468034498e-10, 'L_scale_weight_yyx': 1.6647505987980578e-09, 'learning_rate_yyx': 0.0035572679123182594}. Best is trial 0 with value: -2.9702180140077377.
[I 2026-03-18 17:19:28,681] Trial 41 pruned. 
[I 2026-03-18 17:19:29,324] Trial 34 pruned. 
[I 2026-03-18 17:19:30,574] Trial 23 finished with value: -0.5844188202198138 and parameters: {'n_layers_yyx': 1, 'hidden_size_yyx_l0': 4, 'context_size_yyx': 4, 'num_mix_components_yyx': 3, 'context_extractor_yyx': 'gru', 'activation_func_yyx': 'Tanh', 'L2_weight_yyx': 8.411582100394747e-09, 'L_entropy_weight_yyx': 4.808248537187979e-05, 'L_sep_weight_yyx': 8.730123218068258e-10, 'L_scale_weight_yyx': 2.5491411671341975e-07, 'learning_rate_yyx': 0.003104731453978165}. Best is trial 23 with value: -0.5844188202198138.
[I 2026-03-18 17:19:33,663] Trial 36 pruned. 
[I 2026-03-18 17:19:35,135] Trial 12 pruned. 
[I 2026-03-18 17:19:35,724] Trial 46 pruned. 
[I 2026-03-18 17:19:36,779] Trial 31 pruned. 
[I 2026-03-18 17:19:37,659] Trial 40 pruned. 
[I 2026-03-18 17:19:40,879] Trial 38 pruned. 
[I 2026-03-18 17:19:40,982] Trial 12 pruned. 
[I 2026-03-18 17:19:43,422] Trial 22 pruned. 
[I 2026-03-18 17:19:48,619] Trial 47 pruned. 
[I 2026-03-18 17:19:50,709] Trial 13 pruned. 
[I 2026-03-18 17:19:53,164] Trial 39 pruned. 
[I 2026-03-18 17:19:53,213] Trial 24 pruned. 
[I 2026-03-18 17:19:56,500] Trial 13 pruned. 
[I 2026-03-18 17:19:57,519] Trial 37 pruned. 
[I 2026-03-18 17:19:58,459] Trial 32 pruned. 
[I 2026-03-18 17:19:58,838] Trial 48 pruned. 
[I 2026-03-18 17:20:06,505] Trial 31 pruned. 
[I 2026-03-18 17:20:08,437] Trial 38 pruned. 
[I 2026-03-18 17:20:09,153] Trial 14 pruned. 
[I 2026-03-18 17:20:10,196] Trial 43 pruned. 
[I 2026-03-18 17:20:11,776] Trial 26 pruned. 
[I 2026-03-18 17:20:12,138] Trial 17 pruned. 
[I 2026-03-18 17:20:12,759] Trial 25 pruned. 
[I 2026-03-18 17:20:15,106] Trial 27 finished with value: -0.43310513806416895 and parameters: {'n_layers_yyx': 2, 'hidden_size_yyx_l0': 4, 'hidden_size_yyx_l1': 3, 'context_size_yyx': 3, 'num_mix_components_yyx': 4, 'context_extractor_yyx': 'gru', 'activation_func_yyx': 'Tanh', 'L2_weight_yyx': 1.004604597289156e-05, 'L_entropy_weight_yyx': 1.0675812147223689e-07, 'L_sep_weight_yyx': 7.954306044717284e-06, 'L_scale_weight_yyx': 1.8828130784729187e-05, 'learning_rate_yyx': 0.0037709115946607643}. Best is trial 12 with value: -0.46022137621238873.
[I 2026-03-18 17:20:16,521] Trial 6 finished with value: -2.395621841330531 and parameters: {'n_layers_yyx': 2, 'hidden_size_yyx_l0': 3, 'hidden_size_yyx_l1': 2, 'context_size_yyx': 4, 'num_mix_components_yyx': 2, 'context_extractor_yyx': 'gru', 'activation_func_yyx': 'ReLU', 'L2_weight_yyx': 5.5836752684073184e-09, 'L_entropy_weight_yyx': 4.0751396555431845e-10, 'L_sep_weight_yyx': 4.597563150658648e-08, 'L_scale_weight_yyx': 1.3343766633712753e-10, 'learning_rate_yyx': 0.003161088528964804}. Best is trial 4 with value: -2.961367919552152.
[I 2026-03-18 17:20:18,190] Trial 5 pruned. 
[I 2026-03-18 17:20:18,300] Trial 39 pruned. 
[I 2026-03-18 17:20:25,989] Trial 18 pruned. 
[I 2026-03-18 17:20:26,554] Trial 18 pruned. 
[I 2026-03-18 17:20:29,176] Trial 41 pruned. 
[I 2026-03-18 17:20:29,351] Trial 7 pruned. 
[I 2026-03-18 17:20:29,605] Trial 35 finished with value: -0.5733195518693045 and parameters: {'n_layers_yyx': 2, 'hidden_size_yyx_l0': 5, 'hidden_size_yyx_l1': 6, 'context_size_yyx': 3, 'num_mix_components_yyx': 4, 'context_extractor_yyx': 'gru', 'activation_func_yyx': 'Tanh', 'L2_weight_yyx': 1.8745028774373788e-05, 'L_entropy_weight_yyx': 9.185952528630336e-08, 'L_sep_weight_yyx': 6.337835965424463e-10, 'L_scale_weight_yyx': 4.252648600825534e-05, 'learning_rate_yyx': 0.004161816526910072}. Best is trial 22 with value: -0.5821973965945237.
[I 2026-03-18 17:20:29,756] Trial 27 finished with value: -0.5752265017167082 and parameters: {'n_layers_yyx': 1, 'hidden_size_yyx_l0': 6, 'context_size_yyx': 3, 'num_mix_components_yyx': 4, 'context_extractor_yyx': 'lstm', 'activation_func_yyx': 'Tanh', 'L2_weight_yyx': 3.1131866582204914e-09, 'L_entropy_weight_yyx': 0.0003966466523984496, 'L_sep_weight_yyx': 4.851650325303392e-07, 'L_scale_weight_yyx': 2.0369070688961278e-08, 'learning_rate_yyx': 0.006991959961837457}. Best is trial 27 with value: -0.5752265017167082.
[I 2026-03-18 17:20:30,714] Trial 6 pruned. 
[I 2026-03-18 17:20:31,618] Trial 26 pruned. 
[I 2026-03-18 17:20:33,090] Trial 23 pruned. 
[I 2026-03-18 17:20:33,368] Trial 42 finished with value: -0.5746915625738802 and parameters: {'n_layers_yyx': 1, 'hidden_size_yyx_l0': 5, 'context_size_yyx': 2, 'num_mix_components_yyx': 4, 'context_extractor_yyx': 'lstm', 'activation_func_yyx': 'ReLU', 'L2_weight_yyx': 1.4209652452071571e-05, 'L_entropy_weight_yyx': 1.2148758351924687e-06, 'L_sep_weight_yyx': 1.8971760305676316e-10, 'L_scale_weight_yyx': 1.3817900017557064e-09, 'learning_rate_yyx': 0.008451459905614791}. Best is trial 15 with value: -0.5782953233469631.
[I 2026-03-18 17:20:38,679] Trial 42 pruned. 
[I 2026-03-18 17:20:39,192] Trial 15 pruned. 
[I 2026-03-18 17:20:39,835] Trial 19 pruned. 
[I 2026-03-18 17:20:39,879] Trial 28 pruned. 
[I 2026-03-18 17:20:41,137] Trial 36 pruned. 
[I 2026-03-18 17:20:41,644] Trial 8 pruned. 
[I 2026-03-18 17:20:41,758] Trial 27 pruned. 
[I 2026-03-18 17:20:41,759] Trial 40 pruned. 
[I 2026-03-18 17:20:42,815] Trial 24 pruned. 
[I 2026-03-18 17:20:43,664] Trial 7 pruned. 
[I 2026-03-18 17:20:45,587] Trial 49 pruned. 

Source events: 3828
Target events: 1872
Full model ln_yyx : 13.78319 nats/sec, 6.62654 nats/event
Full model Log loss : -0.60839
Full model ln_yyx : 13.75538 nats/sec, 6.61316 nats/event
Full model Log loss : -0.61056
Full model ln_yyx : 13.73070 nats/sec, 6.60130 nats/event
Full model Log loss : -0.61138
Full model ln_yyx : 13.93090 nats/sec, 6.69755 nats/event
Full model Log loss : -0.60875
Full model ln_yyx : 13.52938 nats/sec, 6.50451 nats/event
Full model Log loss : -0.60449
Full model ln_yyx : 13.99293 nats/sec, 6.72737 nats/event
Full model Log loss : -0.60363
Full model ln_yyx : 13.32175 nats/sec, 6.40469 nats/event
Full model Log loss : -0.56605
Full model ln_yyx : 13.78943 nats/sec, 6.62953 nats/event
Full model Log loss : -0.60724
Optimization finished. Config saved to results/opt-full/opt_full_62_best_config.txt
[I 2026-03-18 17:20:51,872] Trial 8 finished with value: -2.804995289706571 and parameters: {'n_layers_yyx': 2, 'hidden_size_yyx_l0': 5, 'hidden_size_yyx_l1': 6, 'context_size_yyx': 1, 'num_mix_components_yyx': 1, 'context_extractor_yyx': 'gru', 'activation_func_yyx': 'GELU', 'L2_weight_yyx': 5.275813099641826e-05, 'L_entropy_weight_yyx': 2.6485964691271557e-08, 'L_sep_weight_yyx': 6.722013135113273e-08, 'L_scale_weight_yyx': 6.256322069315603e-06, 'learning_rate_yyx': 0.0016583037280078724}. Best is trial 1 with value: -2.875781089897074.
[I 2026-03-18 17:20:51,977] Trial 43 pruned. 
[I 2026-03-18 17:20:52,109] Trial 10 pruned. 
[I 2026-03-18 17:20:52,444] Trial 41 pruned. 
[I 2026-03-18 17:20:52,932] Trial 20 pruned. 
[I 2026-03-18 17:20:54,293] Trial 19 pruned. 
[I 2026-03-18 17:20:55,757] Trial 28 pruned. 
[I 2026-03-18 17:20:58,164] Trial 43 pruned. 
[I 2026-03-18 17:20:58,347] Trial 12 pruned. 
[I 2026-03-18 17:21:00,294] Trial 37 pruned. 
[I 2026-03-18 17:21:01,853] Trial 32 finished with value: -0.575409313343578 and parameters: {'n_layers_yyx': 1, 'hidden_size_yyx_l0': 6, 'context_size_yyx': 3, 'num_mix_components_yyx': 5, 'context_extractor_yyx': 'gru', 'activation_func_yyx': 'GELU', 'L2_weight_yyx': 4.344577080475491e-09, 'L_entropy_weight_yyx': 2.0663476571029492e-10, 'L_sep_weight_yyx': 2.306692698608129e-06, 'L_scale_weight_yyx': 1.1122808263805657e-10, 'learning_rate_yyx': 0.009904053450835254}. Best is trial 1 with value: -0.5777964847779832.
[I 2026-03-18 17:21:05,729] Trial 11 pruned. 
[I 2026-03-18 17:21:09,411] Trial 44 pruned. 
[I 2026-03-18 17:21:09,714] Trial 38 pruned. 
[I 2026-03-18 17:21:09,940] Trial 44 pruned. 
[I 2026-03-18 17:21:11,085] Trial 33 pruned. 
[I 2026-03-18 17:21:11,452] Trial 42 pruned. 
[I 2026-03-18 17:21:20,872] Trial 33 finished with value: -0.5823817613856173 and parameters: {'n_layers_yyx': 2, 'hidden_size_yyx_l0': 5, 'hidden_size_yyx_l1': 5, 'context_size_yyx': 2, 'num_mix_components_yyx': 4, 'context_extractor_yyx': 'lstm', 'activation_func_yyx': 'GELU', 'L2_weight_yyx': 5.605997606532918e-05, 'L_entropy_weight_yyx': 2.3868597854913703e-08, 'L_sep_weight_yyx': 1.5606322633739722e-06, 'L_scale_weight_yyx': 3.4111767537406797e-07, 'learning_rate_yyx': 0.0072105760153521265}. Best is trial 33 with value: -0.5823817613856173.
[I 2026-03-18 17:21:21,134] Trial 34 pruned. 
[I 2026-03-18 17:21:21,593] Trial 20 pruned. 
[I 2026-03-18 17:21:21,953] Trial 20 finished with value: -2.9023057376863495 and parameters: {'n_layers_yyx': 2, 'hidden_size_yyx_l0': 5, 'hidden_size_yyx_l1': 5, 'context_size_yyx': 4, 'num_mix_components_yyx': 4, 'context_extractor_yyx': 'lstm', 'activation_func_yyx': 'GELU', 'L2_weight_yyx': 1.1513178519483848e-05, 'L_entropy_weight_yyx': 2.1698728551594587e-05, 'L_sep_weight_yyx': 2.0604544927584346e-07, 'L_scale_weight_yyx': 4.049753278836737e-09, 'learning_rate_yyx': 0.009752700356058365}. Best is trial 6 with value: -2.966045431578574.
[I 2026-03-18 17:21:23,207] Trial 29 finished with value: -0.5520222911808481 and parameters: {'n_layers_yyx': 1, 'hidden_size_yyx_l0': 6, 'context_size_yyx': 3, 'num_mix_components_yyx': 4, 'context_extractor_yyx': 'lstm', 'activation_func_yyx': 'ReLU', 'L2_weight_yyx': 4.497812720207341e-10, 'L_entropy_weight_yyx': 0.0002260359481164832, 'L_sep_weight_yyx': 2.5076780249368546e-09, 'L_scale_weight_yyx': 2.6485096923570377e-06, 'learning_rate_yyx': 0.009784609990426043}. Best is trial 27 with value: -0.5752265017167082.
[I 2026-03-18 17:21:27,868] Trial 45 pruned. 
[I 2026-03-18 17:21:28,608] Trial 39 pruned. 
[I 2026-03-18 17:21:28,698] Trial 45 pruned. 
[I 2026-03-18 17:21:30,362] Trial 43 pruned. 
[I 2026-03-18 17:21:30,717] Trial 35 pruned. 
[I 2026-03-18 17:21:33,626] Trial 30 pruned. 
[I 2026-03-18 17:21:37,487] Trial 29 pruned. 
[I 2026-03-18 17:21:37,649] Trial 27 finished with value: -0.5629691395503783 and parameters: {'n_layers_yyx': 1, 'hidden_size_yyx_l0': 3, 'context_size_yyx': 3, 'num_mix_components_yyx': 1, 'context_extractor_yyx': 'gru', 'activation_func_yyx': 'ReLU', 'L2_weight_yyx': 0.0002006373980989812, 'L_entropy_weight_yyx': 1.1166869810086719e-09, 'L_sep_weight_yyx': 0.0002863554324246797, 'L_scale_weight_yyx': 6.009242752118638e-06, 'learning_rate_yyx': 0.0075315313695816415}. Best is trial 17 with value: -0.5864613361174992.
[I 2026-03-18 17:21:38,612] Trial 40 pruned. 
[I 2026-03-18 17:21:39,982] Trial 34 pruned. 
[I 2026-03-18 17:21:45,141] Trial 28 finished with value: -0.5575911615049003 and parameters: {'n_layers_yyx': 1, 'hidden_size_yyx_l0': 5, 'context_size_yyx': 4, 'num_mix_components_yyx': 4, 'context_extractor_yyx': 'gru', 'activation_func_yyx': 'ReLU', 'L2_weight_yyx': 5.042067556100019e-08, 'L_entropy_weight_yyx': 2.643376504749562e-07, 'L_sep_weight_yyx': 4.747146023445161e-08, 'L_scale_weight_yyx': 7.265516443291088e-09, 'learning_rate_yyx': 0.004805187832868182}. Best is trial 23 with value: -0.5844188202198138.
[I 2026-03-18 17:21:46,526] Trial 30 pruned. 
[I 2026-03-18 17:21:46,858] Trial 46 pruned. 
[I 2026-03-18 17:21:49,338] Trial 21 pruned. 
[I 2026-03-18 17:21:49,754] Trial 35 pruned. 
[I 2026-03-18 17:21:49,976] Trial 36 pruned. 
[I 2026-03-18 17:21:54,067] Trial 8 pruned. 
[I 2026-03-18 17:21:54,551] Trial 29 pruned. 
[I 2026-03-18 17:21:54,564] Trial 44 finished with value: -0.46261247097523217 and parameters: {'n_layers_yyx': 2, 'hidden_size_yyx_l0': 2, 'hidden_size_yyx_l1': 6, 'context_size_yyx': 1, 'num_mix_components_yyx': 5, 'context_extractor_yyx': 'lstm', 'activation_func_yyx': 'Tanh', 'L2_weight_yyx': 6.891809215126056e-05, 'L_entropy_weight_yyx': 5.304131135995281e-06, 'L_sep_weight_yyx': 4.056165866036507e-05, 'L_scale_weight_yyx': 2.036043280683862e-05, 'learning_rate_yyx': 0.0055022197144468914}. Best is trial 40 with value: -0.47338191643587946.
[I 2026-03-18 17:21:58,004] Trial 41 pruned. 
[I 2026-03-18 17:21:58,520] Trial 28 pruned. 
[I 2026-03-18 17:22:04,178] Trial 31 pruned. 
[I 2026-03-18 17:22:04,383] Trial 12 finished with value: -2.949499082480869 and parameters: {'n_layers_yyx': 2, 'hidden_size_yyx_l0': 4, 'hidden_size_yyx_l1': 4, 'context_size_yyx': 4, 'num_mix_components_yyx': 4, 'context_extractor_yyx': 'gru', 'activation_func_yyx': 'GELU', 'L2_weight_yyx': 6.288934265658869e-06, 'L_entropy_weight_yyx': 3.4948378542790875e-06, 'L_sep_weight_yyx': 4.801760954145014e-06, 'L_scale_weight_yyx': 0.0009069019130797485, 'learning_rate_yyx': 0.009937216240519497}. Best is trial 8 with value: -2.955956673037092.
[I 2026-03-18 17:22:04,937] Trial 45 pruned. 
[I 2026-03-18 17:22:06,913] Trial 47 pruned. 
[I 2026-03-18 17:22:07,894] Trial 42 pruned. 
[I 2026-03-18 17:22:07,905] Trial 9 pruned. 
[I 2026-03-18 17:22:09,461] Trial 29 pruned. 
[I 2026-03-18 17:22:13,554] Trial 46 pruned. 
[I 2026-03-18 17:22:14,798] Trial 46 pruned. 
[I 2026-03-18 17:22:17,521] Trial 13 pruned. 
[I 2026-03-18 17:22:18,021] Trial 43 pruned. 
[I 2026-03-18 17:22:20,303] Trial 40 finished with value: -0.5565509612491403 and parameters: {'n_layers_yyx': 1, 'hidden_size_yyx_l0': 2, 'context_size_yyx': 4, 'num_mix_components_yyx': 2, 'context_extractor_yyx': 'lstm', 'activation_func_yyx': 'Tanh', 'L2_weight_yyx': 2.7106931478851833e-06, 'L_entropy_weight_yyx': 0.00041689866372221696, 'L_sep_weight_yyx': 2.2687848602512646e-07, 'L_scale_weight_yyx': 2.9235961859271837e-05, 'learning_rate_yyx': 0.002635618383409301}. Best is trial 15 with value: -0.5780454108278886.
[I 2026-03-18 17:22:20,639] Trial 10 pruned. 
[I 2026-03-18 17:22:23,723] Trial 47 pruned. 
[I 2026-03-18 17:22:23,972] Trial 31 finished with value: -0.5745063582345576 and parameters: {'n_layers_yyx': 1, 'hidden_size_yyx_l0': 6, 'context_size_yyx': 4, 'num_mix_components_yyx': 5, 'context_extractor_yyx': 'lstm', 'activation_func_yyx': 'Tanh', 'L2_weight_yyx': 5.068985656560501e-09, 'L_entropy_weight_yyx': 0.00013854458969501541, 'L_sep_weight_yyx': 6.802263484868654e-07, 'L_scale_weight_yyx': 1.6337616634069588e-08, 'learning_rate_yyx': 0.0077141079565933995}. Best is trial 27 with value: -0.5752265017167082.
[I 2026-03-18 17:22:24,957] Trial 11 finished with value: -2.9469286007046884 and parameters: {'n_layers_yyx': 2, 'hidden_size_yyx_l0': 3, 'hidden_size_yyx_l1': 6, 'context_size_yyx': 2, 'num_mix_components_yyx': 5, 'context_extractor_yyx': 'gru', 'activation_func_yyx': 'Tanh', 'L2_weight_yyx': 1.4068755025424775e-06, 'L_entropy_weight_yyx': 2.743146709069608e-07, 'L_sep_weight_yyx': 7.067665872857376e-07, 'L_scale_weight_yyx': 1.2958262402150739e-05, 'learning_rate_yyx': 0.008945220308801313}. Best is trial 0 with value: -2.973312761552399.
[I 2026-03-18 17:22:25,200] Trial 32 pruned. 
[I 2026-03-18 17:22:25,470] Trial 25 finished with value: -0.5701838182451965 and parameters: {'n_layers_yyx': 1, 'hidden_size_yyx_l0': 5, 'context_size_yyx': 3, 'num_mix_components_yyx': 3, 'context_extractor_yyx': 'gru', 'activation_func_yyx': 'GELU', 'L2_weight_yyx': 5.756991443581417e-07, 'L_entropy_weight_yyx': 2.3575336897150246e-09, 'L_sep_weight_yyx': 2.6198564301504527e-09, 'L_scale_weight_yyx': 1.5154281206698742e-08, 'learning_rate_yyx': 0.004368654118537017}. Best is trial 13 with value: -0.5746682860992306.
[I 2026-03-18 17:22:26,780] Trial 48 pruned. 
[I 2026-03-18 17:22:27,904] Trial 30 pruned. 
[I 2026-03-18 17:22:28,184] Trial 44 pruned. 
[I 2026-03-18 17:22:30,646] Trial 14 pruned. 
[I 2026-03-18 17:22:32,203] Trial 47 pruned. 
[I 2026-03-18 17:22:34,084] Trial 48 pruned. 
[I 2026-03-18 17:22:36,714] Trial 26 pruned. 
[I 2026-03-18 17:22:36,818] Trial 49 pruned. 

Source events: 3828
Target events: 27060
Full model ln_yyx : 194.44733 nats/sec, 6.46721 nats/event
Full model Log loss : -0.56830
Full model ln_yyx : 205.00736 nats/sec, 6.81843 nats/event
Full model Log loss : -0.58363
Full model ln_yyx : 194.94357 nats/sec, 6.48371 nats/event
Full model Log loss : -0.58107
Full model ln_yyx : 195.42843 nats/sec, 6.49984 nats/event
Full model Log loss : -0.57559
Full model ln_yyx : 197.01522 nats/sec, 6.55261 nats/event
Full model Log loss : -0.57729
Full model ln_yyx : 195.16100 nats/sec, 6.49094 nats/event
Full model Log loss : -0.56699
Full model ln_yyx : 199.29046 nats/sec, 6.62829 nats/event
Full model Log loss : -0.58278
Full model ln_yyx : 194.36520 nats/sec, 6.46447 nats/event
Full model Log loss : -0.56953
Optimization finished. Config saved to results/opt-full/opt_full_58_best_config.txt
[I 2026-03-18 17:22:37,863] Trial 31 pruned. 
[I 2026-03-18 17:22:38,303] Trial 7 finished with value: -2.8486994019643768 and parameters: {'n_layers_yyx': 2, 'hidden_size_yyx_l0': 3, 'hidden_size_yyx_l1': 6, 'context_size_yyx': 4, 'num_mix_components_yyx': 1, 'context_extractor_yyx': 'gru', 'activation_func_yyx': 'GELU', 'L2_weight_yyx': 1.8342293299585014e-10, 'L_entropy_weight_yyx': 0.0002511545481680856, 'L_sep_weight_yyx': 2.8185601501496543e-10, 'L_scale_weight_yyx': 1.0436231035782107e-08, 'learning_rate_yyx': 0.0032285763466725075}. Best is trial 5 with value: -2.9729516240610265.
[I 2026-03-18 17:22:38,588] Trial 45 pruned. 
[I 2026-03-18 17:22:41,971] Trial 30 pruned. 
[I 2026-03-18 17:22:42,677] Trial 33 pruned. 
[I 2026-03-18 17:22:43,148] Trial 15 pruned. 
[I 2026-03-18 17:22:45,328] Trial 27 pruned. 
[I 2026-03-18 17:22:47,338] Trial 11 pruned. 
[I 2026-03-18 17:22:50,983] Trial 34 pruned. 
[I 2026-03-18 17:22:51,832] Trial 44 finished with value: -0.5748796843432986 and parameters: {'n_layers_yyx': 2, 'hidden_size_yyx_l0': 5, 'hidden_size_yyx_l1': 5, 'context_size_yyx': 4, 'num_mix_components_yyx': 3, 'context_extractor_yyx': 'gru', 'activation_func_yyx': 'Tanh', 'L2_weight_yyx': 2.46719667137495e-10, 'L_entropy_weight_yyx': 5.095521594636091e-07, 'L_sep_weight_yyx': 1.2277475696006719e-09, 'L_scale_weight_yyx': 7.305615834539687e-08, 'learning_rate_yyx': 0.003518007080289752}. Best is trial 6 with value: -0.5907732977991746.
[I 2026-03-18 17:22:56,447] Trial 46 pruned. 
[I 2026-03-18 17:22:58,775] Trial 12 pruned. 
[I 2026-03-18 17:23:00,461] Trial 31 pruned. 
[I 2026-03-18 17:23:02,964] Trial 22 pruned. 
[I 2026-03-18 17:23:06,039] Trial 41 pruned. 
[I 2026-03-18 17:23:06,735] Trial 47 pruned. 
[I 2026-03-18 17:23:10,243] Trial 16 pruned. 
[I 2026-03-18 17:23:10,273] Trial 32 pruned. 
[I 2026-03-18 17:23:10,562] Trial 13 pruned. 
[I 2026-03-18 17:23:12,766] Trial 37 finished with value: -0.5625105153415685 and parameters: {'n_layers_yyx': 1, 'hidden_size_yyx_l0': 3, 'context_size_yyx': 1, 'num_mix_components_yyx': 1, 'context_extractor_yyx': 'lstm', 'activation_func_yyx': 'ReLU', 'L2_weight_yyx': 2.9077984390218177e-06, 'L_entropy_weight_yyx': 3.6090130284960884e-10, 'L_sep_weight_yyx': 1.3615600560223842e-09, 'L_scale_weight_yyx': 2.1701509940636893e-10, 'learning_rate_yyx': 0.009739179528701167}. Best is trial 1 with value: -0.5777964847779832.
[I 2026-03-18 17:23:13,892] Trial 36 finished with value: -0.579265694178774 and parameters: {'n_layers_yyx': 1, 'hidden_size_yyx_l0': 5, 'context_size_yyx': 1, 'num_mix_components_yyx': 4, 'context_extractor_yyx': 'gru', 'activation_func_yyx': 'GELU', 'L2_weight_yyx': 1.897949696550708e-10, 'L_entropy_weight_yyx': 1.7484112160433062e-08, 'L_sep_weight_yyx': 7.75241316951151e-08, 'L_scale_weight_yyx': 1.6016626844632013e-07, 'learning_rate_yyx': 0.0054834879383187565}. Best is trial 33 with value: -0.5823817613856173.
[I 2026-03-18 17:23:18,448] Trial 49 pruned. 

Source events: 3828
Target events: 14713
Full model ln_yyx : 106.89711 nats/sec, 6.53894 nats/event
Full model Log loss : -0.57170
Full model ln_yyx : 106.04226 nats/sec, 6.48665 nats/event
Full model Log loss : -0.56235
Full model ln_yyx : 105.85572 nats/sec, 6.47524 nats/event
Full model Log loss : -0.57289
Full model ln_yyx : 107.29584 nats/sec, 6.56333 nats/event
Full model Log loss : -0.57017
Full model ln_yyx : 106.98138 nats/sec, 6.54409 nats/event
Full model Log loss : -0.57705
Full model ln_yyx : 108.73734 nats/sec, 6.65151 nats/event
Full model Log loss : -0.57507
Full model ln_yyx : 108.15389 nats/sec, 6.61582 nats/event
Full model Log loss : -0.56608
Full model ln_yyx : 107.80124 nats/sec, 6.59424 nats/event
Full model Log loss : -0.57830
Full model ln_yyx : 103.96257 nats/sec, 6.35943 nats/event
Full model Log loss : -0.55520
Full model ln_yyx : 109.17935 nats/sec, 6.67854 nats/event
Full model Log loss : -0.57413
Full model ln_yyx : 106.14888 nats/sec, 6.49317 nats/event
Full model Log loss : -0.57356
Full model ln_yyx : 105.23682 nats/sec, 6.43738 nats/event
Full model Log loss : -0.56411
Full model ln_yyx : 108.13524 nats/sec, 6.61468 nats/event
Full model Log loss : -0.57469
Optimization finished. Config saved to results/opt-full/opt_full_53_best_config.txt
[I 2026-03-18 17:23:22,407] Trial 37 pruned. 
[I 2026-03-18 17:23:23,986] Trial 12 finished with value: -2.9331557311857823 and parameters: {'n_layers_yyx': 1, 'hidden_size_yyx_l0': 5, 'context_size_yyx': 2, 'num_mix_components_yyx': 3, 'context_extractor_yyx': 'gru', 'activation_func_yyx': 'GELU', 'L2_weight_yyx': 1.6535349436807047e-07, 'L_entropy_weight_yyx': 5.164914692112361e-08, 'L_sep_weight_yyx': 9.947349354491458e-06, 'L_scale_weight_yyx': 1.0552723194591583e-09, 'learning_rate_yyx': 0.005757992925722868}. Best is trial 9 with value: -2.9510968045279404.
[I 2026-03-18 17:23:26,720] Trial 48 finished with value: -0.4415303044274865 and parameters: {'n_layers_yyx': 2, 'hidden_size_yyx_l0': 3, 'hidden_size_yyx_l1': 6, 'context_size_yyx': 1, 'num_mix_components_yyx': 5, 'context_extractor_yyx': 'lstm', 'activation_func_yyx': 'Tanh', 'L2_weight_yyx': 0.00024399950251992753, 'L_entropy_weight_yyx': 4.11967112399899e-06, 'L_sep_weight_yyx': 3.192529908191207e-05, 'L_scale_weight_yyx': 9.797151529749981e-05, 'learning_rate_yyx': 0.00868043014120754}. Best is trial 40 with value: -0.47338191643587946.
[I 2026-03-18 17:23:31,489] Trial 35 pruned. 
[I 2026-03-18 17:23:31,735] Trial 38 pruned. 
[I 2026-03-18 17:23:32,712] Trial 32 finished with value: -0.5769778412998624 and parameters: {'n_layers_yyx': 1, 'hidden_size_yyx_l0': 4, 'context_size_yyx': 4, 'num_mix_components_yyx': 5, 'context_extractor_yyx': 'gru', 'activation_func_yyx': 'ReLU', 'L2_weight_yyx': 1.7323815921889452e-07, 'L_entropy_weight_yyx': 1.5232153642108053e-07, 'L_sep_weight_yyx': 9.703567726253273e-05, 'L_scale_weight_yyx': 6.200207019947108e-05, 'learning_rate_yyx': 0.008782563978772974}. Best is trial 17 with value: -0.5864613361174992.
[I 2026-03-18 17:23:35,933] Trial 45 pruned. 
[I 2026-03-18 17:23:36,010] Trial 14 pruned. 
[I 2026-03-18 17:23:41,180] Trial 39 pruned. 
[I 2026-03-18 17:23:41,365] Trial 33 pruned. 
[I 2026-03-18 17:23:42,603] Trial 49 pruned. 

Source events: 1783
Target events: 16159
Full model ln_yyx : 51.00741 nats/sec, 2.84093 nats/event
Full model Log loss : -0.38948
Full model ln_yyx : 53.34307 nats/sec, 2.97102 nats/event
Full model Log loss : -0.41938
Full model ln_yyx : 52.74626 nats/sec, 2.93778 nats/event
Full model Log loss : -0.42719
Full model ln_yyx : 51.84106 nats/sec, 2.88737 nats/event
Full model Log loss : -0.38642
Full model ln_yyx : 52.29497 nats/sec, 2.91265 nats/event
Full model Log loss : -0.38915
Full model ln_yyx : 54.19015 nats/sec, 3.01820 nats/event
Full model Log loss : -0.45211
Full model ln_yyx : 53.65520 nats/sec, 2.98841 nats/event
Full model Log loss : -0.47301
Full model ln_yyx : 53.71226 nats/sec, 2.99159 nats/event
Full model Log loss : -0.47338
Full model ln_yyx : 54.42177 nats/sec, 3.03110 nats/event
Full model Log loss : -0.45835
Full model ln_yyx : 54.75651 nats/sec, 3.04975 nats/event
Full model Log loss : -0.46261
Full model ln_yyx : 53.07593 nats/sec, 2.95614 nats/event
Full model Log loss : -0.44153
Optimization finished. Config saved to results/opt-full/opt_full_33_best_config.txt
[I 2026-03-18 17:23:44,681] Trial 8 pruned. 
[I 2026-03-18 17:23:47,260] Trial 36 pruned. 
[I 2026-03-18 17:23:47,584] Trial 42 pruned. 
[I 2026-03-18 17:23:49,808] Trial 13 pruned. 
[I 2026-03-18 17:23:49,873] Trial 40 pruned. 
[I 2026-03-18 17:23:49,948] Trial 21 finished with value: -2.9062497229871878 and parameters: {'n_layers_yyx': 2, 'hidden_size_yyx_l0': 6, 'hidden_size_yyx_l1': 6, 'context_size_yyx': 2, 'num_mix_components_yyx': 5, 'context_extractor_yyx': 'lstm', 'activation_func_yyx': 'GELU', 'L2_weight_yyx': 4.764229121218348e-10, 'L_entropy_weight_yyx': 1.1100949404533174e-09, 'L_sep_weight_yyx': 3.3163967592915697e-09, 'L_scale_weight_yyx': 4.136112987866794e-08, 'learning_rate_yyx': 0.004953892870818098}. Best is trial 6 with value: -2.966045431578574.
[I 2026-03-18 17:23:52,588] Trial 33 finished with value: -0.5750165097159238 and parameters: {'n_layers_yyx': 1, 'hidden_size_yyx_l0': 6, 'context_size_yyx': 4, 'num_mix_components_yyx': 5, 'context_extractor_yyx': 'lstm', 'activation_func_yyx': 'Tanh', 'L2_weight_yyx': 4.378332916078759e-10, 'L_entropy_weight_yyx': 2.0182714521979934e-05, 'L_sep_weight_yyx': 1.5096140954887568e-07, 'L_scale_weight_yyx': 2.6525562341148903e-08, 'learning_rate_yyx': 0.00577981702615092}. Best is trial 27 with value: -0.5752265017167082.
[I 2026-03-18 17:23:52,854] Trial 38 pruned. 
[I 2026-03-18 17:23:57,064] Trial 34 pruned. 
[I 2026-03-18 17:23:57,799] Trial 41 pruned. 
[I 2026-03-18 17:24:00,084] Trial 15 pruned. 
[I 2026-03-18 17:24:00,637] Trial 14 pruned. 
[I 2026-03-18 17:24:01,976] Trial 22 pruned. 
[I 2026-03-18 17:24:02,465] Trial 37 pruned. 
[I 2026-03-18 17:24:06,108] Trial 35 pruned. 
[I 2026-03-18 17:24:07,373] Trial 42 pruned. 
[I 2026-03-18 17:24:08,438] Trial 12 finished with value: -2.9312883878199067 and parameters: {'n_layers_yyx': 1, 'hidden_size_yyx_l0': 4, 'context_size_yyx': 3, 'num_mix_components_yyx': 4, 'context_extractor_yyx': 'gru', 'activation_func_yyx': 'Tanh', 'L2_weight_yyx': 0.00015690852785983859, 'L_entropy_weight_yyx': 1.5726578419795647e-08, 'L_sep_weight_yyx': 3.0236351182865397e-10, 'L_scale_weight_yyx': 0.0009497299632718975, 'learning_rate_yyx': 0.0016002989005996903}. Best is trial 2 with value: -2.9414705477515914.
[I 2026-03-18 17:24:09,385] Trial 34 pruned. 
[I 2026-03-18 17:24:11,309] Trial 38 pruned. 
[I 2026-03-18 17:24:12,154] Trial 15 pruned. 
[I 2026-03-18 17:24:13,759] Trial 12 pruned. 
[I 2026-03-18 17:24:14,914] Trial 32 finished with value: -0.5732199184832252 and parameters: {'n_layers_yyx': 1, 'hidden_size_yyx_l0': 3, 'context_size_yyx': 4, 'num_mix_components_yyx': 3, 'context_extractor_yyx': 'gru', 'activation_func_yyx': 'Tanh', 'L2_weight_yyx': 2.554937151651705e-10, 'L_entropy_weight_yyx': 5.1443722609257115e-05, 'L_sep_weight_yyx': 1.2008619461600346e-09, 'L_scale_weight_yyx': 2.7420586164975795e-08, 'learning_rate_yyx': 0.007607646975403733}. Best is trial 23 with value: -0.5844188202198138.
[I 2026-03-18 17:24:16,230] Trial 28 finished with value: -0.566847033808943 and parameters: {'n_layers_yyx': 1, 'hidden_size_yyx_l0': 5, 'context_size_yyx': 2, 'num_mix_components_yyx': 3, 'context_extractor_yyx': 'gru', 'activation_func_yyx': 'ReLU', 'L2_weight_yyx': 3.331681385950057e-07, 'L_entropy_weight_yyx': 0.00026124353751955104, 'L_sep_weight_yyx': 2.7392095343410007e-09, 'L_scale_weight_yyx': 4.625742854108378e-09, 'learning_rate_yyx': 0.00458154567629201}. Best is trial 13 with value: -0.5746682860992306.
[I 2026-03-18 17:24:19,097] Trial 46 pruned. 
[I 2026-03-18 17:24:20,499] Trial 39 pruned. 
[I 2026-03-18 17:24:20,707] Trial 13 pruned. 
[I 2026-03-18 17:24:23,333] Trial 33 pruned. 
[I 2026-03-18 17:24:23,333] Trial 36 pruned. 
[I 2026-03-18 17:24:24,787] Trial 16 pruned. 
[I 2026-03-18 17:24:25,319] Trial 12 finished with value: -2.9416514371178453 and parameters: {'n_layers_yyx': 1, 'hidden_size_yyx_l0': 3, 'context_size_yyx': 2, 'num_mix_components_yyx': 5, 'context_extractor_yyx': 'gru', 'activation_func_yyx': 'Tanh', 'L2_weight_yyx': 1.0602216558535254e-10, 'L_entropy_weight_yyx': 8.635271133870356e-06, 'L_sep_weight_yyx': 1.0452942894084911e-07, 'L_scale_weight_yyx': 1.0337313919806273e-07, 'learning_rate_yyx': 0.009268745701466751}. Best is trial 12 with value: -2.9416514371178453.
[I 2026-03-18 17:24:25,974] Trial 35 pruned. 
[I 2026-03-18 17:24:27,554] Trial 43 pruned. 
[I 2026-03-18 17:24:27,554] Trial 47 pruned. 
[I 2026-03-18 17:24:28,544] Trial 40 pruned. 
[I 2026-03-18 17:24:29,329] Trial 13 finished with value: -2.9189767380645644 and parameters: {'n_layers_yyx': 2, 'hidden_size_yyx_l0': 4, 'hidden_size_yyx_l1': 4, 'context_size_yyx': 1, 'num_mix_components_yyx': 4, 'context_extractor_yyx': 'lstm', 'activation_func_yyx': 'ReLU', 'L2_weight_yyx': 2.939223617853918e-08, 'L_entropy_weight_yyx': 6.0192777503351626e-06, 'L_sep_weight_yyx': 1.1425898192633848e-06, 'L_scale_weight_yyx': 2.690861050612244e-07, 'learning_rate_yyx': 0.0037750854829820602}. Best is trial 13 with value: -2.9189767380645644.
[I 2026-03-18 17:24:31,941] Trial 37 pruned. 
[I 2026-03-18 17:24:32,087] Trial 14 pruned. 
[I 2026-03-18 17:24:32,131] Trial 34 pruned. 
[I 2026-03-18 17:24:36,233] Trial 17 pruned. 
[I 2026-03-18 17:24:37,217] Trial 13 pruned. 
[I 2026-03-18 17:24:37,620] Trial 48 finished with value: -0.5754932681664804 and parameters: {'n_layers_yyx': 2, 'hidden_size_yyx_l0': 2, 'hidden_size_yyx_l1': 2, 'context_size_yyx': 4, 'num_mix_components_yyx': 4, 'context_extractor_yyx': 'gru', 'activation_func_yyx': 'GELU', 'L2_weight_yyx': 1.7648658522764269e-07, 'L_entropy_weight_yyx': 6.05295949810178e-08, 'L_sep_weight_yyx': 4.375267281729713e-07, 'L_scale_weight_yyx': 0.00010268676510297362, 'learning_rate_yyx': 0.007344387408591673}. Best is trial 22 with value: -0.5821973965945237.
[I 2026-03-18 17:24:42,013] Trial 41 pruned. 
[I 2026-03-18 17:24:44,944] Trial 21 finished with value: -2.947834793991112 and parameters: {'n_layers_yyx': 1, 'hidden_size_yyx_l0': 6, 'context_size_yyx': 3, 'num_mix_components_yyx': 4, 'context_extractor_yyx': 'gru', 'activation_func_yyx': 'ReLU', 'L2_weight_yyx': 4.605581539213702e-07, 'L_entropy_weight_yyx': 0.0008678536089736113, 'L_sep_weight_yyx': 1.0486992798977215e-10, 'L_scale_weight_yyx': 2.5395700237819966e-09, 'learning_rate_yyx': 0.009848980324302797}. Best is trial 15 with value: -2.9509930170610343.
[I 2026-03-18 17:24:45,915] Trial 43 pruned. 
[I 2026-03-18 17:24:47,209] Trial 38 pruned. 
[I 2026-03-18 17:24:47,612] Trial 18 pruned. 
[I 2026-03-18 17:24:49,378] Trial 35 pruned. 
[I 2026-03-18 17:24:53,936] Trial 49 pruned. 

Source events: 3828
Target events: 40082
Full model ln_yyx : 289.95572 nats/sec, 6.51066 nats/event
Full model Log loss : -0.57443
Full model ln_yyx : 288.39235 nats/sec, 6.47555 nats/event
Full model Log loss : -0.56491
Full model ln_yyx : 289.57749 nats/sec, 6.50216 nats/event
Full model Log loss : -0.55961
Full model ln_yyx : 286.24167 nats/sec, 6.42726 nats/event
Full model Log loss : -0.55712
Full model ln_yyx : 284.30630 nats/sec, 6.38380 nats/event
Full model Log loss : -0.56318
Full model ln_yyx : 294.61700 nats/sec, 6.61532 nats/event
Full model Log loss : -0.57893
Full model ln_yyx : 291.70837 nats/sec, 6.55001 nats/event
Full model Log loss : -0.57616
Full model ln_yyx : 293.08902 nats/sec, 6.58101 nats/event
Full model Log loss : -0.57381
Full model ln_yyx : 294.79234 nats/sec, 6.61926 nats/event
Full model Log loss : -0.57788
Full model ln_yyx : 300.05080 nats/sec, 6.73733 nats/event
Full model Log loss : -0.58220
Full model ln_yyx : 292.34970 nats/sec, 6.56441 nats/event
Full model Log loss : -0.56106
Full model ln_yyx : 290.93803 nats/sec, 6.53271 nats/event
Full model Log loss : -0.57332
Full model ln_yyx : 293.96478 nats/sec, 6.60068 nats/event
Full model Log loss : -0.57549
Optimization finished. Config saved to results/opt-full/opt_full_56_best_config.txt
[I 2026-03-18 17:24:58,638] Trial 36 pruned. 
[I 2026-03-18 17:25:02,790] Trial 44 pruned. 
[I 2026-03-18 17:25:03,255] Trial 20 finished with value: -2.9549177653610377 and parameters: {'n_layers_yyx': 1, 'hidden_size_yyx_l0': 5, 'context_size_yyx': 3, 'num_mix_components_yyx': 2, 'context_extractor_yyx': 'gru', 'activation_func_yyx': 'ReLU', 'L2_weight_yyx': 2.744974068764848e-08, 'L_entropy_weight_yyx': 4.6458743495452843e-07, 'L_sep_weight_yyx': 8.241838693024124e-08, 'L_scale_weight_yyx': 1.1713532007242355e-08, 'learning_rate_yyx': 0.0007321186257348481}. Best is trial 20 with value: -2.9549177653610377.
[I 2026-03-18 17:25:03,911] Trial 39 pruned. 
[I 2026-03-18 17:25:04,998] Trial 9 finished with value: -2.8861885152485947 and parameters: {'n_layers_yyx': 2, 'hidden_size_yyx_l0': 2, 'hidden_size_yyx_l1': 3, 'context_size_yyx': 2, 'num_mix_components_yyx': 2, 'context_extractor_yyx': 'gru', 'activation_func_yyx': 'Tanh', 'L2_weight_yyx': 4.325226184691719e-05, 'L_entropy_weight_yyx': 3.320992488114758e-08, 'L_sep_weight_yyx': 9.766421310004714e-05, 'L_scale_weight_yyx': 2.1145800214574967e-05, 'learning_rate_yyx': 0.009962411890525989}. Best is trial 9 with value: -2.8861885152485947.
[I 2026-03-18 17:25:06,270] Trial 37 pruned. 
[I 2026-03-18 17:25:08,959] Trial 36 finished with value: -0.561444813808352 and parameters: {'n_layers_yyx': 1, 'hidden_size_yyx_l0': 6, 'context_size_yyx': 4, 'num_mix_components_yyx': 5, 'context_extractor_yyx': 'gru', 'activation_func_yyx': 'Tanh', 'L2_weight_yyx': 2.508903020159089e-10, 'L_entropy_weight_yyx': 0.00010175648365248203, 'L_sep_weight_yyx': 1.1912540506338524e-07, 'L_scale_weight_yyx': 8.297694778411466e-06, 'learning_rate_yyx': 0.006265411674719832}. Best is trial 27 with value: -0.5752265017167082.
[I 2026-03-18 17:25:14,349] Trial 38 pruned. 
[I 2026-03-18 17:25:15,009] Trial 9 finished with value: -2.365723589747164 and parameters: {'n_layers_yyx': 1, 'hidden_size_yyx_l0': 2, 'context_size_yyx': 2, 'num_mix_components_yyx': 1, 'context_extractor_yyx': 'lstm', 'activation_func_yyx': 'Tanh', 'L2_weight_yyx': 1.0810829681185133e-09, 'L_entropy_weight_yyx': 0.0004131228623105144, 'L_sep_weight_yyx': 1.928942746660646e-06, 'L_scale_weight_yyx': 1.9407171385234576e-10, 'learning_rate_yyx': 0.009367026514888747}. Best is trial 5 with value: -2.9729516240610265.
[I 2026-03-18 17:25:15,561] Trial 10 pruned. 
[I 2026-03-18 17:25:17,260] Trial 37 pruned. 
[I 2026-03-18 17:25:19,236] Trial 45 pruned. 
[I 2026-03-18 17:25:24,246] Trial 12 pruned. 
[I 2026-03-18 17:25:25,904] Trial 44 finished with value: -0.5511064595008651 and parameters: {'n_layers_yyx': 2, 'hidden_size_yyx_l0': 6, 'hidden_size_yyx_l1': 3, 'context_size_yyx': 4, 'num_mix_components_yyx': 2, 'context_extractor_yyx': 'gru', 'activation_func_yyx': 'GELU', 'L2_weight_yyx': 0.00042738391976981124, 'L_entropy_weight_yyx': 5.687846506163673e-05, 'L_sep_weight_yyx': 6.461719726818076e-10, 'L_scale_weight_yyx': 4.602866484612086e-09, 'learning_rate_yyx': 0.007979759833566637}. Best is trial 15 with value: -0.5780454108278886.
[I 2026-03-18 17:25:26,244] Trial 38 pruned. 
[I 2026-03-18 17:25:26,717] Trial 10 pruned. 
[I 2026-03-18 17:25:27,587] Trial 21 pruned. 
[I 2026-03-18 17:25:28,470] Trial 39 finished with value: -0.5680939938048057 and parameters: {'n_layers_yyx': 2, 'hidden_size_yyx_l0': 5, 'hidden_size_yyx_l1': 3, 'context_size_yyx': 2, 'num_mix_components_yyx': 5, 'context_extractor_yyx': 'gru', 'activation_func_yyx': 'GELU', 'L2_weight_yyx': 3.9446965053316985e-09, 'L_entropy_weight_yyx': 3.2950140519695186e-06, 'L_sep_weight_yyx': 0.0005368033920777245, 'L_scale_weight_yyx': 5.033085201536033e-09, 'learning_rate_yyx': 0.0011089032750143054}. Best is trial 1 with value: -0.5777964847779832.
[I 2026-03-18 17:25:32,941] Trial 14 finished with value: -2.9449554920436998 and parameters: {'n_layers_yyx': 2, 'hidden_size_yyx_l0': 2, 'hidden_size_yyx_l1': 6, 'context_size_yyx': 2, 'num_mix_components_yyx': 2, 'context_extractor_yyx': 'gru', 'activation_func_yyx': 'ReLU', 'L2_weight_yyx': 2.308218092111308e-08, 'L_entropy_weight_yyx': 1.1429717819846084e-10, 'L_sep_weight_yyx': 2.4811584999626865e-05, 'L_scale_weight_yyx': 4.222193788478572e-09, 'learning_rate_yyx': 0.004004819369011231}. Best is trial 0 with value: -2.957957273051406.
[I 2026-03-18 17:25:33,759] Trial 39 pruned. 
[I 2026-03-18 17:25:34,975] Trial 42 finished with value: -0.4205025120785362 and parameters: {'n_layers_yyx': 2, 'hidden_size_yyx_l0': 4, 'hidden_size_yyx_l1': 2, 'context_size_yyx': 3, 'num_mix_components_yyx': 5, 'context_extractor_yyx': 'gru', 'activation_func_yyx': 'Tanh', 'L2_weight_yyx': 4.483129918259491e-10, 'L_entropy_weight_yyx': 1.969636372875593e-05, 'L_sep_weight_yyx': 8.733340266158047e-05, 'L_scale_weight_yyx': 1.0962962000662957e-05, 'learning_rate_yyx': 0.008293749009308139}. Best is trial 12 with value: -0.46022137621238873.
[I 2026-03-18 17:25:35,656] Trial 46 pruned. 
[I 2026-03-18 17:25:36,670] Trial 29 finished with value: -0.5751003805840031 and parameters: {'n_layers_yyx': 1, 'hidden_size_yyx_l0': 3, 'context_size_yyx': 2, 'num_mix_components_yyx': 4, 'context_extractor_yyx': 'gru', 'activation_func_yyx': 'Tanh', 'L2_weight_yyx': 5.512951792327208e-05, 'L_entropy_weight_yyx': 1.1293342244285504e-05, 'L_sep_weight_yyx': 0.000438885227847895, 'L_scale_weight_yyx': 1.2106647514116982e-09, 'learning_rate_yyx': 0.009653401729857567}. Best is trial 29 with value: -0.5751003805840031.
[I 2026-03-18 17:25:38,394] Trial 22 pruned. 
[I 2026-03-18 17:25:40,319] Trial 48 finished with value: -0.5898591137325911 and parameters: {'n_layers_yyx': 2, 'hidden_size_yyx_l0': 5, 'hidden_size_yyx_l1': 4, 'context_size_yyx': 1, 'num_mix_components_yyx': 5, 'context_extractor_yyx': 'lstm', 'activation_func_yyx': 'Tanh', 'L2_weight_yyx': 1.0531781052726348e-10, 'L_entropy_weight_yyx': 0.0008129927827501273, 'L_sep_weight_yyx': 2.5884086340646647e-09, 'L_scale_weight_yyx': 1.958414789867198e-06, 'learning_rate_yyx': 0.007488597979772113}. Best is trial 6 with value: -0.5907732977991746.
[I 2026-03-18 17:25:40,799] Trial 45 pruned. 
[I 2026-03-18 17:25:46,107] Trial 22 pruned. 
[I 2026-03-18 17:25:47,518] Trial 16 finished with value: -2.960582277237377 and parameters: {'n_layers_yyx': 2, 'hidden_size_yyx_l0': 6, 'hidden_size_yyx_l1': 4, 'context_size_yyx': 3, 'num_mix_components_yyx': 4, 'context_extractor_yyx': 'gru', 'activation_func_yyx': 'Tanh', 'L2_weight_yyx': 0.000690195063425353, 'L_entropy_weight_yyx': 1.0586433923359402e-06, 'L_sep_weight_yyx': 2.3608583731524936e-07, 'L_scale_weight_yyx': 1.5655321984018133e-08, 'learning_rate_yyx': 0.0022413530795818517}. Best is trial 0 with value: -2.9702180140077377.
[I 2026-03-18 17:25:48,347] Trial 40 pruned. 
[I 2026-03-18 17:25:48,681] Trial 13 pruned. 
[I 2026-03-18 17:25:50,855] Trial 39 pruned. 
[I 2026-03-18 17:25:51,523] Trial 47 pruned. 
[I 2026-03-18 17:25:51,704] Trial 30 pruned. 
[I 2026-03-18 17:25:56,001] Trial 15 pruned. 
[I 2026-03-18 17:26:01,706] Trial 23 pruned. 
[I 2026-03-18 17:26:07,978] Trial 40 finished with value: -0.5703747944785935 and parameters: {'n_layers_yyx': 1, 'hidden_size_yyx_l0': 6, 'context_size_yyx': 3, 'num_mix_components_yyx': 4, 'context_extractor_yyx': 'lstm', 'activation_func_yyx': 'Tanh', 'L2_weight_yyx': 1.5709857408655926e-08, 'L_entropy_weight_yyx': 1.0717920993804538e-09, 'L_sep_weight_yyx': 1.048645638438315e-08, 'L_scale_weight_yyx': 8.539642277298302e-07, 'learning_rate_yyx': 0.006023296801113271}. Best is trial 1 with value: -0.5777964847779832.
[I 2026-03-18 17:26:12,176] Trial 14 pruned. 
[I 2026-03-18 17:26:12,951] Trial 24 pruned. 
[I 2026-03-18 17:26:13,395] Trial 23 finished with value: -2.903714871081931 and parameters: {'n_layers_yyx': 2, 'hidden_size_yyx_l0': 5, 'hidden_size_yyx_l1': 5, 'context_size_yyx': 2, 'num_mix_components_yyx': 4, 'context_extractor_yyx': 'gru', 'activation_func_yyx': 'GELU', 'L2_weight_yyx': 8.205800670301424e-10, 'L_entropy_weight_yyx': 4.4719795716508496e-08, 'L_sep_weight_yyx': 4.0515751342020344e-08, 'L_scale_weight_yyx': 9.681454940017524e-08, 'learning_rate_yyx': 0.00519645593574321}. Best is trial 12 with value: -2.9595510816550052.
[I 2026-03-18 17:26:18,701] Trial 16 pruned. 
[I 2026-03-18 17:26:20,100] Trial 46 pruned. 
[I 2026-03-18 17:26:20,290] Trial 9 finished with value: -2.888661276265144 and parameters: {'n_layers_yyx': 1, 'hidden_size_yyx_l0': 2, 'context_size_yyx': 1, 'num_mix_components_yyx': 4, 'context_extractor_yyx': 'gru', 'activation_func_yyx': 'Tanh', 'L2_weight_yyx': 3.291114179118122e-05, 'L_entropy_weight_yyx': 7.917575582734544e-08, 'L_sep_weight_yyx': 8.889296691604359e-07, 'L_scale_weight_yyx': 1.6131225865367445e-08, 'learning_rate_yyx': 0.0014141319784355723}. Best is trial 4 with value: -2.961367919552152.
[I 2026-03-18 17:26:24,838] Trial 25 pruned. 
[I 2026-03-18 17:26:26,976] Trial 41 pruned. 
[I 2026-03-18 17:26:29,699] Trial 40 pruned. 
[I 2026-03-18 17:26:30,383] Trial 31 pruned. 
[I 2026-03-18 17:26:34,812] Trial 15 pruned. 
[I 2026-03-18 17:26:35,051] Trial 42 pruned. 
[I 2026-03-18 17:26:36,393] Trial 26 pruned. 
[I 2026-03-18 17:26:40,252] Trial 49 finished with value: -0.5881286579116338 and parameters: {'n_layers_yyx': 2, 'hidden_size_yyx_l0': 4, 'hidden_size_yyx_l1': 5, 'context_size_yyx': 1, 'num_mix_components_yyx': 5, 'context_extractor_yyx': 'lstm', 'activation_func_yyx': 'Tanh', 'L2_weight_yyx': 7.363200652075849e-10, 'L_entropy_weight_yyx': 0.0007478217905989838, 'L_sep_weight_yyx': 2.874614606420177e-09, 'L_scale_weight_yyx': 1.8586659121031558e-06, 'learning_rate_yyx': 0.006691094134580499}. Best is trial 6 with value: -0.5907732977991746.

Source events: 3828
Target events: 18269
Full model ln_yyx : 133.30478 nats/sec, 6.56710 nats/event
Full model Log loss : -0.57658
Full model ln_yyx : 133.49015 nats/sec, 6.57623 nats/event
Full model Log loss : -0.55555
Full model ln_yyx : 132.20960 nats/sec, 6.51314 nats/event
Full model Log loss : -0.55178
Full model ln_yyx : 132.20652 nats/sec, 6.51299 nats/event
Full model Log loss : -0.59026
Full model ln_yyx : 137.46371 nats/sec, 6.77198 nats/event
Full model Log loss : -0.59077
Full model ln_yyx : 133.95883 nats/sec, 6.59932 nats/event
Full model Log loss : -0.58254
Full model ln_yyx : 134.32830 nats/sec, 6.61752 nats/event
Full model Log loss : -0.58316
Full model ln_yyx : 133.65867 nats/sec, 6.58453 nats/event
Full model Log loss : -0.56912
Full model ln_yyx : 132.65984 nats/sec, 6.53533 nats/event
Full model Log loss : -0.57488
Full model ln_yyx : 133.21126 nats/sec, 6.56249 nats/event
Full model Log loss : -0.58986
Full model ln_yyx : 134.95135 nats/sec, 6.64821 nats/event
Full model Log loss : -0.58813
Optimization finished. Config saved to results/opt-full/opt_full_60_best_config.txt
[I 2026-03-18 17:26:43,658] Trial 17 pruned. 
[I 2026-03-18 17:26:43,709] Trial 43 pruned. 
[I 2026-03-18 17:26:44,726] Trial 10 pruned. 
[I 2026-03-18 17:26:45,893] Trial 32 pruned. 
[I 2026-03-18 17:26:46,317] Trial 41 pruned. 
[I 2026-03-18 17:26:47,774] Trial 27 pruned. 
[I 2026-03-18 17:26:55,361] Trial 40 finished with value: -0.5781804731492327 and parameters: {'n_layers_yyx': 1, 'hidden_size_yyx_l0': 5, 'context_size_yyx': 4, 'num_mix_components_yyx': 4, 'context_extractor_yyx': 'gru', 'activation_func_yyx': 'GELU', 'L2_weight_yyx': 1.794203444656314e-07, 'L_entropy_weight_yyx': 1.6987167243329814e-08, 'L_sep_weight_yyx': 0.000998376956439019, 'L_scale_weight_yyx': 3.6216619002743208e-06, 'learning_rate_yyx': 0.001945227823814706}. Best is trial 17 with value: -0.5864613361174992.
[I 2026-03-18 17:26:55,591] Trial 18 pruned. 
[I 2026-03-18 17:26:55,947] Trial 11 pruned. 
[I 2026-03-18 17:26:58,232] Trial 16 pruned. 
[I 2026-03-18 17:26:58,634] Trial 48 finished with value: -0.5490691592965526 and parameters: {'n_layers_yyx': 1, 'hidden_size_yyx_l0': 3, 'context_size_yyx': 1, 'num_mix_components_yyx': 3, 'context_extractor_yyx': 'lstm', 'activation_func_yyx': 'ReLU', 'L2_weight_yyx': 7.33426167288993e-06, 'L_entropy_weight_yyx': 7.232088268605936e-08, 'L_sep_weight_yyx': 4.030846960161681e-06, 'L_scale_weight_yyx': 4.182904363001766e-06, 'learning_rate_yyx': 0.005507295003613352}. Best is trial 33 with value: -0.5823817613856173.
[I 2026-03-18 17:26:59,406] Trial 28 pruned. 
[I 2026-03-18 17:27:00,801] Trial 33 pruned. 
[I 2026-03-18 17:27:02,179] Trial 42 pruned. 
[I 2026-03-18 17:27:03,548] Trial 41 pruned. 
[I 2026-03-18 17:27:10,343] Trial 43 pruned. 
[I 2026-03-18 17:27:10,517] Trial 29 pruned. 
[I 2026-03-18 17:27:14,448] Trial 43 finished with value: -0.43582290318728234 and parameters: {'n_layers_yyx': 2, 'hidden_size_yyx_l0': 4, 'hidden_size_yyx_l1': 2, 'context_size_yyx': 3, 'num_mix_components_yyx': 5, 'context_extractor_yyx': 'gru', 'activation_func_yyx': 'Tanh', 'L2_weight_yyx': 5.634126979703836e-09, 'L_entropy_weight_yyx': 3.321307204949661e-06, 'L_sep_weight_yyx': 1.2980687067391331e-06, 'L_scale_weight_yyx': 1.0231230489832602e-06, 'learning_rate_yyx': 0.0044509259917431465}. Best is trial 12 with value: -0.46022137621238873.
[I 2026-03-18 17:27:14,474] Trial 24 pruned. 
[I 2026-03-18 17:27:15,980] Trial 47 finished with value: -0.5649276166703383 and parameters: {'n_layers_yyx': 1, 'hidden_size_yyx_l0': 6, 'context_size_yyx': 2, 'num_mix_components_yyx': 5, 'context_extractor_yyx': 'gru', 'activation_func_yyx': 'ReLU', 'L2_weight_yyx': 0.0001846227130909683, 'L_entropy_weight_yyx': 7.783316413275931e-06, 'L_sep_weight_yyx': 4.574040974935661e-06, 'L_scale_weight_yyx': 2.014670628580253e-10, 'learning_rate_yyx': 0.006738919103990434}. Best is trial 15 with value: -0.5780454108278886.
[I 2026-03-18 17:27:16,009] Trial 34 pruned. 
[I 2026-03-18 17:27:18,879] Trial 19 pruned. 
[I 2026-03-18 17:27:19,334] Trial 42 pruned. 
[I 2026-03-18 17:27:20,358] Trial 12 pruned. 
[I 2026-03-18 17:27:20,462] Trial 44 pruned. 
[I 2026-03-18 17:27:21,289] Trial 17 pruned. 
[I 2026-03-18 17:27:22,250] Trial 30 pruned. 
[I 2026-03-18 17:27:25,523] Trial 41 finished with value: -0.572399469976412 and parameters: {'n_layers_yyx': 1, 'hidden_size_yyx_l0': 3, 'context_size_yyx': 4, 'num_mix_components_yyx': 3, 'context_extractor_yyx': 'gru', 'activation_func_yyx': 'Tanh', 'L2_weight_yyx': 1.582581736879628e-09, 'L_entropy_weight_yyx': 6.755796765098676e-06, 'L_sep_weight_yyx': 4.228421060907266e-09, 'L_scale_weight_yyx': 1.3034149850979893e-08, 'learning_rate_yyx': 0.009992458543661112}. Best is trial 23 with value: -0.5844188202198138.
[I 2026-03-18 17:27:26,022] Trial 25 pruned. 
[I 2026-03-18 17:27:28,540] Trial 44 pruned. 
[I 2026-03-18 17:27:29,447] Trial 20 pruned. 
[I 2026-03-18 17:27:30,134] Trial 48 pruned. 
[I 2026-03-18 17:27:30,769] Trial 18 pruned. 
[I 2026-03-18 17:27:30,956] Trial 13 pruned. 
[I 2026-03-18 17:27:31,346] Trial 11 finished with value: -2.8883242229322805 and parameters: {'n_layers_yyx': 1, 'hidden_size_yyx_l0': 5, 'context_size_yyx': 2, 'num_mix_components_yyx': 5, 'context_extractor_yyx': 'lstm', 'activation_func_yyx': 'Tanh', 'L2_weight_yyx': 1.0673986280222176e-10, 'L_entropy_weight_yyx': 0.00022987554505498334, 'L_sep_weight_yyx': 0.0009583539526351358, 'L_scale_weight_yyx': 1.762968035590686e-06, 'learning_rate_yyx': 0.008676956501885498}. Best is trial 11 with value: -2.8883242229322805.
[I 2026-03-18 17:27:32,841] Trial 23 finished with value: -2.9528067122789805 and parameters: {'n_layers_yyx': 2, 'hidden_size_yyx_l0': 4, 'hidden_size_yyx_l1': 3, 'context_size_yyx': 2, 'num_mix_components_yyx': 5, 'context_extractor_yyx': 'lstm', 'activation_func_yyx': 'ReLU', 'L2_weight_yyx': 1.2993696201637203e-10, 'L_entropy_weight_yyx': 6.56680732862294e-09, 'L_sep_weight_yyx': 1.4623885179138327e-05, 'L_scale_weight_yyx': 6.371370817676437e-07, 'learning_rate_yyx': 0.008421216903038906}. Best is trial 6 with value: -2.966045431578574.
[I 2026-03-18 17:27:34,629] Trial 43 pruned. 
[I 2026-03-18 17:27:36,227] Trial 49 pruned. 

Source events: 3828
Target events: 13628
Full model ln_yyx : 95.88126 nats/sec, 6.33205 nats/event
Full model Log loss : -0.54718
Full model ln_yyx : 99.65319 nats/sec, 6.58115 nats/event
Full model Log loss : -0.54933
Full model ln_yyx : 97.71286 nats/sec, 6.45301 nats/event
Full model Log loss : -0.55642
Full model ln_yyx : 96.61186 nats/sec, 6.38030 nats/event
Full model Log loss : -0.54324
Full model ln_yyx : 100.01229 nats/sec, 6.60486 nats/event
Full model Log loss : -0.56672
Full model ln_yyx : 100.07764 nats/sec, 6.60918 nats/event
Full model Log loss : -0.56657
Full model ln_yyx : 100.29910 nats/sec, 6.62380 nats/event
Full model Log loss : -0.57426
Full model ln_yyx : 100.74595 nats/sec, 6.65331 nats/event
Full model Log loss : -0.57009
Full model ln_yyx : 98.33788 nats/sec, 6.49428 nats/event
Full model Log loss : -0.57530
Full model ln_yyx : 101.89700 nats/sec, 6.72933 nats/event
Full model Log loss : -0.57656
Full model ln_yyx : 100.90932 nats/sec, 6.66410 nats/event
Full model Log loss : -0.58238
Full model ln_yyx : 99.39331 nats/sec, 6.56398 nats/event
Full model Log loss : -0.57927
Full model ln_yyx : 98.72095 nats/sec, 6.51958 nats/event
Full model Log loss : -0.54907
Optimization finished. Config saved to results/opt-full/opt_full_61_best_config.txt
[I 2026-03-18 17:27:36,553] Trial 26 pruned. 
[I 2026-03-18 17:27:41,010] Trial 21 pruned. 
[I 2026-03-18 17:27:42,505] Trial 44 pruned. 
[I 2026-03-18 17:27:44,547] Trial 31 pruned. 
[I 2026-03-18 17:27:45,350] Trial 49 pruned. 

Source events: 3828
Target events: 12731
Full model ln_yyx : 92.79615 nats/sec, 6.56009 nats/event
Full model Log loss : -0.56836
Full model ln_yyx : 92.76431 nats/sec, 6.55784 nats/event
Full model Log loss : -0.54585
Full model ln_yyx : 93.16815 nats/sec, 6.58639 nats/event
Full model Log loss : -0.56206
Full model ln_yyx : 91.84126 nats/sec, 6.49259 nats/event
Full model Log loss : -0.55000
Full model ln_yyx : 93.21640 nats/sec, 6.58980 nats/event
Full model Log loss : -0.56107
Full model ln_yyx : 94.05852 nats/sec, 6.64933 nats/event
Full model Log loss : -0.56389
Full model ln_yyx : 93.17493 nats/sec, 6.58687 nats/event
Full model Log loss : -0.57805
Full model ln_yyx : 95.35941 nats/sec, 6.74130 nats/event
Full model Log loss : -0.57307
Full model ln_yyx : 90.71845 nats/sec, 6.41321 nats/event
Full model Log loss : -0.55655
Full model ln_yyx : 91.16103 nats/sec, 6.44450 nats/event
Full model Log loss : -0.55111
Full model ln_yyx : 92.06059 nats/sec, 6.50809 nats/event
Full model Log loss : -0.56493
Optimization finished. Config saved to results/opt-full/opt_full_52_best_config.txt
[I 2026-03-18 17:27:46,631] Trial 44 pruned. 
[I 2026-03-18 17:27:46,912] Trial 27 pruned. 
[I 2026-03-18 17:27:49,781] Trial 45 pruned. 
[I 2026-03-18 17:27:59,850] Trial 45 pruned. 
[I 2026-03-18 17:28:02,167] Trial 22 pruned. 
[I 2026-03-18 17:28:02,946] Trial 46 pruned. 
[I 2026-03-18 17:28:05,867] Trial 32 pruned. 
[I 2026-03-18 17:28:07,351] Trial 46 pruned. 
[I 2026-03-18 17:28:07,533] Trial 28 pruned. 
[I 2026-03-18 17:28:10,675] Trial 45 finished with value: -0.4022762900904605 and parameters: {'n_layers_yyx': 2, 'hidden_size_yyx_l0': 4, 'hidden_size_yyx_l1': 4, 'context_size_yyx': 3, 'num_mix_components_yyx': 5, 'context_extractor_yyx': 'gru', 'activation_func_yyx': 'Tanh', 'L2_weight_yyx': 5.670711591578875e-10, 'L_entropy_weight_yyx': 2.539315913270272e-06, 'L_sep_weight_yyx': 9.189686553696421e-07, 'L_scale_weight_yyx': 9.499262827469154e-07, 'learning_rate_yyx': 0.003319263444409779}. Best is trial 12 with value: -0.46022137621238873.
[I 2026-03-18 17:28:11,031] Trial 47 pruned. 
[I 2026-03-18 17:28:11,484] Trial 35 finished with value: -0.5770481114866317 and parameters: {'n_layers_yyx': 1, 'hidden_size_yyx_l0': 4, 'context_size_yyx': 3, 'num_mix_components_yyx': 4, 'context_extractor_yyx': 'gru', 'activation_func_yyx': 'Tanh', 'L2_weight_yyx': 1.2474767021779368e-07, 'L_entropy_weight_yyx': 7.037641571108488e-05, 'L_sep_weight_yyx': 6.476741242772283e-08, 'L_scale_weight_yyx': 6.925696805909664e-10, 'learning_rate_yyx': 0.009347508552514247}. Best is trial 35 with value: -0.5770481114866317.
[I 2026-03-18 17:28:13,246] Trial 23 pruned. 
[I 2026-03-18 17:28:14,558] Trial 47 pruned. 
[I 2026-03-18 17:28:17,210] Trial 46 pruned. 
[I 2026-03-18 17:28:17,597] Trial 45 finished with value: -0.5745646438703577 and parameters: {'n_layers_yyx': 1, 'hidden_size_yyx_l0': 6, 'context_size_yyx': 3, 'num_mix_components_yyx': 4, 'context_extractor_yyx': 'lstm', 'activation_func_yyx': 'Tanh', 'L2_weight_yyx': 2.423584649942021e-08, 'L_entropy_weight_yyx': 1.7990285893882792e-05, 'L_sep_weight_yyx': 7.773944722252969e-06, 'L_scale_weight_yyx': 1.0492524248676359e-07, 'learning_rate_yyx': 0.0070099695796426035}. Best is trial 27 with value: -0.5752265017167082.
[I 2026-03-18 17:28:17,624] Trial 29 pruned. 
[I 2026-03-18 17:28:17,891] Trial 48 pruned. 
[I 2026-03-18 17:28:18,741] Trial 14 finished with value: -2.9272898002158976 and parameters: {'n_layers_yyx': 2, 'hidden_size_yyx_l0': 4, 'hidden_size_yyx_l1': 6, 'context_size_yyx': 3, 'num_mix_components_yyx': 4, 'context_extractor_yyx': 'lstm', 'activation_func_yyx': 'ReLU', 'L2_weight_yyx': 3.0776461461348587e-08, 'L_entropy_weight_yyx': 5.842386941878348e-06, 'L_sep_weight_yyx': 2.7588475717330787e-06, 'L_scale_weight_yyx': 7.74218886635489e-08, 'learning_rate_yyx': 0.0037171985561022317}. Best is trial 14 with value: -2.9272898002158976.
[I 2026-03-18 17:28:23,571] Trial 24 pruned. 
[I 2026-03-18 17:28:24,293] Trial 47 pruned. 
[I 2026-03-18 17:28:24,554] Trial 46 pruned. 
[I 2026-03-18 17:28:24,812] Trial 42 finished with value: -0.5733150392975735 and parameters: {'n_layers_yyx': 1, 'hidden_size_yyx_l0': 3, 'context_size_yyx': 4, 'num_mix_components_yyx': 3, 'context_extractor_yyx': 'gru', 'activation_func_yyx': 'Tanh', 'L2_weight_yyx': 3.765145046315318e-09, 'L_entropy_weight_yyx': 3.834482992959409e-06, 'L_sep_weight_yyx': 9.130343204851781e-09, 'L_scale_weight_yyx': 1.3343711221025307e-07, 'learning_rate_yyx': 0.007846588573836263}. Best is trial 23 with value: -0.5844188202198138.
[I 2026-03-18 17:28:25,225] Trial 16 finished with value: -2.927486386974833 and parameters: {'n_layers_yyx': 1, 'hidden_size_yyx_l0': 6, 'context_size_yyx': 2, 'num_mix_components_yyx': 3, 'context_extractor_yyx': 'gru', 'activation_func_yyx': 'GELU', 'L2_weight_yyx': 2.2634449353213318e-08, 'L_entropy_weight_yyx': 8.385884642689823e-05, 'L_sep_weight_yyx': 3.979990793487557e-05, 'L_scale_weight_yyx': 7.572708760676978e-07, 'learning_rate_yyx': 0.007433585725679883}. Best is trial 9 with value: -2.9510968045279404.
[I 2026-03-18 17:28:25,505] Trial 12 pruned. 
[I 2026-03-18 17:28:27,957] Trial 48 pruned. 
[I 2026-03-18 17:28:27,964] Trial 33 pruned. 
[I 2026-03-18 17:28:28,502] Trial 23 finished with value: -2.933065301892256 and parameters: {'n_layers_yyx': 1, 'hidden_size_yyx_l0': 5, 'context_size_yyx': 3, 'num_mix_components_yyx': 5, 'context_extractor_yyx': 'gru', 'activation_func_yyx': 'ReLU', 'L2_weight_yyx': 3.604003959669997e-07, 'L_entropy_weight_yyx': 0.0007971108371678015, 'L_sep_weight_yyx': 1.0007385497098487e-10, 'L_scale_weight_yyx': 2.468330830717168e-10, 'learning_rate_yyx': 0.0079978775851018}. Best is trial 15 with value: -2.9509930170610343.
[I 2026-03-18 17:28:28,689] Trial 15 finished with value: -2.9501157174853443 and parameters: {'n_layers_yyx': 1, 'hidden_size_yyx_l0': 5, 'context_size_yyx': 3, 'num_mix_components_yyx': 4, 'context_extractor_yyx': 'gru', 'activation_func_yyx': 'Tanh', 'L2_weight_yyx': 1.7799868769537583e-08, 'L_entropy_weight_yyx': 4.6907014632659737e-08, 'L_sep_weight_yyx': 8.973502007570425e-06, 'L_scale_weight_yyx': 1.9892452902273314e-09, 'learning_rate_yyx': 0.008561676438355169}. Best is trial 15 with value: -2.9501157174853443.
[I 2026-03-18 17:28:30,393] Trial 17 finished with value: -2.8143413996292375 and parameters: {'n_layers_yyx': 2, 'hidden_size_yyx_l0': 5, 'hidden_size_yyx_l1': 4, 'context_size_yyx': 4, 'num_mix_components_yyx': 2, 'context_extractor_yyx': 'gru', 'activation_func_yyx': 'ReLU', 'L2_weight_yyx': 1.0065468606750928e-06, 'L_entropy_weight_yyx': 0.0002633954975978471, 'L_sep_weight_yyx': 5.494063638066248e-07, 'L_scale_weight_yyx': 4.96565709560206e-07, 'learning_rate_yyx': 0.0018073723203427855}. Best is trial 8 with value: -2.955956673037092.
[I 2026-03-18 17:28:31,559] Trial 49 pruned. 

Source events: 3828
Target events: 10752
Full model ln_yyx : 76.76422 nats/sec, 6.42558 nats/event
Full model Log loss : -0.55946
Full model ln_yyx : 76.79847 nats/sec, 6.42844 nats/event
Full model Log loss : -0.55191
Full model ln_yyx : 77.81446 nats/sec, 6.51349 nats/event
Full model Log loss : -0.56931
Full model ln_yyx : 79.22161 nats/sec, 6.63127 nats/event
Full model Log loss : -0.58051
Full model ln_yyx : 74.38484 nats/sec, 6.22641 nats/event
Full model Log loss : -0.55437
Full model ln_yyx : 78.63929 nats/sec, 6.58253 nats/event
Full model Log loss : -0.56572
Full model ln_yyx : 74.93660 nats/sec, 6.27259 nats/event
Full model Log loss : -0.56346
Full model ln_yyx : 77.73143 nats/sec, 6.50654 nats/event
Full model Log loss : -0.58646
Full model ln_yyx : 78.81768 nats/sec, 6.59746 nats/event
Full model Log loss : -0.56758
Full model ln_yyx : 77.96741 nats/sec, 6.52629 nats/event
Full model Log loss : -0.57389
Full model ln_yyx : 77.86575 nats/sec, 6.51778 nats/event
Full model Log loss : -0.57476
Full model ln_yyx : 77.85127 nats/sec, 6.51657 nats/event
Full model Log loss : -0.57352
Full model ln_yyx : 78.83367 nats/sec, 6.59880 nats/event
Full model Log loss : -0.56297
Full model ln_yyx : 77.53896 nats/sec, 6.49043 nats/event
Full model Log loss : -0.57698
Full model ln_yyx : 77.97261 nats/sec, 6.52673 nats/event
Full model Log loss : -0.57818
Optimization finished. Config saved to results/opt-full/opt_full_59_best_config.txt
[I 2026-03-18 17:28:32,767] Trial 17 pruned. 
[I 2026-03-18 17:28:34,205] Trial 25 pruned. 
[I 2026-03-18 17:28:35,649] Trial 17 pruned. 
[I 2026-03-18 17:28:35,807] Trial 48 pruned. 
[I 2026-03-18 17:28:38,411] Trial 47 pruned. 
[I 2026-03-18 17:28:38,737] Trial 24 pruned. 
[I 2026-03-18 17:28:38,737] Trial 34 pruned. 
[I 2026-03-18 17:28:42,639] Trial 18 pruned. 
[I 2026-03-18 17:28:44,641] Trial 18 pruned. 
[I 2026-03-18 17:28:45,091] Trial 36 pruned. 
[I 2026-03-18 17:28:45,429] Trial 13 pruned. 
[I 2026-03-18 17:28:46,911] Trial 49 pruned. 

Source events: 1783
Target events: 11540
Full model ln_yyx : 38.29972 nats/sec, 2.98698 nats/event
Full model Log loss : -0.43463
Full model ln_yyx : 37.98058 nats/sec, 2.96209 nats/event
Full model Log loss : -0.39250
Full model ln_yyx : 37.43428 nats/sec, 2.91948 nats/event
Full model Log loss : -0.42497
Full model ln_yyx : 37.29784 nats/sec, 2.90884 nats/event
Full model Log loss : -0.39083
Full model ln_yyx : 38.31175 nats/sec, 2.98792 nats/event
Full model Log loss : -0.38637
Full model ln_yyx : 37.71446 nats/sec, 2.94134 nats/event
Full model Log loss : -0.38775
Full model ln_yyx : 38.15018 nats/sec, 2.97532 nats/event
Full model Log loss : -0.46022
Full model ln_yyx : 38.34545 nats/sec, 2.99055 nats/event
Full model Log loss : -0.35684
Full model ln_yyx : 38.13256 nats/sec, 2.97394 nats/event
Full model Log loss : -0.43434
Full model ln_yyx : 36.58842 nats/sec, 2.85352 nats/event
Full model Log loss : -0.39112
Full model ln_yyx : 38.21855 nats/sec, 2.98065 nats/event
Full model Log loss : -0.43311
Full model ln_yyx : 37.27599 nats/sec, 2.90714 nats/event
Full model Log loss : -0.42050
Full model ln_yyx : 37.77409 nats/sec, 2.94599 nats/event
Full model Log loss : -0.43582
Full model ln_yyx : 36.88503 nats/sec, 2.87665 nats/event
Full model Log loss : -0.40228
Optimization finished. Config saved to results/opt-full/opt_full_32_best_config.txt
[I 2026-03-18 17:28:50,328] Trial 48 pruned. 
[I 2026-03-18 17:28:54,236] Trial 26 pruned. 
[I 2026-03-18 17:28:57,233] Trial 49 pruned. 

Source events: 3828
Target events: 29032
Full model ln_yyx : 209.74308 nats/sec, 6.50209 nats/event
Full model Log loss : -0.57486
Full model ln_yyx : 207.77464 nats/sec, 6.44107 nats/event
Full model Log loss : -0.55439
Full model ln_yyx : 207.42126 nats/sec, 6.43012 nats/event
Full model Log loss : -0.56137
Full model ln_yyx : 208.96385 nats/sec, 6.47794 nats/event
Full model Log loss : -0.56328
Full model ln_yyx : 209.44761 nats/sec, 6.49293 nats/event
Full model Log loss : -0.55666
Full model ln_yyx : 207.95880 nats/sec, 6.44678 nats/event
Full model Log loss : -0.57100
Full model ln_yyx : 205.58816 nats/sec, 6.37329 nats/event
Full model Log loss : -0.55706
Full model ln_yyx : 211.22978 nats/sec, 6.54818 nats/event
Full model Log loss : -0.56040
Full model ln_yyx : 211.90387 nats/sec, 6.56908 nats/event
Full model Log loss : -0.57126
Full model ln_yyx : 210.03864 nats/sec, 6.51126 nats/event
Full model Log loss : -0.56968
Full model ln_yyx : 212.49196 nats/sec, 6.58731 nats/event
Full model Log loss : -0.57495
Full model ln_yyx : 212.54509 nats/sec, 6.58896 nats/event
Full model Log loss : -0.57523
Full model ln_yyx : 204.53034 nats/sec, 6.34050 nats/event
Full model Log loss : -0.55202
Full model ln_yyx : 212.76369 nats/sec, 6.59573 nats/event
Full model Log loss : -0.57451
Full model ln_yyx : 210.21818 nats/sec, 6.51682 nats/event
Full model Log loss : -0.57502
Full model ln_yyx : 210.00007 nats/sec, 6.51006 nats/event
Full model Log loss : -0.56144
Full model ln_yyx : 212.62881 nats/sec, 6.59155 nats/event
Full model Log loss : -0.57456
Optimization finished. Config saved to results/opt-full/opt_full_55_best_config.txt
[I 2026-03-18 17:28:57,285] Trial 43 pruned. 
[I 2026-03-18 17:28:57,691] Trial 37 pruned. 
[I 2026-03-18 17:28:59,208] Trial 25 pruned. 
[I 2026-03-18 17:29:00,398] Trial 49 pruned. 

Source events: 3828
Target events: 38515
Full model ln_yyx : 268.26877 nats/sec, 6.26878 nats/event
Full model Log loss : -0.54367
Full model ln_yyx : 279.07817 nats/sec, 6.52136 nats/event
Full model Log loss : -0.57780
Full model ln_yyx : 267.61075 nats/sec, 6.25340 nats/event
Full model Log loss : -0.51510
Full model ln_yyx : 274.13527 nats/sec, 6.40586 nats/event
Full model Log loss : -0.55235
Full model ln_yyx : 276.77432 nats/sec, 6.46753 nats/event
Full model Log loss : -0.56281
Full model ln_yyx : 275.42082 nats/sec, 6.43590 nats/event
Full model Log loss : -0.57686
Full model ln_yyx : 278.62976 nats/sec, 6.51089 nats/event
Full model Log loss : -0.57539
Full model ln_yyx : 276.32603 nats/sec, 6.45705 nats/event
Full model Log loss : -0.55547
Full model ln_yyx : 273.39436 nats/sec, 6.38855 nats/event
Full model Log loss : -0.55875
Full model ln_yyx : 278.31217 nats/sec, 6.50346 nats/event
Full model Log loss : -0.57095
Full model ln_yyx : 279.72585 nats/sec, 6.53650 nats/event
Full model Log loss : -0.57024
Full model ln_yyx : 278.51551 nats/sec, 6.50822 nats/event
Full model Log loss : -0.57541
Full model ln_yyx : 277.77237 nats/sec, 6.49085 nats/event
Full model Log loss : -0.56251
Full model ln_yyx : 276.99117 nats/sec, 6.47260 nats/event
Full model Log loss : -0.56809
Full model ln_yyx : 275.03878 nats/sec, 6.42697 nats/event
Full model Log loss : -0.57037
Optimization finished. Config saved to results/opt-full/opt_full_57_best_config.txt
[I 2026-03-18 17:29:02,091] Trial 19 pruned. 
[I 2026-03-18 17:29:03,521] Trial 19 pruned. 
[I 2026-03-18 17:29:08,086] Trial 38 pruned. 
[I 2026-03-18 17:29:11,588] Trial 14 finished with value: -2.919056358298909 and parameters: {'n_layers_yyx': 1, 'hidden_size_yyx_l0': 4, 'context_size_yyx': 3, 'num_mix_components_yyx': 4, 'context_extractor_yyx': 'lstm', 'activation_func_yyx': 'ReLU', 'L2_weight_yyx': 1.9856705803701682e-09, 'L_entropy_weight_yyx': 6.9688597718933294e-09, 'L_sep_weight_yyx': 7.435236154942651e-09, 'L_scale_weight_yyx': 1.6576218245916246e-06, 'learning_rate_yyx': 0.005313509895206839}. Best is trial 1 with value: -2.9497769660834225.
[I 2026-03-18 17:29:12,884] Trial 39 pruned. 
[I 2026-03-18 17:29:12,884] Trial 27 pruned. 
[I 2026-03-18 17:29:17,095] Trial 26 pruned. 
[I 2026-03-18 17:29:20,035] Trial 15 pruned. 
[I 2026-03-18 17:29:21,342] Trial 20 pruned. 
[I 2026-03-18 17:29:21,533] Trial 28 pruned. 
[I 2026-03-18 17:29:21,555] Trial 16 pruned. 
[I 2026-03-18 17:29:22,102] Trial 13 finished with value: -2.9379485145218736 and parameters: {'n_layers_yyx': 1, 'hidden_size_yyx_l0': 3, 'context_size_yyx': 2, 'num_mix_components_yyx': 5, 'context_extractor_yyx': 'gru', 'activation_func_yyx': 'Tanh', 'L2_weight_yyx': 1.2827092509550544e-10, 'L_entropy_weight_yyx': 9.320570646425488e-08, 'L_sep_weight_yyx': 3.1393869764052044e-07, 'L_scale_weight_yyx': 5.576755541822981e-08, 'learning_rate_yyx': 0.009442108946266112}. Best is trial 12 with value: -2.9416514371178453.
[I 2026-03-18 17:29:23,547] Trial 40 pruned. 
[I 2026-03-18 17:29:28,261] Trial 19 finished with value: -2.9530185963009803 and parameters: {'n_layers_yyx': 1, 'hidden_size_yyx_l0': 6, 'context_size_yyx': 3, 'num_mix_components_yyx': 2, 'context_extractor_yyx': 'gru', 'activation_func_yyx': 'GELU', 'L2_weight_yyx': 1.2989518930515442e-08, 'L_entropy_weight_yyx': 2.673528575715285e-08, 'L_sep_weight_yyx': 2.2990871159379416e-09, 'L_scale_weight_yyx': 0.0008594638178393686, 'learning_rate_yyx': 0.006862716906849941}. Best is trial 3 with value: -2.95615718224045.
[I 2026-03-18 17:29:30,694] Trial 29 pruned. 
[I 2026-03-18 17:29:34,991] Trial 27 pruned. 
[I 2026-03-18 17:29:37,855] Trial 18 finished with value: -2.8860899319444884 and parameters: {'n_layers_yyx': 1, 'hidden_size_yyx_l0': 3, 'context_size_yyx': 4, 'num_mix_components_yyx': 3, 'context_extractor_yyx': 'lstm', 'activation_func_yyx': 'GELU', 'L2_weight_yyx': 4.476119367810919e-05, 'L_entropy_weight_yyx': 6.229196655633775e-06, 'L_sep_weight_yyx': 0.00047606311868616933, 'L_scale_weight_yyx': 4.445750328058683e-08, 'learning_rate_yyx': 0.009827225143546104}. Best is trial 8 with value: -2.955956673037092.
[I 2026-03-18 17:29:38,403] Trial 44 finished with value: -0.5843341937583283 and parameters: {'n_layers_yyx': 1, 'hidden_size_yyx_l0': 4, 'context_size_yyx': 4, 'num_mix_components_yyx': 3, 'context_extractor_yyx': 'gru', 'activation_func_yyx': 'Tanh', 'L2_weight_yyx': 2.2499368115307634e-08, 'L_entropy_weight_yyx': 9.71886786470679e-06, 'L_sep_weight_yyx': 7.879306213026242e-05, 'L_scale_weight_yyx': 1.5205495430916362e-09, 'learning_rate_yyx': 0.006153277146543173}. Best is trial 23 with value: -0.5844188202198138.
[I 2026-03-18 17:29:38,549] Trial 16 pruned. 
[I 2026-03-18 17:29:47,110] Trial 17 pruned. 
[I 2026-03-18 17:29:48,761] Trial 30 pruned. 
[I 2026-03-18 17:29:49,340] Trial 41 pruned. 
[I 2026-03-18 17:29:56,235] Trial 19 pruned. 
[I 2026-03-18 17:30:03,876] Trial 18 pruned. 
[I 2026-03-18 17:30:04,248] Trial 45 pruned. 
[I 2026-03-18 17:30:07,324] Trial 11 finished with value: -2.9696741310759465 and parameters: {'n_layers_yyx': 2, 'hidden_size_yyx_l0': 4, 'hidden_size_yyx_l1': 4, 'context_size_yyx': 3, 'num_mix_components_yyx': 5, 'context_extractor_yyx': 'gru', 'activation_func_yyx': 'Tanh', 'L2_weight_yyx': 3.8262329056694434e-07, 'L_entropy_weight_yyx': 9.185282124473083e-07, 'L_sep_weight_yyx': 0.0006902424603312806, 'L_scale_weight_yyx': 4.093618709624475e-06, 'learning_rate_yyx': 0.0032945141490085847}. Best is trial 5 with value: -2.9729516240610265.
[I 2026-03-18 17:30:08,185] Trial 21 pruned. 
[I 2026-03-18 17:30:10,122] Trial 46 pruned. 
[I 2026-03-18 17:30:13,036] Trial 20 pruned. 
[I 2026-03-18 17:30:16,267] Trial 47 pruned. 
[I 2026-03-18 17:30:16,564] Trial 20 pruned. 
[I 2026-03-18 17:30:16,576] Trial 42 pruned. 
[I 2026-03-18 17:30:20,920] Trial 21 pruned. 
[I 2026-03-18 17:30:22,101] Trial 48 pruned. 
[I 2026-03-18 17:30:27,792] Trial 43 pruned. 
[I 2026-03-18 17:30:29,047] Trial 22 pruned. 
[I 2026-03-18 17:30:33,787] Trial 44 pruned. 
[I 2026-03-18 17:30:35,215] Trial 21 pruned. 
[I 2026-03-18 17:30:36,493] Trial 14 finished with value: -2.8923891953788936 and parameters: {'n_layers_yyx': 1, 'hidden_size_yyx_l0': 6, 'context_size_yyx': 2, 'num_mix_components_yyx': 4, 'context_extractor_yyx': 'lstm', 'activation_func_yyx': 'Tanh', 'L2_weight_yyx': 1.3645827451579376e-10, 'L_entropy_weight_yyx': 1.4259797096652035e-06, 'L_sep_weight_yyx': 8.883034392901475e-05, 'L_scale_weight_yyx': 8.721913316471503e-07, 'learning_rate_yyx': 0.0068471595788706175}. Best is trial 14 with value: -2.8923891953788936.
[I 2026-03-18 17:30:37,441] Trial 30 finished with value: -2.9493813872998613 and parameters: {'n_layers_yyx': 2, 'hidden_size_yyx_l0': 6, 'hidden_size_yyx_l1': 6, 'context_size_yyx': 3, 'num_mix_components_yyx': 5, 'context_extractor_yyx': 'gru', 'activation_func_yyx': 'Tanh', 'L2_weight_yyx': 5.075762255434893e-07, 'L_entropy_weight_yyx': 1.470000376829843e-08, 'L_sep_weight_yyx': 3.4053997071667675e-07, 'L_scale_weight_yyx': 1.1802376465054462e-09, 'learning_rate_yyx': 0.005036741271172736}. Best is trial 12 with value: -2.9595510816550052.
[I 2026-03-18 17:30:37,696] Trial 23 pruned. 
[I 2026-03-18 17:30:49,913] Trial 49 pruned. 

Source events: 3828
Target events: 3403
Full model ln_yyx : 25.06855 nats/sec, 6.62994 nats/event
Full model Log loss : -0.56926
Full model ln_yyx : 25.26680 nats/sec, 6.68237 nats/event
Full model Log loss : -0.58182
Full model ln_yyx : 24.51205 nats/sec, 6.48276 nats/event
Full model Log loss : -0.56214
Full model ln_yyx : 24.19488 nats/sec, 6.39888 nats/event
Full model Log loss : -0.56645
Full model ln_yyx : 24.37465 nats/sec, 6.44643 nats/event
Full model Log loss : -0.56430
Full model ln_yyx : 24.74597 nats/sec, 6.54463 nats/event
Full model Log loss : -0.57462
Full model ln_yyx : 24.64526 nats/sec, 6.51800 nats/event
Full model Log loss : -0.57284
Full model ln_yyx : 24.97837 nats/sec, 6.60609 nats/event
Full model Log loss : -0.57573
Full model ln_yyx : 23.98592 nats/sec, 6.34362 nats/event
Full model Log loss : -0.54884
Full model ln_yyx : 24.75353 nats/sec, 6.54663 nats/event
Full model Log loss : -0.57437
Full model ln_yyx : 24.94869 nats/sec, 6.59824 nats/event
Full model Log loss : -0.58442
Full model ln_yyx : 24.89969 nats/sec, 6.58528 nats/event
Full model Log loss : -0.55759
Full model ln_yyx : 24.43588 nats/sec, 6.46262 nats/event
Full model Log loss : -0.57322
Full model ln_yyx : 24.30634 nats/sec, 6.42836 nats/event
Full model Log loss : -0.57240
Full model ln_yyx : 24.45778 nats/sec, 6.46841 nats/event
Full model Log loss : -0.57332
Full model ln_yyx : 25.02323 nats/sec, 6.61796 nats/event
Full model Log loss : -0.58433
Optimization finished. Config saved to results/opt-full/opt_full_54_best_config.txt
[I 2026-03-18 17:30:50,308] Trial 19 pruned. 
[I 2026-03-18 17:30:52,630] Trial 22 pruned. 
[I 2026-03-18 17:30:56,223] Trial 14 finished with value: -2.9577338167178033 and parameters: {'n_layers_yyx': 1, 'hidden_size_yyx_l0': 5, 'context_size_yyx': 3, 'num_mix_components_yyx': 5, 'context_extractor_yyx': 'gru', 'activation_func_yyx': 'Tanh', 'L2_weight_yyx': 8.543562535841133e-10, 'L_entropy_weight_yyx': 6.266561757717814e-07, 'L_sep_weight_yyx': 7.11933621714123e-08, 'L_scale_weight_yyx': 1.112166576067722e-05, 'learning_rate_yyx': 0.005500096938935434}. Best is trial 4 with value: -2.961367919552152.
[I 2026-03-18 17:30:58,243] Trial 15 finished with value: -2.915498965326368 and parameters: {'n_layers_yyx': 2, 'hidden_size_yyx_l0': 4, 'hidden_size_yyx_l1': 6, 'context_size_yyx': 3, 'num_mix_components_yyx': 4, 'context_extractor_yyx': 'lstm', 'activation_func_yyx': 'ReLU', 'L2_weight_yyx': 1.9177480196262174e-08, 'L_entropy_weight_yyx': 1.2701926517384857e-06, 'L_sep_weight_yyx': 9.98016050017765e-06, 'L_scale_weight_yyx': 4.649334133031348e-07, 'learning_rate_yyx': 0.004276227542099209}. Best is trial 14 with value: -2.9272898002158976.
[I 2026-03-18 17:31:08,184] Trial 20 pruned. 
[I 2026-03-18 17:31:13,819] Trial 20 pruned. 
[I 2026-03-18 17:31:15,579] Trial 45 finished with value: -0.5558510298906035 and parameters: {'n_layers_yyx': 1, 'hidden_size_yyx_l0': 5, 'context_size_yyx': 3, 'num_mix_components_yyx': 4, 'context_extractor_yyx': 'lstm', 'activation_func_yyx': 'Tanh', 'L2_weight_yyx': 1.0810097098477554e-08, 'L_entropy_weight_yyx': 8.5540272683872e-05, 'L_sep_weight_yyx': 1.0717287059272535e-10, 'L_scale_weight_yyx': 7.40719957536325e-07, 'learning_rate_yyx': 0.00748230624850144}. Best is trial 35 with value: -0.5770481114866317.
[I 2026-03-18 17:31:16,175] Trial 16 pruned. 
[I 2026-03-18 17:31:17,013] Trial 21 pruned. 
[I 2026-03-18 17:31:21,424] Trial 46 pruned. 
[I 2026-03-18 17:31:21,753] Trial 15 pruned. 
[I 2026-03-18 17:31:22,834] Trial 21 pruned. 
[I 2026-03-18 17:31:26,135] Trial 22 pruned. 
[I 2026-03-18 17:31:27,095] Trial 47 pruned. 
[I 2026-03-18 17:31:29,146] Trial 24 finished with value: -2.9566377379109148 and parameters: {'n_layers_yyx': 2, 'hidden_size_yyx_l0': 4, 'hidden_size_yyx_l1': 3, 'context_size_yyx': 3, 'num_mix_components_yyx': 3, 'context_extractor_yyx': 'lstm', 'activation_func_yyx': 'ReLU', 'L2_weight_yyx': 8.63655654919222e-10, 'L_entropy_weight_yyx': 2.040775870057281e-08, 'L_sep_weight_yyx': 1.75376765887895e-05, 'L_scale_weight_yyx': 6.174841671631605e-07, 'learning_rate_yyx': 0.0076800144777392065}. Best is trial 6 with value: -2.966045431578574.
[I 2026-03-18 17:31:29,629] Trial 16 pruned. 
[I 2026-03-18 17:31:31,387] Trial 22 pruned. 
[I 2026-03-18 17:31:34,128] Trial 14 pruned. 
[I 2026-03-18 17:31:34,173] Trial 31 finished with value: -2.9435408491710793 and parameters: {'n_layers_yyx': 2, 'hidden_size_yyx_l0': 5, 'hidden_size_yyx_l1': 5, 'context_size_yyx': 3, 'num_mix_components_yyx': 5, 'context_extractor_yyx': 'gru', 'activation_func_yyx': 'ReLU', 'L2_weight_yyx': 2.774430798727255e-05, 'L_entropy_weight_yyx': 5.709865319971315e-10, 'L_sep_weight_yyx': 2.0934617174139238e-09, 'L_scale_weight_yyx': 0.0007328228203566629, 'learning_rate_yyx': 0.007920398573156687}. Best is trial 0 with value: -2.957957273051406.
[I 2026-03-18 17:31:38,022] Trial 17 pruned. 
[I 2026-03-18 17:31:39,088] Trial 23 pruned. 
[I 2026-03-18 17:31:46,385] Trial 25 pruned. 
[I 2026-03-18 17:31:46,725] Trial 18 pruned. 
[I 2026-03-18 17:31:49,849] Trial 23 pruned. 
[I 2026-03-18 17:31:52,208] Trial 32 pruned. 
[I 2026-03-18 17:31:55,188] Trial 19 pruned. 
[I 2026-03-18 17:31:57,672] Trial 24 pruned. 
[I 2026-03-18 17:32:03,526] Trial 17 pruned. 
[I 2026-03-18 17:32:13,098] Trial 20 pruned. 
[I 2026-03-18 17:32:14,113] Trial 48 finished with value: -0.5784843686194334 and parameters: {'n_layers_yyx': 2, 'hidden_size_yyx_l0': 3, 'hidden_size_yyx_l1': 6, 'context_size_yyx': 1, 'num_mix_components_yyx': 4, 'context_extractor_yyx': 'lstm', 'activation_func_yyx': 'GELU', 'L2_weight_yyx': 3.642029232660838e-06, 'L_entropy_weight_yyx': 3.047378247647497e-09, 'L_sep_weight_yyx': 3.9309265952501175e-09, 'L_scale_weight_yyx': 8.586299229204261e-10, 'learning_rate_yyx': 0.008496572777396579}. Best is trial 48 with value: -0.5784843686194334.
[I 2026-03-18 17:32:15,789] Trial 25 pruned. 
[I 2026-03-18 17:32:17,905] Trial 12 pruned. 
[I 2026-03-18 17:32:19,899] Trial 28 finished with value: -2.942295399568205 and parameters: {'n_layers_yyx': 1, 'hidden_size_yyx_l0': 5, 'context_size_yyx': 3, 'num_mix_components_yyx': 3, 'context_extractor_yyx': 'gru', 'activation_func_yyx': 'ReLU', 'L2_weight_yyx': 4.186421384448771e-09, 'L_entropy_weight_yyx': 1.2710266297768522e-05, 'L_sep_weight_yyx': 6.330129575177063e-07, 'L_scale_weight_yyx': 2.1164353148651713e-09, 'learning_rate_yyx': 0.009731222394157326}. Best is trial 15 with value: -2.9509930170610343.
[I 2026-03-18 17:32:24,211] Trial 26 pruned. 
[I 2026-03-18 17:32:28,884] Trial 29 pruned. 
[I 2026-03-18 17:32:31,039] Trial 21 pruned. 
[I 2026-03-18 17:32:31,957] Trial 27 pruned. 
[I 2026-03-18 17:32:37,243] Trial 30 pruned. 
[I 2026-03-18 17:32:40,182] Trial 49 pruned. 

Source events: 3828
Target events: 20800
Full model ln_yyx : 148.31549 nats/sec, 6.41750 nats/event
Full model Log loss : -0.54422
Full model ln_yyx : 147.55569 nats/sec, 6.38462 nats/event
Full model Log loss : -0.54679
Full model ln_yyx : 151.94771 nats/sec, 6.57466 nats/event
Full model Log loss : -0.55769
Full model ln_yyx : 149.76890 nats/sec, 6.48039 nats/event
Full model Log loss : -0.54623
Full model ln_yyx : 151.58694 nats/sec, 6.55905 nats/event
Full model Log loss : -0.55542
Full model ln_yyx : 148.66910 nats/sec, 6.43280 nats/event
Full model Log loss : -0.53712
Full model ln_yyx : 152.45560 nats/sec, 6.59664 nats/event
Full model Log loss : -0.56219
Full model ln_yyx : 152.51856 nats/sec, 6.59936 nats/event
Full model Log loss : -0.57467
Full model ln_yyx : 154.26824 nats/sec, 6.67507 nats/event
Full model Log loss : -0.56740
Full model ln_yyx : 151.11609 nats/sec, 6.53868 nats/event
Full model Log loss : -0.55792
Full model ln_yyx : 153.12674 nats/sec, 6.62568 nats/event
Full model Log loss : -0.57018
Full model ln_yyx : 154.05042 nats/sec, 6.66564 nats/event
Full model Log loss : -0.56685
Full model ln_yyx : 151.55874 nats/sec, 6.55783 nats/event
Full model Log loss : -0.57510
Full model ln_yyx : 152.24111 nats/sec, 6.58736 nats/event
Full model Log loss : -0.57705
Full model ln_yyx : 153.99099 nats/sec, 6.66307 nats/event
Full model Log loss : -0.55585
Full model ln_yyx : 151.51855 nats/sec, 6.55609 nats/event
Full model Log loss : -0.57848
Optimization finished. Config saved to results/opt-full/opt_full_51_best_config.txt
[I 2026-03-18 17:32:40,517] Trial 28 pruned. 
[I 2026-03-18 17:32:41,966] Trial 19 finished with value: -2.8861502105303725 and parameters: {'n_layers_yyx': 2, 'hidden_size_yyx_l0': 4, 'hidden_size_yyx_l1': 2, 'context_size_yyx': 3, 'num_mix_components_yyx': 3, 'context_extractor_yyx': 'gru', 'activation_func_yyx': 'ReLU', 'L2_weight_yyx': 2.147887235189573e-10, 'L_entropy_weight_yyx': 1.5201904745644937e-07, 'L_sep_weight_yyx': 4.310113938802204e-07, 'L_scale_weight_yyx': 2.2271668378163472e-10, 'learning_rate_yyx': 0.005011922568643977}. Best is trial 8 with value: -2.955956673037092.
[I 2026-03-18 17:32:44,355] Trial 35 finished with value: -2.8635768842288356 and parameters: {'n_layers_yyx': 2, 'hidden_size_yyx_l0': 5, 'hidden_size_yyx_l1': 6, 'context_size_yyx': 4, 'num_mix_components_yyx': 1, 'context_extractor_yyx': 'lstm', 'activation_func_yyx': 'Tanh', 'L2_weight_yyx': 1.5553496663351635e-08, 'L_entropy_weight_yyx': 1.9770468015271468e-07, 'L_sep_weight_yyx': 1.440966085027734e-07, 'L_scale_weight_yyx': 1.6476439900393625e-09, 'learning_rate_yyx': 0.0006067264463433972}. Best is trial 20 with value: -2.9549177653610377.
[I 2026-03-18 17:32:48,132] Trial 22 pruned. 
[I 2026-03-18 17:32:49,587] Trial 20 pruned. 
[I 2026-03-18 17:32:50,357] Trial 31 finished with value: -2.9490319202478883 and parameters: {'n_layers_yyx': 2, 'hidden_size_yyx_l0': 6, 'hidden_size_yyx_l1': 6, 'context_size_yyx': 3, 'num_mix_components_yyx': 5, 'context_extractor_yyx': 'gru', 'activation_func_yyx': 'Tanh', 'L2_weight_yyx': 5.956649697106532e-07, 'L_entropy_weight_yyx': 1.6910087111956846e-08, 'L_sep_weight_yyx': 8.895398071733047e-08, 'L_scale_weight_yyx': 4.047311609901791e-10, 'learning_rate_yyx': 0.005229560384746314}. Best is trial 12 with value: -2.9595510816550052.
[I 2026-03-18 17:32:53,447] Trial 17 finished with value: -2.9631792723501325 and parameters: {'n_layers_yyx': 1, 'hidden_size_yyx_l0': 5, 'context_size_yyx': 4, 'num_mix_components_yyx': 2, 'context_extractor_yyx': 'gru', 'activation_func_yyx': 'Tanh', 'L2_weight_yyx': 3.111272487500297e-08, 'L_entropy_weight_yyx': 1.0292999516591897e-10, 'L_sep_weight_yyx': 0.0008162703145261199, 'L_scale_weight_yyx': 8.055776265516755e-08, 'learning_rate_yyx': 0.006321054086303678}. Best is trial 17 with value: -2.9631792723501325.
[I 2026-03-18 17:32:53,991] Trial 31 pruned. 
[I 2026-03-18 17:32:55,516] Trial 23 pruned. 
[I 2026-03-18 17:32:57,027] Trial 29 pruned. 
[I 2026-03-18 17:33:01,546] Trial 18 pruned. 
[I 2026-03-18 17:33:01,713] Trial 36 pruned. 
[I 2026-03-18 17:33:02,021] Trial 32 pruned. 
[I 2026-03-18 17:33:02,683] Trial 13 pruned. 
[I 2026-03-18 17:33:04,422] Trial 30 pruned. 
[I 2026-03-18 17:33:07,743] Trial 21 pruned. 
[I 2026-03-18 17:33:11,484] Trial 14 pruned. 
[I 2026-03-18 17:33:11,930] Trial 24 pruned. 
[I 2026-03-18 17:33:20,697] Trial 15 finished with value: -2.9518350045648503 and parameters: {'n_layers_yyx': 1, 'hidden_size_yyx_l0': 5, 'context_size_yyx': 4, 'num_mix_components_yyx': 5, 'context_extractor_yyx': 'gru', 'activation_func_yyx': 'Tanh', 'L2_weight_yyx': 2.393085024620582e-10, 'L_entropy_weight_yyx': 1.1158979171599555e-06, 'L_sep_weight_yyx': 1.508739238393941e-07, 'L_scale_weight_yyx': 0.0007412875420166706, 'learning_rate_yyx': 0.005967000723592629}. Best is trial 4 with value: -2.961367919552152.
[I 2026-03-18 17:33:20,817] Trial 33 pruned. 
[I 2026-03-18 17:33:28,889] Trial 25 pruned. 
[I 2026-03-18 17:33:29,208] Trial 15 pruned. 
[I 2026-03-18 17:33:38,638] Trial 16 pruned. 
[I 2026-03-18 17:33:46,931] Trial 26 pruned. 
[I 2026-03-18 17:33:48,794] Trial 33 finished with value: -2.9014612179600827 and parameters: {'n_layers_yyx': 2, 'hidden_size_yyx_l0': 5, 'hidden_size_yyx_l1': 5, 'context_size_yyx': 2, 'num_mix_components_yyx': 4, 'context_extractor_yyx': 'gru', 'activation_func_yyx': 'ReLU', 'L2_weight_yyx': 0.00011910277290664044, 'L_entropy_weight_yyx': 8.390513253582133e-10, 'L_sep_weight_yyx': 3.873908689159818e-09, 'L_scale_weight_yyx': 0.00040942287980931676, 'learning_rate_yyx': 0.00863690218600877}. Best is trial 0 with value: -2.957957273051406.
[I 2026-03-18 17:33:52,220] Trial 22 finished with value: -2.9547466022224063 and parameters: {'n_layers_yyx': 1, 'hidden_size_yyx_l0': 5, 'context_size_yyx': 3, 'num_mix_components_yyx': 3, 'context_extractor_yyx': 'gru', 'activation_func_yyx': 'GELU', 'L2_weight_yyx': 1.8406392961484945e-10, 'L_entropy_weight_yyx': 6.840411794761574e-09, 'L_sep_weight_yyx': 6.648862182328819e-08, 'L_scale_weight_yyx': 9.037160739795256e-05, 'learning_rate_yyx': 0.009823853360792622}. Best is trial 3 with value: -2.95615718224045.
[I 2026-03-18 17:33:56,514] Trial 27 pruned. 
[I 2026-03-18 17:34:15,613] Trial 28 pruned. 
[I 2026-03-18 17:34:28,365] Trial 17 pruned. 
[I 2026-03-18 17:34:33,236] Trial 24 finished with value: -2.9620979508722423 and parameters: {'n_layers_yyx': 2, 'hidden_size_yyx_l0': 3, 'hidden_size_yyx_l1': 3, 'context_size_yyx': 2, 'num_mix_components_yyx': 5, 'context_extractor_yyx': 'gru', 'activation_func_yyx': 'Tanh', 'L2_weight_yyx': 1.0197871597178984e-07, 'L_entropy_weight_yyx': 5.358174822585602e-07, 'L_sep_weight_yyx': 1.9688658307736521e-07, 'L_scale_weight_yyx': 3.335339473318457e-07, 'learning_rate_yyx': 0.006615457491897757}. Best is trial 0 with value: -2.973312761552399.
[I 2026-03-18 17:34:39,683] Trial 34 pruned. 
[I 2026-03-18 17:34:40,805] Trial 23 pruned. 
[I 2026-03-18 17:34:48,633] Trial 26 finished with value: -2.9510978202415847 and parameters: {'n_layers_yyx': 2, 'hidden_size_yyx_l0': 4, 'hidden_size_yyx_l1': 3, 'context_size_yyx': 4, 'num_mix_components_yyx': 3, 'context_extractor_yyx': 'gru', 'activation_func_yyx': 'ReLU', 'L2_weight_yyx': 4.502044314926684e-08, 'L_entropy_weight_yyx': 2.3313939056313325e-07, 'L_sep_weight_yyx': 1.2102376364859939e-06, 'L_scale_weight_yyx': 0.00010690350989582604, 'learning_rate_yyx': 0.007943599745675753}. Best is trial 6 with value: -2.966045431578574.
[I 2026-03-18 17:34:52,937] Trial 25 pruned. 
[I 2026-03-18 17:34:55,653] Trial 22 finished with value: -2.9117218874509865 and parameters: {'n_layers_yyx': 2, 'hidden_size_yyx_l0': 3, 'hidden_size_yyx_l1': 5, 'context_size_yyx': 4, 'num_mix_components_yyx': 4, 'context_extractor_yyx': 'gru', 'activation_func_yyx': 'GELU', 'L2_weight_yyx': 0.0007846875313142802, 'L_entropy_weight_yyx': 6.688271925947986e-07, 'L_sep_weight_yyx': 1.2277871892659674e-06, 'L_scale_weight_yyx': 1.2054556404409616e-09, 'learning_rate_yyx': 0.009504556921094948}. Best is trial 8 with value: -2.955956673037092.
[I 2026-03-18 17:35:02,692] Trial 29 pruned. 
[I 2026-03-18 17:35:04,604] Trial 23 finished with value: -2.9542045708741957 and parameters: {'n_layers_yyx': 1, 'hidden_size_yyx_l0': 4, 'context_size_yyx': 4, 'num_mix_components_yyx': 4, 'context_extractor_yyx': 'lstm', 'activation_func_yyx': 'ReLU', 'L2_weight_yyx': 9.270137728355305e-09, 'L_entropy_weight_yyx': 3.35564720982642e-10, 'L_sep_weight_yyx': 7.949871201721502e-09, 'L_scale_weight_yyx': 1.766409163882978e-07, 'learning_rate_yyx': 0.0026823737813795033}. Best is trial 23 with value: -2.9542045708741957.
[I 2026-03-18 17:35:05,668] Trial 15 finished with value: -2.910849336055692 and parameters: {'n_layers_yyx': 1, 'hidden_size_yyx_l0': 3, 'context_size_yyx': 2, 'num_mix_components_yyx': 5, 'context_extractor_yyx': 'gru', 'activation_func_yyx': 'ReLU', 'L2_weight_yyx': 0.0001236213240558515, 'L_entropy_weight_yyx': 2.482321816959418e-08, 'L_sep_weight_yyx': 1.2958120960991221e-08, 'L_scale_weight_yyx': 4.7468981954481004e-09, 'learning_rate_yyx': 0.00624808495650605}. Best is trial 12 with value: -2.9416514371178453.
[I 2026-03-18 17:35:07,903] Trial 27 pruned. 
[I 2026-03-18 17:35:09,372] Trial 32 finished with value: -2.9492527610174766 and parameters: {'n_layers_yyx': 2, 'hidden_size_yyx_l0': 6, 'hidden_size_yyx_l1': 6, 'context_size_yyx': 3, 'num_mix_components_yyx': 5, 'context_extractor_yyx': 'gru', 'activation_func_yyx': 'Tanh', 'L2_weight_yyx': 6.364240152414484e-07, 'L_entropy_weight_yyx': 4.5455249866237106e-08, 'L_sep_weight_yyx': 5.181722730878373e-07, 'L_scale_weight_yyx': 6.869374408786739e-10, 'learning_rate_yyx': 0.005455194461794562}. Best is trial 12 with value: -2.9595510816550052.
[I 2026-03-18 17:35:13,064] Trial 24 pruned. 
[I 2026-03-18 17:35:20,961] Trial 30 pruned. 
[I 2026-03-18 17:35:22,459] Trial 25 pruned. 
[I 2026-03-18 17:35:29,765] Trial 33 pruned. 
[I 2026-03-18 17:35:30,404] Trial 31 pruned. 
[I 2026-03-18 17:35:31,767] Trial 26 pruned. 
[I 2026-03-18 17:35:31,807] Trial 18 finished with value: -2.936145807478804 and parameters: {'n_layers_yyx': 2, 'hidden_size_yyx_l0': 4, 'hidden_size_yyx_l1': 5, 'context_size_yyx': 3, 'num_mix_components_yyx': 4, 'context_extractor_yyx': 'lstm', 'activation_func_yyx': 'ReLU', 'L2_weight_yyx': 1.1559618071418125e-07, 'L_entropy_weight_yyx': 5.140440391766945e-05, 'L_sep_weight_yyx': 1.3576914297560719e-06, 'L_scale_weight_yyx': 3.820330833059329e-09, 'learning_rate_yyx': 0.0059210895585695335}. Best is trial 18 with value: -2.936145807478804.
[I 2026-03-18 17:35:31,992] Trial 35 pruned. 
[I 2026-03-18 17:35:38,287] Trial 32 pruned. 
[I 2026-03-18 17:35:40,445] Trial 27 pruned. 
[I 2026-03-18 17:35:41,143] Trial 26 pruned. 
[I 2026-03-18 17:35:45,049] Trial 23 pruned. 
[I 2026-03-18 17:35:46,549] Trial 33 pruned. 
[I 2026-03-18 17:35:48,047] Trial 34 pruned. 
[I 2026-03-18 17:35:54,070] Trial 24 pruned. 
[I 2026-03-18 17:35:57,552] Trial 28 pruned. 
[I 2026-03-18 17:35:58,574] Trial 24 finished with value: -2.9686238360537223 and parameters: {'n_layers_yyx': 2, 'hidden_size_yyx_l0': 6, 'hidden_size_yyx_l1': 3, 'context_size_yyx': 4, 'num_mix_components_yyx': 5, 'context_extractor_yyx': 'gru', 'activation_func_yyx': 'Tanh', 'L2_weight_yyx': 1.3122731872332802e-07, 'L_entropy_weight_yyx': 4.889610425062265e-06, 'L_sep_weight_yyx': 9.086052229179978e-06, 'L_scale_weight_yyx': 3.425640232846205e-08, 'learning_rate_yyx': 0.001973032344946567}. Best is trial 0 with value: -2.9702180140077377.
[I 2026-03-18 17:36:04,711] Trial 34 pruned. 
[I 2026-03-18 17:36:06,348] Trial 35 pruned. 
[I 2026-03-18 17:36:07,651] Trial 25 pruned. 
[I 2026-03-18 17:36:29,049] Trial 28 pruned. 
[I 2026-03-18 17:36:44,813] Trial 25 pruned. 
[I 2026-03-18 17:36:49,515] Trial 19 finished with value: -2.955651726196104 and parameters: {'n_layers_yyx': 1, 'hidden_size_yyx_l0': 5, 'context_size_yyx': 4, 'num_mix_components_yyx': 2, 'context_extractor_yyx': 'gru', 'activation_func_yyx': 'ReLU', 'L2_weight_yyx': 1.1501408032020884e-08, 'L_entropy_weight_yyx': 0.0001859376162766678, 'L_sep_weight_yyx': 4.837344576797847e-06, 'L_scale_weight_yyx': 1.8838005132037678e-09, 'learning_rate_yyx': 0.006134047309882025}. Best is trial 17 with value: -2.9631792723501325.
[I 2026-03-18 17:36:52,224] Trial 35 pruned. 
[I 2026-03-18 17:36:55,956] Trial 36 pruned. 
[I 2026-03-18 17:36:57,467] Trial 26 pruned. 
[I 2026-03-18 17:37:06,760] Trial 37 finished with value: -2.980594852387875 and parameters: {'n_layers_yyx': 2, 'hidden_size_yyx_l0': 3, 'hidden_size_yyx_l1': 4, 'context_size_yyx': 3, 'num_mix_components_yyx': 3, 'context_extractor_yyx': 'lstm', 'activation_func_yyx': 'Tanh', 'L2_weight_yyx': 9.12098900720985e-06, 'L_entropy_weight_yyx': 1.845180489453184e-06, 'L_sep_weight_yyx': 3.418113304243821e-05, 'L_scale_weight_yyx': 3.460368173637042e-09, 'learning_rate_yyx': 0.004706220500867913}. Best is trial 37 with value: -2.980594852387875.
[I 2026-03-18 17:37:08,727] Trial 20 pruned. 
[I 2026-03-18 17:37:08,801] Trial 16 finished with value: -2.963804985472295 and parameters: {'n_layers_yyx': 2, 'hidden_size_yyx_l0': 5, 'hidden_size_yyx_l1': 5, 'context_size_yyx': 2, 'num_mix_components_yyx': 5, 'context_extractor_yyx': 'gru', 'activation_func_yyx': 'Tanh', 'L2_weight_yyx': 2.2233234133177197e-08, 'L_entropy_weight_yyx': 7.326391590601618e-05, 'L_sep_weight_yyx': 4.828048997542333e-07, 'L_scale_weight_yyx': 7.769846455948419e-07, 'learning_rate_yyx': 0.004658216133633628}. Best is trial 5 with value: -2.9729516240610265.
[I 2026-03-18 17:37:11,078] Trial 34 finished with value: -2.96234983443252 and parameters: {'n_layers_yyx': 1, 'hidden_size_yyx_l0': 5, 'context_size_yyx': 3, 'num_mix_components_yyx': 3, 'context_extractor_yyx': 'gru', 'activation_func_yyx': 'GELU', 'L2_weight_yyx': 1.9290191062986e-08, 'L_entropy_weight_yyx': 1.021796803240122e-05, 'L_sep_weight_yyx': 0.0002857596719026457, 'L_scale_weight_yyx': 5.61987596242966e-08, 'learning_rate_yyx': 0.005049854102069508}. Best is trial 34 with value: -2.96234983443252.
[I 2026-03-18 17:37:11,206] Trial 36 pruned. 
[I 2026-03-18 17:37:16,465] Trial 31 finished with value: -2.933534930946246 and parameters: {'n_layers_yyx': 1, 'hidden_size_yyx_l0': 6, 'context_size_yyx': 2, 'num_mix_components_yyx': 3, 'context_extractor_yyx': 'gru', 'activation_func_yyx': 'GELU', 'L2_weight_yyx': 2.5119089769819575e-08, 'L_entropy_weight_yyx': 0.00018567565995699292, 'L_sep_weight_yyx': 2.4407235637395384e-05, 'L_scale_weight_yyx': 5.487692099287339e-07, 'learning_rate_yyx': 0.007782937578259984}. Best is trial 9 with value: -2.9510968045279404.
[I 2026-03-18 17:37:16,691] Trial 27 pruned. 
[I 2026-03-18 17:37:18,644] Trial 17 pruned. 
[I 2026-03-18 17:37:18,886] Trial 21 pruned. 
[I 2026-03-18 17:37:20,866] Trial 35 pruned. 
[I 2026-03-18 17:37:21,564] Trial 37 pruned. 
[I 2026-03-18 17:37:25,278] Trial 36 finished with value: -2.9052901506063256 and parameters: {'n_layers_yyx': 2, 'hidden_size_yyx_l0': 5, 'hidden_size_yyx_l1': 6, 'context_size_yyx': 1, 'num_mix_components_yyx': 4, 'context_extractor_yyx': 'gru', 'activation_func_yyx': 'ReLU', 'L2_weight_yyx': 4.033026354674147e-05, 'L_entropy_weight_yyx': 3.2137597760743334e-10, 'L_sep_weight_yyx': 4.771051009835288e-10, 'L_scale_weight_yyx': 0.0001210128134390667, 'learning_rate_yyx': 0.00566306727564375}. Best is trial 0 with value: -2.957957273051406.
[I 2026-03-18 17:37:26,345] Trial 28 pruned. 
[I 2026-03-18 17:37:27,957] Trial 19 finished with value: -2.8917082124326305 and parameters: {'n_layers_yyx': 2, 'hidden_size_yyx_l0': 3, 'hidden_size_yyx_l1': 5, 'context_size_yyx': 3, 'num_mix_components_yyx': 5, 'context_extractor_yyx': 'lstm', 'activation_func_yyx': 'ReLU', 'L2_weight_yyx': 1.500916338769997e-07, 'L_entropy_weight_yyx': 0.0007374944418679544, 'L_sep_weight_yyx': 8.06715267354e-08, 'L_scale_weight_yyx': 2.867701147307872e-09, 'learning_rate_yyx': 0.006554806559124416}. Best is trial 18 with value: -2.936145807478804.
[I 2026-03-18 17:37:29,831] Trial 36 pruned. 
[I 2026-03-18 17:37:30,250] Trial 38 pruned. 
[I 2026-03-18 17:37:34,698] Trial 37 pruned. 
[I 2026-03-18 17:37:35,677] Trial 29 pruned. 
[I 2026-03-18 17:37:37,247] Trial 18 pruned. 
[I 2026-03-18 17:37:38,807] Trial 37 pruned. 
[I 2026-03-18 17:37:47,094] Trial 38 pruned. 
[I 2026-03-18 17:37:54,468] Trial 19 pruned. 
[I 2026-03-18 17:37:57,441] Trial 24 finished with value: -2.9676210496741837 and parameters: {'n_layers_yyx': 1, 'hidden_size_yyx_l0': 5, 'context_size_yyx': 4, 'num_mix_components_yyx': 3, 'context_extractor_yyx': 'gru', 'activation_func_yyx': 'GELU', 'L2_weight_yyx': 9.007148465610554e-10, 'L_entropy_weight_yyx': 6.1332107335517794e-09, 'L_sep_weight_yyx': 3.4680959205261266e-09, 'L_scale_weight_yyx': 3.944317175205265e-06, 'learning_rate_yyx': 0.007245669605430986}. Best is trial 24 with value: -2.9676210496741837.
[I 2026-03-18 17:38:04,237] Trial 20 pruned. 
[I 2026-03-18 17:38:10,761] Trial 37 finished with value: -2.911071407993334 and parameters: {'n_layers_yyx': 2, 'hidden_size_yyx_l0': 5, 'hidden_size_yyx_l1': 6, 'context_size_yyx': 2, 'num_mix_components_yyx': 5, 'context_extractor_yyx': 'lstm', 'activation_func_yyx': 'Tanh', 'L2_weight_yyx': 3.74633178826339e-08, 'L_entropy_weight_yyx': 2.8928682761588164e-05, 'L_sep_weight_yyx': 1.262446405215742e-06, 'L_scale_weight_yyx': 1.0512994794067928e-10, 'learning_rate_yyx': 0.008009099021643703}. Best is trial 12 with value: -2.9595510816550052.
[I 2026-03-18 17:38:19,828] Trial 38 pruned. 
[I 2026-03-18 17:38:40,995] Trial 39 pruned. 
[I 2026-03-18 17:38:42,574] Trial 18 finished with value: -2.9708932860218953 and parameters: {'n_layers_yyx': 1, 'hidden_size_yyx_l0': 5, 'context_size_yyx': 3, 'num_mix_components_yyx': 2, 'context_extractor_yyx': 'lstm', 'activation_func_yyx': 'Tanh', 'L2_weight_yyx': 5.6988068500346646e-08, 'L_entropy_weight_yyx': 1.0671195408449603e-06, 'L_sep_weight_yyx': 1.5928271235038158e-07, 'L_scale_weight_yyx': 1.9106866883071e-09, 'learning_rate_yyx': 0.006802849686238188}. Best is trial 18 with value: -2.9708932860218953.
[I 2026-03-18 17:38:50,037] Trial 29 pruned. 
[I 2026-03-18 17:38:52,881] Trial 16 finished with value: -2.9637252953818396 and parameters: {'n_layers_yyx': 1, 'hidden_size_yyx_l0': 4, 'context_size_yyx': 3, 'num_mix_components_yyx': 4, 'context_extractor_yyx': 'gru', 'activation_func_yyx': 'Tanh', 'L2_weight_yyx': 9.537232546262148e-07, 'L_entropy_weight_yyx': 8.684697227329462e-06, 'L_sep_weight_yyx': 0.0007822221670948211, 'L_scale_weight_yyx': 3.4425811045121833e-07, 'learning_rate_yyx': 0.0061389538767922915}. Best is trial 16 with value: -2.9637252953818396.
[I 2026-03-18 17:38:53,046] Trial 21 pruned. 
[I 2026-03-18 17:38:54,233] Trial 29 finished with value: -2.9478307311365355 and parameters: {'n_layers_yyx': 2, 'hidden_size_yyx_l0': 3, 'hidden_size_yyx_l1': 4, 'context_size_yyx': 4, 'num_mix_components_yyx': 3, 'context_extractor_yyx': 'lstm', 'activation_func_yyx': 'ReLU', 'L2_weight_yyx': 1.0418932868026613e-10, 'L_entropy_weight_yyx': 8.459227091212404e-07, 'L_sep_weight_yyx': 3.7679032595505155e-05, 'L_scale_weight_yyx': 2.67517929148172e-08, 'learning_rate_yyx': 0.006610628955996513}. Best is trial 6 with value: -2.966045431578574.
[I 2026-03-18 17:38:59,561] Trial 19 pruned. 
[I 2026-03-18 17:39:00,105] Trial 40 pruned. 
[I 2026-03-18 17:39:14,724] Trial 30 pruned. 
[I 2026-03-18 17:39:18,480] Trial 20 pruned. 
[I 2026-03-18 17:39:23,137] Trial 39 finished with value: -2.8753787577790417 and parameters: {'n_layers_yyx': 2, 'hidden_size_yyx_l0': 3, 'hidden_size_yyx_l1': 2, 'context_size_yyx': 3, 'num_mix_components_yyx': 5, 'context_extractor_yyx': 'lstm', 'activation_func_yyx': 'GELU', 'L2_weight_yyx': 7.929825012864721e-09, 'L_entropy_weight_yyx': 0.0001972794136179407, 'L_sep_weight_yyx': 0.0002625388270063986, 'L_scale_weight_yyx': 1.7383738258469885e-08, 'learning_rate_yyx': 0.006384337986645516}. Best is trial 14 with value: -2.8923891953788936.
[I 2026-03-18 17:39:27,373] Trial 26 finished with value: -2.90557532451619 and parameters: {'n_layers_yyx': 2, 'hidden_size_yyx_l0': 5, 'hidden_size_yyx_l1': 5, 'context_size_yyx': 3, 'num_mix_components_yyx': 2, 'context_extractor_yyx': 'lstm', 'activation_func_yyx': 'GELU', 'L2_weight_yyx': 2.3208584261366903e-05, 'L_entropy_weight_yyx': 6.865029684394924e-05, 'L_sep_weight_yyx': 1.2428435981432583e-08, 'L_scale_weight_yyx': 3.855519389159609e-08, 'learning_rate_yyx': 0.006406075697165686}. Best is trial 8 with value: -2.955956673037092.
[I 2026-03-18 17:39:33,272] Trial 40 pruned. 
[I 2026-03-18 17:39:38,223] Trial 21 pruned. 
[I 2026-03-18 17:39:42,013] Trial 41 pruned. 
[I 2026-03-18 17:39:43,469] Trial 17 pruned. 
[I 2026-03-18 17:39:44,590] Trial 22 pruned. 
[I 2026-03-18 17:39:47,887] Trial 22 pruned. 
[I 2026-03-18 17:39:48,147] Trial 27 pruned. 
[I 2026-03-18 17:39:51,415] Trial 41 pruned. 
[I 2026-03-18 17:39:54,390] Trial 27 finished with value: -2.9392531871061682 and parameters: {'n_layers_yyx': 2, 'hidden_size_yyx_l0': 3, 'hidden_size_yyx_l1': 2, 'context_size_yyx': 2, 'num_mix_components_yyx': 5, 'context_extractor_yyx': 'gru', 'activation_func_yyx': 'Tanh', 'L2_weight_yyx': 1.2124947985701544e-07, 'L_entropy_weight_yyx': 2.570520207347111e-08, 'L_sep_weight_yyx': 1.1864223141131432e-07, 'L_scale_weight_yyx': 6.351101993150137e-07, 'learning_rate_yyx': 0.004830620134537323}. Best is trial 0 with value: -2.973312761552399.
[I 2026-03-18 17:39:56,807] Trial 28 pruned. 
[I 2026-03-18 17:39:57,979] Trial 30 pruned. 
[I 2026-03-18 17:40:03,202] Trial 28 pruned. 
[I 2026-03-18 17:40:05,589] Trial 31 pruned. 
[I 2026-03-18 17:40:05,957] Trial 29 pruned. 
[I 2026-03-18 17:40:06,485] Trial 23 pruned. 
[I 2026-03-18 17:40:14,975] Trial 32 pruned. 
[I 2026-03-18 17:40:21,845] Trial 29 pruned. 
[I 2026-03-18 17:40:24,466] Trial 30 pruned. 
[I 2026-03-18 17:40:31,357] Trial 38 finished with value: -2.9771706662392052 and parameters: {'n_layers_yyx': 2, 'hidden_size_yyx_l0': 5, 'hidden_size_yyx_l1': 4, 'context_size_yyx': 4, 'num_mix_components_yyx': 2, 'context_extractor_yyx': 'lstm', 'activation_func_yyx': 'ReLU', 'L2_weight_yyx': 1.7110390408183637e-07, 'L_entropy_weight_yyx': 3.7198190922542967e-09, 'L_sep_weight_yyx': 1.4161543725398289e-09, 'L_scale_weight_yyx': 2.773096614246603e-10, 'learning_rate_yyx': 0.007587196137513148}. Best is trial 38 with value: -2.9771706662392052.
[I 2026-03-18 17:40:34,291] Trial 39 finished with value: -2.958758517220594 and parameters: {'n_layers_yyx': 2, 'hidden_size_yyx_l0': 2, 'hidden_size_yyx_l1': 5, 'context_size_yyx': 3, 'num_mix_components_yyx': 5, 'context_extractor_yyx': 'gru', 'activation_func_yyx': 'Tanh', 'L2_weight_yyx': 1.657301325059182e-07, 'L_entropy_weight_yyx': 6.6275137354364685e-06, 'L_sep_weight_yyx': 6.710489502722389e-06, 'L_scale_weight_yyx': 1.1814485229164894e-08, 'learning_rate_yyx': 0.008567773662817808}. Best is trial 34 with value: -2.96234983443252.
[I 2026-03-18 17:40:34,478] Trial 33 pruned. 
[I 2026-03-18 17:40:39,929] Trial 42 pruned. 
[I 2026-03-18 17:40:44,017] Trial 32 finished with value: -2.9272066040346854 and parameters: {'n_layers_yyx': 1, 'hidden_size_yyx_l0': 6, 'context_size_yyx': 2, 'num_mix_components_yyx': 3, 'context_extractor_yyx': 'gru', 'activation_func_yyx': 'GELU', 'L2_weight_yyx': 5.42618820097096e-07, 'L_entropy_weight_yyx': 0.00022987371407466153, 'L_sep_weight_yyx': 0.0002224917383998809, 'L_scale_weight_yyx': 3.5939460864830957e-07, 'learning_rate_yyx': 0.00801626776334257}. Best is trial 9 with value: -2.9510968045279404.
[I 2026-03-18 17:40:45,730] Trial 31 pruned. 
[I 2026-03-18 17:40:47,660] Trial 39 pruned. 
[I 2026-03-18 17:40:50,952] Trial 40 pruned. 
[I 2026-03-18 17:40:51,741] Trial 34 pruned. 
[I 2026-03-18 17:40:52,504] Trial 20 finished with value: -2.9556409226964355 and parameters: {'n_layers_yyx': 1, 'hidden_size_yyx_l0': 4, 'context_size_yyx': 3, 'num_mix_components_yyx': 4, 'context_extractor_yyx': 'lstm', 'activation_func_yyx': 'GELU', 'L2_weight_yyx': 3.789745633428058e-09, 'L_entropy_weight_yyx': 6.283706155893215e-05, 'L_sep_weight_yyx': 3.404646870843344e-05, 'L_scale_weight_yyx': 1.8360587802158252e-10, 'learning_rate_yyx': 0.005834158334027024}. Best is trial 20 with value: -2.9556409226964355.
[I 2026-03-18 17:40:59,820] Trial 21 pruned. 
[I 2026-03-18 17:41:00,338] Trial 33 pruned. 
[I 2026-03-18 17:41:04,328] Trial 40 pruned. 
[I 2026-03-18 17:41:05,323] Trial 30 pruned. 
[I 2026-03-18 17:41:07,372] Trial 25 finished with value: -2.9648780072510874 and parameters: {'n_layers_yyx': 1, 'hidden_size_yyx_l0': 5, 'context_size_yyx': 4, 'num_mix_components_yyx': 3, 'context_extractor_yyx': 'gru', 'activation_func_yyx': 'GELU', 'L2_weight_yyx': 5.476462607742717e-10, 'L_entropy_weight_yyx': 6.968445401738632e-09, 'L_sep_weight_yyx': 1.1965113310461768e-08, 'L_scale_weight_yyx': 2.604818523504261e-06, 'learning_rate_yyx': 0.007329563277621787}. Best is trial 24 with value: -2.9676210496741837.
[I 2026-03-18 17:41:07,791] Trial 22 finished with value: -2.9660620215680944 and parameters: {'n_layers_yyx': 1, 'hidden_size_yyx_l0': 5, 'context_size_yyx': 4, 'num_mix_components_yyx': 2, 'context_extractor_yyx': 'gru', 'activation_func_yyx': 'ReLU', 'L2_weight_yyx': 1.4564025934759542e-09, 'L_entropy_weight_yyx': 1.9233328288028893e-05, 'L_sep_weight_yyx': 4.1634027696746624e-05, 'L_scale_weight_yyx': 3.0184331272241233e-09, 'learning_rate_yyx': 0.005596530096379092}. Best is trial 22 with value: -2.9660620215680944.
[I 2026-03-18 17:41:08,278] Trial 35 pruned. 
[I 2026-03-18 17:41:14,542] Trial 26 pruned. 
[I 2026-03-18 17:41:16,113] Trial 34 pruned. 
[I 2026-03-18 17:41:16,146] Trial 36 pruned. 
[I 2026-03-18 17:41:17,199] Trial 38 finished with value: -2.9772164964699948 and parameters: {'n_layers_yyx': 2, 'hidden_size_yyx_l0': 3, 'hidden_size_yyx_l1': 2, 'context_size_yyx': 3, 'num_mix_components_yyx': 4, 'context_extractor_yyx': 'lstm', 'activation_func_yyx': 'Tanh', 'L2_weight_yyx': 9.455084785716405e-06, 'L_entropy_weight_yyx': 7.119186921555104e-09, 'L_sep_weight_yyx': 5.141106182979833e-05, 'L_scale_weight_yyx': 2.0776489263839363e-09, 'learning_rate_yyx': 0.009636908219771097}. Best is trial 37 with value: -2.980594852387875.
[I 2026-03-18 17:41:23,710] Trial 35 pruned. 
[I 2026-03-18 17:41:24,106] Trial 23 pruned. 
[I 2026-03-18 17:41:29,669] Trial 32 pruned. 
[I 2026-03-18 17:41:31,910] Trial 24 pruned. 
[I 2026-03-18 17:41:37,932] Trial 33 pruned. 
[I 2026-03-18 17:41:40,016] Trial 25 pruned. 
[I 2026-03-18 17:41:45,781] Trial 34 pruned. 
[I 2026-03-18 17:41:48,566] Trial 31 pruned. 
[I 2026-03-18 17:41:50,429] Trial 18 pruned. 
[I 2026-03-18 17:41:50,802] Trial 23 pruned. 
[I 2026-03-18 17:41:53,602] Trial 35 pruned. 
[I 2026-03-18 17:41:56,769] Trial 26 pruned. 
[I 2026-03-18 17:41:58,026] Trial 19 pruned. 
[I 2026-03-18 17:41:58,032] Trial 27 pruned. 
[I 2026-03-18 17:42:01,085] Trial 37 pruned. 
[I 2026-03-18 17:42:03,332] Trial 31 finished with value: -2.9132549769360296 and parameters: {'n_layers_yyx': 2, 'hidden_size_yyx_l0': 3, 'hidden_size_yyx_l1': 5, 'context_size_yyx': 4, 'num_mix_components_yyx': 4, 'context_extractor_yyx': 'gru', 'activation_func_yyx': 'GELU', 'L2_weight_yyx': 0.0009435568374838084, 'L_entropy_weight_yyx': 5.608530129303255e-07, 'L_sep_weight_yyx': 1.316043738375049e-06, 'L_scale_weight_yyx': 5.934549844448109e-10, 'learning_rate_yyx': 0.009727188314824293}. Best is trial 8 with value: -2.955956673037092.
[I 2026-03-18 17:42:04,344] Trial 27 pruned. 
[I 2026-03-18 17:42:05,685] Trial 28 pruned. 
[I 2026-03-18 17:42:07,205] Trial 24 pruned. 
[I 2026-03-18 17:42:11,477] Trial 32 pruned. 
[I 2026-03-18 17:42:17,260] Trial 38 pruned. 
[I 2026-03-18 17:42:18,899] Trial 33 pruned. 
[I 2026-03-18 17:42:20,761] Trial 28 pruned. 
[I 2026-03-18 17:42:22,188] Trial 30 pruned. 
[I 2026-03-18 17:42:28,520] Trial 29 pruned. 
[I 2026-03-18 17:42:30,176] Trial 31 pruned. 
[I 2026-03-18 17:42:36,348] Trial 34 pruned. 
[I 2026-03-18 17:42:36,688] Trial 30 pruned. 
[I 2026-03-18 17:42:39,785] Trial 43 finished with value: -2.9596577623668368 and parameters: {'n_layers_yyx': 2, 'hidden_size_yyx_l0': 6, 'hidden_size_yyx_l1': 6, 'context_size_yyx': 3, 'num_mix_components_yyx': 5, 'context_extractor_yyx': 'gru', 'activation_func_yyx': 'Tanh', 'L2_weight_yyx': 1.4509058558722437e-06, 'L_entropy_weight_yyx': 5.2604516537653956e-08, 'L_sep_weight_yyx': 5.8121289417917656e-08, 'L_scale_weight_yyx': 6.01222251393598e-10, 'learning_rate_yyx': 0.008366328112888581}. Best is trial 43 with value: -2.9596577623668368.
[I 2026-03-18 17:42:47,346] Trial 32 pruned. 
[I 2026-03-18 17:42:49,607] Trial 29 pruned. 
[I 2026-03-18 17:42:57,083] Trial 24 finished with value: -2.966457345761295 and parameters: {'n_layers_yyx': 1, 'hidden_size_yyx_l0': 5, 'context_size_yyx': 4, 'num_mix_components_yyx': 4, 'context_extractor_yyx': 'gru', 'activation_func_yyx': 'Tanh', 'L2_weight_yyx': 0.00012485400204213166, 'L_entropy_weight_yyx': 1.6682911929258614e-08, 'L_sep_weight_yyx': 8.512868483970883e-09, 'L_scale_weight_yyx': 1.0723607885547399e-05, 'learning_rate_yyx': 0.0077061051960913025}. Best is trial 18 with value: -2.9708932860218953.
[I 2026-03-18 17:43:01,203] Trial 39 pruned. 
[I 2026-03-18 17:43:04,638] Trial 33 pruned. 
[I 2026-03-18 17:43:06,783] Trial 30 pruned. 
[I 2026-03-18 17:43:08,930] Trial 40 pruned. 
[I 2026-03-18 17:43:15,102] Trial 41 finished with value: -2.958662701566834 and parameters: {'n_layers_yyx': 2, 'hidden_size_yyx_l0': 2, 'hidden_size_yyx_l1': 5, 'context_size_yyx': 3, 'num_mix_components_yyx': 5, 'context_extractor_yyx': 'gru', 'activation_func_yyx': 'Tanh', 'L2_weight_yyx': 1.8905189638798607e-07, 'L_entropy_weight_yyx': 5.161243922746876e-07, 'L_sep_weight_yyx': 0.0001563493195133415, 'L_scale_weight_yyx': 4.95149734374386e-09, 'learning_rate_yyx': 0.008559421732907291}. Best is trial 34 with value: -2.96234983443252.
[I 2026-03-18 17:43:17,313] Trial 41 pruned. 
[I 2026-03-18 17:43:20,841] Trial 35 pruned. 
[I 2026-03-18 17:43:25,556] Trial 42 pruned. 
[I 2026-03-18 17:43:25,751] Trial 42 finished with value: -2.930198489726228 and parameters: {'n_layers_yyx': 2, 'hidden_size_yyx_l0': 3, 'hidden_size_yyx_l1': 2, 'context_size_yyx': 3, 'num_mix_components_yyx': 5, 'context_extractor_yyx': 'lstm', 'activation_func_yyx': 'GELU', 'L2_weight_yyx': 1.939906682619038e-09, 'L_entropy_weight_yyx': 0.0005915879699896973, 'L_sep_weight_yyx': 0.000438270151248862, 'L_scale_weight_yyx': 3.649825214178828e-08, 'learning_rate_yyx': 0.00869376215498419}. Best is trial 42 with value: -2.930198489726228.
[I 2026-03-18 17:43:32,954] Trial 42 pruned. 
[I 2026-03-18 17:43:41,475] Trial 41 finished with value: -2.9687267924821925 and parameters: {'n_layers_yyx': 2, 'hidden_size_yyx_l0': 5, 'hidden_size_yyx_l1': 4, 'context_size_yyx': 4, 'num_mix_components_yyx': 2, 'context_extractor_yyx': 'lstm', 'activation_func_yyx': 'ReLU', 'L2_weight_yyx': 0.00024212697394603684, 'L_entropy_weight_yyx': 1.0627447215489741e-08, 'L_sep_weight_yyx': 2.102463922543524e-09, 'L_scale_weight_yyx': 6.41686978761947e-09, 'learning_rate_yyx': 0.0073881275039876645}. Best is trial 38 with value: -2.9771706662392052.
[I 2026-03-18 17:43:47,742] Trial 34 pruned. 
[I 2026-03-18 17:43:49,166] Trial 36 finished with value: -2.920325513446325 and parameters: {'n_layers_yyx': 1, 'hidden_size_yyx_l0': 6, 'context_size_yyx': 3, 'num_mix_components_yyx': 4, 'context_extractor_yyx': 'lstm', 'activation_func_yyx': 'Tanh', 'L2_weight_yyx': 9.338212186296344e-05, 'L_entropy_weight_yyx': 3.257258372407348e-06, 'L_sep_weight_yyx': 2.7574169735351663e-08, 'L_scale_weight_yyx': 2.7773961686952505e-06, 'learning_rate_yyx': 0.0034976222337936127}. Best is trial 0 with value: -2.9702180140077377.
[I 2026-03-18 17:43:54,911] Trial 22 finished with value: -2.970223923614394 and parameters: {'n_layers_yyx': 1, 'hidden_size_yyx_l0': 5, 'context_size_yyx': 3, 'num_mix_components_yyx': 3, 'context_extractor_yyx': 'lstm', 'activation_func_yyx': 'GELU', 'L2_weight_yyx': 5.5674858134691e-10, 'L_entropy_weight_yyx': 4.429055695909329e-05, 'L_sep_weight_yyx': 1.7764050369957315e-05, 'L_scale_weight_yyx': 8.310588769119039e-10, 'learning_rate_yyx': 0.009910263438680057}. Best is trial 22 with value: -2.970223923614394.
[I 2026-03-18 17:43:56,994] Trial 37 pruned. 
[I 2026-03-18 17:44:05,170] Trial 36 pruned. 
[I 2026-03-18 17:44:05,313] Trial 38 pruned. 
[I 2026-03-18 17:44:10,676] Trial 43 pruned. 
[I 2026-03-18 17:44:13,883] Trial 39 pruned. 
[I 2026-03-18 17:44:17,457] Trial 43 pruned. 
[I 2026-03-18 17:44:21,419] Trial 32 finished with value: -2.9387384716846148 and parameters: {'n_layers_yyx': 1, 'hidden_size_yyx_l0': 4, 'context_size_yyx': 4, 'num_mix_components_yyx': 5, 'context_extractor_yyx': 'lstm', 'activation_func_yyx': 'ReLU', 'L2_weight_yyx': 1.8539080241423124e-08, 'L_entropy_weight_yyx': 2.330559875236244e-08, 'L_sep_weight_yyx': 2.6056315101428633e-10, 'L_scale_weight_yyx': 5.2630642849667315e-06, 'learning_rate_yyx': 0.006299567904867196}. Best is trial 23 with value: -2.9542045708741957.
[I 2026-03-18 17:44:25,940] Trial 44 pruned. 
[I 2026-03-18 17:44:27,156] Trial 36 finished with value: -2.9570429460965078 and parameters: {'n_layers_yyx': 1, 'hidden_size_yyx_l0': 5, 'context_size_yyx': 3, 'num_mix_components_yyx': 5, 'context_extractor_yyx': 'gru', 'activation_func_yyx': 'Tanh', 'L2_weight_yyx': 4.171650875568964e-10, 'L_entropy_weight_yyx': 0.0001560999278003963, 'L_sep_weight_yyx': 3.7766705396558407e-07, 'L_scale_weight_yyx': 1.8759237238104651e-06, 'learning_rate_yyx': 0.005823065629303203}. Best is trial 36 with value: -2.9570429460965078.
[I 2026-03-18 17:44:43,763] Trial 31 pruned. 
[I 2026-03-18 17:44:48,811] Trial 37 pruned. 
[I 2026-03-18 17:44:54,262] Trial 44 pruned. 
[I 2026-03-18 17:44:55,624] Trial 44 finished with value: -2.9563375175810798 and parameters: {'n_layers_yyx': 2, 'hidden_size_yyx_l0': 6, 'hidden_size_yyx_l1': 5, 'context_size_yyx': 3, 'num_mix_components_yyx': 5, 'context_extractor_yyx': 'gru', 'activation_func_yyx': 'Tanh', 'L2_weight_yyx': 9.19224698793806e-05, 'L_entropy_weight_yyx': 3.919645388606861e-08, 'L_sep_weight_yyx': 2.387287080730307e-07, 'L_scale_weight_yyx': 1.959783186809884e-09, 'learning_rate_yyx': 0.008297411917486073}. Best is trial 43 with value: -2.9596577623668368.
[I 2026-03-18 17:44:57,015] Trial 38 pruned. 
[I 2026-03-18 17:44:59,910] Trial 32 pruned. 
[I 2026-03-18 17:45:03,387] Trial 39 finished with value: -2.971304704490119 and parameters: {'n_layers_yyx': 1, 'hidden_size_yyx_l0': 3, 'context_size_yyx': 3, 'num_mix_components_yyx': 4, 'context_extractor_yyx': 'lstm', 'activation_func_yyx': 'Tanh', 'L2_weight_yyx': 6.862810053189754e-05, 'L_entropy_weight_yyx': 6.999474493494093e-09, 'L_sep_weight_yyx': 8.577503223283608e-05, 'L_scale_weight_yyx': 2.2538087830732523e-09, 'learning_rate_yyx': 0.009491327653113892}. Best is trial 37 with value: -2.980594852387875.
[I 2026-03-18 17:45:04,668] Trial 39 pruned. 
[I 2026-03-18 17:45:21,007] Trial 40 pruned. 
[I 2026-03-18 17:45:26,976] Trial 43 finished with value: -2.8931987607249354 and parameters: {'n_layers_yyx': 2, 'hidden_size_yyx_l0': 2, 'hidden_size_yyx_l1': 3, 'context_size_yyx': 3, 'num_mix_components_yyx': 5, 'context_extractor_yyx': 'lstm', 'activation_func_yyx': 'GELU', 'L2_weight_yyx': 1.6275313006067364e-09, 'L_entropy_weight_yyx': 0.0006065971646115105, 'L_sep_weight_yyx': 0.000445558140929219, 'L_scale_weight_yyx': 1.2328453434993225e-07, 'learning_rate_yyx': 0.008581657622880514}. Best is trial 42 with value: -2.930198489726228.
[I 2026-03-18 17:45:35,778] Trial 20 finished with value: -2.953930922607791 and parameters: {'n_layers_yyx': 2, 'hidden_size_yyx_l0': 4, 'hidden_size_yyx_l1': 3, 'context_size_yyx': 2, 'num_mix_components_yyx': 4, 'context_extractor_yyx': 'gru', 'activation_func_yyx': 'Tanh', 'L2_weight_yyx': 1.642371033863466e-07, 'L_entropy_weight_yyx': 1.2786016307060768e-05, 'L_sep_weight_yyx': 0.00011915543933448567, 'L_scale_weight_yyx': 1.2189752888028652e-10, 'learning_rate_yyx': 0.006877011815330833}. Best is trial 16 with value: -2.9637252953818396.
[I 2026-03-18 17:45:38,465] Trial 45 pruned. 
[I 2026-03-18 17:45:38,485] Trial 41 pruned. 
[I 2026-03-18 17:45:42,254] Trial 45 pruned. 
[I 2026-03-18 17:45:46,163] Trial 46 pruned. 
[I 2026-03-18 17:45:50,023] Trial 46 pruned. 
[I 2026-03-18 17:45:50,833] Trial 25 finished with value: -2.9675326107899327 and parameters: {'n_layers_yyx': 2, 'hidden_size_yyx_l0': 5, 'hidden_size_yyx_l1': 5, 'context_size_yyx': 2, 'num_mix_components_yyx': 5, 'context_extractor_yyx': 'gru', 'activation_func_yyx': 'Tanh', 'L2_weight_yyx': 5.183826016758702e-07, 'L_entropy_weight_yyx': 9.389632162605448e-07, 'L_sep_weight_yyx': 1.4651904005723957e-06, 'L_scale_weight_yyx': 1.1035642731943036e-05, 'learning_rate_yyx': 0.004356249764945674}. Best is trial 5 with value: -2.9729516240610265.
[I 2026-03-18 17:45:52,010] Trial 31 finished with value: -2.9640582340026946 and parameters: {'n_layers_yyx': 1, 'hidden_size_yyx_l0': 5, 'context_size_yyx': 4, 'num_mix_components_yyx': 3, 'context_extractor_yyx': 'gru', 'activation_func_yyx': 'GELU', 'L2_weight_yyx': 2.814533905692679e-10, 'L_entropy_weight_yyx': 1.084791600447145e-09, 'L_sep_weight_yyx': 6.106400902244132e-08, 'L_scale_weight_yyx': 2.4295826592087743e-05, 'learning_rate_yyx': 0.008617021419283749}. Best is trial 24 with value: -2.9676210496741837.
[I 2026-03-18 17:45:55,465] Trial 42 pruned. 
[I 2026-03-18 17:45:58,752] Trial 26 pruned. 
[I 2026-03-18 17:46:09,090] Trial 25 finished with value: -2.9771827108507383 and parameters: {'n_layers_yyx': 1, 'hidden_size_yyx_l0': 6, 'context_size_yyx': 4, 'num_mix_components_yyx': 4, 'context_extractor_yyx': 'gru', 'activation_func_yyx': 'Tanh', 'L2_weight_yyx': 0.0001745253066087797, 'L_entropy_weight_yyx': 1.6117558351761173e-08, 'L_sep_weight_yyx': 5.971486086083696e-09, 'L_scale_weight_yyx': 7.376988981451069e-08, 'learning_rate_yyx': 0.007986212782212803}. Best is trial 25 with value: -2.9771827108507383.
[I 2026-03-18 17:46:15,589] Trial 27 pruned. 
[I 2026-03-18 17:46:17,378] Trial 26 pruned. 
[I 2026-03-18 17:46:19,880] Trial 33 finished with value: -2.949624131834952 and parameters: {'n_layers_yyx': 1, 'hidden_size_yyx_l0': 5, 'context_size_yyx': 4, 'num_mix_components_yyx': 5, 'context_extractor_yyx': 'lstm', 'activation_func_yyx': 'ReLU', 'L2_weight_yyx': 3.633831506440255e-08, 'L_entropy_weight_yyx': 8.045390380683626e-08, 'L_sep_weight_yyx': 1.049809923076832e-10, 'L_scale_weight_yyx': 4.0830061675445835e-06, 'learning_rate_yyx': 0.007366929376772736}. Best is trial 23 with value: -2.9542045708741957.
[I 2026-03-18 17:46:23,056] Trial 28 pruned. 
[I 2026-03-18 17:46:30,316] Trial 37 pruned. 
[I 2026-03-18 17:46:31,206] Trial 42 finished with value: -2.9643146863082293 and parameters: {'n_layers_yyx': 2, 'hidden_size_yyx_l0': 5, 'hidden_size_yyx_l1': 4, 'context_size_yyx': 4, 'num_mix_components_yyx': 2, 'context_extractor_yyx': 'lstm', 'activation_func_yyx': 'ReLU', 'L2_weight_yyx': 0.0004603161946593785, 'L_entropy_weight_yyx': 1.013044134723353e-08, 'L_sep_weight_yyx': 4.474040347129102e-10, 'L_scale_weight_yyx': 1.3545323830910281e-08, 'learning_rate_yyx': 0.0049123830877877955}. Best is trial 38 with value: -2.9771706662392052.
[I 2026-03-18 17:46:33,602] Trial 47 pruned. 
[I 2026-03-18 17:46:38,591] Trial 29 pruned. 
[I 2026-03-18 17:46:41,440] Trial 48 pruned. 
[I 2026-03-18 17:46:49,417] Trial 49 pruned. 

Source events: 20315
Target events: 27060
Full model ln_yyx : 2199.99893 nats/sec, 73.17070 nats/event
Full model Log loss : -2.36053
Full model ln_yyx : 2209.68742 nats/sec, 73.49293 nats/event
Full model Log loss : -2.36386
Full model ln_yyx : 2561.91650 nats/sec, 85.20787 nats/event
Full model Log loss : -2.91201
Full model ln_yyx : 2237.84856 nats/sec, 74.42955 nats/event
Full model Log loss : -2.39263
Full model ln_yyx : 2572.14060 nats/sec, 85.54791 nats/event
Full model Log loss : -2.92045
Full model ln_yyx : 2622.25210 nats/sec, 87.21459 nats/event
Full model Log loss : -2.95955
Full model ln_yyx : 2578.11830 nats/sec, 85.74673 nats/event
Full model Log loss : -2.94368
Full model ln_yyx : 2582.71238 nats/sec, 85.89952 nats/event
Full model Log loss : -2.95384
Full model ln_yyx : 2553.87740 nats/sec, 84.94049 nats/event
Full model Log loss : -2.90371
Full model ln_yyx : 2616.62863 nats/sec, 87.02756 nats/event
Full model Log loss : -2.94938
Full model ln_yyx : 2610.92933 nats/sec, 86.83800 nats/event
Full model Log loss : -2.94903
Full model ln_yyx : 2608.15404 nats/sec, 86.74570 nats/event
Full model Log loss : -2.94925
Full model ln_yyx : 2566.72430 nats/sec, 85.36777 nats/event
Full model Log loss : -2.91107
Full model ln_yyx : 2613.88880 nats/sec, 86.93643 nats/event
Full model Log loss : -2.95966
Full model ln_yyx : 2577.87044 nats/sec, 85.73848 nats/event
Full model Log loss : -2.95634
Optimization finished. Config saved to results/opt-full/opt_full_41_best_config.txt
[I 2026-03-18 17:46:50,316] Trial 45 finished with value: -2.9488026151979323 and parameters: {'n_layers_yyx': 2, 'hidden_size_yyx_l0': 2, 'hidden_size_yyx_l1': 4, 'context_size_yyx': 3, 'num_mix_components_yyx': 5, 'context_extractor_yyx': 'gru', 'activation_func_yyx': 'Tanh', 'L2_weight_yyx': 1.5598557589605507e-09, 'L_entropy_weight_yyx': 6.454812181897706e-06, 'L_sep_weight_yyx': 6.192117901646751e-06, 'L_scale_weight_yyx': 3.161444269281853e-08, 'learning_rate_yyx': 0.007228451072020193}. Best is trial 34 with value: -2.96234983443252.
[I 2026-03-18 17:46:54,839] Trial 30 pruned. 
[I 2026-03-18 17:46:57,632] Trial 46 pruned. 
[I 2026-03-18 17:46:59,012] Trial 23 finished with value: -2.964466089199603 and parameters: {'n_layers_yyx': 1, 'hidden_size_yyx_l0': 5, 'context_size_yyx': 3, 'num_mix_components_yyx': 3, 'context_extractor_yyx': 'lstm', 'activation_func_yyx': 'GELU', 'L2_weight_yyx': 1.5730487528094922e-10, 'L_entropy_weight_yyx': 0.00020570272352309285, 'L_sep_weight_yyx': 1.4189171248005813e-05, 'L_scale_weight_yyx': 6.841753984136931e-10, 'learning_rate_yyx': 0.009602086471289285}. Best is trial 22 with value: -2.970223923614394.
[I 2026-03-18 17:47:00,397] Trial 27 pruned. 
[I 2026-03-18 17:47:05,028] Trial 35 finished with value: -2.965906964258514 and parameters: {'n_layers_yyx': 2, 'hidden_size_yyx_l0': 4, 'hidden_size_yyx_l1': 3, 'context_size_yyx': 3, 'num_mix_components_yyx': 5, 'context_extractor_yyx': 'gru', 'activation_func_yyx': 'Tanh', 'L2_weight_yyx': 2.3158410401059324e-08, 'L_entropy_weight_yyx': 2.6103526343109627e-06, 'L_sep_weight_yyx': 4.2386848811694186e-07, 'L_scale_weight_yyx': 4.5030437881819966e-08, 'learning_rate_yyx': 0.008254118755271612}. Best is trial 0 with value: -2.973312761552399.
[I 2026-03-18 17:47:13,096] Trial 40 finished with value: -2.958608160822066 and parameters: {'n_layers_yyx': 2, 'hidden_size_yyx_l0': 5, 'hidden_size_yyx_l1': 6, 'context_size_yyx': 2, 'num_mix_components_yyx': 5, 'context_extractor_yyx': 'gru', 'activation_func_yyx': 'Tanh', 'L2_weight_yyx': 3.261101295455336e-07, 'L_entropy_weight_yyx': 7.669586358310336e-08, 'L_sep_weight_yyx': 1.9611784204105698e-05, 'L_scale_weight_yyx': 3.4688069332175816e-10, 'learning_rate_yyx': 0.0055251329569765625}. Best is trial 0 with value: -2.9702180140077377.
[I 2026-03-18 17:47:13,343] Trial 47 pruned. 
[I 2026-03-18 17:47:15,539] Trial 24 pruned. 
[I 2026-03-18 17:47:15,569] Trial 43 pruned. 
[I 2026-03-18 17:47:20,493] Trial 36 pruned. 
[I 2026-03-18 17:47:23,409] Trial 44 pruned. 
[I 2026-03-18 17:47:24,768] Trial 44 pruned. 
[I 2026-03-18 17:47:33,423] Trial 33 finished with value: -2.941857842442007 and parameters: {'n_layers_yyx': 1, 'hidden_size_yyx_l0': 5, 'context_size_yyx': 3, 'num_mix_components_yyx': 2, 'context_extractor_yyx': 'gru', 'activation_func_yyx': 'Tanh', 'L2_weight_yyx': 1.42849650275454e-07, 'L_entropy_weight_yyx': 3.2273647268745147e-09, 'L_sep_weight_yyx': 1.468260157143065e-05, 'L_scale_weight_yyx': 4.687884330048533e-09, 'learning_rate_yyx': 0.008186515408865886}. Best is trial 22 with value: -2.9660620215680944.
[I 2026-03-18 17:47:38,724] Trial 40 finished with value: -2.961788606475353 and parameters: {'n_layers_yyx': 1, 'hidden_size_yyx_l0': 3, 'context_size_yyx': 3, 'num_mix_components_yyx': 4, 'context_extractor_yyx': 'lstm', 'activation_func_yyx': 'Tanh', 'L2_weight_yyx': 0.0001366501624320057, 'L_entropy_weight_yyx': 1.0291675530237928e-09, 'L_sep_weight_yyx': 9.807902663673381e-05, 'L_scale_weight_yyx': 1.594010169769116e-09, 'learning_rate_yyx': 0.009808539626144247}. Best is trial 37 with value: -2.980594852387875.
[I 2026-03-18 17:47:40,147] Trial 45 pruned. 
[I 2026-03-18 17:47:40,602] Trial 45 pruned. 
[I 2026-03-18 17:47:40,833] Trial 34 pruned. 
[I 2026-03-18 17:47:41,519] Trial 21 pruned. 
[I 2026-03-18 17:47:49,713] Trial 47 pruned. 
[I 2026-03-18 17:47:55,415] Trial 32 pruned. 
[I 2026-03-18 17:47:55,551] Trial 43 finished with value: -2.9545683509755247 and parameters: {'n_layers_yyx': 2, 'hidden_size_yyx_l0': 3, 'hidden_size_yyx_l1': 6, 'context_size_yyx': 4, 'num_mix_components_yyx': 4, 'context_extractor_yyx': 'gru', 'activation_func_yyx': 'GELU', 'L2_weight_yyx': 0.00011397652264855926, 'L_entropy_weight_yyx': 7.5697325822345e-07, 'L_sep_weight_yyx': 5.31213993586228e-06, 'L_scale_weight_yyx': 9.545545626898305e-10, 'learning_rate_yyx': 0.009129147275456708}. Best is trial 8 with value: -2.955956673037092.
[I 2026-03-18 17:47:56,613] Trial 25 pruned. 
[I 2026-03-18 17:47:57,919] Trial 22 pruned. 
[I 2026-03-18 17:48:02,019] Trial 37 pruned. 
[I 2026-03-18 17:48:03,006] Trial 44 pruned. 
[I 2026-03-18 17:48:03,084] Trial 33 pruned. 
[I 2026-03-18 17:48:05,694] Trial 23 pruned. 
[I 2026-03-18 17:48:06,259] Trial 48 pruned. 
[I 2026-03-18 17:48:10,502] Trial 34 pruned. 
[I 2026-03-18 17:48:13,620] Trial 24 pruned. 
[I 2026-03-18 17:48:17,984] Trial 35 pruned. 
[I 2026-03-18 17:48:20,327] Trial 41 pruned. 
[I 2026-03-18 17:48:21,039] Trial 25 pruned. 
[I 2026-03-18 17:48:22,903] Trial 49 pruned. 

Source events: 20315
Target events: 18269
Full model ln_yyx : 1722.76496 nats/sec, 84.86991 nats/event
Full model Log loss : -2.90857
Full model ln_yyx : 1686.00484 nats/sec, 83.05897 nats/event
Full model Log loss : -2.81870
Full model ln_yyx : 1529.01847 nats/sec, 75.32523 nats/event
Full model Log loss : -2.39860
Full model ln_yyx : 1757.22728 nats/sec, 86.56766 nats/event
Full model Log loss : -2.96605
Full model ln_yyx : 1738.10194 nats/sec, 85.62547 nats/event
Full model Log loss : -2.90918
Full model ln_yyx : 1713.88429 nats/sec, 84.43242 nats/event
Full model Log loss : -2.90231
Full model ln_yyx : 1725.29205 nats/sec, 84.99441 nats/event
Full model Log loss : -2.90625
Full model ln_yyx : 1748.48758 nats/sec, 86.13711 nats/event
Full model Log loss : -2.95281
Full model ln_yyx : 1759.79150 nats/sec, 86.69398 nats/event
Full model Log loss : -2.95664
Full model ln_yyx : 1758.68527 nats/sec, 86.63948 nats/event
Full model Log loss : -2.95110
Full model ln_yyx : 1745.80767 nats/sec, 86.00509 nats/event
Full model Log loss : -2.94783
Optimization finished. Config saved to results/opt-full/opt_full_43_best_config.txt
[I 2026-03-18 17:48:24,368] Trial 35 pruned. 
[I 2026-03-18 17:48:31,861] Trial 36 pruned. 
[I 2026-03-18 17:48:38,832] Trial 37 pruned. 
[I 2026-03-18 17:48:39,027] Trial 26 pruned. 
[I 2026-03-18 17:48:43,208] Trial 38 pruned. 
[I 2026-03-18 17:48:45,866] Trial 38 pruned. 
[I 2026-03-18 17:48:45,931] Trial 27 pruned. 
[I 2026-03-18 17:48:50,300] Trial 39 pruned. 
[I 2026-03-18 17:48:51,304] Trial 31 pruned. 
[I 2026-03-18 17:48:53,413] Trial 28 pruned. 
[I 2026-03-18 17:48:53,639] Trial 34 finished with value: -2.960161195633751 and parameters: {'n_layers_yyx': 1, 'hidden_size_yyx_l0': 5, 'context_size_yyx': 4, 'num_mix_components_yyx': 5, 'context_extractor_yyx': 'lstm', 'activation_func_yyx': 'ReLU', 'L2_weight_yyx': 6.670095706753683e-08, 'L_entropy_weight_yyx': 1.2639665239317475e-07, 'L_sep_weight_yyx': 1.2487591574441728e-10, 'L_scale_weight_yyx': 3.675781625087185e-05, 'learning_rate_yyx': 0.007872171767968152}. Best is trial 34 with value: -2.960161195633751.
[I 2026-03-18 17:48:54,403] Trial 38 finished with value: -2.952789999172655 and parameters: {'n_layers_yyx': 1, 'hidden_size_yyx_l0': 6, 'context_size_yyx': 3, 'num_mix_components_yyx': 5, 'context_extractor_yyx': 'gru', 'activation_func_yyx': 'Tanh', 'L2_weight_yyx': 0.00017225918225784523, 'L_entropy_weight_yyx': 0.000915863717752844, 'L_sep_weight_yyx': 1.1750244739941305e-09, 'L_scale_weight_yyx': 1.8517530969349242e-06, 'learning_rate_yyx': 0.00661036528656217}. Best is trial 36 with value: -2.9570429460965078.
[I 2026-03-18 17:48:59,425] Trial 36 pruned. 
[I 2026-03-18 17:49:00,364] Trial 42 pruned. 
[I 2026-03-18 17:49:01,438] Trial 39 pruned. 
[I 2026-03-18 17:49:01,734] Trial 39 pruned. 
[I 2026-03-18 17:49:05,197] Trial 40 pruned. 
[I 2026-03-18 17:49:08,714] Trial 29 pruned. 
[I 2026-03-18 17:49:12,514] Trial 48 pruned. 
[I 2026-03-18 17:49:12,516] Trial 41 pruned. 
[I 2026-03-18 17:49:16,141] Trial 30 pruned. 
[I 2026-03-18 17:49:16,598] Trial 40 pruned. 
[I 2026-03-18 17:49:17,304] Trial 40 pruned. 
[I 2026-03-18 17:49:20,587] Trial 41 pruned. 
[I 2026-03-18 17:49:27,834] Trial 42 pruned. 
[I 2026-03-18 17:49:28,063] Trial 46 finished with value: -2.8872975220772132 and parameters: {'n_layers_yyx': 2, 'hidden_size_yyx_l0': 2, 'hidden_size_yyx_l1': 5, 'context_size_yyx': 3, 'num_mix_components_yyx': 5, 'context_extractor_yyx': 'lstm', 'activation_func_yyx': 'GELU', 'L2_weight_yyx': 1.3169259294024245e-07, 'L_entropy_weight_yyx': 7.158623800386849e-05, 'L_sep_weight_yyx': 0.0006201461481964238, 'L_scale_weight_yyx': 3.540174561350593e-07, 'learning_rate_yyx': 0.008673562861918758}. Best is trial 42 with value: -2.930198489726228.
[I 2026-03-18 17:49:31,349] Trial 31 pruned. 
[I 2026-03-18 17:49:33,603] Trial 41 pruned. 
[I 2026-03-18 17:49:35,253] Trial 47 pruned. 
[I 2026-03-18 17:49:39,446] Trial 26 finished with value: -2.9042486747707073 and parameters: {'n_layers_yyx': 2, 'hidden_size_yyx_l0': 3, 'hidden_size_yyx_l1': 6, 'context_size_yyx': 3, 'num_mix_components_yyx': 5, 'context_extractor_yyx': 'lstm', 'activation_func_yyx': 'Tanh', 'L2_weight_yyx': 2.400459776140056e-09, 'L_entropy_weight_yyx': 0.00011736513140468306, 'L_sep_weight_yyx': 8.768223189644053e-07, 'L_scale_weight_yyx': 1.6586267384938097e-06, 'learning_rate_yyx': 0.0045009225024869376}. Best is trial 16 with value: -2.9637252953818396.
[I 2026-03-18 17:49:42,553] Trial 46 finished with value: -2.9695731589605394 and parameters: {'n_layers_yyx': 2, 'hidden_size_yyx_l0': 4, 'hidden_size_yyx_l1': 4, 'context_size_yyx': 4, 'num_mix_components_yyx': 3, 'context_extractor_yyx': 'lstm', 'activation_func_yyx': 'ReLU', 'L2_weight_yyx': 8.827067102061977e-05, 'L_entropy_weight_yyx': 0.00024641295892978383, 'L_sep_weight_yyx': 2.2499605247818383e-10, 'L_scale_weight_yyx': 2.0988306951683523e-10, 'learning_rate_yyx': 0.009968452785488005}. Best is trial 38 with value: -2.9771706662392052.
[I 2026-03-18 17:49:43,356] Trial 43 pruned. 
[I 2026-03-18 17:49:46,285] Trial 32 pruned. 
[I 2026-03-18 17:49:46,285] Trial 27 pruned. 
[I 2026-03-18 17:49:50,041] Trial 42 pruned. 
[I 2026-03-18 17:49:53,817] Trial 28 pruned. 
[I 2026-03-18 17:50:24,637] Trial 44 pruned. 
[I 2026-03-18 17:50:25,399] Trial 28 finished with value: -2.976413902040084 and parameters: {'n_layers_yyx': 1, 'hidden_size_yyx_l0': 5, 'context_size_yyx': 4, 'num_mix_components_yyx': 4, 'context_extractor_yyx': 'lstm', 'activation_func_yyx': 'Tanh', 'L2_weight_yyx': 5.118724099313379e-06, 'L_entropy_weight_yyx': 1.0863205468418324e-07, 'L_sep_weight_yyx': 7.92966626653354e-10, 'L_scale_weight_yyx': 1.471030483838434e-09, 'learning_rate_yyx': 0.0025863205577348358}. Best is trial 25 with value: -2.9771827108507383.
[I 2026-03-18 17:50:39,681] Trial 45 pruned. 
[I 2026-03-18 17:50:40,956] Trial 45 finished with value: -2.9791716178278365 and parameters: {'n_layers_yyx': 2, 'hidden_size_yyx_l0': 2, 'hidden_size_yyx_l1': 6, 'context_size_yyx': 4, 'num_mix_components_yyx': 5, 'context_extractor_yyx': 'gru', 'activation_func_yyx': 'Tanh', 'L2_weight_yyx': 1.5683471977444746e-05, 'L_entropy_weight_yyx': 7.207425031759232e-09, 'L_sep_weight_yyx': 6.116145940917824e-06, 'L_scale_weight_yyx': 5.300231249377561e-09, 'learning_rate_yyx': 0.005783478602627515}. Best is trial 45 with value: -2.9791716178278365.
[I 2026-03-18 17:50:45,731] Trial 35 finished with value: -2.9708089664894204 and parameters: {'n_layers_yyx': 1, 'hidden_size_yyx_l0': 6, 'context_size_yyx': 4, 'num_mix_components_yyx': 5, 'context_extractor_yyx': 'lstm', 'activation_func_yyx': 'ReLU', 'L2_weight_yyx': 1.0689818616078055e-07, 'L_entropy_weight_yyx': 1.2631438141936742e-07, 'L_sep_weight_yyx': 1.2183328958284453e-10, 'L_scale_weight_yyx': 4.0177746513996e-05, 'learning_rate_yyx': 0.007803310262731747}. Best is trial 35 with value: -2.9708089664894204.
[I 2026-03-18 17:50:46,686] Trial 46 pruned. 
[I 2026-03-18 17:50:47,384] Trial 42 finished with value: -2.9393403500063036 and parameters: {'n_layers_yyx': 2, 'hidden_size_yyx_l0': 6, 'hidden_size_yyx_l1': 6, 'context_size_yyx': 2, 'num_mix_components_yyx': 5, 'context_extractor_yyx': 'gru', 'activation_func_yyx': 'Tanh', 'L2_weight_yyx': 2.6195157732096163e-07, 'L_entropy_weight_yyx': 1.4298647664636632e-08, 'L_sep_weight_yyx': 0.00041283367339537243, 'L_scale_weight_yyx': 1.1879254379830735e-09, 'learning_rate_yyx': 0.007746769476505428}. Best is trial 0 with value: -2.9702180140077377.
[I 2026-03-18 17:50:56,892] Trial 46 pruned. 
[I 2026-03-18 17:51:02,913] Trial 43 pruned. 
[I 2026-03-18 17:51:04,256] Trial 29 pruned. 
[I 2026-03-18 17:51:10,985] Trial 30 pruned. 
[I 2026-03-18 17:51:13,084] Trial 41 pruned. 
[I 2026-03-18 17:51:26,445] Trial 47 pruned. 
[I 2026-03-18 17:51:34,430] Trial 47 finished with value: -2.9620703900635874 and parameters: {'n_layers_yyx': 2, 'hidden_size_yyx_l0': 5, 'hidden_size_yyx_l1': 4, 'context_size_yyx': 4, 'num_mix_components_yyx': 2, 'context_extractor_yyx': 'lstm', 'activation_func_yyx': 'ReLU', 'L2_weight_yyx': 7.958531612439144e-05, 'L_entropy_weight_yyx': 0.00026306294776998743, 'L_sep_weight_yyx': 2.5041669524540894e-10, 'L_scale_weight_yyx': 1.8256221878341582e-10, 'learning_rate_yyx': 0.009768216309884888}. Best is trial 38 with value: -2.9771706662392052.
[I 2026-03-18 17:51:43,629] Trial 43 pruned. 
[I 2026-03-18 17:51:43,956] Trial 32 finished with value: -2.9610051318695434 and parameters: {'n_layers_yyx': 2, 'hidden_size_yyx_l0': 5, 'hidden_size_yyx_l1': 5, 'context_size_yyx': 2, 'num_mix_components_yyx': 5, 'context_extractor_yyx': 'gru', 'activation_func_yyx': 'Tanh', 'L2_weight_yyx': 7.912655542075193e-09, 'L_entropy_weight_yyx': 0.00012871619160656093, 'L_sep_weight_yyx': 1.2564478508788843e-07, 'L_scale_weight_yyx': 1.3744816390197676e-07, 'learning_rate_yyx': 0.006073768785697558}. Best is trial 5 with value: -2.9729516240610265.
[I 2026-03-18 17:51:50,470] Trial 44 pruned. 
[I 2026-03-18 17:51:51,547] Trial 37 finished with value: -2.9487951358520075 and parameters: {'n_layers_yyx': 2, 'hidden_size_yyx_l0': 6, 'hidden_size_yyx_l1': 6, 'context_size_yyx': 3, 'num_mix_components_yyx': 5, 'context_extractor_yyx': 'gru', 'activation_func_yyx': 'GELU', 'L2_weight_yyx': 1.0956364050997158e-10, 'L_entropy_weight_yyx': 1.0334698296545425e-08, 'L_sep_weight_yyx': 4.875015566414746e-06, 'L_scale_weight_yyx': 0.00016766419679586746, 'learning_rate_yyx': 0.006278668526075232}. Best is trial 24 with value: -2.9676210496741837.
[I 2026-03-18 17:52:13,323] Trial 48 finished with value: -2.9497564507756038 and parameters: {'n_layers_yyx': 2, 'hidden_size_yyx_l0': 3, 'hidden_size_yyx_l1': 5, 'context_size_yyx': 4, 'num_mix_components_yyx': 5, 'context_extractor_yyx': 'lstm', 'activation_func_yyx': 'GELU', 'L2_weight_yyx': 2.035348588137125e-09, 'L_entropy_weight_yyx': 0.00033366947084239587, 'L_sep_weight_yyx': 0.0003579030859731552, 'L_scale_weight_yyx': 3.220899983242566e-07, 'learning_rate_yyx': 0.008156217444743943}. Best is trial 48 with value: -2.9497564507756038.
[I 2026-03-18 17:52:15,007] Trial 43 finished with value: -2.9834979774371218 and parameters: {'n_layers_yyx': 1, 'hidden_size_yyx_l0': 3, 'context_size_yyx': 3, 'num_mix_components_yyx': 5, 'context_extractor_yyx': 'lstm', 'activation_func_yyx': 'Tanh', 'L2_weight_yyx': 6.333265207606985e-05, 'L_entropy_weight_yyx': 7.077138163122768e-10, 'L_sep_weight_yyx': 5.0998065776967174e-05, 'L_scale_weight_yyx': 1.2288330044323951e-09, 'learning_rate_yyx': 0.009820777132151966}. Best is trial 43 with value: -2.9834979774371218.
[I 2026-03-18 17:52:19,662] Trial 49 pruned. 

Source events: 20315
Target events: 1872
Full model ln_yyx : 171.26920 nats/sec, 82.34096 nats/event
Full model Log loss : -2.78368
Full model ln_yyx : 175.16022 nats/sec, 84.21164 nats/event
Full model Log loss : -2.87578
Full model ln_yyx : 153.89153 nats/sec, 73.98631 nats/event
Full model Log loss : -2.39070
Full model ln_yyx : 173.00478 nats/sec, 83.17537 nats/event
Full model Log loss : -2.81073
Full model ln_yyx : 172.44967 nats/sec, 82.90850 nats/event
Full model Log loss : -2.80814
Full model ln_yyx : 172.26977 nats/sec, 82.82201 nats/event
Full model Log loss : -2.80500
Full model ln_yyx : 175.92515 nats/sec, 84.57940 nats/event
Full model Log loss : -2.88619
Full model ln_yyx : 175.07129 nats/sec, 84.16889 nats/event
Full model Log loss : -2.88832
Full model ln_yyx : 175.71136 nats/sec, 84.47661 nats/event
Full model Log loss : -2.89239
Full model ln_yyx : 175.27611 nats/sec, 84.26736 nats/event
Full model Log loss : -2.87538
Full model ln_yyx : 178.34975 nats/sec, 85.74507 nats/event
Full model Log loss : -2.93020
Full model ln_yyx : 176.29561 nats/sec, 84.75751 nats/event
Full model Log loss : -2.89320
Full model ln_yyx : 175.91376 nats/sec, 84.57392 nats/event
Full model Log loss : -2.88730
Full model ln_yyx : 178.72019 nats/sec, 85.92317 nats/event
Full model Log loss : -2.94976
Optimization finished. Config saved to results/opt-full/opt_full_45_best_config.txt
[I 2026-03-18 17:52:22,298] Trial 29 finished with value: -2.9659173901010147 and parameters: {'n_layers_yyx': 1, 'hidden_size_yyx_l0': 4, 'context_size_yyx': 4, 'num_mix_components_yyx': 4, 'context_extractor_yyx': 'lstm', 'activation_func_yyx': 'ReLU', 'L2_weight_yyx': 3.982348251320297e-08, 'L_entropy_weight_yyx': 3.3002556655127876e-05, 'L_sep_weight_yyx': 0.0002607709443310825, 'L_scale_weight_yyx': 0.00014767007372860238, 'learning_rate_yyx': 0.007564884617051339}. Best is trial 29 with value: -2.9659173901010147.
[I 2026-03-18 17:52:32,206] Trial 33 finished with value: -2.960089994691203 and parameters: {'n_layers_yyx': 1, 'hidden_size_yyx_l0': 5, 'context_size_yyx': 3, 'num_mix_components_yyx': 3, 'context_extractor_yyx': 'lstm', 'activation_func_yyx': 'Tanh', 'L2_weight_yyx': 2.077453868377173e-09, 'L_entropy_weight_yyx': 1.23180154827351e-05, 'L_sep_weight_yyx': 3.1064098055953174e-05, 'L_scale_weight_yyx': 5.759926315106515e-09, 'learning_rate_yyx': 0.008261597861061079}. Best is trial 22 with value: -2.970223923614394.
[I 2026-03-18 17:52:40,276] Trial 36 pruned. 
[I 2026-03-18 17:52:44,874] Trial 49 finished with value: -2.905646050511378 and parameters: {'n_layers_yyx': 2, 'hidden_size_yyx_l0': 2, 'hidden_size_yyx_l1': 3, 'context_size_yyx': 3, 'num_mix_components_yyx': 5, 'context_extractor_yyx': 'gru', 'activation_func_yyx': 'Tanh', 'L2_weight_yyx': 1.1702827233782574e-08, 'L_entropy_weight_yyx': 7.361492534316146e-06, 'L_sep_weight_yyx': 8.542619218255805e-05, 'L_scale_weight_yyx': 4.9085357708214594e-08, 'learning_rate_yyx': 0.0005469828396670327}. Best is trial 34 with value: -2.96234983443252.

Source events: 20315
Target events: 20800
Full model ln_yyx : 1971.95670 nats/sec, 85.32505 nats/event
Full model Log loss : -2.89714
Full model ln_yyx : 1917.22513 nats/sec, 82.95686 nats/event
Full model Log loss : -2.80386
Full model ln_yyx : 1991.78415 nats/sec, 86.18297 nats/event
Full model Log loss : -2.94872
Full model ln_yyx : 1964.43521 nats/sec, 84.99960 nats/event
Full model Log loss : -2.93336
Full model ln_yyx : 1987.83332 nats/sec, 86.01202 nats/event
Full model Log loss : -2.94217
Full model ln_yyx : 1982.74110 nats/sec, 85.79168 nats/event
Full model Log loss : -2.95099
Full model ln_yyx : 1998.32033 nats/sec, 86.46578 nats/event
Full model Log loss : -2.94783
Full model ln_yyx : 1976.86861 nats/sec, 85.53758 nats/event
Full model Log loss : -2.93307
Full model ln_yyx : 1986.67856 nats/sec, 85.96205 nats/event
Full model Log loss : -2.94230
Full model ln_yyx : 2000.51453 nats/sec, 86.56072 nats/event
Full model Log loss : -2.96235
Full model ln_yyx : 1988.47846 nats/sec, 86.03993 nats/event
Full model Log loss : -2.95876
Full model ln_yyx : 1989.13483 nats/sec, 86.06833 nats/event
Full model Log loss : -2.95866
Full model ln_yyx : 1974.34357 nats/sec, 85.42833 nats/event
Full model Log loss : -2.94880
Full model ln_yyx : 1960.28830 nats/sec, 84.82017 nats/event
Full model Log loss : -2.90565
Optimization finished. Config saved to results/opt-full/opt_full_34_best_config.txt
[I 2026-03-18 17:52:52,102] Trial 47 pruned. 
[I 2026-03-18 17:52:57,454] Trial 44 pruned. 
[I 2026-03-18 17:52:58,924] Trial 48 pruned. 
[I 2026-03-18 17:53:10,040] Trial 42 finished with value: -2.9546447846243855 and parameters: {'n_layers_yyx': 1, 'hidden_size_yyx_l0': 6, 'context_size_yyx': 3, 'num_mix_components_yyx': 5, 'context_extractor_yyx': 'gru', 'activation_func_yyx': 'Tanh', 'L2_weight_yyx': 6.119952128176939e-10, 'L_entropy_weight_yyx': 0.00011261331498829787, 'L_sep_weight_yyx': 1.2616631470820204e-09, 'L_scale_weight_yyx': 0.00018306942787123267, 'learning_rate_yyx': 0.008739466812150907}. Best is trial 36 with value: -2.9570429460965078.
[I 2026-03-18 17:53:10,218] Trial 34 pruned. 
[I 2026-03-18 17:53:10,278] Trial 31 finished with value: -2.9741267012201855 and parameters: {'n_layers_yyx': 1, 'hidden_size_yyx_l0': 5, 'context_size_yyx': 4, 'num_mix_components_yyx': 4, 'context_extractor_yyx': 'lstm', 'activation_func_yyx': 'Tanh', 'L2_weight_yyx': 0.00014707424622458743, 'L_entropy_weight_yyx': 1.5999240937651348e-08, 'L_sep_weight_yyx': 4.1127309881656616e-10, 'L_scale_weight_yyx': 3.632838137679912e-08, 'learning_rate_yyx': 0.007517018531420024}. Best is trial 25 with value: -2.9771827108507383.
[I 2026-03-18 17:53:18,908] Trial 48 pruned. 
[I 2026-03-18 17:53:24,651] Trial 32 pruned. 
[I 2026-03-18 17:53:27,438] Trial 48 pruned. 
[I 2026-03-18 17:53:31,755] Trial 33 pruned. 
[I 2026-03-18 17:53:41,239] Trial 45 pruned. 
[I 2026-03-18 17:53:42,553] Trial 49 pruned. 

Source events: 20315
Target events: 40082
Full model ln_yyx : 3821.30810 nats/sec, 85.80354 nats/event
Full model Log loss : -2.95796
Full model ln_yyx : 3814.07068 nats/sec, 85.64103 nats/event
Full model Log loss : -2.91691
Full model ln_yyx : 3733.21730 nats/sec, 83.82555 nats/event
Full model Log loss : -2.82914
Full model ln_yyx : 3868.62829 nats/sec, 86.86606 nats/event
Full model Log loss : -2.94327
Full model ln_yyx : 3795.11153 nats/sec, 85.21532 nats/event
Full model Log loss : -2.91052
Full model ln_yyx : 3839.42500 nats/sec, 86.21033 nats/event
Full model Log loss : -2.94783
Full model ln_yyx : 3883.71318 nats/sec, 87.20478 nats/event
Full model Log loss : -2.94496
Full model ln_yyx : 3832.01227 nats/sec, 86.04389 nats/event
Full model Log loss : -2.94354
Full model ln_yyx : 3781.51541 nats/sec, 84.91003 nats/event
Full model Log loss : -2.90146
Full model ln_yyx : 3783.62055 nats/sec, 84.95730 nats/event
Full model Log loss : -2.90529
Full model ln_yyx : 3889.31813 nats/sec, 87.33063 nats/event
Full model Log loss : -2.97717
Full model ln_yyx : 3844.03087 nats/sec, 86.31375 nats/event
Full model Log loss : -2.96873
Full model ln_yyx : 3855.09028 nats/sec, 86.56208 nats/event
Full model Log loss : -2.96431
Full model ln_yyx : 3878.71779 nats/sec, 87.09261 nats/event
Full model Log loss : -2.96957
Full model ln_yyx : 3814.12830 nats/sec, 85.64232 nats/event
Full model Log loss : -2.96207
Optimization finished. Config saved to results/opt-full/opt_full_39_best_config.txt
[I 2026-03-18 17:53:44,072] Trial 38 pruned. 
[I 2026-03-18 17:53:46,417] Trial 34 pruned. 
[I 2026-03-18 17:53:48,014] Trial 46 pruned. 
[I 2026-03-18 17:53:51,029] Trial 39 pruned. 
[I 2026-03-18 17:53:52,932] Trial 35 pruned. 
[I 2026-03-18 17:54:04,589] Trial 30 finished with value: -2.9514814829862424 and parameters: {'n_layers_yyx': 2, 'hidden_size_yyx_l0': 4, 'hidden_size_yyx_l1': 5, 'context_size_yyx': 4, 'num_mix_components_yyx': 4, 'context_extractor_yyx': 'lstm', 'activation_func_yyx': 'ReLU', 'L2_weight_yyx': 5.735221352835036e-08, 'L_entropy_weight_yyx': 0.0002679782259238723, 'L_sep_weight_yyx': 0.000322153144977074, 'L_scale_weight_yyx': 0.0008994958456254166, 'learning_rate_yyx': 0.006567919078946737}. Best is trial 29 with value: -2.9659173901010147.
[I 2026-03-18 17:54:05,610] Trial 40 pruned. 
[I 2026-03-18 17:54:12,491] Trial 37 finished with value: -2.903162982220847 and parameters: {'n_layers_yyx': 1, 'hidden_size_yyx_l0': 6, 'context_size_yyx': 4, 'num_mix_components_yyx': 5, 'context_extractor_yyx': 'lstm', 'activation_func_yyx': 'GELU', 'L2_weight_yyx': 8.500997338109189e-08, 'L_entropy_weight_yyx': 5.671283687698519e-07, 'L_sep_weight_yyx': 9.91410692345234e-10, 'L_scale_weight_yyx': 0.00013073679219456082, 'learning_rate_yyx': 0.009350708818533338}. Best is trial 35 with value: -2.9708089664894204.
[I 2026-03-18 17:54:19,781] Trial 41 pruned. 
[I 2026-03-18 17:54:29,588] Trial 36 pruned. 
[I 2026-03-18 17:54:30,941] Trial 45 finished with value: -2.940917353165973 and parameters: {'n_layers_yyx': 2, 'hidden_size_yyx_l0': 6, 'hidden_size_yyx_l1': 5, 'context_size_yyx': 3, 'num_mix_components_yyx': 5, 'context_extractor_yyx': 'gru', 'activation_func_yyx': 'ReLU', 'L2_weight_yyx': 4.580211201407359e-08, 'L_entropy_weight_yyx': 5.8749732974703365e-08, 'L_sep_weight_yyx': 9.894161236378075e-06, 'L_scale_weight_yyx': 4.771610289204833e-10, 'learning_rate_yyx': 0.005324786107492782}. Best is trial 0 with value: -2.9702180140077377.
[I 2026-03-18 17:54:33,281] Trial 33 finished with value: -2.9669679227970462 and parameters: {'n_layers_yyx': 2, 'hidden_size_yyx_l0': 4, 'hidden_size_yyx_l1': 4, 'context_size_yyx': 2, 'num_mix_components_yyx': 4, 'context_extractor_yyx': 'gru', 'activation_func_yyx': 'Tanh', 'L2_weight_yyx': 2.5303445580201944e-07, 'L_entropy_weight_yyx': 2.2169497347221672e-05, 'L_sep_weight_yyx': 9.164098322812639e-07, 'L_scale_weight_yyx': 1.614826764018518e-05, 'learning_rate_yyx': 0.007759038869098851}. Best is trial 5 with value: -2.9729516240610265.
[I 2026-03-18 17:54:37,391] Trial 46 pruned. 
[I 2026-03-18 17:54:41,641] Trial 43 finished with value: -2.9467791597228787 and parameters: {'n_layers_yyx': 1, 'hidden_size_yyx_l0': 6, 'context_size_yyx': 4, 'num_mix_components_yyx': 5, 'context_extractor_yyx': 'gru', 'activation_func_yyx': 'Tanh', 'L2_weight_yyx': 5.23602810346376e-10, 'L_entropy_weight_yyx': 7.409231968029446e-05, 'L_sep_weight_yyx': 6.349508013418333e-10, 'L_scale_weight_yyx': 0.0002331677577977592, 'learning_rate_yyx': 0.008989767050496478}. Best is trial 36 with value: -2.9570429460965078.
[I 2026-03-18 17:54:43,748] Trial 37 pruned. 
[I 2026-03-18 17:54:44,005] Trial 47 pruned. 
[I 2026-03-18 17:54:58,094] Trial 48 pruned. 
[I 2026-03-18 17:55:02,300] Trial 49 pruned. 

Source events: 20315
Target events: 3403
Full model ln_yyx : 324.90564 nats/sec, 85.92862 nats/event
Full model Log loss : -2.97331
Full model ln_yyx : 321.67089 nats/sec, 85.07311 nats/event
Full model Log loss : -2.91398
Full model ln_yyx : 312.51212 nats/sec, 82.65087 nats/event
Full model Log loss : -2.81284
Full model ln_yyx : 317.94652 nats/sec, 84.08812 nats/event
Full model Log loss : -2.86157
Full model ln_yyx : 325.88496 nats/sec, 86.18762 nats/event
Full model Log loss : -2.94693
Full model ln_yyx : 326.56729 nats/sec, 86.36808 nats/event
Full model Log loss : -2.96210
Full model ln_yyx : 324.41064 nats/sec, 85.79770 nats/event
Full model Log loss : -2.93925
Full model ln_yyx : 327.29006 nats/sec, 86.55923 nats/event
Full model Log loss : -2.96591
Optimization finished. Config saved to results/opt-full/opt_full_37_best_config.txt
[I 2026-03-18 17:55:14,532] Trial 49 finished with value: -2.9617262786471508 and parameters: {'n_layers_yyx': 1, 'hidden_size_yyx_l0': 4, 'context_size_yyx': 4, 'num_mix_components_yyx': 5, 'context_extractor_yyx': 'gru', 'activation_func_yyx': 'Tanh', 'L2_weight_yyx': 4.575712298333818e-06, 'L_entropy_weight_yyx': 2.077974244484233e-08, 'L_sep_weight_yyx': 0.0001131242404011027, 'L_scale_weight_yyx': 4.630267672730589e-05, 'learning_rate_yyx': 0.006176806672298028}. Best is trial 45 with value: -2.9791716178278365.

Source events: 20315
Target events: 9421
Full model ln_yyx : 883.12662 nats/sec, 84.36620 nats/event
Full model Log loss : -2.88550
Full model ln_yyx : 893.57152 nats/sec, 85.36401 nats/event
Full model Log loss : -2.89828
Full model ln_yyx : 882.54510 nats/sec, 84.31065 nats/event
Full model Log loss : -2.85755
Full model ln_yyx : 905.40490 nats/sec, 86.49447 nats/event
Full model Log loss : -2.95596
Full model ln_yyx : 901.57098 nats/sec, 86.12821 nats/event
Full model Log loss : -2.91785
Full model ln_yyx : 909.05636 nats/sec, 86.84330 nats/event
Full model Log loss : -2.94950
Full model ln_yyx : 869.89553 nats/sec, 83.10222 nats/event
Full model Log loss : -2.81434
Full model ln_yyx : 886.51233 nats/sec, 84.68964 nats/event
Full model Log loss : -2.88609
Full model ln_yyx : 888.33995 nats/sec, 84.86423 nats/event
Full model Log loss : -2.88615
Full model ln_yyx : 891.08618 nats/sec, 85.12659 nats/event
Full model Log loss : -2.91172
Full model ln_yyx : 893.22807 nats/sec, 85.33120 nats/event
Full model Log loss : -2.90558
Full model ln_yyx : 890.04998 nats/sec, 85.02760 nats/event
Full model Log loss : -2.91325
Full model ln_yyx : 900.59103 nats/sec, 86.03460 nats/event
Full model Log loss : -2.95457
Full model ln_yyx : 904.99224 nats/sec, 86.45505 nats/event
Full model Log loss : -2.97917
Full model ln_yyx : 902.37015 nats/sec, 86.20456 nats/event
Full model Log loss : -2.96173
Optimization finished. Config saved to results/opt-full/opt_full_47_best_config.txt
[I 2026-03-18 17:55:21,861] Trial 35 finished with value: -2.965853184687027 and parameters: {'n_layers_yyx': 1, 'hidden_size_yyx_l0': 5, 'context_size_yyx': 4, 'num_mix_components_yyx': 2, 'context_extractor_yyx': 'lstm', 'activation_func_yyx': 'Tanh', 'L2_weight_yyx': 1.9472594156462226e-09, 'L_entropy_weight_yyx': 3.5295400846976116e-06, 'L_sep_weight_yyx': 0.00034899468761776333, 'L_scale_weight_yyx': 8.910021562526108e-09, 'learning_rate_yyx': 0.009995343472372622}. Best is trial 22 with value: -2.970223923614394.
[I 2026-03-18 17:55:27,569] Trial 44 finished with value: -2.980228733787979 and parameters: {'n_layers_yyx': 1, 'hidden_size_yyx_l0': 3, 'context_size_yyx': 3, 'num_mix_components_yyx': 5, 'context_extractor_yyx': 'lstm', 'activation_func_yyx': 'Tanh', 'L2_weight_yyx': 6.0074429124645006e-05, 'L_entropy_weight_yyx': 5.592719470579894e-10, 'L_sep_weight_yyx': 4.815990237676022e-05, 'L_scale_weight_yyx': 1.278978921378673e-09, 'learning_rate_yyx': 0.009007942649024159}. Best is trial 43 with value: -2.9834979774371218.
[I 2026-03-18 17:55:33,441] Trial 49 pruned. 

Source events: 20315
Target events: 16159
Full model ln_yyx : 1561.68143 nats/sec, 86.98021 nats/event
Full model Log loss : -2.97022
Full model ln_yyx : 1345.69435 nats/sec, 74.95049 nats/event
Full model Log loss : -2.47599
Full model ln_yyx : 1491.16889 nats/sec, 83.05291 nats/event
Full model Log loss : -2.85133
Full model ln_yyx : 1522.58001 nats/sec, 84.80240 nats/event
Full model Log loss : -2.89577
Full model ln_yyx : 1560.03700 nats/sec, 86.88863 nats/event
Full model Log loss : -2.96896
Full model ln_yyx : 1541.68570 nats/sec, 85.86652 nats/event
Full model Log loss : -2.96058
Full model ln_yyx : 1555.97962 nats/sec, 86.66264 nats/event
Full model Log loss : -2.96862
Full model ln_yyx : 1524.92992 nats/sec, 84.93328 nats/event
Full model Log loss : -2.92033
Full model ln_yyx : 1548.32882 nats/sec, 86.23652 nats/event
Full model Log loss : -2.95861
Full model ln_yyx : 1558.03135 nats/sec, 86.77692 nats/event
Full model Log loss : -2.93934
Full model ln_yyx : 1539.80012 nats/sec, 85.76150 nats/event
Full model Log loss : -2.94092
Optimization finished. Config saved to results/opt-full/opt_full_50_best_config.txt
[I 2026-03-18 17:55:39,169] Trial 47 finished with value: -2.9468019978902706 and parameters: {'n_layers_yyx': 2, 'hidden_size_yyx_l0': 5, 'hidden_size_yyx_l1': 5, 'context_size_yyx': 4, 'num_mix_components_yyx': 3, 'context_extractor_yyx': 'gru', 'activation_func_yyx': 'GELU', 'L2_weight_yyx': 8.569948952248327e-08, 'L_entropy_weight_yyx': 5.902211207635631e-09, 'L_sep_weight_yyx': 0.0004219284648226851, 'L_scale_weight_yyx': 1.852809553832435e-08, 'learning_rate_yyx': 0.007852945077958706}. Best is trial 22 with value: -2.9660620215680944.
[I 2026-03-18 17:55:44,746] Trial 31 finished with value: -2.9516588327443425 and parameters: {'n_layers_yyx': 2, 'hidden_size_yyx_l0': 4, 'hidden_size_yyx_l1': 5, 'context_size_yyx': 4, 'num_mix_components_yyx': 4, 'context_extractor_yyx': 'lstm', 'activation_func_yyx': 'ReLU', 'L2_weight_yyx': 4.051172731339274e-08, 'L_entropy_weight_yyx': 0.00034508081861435235, 'L_sep_weight_yyx': 0.00027381208946461883, 'L_scale_weight_yyx': 0.0008923216359795514, 'learning_rate_yyx': 0.007212788244019569}. Best is trial 29 with value: -2.9659173901010147.
[I 2026-03-18 17:55:45,547] Trial 48 pruned. 
[I 2026-03-18 17:55:51,026] Trial 32 pruned. 
[I 2026-03-18 17:56:01,568] Trial 45 pruned. 
[I 2026-03-18 17:56:02,833] Trial 38 finished with value: -2.9379843087297397 and parameters: {'n_layers_yyx': 2, 'hidden_size_yyx_l0': 5, 'hidden_size_yyx_l1': 5, 'context_size_yyx': 4, 'num_mix_components_yyx': 5, 'context_extractor_yyx': 'gru', 'activation_func_yyx': 'ReLU', 'L2_weight_yyx': 1.2684966040710938e-07, 'L_entropy_weight_yyx': 2.0152495637995997e-07, 'L_sep_weight_yyx': 2.997747288562663e-10, 'L_scale_weight_yyx': 1.807736595537897e-08, 'learning_rate_yyx': 0.007881912572115478}. Best is trial 35 with value: -2.9708089664894204.
[I 2026-03-18 17:56:07,192] Trial 44 finished with value: -2.9460547712194276 and parameters: {'n_layers_yyx': 1, 'hidden_size_yyx_l0': 6, 'context_size_yyx': 4, 'num_mix_components_yyx': 5, 'context_extractor_yyx': 'gru', 'activation_func_yyx': 'Tanh', 'L2_weight_yyx': 5.910464718626964e-10, 'L_entropy_weight_yyx': 9.624505814386346e-05, 'L_sep_weight_yyx': 6.318501439375067e-10, 'L_scale_weight_yyx': 0.0009983497367019665, 'learning_rate_yyx': 0.008859241310885837}. Best is trial 36 with value: -2.9570429460965078.
[I 2026-03-18 17:56:08,734] Trial 39 pruned. 
[I 2026-03-18 17:56:14,579] Trial 40 pruned. 
[I 2026-03-18 17:56:20,297] Trial 49 pruned. 

Source events: 20315
Target events: 29032
Full model ln_yyx : 2370.56326 nats/sec, 73.48811 nats/event
Full model Log loss : -2.35773
Full model ln_yyx : 2745.55802 nats/sec, 85.11306 nats/event
Full model Log loss : -2.90057
Full model ln_yyx : 2761.51614 nats/sec, 85.60776 nats/event
Full model Log loss : -2.94147
Full model ln_yyx : 2756.23504 nats/sec, 85.44405 nats/event
Full model Log loss : -2.92254
Full model ln_yyx : 2769.63141 nats/sec, 85.85934 nats/event
Full model Log loss : -2.93129
Full model ln_yyx : 2789.37243 nats/sec, 86.47131 nats/event
Full model Log loss : -2.95012
Full model ln_yyx : 2781.83868 nats/sec, 86.23777 nats/event
Full model Log loss : -2.96318
Full model ln_yyx : 2777.67783 nats/sec, 86.10878 nats/event
Full model Log loss : -2.95565
Full model ln_yyx : 2816.95681 nats/sec, 87.32644 nats/event
Full model Log loss : -2.96606
Full model ln_yyx : 2760.02411 nats/sec, 85.56151 nats/event
Full model Log loss : -2.94186
Full model ln_yyx : 2807.64326 nats/sec, 87.03771 nats/event
Full model Log loss : -2.94680
Optimization finished. Config saved to results/opt-full/opt_full_38_best_config.txt
[I 2026-03-18 17:56:20,878] Trial 45 pruned. 
[I 2026-03-18 17:56:22,704] Trial 38 pruned. 
[I 2026-03-18 17:56:25,391] Trial 33 pruned. 
[I 2026-03-18 17:56:27,386] Trial 41 pruned. 
[I 2026-03-18 17:56:28,543] Trial 39 pruned. 
[I 2026-03-18 17:56:31,247] Trial 34 pruned. 
[I 2026-03-18 17:56:34,371] Trial 40 pruned. 
[I 2026-03-18 17:56:34,594] Trial 42 finished with value: -2.9635659206773197 and parameters: {'n_layers_yyx': 1, 'hidden_size_yyx_l0': 5, 'context_size_yyx': 4, 'num_mix_components_yyx': 3, 'context_extractor_yyx': 'gru', 'activation_func_yyx': 'GELU', 'L2_weight_yyx': 1.1957287046128721e-09, 'L_entropy_weight_yyx': 3.663335743234397e-08, 'L_sep_weight_yyx': 2.1505521076952507e-07, 'L_scale_weight_yyx': 3.187244220150589e-05, 'learning_rate_yyx': 0.0077021439517238385}. Best is trial 24 with value: -2.9676210496741837.
[I 2026-03-18 17:56:44,094] Trial 35 pruned. 
[I 2026-03-18 17:56:47,483] Trial 43 pruned. 
[I 2026-03-18 17:56:55,062] Trial 46 pruned. 
[I 2026-03-18 17:56:57,529] Trial 36 pruned. 
[I 2026-03-18 17:56:59,793] Trial 36 pruned. 
[I 2026-03-18 17:57:03,391] Trial 37 pruned. 
[I 2026-03-18 17:57:03,544] Trial 34 finished with value: -2.9659763621092754 and parameters: {'n_layers_yyx': 2, 'hidden_size_yyx_l0': 4, 'hidden_size_yyx_l1': 4, 'context_size_yyx': 2, 'num_mix_components_yyx': 4, 'context_extractor_yyx': 'gru', 'activation_func_yyx': 'Tanh', 'L2_weight_yyx': 2.3893578494107086e-07, 'L_entropy_weight_yyx': 1.3749705066390729e-05, 'L_sep_weight_yyx': 1.429624298819875e-06, 'L_scale_weight_yyx': 1.5810062025764698e-05, 'learning_rate_yyx': 0.00805164463069419}. Best is trial 5 with value: -2.9729516240610265.
[I 2026-03-18 17:57:08,029] Trial 41 pruned. 
[I 2026-03-18 17:57:09,197] Trial 35 pruned. 
[I 2026-03-18 17:57:09,548] Trial 38 pruned. 
[I 2026-03-18 17:57:14,921] Trial 36 pruned. 
[I 2026-03-18 17:57:20,452] Trial 37 pruned. 
[I 2026-03-18 17:57:20,699] Trial 42 pruned. 
[I 2026-03-18 17:57:21,591] Trial 44 pruned. 
[I 2026-03-18 17:57:26,865] Trial 38 pruned. 
[I 2026-03-18 17:57:31,744] Trial 37 pruned. 
[I 2026-03-18 17:57:32,485] Trial 39 pruned. 
[I 2026-03-18 17:57:33,714] Trial 43 pruned. 
[I 2026-03-18 17:57:34,598] Trial 45 pruned. 
[I 2026-03-18 17:57:36,293] Trial 46 pruned. 
[I 2026-03-18 17:57:38,328] Trial 40 pruned. 
[I 2026-03-18 17:57:42,616] Trial 39 pruned. 
[I 2026-03-18 17:57:48,671] Trial 40 pruned. 
[I 2026-03-18 17:57:57,935] Trial 42 finished with value: -2.9706796902099364 and parameters: {'n_layers_yyx': 1, 'hidden_size_yyx_l0': 6, 'context_size_yyx': 4, 'num_mix_components_yyx': 5, 'context_extractor_yyx': 'lstm', 'activation_func_yyx': 'ReLU', 'L2_weight_yyx': 1.4045862198195967e-08, 'L_entropy_weight_yyx': 1.3136936987461451e-08, 'L_sep_weight_yyx': 6.591358776567107e-10, 'L_scale_weight_yyx': 2.3282467332246575e-05, 'learning_rate_yyx': 0.008110769252262192}. Best is trial 35 with value: -2.9708089664894204.
[I 2026-03-18 17:58:04,971] Trial 38 pruned. 
[I 2026-03-18 17:58:07,024] Trial 44 pruned. 
[I 2026-03-18 17:58:07,765] Trial 46 pruned. 
[I 2026-03-18 17:58:08,484] Trial 47 pruned. 
[I 2026-03-18 17:58:18,555] Trial 39 pruned. 
[I 2026-03-18 17:58:19,552] Trial 45 pruned. 
[I 2026-03-18 17:58:21,108] Trial 47 pruned. 
[I 2026-03-18 17:58:21,312] Trial 48 pruned. 
[I 2026-03-18 17:58:27,207] Trial 48 pruned. 
[I 2026-03-18 17:58:30,303] Trial 47 pruned. 
[I 2026-03-18 17:58:32,791] Trial 49 pruned. 

Source events: 20315
Target events: 14713
Full model ln_yyx : 1378.43742 nats/sec, 84.31956 nats/event
Full model Log loss : -2.89407
Full model ln_yyx : 1386.86891 nats/sec, 84.83532 nats/event
Full model Log loss : -2.90726
Full model ln_yyx : 1351.78033 nats/sec, 82.68893 nats/event
Full model Log loss : -2.79589
Full model ln_yyx : 1410.95886 nats/sec, 86.30891 nats/event
Full model Log loss : -2.95616
Full model ln_yyx : 1370.41684 nats/sec, 83.82894 nats/event
Full model Log loss : -2.83972
Full model ln_yyx : 1406.48388 nats/sec, 86.03517 nats/event
Full model Log loss : -2.95302
Full model ln_yyx : 1414.68690 nats/sec, 86.53695 nats/event
Full model Log loss : -2.95475
Full model ln_yyx : 1415.81700 nats/sec, 86.60608 nats/event
Full model Log loss : -2.96762
Full model ln_yyx : 1418.02222 nats/sec, 86.74098 nats/event
Full model Log loss : -2.96488
Full model ln_yyx : 1407.69226 nats/sec, 86.10909 nats/event
Full model Log loss : -2.96406
Full model ln_yyx : 1409.83483 nats/sec, 86.24015 nats/event
Full model Log loss : -2.94880
Full model ln_yyx : 1415.74577 nats/sec, 86.60173 nats/event
Full model Log loss : -2.96357
Optimization finished. Config saved to results/opt-full/opt_full_36_best_config.txt
[I 2026-03-18 17:58:42,979] Trial 48 pruned. 
[I 2026-03-18 17:58:51,463] Trial 40 pruned. 
[I 2026-03-18 17:58:53,123] Trial 49 pruned. 

Source events: 20315
Target events: 38515
Full model ln_yyx : 3595.24879 nats/sec, 84.01204 nats/event
Full model Log loss : -2.87166
Full model ln_yyx : 3584.01126 nats/sec, 83.74945 nats/event
Full model Log loss : -2.85843
Full model ln_yyx : 3643.77639 nats/sec, 85.14601 nats/event
Full model Log loss : -2.91687
Full model ln_yyx : 3641.72785 nats/sec, 85.09815 nats/event
Full model Log loss : -2.93631
Full model ln_yyx : 3674.12530 nats/sec, 85.85519 nats/event
Full model Log loss : -2.95492
Full model ln_yyx : 3587.91559 nats/sec, 83.84069 nats/event
Full model Log loss : -2.86358
Full model ln_yyx : 3701.72171 nats/sec, 86.50005 nats/event
Full model Log loss : -2.98059
Full model ln_yyx : 3719.76046 nats/sec, 86.92157 nats/event
Full model Log loss : -2.97722
Full model ln_yyx : 3721.99941 nats/sec, 86.97389 nats/event
Full model Log loss : -2.97130
Full model ln_yyx : 3685.88618 nats/sec, 86.13002 nats/event
Full model Log loss : -2.96179
Full model ln_yyx : 3711.33429 nats/sec, 86.72468 nats/event
Full model Log loss : -2.98350
Full model ln_yyx : 3687.62725 nats/sec, 86.17070 nats/event
Full model Log loss : -2.98023
Optimization finished. Config saved to results/opt-full/opt_full_40_best_config.txt
[I 2026-03-18 17:59:10,134] Trial 43 finished with value: -2.967799582226365 and parameters: {'n_layers_yyx': 1, 'hidden_size_yyx_l0': 6, 'context_size_yyx': 4, 'num_mix_components_yyx': 5, 'context_extractor_yyx': 'lstm', 'activation_func_yyx': 'ReLU', 'L2_weight_yyx': 4.0051043770606135e-09, 'L_entropy_weight_yyx': 2.0012376625082887e-08, 'L_sep_weight_yyx': 3.940393970015003e-10, 'L_scale_weight_yyx': 2.0631197153106326e-05, 'learning_rate_yyx': 0.008843524006549062}. Best is trial 35 with value: -2.9708089664894204.
[I 2026-03-18 17:59:19,207] Trial 41 finished with value: -2.9509555895522093 and parameters: {'n_layers_yyx': 2, 'hidden_size_yyx_l0': 4, 'hidden_size_yyx_l1': 5, 'context_size_yyx': 4, 'num_mix_components_yyx': 4, 'context_extractor_yyx': 'lstm', 'activation_func_yyx': 'ReLU', 'L2_weight_yyx': 3.502113748960145e-08, 'L_entropy_weight_yyx': 0.0002064592894732722, 'L_sep_weight_yyx': 0.0003520244380821852, 'L_scale_weight_yyx': 0.0009662719556815374, 'learning_rate_yyx': 0.006707768366647028}. Best is trial 29 with value: -2.9659173901010147.
[I 2026-03-18 17:59:48,941] Trial 46 pruned. 
[I 2026-03-18 17:59:54,554] Trial 47 pruned. 
[I 2026-03-18 17:59:58,967] Trial 41 finished with value: -2.96560977777291 and parameters: {'n_layers_yyx': 2, 'hidden_size_yyx_l0': 4, 'hidden_size_yyx_l1': 4, 'context_size_yyx': 2, 'num_mix_components_yyx': 4, 'context_extractor_yyx': 'gru', 'activation_func_yyx': 'Tanh', 'L2_weight_yyx': 2.229460929332128e-07, 'L_entropy_weight_yyx': 1.1321156405670823e-05, 'L_sep_weight_yyx': 1.1202360905446256e-06, 'L_scale_weight_yyx': 2.4477552055327606e-05, 'learning_rate_yyx': 0.007908554939376712}. Best is trial 5 with value: -2.9729516240610265.
[I 2026-03-18 18:00:00,526] Trial 48 pruned. 
[I 2026-03-18 18:00:11,218] Trial 42 pruned. 
[I 2026-03-18 18:00:11,544] Trial 49 pruned. 

Source events: 20315
Target events: 12539
Full model ln_yyx : 1201.96991 nats/sec, 86.27266 nats/event
Full model Log loss : -2.93525
Full model ln_yyx : 1023.13363 nats/sec, 73.43650 nats/event
Full model Log loss : -2.35744
Full model ln_yyx : 1185.05412 nats/sec, 85.05851 nats/event
Full model Log loss : -2.89138
Full model ln_yyx : 1199.21458 nats/sec, 86.07490 nats/event
Full model Log loss : -2.95110
Full model ln_yyx : 1195.89098 nats/sec, 85.83634 nats/event
Full model Log loss : -2.92183
Full model ln_yyx : 1195.59030 nats/sec, 85.81476 nats/event
Full model Log loss : -2.93316
Full model ln_yyx : 1188.01300 nats/sec, 85.27089 nats/event
Full model Log loss : -2.92749
Full model ln_yyx : 1194.04979 nats/sec, 85.70419 nats/event
Full model Log loss : -2.93353
Full model ln_yyx : 1188.91808 nats/sec, 85.33585 nats/event
Full model Log loss : -2.92721
Full model ln_yyx : 1193.89310 nats/sec, 85.69294 nats/event
Full model Log loss : -2.95704
Full model ln_yyx : 1197.32592 nats/sec, 85.93934 nats/event
Full model Log loss : -2.95279
Full model ln_yyx : 1202.67844 nats/sec, 86.32352 nats/event
Full model Log loss : -2.95464
Full model ln_yyx : 1186.40790 nats/sec, 85.15568 nats/event
Full model Log loss : -2.94678
Full model ln_yyx : 1186.69885 nats/sec, 85.17657 nats/event
Full model Log loss : -2.94605
Optimization finished. Config saved to results/opt-full/opt_full_48_best_config.txt
[I 2026-03-18 18:00:12,617] Trial 49 pruned. 

Source events: 20315
Target events: 10752
Full model ln_yyx : 991.35152 nats/sec, 82.98143 nats/event
Full model Log loss : -2.80935
Full model ln_yyx : 1014.08752 nats/sec, 84.88456 nats/event
Full model Log loss : -2.89170
Full model ln_yyx : 1014.78918 nats/sec, 84.94329 nats/event
Full model Log loss : -2.89335
Full model ln_yyx : 1033.42991 nats/sec, 86.50362 nats/event
Full model Log loss : -2.96137
Full model ln_yyx : 893.71951 nats/sec, 74.80911 nats/event
Full model Log loss : -2.39562
Full model ln_yyx : 1011.95935 nats/sec, 84.70642 nats/event
Full model Log loss : -2.88866
Full model ln_yyx : 1026.28270 nats/sec, 85.90536 nats/event
Full model Log loss : -2.95773
Full model ln_yyx : 1031.72142 nats/sec, 86.36061 nats/event
Full model Log loss : -2.95184
Full model ln_yyx : 1040.33007 nats/sec, 87.08120 nats/event
Full model Log loss : -2.97089
Full model ln_yyx : 1041.28995 nats/sec, 87.16155 nats/event
Full model Log loss : -2.96646
Full model ln_yyx : 1042.43578 nats/sec, 87.25746 nats/event
Full model Log loss : -2.97718
Full model ln_yyx : 1033.03465 nats/sec, 86.47053 nats/event
Full model Log loss : -2.97641
Full model ln_yyx : 1031.13343 nats/sec, 86.31139 nats/event
Full model Log loss : -2.97413
Optimization finished. Config saved to results/opt-full/opt_full_42_best_config.txt
[I 2026-03-18 18:00:19,368] Trial 44 finished with value: -2.96869995856261 and parameters: {'n_layers_yyx': 1, 'hidden_size_yyx_l0': 6, 'context_size_yyx': 4, 'num_mix_components_yyx': 5, 'context_extractor_yyx': 'lstm', 'activation_func_yyx': 'ReLU', 'L2_weight_yyx': 6.07862664848411e-09, 'L_entropy_weight_yyx': 1.3619354068761385e-08, 'L_sep_weight_yyx': 5.570818661632883e-10, 'L_scale_weight_yyx': 0.00019627466079323905, 'learning_rate_yyx': 0.008744550857309656}. Best is trial 35 with value: -2.9708089664894204.
[I 2026-03-18 18:00:47,440] Trial 42 pruned. 
[I 2026-03-18 18:01:07,144] Trial 41 finished with value: -2.9582440120910554 and parameters: {'n_layers_yyx': 1, 'hidden_size_yyx_l0': 5, 'context_size_yyx': 3, 'num_mix_components_yyx': 3, 'context_extractor_yyx': 'lstm', 'activation_func_yyx': 'Tanh', 'L2_weight_yyx': 5.77167848343609e-09, 'L_entropy_weight_yyx': 0.00013319089682438943, 'L_sep_weight_yyx': 2.324790361574166e-05, 'L_scale_weight_yyx': 1.5645040932109112e-09, 'learning_rate_yyx': 0.006512855260863137}. Best is trial 22 with value: -2.970223923614394.
[I 2026-03-18 18:01:12,541] Trial 42 pruned. 
[I 2026-03-18 18:01:37,438] Trial 43 pruned. 
[I 2026-03-18 18:01:43,622] Trial 45 finished with value: -2.9709360871377553 and parameters: {'n_layers_yyx': 1, 'hidden_size_yyx_l0': 6, 'context_size_yyx': 4, 'num_mix_components_yyx': 5, 'context_extractor_yyx': 'lstm', 'activation_func_yyx': 'ReLU', 'L2_weight_yyx': 3.3916228308183156e-09, 'L_entropy_weight_yyx': 1.3842063856959673e-08, 'L_sep_weight_yyx': 5.32606675110433e-10, 'L_scale_weight_yyx': 0.00017995254254106436, 'learning_rate_yyx': 0.008554069202807395}. Best is trial 45 with value: -2.9709360871377553.
[I 2026-03-18 18:01:49,189] Trial 44 pruned. 
[I 2026-03-18 18:02:10,970] Trial 43 finished with value: -2.955751789379649 and parameters: {'n_layers_yyx': 2, 'hidden_size_yyx_l0': 4, 'hidden_size_yyx_l1': 5, 'context_size_yyx': 4, 'num_mix_components_yyx': 4, 'context_extractor_yyx': 'lstm', 'activation_func_yyx': 'ReLU', 'L2_weight_yyx': 9.242801179553968e-08, 'L_entropy_weight_yyx': 6.355995035968653e-05, 'L_sep_weight_yyx': 8.393533144617583e-05, 'L_scale_weight_yyx': 0.00018646525401129756, 'learning_rate_yyx': 0.008330467608999564}. Best is trial 29 with value: -2.9659173901010147.
[I 2026-03-18 18:02:19,931] Trial 45 pruned. 
[I 2026-03-18 18:02:22,981] Trial 44 pruned. 
[I 2026-03-18 18:02:31,917] Trial 46 pruned. 
[I 2026-03-18 18:02:37,614] Trial 47 pruned. 
[I 2026-03-18 18:02:49,404] Trial 48 pruned. 
[I 2026-03-18 18:02:54,001] Trial 46 finished with value: -2.9660120404933465 and parameters: {'n_layers_yyx': 1, 'hidden_size_yyx_l0': 6, 'context_size_yyx': 4, 'num_mix_components_yyx': 5, 'context_extractor_yyx': 'lstm', 'activation_func_yyx': 'ReLU', 'L2_weight_yyx': 4.81237828756767e-09, 'L_entropy_weight_yyx': 1.5126326649472843e-08, 'L_sep_weight_yyx': 8.489504714089659e-10, 'L_scale_weight_yyx': 0.00021845942213746163, 'learning_rate_yyx': 0.008901023416219782}. Best is trial 45 with value: -2.9709360871377553.
[I 2026-03-18 18:03:07,256] Trial 43 finished with value: -2.9697848890865326 and parameters: {'n_layers_yyx': 1, 'hidden_size_yyx_l0': 5, 'context_size_yyx': 4, 'num_mix_components_yyx': 2, 'context_extractor_yyx': 'lstm', 'activation_func_yyx': 'Tanh', 'L2_weight_yyx': 2.059572403184716e-09, 'L_entropy_weight_yyx': 1.874720517585937e-05, 'L_sep_weight_yyx': 6.705655484222702e-05, 'L_scale_weight_yyx': 0.00019633617523546698, 'learning_rate_yyx': 0.00862133175801695}. Best is trial 22 with value: -2.970223923614394.
[I 2026-03-18 18:03:20,401] Trial 49 pruned. 

Source events: 20315
Target events: 8618
Full model ln_yyx : 815.30344 nats/sec, 85.14424 nats/event
Full model Log loss : -2.90750
Full model ln_yyx : 818.67889 nats/sec, 85.49675 nats/event
Full model Log loss : -2.92379
Full model ln_yyx : 790.81663 nats/sec, 82.58702 nats/event
Full model Log loss : -2.80406
Full model ln_yyx : 824.05158 nats/sec, 86.05784 nats/event
Full model Log loss : -2.97295
Full model ln_yyx : 831.11879 nats/sec, 86.79588 nats/event
Full model Log loss : -2.95795
Full model ln_yyx : 803.24823 nats/sec, 83.88529 nats/event
Full model Log loss : -2.84870
Full model ln_yyx : 702.43931 nats/sec, 73.35755 nats/event
Full model Log loss : -2.36572
Full model ln_yyx : 824.65250 nats/sec, 86.12059 nats/event
Full model Log loss : -2.96967
Full model ln_yyx : 823.82242 nats/sec, 86.03390 nats/event
Full model Log loss : -2.96380
Full model ln_yyx : 825.53559 nats/sec, 86.21281 nats/event
Full model Log loss : -2.96753
Full model ln_yyx : 821.29539 nats/sec, 85.77000 nats/event
Full model Log loss : -2.96101
Full model ln_yyx : 822.81270 nats/sec, 85.92846 nats/event
Full model Log loss : -2.96697
Full model ln_yyx : 828.89296 nats/sec, 86.56343 nats/event
Full model Log loss : -2.96598
Full model ln_yyx : 826.59795 nats/sec, 86.32376 nats/event
Full model Log loss : -2.96561
Optimization finished. Config saved to results/opt-full/opt_full_46_best_config.txt
[I 2026-03-18 18:03:20,729] Trial 45 finished with value: -2.888620165941755 and parameters: {'n_layers_yyx': 2, 'hidden_size_yyx_l0': 4, 'hidden_size_yyx_l1': 3, 'context_size_yyx': 3, 'num_mix_components_yyx': 4, 'context_extractor_yyx': 'lstm', 'activation_func_yyx': 'ReLU', 'L2_weight_yyx': 4.260844892359933e-06, 'L_entropy_weight_yyx': 6.153762789882448e-06, 'L_sep_weight_yyx': 2.8947126706678162e-05, 'L_scale_weight_yyx': 1.9311314124944723e-05, 'learning_rate_yyx': 0.008478232516966513}. Best is trial 29 with value: -2.9659173901010147.
[I 2026-03-18 18:03:38,208] Trial 44 pruned. 
[I 2026-03-18 18:03:43,864] Trial 45 pruned. 
[I 2026-03-18 18:04:13,647] Trial 46 pruned. 
[I 2026-03-18 18:04:41,673] Trial 46 finished with value: -2.8977715304206852 and parameters: {'n_layers_yyx': 1, 'hidden_size_yyx_l0': 3, 'context_size_yyx': 4, 'num_mix_components_yyx': 3, 'context_extractor_yyx': 'lstm', 'activation_func_yyx': 'ReLU', 'L2_weight_yyx': 9.861485179122493e-08, 'L_entropy_weight_yyx': 2.147822972494941e-06, 'L_sep_weight_yyx': 0.0005781734028385867, 'L_scale_weight_yyx': 0.0001038022083304605, 'learning_rate_yyx': 0.00982346182192829}. Best is trial 29 with value: -2.9659173901010147.
[I 2026-03-18 18:04:43,689] Trial 47 finished with value: -2.951708226824625 and parameters: {'n_layers_yyx': 1, 'hidden_size_yyx_l0': 6, 'context_size_yyx': 3, 'num_mix_components_yyx': 5, 'context_extractor_yyx': 'lstm', 'activation_func_yyx': 'Tanh', 'L2_weight_yyx': 3.370754586511965e-09, 'L_entropy_weight_yyx': 1.2651790906546709e-08, 'L_sep_weight_yyx': 6.170554058661743e-10, 'L_scale_weight_yyx': 0.0008137313118289839, 'learning_rate_yyx': 0.009941804001896277}. Best is trial 45 with value: -2.9709360871377553.
[I 2026-03-18 18:05:13,425] Trial 48 pruned. 
[I 2026-03-18 18:05:25,043] Trial 49 pruned. 

Source events: 20315
Target events: 11540
Full model ln_yyx : 1069.57791 nats/sec, 83.41596 nats/event
Full model Log loss : -2.83888
Full model ln_yyx : 1101.58062 nats/sec, 85.91183 nats/event
Full model Log loss : -2.94978
Full model ln_yyx : 1086.72804 nats/sec, 84.75349 nats/event
Full model Log loss : -2.88712
Full model ln_yyx : 1100.24386 nats/sec, 85.80758 nats/event
Full model Log loss : -2.94814
Full model ln_yyx : 1090.78602 nats/sec, 85.06997 nats/event
Full model Log loss : -2.91906
Full model ln_yyx : 1101.62544 nats/sec, 85.91533 nats/event
Full model Log loss : -2.95420
Full model ln_yyx : 1100.46658 nats/sec, 85.82495 nats/event
Full model Log loss : -2.93874
Full model ln_yyx : 1095.41475 nats/sec, 85.43096 nats/event
Full model Log loss : -2.94962
Full model ln_yyx : 1102.66027 nats/sec, 85.99603 nats/event
Full model Log loss : -2.96016
Full model ln_yyx : 1104.30058 nats/sec, 86.12396 nats/event
Full model Log loss : -2.97081
Full model ln_yyx : 1086.54566 nats/sec, 84.73926 nats/event
Full model Log loss : -2.90316
Full model ln_yyx : 1106.14141 nats/sec, 86.26753 nats/event
Full model Log loss : -2.93798
Full model ln_yyx : 1104.25589 nats/sec, 86.12048 nats/event
Full model Log loss : -2.97068
Full model ln_yyx : 1105.03654 nats/sec, 86.18136 nats/event
Full model Log loss : -2.96780
Full model ln_yyx : 1103.06348 nats/sec, 86.02748 nats/event
Full model Log loss : -2.96870
Full model ln_yyx : 1103.90983 nats/sec, 86.09349 nats/event
Full model Log loss : -2.97094
Full model ln_yyx : 1096.25676 nats/sec, 85.49663 nats/event
Full model Log loss : -2.96601
Full model ln_yyx : 1099.49647 nats/sec, 85.74929 nats/event
Full model Log loss : -2.95171
Optimization finished. Config saved to results/opt-full/opt_full_49_best_config.txt
[I 2026-03-18 18:06:00,156] Trial 47 finished with value: -2.9049891607964575 and parameters: {'n_layers_yyx': 2, 'hidden_size_yyx_l0': 5, 'hidden_size_yyx_l1': 5, 'context_size_yyx': 3, 'num_mix_components_yyx': 5, 'context_extractor_yyx': 'lstm', 'activation_func_yyx': 'GELU', 'L2_weight_yyx': 2.693443536839829e-08, 'L_entropy_weight_yyx': 2.4841146072255045e-05, 'L_sep_weight_yyx': 1.2774185678338685e-05, 'L_scale_weight_yyx': 0.00022291845590905325, 'learning_rate_yyx': 0.004952373790171067}. Best is trial 29 with value: -2.9659173901010147.
[I 2026-03-18 18:06:05,347] Trial 48 pruned. 
[I 2026-03-18 18:06:10,203] Trial 49 pruned. 

Source events: 20315
Target events: 12731
Full model ln_yyx : 1194.13975 nats/sec, 84.41802 nats/event
Full model Log loss : -2.86171
Full model ln_yyx : 1205.95321 nats/sec, 85.25315 nats/event
Full model Log loss : -2.91545
Full model ln_yyx : 1202.95297 nats/sec, 85.04105 nats/event
Full model Log loss : -2.89649
Full model ln_yyx : 1171.05651 nats/sec, 82.78618 nats/event
Full model Log loss : -2.80128
Full model ln_yyx : 1228.50326 nats/sec, 86.84730 nats/event
Full model Log loss : -2.94098
Full model ln_yyx : 1228.31003 nats/sec, 86.83364 nats/event
Full model Log loss : -2.94165
Full model ln_yyx : 1212.54688 nats/sec, 85.71928 nats/event
Full model Log loss : -2.93795
Full model ln_yyx : 1205.17845 nats/sec, 85.19838 nats/event
Full model Log loss : -2.91085
Full model ln_yyx : 1223.15535 nats/sec, 86.46923 nats/event
Full model Log loss : -2.96373
Full model ln_yyx : 1213.18533 nats/sec, 85.76442 nats/event
Full model Log loss : -2.95393
Full model ln_yyx : 1200.48730 nats/sec, 84.86675 nats/event
Full model Log loss : -2.90425
Full model ln_yyx : 1217.13826 nats/sec, 86.04386 nats/event
Full model Log loss : -2.96592
Full model ln_yyx : 1215.96570 nats/sec, 85.96097 nats/event
Full model Log loss : -2.95148
Full model ln_yyx : 1217.41860 nats/sec, 86.06368 nats/event
Full model Log loss : -2.95166
Full model ln_yyx : 1215.18794 nats/sec, 85.90599 nats/event
Full model Log loss : -2.95096
Full model ln_yyx : 1210.37098 nats/sec, 85.56546 nats/event
Full model Log loss : -2.95575
Full model ln_yyx : 1201.78998 nats/sec, 84.95884 nats/event
Full model Log loss : -2.88862
Full model ln_yyx : 1206.95949 nats/sec, 85.32429 nats/event
Full model Log loss : -2.89777
Full model ln_yyx : 1203.89507 nats/sec, 85.10766 nats/event
Full model Log loss : -2.90499
Optimization finished. Config saved to results/opt-full/opt_full_35_best_config.txt
[I 2026-03-18 18:06:30,227] Trial 47 finished with value: -2.9654600727275593 and parameters: {'n_layers_yyx': 1, 'hidden_size_yyx_l0': 5, 'context_size_yyx': 4, 'num_mix_components_yyx': 2, 'context_extractor_yyx': 'lstm', 'activation_func_yyx': 'Tanh', 'L2_weight_yyx': 1.2070339281232059e-05, 'L_entropy_weight_yyx': 6.510296475746617e-06, 'L_sep_weight_yyx': 9.350059587356351e-05, 'L_scale_weight_yyx': 3.1600134671020994e-05, 'learning_rate_yyx': 0.005154142227452133}. Best is trial 22 with value: -2.970223923614394.
[I 2026-03-18 18:06:41,344] Trial 48 pruned. 
[I 2026-03-18 18:06:52,836] Trial 49 pruned. 

Source events: 20315
Target events: 13628
Full model ln_yyx : 1229.61940 nats/sec, 81.20469 nats/event
Full model Log loss : -2.73512
Full model ln_yyx : 1276.74682 nats/sec, 84.31700 nats/event
Full model Log loss : -2.87196
Full model ln_yyx : 1107.74671 nats/sec, 73.15615 nats/event
Full model Log loss : -2.35497
Full model ln_yyx : 1282.87595 nats/sec, 84.72178 nats/event
Full model Log loss : -2.88062
Full model ln_yyx : 1283.46414 nats/sec, 84.76062 nats/event
Full model Log loss : -2.88631
Full model ln_yyx : 1296.18832 nats/sec, 85.60093 nats/event
Full model Log loss : -2.91898
Full model ln_yyx : 1294.18664 nats/sec, 85.46874 nats/event
Full model Log loss : -2.92729
Full model ln_yyx : 1301.59864 nats/sec, 85.95823 nats/event
Full model Log loss : -2.91550
Full model ln_yyx : 1301.56971 nats/sec, 85.95632 nats/event
Full model Log loss : -2.93615
Full model ln_yyx : 1283.08733 nats/sec, 84.73574 nats/event
Full model Log loss : -2.89171
Full model ln_yyx : 1296.49792 nats/sec, 85.62138 nats/event
Full model Log loss : -2.95564
Full model ln_yyx : 1310.34716 nats/sec, 86.53599 nats/event
Full model Log loss : -2.97022
Full model ln_yyx : 1300.37645 nats/sec, 85.87752 nats/event
Full model Log loss : -2.96447
Full model ln_yyx : 1312.18697 nats/sec, 86.65749 nats/event
Full model Log loss : -2.96009
Full model ln_yyx : 1306.20632 nats/sec, 86.26252 nats/event
Full model Log loss : -2.96585
Full model ln_yyx : 1306.93315 nats/sec, 86.31052 nats/event
Full model Log loss : -2.95824
Full model ln_yyx : 1318.66769 nats/sec, 87.08548 nats/event
Full model Log loss : -2.96978
Full model ln_yyx : 1310.77464 nats/sec, 86.56422 nats/event
Full model Log loss : -2.96546
Optimization finished. Config saved to results/opt-full/opt_full_44_best_config.txt
