Warning: Failed writing log files to directory [/var/log/nvidia-mps]. No logs will be available.
[I 2026-03-18 18:30:24,805] A new study created in RDB with name: opt_full-model_seed=42_task=206
[I 2026-03-18 18:30:28,394] A new study created in RDB with name: opt_full-model_seed=42_task=208
[I 2026-03-18 18:30:28,471] A new study created in RDB with name: opt_full-model_seed=42_task=198
[I 2026-03-18 18:30:28,589] A new study created in RDB with name: opt_full-model_seed=42_task=207
[I 2026-03-18 18:30:28,613] A new study created in RDB with name: opt_full-model_seed=42_task=197
[I 2026-03-18 18:30:28,614] A new study created in RDB with name: opt_full-model_seed=42_task=223
[I 2026-03-18 18:30:28,615] A new study created in RDB with name: opt_full-model_seed=42_task=217
[I 2026-03-18 18:30:28,755] A new study created in RDB with name: opt_full-model_seed=42_task=220
[I 2026-03-18 18:30:31,127] A new study created in RDB with name: opt_full-model_seed=42_task=205
[I 2026-03-18 18:30:31,649] A new study created in RDB with name: opt_full-model_seed=42_task=212
[I 2026-03-18 18:30:31,653] A new study created in RDB with name: opt_full-model_seed=42_task=195
[I 2026-03-18 18:30:31,654] A new study created in RDB with name: opt_full-model_seed=42_task=218
[I 2026-03-18 18:30:31,933] A new study created in RDB with name: opt_full-model_seed=42_task=215
[I 2026-03-18 18:30:31,933] A new study created in RDB with name: opt_full-model_seed=42_task=222
[I 2026-03-18 18:30:31,934] A new study created in RDB with name: opt_full-model_seed=42_task=204
[I 2026-03-18 18:30:31,935] A new study created in RDB with name: opt_full-model_seed=42_task=201
[I 2026-03-18 18:30:31,935] A new study created in RDB with name: opt_full-model_seed=42_task=211
[I 2026-03-18 18:30:31,935] A new study created in RDB with name: opt_full-model_seed=42_task=194
[I 2026-03-18 18:30:31,935] A new study created in RDB with name: opt_full-model_seed=42_task=213
[I 2026-03-18 18:30:32,323] A new study created in RDB with name: opt_full-model_seed=42_task=210
[I 2026-03-18 18:30:33,746] A new study created in RDB with name: opt_full-model_seed=42_task=200
[I 2026-03-18 18:30:34,251] A new study created in RDB with name: opt_full-model_seed=42_task=202
[I 2026-03-18 18:30:34,840] A new study created in RDB with name: opt_full-model_seed=42_task=193
[I 2026-03-18 18:30:34,841] A new study created in RDB with name: opt_full-model_seed=42_task=199
[I 2026-03-18 18:30:34,841] A new study created in RDB with name: opt_full-model_seed=42_task=192
[I 2026-03-18 18:30:34,842] A new study created in RDB with name: opt_full-model_seed=42_task=219
[I 2026-03-18 18:30:35,324] A new study created in RDB with name: opt_full-model_seed=42_task=221
[I 2026-03-18 18:30:35,324] A new study created in RDB with name: opt_full-model_seed=42_task=196
[I 2026-03-18 18:30:35,325] A new study created in RDB with name: opt_full-model_seed=42_task=209
[I 2026-03-18 18:30:35,720] A new study created in RDB with name: opt_full-model_seed=42_task=216
[I 2026-03-18 18:30:37,376] A new study created in RDB with name: opt_full-model_seed=42_task=214
[I 2026-03-18 18:30:38,342] A new study created in RDB with name: opt_full-model_seed=42_task=203
[I 2026-03-18 18:38:46,846] Trial 0 finished with value: -0.8124127071048167 and parameters: {'n_layers_yyx': 2, 'hidden_size_yyx_l0': 6, 'hidden_size_yyx_l1': 5, 'context_size_yyx': 4, 'num_mix_components_yyx': 5, 'context_extractor_yyx': 'gru', 'activation_func_yyx': 'Tanh', 'L2_weight_yyx': 1.4552397091115512e-10, 'L_entropy_weight_yyx': 2.5810890802872164e-10, 'L_sep_weight_yyx': 2.772740854686751e-06, 'L_scale_weight_yyx': 2.6980727166075488e-05, 'learning_rate_yyx': 0.0008204272960266021}. Best is trial 0 with value: -0.8124127071048167.
[I 2026-03-18 18:38:56,969] Trial 0 finished with value: -0.8245499130542028 and parameters: {'n_layers_yyx': 1, 'hidden_size_yyx_l0': 6, 'context_size_yyx': 1, 'num_mix_components_yyx': 2, 'context_extractor_yyx': 'lstm', 'activation_func_yyx': 'GELU', 'L2_weight_yyx': 9.415691896374684e-10, 'L_entropy_weight_yyx': 7.627421919724774e-05, 'L_sep_weight_yyx': 7.382904691009926e-05, 'L_scale_weight_yyx': 5.535022909365983e-05, 'learning_rate_yyx': 0.006561146423176365}. Best is trial 0 with value: -0.8245499130542028.
[I 2026-03-18 18:39:12,844] Trial 0 finished with value: -0.8279563193835395 and parameters: {'n_layers_yyx': 2, 'hidden_size_yyx_l0': 3, 'hidden_size_yyx_l1': 6, 'context_size_yyx': 4, 'num_mix_components_yyx': 3, 'context_extractor_yyx': 'gru', 'activation_func_yyx': 'GELU', 'L2_weight_yyx': 5.587163867001556e-06, 'L_entropy_weight_yyx': 1.4802864223729392e-06, 'L_sep_weight_yyx': 0.00015004074247313933, 'L_scale_weight_yyx': 4.30835104761261e-08, 'learning_rate_yyx': 0.004420911665417208}. Best is trial 0 with value: -0.8279563193835395.
[I 2026-03-18 18:39:21,742] Trial 0 finished with value: -2.283856477585679 and parameters: {'n_layers_yyx': 1, 'hidden_size_yyx_l0': 5, 'context_size_yyx': 3, 'num_mix_components_yyx': 3, 'context_extractor_yyx': 'gru', 'activation_func_yyx': 'Tanh', 'L2_weight_yyx': 9.377894691023418e-05, 'L_entropy_weight_yyx': 1.743898527385635e-10, 'L_sep_weight_yyx': 5.9056137253217466e-09, 'L_scale_weight_yyx': 2.438368455189833e-07, 'learning_rate_yyx': 0.009704519880995285}. Best is trial 0 with value: -2.283856477585679.
[I 2026-03-18 18:39:55,370] Trial 0 finished with value: -0.8087924974179515 and parameters: {'n_layers_yyx': 2, 'hidden_size_yyx_l0': 5, 'hidden_size_yyx_l1': 2, 'context_size_yyx': 2, 'num_mix_components_yyx': 2, 'context_extractor_yyx': 'gru', 'activation_func_yyx': 'ReLU', 'L2_weight_yyx': 0.0009274625543395309, 'L_entropy_weight_yyx': 1.060060953565348e-08, 'L_sep_weight_yyx': 5.368864096032676e-09, 'L_scale_weight_yyx': 1.218556749663536e-06, 'learning_rate_yyx': 0.005470632228062151}. Best is trial 0 with value: -0.8087924974179515.
[I 2026-03-18 18:40:01,136] Trial 0 finished with value: -2.277465192778458 and parameters: {'n_layers_yyx': 1, 'hidden_size_yyx_l0': 6, 'context_size_yyx': 2, 'num_mix_components_yyx': 4, 'context_extractor_yyx': 'lstm', 'activation_func_yyx': 'Tanh', 'L2_weight_yyx': 1.4292929757635145e-10, 'L_entropy_weight_yyx': 1.0524202330927216e-09, 'L_sep_weight_yyx': 6.298176159676727e-07, 'L_scale_weight_yyx': 2.8188233807600363e-08, 'learning_rate_yyx': 0.007565700937283643}. Best is trial 0 with value: -2.277465192778458.
[I 2026-03-18 18:40:01,191] Trial 0 finished with value: -0.8324342893885016 and parameters: {'n_layers_yyx': 1, 'hidden_size_yyx_l0': 6, 'context_size_yyx': 4, 'num_mix_components_yyx': 1, 'context_extractor_yyx': 'lstm', 'activation_func_yyx': 'Tanh', 'L2_weight_yyx': 4.988908959940638e-08, 'L_entropy_weight_yyx': 1.2355781203273529e-09, 'L_sep_weight_yyx': 1.159581327542246e-08, 'L_scale_weight_yyx': 8.50275132333833e-07, 'learning_rate_yyx': 0.0020011807869271363}. Best is trial 0 with value: -0.8324342893885016.
[I 2026-03-18 18:40:07,626] Trial 0 finished with value: -0.7936519245277304 and parameters: {'n_layers_yyx': 2, 'hidden_size_yyx_l0': 4, 'hidden_size_yyx_l1': 6, 'context_size_yyx': 2, 'num_mix_components_yyx': 3, 'context_extractor_yyx': 'gru', 'activation_func_yyx': 'ReLU', 'L2_weight_yyx': 5.605277648772952e-10, 'L_entropy_weight_yyx': 2.6778463193291668e-05, 'L_sep_weight_yyx': 8.31901430493911e-06, 'L_scale_weight_yyx': 2.654885421398464e-06, 'learning_rate_yyx': 0.003975141406906304}. Best is trial 0 with value: -0.7936519245277304.
[I 2026-03-18 18:40:29,308] Trial 0 finished with value: -0.7169699281498108 and parameters: {'n_layers_yyx': 1, 'hidden_size_yyx_l0': 5, 'context_size_yyx': 1, 'num_mix_components_yyx': 1, 'context_extractor_yyx': 'lstm', 'activation_func_yyx': 'GELU', 'L2_weight_yyx': 7.3274896397796396e-06, 'L_entropy_weight_yyx': 0.0002175218886656662, 'L_sep_weight_yyx': 9.92341577542456e-07, 'L_scale_weight_yyx': 1.8218214684858247e-05, 'learning_rate_yyx': 0.0014658663606248632}. Best is trial 0 with value: -0.7169699281498108.
[I 2026-03-18 18:40:34,697] Trial 0 finished with value: -0.8167597941140833 and parameters: {'n_layers_yyx': 2, 'hidden_size_yyx_l0': 4, 'hidden_size_yyx_l1': 6, 'context_size_yyx': 1, 'num_mix_components_yyx': 2, 'context_extractor_yyx': 'gru', 'activation_func_yyx': 'ReLU', 'L2_weight_yyx': 3.132862279310771e-07, 'L_entropy_weight_yyx': 2.653935439779186e-06, 'L_sep_weight_yyx': 1.8701869390854492e-07, 'L_scale_weight_yyx': 1.3051617509232163e-06, 'learning_rate_yyx': 0.004277056168554589}. Best is trial 0 with value: -0.8167597941140833.
[I 2026-03-18 18:41:08,118] Trial 0 finished with value: -1.7756637156059056 and parameters: {'n_layers_yyx': 2, 'hidden_size_yyx_l0': 3, 'hidden_size_yyx_l1': 4, 'context_size_yyx': 4, 'num_mix_components_yyx': 5, 'context_extractor_yyx': 'lstm', 'activation_func_yyx': 'Tanh', 'L2_weight_yyx': 4.926859551400965e-10, 'L_entropy_weight_yyx': 9.725181874029338e-07, 'L_sep_weight_yyx': 2.4279534480619484e-08, 'L_scale_weight_yyx': 1.1383418196117808e-07, 'learning_rate_yyx': 0.002016268499741939}. Best is trial 0 with value: -1.7756637156059056.
[I 2026-03-18 18:41:09,767] Trial 0 finished with value: -0.7850043833519895 and parameters: {'n_layers_yyx': 1, 'hidden_size_yyx_l0': 6, 'context_size_yyx': 1, 'num_mix_components_yyx': 2, 'context_extractor_yyx': 'gru', 'activation_func_yyx': 'Tanh', 'L2_weight_yyx': 2.8156375870206327e-08, 'L_entropy_weight_yyx': 1.0516342240540308e-09, 'L_sep_weight_yyx': 2.3784998376150684e-09, 'L_scale_weight_yyx': 0.0001524610120125836, 'learning_rate_yyx': 0.0024056937554009328}. Best is trial 0 with value: -0.7850043833519895.
[I 2026-03-18 18:41:12,886] Trial 0 finished with value: -0.9147985592774902 and parameters: {'n_layers_yyx': 1, 'hidden_size_yyx_l0': 4, 'context_size_yyx': 2, 'num_mix_components_yyx': 2, 'context_extractor_yyx': 'lstm', 'activation_func_yyx': 'ReLU', 'L2_weight_yyx': 6.938162083565269e-07, 'L_entropy_weight_yyx': 0.00023256421427544528, 'L_sep_weight_yyx': 3.9410788220049277e-07, 'L_scale_weight_yyx': 1.6035500165347557e-09, 'learning_rate_yyx': 0.00414302718316926}. Best is trial 0 with value: -0.9147985592774902.
[I 2026-03-18 18:41:15,832] Trial 0 finished with value: -2.2736224731295898 and parameters: {'n_layers_yyx': 1, 'hidden_size_yyx_l0': 3, 'context_size_yyx': 1, 'num_mix_components_yyx': 5, 'context_extractor_yyx': 'lstm', 'activation_func_yyx': 'ReLU', 'L2_weight_yyx': 1.1083504132807618e-05, 'L_entropy_weight_yyx': 1.0372928795444336e-05, 'L_sep_weight_yyx': 1.0580170003679796e-08, 'L_scale_weight_yyx': 0.00011705583194375423, 'learning_rate_yyx': 0.007193188167372997}. Best is trial 0 with value: -2.2736224731295898.
[I 2026-03-18 18:41:26,069] Trial 0 finished with value: -2.1700690331730264 and parameters: {'n_layers_yyx': 2, 'hidden_size_yyx_l0': 4, 'hidden_size_yyx_l1': 6, 'context_size_yyx': 2, 'num_mix_components_yyx': 1, 'context_extractor_yyx': 'lstm', 'activation_func_yyx': 'Tanh', 'L2_weight_yyx': 2.3648124871492162e-05, 'L_entropy_weight_yyx': 0.00029689946959187026, 'L_sep_weight_yyx': 2.4761154315686484e-06, 'L_scale_weight_yyx': 1.0133049295130846e-06, 'learning_rate_yyx': 0.0006774741867431146}. Best is trial 0 with value: -2.1700690331730264.
[I 2026-03-18 18:41:27,540] Trial 1 pruned. 
[I 2026-03-18 18:41:29,878] Trial 1 pruned. 
[I 2026-03-18 18:41:37,753] Trial 0 finished with value: -2.253211525389624 and parameters: {'n_layers_yyx': 1, 'hidden_size_yyx_l0': 6, 'context_size_yyx': 2, 'num_mix_components_yyx': 4, 'context_extractor_yyx': 'gru', 'activation_func_yyx': 'ReLU', 'L2_weight_yyx': 8.953418389959895e-10, 'L_entropy_weight_yyx': 2.229219010128774e-10, 'L_sep_weight_yyx': 2.0056906836330152e-10, 'L_scale_weight_yyx': 6.225606414315664e-05, 'learning_rate_yyx': 0.0018784033190652172}. Best is trial 0 with value: -2.253211525389624.
[I 2026-03-18 18:41:46,782] Trial 0 finished with value: -1.7600618982796716 and parameters: {'n_layers_yyx': 2, 'hidden_size_yyx_l0': 4, 'hidden_size_yyx_l1': 3, 'context_size_yyx': 2, 'num_mix_components_yyx': 2, 'context_extractor_yyx': 'lstm', 'activation_func_yyx': 'Tanh', 'L2_weight_yyx': 4.086464386079763e-08, 'L_entropy_weight_yyx': 1.6122052325560906e-06, 'L_sep_weight_yyx': 2.3951464471798678e-08, 'L_scale_weight_yyx': 4.5634530758458807e-10, 'learning_rate_yyx': 0.00669041996937312}. Best is trial 0 with value: -1.7600618982796716.
[I 2026-03-18 18:41:50,687] Trial 1 pruned. 
[I 2026-03-18 18:41:52,619] Trial 0 finished with value: -2.2738088197393527 and parameters: {'n_layers_yyx': 1, 'hidden_size_yyx_l0': 5, 'context_size_yyx': 3, 'num_mix_components_yyx': 2, 'context_extractor_yyx': 'lstm', 'activation_func_yyx': 'Tanh', 'L2_weight_yyx': 1.5666936697175462e-10, 'L_entropy_weight_yyx': 5.52173403197166e-07, 'L_sep_weight_yyx': 5.402817591915514e-07, 'L_scale_weight_yyx': 7.646293915414114e-09, 'learning_rate_yyx': 0.0020064694139764728}. Best is trial 0 with value: -2.2738088197393527.
[I 2026-03-18 18:41:52,971] Trial 0 finished with value: -1.862420681977218 and parameters: {'n_layers_yyx': 1, 'hidden_size_yyx_l0': 4, 'context_size_yyx': 4, 'num_mix_components_yyx': 1, 'context_extractor_yyx': 'gru', 'activation_func_yyx': 'Tanh', 'L2_weight_yyx': 2.0231510796679934e-05, 'L_entropy_weight_yyx': 3.305726083162799e-08, 'L_sep_weight_yyx': 3.533713800531223e-06, 'L_scale_weight_yyx': 6.8386340627148655e-06, 'learning_rate_yyx': 0.004732774436978448}. Best is trial 0 with value: -1.862420681977218.
[I 2026-03-18 18:41:55,940] Trial 0 finished with value: -2.218563532741738 and parameters: {'n_layers_yyx': 2, 'hidden_size_yyx_l0': 2, 'hidden_size_yyx_l1': 6, 'context_size_yyx': 1, 'num_mix_components_yyx': 3, 'context_extractor_yyx': 'lstm', 'activation_func_yyx': 'GELU', 'L2_weight_yyx': 5.4470532517958506e-05, 'L_entropy_weight_yyx': 0.00020705070661315852, 'L_sep_weight_yyx': 1.0641387230377396e-07, 'L_scale_weight_yyx': 0.0005078275299868404, 'learning_rate_yyx': 0.0009945517238085595}. Best is trial 0 with value: -2.218563532741738.
[I 2026-03-18 18:41:58,552] Trial 0 finished with value: -0.7971011320984698 and parameters: {'n_layers_yyx': 1, 'hidden_size_yyx_l0': 4, 'context_size_yyx': 1, 'num_mix_components_yyx': 3, 'context_extractor_yyx': 'gru', 'activation_func_yyx': 'GELU', 'L2_weight_yyx': 0.00011902745552511714, 'L_entropy_weight_yyx': 2.6875125918524474e-08, 'L_sep_weight_yyx': 3.0551212157928154e-05, 'L_scale_weight_yyx': 0.00015336956844629854, 'learning_rate_yyx': 0.005168602730804774}. Best is trial 0 with value: -0.7971011320984698.
[I 2026-03-18 18:41:59,015] Trial 0 finished with value: -1.7824255494397097 and parameters: {'n_layers_yyx': 2, 'hidden_size_yyx_l0': 5, 'hidden_size_yyx_l1': 3, 'context_size_yyx': 2, 'num_mix_components_yyx': 3, 'context_extractor_yyx': 'lstm', 'activation_func_yyx': 'GELU', 'L2_weight_yyx': 1.0138949194804261e-06, 'L_entropy_weight_yyx': 4.978516440476136e-07, 'L_sep_weight_yyx': 0.0002881600189534124, 'L_scale_weight_yyx': 6.650023508252991e-10, 'learning_rate_yyx': 0.001955925434384352}. Best is trial 0 with value: -1.7824255494397097.
[I 2026-03-18 18:42:01,394] Trial 0 finished with value: -2.2740171920421512 and parameters: {'n_layers_yyx': 1, 'hidden_size_yyx_l0': 3, 'context_size_yyx': 1, 'num_mix_components_yyx': 5, 'context_extractor_yyx': 'lstm', 'activation_func_yyx': 'ReLU', 'L2_weight_yyx': 1.0868993655483288e-08, 'L_entropy_weight_yyx': 2.8554751905257473e-05, 'L_sep_weight_yyx': 9.250148616638262e-10, 'L_scale_weight_yyx': 1.985943565887847e-07, 'learning_rate_yyx': 0.004947631720228008}. Best is trial 0 with value: -2.2740171920421512.
[I 2026-03-18 18:42:15,425] Trial 1 pruned. 
[I 2026-03-18 18:42:15,809] Trial 1 pruned. 
[I 2026-03-18 18:42:26,297] Trial 1 pruned. 
[I 2026-03-18 18:42:44,156] Trial 0 finished with value: -1.7793034017335003 and parameters: {'n_layers_yyx': 1, 'hidden_size_yyx_l0': 2, 'context_size_yyx': 2, 'num_mix_components_yyx': 2, 'context_extractor_yyx': 'gru', 'activation_func_yyx': 'ReLU', 'L2_weight_yyx': 0.00015798660112529146, 'L_entropy_weight_yyx': 6.830466286736667e-09, 'L_sep_weight_yyx': 0.00016064113531985983, 'L_scale_weight_yyx': 3.0256774597996963e-06, 'learning_rate_yyx': 0.005847436682094726}. Best is trial 0 with value: -1.7793034017335003.
[I 2026-03-18 18:42:47,160] Trial 2 finished with value: -0.8470963645374578 and parameters: {'n_layers_yyx': 2, 'hidden_size_yyx_l0': 3, 'hidden_size_yyx_l1': 6, 'context_size_yyx': 2, 'num_mix_components_yyx': 4, 'context_extractor_yyx': 'gru', 'activation_func_yyx': 'Tanh', 'L2_weight_yyx': 5.438679190171137e-09, 'L_entropy_weight_yyx': 7.048357258810216e-07, 'L_sep_weight_yyx': 3.1177312296655564e-07, 'L_scale_weight_yyx': 6.825142318882992e-08, 'learning_rate_yyx': 0.00516459577971415}. Best is trial 0 with value: -0.9147985592774902.
[I 2026-03-18 18:42:55,202] Trial 2 pruned. 
[I 2026-03-18 18:42:56,448] Trial 0 finished with value: -0.8035945920507525 and parameters: {'n_layers_yyx': 2, 'hidden_size_yyx_l0': 5, 'hidden_size_yyx_l1': 4, 'context_size_yyx': 2, 'num_mix_components_yyx': 4, 'context_extractor_yyx': 'gru', 'activation_func_yyx': 'ReLU', 'L2_weight_yyx': 4.6798400479534505e-06, 'L_entropy_weight_yyx': 1.590195907853281e-07, 'L_sep_weight_yyx': 4.6822547308859556e-05, 'L_scale_weight_yyx': 1.101158477788944e-06, 'learning_rate_yyx': 0.0008779003406537034}. Best is trial 0 with value: -0.8035945920507525.
[I 2026-03-18 18:43:04,759] Trial 3 pruned. 
[I 2026-03-18 18:43:07,958] Trial 1 finished with value: -0.8246437647494115 and parameters: {'n_layers_yyx': 2, 'hidden_size_yyx_l0': 6, 'hidden_size_yyx_l1': 6, 'context_size_yyx': 3, 'num_mix_components_yyx': 5, 'context_extractor_yyx': 'gru', 'activation_func_yyx': 'GELU', 'L2_weight_yyx': 0.0003123164613298769, 'L_entropy_weight_yyx': 2.020525996807221e-10, 'L_sep_weight_yyx': 8.317349899515308e-06, 'L_scale_weight_yyx': 0.000122693213122586, 'learning_rate_yyx': 0.0012714859953975339}. Best is trial 1 with value: -0.8246437647494115.
[I 2026-03-18 18:43:15,015] Trial 4 pruned. 
[I 2026-03-18 18:43:19,324] Trial 0 finished with value: -1.7780535087200127 and parameters: {'n_layers_yyx': 2, 'hidden_size_yyx_l0': 4, 'hidden_size_yyx_l1': 6, 'context_size_yyx': 1, 'num_mix_components_yyx': 4, 'context_extractor_yyx': 'gru', 'activation_func_yyx': 'Tanh', 'L2_weight_yyx': 2.200029381234367e-07, 'L_entropy_weight_yyx': 2.4983259521367807e-08, 'L_sep_weight_yyx': 1.388835865506963e-10, 'L_scale_weight_yyx': 8.69843602627931e-09, 'learning_rate_yyx': 0.0014433942794693426}. Best is trial 0 with value: -1.7780535087200127.
[I 2026-03-18 18:43:39,014] Trial 1 pruned. 
[I 2026-03-18 18:43:55,729] Trial 0 finished with value: -2.2633646515681303 and parameters: {'n_layers_yyx': 1, 'hidden_size_yyx_l0': 3, 'context_size_yyx': 1, 'num_mix_components_yyx': 5, 'context_extractor_yyx': 'lstm', 'activation_func_yyx': 'Tanh', 'L2_weight_yyx': 1.5149002114423775e-08, 'L_entropy_weight_yyx': 1.043991108352402e-09, 'L_sep_weight_yyx': 1.7708852065428995e-07, 'L_scale_weight_yyx': 4.61539510561026e-05, 'learning_rate_yyx': 0.001698273128439342}. Best is trial 0 with value: -2.2633646515681303.
[I 2026-03-18 18:44:02,262] Trial 0 finished with value: -1.775654347633956 and parameters: {'n_layers_yyx': 1, 'hidden_size_yyx_l0': 4, 'context_size_yyx': 2, 'num_mix_components_yyx': 3, 'context_extractor_yyx': 'gru', 'activation_func_yyx': 'GELU', 'L2_weight_yyx': 2.3426147200514022e-09, 'L_entropy_weight_yyx': 0.0002447020062268841, 'L_sep_weight_yyx': 1.0147541632888047e-09, 'L_scale_weight_yyx': 4.540031660728047e-09, 'learning_rate_yyx': 0.0006764685104256217}. Best is trial 0 with value: -1.775654347633956.
[I 2026-03-18 18:44:03,006] Trial 2 pruned. 
[I 2026-03-18 18:44:13,991] Trial 0 finished with value: -1.7503072787152636 and parameters: {'n_layers_yyx': 1, 'hidden_size_yyx_l0': 3, 'context_size_yyx': 2, 'num_mix_components_yyx': 3, 'context_extractor_yyx': 'lstm', 'activation_func_yyx': 'Tanh', 'L2_weight_yyx': 1.1269470197449298e-08, 'L_entropy_weight_yyx': 8.268510934168919e-10, 'L_sep_weight_yyx': 0.0008416705919118128, 'L_scale_weight_yyx': 2.3990695438274522e-05, 'learning_rate_yyx': 0.0006795859695130816}. Best is trial 0 with value: -1.7503072787152636.
[I 2026-03-18 18:44:15,708] Trial 1 finished with value: -1.750011959249754 and parameters: {'n_layers_yyx': 2, 'hidden_size_yyx_l0': 5, 'hidden_size_yyx_l1': 2, 'context_size_yyx': 2, 'num_mix_components_yyx': 2, 'context_extractor_yyx': 'lstm', 'activation_func_yyx': 'GELU', 'L2_weight_yyx': 6.308178846128996e-07, 'L_entropy_weight_yyx': 7.36162810257527e-06, 'L_sep_weight_yyx': 2.1327511837899947e-09, 'L_scale_weight_yyx': 3.822402708405625e-05, 'learning_rate_yyx': 0.008049155521664877}. Best is trial 0 with value: -1.7756637156059056.
[I 2026-03-18 18:44:30,372] Trial 1 finished with value: -0.8101650221132985 and parameters: {'n_layers_yyx': 1, 'hidden_size_yyx_l0': 4, 'context_size_yyx': 4, 'num_mix_components_yyx': 1, 'context_extractor_yyx': 'gru', 'activation_func_yyx': 'GELU', 'L2_weight_yyx': 0.00037727721853426834, 'L_entropy_weight_yyx': 9.208642242312038e-10, 'L_sep_weight_yyx': 0.0002481641134965464, 'L_scale_weight_yyx': 3.210546750987729e-06, 'learning_rate_yyx': 0.002307102092594054}. Best is trial 0 with value: -0.8245499130542028.
[I 2026-03-18 18:44:32,211] Trial 1 finished with value: -0.8328681168211087 and parameters: {'n_layers_yyx': 2, 'hidden_size_yyx_l0': 2, 'hidden_size_yyx_l1': 2, 'context_size_yyx': 4, 'num_mix_components_yyx': 2, 'context_extractor_yyx': 'lstm', 'activation_func_yyx': 'GELU', 'L2_weight_yyx': 0.00010786046020662349, 'L_entropy_weight_yyx': 4.507359266755823e-05, 'L_sep_weight_yyx': 7.906883319970634e-10, 'L_scale_weight_yyx': 6.450848035483595e-08, 'learning_rate_yyx': 0.005180359031390606}. Best is trial 1 with value: -0.8328681168211087.
[I 2026-03-18 18:44:36,211] Trial 2 pruned. 
[I 2026-03-18 18:44:46,501] Trial 5 pruned. 
[I 2026-03-18 18:44:49,935] Trial 2 pruned. 
[I 2026-03-18 18:44:52,865] Trial 2 finished with value: -0.8228697107672868 and parameters: {'n_layers_yyx': 1, 'hidden_size_yyx_l0': 4, 'context_size_yyx': 4, 'num_mix_components_yyx': 1, 'context_extractor_yyx': 'gru', 'activation_func_yyx': 'ReLU', 'L2_weight_yyx': 3.7076506307605987e-06, 'L_entropy_weight_yyx': 1.1590554123975387e-09, 'L_sep_weight_yyx': 8.289204419395302e-09, 'L_scale_weight_yyx': 3.750086922942758e-09, 'learning_rate_yyx': 0.009156149180250841}. Best is trial 2 with value: -0.8228697107672868.
[I 2026-03-18 18:44:53,540] Trial 3 pruned. 
[I 2026-03-18 18:44:59,466] Trial 0 finished with value: -2.2596351878295255 and parameters: {'n_layers_yyx': 2, 'hidden_size_yyx_l0': 3, 'hidden_size_yyx_l1': 6, 'context_size_yyx': 1, 'num_mix_components_yyx': 2, 'context_extractor_yyx': 'gru', 'activation_func_yyx': 'Tanh', 'L2_weight_yyx': 4.531942150249603e-08, 'L_entropy_weight_yyx': 2.4118218506053236e-10, 'L_sep_weight_yyx': 5.1458764823223713e-08, 'L_scale_weight_yyx': 1.1746584114571798e-07, 'learning_rate_yyx': 0.001450307593062025}. Best is trial 0 with value: -2.2596351878295255.
[I 2026-03-18 18:44:59,832] Trial 6 pruned. 
[I 2026-03-18 18:45:00,918] Trial 0 finished with value: -2.2554395663426554 and parameters: {'n_layers_yyx': 2, 'hidden_size_yyx_l0': 5, 'hidden_size_yyx_l1': 2, 'context_size_yyx': 4, 'num_mix_components_yyx': 1, 'context_extractor_yyx': 'gru', 'activation_func_yyx': 'Tanh', 'L2_weight_yyx': 5.235975429130311e-06, 'L_entropy_weight_yyx': 0.00048132689197009486, 'L_sep_weight_yyx': 3.2263573314705324e-10, 'L_scale_weight_yyx': 0.00021354861122291008, 'learning_rate_yyx': 0.000538990365764674}. Best is trial 0 with value: -2.2554395663426554.
[I 2026-03-18 18:45:02,032] Trial 0 finished with value: -2.2628530626051866 and parameters: {'n_layers_yyx': 2, 'hidden_size_yyx_l0': 4, 'hidden_size_yyx_l1': 3, 'context_size_yyx': 2, 'num_mix_components_yyx': 1, 'context_extractor_yyx': 'gru', 'activation_func_yyx': 'Tanh', 'L2_weight_yyx': 6.532592540579125e-10, 'L_entropy_weight_yyx': 1.9824452940164134e-06, 'L_sep_weight_yyx': 8.394491738173792e-09, 'L_scale_weight_yyx': 7.681857327966575e-10, 'learning_rate_yyx': 0.0013142341550482235}. Best is trial 0 with value: -2.2628530626051866.
[I 2026-03-18 18:45:06,551] Trial 3 pruned. 
[I 2026-03-18 18:45:07,827] Trial 4 pruned. 
[I 2026-03-18 18:45:11,697] Trial 1 finished with value: -0.8235284532014517 and parameters: {'n_layers_yyx': 1, 'hidden_size_yyx_l0': 4, 'context_size_yyx': 2, 'num_mix_components_yyx': 5, 'context_extractor_yyx': 'lstm', 'activation_func_yyx': 'Tanh', 'L2_weight_yyx': 2.1430058559493352e-10, 'L_entropy_weight_yyx': 0.0009415038450946629, 'L_sep_weight_yyx': 5.330747945488847e-08, 'L_scale_weight_yyx': 1.8091676456938666e-07, 'learning_rate_yyx': 0.006114408177425494}. Best is trial 1 with value: -0.8235284532014517.
[I 2026-03-18 18:45:16,998] Trial 7 pruned. 
[I 2026-03-18 18:45:24,431] Trial 4 pruned. 
[I 2026-03-18 18:45:48,306] Trial 8 pruned. 
[I 2026-03-18 18:45:53,805] Trial 5 pruned. 
[I 2026-03-18 18:45:56,354] Trial 1 finished with value: -0.8149205127530119 and parameters: {'n_layers_yyx': 2, 'hidden_size_yyx_l0': 2, 'hidden_size_yyx_l1': 6, 'context_size_yyx': 3, 'num_mix_components_yyx': 3, 'context_extractor_yyx': 'lstm', 'activation_func_yyx': 'GELU', 'L2_weight_yyx': 4.247358892252475e-05, 'L_entropy_weight_yyx': 0.00012053412909170504, 'L_sep_weight_yyx': 5.220503185668464e-09, 'L_scale_weight_yyx': 1.1219701597082033e-10, 'learning_rate_yyx': 0.003721908201407826}. Best is trial 1 with value: -0.8149205127530119.
[I 2026-03-18 18:46:05,820] Trial 3 pruned. 
[I 2026-03-18 18:46:13,354] Trial 6 pruned. 
[I 2026-03-18 18:46:23,705] Trial 1 finished with value: -0.8042812600973966 and parameters: {'n_layers_yyx': 2, 'hidden_size_yyx_l0': 5, 'hidden_size_yyx_l1': 5, 'context_size_yyx': 3, 'num_mix_components_yyx': 1, 'context_extractor_yyx': 'gru', 'activation_func_yyx': 'Tanh', 'L2_weight_yyx': 0.00034965542355220203, 'L_entropy_weight_yyx': 3.7344838100002528e-06, 'L_sep_weight_yyx': 3.789824360929664e-07, 'L_scale_weight_yyx': 3.0812417592656726e-07, 'learning_rate_yyx': 0.0010198225098099615}. Best is trial 0 with value: -0.8279563193835395.
[I 2026-03-18 18:46:37,060] Trial 7 pruned. 
[I 2026-03-18 18:46:44,156] Trial 2 pruned. 
[I 2026-03-18 18:46:44,811] Trial 1 finished with value: -2.2840327548863986 and parameters: {'n_layers_yyx': 1, 'hidden_size_yyx_l0': 4, 'context_size_yyx': 3, 'num_mix_components_yyx': 5, 'context_extractor_yyx': 'lstm', 'activation_func_yyx': 'Tanh', 'L2_weight_yyx': 2.989237820742589e-07, 'L_entropy_weight_yyx': 3.2485924686835318e-06, 'L_sep_weight_yyx': 2.458456843017849e-06, 'L_scale_weight_yyx': 0.00031316275559175466, 'learning_rate_yyx': 0.008148379890939163}. Best is trial 1 with value: -2.2840327548863986.
[I 2026-03-18 18:46:56,056] Trial 8 pruned. 
[I 2026-03-18 18:46:56,819] Trial 1 finished with value: -0.7696244706079209 and parameters: {'n_layers_yyx': 1, 'hidden_size_yyx_l0': 3, 'context_size_yyx': 2, 'num_mix_components_yyx': 1, 'context_extractor_yyx': 'lstm', 'activation_func_yyx': 'GELU', 'L2_weight_yyx': 3.301045650787587e-09, 'L_entropy_weight_yyx': 1.2234530169630657e-05, 'L_sep_weight_yyx': 3.441386755073939e-08, 'L_scale_weight_yyx': 3.0749770695517825e-08, 'learning_rate_yyx': 0.001104084046187819}. Best is trial 0 with value: -0.8324342893885016.
[I 2026-03-18 18:47:21,901] Trial 1 finished with value: -0.8100041624714388 and parameters: {'n_layers_yyx': 1, 'hidden_size_yyx_l0': 2, 'context_size_yyx': 3, 'num_mix_components_yyx': 4, 'context_extractor_yyx': 'lstm', 'activation_func_yyx': 'ReLU', 'L2_weight_yyx': 1.1670216454313701e-05, 'L_entropy_weight_yyx': 1.3861013315927954e-10, 'L_sep_weight_yyx': 3.8122735254906924e-06, 'L_scale_weight_yyx': 5.906908260982591e-06, 'learning_rate_yyx': 0.000769502611921173}. Best is trial 1 with value: -0.8100041624714388.
[I 2026-03-18 18:47:26,540] Trial 1 finished with value: -1.7570972872855968 and parameters: {'n_layers_yyx': 2, 'hidden_size_yyx_l0': 4, 'hidden_size_yyx_l1': 5, 'context_size_yyx': 4, 'num_mix_components_yyx': 1, 'context_extractor_yyx': 'lstm', 'activation_func_yyx': 'ReLU', 'L2_weight_yyx': 2.0830094780467966e-09, 'L_entropy_weight_yyx': 6.830927350310682e-09, 'L_sep_weight_yyx': 6.840875876264882e-10, 'L_scale_weight_yyx': 9.273203052159473e-07, 'learning_rate_yyx': 0.0008842375712414198}. Best is trial 0 with value: -1.7793034017335003.
[I 2026-03-18 18:47:26,694] Trial 1 finished with value: -0.8348051941729366 and parameters: {'n_layers_yyx': 1, 'hidden_size_yyx_l0': 2, 'context_size_yyx': 1, 'num_mix_components_yyx': 5, 'context_extractor_yyx': 'lstm', 'activation_func_yyx': 'Tanh', 'L2_weight_yyx': 2.304505257022597e-10, 'L_entropy_weight_yyx': 2.744151163343724e-10, 'L_sep_weight_yyx': 2.9472915259507505e-05, 'L_scale_weight_yyx': 6.060554223083456e-08, 'learning_rate_yyx': 0.0027824362408412}. Best is trial 1 with value: -0.8348051941729366.
[I 2026-03-18 18:47:26,754] Trial 1 finished with value: -2.279694369835903 and parameters: {'n_layers_yyx': 2, 'hidden_size_yyx_l0': 3, 'hidden_size_yyx_l1': 4, 'context_size_yyx': 4, 'num_mix_components_yyx': 5, 'context_extractor_yyx': 'lstm', 'activation_func_yyx': 'GELU', 'L2_weight_yyx': 7.092421583058026e-10, 'L_entropy_weight_yyx': 4.846184723380124e-06, 'L_sep_weight_yyx': 4.311037644837414e-07, 'L_scale_weight_yyx': 2.8498747023835074e-05, 'learning_rate_yyx': 0.005110589460549529}. Best is trial 1 with value: -2.279694369835903.
[I 2026-03-18 18:47:29,645] Trial 2 finished with value: -1.7126383176991637 and parameters: {'n_layers_yyx': 2, 'hidden_size_yyx_l0': 4, 'hidden_size_yyx_l1': 4, 'context_size_yyx': 1, 'num_mix_components_yyx': 1, 'context_extractor_yyx': 'lstm', 'activation_func_yyx': 'GELU', 'L2_weight_yyx': 0.0007285959565635458, 'L_entropy_weight_yyx': 8.171156593266048e-10, 'L_sep_weight_yyx': 2.309477029747038e-07, 'L_scale_weight_yyx': 6.910885847325888e-08, 'learning_rate_yyx': 0.0049052290965767575}. Best is trial 0 with value: -1.7756637156059056.
[I 2026-03-18 18:47:40,755] Trial 2 pruned. 
[I 2026-03-18 18:47:51,802] Trial 2 pruned. 
[I 2026-03-18 18:47:56,262] Trial 3 pruned. 
[I 2026-03-18 18:48:06,776] Trial 1 finished with value: -0.7902196436195993 and parameters: {'n_layers_yyx': 2, 'hidden_size_yyx_l0': 5, 'hidden_size_yyx_l1': 4, 'context_size_yyx': 2, 'num_mix_components_yyx': 2, 'context_extractor_yyx': 'gru', 'activation_func_yyx': 'ReLU', 'L2_weight_yyx': 7.629105683486178e-07, 'L_entropy_weight_yyx': 0.0008201032056880086, 'L_sep_weight_yyx': 3.0350668608166237e-05, 'L_scale_weight_yyx': 6.928155160907258e-07, 'learning_rate_yyx': 0.0015361312162740267}. Best is trial 1 with value: -0.7902196436195993.
[I 2026-03-18 18:48:10,229] Trial 3 pruned. 
[I 2026-03-18 18:48:16,713] Trial 2 pruned. 
[I 2026-03-18 18:48:17,610] Trial 5 finished with value: -0.8238654312742337 and parameters: {'n_layers_yyx': 2, 'hidden_size_yyx_l0': 3, 'hidden_size_yyx_l1': 6, 'context_size_yyx': 3, 'num_mix_components_yyx': 3, 'context_extractor_yyx': 'gru', 'activation_func_yyx': 'Tanh', 'L2_weight_yyx': 4.874658216177243e-09, 'L_entropy_weight_yyx': 1.1647747598535503e-08, 'L_sep_weight_yyx': 4.382010449075371e-09, 'L_scale_weight_yyx': 3.4805748902700475e-08, 'learning_rate_yyx': 0.0034198953838520192}. Best is trial 1 with value: -0.8246437647494115.
[I 2026-03-18 18:48:22,446] Trial 4 pruned. 
[I 2026-03-18 18:48:27,960] Trial 1 finished with value: -1.863694296077806 and parameters: {'n_layers_yyx': 2, 'hidden_size_yyx_l0': 4, 'hidden_size_yyx_l1': 4, 'context_size_yyx': 4, 'num_mix_components_yyx': 5, 'context_extractor_yyx': 'lstm', 'activation_func_yyx': 'ReLU', 'L2_weight_yyx': 2.020878076669718e-09, 'L_entropy_weight_yyx': 0.0006501046754211699, 'L_sep_weight_yyx': 1.4933775375629497e-10, 'L_scale_weight_yyx': 0.0002314936198721398, 'learning_rate_yyx': 0.0014138562487034543}. Best is trial 1 with value: -1.863694296077806.
[I 2026-03-18 18:48:31,681] Trial 3 pruned. 
[I 2026-03-18 18:48:34,716] Trial 1 finished with value: -2.2881647079635865 and parameters: {'n_layers_yyx': 1, 'hidden_size_yyx_l0': 2, 'context_size_yyx': 3, 'num_mix_components_yyx': 2, 'context_extractor_yyx': 'gru', 'activation_func_yyx': 'Tanh', 'L2_weight_yyx': 1.67463804784068e-06, 'L_entropy_weight_yyx': 3.580051105564183e-08, 'L_sep_weight_yyx': 3.089792054211572e-10, 'L_scale_weight_yyx': 1.4515791579599813e-06, 'learning_rate_yyx': 0.007907381045011876}. Best is trial 1 with value: -2.2881647079635865.
[I 2026-03-18 18:48:40,802] Trial 5 pruned. 
[I 2026-03-18 18:48:43,868] Trial 2 pruned. 
[I 2026-03-18 18:48:51,325] Trial 4 pruned. 
[I 2026-03-18 18:48:52,401] Trial 9 finished with value: -0.8968342519414121 and parameters: {'n_layers_yyx': 2, 'hidden_size_yyx_l0': 3, 'hidden_size_yyx_l1': 4, 'context_size_yyx': 2, 'num_mix_components_yyx': 5, 'context_extractor_yyx': 'gru', 'activation_func_yyx': 'Tanh', 'L2_weight_yyx': 4.232448766479174e-06, 'L_entropy_weight_yyx': 3.7661753639208385e-09, 'L_sep_weight_yyx': 2.378260372880264e-06, 'L_scale_weight_yyx': 0.0008661615575249427, 'learning_rate_yyx': 0.0022686280289206224}. Best is trial 0 with value: -0.9147985592774902.
[I 2026-03-18 18:48:53,169] Trial 2 pruned. 
[I 2026-03-18 18:48:56,718] Trial 2 pruned. 
[I 2026-03-18 18:49:03,524] Trial 2 pruned. 
[I 2026-03-18 18:49:07,485] Trial 1 finished with value: -1.7817464685921718 and parameters: {'n_layers_yyx': 2, 'hidden_size_yyx_l0': 4, 'hidden_size_yyx_l1': 3, 'context_size_yyx': 4, 'num_mix_components_yyx': 1, 'context_extractor_yyx': 'lstm', 'activation_func_yyx': 'ReLU', 'L2_weight_yyx': 5.56324218569234e-06, 'L_entropy_weight_yyx': 1.509941892007687e-08, 'L_sep_weight_yyx': 3.379664117190181e-09, 'L_scale_weight_yyx': 1.940878766360261e-05, 'learning_rate_yyx': 0.0038970198851181912}. Best is trial 1 with value: -1.7817464685921718.
[I 2026-03-18 18:49:11,005] Trial 2 finished with value: -2.279533784042228 and parameters: {'n_layers_yyx': 1, 'hidden_size_yyx_l0': 4, 'context_size_yyx': 2, 'num_mix_components_yyx': 3, 'context_extractor_yyx': 'lstm', 'activation_func_yyx': 'GELU', 'L2_weight_yyx': 8.903361069899589e-10, 'L_entropy_weight_yyx': 3.387097013556054e-10, 'L_sep_weight_yyx': 2.850208800862147e-06, 'L_scale_weight_yyx': 2.4536602675345107e-06, 'learning_rate_yyx': 0.002774719584514961}. Best is trial 2 with value: -2.279533784042228.
[I 2026-03-18 18:49:12,407] Trial 2 finished with value: -0.8108250717997023 and parameters: {'n_layers_yyx': 1, 'hidden_size_yyx_l0': 5, 'context_size_yyx': 1, 'num_mix_components_yyx': 3, 'context_extractor_yyx': 'lstm', 'activation_func_yyx': 'ReLU', 'L2_weight_yyx': 2.286963051058408e-06, 'L_entropy_weight_yyx': 0.0002513446520727361, 'L_sep_weight_yyx': 1.9892931232295684e-05, 'L_scale_weight_yyx': 4.056312667499683e-05, 'learning_rate_yyx': 0.006015753525323326}. Best is trial 1 with value: -0.8235284532014517.
[I 2026-03-18 18:49:13,781] Trial 3 pruned. 
[I 2026-03-18 18:49:27,763] Trial 3 pruned. 
[I 2026-03-18 18:49:28,310] Trial 1 finished with value: -2.261185738959796 and parameters: {'n_layers_yyx': 1, 'hidden_size_yyx_l0': 5, 'context_size_yyx': 1, 'num_mix_components_yyx': 1, 'context_extractor_yyx': 'gru', 'activation_func_yyx': 'GELU', 'L2_weight_yyx': 2.460291010850763e-10, 'L_entropy_weight_yyx': 7.581384747008626e-06, 'L_sep_weight_yyx': 8.262451018646733e-10, 'L_scale_weight_yyx': 4.29481976906024e-05, 'learning_rate_yyx': 0.00919282071616327}. Best is trial 0 with value: -2.2633646515681303.
[I 2026-03-18 18:49:31,598] Trial 3 pruned. 
[I 2026-03-18 18:49:31,698] Trial 6 pruned. 
[I 2026-03-18 18:49:37,849] Trial 3 pruned. 
[I 2026-03-18 18:49:37,877] Trial 1 finished with value: -2.265174071966799 and parameters: {'n_layers_yyx': 2, 'hidden_size_yyx_l0': 4, 'hidden_size_yyx_l1': 6, 'context_size_yyx': 1, 'num_mix_components_yyx': 3, 'context_extractor_yyx': 'gru', 'activation_func_yyx': 'ReLU', 'L2_weight_yyx': 3.992412788695064e-09, 'L_entropy_weight_yyx': 7.244726113283859e-06, 'L_sep_weight_yyx': 1.8057228710460049e-06, 'L_scale_weight_yyx': 3.023620022298446e-05, 'learning_rate_yyx': 0.0007332299994718064}. Best is trial 0 with value: -2.277465192778458.
[I 2026-03-18 18:49:46,914] Trial 2 finished with value: -0.8370103483890325 and parameters: {'n_layers_yyx': 2, 'hidden_size_yyx_l0': 2, 'hidden_size_yyx_l1': 3, 'context_size_yyx': 2, 'num_mix_components_yyx': 4, 'context_extractor_yyx': 'lstm', 'activation_func_yyx': 'Tanh', 'L2_weight_yyx': 9.926740555830513e-08, 'L_entropy_weight_yyx': 3.3036189379257198e-06, 'L_sep_weight_yyx': 1.6433855896762187e-06, 'L_scale_weight_yyx': 4.971772463137617e-07, 'learning_rate_yyx': 0.007420826635822727}. Best is trial 2 with value: -0.8370103483890325.
[I 2026-03-18 18:49:50,662] Trial 7 pruned. 
[I 2026-03-18 18:49:56,746] Trial 1 finished with value: -1.761499812578914 and parameters: {'n_layers_yyx': 2, 'hidden_size_yyx_l0': 3, 'hidden_size_yyx_l1': 3, 'context_size_yyx': 1, 'num_mix_components_yyx': 1, 'context_extractor_yyx': 'gru', 'activation_func_yyx': 'GELU', 'L2_weight_yyx': 5.251353956593362e-09, 'L_entropy_weight_yyx': 0.0004437721111372886, 'L_sep_weight_yyx': 0.000686819107756123, 'L_scale_weight_yyx': 4.789997540496907e-09, 'learning_rate_yyx': 0.0021222938718420264}. Best is trial 1 with value: -1.761499812578914.
[I 2026-03-18 18:50:03,402] Trial 1 finished with value: -2.2866954714752907 and parameters: {'n_layers_yyx': 2, 'hidden_size_yyx_l0': 3, 'hidden_size_yyx_l1': 6, 'context_size_yyx': 3, 'num_mix_components_yyx': 4, 'context_extractor_yyx': 'gru', 'activation_func_yyx': 'Tanh', 'L2_weight_yyx': 4.782315811206194e-10, 'L_entropy_weight_yyx': 8.554339236248816e-10, 'L_sep_weight_yyx': 1.620156319590396e-05, 'L_scale_weight_yyx': 0.00028611642045042767, 'learning_rate_yyx': 0.004959461869118288}. Best is trial 1 with value: -2.2866954714752907.
[I 2026-03-18 18:50:16,841] Trial 2 pruned. 
[I 2026-03-18 18:50:19,509] Trial 2 pruned. 
[I 2026-03-18 18:50:20,848] Trial 3 finished with value: -2.259222210402004 and parameters: {'n_layers_yyx': 2, 'hidden_size_yyx_l0': 4, 'hidden_size_yyx_l1': 2, 'context_size_yyx': 3, 'num_mix_components_yyx': 2, 'context_extractor_yyx': 'lstm', 'activation_func_yyx': 'ReLU', 'L2_weight_yyx': 1.4277598917707936e-10, 'L_entropy_weight_yyx': 5.960955965917551e-06, 'L_sep_weight_yyx': 3.7189471799749104e-08, 'L_scale_weight_yyx': 2.002655483877557e-06, 'learning_rate_yyx': 0.0006509222546844644}. Best is trial 0 with value: -2.2740171920421512.
[I 2026-03-18 18:50:36,246] Trial 3 pruned. 
[I 2026-03-18 18:50:41,490] Trial 2 finished with value: -2.2083321590322043 and parameters: {'n_layers_yyx': 1, 'hidden_size_yyx_l0': 3, 'context_size_yyx': 2, 'num_mix_components_yyx': 4, 'context_extractor_yyx': 'lstm', 'activation_func_yyx': 'ReLU', 'L2_weight_yyx': 0.0005472771141911806, 'L_entropy_weight_yyx': 1.2082038834865634e-05, 'L_sep_weight_yyx': 2.867195979859237e-06, 'L_scale_weight_yyx': 6.976473508724455e-05, 'learning_rate_yyx': 0.0021230857032261924}. Best is trial 2 with value: -2.2083321590322043.
[I 2026-03-18 18:50:41,497] Trial 2 finished with value: -2.272224617884258 and parameters: {'n_layers_yyx': 2, 'hidden_size_yyx_l0': 4, 'hidden_size_yyx_l1': 3, 'context_size_yyx': 2, 'num_mix_components_yyx': 3, 'context_extractor_yyx': 'lstm', 'activation_func_yyx': 'Tanh', 'L2_weight_yyx': 3.80960084213228e-09, 'L_entropy_weight_yyx': 3.544894728922221e-07, 'L_sep_weight_yyx': 0.0008634541904846047, 'L_scale_weight_yyx': 1.6746197064180915e-09, 'learning_rate_yyx': 0.002478922423744931}. Best is trial 2 with value: -2.272224617884258.
[I 2026-03-18 18:50:47,791] Trial 3 finished with value: -0.8294512073961987 and parameters: {'n_layers_yyx': 1, 'hidden_size_yyx_l0': 6, 'context_size_yyx': 4, 'num_mix_components_yyx': 5, 'context_extractor_yyx': 'gru', 'activation_func_yyx': 'ReLU', 'L2_weight_yyx': 1.999523580329233e-06, 'L_entropy_weight_yyx': 1.4573386191621683e-09, 'L_sep_weight_yyx': 9.951771141312094e-07, 'L_scale_weight_yyx': 8.009539550091458e-10, 'learning_rate_yyx': 0.002444569664393931}. Best is trial 0 with value: -0.8324342893885016.
[I 2026-03-18 18:51:04,196] Trial 4 pruned. 
[I 2026-03-18 18:51:05,499] Trial 1 finished with value: -2.272496318017313 and parameters: {'n_layers_yyx': 2, 'hidden_size_yyx_l0': 6, 'hidden_size_yyx_l1': 6, 'context_size_yyx': 4, 'num_mix_components_yyx': 3, 'context_extractor_yyx': 'gru', 'activation_func_yyx': 'ReLU', 'L2_weight_yyx': 3.402472318201046e-10, 'L_entropy_weight_yyx': 0.00013510343134733575, 'L_sep_weight_yyx': 8.519954974680501e-06, 'L_scale_weight_yyx': 2.064044038376088e-06, 'learning_rate_yyx': 0.00120599410515641}. Best is trial 1 with value: -2.272496318017313.
[I 2026-03-18 18:51:22,762] Trial 2 finished with value: -0.7982230926017817 and parameters: {'n_layers_yyx': 2, 'hidden_size_yyx_l0': 3, 'hidden_size_yyx_l1': 5, 'context_size_yyx': 3, 'num_mix_components_yyx': 2, 'context_extractor_yyx': 'lstm', 'activation_func_yyx': 'Tanh', 'L2_weight_yyx': 2.3118086853087376e-05, 'L_entropy_weight_yyx': 8.117909930941041e-06, 'L_sep_weight_yyx': 1.4924102073293656e-08, 'L_scale_weight_yyx': 0.00017943994182747803, 'learning_rate_yyx': 0.0005622830087891117}. Best is trial 0 with value: -0.8245499130542028.
[I 2026-03-18 18:51:29,129] Trial 4 finished with value: -0.8221012267615629 and parameters: {'n_layers_yyx': 1, 'hidden_size_yyx_l0': 5, 'context_size_yyx': 3, 'num_mix_components_yyx': 3, 'context_extractor_yyx': 'lstm', 'activation_func_yyx': 'Tanh', 'L2_weight_yyx': 0.00042103477651044647, 'L_entropy_weight_yyx': 2.181623438906373e-09, 'L_sep_weight_yyx': 4.506163228123681e-07, 'L_scale_weight_yyx': 7.366884069888195e-07, 'learning_rate_yyx': 0.002107718603266031}. Best is trial 1 with value: -0.8328681168211087.
[I 2026-03-18 18:51:38,678] Trial 3 finished with value: -1.785882901278409 and parameters: {'n_layers_yyx': 2, 'hidden_size_yyx_l0': 4, 'hidden_size_yyx_l1': 3, 'context_size_yyx': 2, 'num_mix_components_yyx': 4, 'context_extractor_yyx': 'gru', 'activation_func_yyx': 'Tanh', 'L2_weight_yyx': 5.029041454056244e-07, 'L_entropy_weight_yyx': 4.82112441869543e-07, 'L_sep_weight_yyx': 1.4998098812465152e-09, 'L_scale_weight_yyx': 1.5919847510465838e-07, 'learning_rate_yyx': 0.0022991569343222447}. Best is trial 3 with value: -1.785882901278409.
[I 2026-03-18 18:51:53,945] Trial 2 pruned. 
[I 2026-03-18 18:51:59,813] Trial 4 pruned. 
[I 2026-03-18 18:52:07,298] Trial 6 finished with value: -0.799159806447332 and parameters: {'n_layers_yyx': 2, 'hidden_size_yyx_l0': 2, 'hidden_size_yyx_l1': 5, 'context_size_yyx': 2, 'num_mix_components_yyx': 5, 'context_extractor_yyx': 'gru', 'activation_func_yyx': 'ReLU', 'L2_weight_yyx': 0.0003401098420364088, 'L_entropy_weight_yyx': 2.843505914356396e-05, 'L_sep_weight_yyx': 4.16920678397146e-05, 'L_scale_weight_yyx': 1.514089537777243e-10, 'learning_rate_yyx': 0.0040239464235754885}. Best is trial 0 with value: -0.8279563193835395.
[I 2026-03-18 18:52:27,180] Trial 1 finished with value: -1.7737064478205895 and parameters: {'n_layers_yyx': 2, 'hidden_size_yyx_l0': 5, 'hidden_size_yyx_l1': 6, 'context_size_yyx': 1, 'num_mix_components_yyx': 5, 'context_extractor_yyx': 'gru', 'activation_func_yyx': 'GELU', 'L2_weight_yyx': 8.391102762875018e-08, 'L_entropy_weight_yyx': 1.4082428739210828e-10, 'L_sep_weight_yyx': 2.371724743690095e-10, 'L_scale_weight_yyx': 0.00019201464945021386, 'learning_rate_yyx': 0.0008801138152255603}. Best is trial 0 with value: -1.775654347633956.
[I 2026-03-18 18:52:27,256] Trial 1 finished with value: -1.7684712210476057 and parameters: {'n_layers_yyx': 2, 'hidden_size_yyx_l0': 3, 'hidden_size_yyx_l1': 4, 'context_size_yyx': 2, 'num_mix_components_yyx': 2, 'context_extractor_yyx': 'lstm', 'activation_func_yyx': 'Tanh', 'L2_weight_yyx': 4.414998886681942e-07, 'L_entropy_weight_yyx': 4.710251618922085e-07, 'L_sep_weight_yyx': 1.1818722670381073e-05, 'L_scale_weight_yyx': 8.36957269109815e-08, 'learning_rate_yyx': 0.001532434214828351}. Best is trial 1 with value: -1.7684712210476057.
[I 2026-03-18 18:52:39,360] Trial 4 finished with value: -2.26804572750918 and parameters: {'n_layers_yyx': 2, 'hidden_size_yyx_l0': 3, 'hidden_size_yyx_l1': 6, 'context_size_yyx': 3, 'num_mix_components_yyx': 3, 'context_extractor_yyx': 'lstm', 'activation_func_yyx': 'GELU', 'L2_weight_yyx': 3.59851877192242e-07, 'L_entropy_weight_yyx': 1.5095871854447534e-06, 'L_sep_weight_yyx': 1.62170568907414e-10, 'L_scale_weight_yyx': 2.553215419488403e-07, 'learning_rate_yyx': 0.0031726697078270725}. Best is trial 1 with value: -2.2881647079635865.
[I 2026-03-18 18:53:08,910] Trial 2 finished with value: -0.8277896221842689 and parameters: {'n_layers_yyx': 1, 'hidden_size_yyx_l0': 3, 'context_size_yyx': 4, 'num_mix_components_yyx': 3, 'context_extractor_yyx': 'gru', 'activation_func_yyx': 'Tanh', 'L2_weight_yyx': 7.023959473859375e-06, 'L_entropy_weight_yyx': 2.6916358731583365e-10, 'L_sep_weight_yyx': 8.53936230947891e-05, 'L_scale_weight_yyx': 2.5869057563277892e-08, 'learning_rate_yyx': 0.0021373112279671302}. Best is trial 2 with value: -0.8277896221842689.
[I 2026-03-18 18:53:14,824] Trial 1 finished with value: -2.263337522483249 and parameters: {'n_layers_yyx': 2, 'hidden_size_yyx_l0': 3, 'hidden_size_yyx_l1': 6, 'context_size_yyx': 3, 'num_mix_components_yyx': 2, 'context_extractor_yyx': 'gru', 'activation_func_yyx': 'GELU', 'L2_weight_yyx': 1.087908699572964e-09, 'L_entropy_weight_yyx': 1.9418471133523376e-09, 'L_sep_weight_yyx': 5.978774460310828e-05, 'L_scale_weight_yyx': 1.254859096145122e-09, 'learning_rate_yyx': 0.0011331685045969171}. Best is trial 1 with value: -2.263337522483249.
[I 2026-03-18 18:53:17,292] Trial 2 finished with value: -2.2540069113356407 and parameters: {'n_layers_yyx': 1, 'hidden_size_yyx_l0': 3, 'context_size_yyx': 3, 'num_mix_components_yyx': 1, 'context_extractor_yyx': 'gru', 'activation_func_yyx': 'GELU', 'L2_weight_yyx': 1.9746772654103554e-07, 'L_entropy_weight_yyx': 1.5032095393344908e-09, 'L_sep_weight_yyx': 5.0592897827228125e-08, 'L_scale_weight_yyx': 3.9756769200961446e-10, 'learning_rate_yyx': 0.006198742161627242}. Best is trial 1 with value: -2.272496318017313.
[I 2026-03-18 18:53:19,588] Trial 7 pruned. 
[I 2026-03-18 18:53:21,732] Trial 3 pruned. 
[I 2026-03-18 18:53:31,645] Trial 2 pruned. 
[I 2026-03-18 18:53:32,179] Trial 9 finished with value: -0.8084891923597327 and parameters: {'n_layers_yyx': 2, 'hidden_size_yyx_l0': 5, 'hidden_size_yyx_l1': 2, 'context_size_yyx': 2, 'num_mix_components_yyx': 2, 'context_extractor_yyx': 'lstm', 'activation_func_yyx': 'Tanh', 'L2_weight_yyx': 3.585867968379855e-06, 'L_entropy_weight_yyx': 0.0009512556474766986, 'L_sep_weight_yyx': 0.000219880244446047, 'L_scale_weight_yyx': 2.411573120846497e-05, 'learning_rate_yyx': 0.0009507615383506298}. Best is trial 2 with value: -0.8228697107672868.
[I 2026-03-18 18:53:33,773] Trial 8 pruned. 
[I 2026-03-18 18:53:34,095] Trial 4 finished with value: -1.7775746924677662 and parameters: {'n_layers_yyx': 2, 'hidden_size_yyx_l0': 4, 'hidden_size_yyx_l1': 5, 'context_size_yyx': 1, 'num_mix_components_yyx': 1, 'context_extractor_yyx': 'lstm', 'activation_func_yyx': 'GELU', 'L2_weight_yyx': 1.3882957974663488e-09, 'L_entropy_weight_yyx': 0.0005058483851441155, 'L_sep_weight_yyx': 1.4178603832590802e-05, 'L_scale_weight_yyx': 0.00032613225923451485, 'learning_rate_yyx': 0.002213474134080905}. Best is trial 4 with value: -1.7775746924677662.
[I 2026-03-18 18:53:35,741] Trial 4 pruned. 
[I 2026-03-18 18:53:44,683] Trial 5 finished with value: -0.820425554779819 and parameters: {'n_layers_yyx': 1, 'hidden_size_yyx_l0': 6, 'context_size_yyx': 3, 'num_mix_components_yyx': 4, 'context_extractor_yyx': 'lstm', 'activation_func_yyx': 'GELU', 'L2_weight_yyx': 0.000827340386559842, 'L_entropy_weight_yyx': 5.729376046600545e-06, 'L_sep_weight_yyx': 1.3127577900901847e-08, 'L_scale_weight_yyx': 0.000813695913606063, 'learning_rate_yyx': 0.005379892111857575}. Best is trial 1 with value: -0.8328681168211087.
[I 2026-03-18 18:53:47,009] Trial 9 pruned. 
[I 2026-03-18 18:53:47,265] Trial 3 pruned. 
[I 2026-03-18 18:53:49,332] Trial 4 finished with value: -0.8099708050005193 and parameters: {'n_layers_yyx': 2, 'hidden_size_yyx_l0': 6, 'hidden_size_yyx_l1': 2, 'context_size_yyx': 3, 'num_mix_components_yyx': 5, 'context_extractor_yyx': 'lstm', 'activation_func_yyx': 'ReLU', 'L2_weight_yyx': 2.350812106266202e-07, 'L_entropy_weight_yyx': 0.0005676595015690948, 'L_sep_weight_yyx': 6.792572062625937e-05, 'L_scale_weight_yyx': 2.6753069375187434e-07, 'learning_rate_yyx': 0.0015418369783770237}. Best is trial 0 with value: -0.8324342893885016.
[I 2026-03-18 18:53:50,423] Trial 3 finished with value: -0.8053986001402096 and parameters: {'n_layers_yyx': 1, 'hidden_size_yyx_l0': 6, 'context_size_yyx': 4, 'num_mix_components_yyx': 2, 'context_extractor_yyx': 'lstm', 'activation_func_yyx': 'GELU', 'L2_weight_yyx': 3.1175944814060264e-07, 'L_entropy_weight_yyx': 4.111698254097029e-07, 'L_sep_weight_yyx': 1.700383205809427e-07, 'L_scale_weight_yyx': 7.892326580632067e-05, 'learning_rate_yyx': 0.001343972342710232}. Best is trial 2 with value: -0.8370103483890325.
[I 2026-03-18 18:53:52,224] Trial 3 finished with value: -0.8070720182387833 and parameters: {'n_layers_yyx': 1, 'hidden_size_yyx_l0': 4, 'context_size_yyx': 2, 'num_mix_components_yyx': 1, 'context_extractor_yyx': 'lstm', 'activation_func_yyx': 'Tanh', 'L2_weight_yyx': 2.7952184422464394e-10, 'L_entropy_weight_yyx': 2.0079334284606827e-05, 'L_sep_weight_yyx': 3.81123950197074e-08, 'L_scale_weight_yyx': 3.896160766172556e-08, 'learning_rate_yyx': 0.004768184911763194}. Best is trial 1 with value: -0.8100041624714388.
[I 2026-03-18 18:53:53,922] Trial 6 pruned. 
[I 2026-03-18 18:53:55,832] Trial 10 pruned. 
[I 2026-03-18 18:53:57,598] Trial 4 pruned. 
[I 2026-03-18 18:53:59,250] Trial 3 finished with value: -2.270069106439336 and parameters: {'n_layers_yyx': 1, 'hidden_size_yyx_l0': 5, 'context_size_yyx': 1, 'num_mix_components_yyx': 4, 'context_extractor_yyx': 'lstm', 'activation_func_yyx': 'Tanh', 'L2_weight_yyx': 5.8294500405330885e-06, 'L_entropy_weight_yyx': 1.4322532677773912e-07, 'L_sep_weight_yyx': 4.527930457053271e-07, 'L_scale_weight_yyx': 3.841642794216256e-08, 'learning_rate_yyx': 0.004533652825179772}. Best is trial 2 with value: -2.279533784042228.
[I 2026-03-18 18:54:03,942] Trial 7 pruned. 
[I 2026-03-18 18:54:04,823] Trial 2 finished with value: -2.268943519545594 and parameters: {'n_layers_yyx': 1, 'hidden_size_yyx_l0': 3, 'context_size_yyx': 4, 'num_mix_components_yyx': 1, 'context_extractor_yyx': 'lstm', 'activation_func_yyx': 'GELU', 'L2_weight_yyx': 8.745034065175999e-06, 'L_entropy_weight_yyx': 0.0004166938139294309, 'L_sep_weight_yyx': 6.53620550875982e-06, 'L_scale_weight_yyx': 9.044985742093227e-10, 'learning_rate_yyx': 0.0011748849243684255}. Best is trial 0 with value: -2.277465192778458.
[I 2026-03-18 18:54:05,519] Trial 4 finished with value: -1.7807932306351817 and parameters: {'n_layers_yyx': 2, 'hidden_size_yyx_l0': 3, 'hidden_size_yyx_l1': 4, 'context_size_yyx': 2, 'num_mix_components_yyx': 1, 'context_extractor_yyx': 'lstm', 'activation_func_yyx': 'GELU', 'L2_weight_yyx': 1.756961186103285e-05, 'L_entropy_weight_yyx': 1.6976576358408099e-09, 'L_sep_weight_yyx': 5.6003487069492825e-09, 'L_scale_weight_yyx': 1.8876336474961514e-08, 'learning_rate_yyx': 0.008192727456374565}. Best is trial 4 with value: -1.7807932306351817.
[I 2026-03-18 18:54:09,590] Trial 8 pruned. 
[I 2026-03-18 18:54:09,833] Trial 4 pruned. 
[I 2026-03-18 18:54:09,927] Trial 2 finished with value: -1.7379298847752385 and parameters: {'n_layers_yyx': 2, 'hidden_size_yyx_l0': 3, 'hidden_size_yyx_l1': 6, 'context_size_yyx': 4, 'num_mix_components_yyx': 2, 'context_extractor_yyx': 'gru', 'activation_func_yyx': 'GELU', 'L2_weight_yyx': 0.00033302853248283254, 'L_entropy_weight_yyx': 1.262520353632679e-10, 'L_sep_weight_yyx': 6.212459127683877e-07, 'L_scale_weight_yyx': 0.00013387646008051145, 'learning_rate_yyx': 0.005756267668664901}. Best is trial 1 with value: -1.7684712210476057.
[I 2026-03-18 18:54:13,112] Trial 3 finished with value: -2.1901279149118276 and parameters: {'n_layers_yyx': 1, 'hidden_size_yyx_l0': 5, 'context_size_yyx': 4, 'num_mix_components_yyx': 1, 'context_extractor_yyx': 'gru', 'activation_func_yyx': 'Tanh', 'L2_weight_yyx': 4.1265290654672895e-05, 'L_entropy_weight_yyx': 4.0129141202826e-10, 'L_sep_weight_yyx': 4.3353174063955687e-10, 'L_scale_weight_yyx': 2.449847732161154e-09, 'learning_rate_yyx': 0.004565678066374582}. Best is trial 2 with value: -2.2083321590322043.
[I 2026-03-18 18:54:14,408] Trial 3 pruned. 
[I 2026-03-18 18:54:19,891] Trial 3 finished with value: -0.8016466960597074 and parameters: {'n_layers_yyx': 2, 'hidden_size_yyx_l0': 2, 'hidden_size_yyx_l1': 2, 'context_size_yyx': 3, 'num_mix_components_yyx': 4, 'context_extractor_yyx': 'lstm', 'activation_func_yyx': 'GELU', 'L2_weight_yyx': 3.4958629382643656e-09, 'L_entropy_weight_yyx': 5.164679048499416e-10, 'L_sep_weight_yyx': 0.00027331614757691945, 'L_scale_weight_yyx': 0.0006217483941710571, 'learning_rate_yyx': 0.0012490721363946043}. Best is trial 1 with value: -0.8348051941729366.
[I 2026-03-18 18:54:23,411] Trial 9 pruned. 
[I 2026-03-18 18:54:23,756] Trial 5 pruned. 
[I 2026-03-18 18:54:27,384] Trial 3 pruned. 
[I 2026-03-18 18:54:29,042] Trial 10 finished with value: -0.8899790750986811 and parameters: {'n_layers_yyx': 1, 'hidden_size_yyx_l0': 3, 'context_size_yyx': 2, 'num_mix_components_yyx': 1, 'context_extractor_yyx': 'gru', 'activation_func_yyx': 'ReLU', 'L2_weight_yyx': 0.0005441897190942072, 'L_entropy_weight_yyx': 0.0009009208926387556, 'L_sep_weight_yyx': 0.00046571138758039914, 'L_scale_weight_yyx': 2.037885813916345e-10, 'learning_rate_yyx': 0.009181302083696729}. Best is trial 0 with value: -0.9147985592774902.
[I 2026-03-18 18:54:29,371] Trial 5 pruned. 
[I 2026-03-18 18:54:29,840] Trial 3 finished with value: -0.8320290186556615 and parameters: {'n_layers_yyx': 1, 'hidden_size_yyx_l0': 4, 'context_size_yyx': 2, 'num_mix_components_yyx': 3, 'context_extractor_yyx': 'gru', 'activation_func_yyx': 'GELU', 'L2_weight_yyx': 0.0005997953422265589, 'L_entropy_weight_yyx': 9.47915316629469e-07, 'L_sep_weight_yyx': 2.3729678968312924e-05, 'L_scale_weight_yyx': 5.994013990527945e-08, 'learning_rate_yyx': 0.0076126420632286985}. Best is trial 3 with value: -0.8320290186556615.
[I 2026-03-18 18:54:35,446] Trial 4 pruned. 
[I 2026-03-18 18:54:36,550] Trial 11 pruned. 
[I 2026-03-18 18:54:44,283] Trial 2 finished with value: -1.7858329634232954 and parameters: {'n_layers_yyx': 1, 'hidden_size_yyx_l0': 6, 'context_size_yyx': 1, 'num_mix_components_yyx': 4, 'context_extractor_yyx': 'gru', 'activation_func_yyx': 'GELU', 'L2_weight_yyx': 3.075898647564434e-08, 'L_entropy_weight_yyx': 5.388547604257424e-09, 'L_sep_weight_yyx': 5.2452711350608035e-05, 'L_scale_weight_yyx': 0.00014568037134375, 'learning_rate_yyx': 0.001994697714856468}. Best is trial 2 with value: -1.7858329634232954.
[I 2026-03-18 18:54:45,420] Trial 4 finished with value: -0.7510887946124619 and parameters: {'n_layers_yyx': 1, 'hidden_size_yyx_l0': 2, 'context_size_yyx': 2, 'num_mix_components_yyx': 5, 'context_extractor_yyx': 'gru', 'activation_func_yyx': 'Tanh', 'L2_weight_yyx': 5.044196888475559e-08, 'L_entropy_weight_yyx': 2.908226896056634e-07, 'L_sep_weight_yyx': 3.762318527179292e-06, 'L_scale_weight_yyx': 2.6004930746705304e-07, 'learning_rate_yyx': 0.0005681359728824342}. Best is trial 1 with value: -0.8235284532014517.
[I 2026-03-18 18:54:46,396] Trial 5 finished with value: -0.8122090687603859 and parameters: {'n_layers_yyx': 1, 'hidden_size_yyx_l0': 6, 'context_size_yyx': 4, 'num_mix_components_yyx': 3, 'context_extractor_yyx': 'gru', 'activation_func_yyx': 'Tanh', 'L2_weight_yyx': 0.0005950309380652647, 'L_entropy_weight_yyx': 2.336446091923177e-10, 'L_sep_weight_yyx': 0.0002846078356142717, 'L_scale_weight_yyx': 1.7071950655050846e-07, 'learning_rate_yyx': 0.005691327432873589}. Best is trial 2 with value: -0.8277896221842689.
[I 2026-03-18 18:54:48,688] Trial 5 pruned. 
[I 2026-03-18 18:54:49,113] Trial 2 finished with value: -2.280124353341111 and parameters: {'n_layers_yyx': 1, 'hidden_size_yyx_l0': 5, 'context_size_yyx': 3, 'num_mix_components_yyx': 4, 'context_extractor_yyx': 'lstm', 'activation_func_yyx': 'ReLU', 'L2_weight_yyx': 1.752812608629562e-05, 'L_entropy_weight_yyx': 4.125050485660084e-05, 'L_sep_weight_yyx': 1.0983300428110373e-06, 'L_scale_weight_yyx': 1.5048782264723754e-10, 'learning_rate_yyx': 0.000645317904663234}. Best is trial 1 with value: -2.2840327548863986.
[I 2026-03-18 18:54:51,069] Trial 4 pruned. 
[I 2026-03-18 18:54:51,753] Trial 3 finished with value: -2.2693473526430537 and parameters: {'n_layers_yyx': 2, 'hidden_size_yyx_l0': 6, 'hidden_size_yyx_l1': 6, 'context_size_yyx': 1, 'num_mix_components_yyx': 2, 'context_extractor_yyx': 'gru', 'activation_func_yyx': 'Tanh', 'L2_weight_yyx': 1.7076814726352479e-09, 'L_entropy_weight_yyx': 5.073889263644236e-10, 'L_sep_weight_yyx': 9.309091653027353e-10, 'L_scale_weight_yyx': 5.620283215248669e-07, 'learning_rate_yyx': 0.007333743300009575}. Best is trial 1 with value: -2.2866954714752907.
[I 2026-03-18 18:54:52,617] Trial 6 pruned. 
[I 2026-03-18 18:54:52,632] Trial 8 finished with value: -0.8257869568321871 and parameters: {'n_layers_yyx': 2, 'hidden_size_yyx_l0': 3, 'hidden_size_yyx_l1': 6, 'context_size_yyx': 3, 'num_mix_components_yyx': 2, 'context_extractor_yyx': 'gru', 'activation_func_yyx': 'Tanh', 'L2_weight_yyx': 2.2853823344818104e-06, 'L_entropy_weight_yyx': 2.2925815978013846e-06, 'L_sep_weight_yyx': 1.6413903772379226e-07, 'L_scale_weight_yyx': 8.336108513906298e-10, 'learning_rate_yyx': 0.000876817345166404}. Best is trial 8 with value: -0.8257869568321871.
[I 2026-03-18 18:54:52,691] Trial 4 finished with value: -1.784507205847538 and parameters: {'n_layers_yyx': 2, 'hidden_size_yyx_l0': 2, 'hidden_size_yyx_l1': 6, 'context_size_yyx': 1, 'num_mix_components_yyx': 2, 'context_extractor_yyx': 'lstm', 'activation_func_yyx': 'GELU', 'L2_weight_yyx': 0.00039914243618279914, 'L_entropy_weight_yyx': 3.938621064323191e-06, 'L_sep_weight_yyx': 7.641531978448734e-05, 'L_scale_weight_yyx': 4.049633913434989e-10, 'learning_rate_yyx': 0.003751072046529035}. Best is trial 4 with value: -1.784507205847538.
[I 2026-03-18 18:54:52,716] Trial 5 finished with value: -2.276108344648868 and parameters: {'n_layers_yyx': 2, 'hidden_size_yyx_l0': 2, 'hidden_size_yyx_l1': 2, 'context_size_yyx': 3, 'num_mix_components_yyx': 5, 'context_extractor_yyx': 'lstm', 'activation_func_yyx': 'ReLU', 'L2_weight_yyx': 5.376800192883444e-06, 'L_entropy_weight_yyx': 2.639580247667766e-05, 'L_sep_weight_yyx': 5.433588409289373e-06, 'L_scale_weight_yyx': 1.001531951999469e-06, 'learning_rate_yyx': 0.0034830842195429238}. Best is trial 5 with value: -2.276108344648868.
[I 2026-03-18 18:54:53,987] Trial 6 pruned. 
[I 2026-03-18 18:54:55,226] Trial 10 pruned. 
[I 2026-03-18 18:54:55,845] Trial 5 pruned. 
[I 2026-03-18 18:54:58,420] Trial 3 pruned. 
[I 2026-03-18 18:54:58,869] Trial 5 pruned. 
[I 2026-03-18 18:54:59,780] Trial 3 pruned. 
[I 2026-03-18 18:55:00,765] Trial 5 pruned. 
[I 2026-03-18 18:55:01,625] Trial 11 finished with value: -0.8127992029908488 and parameters: {'n_layers_yyx': 2, 'hidden_size_yyx_l0': 5, 'hidden_size_yyx_l1': 6, 'context_size_yyx': 4, 'num_mix_components_yyx': 1, 'context_extractor_yyx': 'gru', 'activation_func_yyx': 'GELU', 'L2_weight_yyx': 2.9103059101163212e-05, 'L_entropy_weight_yyx': 2.7730027998382976e-06, 'L_sep_weight_yyx': 1.786237516313257e-06, 'L_scale_weight_yyx': 2.2806319575146776e-05, 'learning_rate_yyx': 0.006416853642826166}. Best is trial 0 with value: -0.8279563193835395.
[I 2026-03-18 18:55:02,401] Trial 6 pruned. 
[I 2026-03-18 18:55:04,204] Trial 7 pruned. 
[I 2026-03-18 18:55:06,953] Trial 7 pruned. 
[I 2026-03-18 18:55:07,472] Trial 11 pruned. 
[I 2026-03-18 18:55:07,853] Trial 4 finished with value: -1.8640294358303218 and parameters: {'n_layers_yyx': 2, 'hidden_size_yyx_l0': 3, 'hidden_size_yyx_l1': 4, 'context_size_yyx': 2, 'num_mix_components_yyx': 2, 'context_extractor_yyx': 'gru', 'activation_func_yyx': 'Tanh', 'L2_weight_yyx': 7.286773224223711e-07, 'L_entropy_weight_yyx': 1.3442483334170554e-06, 'L_sep_weight_yyx': 1.4428113969391114e-06, 'L_scale_weight_yyx': 1.292335933403873e-09, 'learning_rate_yyx': 0.005626856930556301}. Best is trial 4 with value: -1.8640294358303218.
[I 2026-03-18 18:55:08,107] Trial 4 pruned. 
[I 2026-03-18 18:55:08,699] Trial 6 pruned. 
[I 2026-03-18 18:55:08,877] Trial 12 pruned. 
[I 2026-03-18 18:55:09,168] Trial 10 pruned. 
[I 2026-03-18 18:55:10,554] Trial 5 finished with value: -2.263271448515912 and parameters: {'n_layers_yyx': 2, 'hidden_size_yyx_l0': 6, 'hidden_size_yyx_l1': 4, 'context_size_yyx': 3, 'num_mix_components_yyx': 2, 'context_extractor_yyx': 'gru', 'activation_func_yyx': 'ReLU', 'L2_weight_yyx': 1.2548853804222729e-08, 'L_entropy_weight_yyx': 1.309905053546566e-10, 'L_sep_weight_yyx': 3.5307998657188927e-10, 'L_scale_weight_yyx': 1.3504696920416175e-09, 'learning_rate_yyx': 0.0018594381711412894}. Best is trial 1 with value: -2.2881647079635865.
[I 2026-03-18 18:55:12,259] Trial 7 pruned. 
[I 2026-03-18 18:55:12,792] Trial 5 finished with value: -0.820909981889598 and parameters: {'n_layers_yyx': 1, 'hidden_size_yyx_l0': 2, 'context_size_yyx': 4, 'num_mix_components_yyx': 5, 'context_extractor_yyx': 'gru', 'activation_func_yyx': 'Tanh', 'L2_weight_yyx': 1.6838076102438405e-09, 'L_entropy_weight_yyx': 1.284359272004507e-07, 'L_sep_weight_yyx': 7.192890055408558e-10, 'L_scale_weight_yyx': 1.759265849061295e-10, 'learning_rate_yyx': 0.008127050328814056}. Best is trial 2 with value: -0.8370103483890325.
[I 2026-03-18 18:55:13,724] Trial 8 pruned. 
[I 2026-03-18 18:55:13,873] Trial 12 pruned. 
[I 2026-03-18 18:55:16,176] Trial 6 pruned. 
[I 2026-03-18 18:55:16,652] Trial 13 pruned. 
[I 2026-03-18 18:55:20,264] Trial 9 pruned. 
[I 2026-03-18 18:55:20,632] Trial 13 pruned. 
[I 2026-03-18 18:55:20,942] Trial 6 pruned. 
[I 2026-03-18 18:55:21,130] Trial 9 pruned. 
[I 2026-03-18 18:55:21,515] Trial 5 pruned. 
[I 2026-03-18 18:55:23,448] Trial 14 pruned. 
[I 2026-03-18 18:55:24,310] Trial 5 pruned. 
[I 2026-03-18 18:55:25,604] Trial 6 pruned. 
[I 2026-03-18 18:55:27,175] Trial 10 pruned. 
[I 2026-03-18 18:55:28,009] Trial 14 pruned. 
[I 2026-03-18 18:55:28,343] Trial 6 pruned. 
[I 2026-03-18 18:55:30,166] Trial 15 pruned. 
[I 2026-03-18 18:55:34,132] Trial 3 finished with value: -2.2670862148017044 and parameters: {'n_layers_yyx': 2, 'hidden_size_yyx_l0': 5, 'hidden_size_yyx_l1': 4, 'context_size_yyx': 3, 'num_mix_components_yyx': 3, 'context_extractor_yyx': 'lstm', 'activation_func_yyx': 'ReLU', 'L2_weight_yyx': 5.751274413536946e-07, 'L_entropy_weight_yyx': 1.1662582140225298e-06, 'L_sep_weight_yyx': 6.36879167517802e-08, 'L_scale_weight_yyx': 2.3599526088762906e-09, 'learning_rate_yyx': 0.0015543455064584736}. Best is trial 2 with value: -2.272224617884258.
[I 2026-03-18 18:55:34,512] Trial 15 pruned. 
[I 2026-03-18 18:55:39,543] Trial 7 pruned. 
[I 2026-03-18 18:55:41,226] Trial 11 pruned. 
[I 2026-03-18 18:55:43,462] Trial 16 pruned. 
[I 2026-03-18 18:55:46,065] Trial 5 finished with value: -2.2612506635432053 and parameters: {'n_layers_yyx': 1, 'hidden_size_yyx_l0': 4, 'context_size_yyx': 2, 'num_mix_components_yyx': 3, 'context_extractor_yyx': 'gru', 'activation_func_yyx': 'GELU', 'L2_weight_yyx': 3.3210758840284507e-07, 'L_entropy_weight_yyx': 7.240882315075804e-06, 'L_sep_weight_yyx': 6.375848029380188e-08, 'L_scale_weight_yyx': 1.4074142356077395e-06, 'learning_rate_yyx': 0.0007464080065220184}. Best is trial 1 with value: -2.279694369835903.
[I 2026-03-18 18:55:47,116] Trial 16 pruned. 
[I 2026-03-18 18:55:49,456] Trial 4 pruned. 
[I 2026-03-18 18:55:50,865] Trial 10 pruned. 
[I 2026-03-18 18:55:54,310] Trial 17 pruned. 
[I 2026-03-18 18:55:54,980] Trial 4 pruned. 
[I 2026-03-18 18:55:56,035] Trial 2 finished with value: -1.776406202226865 and parameters: {'n_layers_yyx': 1, 'hidden_size_yyx_l0': 4, 'context_size_yyx': 3, 'num_mix_components_yyx': 4, 'context_extractor_yyx': 'gru', 'activation_func_yyx': 'Tanh', 'L2_weight_yyx': 6.971618437295122e-09, 'L_entropy_weight_yyx': 4.3019449184513904e-07, 'L_sep_weight_yyx': 4.930412493045188e-07, 'L_scale_weight_yyx': 4.557379041096696e-05, 'learning_rate_yyx': 0.0034081460037724423}. Best is trial 2 with value: -1.776406202226865.
[I 2026-03-18 18:55:57,119] Trial 4 pruned. 
[I 2026-03-18 18:55:57,837] Trial 11 pruned. 
[I 2026-03-18 18:56:01,753] Trial 18 pruned. 
[I 2026-03-18 18:56:05,042] Trial 5 pruned. 
[I 2026-03-18 18:56:05,278] Trial 5 pruned. 
[I 2026-03-18 18:56:06,109] Trial 12 pruned. 
[I 2026-03-18 18:56:09,544] Trial 5 pruned. 
[I 2026-03-18 18:56:10,191] Trial 19 pruned. 
[I 2026-03-18 18:56:11,849] Trial 6 pruned. 
[I 2026-03-18 18:56:14,511] Trial 4 finished with value: -1.7391358172922862 and parameters: {'n_layers_yyx': 1, 'hidden_size_yyx_l0': 6, 'context_size_yyx': 4, 'num_mix_components_yyx': 1, 'context_extractor_yyx': 'gru', 'activation_func_yyx': 'ReLU', 'L2_weight_yyx': 1.866477124836045e-08, 'L_entropy_weight_yyx': 0.00026332301671118456, 'L_sep_weight_yyx': 1.057222649410788e-09, 'L_scale_weight_yyx': 1.895476010245058e-07, 'learning_rate_yyx': 0.002717496562507918}. Best is trial 1 with value: -1.7684712210476057.
[I 2026-03-18 18:56:14,902] Trial 8 finished with value: -0.8009145671895195 and parameters: {'n_layers_yyx': 2, 'hidden_size_yyx_l0': 6, 'hidden_size_yyx_l1': 4, 'context_size_yyx': 4, 'num_mix_components_yyx': 1, 'context_extractor_yyx': 'lstm', 'activation_func_yyx': 'Tanh', 'L2_weight_yyx': 4.209221071332944e-08, 'L_entropy_weight_yyx': 2.8286828513671247e-05, 'L_sep_weight_yyx': 0.0001569490278083734, 'L_scale_weight_yyx': 1.5607461756006456e-10, 'learning_rate_yyx': 0.008854684580293856}. Best is trial 2 with value: -0.8277896221842689.
[I 2026-03-18 18:56:15,462] Trial 6 pruned. 
[I 2026-03-18 18:56:16,342] Trial 17 pruned. 
[I 2026-03-18 18:56:16,744] Trial 20 pruned. 
[I 2026-03-18 18:56:19,029] Trial 7 pruned. 
[I 2026-03-18 18:56:19,750] Trial 13 pruned. 
[I 2026-03-18 18:56:24,314] Trial 21 pruned. 
[I 2026-03-18 18:56:24,846] Trial 7 pruned. 
[I 2026-03-18 18:56:28,362] Trial 9 pruned. 
[I 2026-03-18 18:56:31,503] Trial 22 pruned. 
[I 2026-03-18 18:56:33,870] Trial 14 pruned. 
[I 2026-03-18 18:56:34,617] Trial 4 finished with value: -0.7895222470890648 and parameters: {'n_layers_yyx': 1, 'hidden_size_yyx_l0': 3, 'context_size_yyx': 3, 'num_mix_components_yyx': 1, 'context_extractor_yyx': 'gru', 'activation_func_yyx': 'Tanh', 'L2_weight_yyx': 1.0952446231364829e-08, 'L_entropy_weight_yyx': 1.473208680963426e-10, 'L_sep_weight_yyx': 4.005591723383195e-09, 'L_scale_weight_yyx': 7.197051228775913e-05, 'learning_rate_yyx': 0.001447315372669701}. Best is trial 1 with value: -0.8100041624714388.
[I 2026-03-18 18:56:36,225] Trial 3 finished with value: -2.2699321951591234 and parameters: {'n_layers_yyx': 1, 'hidden_size_yyx_l0': 3, 'context_size_yyx': 3, 'num_mix_components_yyx': 3, 'context_extractor_yyx': 'lstm', 'activation_func_yyx': 'Tanh', 'L2_weight_yyx': 5.578117011716429e-08, 'L_entropy_weight_yyx': 1.3797051222078877e-05, 'L_sep_weight_yyx': 2.353791917549735e-10, 'L_scale_weight_yyx': 3.3536141428077686e-07, 'learning_rate_yyx': 0.0013272998644033524}. Best is trial 3 with value: -2.2699321951591234.
[I 2026-03-18 18:56:37,068] Trial 11 finished with value: -0.8210734109582718 and parameters: {'n_layers_yyx': 2, 'hidden_size_yyx_l0': 5, 'hidden_size_yyx_l1': 6, 'context_size_yyx': 1, 'num_mix_components_yyx': 1, 'context_extractor_yyx': 'gru', 'activation_func_yyx': 'ReLU', 'L2_weight_yyx': 0.0007741807440744018, 'L_entropy_weight_yyx': 1.441247459026502e-07, 'L_sep_weight_yyx': 3.640237475143361e-08, 'L_scale_weight_yyx': 1.5685773045534775e-06, 'learning_rate_yyx': 0.008929772902465188}. Best is trial 2 with value: -0.8228697107672868.
[I 2026-03-18 18:56:38,389] Trial 23 pruned. 
[I 2026-03-18 18:56:42,232] Trial 10 pruned. 
[I 2026-03-18 18:56:44,815] Trial 24 pruned. 
[I 2026-03-18 18:56:46,618] Trial 15 pruned. 
[I 2026-03-18 18:56:48,916] Trial 12 pruned. 
[I 2026-03-18 18:56:51,453] Trial 8 pruned. 
[I 2026-03-18 18:56:52,095] Trial 6 pruned. 
[I 2026-03-18 18:56:53,200] Trial 12 finished with value: -0.8237387855788981 and parameters: {'n_layers_yyx': 1, 'hidden_size_yyx_l0': 5, 'context_size_yyx': 4, 'num_mix_components_yyx': 4, 'context_extractor_yyx': 'gru', 'activation_func_yyx': 'ReLU', 'L2_weight_yyx': 8.621606543405063e-07, 'L_entropy_weight_yyx': 1.4539761813796906e-08, 'L_sep_weight_yyx': 9.723693710375002e-09, 'L_scale_weight_yyx': 1.4117600542492275e-05, 'learning_rate_yyx': 0.004005498414222829}. Best is trial 0 with value: -0.8324342893885016.
[I 2026-03-18 18:56:53,214] Trial 16 pruned. 
[I 2026-03-18 18:56:54,058] Trial 11 pruned. 
[I 2026-03-18 18:56:55,954] Trial 5 finished with value: -1.7753098937432037 and parameters: {'n_layers_yyx': 1, 'hidden_size_yyx_l0': 3, 'context_size_yyx': 4, 'num_mix_components_yyx': 1, 'context_extractor_yyx': 'lstm', 'activation_func_yyx': 'GELU', 'L2_weight_yyx': 7.846189894854626e-08, 'L_entropy_weight_yyx': 1.0535334511598544e-07, 'L_sep_weight_yyx': 4.346300337379453e-05, 'L_scale_weight_yyx': 0.0002611827803925818, 'learning_rate_yyx': 0.0005295138457608722}. Best is trial 4 with value: -1.7775746924677662.
[I 2026-03-18 18:56:58,020] Trial 9 pruned. 
[I 2026-03-18 18:56:58,174] Trial 8 finished with value: -0.7732811030468173 and parameters: {'n_layers_yyx': 2, 'hidden_size_yyx_l0': 5, 'hidden_size_yyx_l1': 4, 'context_size_yyx': 2, 'num_mix_components_yyx': 5, 'context_extractor_yyx': 'gru', 'activation_func_yyx': 'GELU', 'L2_weight_yyx': 1.3503882709668039e-05, 'L_entropy_weight_yyx': 5.467032823640907e-10, 'L_sep_weight_yyx': 2.1309463671132284e-05, 'L_scale_weight_yyx': 8.74271785423122e-06, 'learning_rate_yyx': 0.001612289837581078}. Best is trial 2 with value: -0.8370103483890325.
[I 2026-03-18 18:56:58,900] Trial 4 finished with value: -2.262020175518283 and parameters: {'n_layers_yyx': 2, 'hidden_size_yyx_l0': 6, 'hidden_size_yyx_l1': 4, 'context_size_yyx': 3, 'num_mix_components_yyx': 1, 'context_extractor_yyx': 'lstm', 'activation_func_yyx': 'ReLU', 'L2_weight_yyx': 5.0381185428571006e-08, 'L_entropy_weight_yyx': 2.3582565100062416e-05, 'L_sep_weight_yyx': 6.78948411786979e-06, 'L_scale_weight_yyx': 1.5032816755067993e-08, 'learning_rate_yyx': 0.0014508627747892324}. Best is trial 1 with value: -2.2866954714752907.
[I 2026-03-18 18:57:00,011] Trial 3 finished with value: -2.278758564192965 and parameters: {'n_layers_yyx': 1, 'hidden_size_yyx_l0': 4, 'context_size_yyx': 4, 'num_mix_components_yyx': 4, 'context_extractor_yyx': 'gru', 'activation_func_yyx': 'Tanh', 'L2_weight_yyx': 1.3332217297649142e-07, 'L_entropy_weight_yyx': 8.777633182404025e-07, 'L_sep_weight_yyx': 6.548566267137483e-05, 'L_scale_weight_yyx': 3.2310274636430474e-06, 'learning_rate_yyx': 0.0015031475338799023}. Best is trial 3 with value: -2.278758564192965.
[I 2026-03-18 18:57:00,571] Trial 17 pruned. 
[I 2026-03-18 18:57:01,439] Trial 7 pruned. 
[I 2026-03-18 18:57:01,759] Trial 6 pruned. 
[I 2026-03-18 18:57:02,047] Trial 12 pruned. 
[I 2026-03-18 18:57:05,976] Trial 5 pruned. 
[I 2026-03-18 18:57:07,655] Trial 13 pruned. 
[I 2026-03-18 18:57:09,533] Trial 5 pruned. 
[I 2026-03-18 18:57:09,931] Trial 13 pruned. 
[I 2026-03-18 18:57:12,222] Trial 7 pruned. 
[I 2026-03-18 18:57:12,588] Trial 9 pruned. 
[I 2026-03-18 18:57:13,242] Trial 6 pruned. 
[I 2026-03-18 18:57:14,330] Trial 12 finished with value: -0.9172403773089042 and parameters: {'n_layers_yyx': 2, 'hidden_size_yyx_l0': 3, 'hidden_size_yyx_l1': 3, 'context_size_yyx': 2, 'num_mix_components_yyx': 2, 'context_extractor_yyx': 'gru', 'activation_func_yyx': 'Tanh', 'L2_weight_yyx': 2.6928663908603136e-05, 'L_entropy_weight_yyx': 1.9055829424784903e-08, 'L_sep_weight_yyx': 3.7273939074572844e-06, 'L_scale_weight_yyx': 2.687335203285027e-05, 'learning_rate_yyx': 0.006824429718545349}. Best is trial 12 with value: -0.9172403773089042.
[I 2026-03-18 18:57:14,704] Trial 18 pruned. 
[I 2026-03-18 18:57:15,101] Trial 5 finished with value: -0.8179649229063769 and parameters: {'n_layers_yyx': 2, 'hidden_size_yyx_l0': 6, 'hidden_size_yyx_l1': 2, 'context_size_yyx': 3, 'num_mix_components_yyx': 4, 'context_extractor_yyx': 'gru', 'activation_func_yyx': 'GELU', 'L2_weight_yyx': 2.3170005860215763e-06, 'L_entropy_weight_yyx': 9.271655278300144e-09, 'L_sep_weight_yyx': 1.3314769174043657e-09, 'L_scale_weight_yyx': 4.825568549467206e-08, 'learning_rate_yyx': 0.0007690631337986187}. Best is trial 1 with value: -0.8235284532014517.
[I 2026-03-18 18:57:16,821] Trial 14 pruned. 
[I 2026-03-18 18:57:18,599] Trial 8 pruned. 
[I 2026-03-18 18:57:19,247] Trial 18 finished with value: -0.8052474321959818 and parameters: {'n_layers_yyx': 2, 'hidden_size_yyx_l0': 2, 'hidden_size_yyx_l1': 5, 'context_size_yyx': 3, 'num_mix_components_yyx': 1, 'context_extractor_yyx': 'lstm', 'activation_func_yyx': 'ReLU', 'L2_weight_yyx': 2.041017804813415e-06, 'L_entropy_weight_yyx': 1.4339987328165247e-05, 'L_sep_weight_yyx': 1.4059545864348042e-05, 'L_scale_weight_yyx': 0.00043218105356882246, 'learning_rate_yyx': 0.0069299245524933805}. Best is trial 0 with value: -0.8279563193835395.
[I 2026-03-18 18:57:20,407] Trial 7 pruned. 
[I 2026-03-18 18:57:20,944] Trial 14 pruned. 
[I 2026-03-18 18:57:21,718] Trial 13 pruned. 
[I 2026-03-18 18:57:22,111] Trial 19 pruned. 
[I 2026-03-18 18:57:22,985] Trial 13 pruned. 
[I 2026-03-18 18:57:23,379] Trial 4 finished with value: -2.202605611171065 and parameters: {'n_layers_yyx': 2, 'hidden_size_yyx_l0': 6, 'hidden_size_yyx_l1': 3, 'context_size_yyx': 3, 'num_mix_components_yyx': 5, 'context_extractor_yyx': 'gru', 'activation_func_yyx': 'GELU', 'L2_weight_yyx': 1.8331332012916456e-06, 'L_entropy_weight_yyx': 1.621564585705416e-05, 'L_sep_weight_yyx': 1.118208792847739e-06, 'L_scale_weight_yyx': 0.0001866801684957443, 'learning_rate_yyx': 0.0015967843390628322}. Best is trial 2 with value: -2.2083321590322043.
[I 2026-03-18 18:57:27,341] Trial 9 pruned. 
[I 2026-03-18 18:57:27,367] Trial 19 pruned. 
[I 2026-03-18 18:57:28,653] Trial 14 pruned. 
[I 2026-03-18 18:57:28,958] Trial 20 pruned. 
[I 2026-03-18 18:57:29,765] Trial 15 pruned. 
[I 2026-03-18 18:57:30,055] Trial 7 finished with value: -2.271563683349908 and parameters: {'n_layers_yyx': 2, 'hidden_size_yyx_l0': 2, 'hidden_size_yyx_l1': 3, 'context_size_yyx': 3, 'num_mix_components_yyx': 5, 'context_extractor_yyx': 'gru', 'activation_func_yyx': 'ReLU', 'L2_weight_yyx': 1.1115038340399129e-07, 'L_entropy_weight_yyx': 5.665247258011629e-06, 'L_sep_weight_yyx': 2.7344040243957375e-07, 'L_scale_weight_yyx': 8.681277482969082e-08, 'learning_rate_yyx': 0.005746118084225198}. Best is trial 1 with value: -2.2881647079635865.
[I 2026-03-18 18:57:33,323] Trial 5 pruned. 
[I 2026-03-18 18:57:34,194] Trial 8 pruned. 
[I 2026-03-18 18:57:34,291] Trial 20 pruned. 
[I 2026-03-18 18:57:34,537] Trial 10 pruned. 
[I 2026-03-18 18:57:35,794] Trial 4 finished with value: -2.2771544140146878 and parameters: {'n_layers_yyx': 2, 'hidden_size_yyx_l0': 5, 'hidden_size_yyx_l1': 4, 'context_size_yyx': 2, 'num_mix_components_yyx': 5, 'context_extractor_yyx': 'lstm', 'activation_func_yyx': 'GELU', 'L2_weight_yyx': 0.00041596646444220706, 'L_entropy_weight_yyx': 4.9271100385034765e-08, 'L_sep_weight_yyx': 0.00019557504089851344, 'L_scale_weight_yyx': 3.860047199448658e-07, 'learning_rate_yyx': 0.0024842175937161647}. Best is trial 2 with value: -2.279533784042228.
[I 2026-03-18 18:57:37,449] Trial 7 finished with value: -0.8269715527487999 and parameters: {'n_layers_yyx': 1, 'hidden_size_yyx_l0': 5, 'context_size_yyx': 2, 'num_mix_components_yyx': 3, 'context_extractor_yyx': 'gru', 'activation_func_yyx': 'ReLU', 'L2_weight_yyx': 3.283852062580489e-07, 'L_entropy_weight_yyx': 0.00033288572828360714, 'L_sep_weight_yyx': 1.097100731688461e-06, 'L_scale_weight_yyx': 6.626331882811002e-08, 'learning_rate_yyx': 0.0021861616937563664}. Best is trial 1 with value: -0.8348051941729366.
[I 2026-03-18 18:57:37,750] Trial 6 finished with value: -1.778199401238952 and parameters: {'n_layers_yyx': 1, 'hidden_size_yyx_l0': 3, 'context_size_yyx': 3, 'num_mix_components_yyx': 2, 'context_extractor_yyx': 'lstm', 'activation_func_yyx': 'Tanh', 'L2_weight_yyx': 1.0678787901604286e-06, 'L_entropy_weight_yyx': 0.00031134881825728997, 'L_sep_weight_yyx': 0.00014173023754201664, 'L_scale_weight_yyx': 0.00012583002595347784, 'learning_rate_yyx': 0.004162439139396148}. Best is trial 4 with value: -1.784507205847538.
[I 2026-03-18 18:57:40,067] Trial 8 pruned. 
[I 2026-03-18 18:57:41,613] Trial 21 pruned. 
[I 2026-03-18 18:57:43,341] Trial 11 pruned. 
[I 2026-03-18 18:57:46,153] Trial 6 pruned. 
[I 2026-03-18 18:57:47,146] Trial 9 pruned. 
[I 2026-03-18 18:57:52,250] Trial 12 pruned. 
[I 2026-03-18 18:57:54,848] Trial 4 pruned. 
[I 2026-03-18 18:57:55,092] Trial 22 pruned. 
[I 2026-03-18 18:57:55,249] Trial 14 pruned. 
[I 2026-03-18 18:57:58,467] Trial 7 finished with value: -1.784522914693813 and parameters: {'n_layers_yyx': 1, 'hidden_size_yyx_l0': 5, 'context_size_yyx': 1, 'num_mix_components_yyx': 5, 'context_extractor_yyx': 'gru', 'activation_func_yyx': 'ReLU', 'L2_weight_yyx': 0.0002820942458463928, 'L_entropy_weight_yyx': 6.986120991443234e-10, 'L_sep_weight_yyx': 9.013719618990248e-06, 'L_scale_weight_yyx': 1.0622698540079017e-09, 'learning_rate_yyx': 0.005666837187729917}. Best is trial 3 with value: -1.785882901278409.
[I 2026-03-18 18:57:58,946] Trial 15 pruned. 
[I 2026-03-18 18:58:00,404] Trial 13 pruned. 
[I 2026-03-18 18:58:03,396] Trial 5 finished with value: -1.864091702761834 and parameters: {'n_layers_yyx': 1, 'hidden_size_yyx_l0': 4, 'context_size_yyx': 3, 'num_mix_components_yyx': 4, 'context_extractor_yyx': 'lstm', 'activation_func_yyx': 'GELU', 'L2_weight_yyx': 7.872522687541945e-05, 'L_entropy_weight_yyx': 1.8861521314818964e-07, 'L_sep_weight_yyx': 8.707297693976537e-05, 'L_scale_weight_yyx': 5.502040192993101e-07, 'learning_rate_yyx': 0.0020226364568637903}. Best is trial 5 with value: -1.864091702761834.
[I 2026-03-18 18:58:04,478] Trial 25 finished with value: -0.8268245995661004 and parameters: {'n_layers_yyx': 1, 'hidden_size_yyx_l0': 6, 'context_size_yyx': 3, 'num_mix_components_yyx': 3, 'context_extractor_yyx': 'lstm', 'activation_func_yyx': 'Tanh', 'L2_weight_yyx': 0.0001281993632598512, 'L_entropy_weight_yyx': 1.1683258308716178e-10, 'L_sep_weight_yyx': 6.329392006537948e-08, 'L_scale_weight_yyx': 1.473815750984069e-06, 'learning_rate_yyx': 0.002453949063599228}. Best is trial 1 with value: -0.8328681168211087.
[I 2026-03-18 18:58:08,658] Trial 15 pruned. 
[I 2026-03-18 18:58:08,766] Trial 23 pruned. 
[I 2026-03-18 18:58:12,009] Trial 16 pruned. 
[I 2026-03-18 18:58:12,371] Trial 6 finished with value: -2.268126138873415 and parameters: {'n_layers_yyx': 2, 'hidden_size_yyx_l0': 3, 'hidden_size_yyx_l1': 3, 'context_size_yyx': 4, 'num_mix_components_yyx': 5, 'context_extractor_yyx': 'gru', 'activation_func_yyx': 'Tanh', 'L2_weight_yyx': 1.141743673868603e-09, 'L_entropy_weight_yyx': 1.7362209076654753e-05, 'L_sep_weight_yyx': 1.5231948497643394e-08, 'L_scale_weight_yyx': 1.2482445591682445e-05, 'learning_rate_yyx': 0.0020370533044855445}. Best is trial 6 with value: -2.268126138873415.
[I 2026-03-18 18:58:12,397] Trial 7 finished with value: -2.2649003774766676 and parameters: {'n_layers_yyx': 2, 'hidden_size_yyx_l0': 2, 'hidden_size_yyx_l1': 3, 'context_size_yyx': 2, 'num_mix_components_yyx': 1, 'context_extractor_yyx': 'lstm', 'activation_func_yyx': 'Tanh', 'L2_weight_yyx': 7.458239995610904e-06, 'L_entropy_weight_yyx': 4.707716513290697e-10, 'L_sep_weight_yyx': 3.724178791999015e-07, 'L_scale_weight_yyx': 5.602000929116051e-06, 'learning_rate_yyx': 0.0056072333824408955}. Best is trial 0 with value: -2.277465192778458.
[I 2026-03-18 18:58:15,075] Trial 16 pruned. 
[I 2026-03-18 18:58:15,131] Trial 4 finished with value: -2.2479146574410955 and parameters: {'n_layers_yyx': 1, 'hidden_size_yyx_l0': 6, 'context_size_yyx': 1, 'num_mix_components_yyx': 1, 'context_extractor_yyx': 'lstm', 'activation_func_yyx': 'GELU', 'L2_weight_yyx': 6.60998692624301e-10, 'L_entropy_weight_yyx': 1.499497374428582e-09, 'L_sep_weight_yyx': 1.8096250563512234e-09, 'L_scale_weight_yyx': 0.00017538614322560995, 'learning_rate_yyx': 0.004843237452819019}. Best is trial 3 with value: -2.2699321951591234.
[I 2026-03-18 18:58:15,943] Trial 24 pruned. 
[I 2026-03-18 18:58:17,411] Trial 14 pruned. 
[I 2026-03-18 18:58:18,461] Trial 26 pruned. 
[I 2026-03-18 18:58:18,557] Trial 8 finished with value: -2.2482330150203422 and parameters: {'n_layers_yyx': 2, 'hidden_size_yyx_l0': 4, 'hidden_size_yyx_l1': 4, 'context_size_yyx': 1, 'num_mix_components_yyx': 3, 'context_extractor_yyx': 'gru', 'activation_func_yyx': 'ReLU', 'L2_weight_yyx': 0.00028223636293530946, 'L_entropy_weight_yyx': 1.750085384759852e-10, 'L_sep_weight_yyx': 2.5370052559549283e-10, 'L_scale_weight_yyx': 9.179324271236056e-08, 'learning_rate_yyx': 0.00389432017479979}. Best is trial 2 with value: -2.272224617884258.
[I 2026-03-18 18:58:23,072] Trial 10 finished with value: -0.8345733146723827 and parameters: {'n_layers_yyx': 1, 'hidden_size_yyx_l0': 2, 'context_size_yyx': 2, 'num_mix_components_yyx': 5, 'context_extractor_yyx': 'gru', 'activation_func_yyx': 'Tanh', 'L2_weight_yyx': 0.0009915994871886734, 'L_entropy_weight_yyx': 4.637202955718426e-08, 'L_sep_weight_yyx': 1.136331064644418e-06, 'L_scale_weight_yyx': 1.5738860617600071e-09, 'learning_rate_yyx': 0.009588204224365812}. Best is trial 10 with value: -0.8345733146723827.
[I 2026-03-18 18:58:30,547] Trial 15 finished with value: -0.8083212780635501 and parameters: {'n_layers_yyx': 1, 'hidden_size_yyx_l0': 6, 'context_size_yyx': 4, 'num_mix_components_yyx': 5, 'context_extractor_yyx': 'gru', 'activation_func_yyx': 'Tanh', 'L2_weight_yyx': 4.938768588022207e-07, 'L_entropy_weight_yyx': 3.557333155082184e-08, 'L_sep_weight_yyx': 2.352051205406265e-09, 'L_scale_weight_yyx': 1.3145320637427427e-06, 'learning_rate_yyx': 0.0022583968972388437}. Best is trial 0 with value: -0.8324342893885016.
[I 2026-03-18 18:58:31,424] Trial 6 finished with value: -1.7590132033222854 and parameters: {'n_layers_yyx': 2, 'hidden_size_yyx_l0': 2, 'hidden_size_yyx_l1': 2, 'context_size_yyx': 2, 'num_mix_components_yyx': 1, 'context_extractor_yyx': 'gru', 'activation_func_yyx': 'GELU', 'L2_weight_yyx': 0.000701305935839197, 'L_entropy_weight_yyx': 4.681116261275729e-07, 'L_sep_weight_yyx': 2.4342627608437136e-09, 'L_scale_weight_yyx': 1.5690373703119425e-10, 'learning_rate_yyx': 0.006564974707941361}. Best is trial 2 with value: -1.7858329634232954.
[I 2026-03-18 18:58:31,898] Trial 10 finished with value: -0.8144059061475836 and parameters: {'n_layers_yyx': 2, 'hidden_size_yyx_l0': 3, 'hidden_size_yyx_l1': 6, 'context_size_yyx': 1, 'num_mix_components_yyx': 1, 'context_extractor_yyx': 'lstm', 'activation_func_yyx': 'Tanh', 'L2_weight_yyx': 5.225775894912404e-08, 'L_entropy_weight_yyx': 5.487043162184477e-09, 'L_sep_weight_yyx': 0.0008111252265827266, 'L_scale_weight_yyx': 9.878967816898312e-09, 'learning_rate_yyx': 0.006661857971591618}. Best is trial 2 with value: -0.8370103483890325.
[I 2026-03-18 18:58:33,075] Trial 8 pruned. 
[I 2026-03-18 18:58:35,422] Trial 5 pruned. 
[I 2026-03-18 18:58:35,861] Trial 21 finished with value: -0.8210714726187454 and parameters: {'n_layers_yyx': 2, 'hidden_size_yyx_l0': 3, 'hidden_size_yyx_l1': 6, 'context_size_yyx': 3, 'num_mix_components_yyx': 3, 'context_extractor_yyx': 'gru', 'activation_func_yyx': 'Tanh', 'L2_weight_yyx': 1.3040361831017494e-08, 'L_entropy_weight_yyx': 8.133640428371353e-09, 'L_sep_weight_yyx': 1.060948031012448e-08, 'L_scale_weight_yyx': 2.9117164709332986e-08, 'learning_rate_yyx': 0.003697688856483455}. Best is trial 8 with value: -0.8257869568321871.
[I 2026-03-18 18:58:37,641] Trial 16 pruned. 
[I 2026-03-18 18:58:40,683] Trial 7 pruned. 
[I 2026-03-18 18:58:42,407] Trial 8 pruned. 
[I 2026-03-18 18:58:44,927] Trial 6 pruned. 
[I 2026-03-18 18:58:44,988] Trial 17 pruned. 
[I 2026-03-18 18:58:45,467] Trial 17 pruned. 
[I 2026-03-18 18:58:46,291] Trial 6 pruned. 
[I 2026-03-18 18:58:49,746] Trial 27 pruned. 
[I 2026-03-18 18:58:51,506] Trial 8 finished with value: -2.2772691929792686 and parameters: {'n_layers_yyx': 2, 'hidden_size_yyx_l0': 5, 'hidden_size_yyx_l1': 5, 'context_size_yyx': 1, 'num_mix_components_yyx': 3, 'context_extractor_yyx': 'lstm', 'activation_func_yyx': 'ReLU', 'L2_weight_yyx': 1.970049978844536e-09, 'L_entropy_weight_yyx': 2.0469446195048677e-09, 'L_sep_weight_yyx': 1.5189499397615634e-07, 'L_scale_weight_yyx': 7.52159142152115e-08, 'learning_rate_yyx': 0.007804185592139026}. Best is trial 1 with value: -2.2840327548863986.
[I 2026-03-18 18:58:52,582] Trial 8 finished with value: -2.2722153625114747 and parameters: {'n_layers_yyx': 1, 'hidden_size_yyx_l0': 2, 'context_size_yyx': 4, 'num_mix_components_yyx': 5, 'context_extractor_yyx': 'lstm', 'activation_func_yyx': 'Tanh', 'L2_weight_yyx': 1.9729688971043982e-06, 'L_entropy_weight_yyx': 9.632234136061822e-08, 'L_sep_weight_yyx': 0.0009954121163161973, 'L_scale_weight_yyx': 4.9804564066033785e-06, 'learning_rate_yyx': 0.0015518536756717457}. Best is trial 5 with value: -2.276108344648868.
[I 2026-03-18 18:58:52,594] Trial 18 pruned. 
[I 2026-03-18 18:58:52,646] Trial 9 pruned. 
[I 2026-03-18 18:58:53,873] Trial 5 finished with value: -1.7641685179161968 and parameters: {'n_layers_yyx': 1, 'hidden_size_yyx_l0': 5, 'context_size_yyx': 4, 'num_mix_components_yyx': 3, 'context_extractor_yyx': 'gru', 'activation_func_yyx': 'GELU', 'L2_weight_yyx': 5.871446209180751e-05, 'L_entropy_weight_yyx': 0.00021229371577164403, 'L_sep_weight_yyx': 5.433637478966851e-09, 'L_scale_weight_yyx': 2.3427755394979428e-09, 'learning_rate_yyx': 0.002164139797700148}. Best is trial 1 with value: -1.7684712210476057.
[I 2026-03-18 18:58:54,880] Trial 7 pruned. 
[I 2026-03-18 18:58:57,838] Trial 6 pruned. 
[I 2026-03-18 18:58:59,981] Trial 15 pruned. 
[I 2026-03-18 18:59:00,170] Trial 17 finished with value: -0.8072157258297175 and parameters: {'n_layers_yyx': 1, 'hidden_size_yyx_l0': 5, 'context_size_yyx': 1, 'num_mix_components_yyx': 4, 'context_extractor_yyx': 'gru', 'activation_func_yyx': 'ReLU', 'L2_weight_yyx': 2.748251887749834e-06, 'L_entropy_weight_yyx': 1.2823460825995128e-10, 'L_sep_weight_yyx': 2.1724489715036813e-07, 'L_scale_weight_yyx': 6.809161969808945e-06, 'learning_rate_yyx': 0.009446908161482252}. Best is trial 2 with value: -0.8228697107672868.
[I 2026-03-18 18:59:00,857] Trial 8 finished with value: -0.823189559327975 and parameters: {'n_layers_yyx': 2, 'hidden_size_yyx_l0': 3, 'hidden_size_yyx_l1': 6, 'context_size_yyx': 2, 'num_mix_components_yyx': 5, 'context_extractor_yyx': 'lstm', 'activation_func_yyx': 'Tanh', 'L2_weight_yyx': 1.2355980552732019e-07, 'L_entropy_weight_yyx': 9.027902386131392e-07, 'L_sep_weight_yyx': 0.0001178360011146492, 'L_scale_weight_yyx': 1.509547484355926e-07, 'learning_rate_yyx': 0.0020067059238609744}. Best is trial 1 with value: -0.8348051941729366.
[I 2026-03-18 18:59:02,613] Trial 11 pruned. 
[I 2026-03-18 18:59:02,960] Trial 9 pruned. 
[I 2026-03-18 18:59:03,657] Trial 16 finished with value: -0.7989643271599773 and parameters: {'n_layers_yyx': 1, 'hidden_size_yyx_l0': 5, 'context_size_yyx': 2, 'num_mix_components_yyx': 5, 'context_extractor_yyx': 'gru', 'activation_func_yyx': 'Tanh', 'L2_weight_yyx': 5.889797677801633e-06, 'L_entropy_weight_yyx': 2.534038388267818e-09, 'L_sep_weight_yyx': 2.2569700901190758e-08, 'L_scale_weight_yyx': 9.639467891631254e-10, 'learning_rate_yyx': 0.0010761370075128179}. Best is trial 2 with value: -0.8277896221842689.
[I 2026-03-18 18:59:07,305] Trial 9 pruned. 
[I 2026-03-18 18:59:09,393] Trial 22 pruned. 
[I 2026-03-18 18:59:11,902] Trial 9 pruned. 
[I 2026-03-18 18:59:13,349] Trial 18 pruned. 
[I 2026-03-18 18:59:18,197] Trial 17 pruned. 
[I 2026-03-18 18:59:18,279] Trial 10 finished with value: -0.8371109842725836 and parameters: {'n_layers_yyx': 1, 'hidden_size_yyx_l0': 2, 'context_size_yyx': 4, 'num_mix_components_yyx': 3, 'context_extractor_yyx': 'gru', 'activation_func_yyx': 'ReLU', 'L2_weight_yyx': 1.3245161546460228e-06, 'L_entropy_weight_yyx': 7.745151884054319e-07, 'L_sep_weight_yyx': 5.239103994253271e-05, 'L_scale_weight_yyx': 4.5710242462874025e-10, 'learning_rate_yyx': 0.006959472219234622}. Best is trial 10 with value: -0.8371109842725836.
[I 2026-03-18 18:59:22,131] Trial 28 pruned. 
[I 2026-03-18 18:59:24,437] Trial 8 pruned. 
[I 2026-03-18 18:59:25,877] Trial 19 pruned. 
[I 2026-03-18 18:59:32,801] Trial 10 pruned. 
[I 2026-03-18 18:59:32,952] Trial 6 finished with value: -2.2793509923404986 and parameters: {'n_layers_yyx': 2, 'hidden_size_yyx_l0': 5, 'hidden_size_yyx_l1': 3, 'context_size_yyx': 2, 'num_mix_components_yyx': 2, 'context_extractor_yyx': 'lstm', 'activation_func_yyx': 'ReLU', 'L2_weight_yyx': 0.0004216287458835646, 'L_entropy_weight_yyx': 3.77271482145356e-05, 'L_sep_weight_yyx': 0.0004505224218676929, 'L_scale_weight_yyx': 5.265888478470861e-09, 'learning_rate_yyx': 0.007632079823497923}. Best is trial 1 with value: -2.2866954714752907.
[I 2026-03-18 18:59:34,179] Trial 29 pruned. 
[I 2026-03-18 18:59:36,049] Trial 3 finished with value: -1.7692011177321136 and parameters: {'n_layers_yyx': 2, 'hidden_size_yyx_l0': 6, 'hidden_size_yyx_l1': 5, 'context_size_yyx': 2, 'num_mix_components_yyx': 2, 'context_extractor_yyx': 'lstm', 'activation_func_yyx': 'Tanh', 'L2_weight_yyx': 3.42314629585301e-05, 'L_entropy_weight_yyx': 5.668334941437297e-09, 'L_sep_weight_yyx': 9.704566619752732e-07, 'L_scale_weight_yyx': 2.211207089339454e-08, 'learning_rate_yyx': 0.0005640528752903159}. Best is trial 2 with value: -1.776406202226865.
[I 2026-03-18 18:59:40,022] Trial 20 pruned. 
[I 2026-03-18 18:59:42,501] Trial 6 finished with value: -2.2559780043841933 and parameters: {'n_layers_yyx': 2, 'hidden_size_yyx_l0': 3, 'hidden_size_yyx_l1': 5, 'context_size_yyx': 2, 'num_mix_components_yyx': 2, 'context_extractor_yyx': 'gru', 'activation_func_yyx': 'ReLU', 'L2_weight_yyx': 1.240948798012073e-10, 'L_entropy_weight_yyx': 1.9388957686117527e-05, 'L_sep_weight_yyx': 1.1842966219684686e-10, 'L_scale_weight_yyx': 1.0075088332725142e-10, 'learning_rate_yyx': 0.000704341015367801}. Best is trial 1 with value: -2.279694369835903.
[I 2026-03-18 18:59:43,827] Trial 7 pruned. 
[I 2026-03-18 18:59:44,773] Trial 7 pruned. 
[I 2026-03-18 18:59:47,724] Trial 11 finished with value: -0.8342068783465657 and parameters: {'n_layers_yyx': 1, 'hidden_size_yyx_l0': 2, 'context_size_yyx': 2, 'num_mix_components_yyx': 5, 'context_extractor_yyx': 'gru', 'activation_func_yyx': 'Tanh', 'L2_weight_yyx': 0.0009125513928101696, 'L_entropy_weight_yyx': 3.468929170074672e-08, 'L_sep_weight_yyx': 1.424944824104057e-06, 'L_scale_weight_yyx': 1.61961281660585e-09, 'learning_rate_yyx': 0.009047964815539761}. Best is trial 10 with value: -0.8345733146723827.
[I 2026-03-18 18:59:49,177] Trial 25 finished with value: -0.8114715080317577 and parameters: {'n_layers_yyx': 2, 'hidden_size_yyx_l0': 3, 'hidden_size_yyx_l1': 5, 'context_size_yyx': 3, 'num_mix_components_yyx': 1, 'context_extractor_yyx': 'lstm', 'activation_func_yyx': 'ReLU', 'L2_weight_yyx': 3.953251324046497e-06, 'L_entropy_weight_yyx': 9.059135994958368e-05, 'L_sep_weight_yyx': 9.468777898018453e-07, 'L_scale_weight_yyx': 0.00040200866063023794, 'learning_rate_yyx': 0.0044200695879601645}. Best is trial 0 with value: -0.8279563193835395.
[I 2026-03-18 18:59:52,094] Trial 8 pruned. 
[I 2026-03-18 18:59:53,551] Trial 21 pruned. 
[I 2026-03-18 18:59:55,376] Trial 26 pruned. 
[I 2026-03-18 19:00:00,397] Trial 9 pruned. 
[I 2026-03-18 19:00:00,631] Trial 18 finished with value: -0.9029266952217251 and parameters: {'n_layers_yyx': 1, 'hidden_size_yyx_l0': 6, 'context_size_yyx': 3, 'num_mix_components_yyx': 2, 'context_extractor_yyx': 'gru', 'activation_func_yyx': 'Tanh', 'L2_weight_yyx': 1.9052489642988093e-07, 'L_entropy_weight_yyx': 3.2999669822585907e-10, 'L_sep_weight_yyx': 2.782644449122594e-05, 'L_scale_weight_yyx': 5.277283435456679e-05, 'learning_rate_yyx': 0.006276091273518521}. Best is trial 12 with value: -0.9172403773089042.
[I 2026-03-18 19:00:05,384] Trial 30 pruned. 
[I 2026-03-18 19:00:07,500] Trial 22 pruned. 
[I 2026-03-18 19:00:07,554] Trial 19 finished with value: -0.820722255960349 and parameters: {'n_layers_yyx': 1, 'hidden_size_yyx_l0': 6, 'context_size_yyx': 3, 'num_mix_components_yyx': 5, 'context_extractor_yyx': 'lstm', 'activation_func_yyx': 'GELU', 'L2_weight_yyx': 1.453612480678705e-07, 'L_entropy_weight_yyx': 1.1465722866563436e-10, 'L_sep_weight_yyx': 1.3876110361452058e-09, 'L_scale_weight_yyx': 1.0209827751677581e-10, 'learning_rate_yyx': 0.005467304954707198}. Best is trial 0 with value: -0.8324342893885016.
[I 2026-03-18 19:00:07,771] Trial 19 pruned. 
[I 2026-03-18 19:00:08,371] Trial 27 pruned. 
[I 2026-03-18 19:00:08,825] Trial 23 finished with value: -0.8189144613471658 and parameters: {'n_layers_yyx': 2, 'hidden_size_yyx_l0': 2, 'hidden_size_yyx_l1': 5, 'context_size_yyx': 3, 'num_mix_components_yyx': 3, 'context_extractor_yyx': 'gru', 'activation_func_yyx': 'Tanh', 'L2_weight_yyx': 2.2986348194834876e-08, 'L_entropy_weight_yyx': 1.6805923365751972e-09, 'L_sep_weight_yyx': 2.2366719438410923e-08, 'L_scale_weight_yyx': 5.53731550112831e-10, 'learning_rate_yyx': 0.005332230561815534}. Best is trial 8 with value: -0.8257869568321871.
[I 2026-03-18 19:00:09,170] Trial 12 finished with value: -0.8288468286240999 and parameters: {'n_layers_yyx': 1, 'hidden_size_yyx_l0': 3, 'context_size_yyx': 4, 'num_mix_components_yyx': 4, 'context_extractor_yyx': 'gru', 'activation_func_yyx': 'Tanh', 'L2_weight_yyx': 1.8707076970985914e-08, 'L_entropy_weight_yyx': 2.7690695970683e-06, 'L_sep_weight_yyx': 8.044140960192045e-07, 'L_scale_weight_yyx': 1.7615823138451665e-10, 'learning_rate_yyx': 0.009459125371687515}. Best is trial 2 with value: -0.8370103483890325.
[I 2026-03-18 19:00:09,944] Trial 7 finished with value: -2.2577418873964348 and parameters: {'n_layers_yyx': 2, 'hidden_size_yyx_l0': 2, 'hidden_size_yyx_l1': 6, 'context_size_yyx': 1, 'num_mix_components_yyx': 2, 'context_extractor_yyx': 'lstm', 'activation_func_yyx': 'ReLU', 'L2_weight_yyx': 0.00016023816655044351, 'L_entropy_weight_yyx': 1.1898972866484143e-08, 'L_sep_weight_yyx': 4.955810869275219e-05, 'L_scale_weight_yyx': 1.5506801790860505e-08, 'learning_rate_yyx': 0.007666472950877712}. Best is trial 6 with value: -2.268126138873415.
[I 2026-03-18 19:00:10,407] Trial 10 pruned. 
[I 2026-03-18 19:00:14,314] Trial 20 pruned. 
[I 2026-03-18 19:00:16,243] Trial 28 pruned. 
[I 2026-03-18 19:00:18,327] Trial 7 finished with value: -1.754708190301452 and parameters: {'n_layers_yyx': 2, 'hidden_size_yyx_l0': 5, 'hidden_size_yyx_l1': 4, 'context_size_yyx': 3, 'num_mix_components_yyx': 2, 'context_extractor_yyx': 'lstm', 'activation_func_yyx': 'GELU', 'L2_weight_yyx': 2.6150374580170003e-09, 'L_entropy_weight_yyx': 5.0431896916399054e-08, 'L_sep_weight_yyx': 3.819676817984512e-09, 'L_scale_weight_yyx': 3.74403990685221e-05, 'learning_rate_yyx': 0.0007648754082255335}. Best is trial 4 with value: -1.784507205847538.
[I 2026-03-18 19:00:19,461] Trial 6 finished with value: -2.175471593632889 and parameters: {'n_layers_yyx': 2, 'hidden_size_yyx_l0': 5, 'hidden_size_yyx_l1': 4, 'context_size_yyx': 2, 'num_mix_components_yyx': 2, 'context_extractor_yyx': 'gru', 'activation_func_yyx': 'ReLU', 'L2_weight_yyx': 6.921075635694292e-06, 'L_entropy_weight_yyx': 7.349504956276484e-06, 'L_sep_weight_yyx': 1.8333009761780232e-09, 'L_scale_weight_yyx': 2.5861969634645557e-05, 'learning_rate_yyx': 0.0014190877201943162}. Best is trial 2 with value: -2.2083321590322043.
[I 2026-03-18 19:00:20,084] Trial 4 pruned. 
[I 2026-03-18 19:00:20,492] Trial 9 finished with value: -2.2668390094285495 and parameters: {'n_layers_yyx': 1, 'hidden_size_yyx_l0': 5, 'context_size_yyx': 3, 'num_mix_components_yyx': 2, 'context_extractor_yyx': 'lstm', 'activation_func_yyx': 'ReLU', 'L2_weight_yyx': 9.05183857638693e-05, 'L_entropy_weight_yyx': 8.425776607026733e-07, 'L_sep_weight_yyx': 1.3245637041780413e-07, 'L_scale_weight_yyx': 2.9292354209754674e-05, 'learning_rate_yyx': 0.001079731965177617}. Best is trial 1 with value: -2.2881647079635865.
[I 2026-03-18 19:00:20,827] Trial 23 pruned. 
[I 2026-03-18 19:00:21,078] Trial 20 pruned. 
[I 2026-03-18 19:00:21,243] Trial 21 pruned. 
[I 2026-03-18 19:00:22,569] Trial 13 pruned. 
[I 2026-03-18 19:00:23,284] Trial 24 pruned. 
[I 2026-03-18 19:00:23,601] Trial 18 finished with value: -0.8278672008429884 and parameters: {'n_layers_yyx': 1, 'hidden_size_yyx_l0': 5, 'context_size_yyx': 4, 'num_mix_components_yyx': 2, 'context_extractor_yyx': 'lstm', 'activation_func_yyx': 'GELU', 'L2_weight_yyx': 1.121713639058799e-06, 'L_entropy_weight_yyx': 1.183644646532176e-10, 'L_sep_weight_yyx': 0.0003330752835577704, 'L_scale_weight_yyx': 2.8139496803238284e-07, 'learning_rate_yyx': 0.005745477393233529}. Best is trial 18 with value: -0.8278672008429884.
[I 2026-03-18 19:00:24,311] Trial 11 pruned. 
[I 2026-03-18 19:00:26,223] Trial 5 pruned. 
[I 2026-03-18 19:00:27,195] Trial 7 finished with value: -0.8129149398916405 and parameters: {'n_layers_yyx': 1, 'hidden_size_yyx_l0': 2, 'context_size_yyx': 1, 'num_mix_components_yyx': 1, 'context_extractor_yyx': 'lstm', 'activation_func_yyx': 'Tanh', 'L2_weight_yyx': 1.6914093325386028e-06, 'L_entropy_weight_yyx': 1.463745813198114e-07, 'L_sep_weight_yyx': 1.319394103938411e-06, 'L_scale_weight_yyx': 0.0004612278237943668, 'learning_rate_yyx': 0.0053775120877554185}. Best is trial 1 with value: -0.8235284532014517.
[I 2026-03-18 19:00:27,565] Trial 11 pruned. 
[I 2026-03-18 19:00:28,533] Trial 6 finished with value: -1.7618846064028533 and parameters: {'n_layers_yyx': 2, 'hidden_size_yyx_l0': 6, 'hidden_size_yyx_l1': 4, 'context_size_yyx': 2, 'num_mix_components_yyx': 1, 'context_extractor_yyx': 'lstm', 'activation_func_yyx': 'ReLU', 'L2_weight_yyx': 3.4903081583021326e-10, 'L_entropy_weight_yyx': 7.934648705164932e-10, 'L_sep_weight_yyx': 6.450873962355332e-09, 'L_scale_weight_yyx': 2.2789206641954607e-08, 'learning_rate_yyx': 0.006322680034733146}. Best is trial 1 with value: -1.7684712210476057.
[I 2026-03-18 19:00:28,950] Trial 14 pruned. 
[I 2026-03-18 19:00:29,092] Trial 22 pruned. 
[I 2026-03-18 19:00:29,970] Trial 19 pruned. 
[I 2026-03-18 19:00:34,277] Trial 21 pruned. 
[I 2026-03-18 19:00:34,654] Trial 12 pruned. 
[I 2026-03-18 19:00:36,826] Trial 15 pruned. 
[I 2026-03-18 19:00:37,229] Trial 10 finished with value: -0.8355233715063007 and parameters: {'n_layers_yyx': 1, 'hidden_size_yyx_l0': 3, 'context_size_yyx': 1, 'num_mix_components_yyx': 5, 'context_extractor_yyx': 'gru', 'activation_func_yyx': 'Tanh', 'L2_weight_yyx': 1.6291484925668757e-10, 'L_entropy_weight_yyx': 1.0525135955490686e-10, 'L_sep_weight_yyx': 1.0290547847534382e-05, 'L_scale_weight_yyx': 5.016240810169921e-10, 'learning_rate_yyx': 0.007906383536820537}. Best is trial 10 with value: -0.8355233715063007.
[I 2026-03-18 19:00:37,803] Trial 7 pruned. 
[I 2026-03-18 19:00:41,701] Trial 10 finished with value: -2.2853422092545133 and parameters: {'n_layers_yyx': 2, 'hidden_size_yyx_l0': 5, 'hidden_size_yyx_l1': 6, 'context_size_yyx': 4, 'num_mix_components_yyx': 3, 'context_extractor_yyx': 'lstm', 'activation_func_yyx': 'ReLU', 'L2_weight_yyx': 5.8385615143302626e-08, 'L_entropy_weight_yyx': 0.0008284068662817377, 'L_sep_weight_yyx': 1.5010102254659578e-08, 'L_scale_weight_yyx': 2.525100436880836e-10, 'learning_rate_yyx': 0.009037774443227401}. Best is trial 10 with value: -2.2853422092545133.
[I 2026-03-18 19:00:41,982] Trial 10 pruned. 
[I 2026-03-18 19:00:43,017] Trial 11 finished with value: -0.8311195767964711 and parameters: {'n_layers_yyx': 1, 'hidden_size_yyx_l0': 2, 'context_size_yyx': 4, 'num_mix_components_yyx': 3, 'context_extractor_yyx': 'gru', 'activation_func_yyx': 'ReLU', 'L2_weight_yyx': 1.5251745859507706e-06, 'L_entropy_weight_yyx': 8.881862006405272e-07, 'L_sep_weight_yyx': 3.0049045219777877e-05, 'L_scale_weight_yyx': 1.5332636231355138e-10, 'learning_rate_yyx': 0.009050017858441797}. Best is trial 10 with value: -0.8371109842725836.
[I 2026-03-18 19:00:43,984] Trial 16 pruned. 
[I 2026-03-18 19:00:44,334] Trial 13 pruned. 
[I 2026-03-18 19:00:45,181] Trial 12 pruned. 
[I 2026-03-18 19:00:46,178] Trial 6 pruned. 
[I 2026-03-18 19:00:46,272] Trial 8 pruned. 
[I 2026-03-18 19:00:49,746] Trial 29 pruned. 
[I 2026-03-18 19:00:54,344] Trial 14 pruned. 
[I 2026-03-18 19:00:54,730] Trial 9 pruned. 
[I 2026-03-18 19:00:56,513] Trial 30 pruned. 
[I 2026-03-18 19:01:02,503] Trial 31 finished with value: -0.8241069573947563 and parameters: {'n_layers_yyx': 1, 'hidden_size_yyx_l0': 6, 'context_size_yyx': 3, 'num_mix_components_yyx': 4, 'context_extractor_yyx': 'lstm', 'activation_func_yyx': 'GELU', 'L2_weight_yyx': 0.0004020868865294066, 'L_entropy_weight_yyx': 2.3825067263769132e-05, 'L_sep_weight_yyx': 6.101753720333032e-08, 'L_scale_weight_yyx': 9.532731788033854e-09, 'learning_rate_yyx': 0.00711879709834193}. Best is trial 1 with value: -0.8328681168211087.
[I 2026-03-18 19:01:02,729] Trial 20 pruned. 
[I 2026-03-18 19:01:02,967] Trial 11 pruned. 
[I 2026-03-18 19:01:03,660] Trial 13 pruned. 
[I 2026-03-18 19:01:03,873] Trial 31 pruned. 
[I 2026-03-18 19:01:05,847] Trial 5 pruned. 
[I 2026-03-18 19:01:06,865] Trial 7 pruned. 
[I 2026-03-18 19:01:11,168] Trial 5 finished with value: -2.2873410844744493 and parameters: {'n_layers_yyx': 1, 'hidden_size_yyx_l0': 6, 'context_size_yyx': 4, 'num_mix_components_yyx': 4, 'context_extractor_yyx': 'gru', 'activation_func_yyx': 'ReLU', 'L2_weight_yyx': 2.367948137800441e-06, 'L_entropy_weight_yyx': 0.00016242121515788957, 'L_sep_weight_yyx': 1.6792476651774033e-07, 'L_scale_weight_yyx': 4.175125503329197e-05, 'learning_rate_yyx': 0.0008466226026974092}. Best is trial 5 with value: -2.2873410844744493.
[I 2026-03-18 19:01:11,525] Trial 12 finished with value: -0.8341015318471889 and parameters: {'n_layers_yyx': 1, 'hidden_size_yyx_l0': 2, 'context_size_yyx': 2, 'num_mix_components_yyx': 5, 'context_extractor_yyx': 'gru', 'activation_func_yyx': 'Tanh', 'L2_weight_yyx': 4.423421353649007e-05, 'L_entropy_weight_yyx': 2.2681679858413498e-08, 'L_sep_weight_yyx': 7.034016287409044e-07, 'L_scale_weight_yyx': 3.3571899898410356e-10, 'learning_rate_yyx': 0.00944086037301349}. Best is trial 10 with value: -0.8345733146723827.
[I 2026-03-18 19:01:11,960] Trial 14 pruned. 
[I 2026-03-18 19:01:15,624] Trial 21 pruned. 
[I 2026-03-18 19:01:16,908] Trial 17 pruned. 
[I 2026-03-18 19:01:21,156] Trial 6 pruned. 
[I 2026-03-18 19:01:22,016] Trial 22 pruned. 
[I 2026-03-18 19:01:22,028] Trial 7 finished with value: -1.856194777715774 and parameters: {'n_layers_yyx': 2, 'hidden_size_yyx_l0': 6, 'hidden_size_yyx_l1': 6, 'context_size_yyx': 2, 'num_mix_components_yyx': 2, 'context_extractor_yyx': 'lstm', 'activation_func_yyx': 'ReLU', 'L2_weight_yyx': 7.337051702412811e-08, 'L_entropy_weight_yyx': 1.5819490290708987e-07, 'L_sep_weight_yyx': 2.1463550738176463e-09, 'L_scale_weight_yyx': 3.2318258367533177e-10, 'learning_rate_yyx': 0.0030625386209728813}. Best is trial 5 with value: -1.864091702761834.
[I 2026-03-18 19:01:22,682] Trial 10 finished with value: -2.2831751549112607 and parameters: {'n_layers_yyx': 1, 'hidden_size_yyx_l0': 5, 'context_size_yyx': 3, 'num_mix_components_yyx': 5, 'context_extractor_yyx': 'gru', 'activation_func_yyx': 'ReLU', 'L2_weight_yyx': 1.9385665762540972e-10, 'L_entropy_weight_yyx': 1.2195638735633577e-08, 'L_sep_weight_yyx': 6.836794579557095e-09, 'L_scale_weight_yyx': 8.714622410794514e-09, 'learning_rate_yyx': 0.009192441873537958}. Best is trial 10 with value: -2.2831751549112607.
[I 2026-03-18 19:01:24,466] Trial 6 pruned. 
[I 2026-03-18 19:01:26,744] Trial 22 finished with value: -0.9148309298719781 and parameters: {'n_layers_yyx': 1, 'hidden_size_yyx_l0': 6, 'context_size_yyx': 4, 'num_mix_components_yyx': 2, 'context_extractor_yyx': 'gru', 'activation_func_yyx': 'Tanh', 'L2_weight_yyx': 1.2551829777169478e-05, 'L_entropy_weight_yyx': 1.3822337256720066e-10, 'L_sep_weight_yyx': 1.2141220743072951e-05, 'L_scale_weight_yyx': 6.26255446347015e-05, 'learning_rate_yyx': 0.005428006600117333}. Best is trial 12 with value: -0.9172403773089042.
[I 2026-03-18 19:01:26,833] Trial 8 pruned. 
[I 2026-03-18 19:01:28,568] Trial 23 pruned. 
[I 2026-03-18 19:01:29,250] Trial 18 pruned. 
[I 2026-03-18 19:01:29,732] Trial 9 finished with value: -2.2632771643047636 and parameters: {'n_layers_yyx': 1, 'hidden_size_yyx_l0': 2, 'context_size_yyx': 4, 'num_mix_components_yyx': 2, 'context_extractor_yyx': 'lstm', 'activation_func_yyx': 'Tanh', 'L2_weight_yyx': 0.00034228740752599763, 'L_entropy_weight_yyx': 2.2388464025389192e-06, 'L_sep_weight_yyx': 0.0004681271522315475, 'L_scale_weight_yyx': 1.2337234547085571e-06, 'learning_rate_yyx': 0.006543581689039845}. Best is trial 2 with value: -2.272224617884258.
[I 2026-03-18 19:01:31,337] Trial 8 finished with value: -2.266658138328234 and parameters: {'n_layers_yyx': 2, 'hidden_size_yyx_l0': 5, 'hidden_size_yyx_l1': 6, 'context_size_yyx': 2, 'num_mix_components_yyx': 2, 'context_extractor_yyx': 'gru', 'activation_func_yyx': 'Tanh', 'L2_weight_yyx': 6.5124659154911445e-06, 'L_entropy_weight_yyx': 5.467189238077672e-09, 'L_sep_weight_yyx': 0.000505589382746686, 'L_scale_weight_yyx': 5.059676233066399e-05, 'learning_rate_yyx': 0.004548066530371764}. Best is trial 3 with value: -2.2699321951591234.
[I 2026-03-18 19:01:31,431] Trial 23 finished with value: -0.8294262118318408 and parameters: {'n_layers_yyx': 1, 'hidden_size_yyx_l0': 6, 'context_size_yyx': 4, 'num_mix_components_yyx': 5, 'context_extractor_yyx': 'gru', 'activation_func_yyx': 'ReLU', 'L2_weight_yyx': 1.520608088638795e-08, 'L_entropy_weight_yyx': 7.78200825223628e-09, 'L_sep_weight_yyx': 1.3937849859528628e-10, 'L_scale_weight_yyx': 1.074209750891927e-05, 'learning_rate_yyx': 0.0039012268209539084}. Best is trial 0 with value: -0.8324342893885016.
[I 2026-03-18 19:01:31,433] Trial 24 finished with value: -0.8079588987274395 and parameters: {'n_layers_yyx': 2, 'hidden_size_yyx_l0': 4, 'hidden_size_yyx_l1': 6, 'context_size_yyx': 2, 'num_mix_components_yyx': 1, 'context_extractor_yyx': 'gru', 'activation_func_yyx': 'ReLU', 'L2_weight_yyx': 8.570838572525673e-06, 'L_entropy_weight_yyx': 3.7249724634995756e-10, 'L_sep_weight_yyx': 9.038048939389821e-08, 'L_scale_weight_yyx': 9.152263606996029e-06, 'learning_rate_yyx': 0.00515756781540595}. Best is trial 2 with value: -0.8228697107672868.
[I 2026-03-18 19:01:36,686] Trial 19 pruned. 
[I 2026-03-18 19:01:38,617] Trial 10 pruned. 
[I 2026-03-18 19:01:39,501] Trial 10 pruned. 
[I 2026-03-18 19:01:39,549] Trial 23 pruned. 
[I 2026-03-18 19:01:39,959] Trial 9 pruned. 
[I 2026-03-18 19:01:44,578] Trial 25 pruned. 
[I 2026-03-18 19:01:45,518] Trial 15 pruned. 
[I 2026-03-18 19:01:50,930] Trial 10 pruned. 
[I 2026-03-18 19:01:51,928] Trial 26 pruned. 
[I 2026-03-18 19:01:52,201] Trial 25 pruned. 
[I 2026-03-18 19:01:57,620] Trial 8 pruned. 
[I 2026-03-18 19:01:58,087] Trial 8 finished with value: -2.2804669271630202 and parameters: {'n_layers_yyx': 1, 'hidden_size_yyx_l0': 6, 'context_size_yyx': 4, 'num_mix_components_yyx': 4, 'context_extractor_yyx': 'gru', 'activation_func_yyx': 'ReLU', 'L2_weight_yyx': 1.0747889053997885e-07, 'L_entropy_weight_yyx': 1.0079269987724622e-07, 'L_sep_weight_yyx': 7.3708150893901915e-06, 'L_scale_weight_yyx': 1.376679974015173e-10, 'learning_rate_yyx': 0.005188168843216265}. Best is trial 1 with value: -2.2866954714752907.
[I 2026-03-18 19:01:59,138] Trial 11 finished with value: -0.8306387108221012 and parameters: {'n_layers_yyx': 1, 'hidden_size_yyx_l0': 3, 'context_size_yyx': 1, 'num_mix_components_yyx': 5, 'context_extractor_yyx': 'gru', 'activation_func_yyx': 'Tanh', 'L2_weight_yyx': 1.1418511172967445e-10, 'L_entropy_weight_yyx': 2.5452601404956455e-08, 'L_sep_weight_yyx': 8.258133574598124e-06, 'L_scale_weight_yyx': 4.686769850145972e-10, 'learning_rate_yyx': 0.009850032665254495}. Best is trial 10 with value: -0.8355233715063007.
[I 2026-03-18 19:01:59,195] Trial 26 pruned. 
[I 2026-03-18 19:01:59,898] Trial 27 pruned. 
[I 2026-03-18 19:02:00,815] Trial 24 pruned. 
[I 2026-03-18 19:02:05,984] Trial 12 finished with value: -0.8313634018778273 and parameters: {'n_layers_yyx': 1, 'hidden_size_yyx_l0': 2, 'context_size_yyx': 4, 'num_mix_components_yyx': 3, 'context_extractor_yyx': 'gru', 'activation_func_yyx': 'ReLU', 'L2_weight_yyx': 9.85311328872759e-07, 'L_entropy_weight_yyx': 1.1505422878414506e-06, 'L_sep_weight_yyx': 0.0009883421881948997, 'L_scale_weight_yyx': 2.417247326183648e-10, 'learning_rate_yyx': 0.009078557968076863}. Best is trial 10 with value: -0.8371109842725836.
[I 2026-03-18 19:02:06,234] Trial 32 finished with value: -0.815329277004766 and parameters: {'n_layers_yyx': 1, 'hidden_size_yyx_l0': 6, 'context_size_yyx': 3, 'num_mix_components_yyx': 4, 'context_extractor_yyx': 'lstm', 'activation_func_yyx': 'Tanh', 'L2_weight_yyx': 0.00025380781268828406, 'L_entropy_weight_yyx': 0.00022629813389887538, 'L_sep_weight_yyx': 4.6334242619918315e-08, 'L_scale_weight_yyx': 9.239191811106987e-09, 'learning_rate_yyx': 0.006247705351351101}. Best is trial 1 with value: -0.8328681168211087.
[I 2026-03-18 19:02:06,868] Trial 16 pruned. 
[I 2026-03-18 19:02:08,285] Trial 20 pruned. 
[I 2026-03-18 19:02:08,597] Trial 25 pruned. 
[I 2026-03-18 19:02:11,785] Trial 24 pruned. 
[I 2026-03-18 19:02:11,829] Trial 12 pruned. 
[I 2026-03-18 19:02:12,440] Trial 27 pruned. 
[I 2026-03-18 19:02:12,797] Trial 11 pruned. 
[I 2026-03-18 19:02:14,746] Trial 26 pruned. 
[I 2026-03-18 19:02:15,162] Trial 8 finished with value: -1.7259690656565656 and parameters: {'n_layers_yyx': 1, 'hidden_size_yyx_l0': 6, 'context_size_yyx': 1, 'num_mix_components_yyx': 3, 'context_extractor_yyx': 'lstm', 'activation_func_yyx': 'GELU', 'L2_weight_yyx': 3.213261396911326e-05, 'L_entropy_weight_yyx': 0.00013347783363997626, 'L_sep_weight_yyx': 5.26292099747043e-07, 'L_scale_weight_yyx': 1.475092386650305e-09, 'learning_rate_yyx': 0.005781856494735248}. Best is trial 4 with value: -1.784507205847538.
[I 2026-03-18 19:02:16,944] Trial 17 pruned. 
[I 2026-03-18 19:02:18,487] Trial 28 pruned. 
[I 2026-03-18 19:02:20,177] Trial 16 finished with value: -1.7772173710235877 and parameters: {'n_layers_yyx': 1, 'hidden_size_yyx_l0': 5, 'context_size_yyx': 3, 'num_mix_components_yyx': 1, 'context_extractor_yyx': 'lstm', 'activation_func_yyx': 'GELU', 'L2_weight_yyx': 0.0001443951069774178, 'L_entropy_weight_yyx': 2.712087537579709e-08, 'L_sep_weight_yyx': 2.8911223694977835e-07, 'L_scale_weight_yyx': 1.381463212369679e-05, 'learning_rate_yyx': 0.002044496345910244}. Best is trial 4 with value: -1.7807932306351817.
[I 2026-03-18 19:02:21,773] Trial 7 finished with value: -2.275863068964257 and parameters: {'n_layers_yyx': 2, 'hidden_size_yyx_l0': 5, 'hidden_size_yyx_l1': 2, 'context_size_yyx': 4, 'num_mix_components_yyx': 4, 'context_extractor_yyx': 'lstm', 'activation_func_yyx': 'ReLU', 'L2_weight_yyx': 6.210364851411138e-08, 'L_entropy_weight_yyx': 1.475578069240369e-08, 'L_sep_weight_yyx': 3.02219647185022e-05, 'L_scale_weight_yyx': 2.076624346155715e-06, 'learning_rate_yyx': 0.00348515972214748}. Best is trial 1 with value: -2.279694369835903.
[I 2026-03-18 19:02:22,248] Trial 11 finished with value: -2.2851079298787487 and parameters: {'n_layers_yyx': 2, 'hidden_size_yyx_l0': 5, 'hidden_size_yyx_l1': 6, 'context_size_yyx': 4, 'num_mix_components_yyx': 3, 'context_extractor_yyx': 'lstm', 'activation_func_yyx': 'ReLU', 'L2_weight_yyx': 3.28324868098538e-08, 'L_entropy_weight_yyx': 0.0009455854655239944, 'L_sep_weight_yyx': 1.95811707532607e-08, 'L_scale_weight_yyx': 5.179754080100607e-10, 'learning_rate_yyx': 0.009911384142484391}. Best is trial 10 with value: -2.2853422092545133.
[I 2026-03-18 19:02:23,386] Trial 9 pruned. 
[I 2026-03-18 19:02:24,025] Trial 24 finished with value: -0.8190630824034112 and parameters: {'n_layers_yyx': 1, 'hidden_size_yyx_l0': 6, 'context_size_yyx': 3, 'num_mix_components_yyx': 5, 'context_extractor_yyx': 'gru', 'activation_func_yyx': 'ReLU', 'L2_weight_yyx': 1.3288445451295383e-08, 'L_entropy_weight_yyx': 4.472333423466378e-09, 'L_sep_weight_yyx': 1.0625451052276195e-10, 'L_scale_weight_yyx': 6.357135530044744e-07, 'learning_rate_yyx': 0.006002912181100741}. Best is trial 0 with value: -0.8324342893885016.
[I 2026-03-18 19:02:24,249] Trial 11 pruned. 
[I 2026-03-18 19:02:25,845] Trial 9 finished with value: -1.7799091747553661 and parameters: {'n_layers_yyx': 2, 'hidden_size_yyx_l0': 3, 'hidden_size_yyx_l1': 2, 'context_size_yyx': 3, 'num_mix_components_yyx': 1, 'context_extractor_yyx': 'lstm', 'activation_func_yyx': 'ReLU', 'L2_weight_yyx': 0.0001946093217799039, 'L_entropy_weight_yyx': 2.5999073412861627e-10, 'L_sep_weight_yyx': 1.7601416557805873e-09, 'L_scale_weight_yyx': 3.1743824527888226e-06, 'learning_rate_yyx': 0.002223540080857024}. Best is trial 3 with value: -1.785882901278409.
[I 2026-03-18 19:02:26,807] Trial 32 finished with value: -0.8078252209166128 and parameters: {'n_layers_yyx': 2, 'hidden_size_yyx_l0': 3, 'hidden_size_yyx_l1': 6, 'context_size_yyx': 3, 'num_mix_components_yyx': 1, 'context_extractor_yyx': 'lstm', 'activation_func_yyx': 'ReLU', 'L2_weight_yyx': 3.98864782654497e-06, 'L_entropy_weight_yyx': 0.000199504222301926, 'L_sep_weight_yyx': 3.337106194320506e-05, 'L_scale_weight_yyx': 0.00026897661721612585, 'learning_rate_yyx': 0.006275433115100187}. Best is trial 0 with value: -0.8279563193835395.
[I 2026-03-18 19:02:27,692] Trial 27 pruned. 
[I 2026-03-18 19:02:29,260] Trial 8 finished with value: -2.2706079849369587 and parameters: {'n_layers_yyx': 2, 'hidden_size_yyx_l0': 4, 'hidden_size_yyx_l1': 3, 'context_size_yyx': 3, 'num_mix_components_yyx': 2, 'context_extractor_yyx': 'lstm', 'activation_func_yyx': 'ReLU', 'L2_weight_yyx': 0.0007521793956239402, 'L_entropy_weight_yyx': 1.1422413377440631e-06, 'L_sep_weight_yyx': 1.7778750850310021e-07, 'L_scale_weight_yyx': 4.3396940793395937e-10, 'learning_rate_yyx': 0.0068173605205648176}. Best is trial 8 with value: -2.2706079849369587.
[I 2026-03-18 19:02:30,158] Trial 9 pruned. 
[I 2026-03-18 19:02:30,865] Trial 8 pruned. 
[I 2026-03-18 19:02:31,323] Trial 25 pruned. 
[I 2026-03-18 19:02:31,455] Trial 28 pruned. 
[I 2026-03-18 19:02:31,858] Trial 11 pruned. 
[I 2026-03-18 19:02:32,769] Trial 12 pruned. 
[I 2026-03-18 19:02:32,936] Trial 29 pruned. 
[I 2026-03-18 19:02:33,128] Trial 33 pruned. 
[I 2026-03-18 19:02:36,495] Trial 33 pruned. 
[I 2026-03-18 19:02:39,360] Trial 13 pruned. 
[I 2026-03-18 19:02:39,455] Trial 21 pruned. 
[I 2026-03-18 19:02:39,896] Trial 28 pruned. 
[I 2026-03-18 19:02:41,082] Trial 12 pruned. 
[I 2026-03-18 19:02:41,548] Trial 13 pruned. 
[I 2026-03-18 19:02:43,655] Trial 26 pruned. 
[I 2026-03-18 19:02:43,955] Trial 12 pruned. 
[I 2026-03-18 19:02:46,433] Trial 30 pruned. 
[I 2026-03-18 19:02:46,507] Trial 29 pruned. 
[I 2026-03-18 19:02:48,297] Trial 14 pruned. 
[I 2026-03-18 19:02:48,744] Trial 7 finished with value: -2.2149018094999913 and parameters: {'n_layers_yyx': 1, 'hidden_size_yyx_l0': 2, 'context_size_yyx': 4, 'num_mix_components_yyx': 3, 'context_extractor_yyx': 'lstm', 'activation_func_yyx': 'Tanh', 'L2_weight_yyx': 1.4916039573471631e-06, 'L_entropy_weight_yyx': 9.449976611939637e-09, 'L_sep_weight_yyx': 0.0003243177780756358, 'L_scale_weight_yyx': 6.866917741664628e-05, 'learning_rate_yyx': 0.009926376293434456}. Best is trial 7 with value: -2.2149018094999913.
[I 2026-03-18 19:02:50,367] Trial 34 pruned. 
[I 2026-03-18 19:02:50,963] Trial 9 pruned. 
[I 2026-03-18 19:02:51,399] Trial 7 finished with value: -1.7738877369149384 and parameters: {'n_layers_yyx': 1, 'hidden_size_yyx_l0': 3, 'context_size_yyx': 4, 'num_mix_components_yyx': 5, 'context_extractor_yyx': 'lstm', 'activation_func_yyx': 'ReLU', 'L2_weight_yyx': 2.8596786038181098e-08, 'L_entropy_weight_yyx': 0.00030422706654161875, 'L_sep_weight_yyx': 1.2538724301953738e-06, 'L_scale_weight_yyx': 3.7701810792859696e-09, 'learning_rate_yyx': 0.0073357648825504865}. Best is trial 2 with value: -1.776406202226865.
[I 2026-03-18 19:02:51,836] Trial 15 finished with value: -1.7724861454746401 and parameters: {'n_layers_yyx': 2, 'hidden_size_yyx_l0': 4, 'hidden_size_yyx_l1': 6, 'context_size_yyx': 3, 'num_mix_components_yyx': 2, 'context_extractor_yyx': 'lstm', 'activation_func_yyx': 'GELU', 'L2_weight_yyx': 5.913403366918937e-10, 'L_entropy_weight_yyx': 9.07097155399443e-09, 'L_sep_weight_yyx': 0.000520736814716322, 'L_scale_weight_yyx': 0.000904949535769187, 'learning_rate_yyx': 0.006287026516333324}. Best is trial 4 with value: -1.7775746924677662.
[I 2026-03-18 19:02:52,534] Trial 14 pruned. 
[I 2026-03-18 19:02:53,219] Trial 22 pruned. 
[I 2026-03-18 19:02:53,465] Trial 30 pruned. 
[I 2026-03-18 19:02:58,910] Trial 23 pruned. 
[I 2026-03-18 19:03:00,539] Trial 16 pruned. 
[I 2026-03-18 19:03:02,357] Trial 29 pruned. 
[I 2026-03-18 19:03:02,712] Trial 17 pruned. 
[I 2026-03-18 19:03:03,863] Trial 35 pruned. 
[I 2026-03-18 19:03:04,957] Trial 15 pruned. 
[I 2026-03-18 19:03:05,361] Trial 34 pruned. 
[I 2026-03-18 19:03:07,642] Trial 8 pruned. 
[I 2026-03-18 19:03:07,723] Trial 10 pruned. 
[I 2026-03-18 19:03:10,119] Trial 30 pruned. 
[I 2026-03-18 19:03:10,247] Trial 13 finished with value: -0.8299201277897664 and parameters: {'n_layers_yyx': 1, 'hidden_size_yyx_l0': 3, 'context_size_yyx': 4, 'num_mix_components_yyx': 3, 'context_extractor_yyx': 'gru', 'activation_func_yyx': 'ReLU', 'L2_weight_yyx': 6.01786320219999e-08, 'L_entropy_weight_yyx': 3.3896511542834767e-07, 'L_sep_weight_yyx': 0.0006372920501573555, 'L_scale_weight_yyx': 1.6763251888118898e-10, 'learning_rate_yyx': 0.009682786574151506}. Best is trial 10 with value: -0.8371109842725836.
[I 2026-03-18 19:03:11,815] Trial 18 pruned. 
[I 2026-03-18 19:03:12,036] Trial 24 pruned. 
[I 2026-03-18 19:03:12,672] Trial 9 finished with value: -1.783613157946654 and parameters: {'n_layers_yyx': 1, 'hidden_size_yyx_l0': 3, 'context_size_yyx': 1, 'num_mix_components_yyx': 5, 'context_extractor_yyx': 'gru', 'activation_func_yyx': 'ReLU', 'L2_weight_yyx': 1.317197988627795e-05, 'L_entropy_weight_yyx': 2.0023038563618673e-10, 'L_sep_weight_yyx': 0.00022320278812257315, 'L_scale_weight_yyx': 1.566342916507506e-10, 'learning_rate_yyx': 0.0017888101395700012}. Best is trial 2 with value: -1.7858329634232954.
[I 2026-03-18 19:03:16,750] Trial 11 pruned. 
[I 2026-03-18 19:03:17,617] Trial 17 pruned. 
[I 2026-03-18 19:03:18,000] Trial 31 pruned. 
[I 2026-03-18 19:03:19,561] Trial 25 pruned. 
[I 2026-03-18 19:03:19,653] Trial 8 finished with value: -1.8628065321180556 and parameters: {'n_layers_yyx': 2, 'hidden_size_yyx_l0': 6, 'hidden_size_yyx_l1': 4, 'context_size_yyx': 4, 'num_mix_components_yyx': 1, 'context_extractor_yyx': 'lstm', 'activation_func_yyx': 'GELU', 'L2_weight_yyx': 5.928918710844736e-08, 'L_entropy_weight_yyx': 9.850746018706835e-09, 'L_sep_weight_yyx': 2.642770501946584e-10, 'L_scale_weight_yyx': 3.3075950091794037e-09, 'learning_rate_yyx': 0.007898747766635033}. Best is trial 5 with value: -1.864091702761834.
[I 2026-03-18 19:03:19,737] Trial 35 pruned. 
[I 2026-03-18 19:03:19,965] Trial 15 pruned. 
[I 2026-03-18 19:03:21,076] Trial 10 finished with value: -0.8188573254088003 and parameters: {'n_layers_yyx': 2, 'hidden_size_yyx_l0': 5, 'hidden_size_yyx_l1': 6, 'context_size_yyx': 4, 'num_mix_components_yyx': 2, 'context_extractor_yyx': 'lstm', 'activation_func_yyx': 'ReLU', 'L2_weight_yyx': 1.26013682459958e-10, 'L_entropy_weight_yyx': 2.3713680683162567e-10, 'L_sep_weight_yyx': 3.655388915148843e-08, 'L_scale_weight_yyx': 7.183697217904605e-06, 'learning_rate_yyx': 0.008704582833131778}. Best is trial 1 with value: -0.8235284532014517.
[I 2026-03-18 19:03:21,305] Trial 9 pruned. 
[I 2026-03-18 19:03:21,432] Trial 10 pruned. 
[I 2026-03-18 19:03:24,603] Trial 14 pruned. 
[I 2026-03-18 19:03:25,090] Trial 32 pruned. 
[I 2026-03-18 19:03:25,436] Trial 26 pruned. 
[I 2026-03-18 19:03:25,440] Trial 9 pruned. 
[I 2026-03-18 19:03:26,221] Trial 16 pruned. 
[I 2026-03-18 19:03:26,278] Trial 31 pruned. 
[I 2026-03-18 19:03:29,988] Trial 11 pruned. 
[I 2026-03-18 19:03:31,136] Trial 10 pruned. 
[I 2026-03-18 19:03:32,159] Trial 27 pruned. 
[I 2026-03-18 19:03:32,939] Trial 13 pruned. 
[I 2026-03-18 19:03:33,845] Trial 36 pruned. 
[I 2026-03-18 19:03:34,063] Trial 17 pruned. 
[I 2026-03-18 19:03:34,869] Trial 9 pruned. 
[I 2026-03-18 19:03:35,085] Trial 10 pruned. 
[I 2026-03-18 19:03:36,082] Trial 18 pruned. 
[I 2026-03-18 19:03:36,298] Trial 8 pruned. 
[I 2026-03-18 19:03:36,736] Trial 15 pruned. 
[I 2026-03-18 19:03:37,053] Trial 16 pruned. 
[I 2026-03-18 19:03:38,925] Trial 28 pruned. 
[I 2026-03-18 19:03:39,013] Trial 12 pruned. 
[I 2026-03-18 19:03:39,383] Trial 25 pruned. 
[I 2026-03-18 19:03:39,613] Trial 33 pruned. 
[I 2026-03-18 19:03:40,030] Trial 18 pruned. 
[I 2026-03-18 19:03:41,508] Trial 27 finished with value: -0.8109014108226782 and parameters: {'n_layers_yyx': 1, 'hidden_size_yyx_l0': 3, 'context_size_yyx': 4, 'num_mix_components_yyx': 5, 'context_extractor_yyx': 'gru', 'activation_func_yyx': 'ReLU', 'L2_weight_yyx': 1.0760351492042547e-08, 'L_entropy_weight_yyx': 1.074661843261447e-08, 'L_sep_weight_yyx': 1.540746577094554e-07, 'L_scale_weight_yyx': 7.479530258468094e-08, 'learning_rate_yyx': 0.00828900592508187}. Best is trial 0 with value: -0.8324342893885016.
[I 2026-03-18 19:03:42,831] Trial 14 pruned. 
[I 2026-03-18 19:03:43,223] Trial 11 pruned. 
[I 2026-03-18 19:03:47,786] Trial 34 pruned. 
[I 2026-03-18 19:03:48,325] Trial 12 finished with value: -1.7618306060615772 and parameters: {'n_layers_yyx': 2, 'hidden_size_yyx_l0': 4, 'hidden_size_yyx_l1': 4, 'context_size_yyx': 3, 'num_mix_components_yyx': 4, 'context_extractor_yyx': 'lstm', 'activation_func_yyx': 'Tanh', 'L2_weight_yyx': 1.0457130005362114e-05, 'L_entropy_weight_yyx': 4.912064099060453e-06, 'L_sep_weight_yyx': 8.201315189823555e-06, 'L_scale_weight_yyx': 2.0019007532232208e-07, 'learning_rate_yyx': 0.00985372834340434}. Best is trial 1 with value: -1.7684712210476057.
[I 2026-03-18 19:03:49,414] Trial 11 finished with value: -2.282624150139611 and parameters: {'n_layers_yyx': 1, 'hidden_size_yyx_l0': 5, 'context_size_yyx': 3, 'num_mix_components_yyx': 5, 'context_extractor_yyx': 'gru', 'activation_func_yyx': 'ReLU', 'L2_weight_yyx': 1.7716782438953468e-10, 'L_entropy_weight_yyx': 7.390949934902972e-09, 'L_sep_weight_yyx': 7.673947213208176e-09, 'L_scale_weight_yyx': 1.0110467984127515e-08, 'learning_rate_yyx': 0.008497997890492819}. Best is trial 10 with value: -2.2831751549112607.
[I 2026-03-18 19:03:50,420] Trial 17 pruned. 
[I 2026-03-18 19:03:52,181] Trial 15 pruned. 
[I 2026-03-18 19:03:52,740] Trial 31 finished with value: -0.8202788946019318 and parameters: {'n_layers_yyx': 2, 'hidden_size_yyx_l0': 3, 'hidden_size_yyx_l1': 6, 'context_size_yyx': 3, 'num_mix_components_yyx': 3, 'context_extractor_yyx': 'gru', 'activation_func_yyx': 'Tanh', 'L2_weight_yyx': 2.2995427739574866e-08, 'L_entropy_weight_yyx': 1.6163601537595986e-08, 'L_sep_weight_yyx': 1.4063769229446717e-08, 'L_scale_weight_yyx': 3.889633454847209e-08, 'learning_rate_yyx': 0.0035347369538585396}. Best is trial 8 with value: -0.8257869568321871.
[I 2026-03-18 19:03:53,211] Trial 28 pruned. 
[I 2026-03-18 19:03:55,128] Trial 9 pruned. 
[I 2026-03-18 19:03:55,144] Trial 35 pruned. 
[I 2026-03-18 19:03:56,520] Trial 13 pruned. 
[I 2026-03-18 19:03:57,676] Trial 7 finished with value: -2.2792192998393515 and parameters: {'n_layers_yyx': 2, 'hidden_size_yyx_l0': 6, 'hidden_size_yyx_l1': 4, 'context_size_yyx': 3, 'num_mix_components_yyx': 4, 'context_extractor_yyx': 'gru', 'activation_func_yyx': 'ReLU', 'L2_weight_yyx': 2.2104372267002004e-06, 'L_entropy_weight_yyx': 2.1894297128315865e-07, 'L_sep_weight_yyx': 1.0913299639684683e-10, 'L_scale_weight_yyx': 0.0005817500038576956, 'learning_rate_yyx': 0.0020419372165256335}. Best is trial 5 with value: -2.2873410844744493.
[I 2026-03-18 19:03:59,054] Trial 36 finished with value: -0.8295417684219789 and parameters: {'n_layers_yyx': 1, 'hidden_size_yyx_l0': 5, 'context_size_yyx': 2, 'num_mix_components_yyx': 2, 'context_extractor_yyx': 'lstm', 'activation_func_yyx': 'ReLU', 'L2_weight_yyx': 5.4459971477893e-06, 'L_entropy_weight_yyx': 1.8298598140532199e-06, 'L_sep_weight_yyx': 1.2447115548166109e-07, 'L_scale_weight_yyx': 7.374168372656205e-09, 'learning_rate_yyx': 0.007446373762617616}. Best is trial 1 with value: -0.8328681168211087.
[I 2026-03-18 19:04:00,173] Trial 12 pruned. 
[I 2026-03-18 19:04:01,957] Trial 36 pruned. 
[I 2026-03-18 19:04:03,930] Trial 10 finished with value: -1.7802471985479797 and parameters: {'n_layers_yyx': 2, 'hidden_size_yyx_l0': 6, 'hidden_size_yyx_l1': 6, 'context_size_yyx': 4, 'num_mix_components_yyx': 4, 'context_extractor_yyx': 'gru', 'activation_func_yyx': 'Tanh', 'L2_weight_yyx': 2.236474616133886e-08, 'L_entropy_weight_yyx': 6.712381527397874e-08, 'L_sep_weight_yyx': 3.623734328230297e-08, 'L_scale_weight_yyx': 7.821350625131184e-06, 'learning_rate_yyx': 0.0033764758051152547}. Best is trial 3 with value: -1.785882901278409.
[I 2026-03-18 19:04:04,731] Trial 14 pruned. 
[I 2026-03-18 19:04:06,034] Trial 37 pruned. 
[I 2026-03-18 19:04:06,608] Trial 29 pruned. 
[I 2026-03-18 19:04:09,589] Trial 37 pruned. 
[I 2026-03-18 19:04:09,722] Trial 16 pruned. 
[I 2026-03-18 19:04:10,119] Trial 29 pruned. 
[I 2026-03-18 19:04:12,642] Trial 37 pruned. 
[I 2026-03-18 19:04:13,400] Trial 11 finished with value: -0.831068616497992 and parameters: {'n_layers_yyx': 2, 'hidden_size_yyx_l0': 5, 'hidden_size_yyx_l1': 6, 'context_size_yyx': 4, 'num_mix_components_yyx': 2, 'context_extractor_yyx': 'lstm', 'activation_func_yyx': 'ReLU', 'L2_weight_yyx': 1.3027825558037173e-10, 'L_entropy_weight_yyx': 1.1744262709493713e-10, 'L_sep_weight_yyx': 2.3837612193043514e-08, 'L_scale_weight_yyx': 5.018667429986042e-06, 'learning_rate_yyx': 0.009783843106581919}. Best is trial 11 with value: -0.831068616497992.
[I 2026-03-18 19:04:13,751] Trial 30 pruned. 
[I 2026-03-18 19:04:16,476] Trial 10 pruned. 
[I 2026-03-18 19:04:16,616] Trial 13 finished with value: -2.2834055495524788 and parameters: {'n_layers_yyx': 2, 'hidden_size_yyx_l0': 6, 'hidden_size_yyx_l1': 6, 'context_size_yyx': 4, 'num_mix_components_yyx': 3, 'context_extractor_yyx': 'lstm', 'activation_func_yyx': 'ReLU', 'L2_weight_yyx': 3.532576174963716e-08, 'L_entropy_weight_yyx': 0.0008377070439556352, 'L_sep_weight_yyx': 1.4103659421108174e-08, 'L_scale_weight_yyx': 1.3343686504753417e-10, 'learning_rate_yyx': 0.009161900555578821}. Best is trial 10 with value: -2.2853422092545133.
[I 2026-03-18 19:04:16,919] Trial 8 pruned. 
[I 2026-03-18 19:04:17,868] Trial 13 pruned. 
[I 2026-03-18 19:04:18,220] Trial 19 finished with value: -1.7756683171144005 and parameters: {'n_layers_yyx': 2, 'hidden_size_yyx_l0': 5, 'hidden_size_yyx_l1': 4, 'context_size_yyx': 3, 'num_mix_components_yyx': 4, 'context_extractor_yyx': 'lstm', 'activation_func_yyx': 'Tanh', 'L2_weight_yyx': 4.5313291737107013e-07, 'L_entropy_weight_yyx': 1.4732561067201152e-10, 'L_sep_weight_yyx': 8.488469886911048e-08, 'L_scale_weight_yyx': 2.2169025539459097e-09, 'learning_rate_yyx': 0.007083397696050197}. Best is trial 4 with value: -1.7807932306351817.
[I 2026-03-18 19:04:21,705] Trial 13 pruned. 
[I 2026-03-18 19:04:21,876] Trial 38 pruned. 
[I 2026-03-18 19:04:22,187] Trial 30 pruned. 
[I 2026-03-18 19:04:25,035] Trial 11 pruned. 
[I 2026-03-18 19:04:25,559] Trial 32 finished with value: -0.8146962288387417 and parameters: {'n_layers_yyx': 2, 'hidden_size_yyx_l0': 6, 'hidden_size_yyx_l1': 5, 'context_size_yyx': 4, 'num_mix_components_yyx': 1, 'context_extractor_yyx': 'lstm', 'activation_func_yyx': 'Tanh', 'L2_weight_yyx': 1.1930769054743506e-08, 'L_entropy_weight_yyx': 6.166082380990529e-05, 'L_sep_weight_yyx': 0.0003165003456342346, 'L_scale_weight_yyx': 6.314499146518667e-10, 'learning_rate_yyx': 0.009530924454799871}. Best is trial 18 with value: -0.8278672008429884.
[I 2026-03-18 19:04:25,661] Trial 14 pruned. 
[I 2026-03-18 19:04:25,751] Trial 20 pruned. 
[I 2026-03-18 19:04:28,695] Trial 31 pruned. 
[I 2026-03-18 19:04:34,469] Trial 21 pruned. 
[I 2026-03-18 19:04:35,544] Trial 39 pruned. 
[I 2026-03-18 19:04:36,781] Trial 14 pruned. 
[I 2026-03-18 19:04:37,420] Trial 12 finished with value: -2.2844907053243575 and parameters: {'n_layers_yyx': 1, 'hidden_size_yyx_l0': 4, 'context_size_yyx': 2, 'num_mix_components_yyx': 4, 'context_extractor_yyx': 'gru', 'activation_func_yyx': 'Tanh', 'L2_weight_yyx': 0.0006134117191012159, 'L_entropy_weight_yyx': 5.2665582157891596e-08, 'L_sep_weight_yyx': 9.035773788620881e-09, 'L_scale_weight_yyx': 2.1298967155665245e-05, 'learning_rate_yyx': 0.006307773708547113}. Best is trial 1 with value: -2.2881647079635865.
[I 2026-03-18 19:04:38,702] Trial 14 pruned. 
[I 2026-03-18 19:04:39,538] Trial 33 pruned. 
[I 2026-03-18 19:04:39,633] Trial 17 pruned. 
[I 2026-03-18 19:04:42,186] Trial 32 pruned. 
[I 2026-03-18 19:04:42,480] Trial 22 pruned. 
[I 2026-03-18 19:04:43,786] Trial 15 pruned. 
[I 2026-03-18 19:04:45,661] Trial 12 pruned. 
[I 2026-03-18 19:04:46,085] Trial 18 pruned. 
[I 2026-03-18 19:04:46,472] Trial 31 pruned. 
[I 2026-03-18 19:04:46,884] Trial 15 pruned. 
[I 2026-03-18 19:04:47,889] Trial 18 finished with value: -2.2836039100749694 and parameters: {'n_layers_yyx': 1, 'hidden_size_yyx_l0': 5, 'context_size_yyx': 4, 'num_mix_components_yyx': 4, 'context_extractor_yyx': 'gru', 'activation_func_yyx': 'ReLU', 'L2_weight_yyx': 1.3546609076769317e-06, 'L_entropy_weight_yyx': 1.0798905208367337e-07, 'L_sep_weight_yyx': 2.8215892722097654e-05, 'L_scale_weight_yyx': 0.0006917854794024507, 'learning_rate_yyx': 0.004861634875058076}. Best is trial 1 with value: -2.2840327548863986.
[I 2026-03-18 19:04:48,545] Trial 33 pruned. 
[I 2026-03-18 19:04:49,346] Trial 40 pruned. 
[I 2026-03-18 19:04:50,345] Trial 18 finished with value: -0.8170419352093334 and parameters: {'n_layers_yyx': 1, 'hidden_size_yyx_l0': 5, 'context_size_yyx': 2, 'num_mix_components_yyx': 4, 'context_extractor_yyx': 'gru', 'activation_func_yyx': 'Tanh', 'L2_weight_yyx': 4.432066197021473e-06, 'L_entropy_weight_yyx': 2.780736308275611e-07, 'L_sep_weight_yyx': 2.5960751348314008e-06, 'L_scale_weight_yyx': 2.4643935083515647e-08, 'learning_rate_yyx': 0.005922347767034817}. Best is trial 10 with value: -0.8345733146723827.
[I 2026-03-18 19:04:50,760] Trial 23 pruned. 
[I 2026-03-18 19:04:53,413] Trial 32 pruned. 
[I 2026-03-18 19:04:55,600] Trial 13 pruned. 
[I 2026-03-18 19:04:56,145] Trial 19 pruned. 
[I 2026-03-18 19:04:56,764] Trial 34 pruned. 
[I 2026-03-18 19:04:57,138] Trial 13 pruned. 
[I 2026-03-18 19:04:57,621] Trial 19 pruned. 
[I 2026-03-18 19:04:57,623] Trial 19 finished with value: -1.7745283201102293 and parameters: {'n_layers_yyx': 2, 'hidden_size_yyx_l0': 5, 'hidden_size_yyx_l1': 5, 'context_size_yyx': 3, 'num_mix_components_yyx': 2, 'context_extractor_yyx': 'lstm', 'activation_func_yyx': 'ReLU', 'L2_weight_yyx': 4.995836868624157e-10, 'L_entropy_weight_yyx': 4.8125081928622595e-05, 'L_sep_weight_yyx': 3.110391052319939e-09, 'L_scale_weight_yyx': 5.594164601219178e-06, 'learning_rate_yyx': 0.009984582904263984}. Best is trial 4 with value: -1.7775746924677662.
[I 2026-03-18 19:04:57,691] Trial 15 pruned. 
[I 2026-03-18 19:04:58,769] Trial 24 pruned. 
[I 2026-03-18 19:04:58,883] Trial 19 pruned. 
[I 2026-03-18 19:04:59,386] Trial 19 finished with value: -0.8044738093366299 and parameters: {'n_layers_yyx': 1, 'hidden_size_yyx_l0': 4, 'context_size_yyx': 2, 'num_mix_components_yyx': 5, 'context_extractor_yyx': 'gru', 'activation_func_yyx': 'GELU', 'L2_weight_yyx': 0.00020293579865386953, 'L_entropy_weight_yyx': 1.1168795542855896e-10, 'L_sep_weight_yyx': 3.489839708670096e-05, 'L_scale_weight_yyx': 1.2891978546911253e-10, 'learning_rate_yyx': 0.006420235978516611}. Best is trial 10 with value: -0.8355233715063007.
[I 2026-03-18 19:04:59,766] Trial 16 pruned. 
[I 2026-03-18 19:05:00,811] Trial 10 finished with value: -2.2811953358201777 and parameters: {'n_layers_yyx': 2, 'hidden_size_yyx_l0': 3, 'hidden_size_yyx_l1': 6, 'context_size_yyx': 4, 'num_mix_components_yyx': 5, 'context_extractor_yyx': 'lstm', 'activation_func_yyx': 'GELU', 'L2_weight_yyx': 9.423850646522617e-07, 'L_entropy_weight_yyx': 0.000562276244939101, 'L_sep_weight_yyx': 0.0009254141160653317, 'L_scale_weight_yyx': 0.0002574401685158638, 'learning_rate_yyx': 0.008114948067485455}. Best is trial 10 with value: -2.2811953358201777.
[I 2026-03-18 19:05:02,044] Trial 32 finished with value: -0.8265818112710026 and parameters: {'n_layers_yyx': 2, 'hidden_size_yyx_l0': 3, 'hidden_size_yyx_l1': 6, 'context_size_yyx': 3, 'num_mix_components_yyx': 2, 'context_extractor_yyx': 'gru', 'activation_func_yyx': 'Tanh', 'L2_weight_yyx': 1.0985299790772235e-08, 'L_entropy_weight_yyx': 6.048546721273496e-09, 'L_sep_weight_yyx': 2.789303667370562e-09, 'L_scale_weight_yyx': 1.1448201432700483e-07, 'learning_rate_yyx': 0.0036209170286451227}. Best is trial 32 with value: -0.8265818112710026.
[I 2026-03-18 19:05:06,429] Trial 14 pruned. 
[I 2026-03-18 19:05:06,437] Trial 20 pruned. 
[I 2026-03-18 19:05:06,583] Trial 9 pruned. 
[I 2026-03-18 19:05:07,547] Trial 16 pruned. 
[I 2026-03-18 19:05:08,164] Trial 26 finished with value: -0.9154252905895685 and parameters: {'n_layers_yyx': 1, 'hidden_size_yyx_l0': 6, 'context_size_yyx': 3, 'num_mix_components_yyx': 2, 'context_extractor_yyx': 'lstm', 'activation_func_yyx': 'Tanh', 'L2_weight_yyx': 0.00011479986007572396, 'L_entropy_weight_yyx': 8.663388549653885e-10, 'L_sep_weight_yyx': 5.665548343816519e-08, 'L_scale_weight_yyx': 4.5807417965050494e-07, 'learning_rate_yyx': 0.005688598181089351}. Best is trial 12 with value: -0.9172403773089042.
[I 2026-03-18 19:05:08,859] Trial 33 pruned. 
[I 2026-03-18 19:05:09,235] Trial 38 finished with value: -0.8126970119279103 and parameters: {'n_layers_yyx': 1, 'hidden_size_yyx_l0': 6, 'context_size_yyx': 2, 'num_mix_components_yyx': 2, 'context_extractor_yyx': 'lstm', 'activation_func_yyx': 'ReLU', 'L2_weight_yyx': 2.0420194014065848e-05, 'L_entropy_weight_yyx': 2.133059419425493e-05, 'L_sep_weight_yyx': 3.2091561408425388e-09, 'L_scale_weight_yyx': 7.975715674409413e-10, 'learning_rate_yyx': 0.00983869912873622}. Best is trial 1 with value: -0.8328681168211087.
[I 2026-03-18 19:05:09,947] Trial 35 pruned. 
[I 2026-03-18 19:05:10,015] Trial 12 finished with value: -0.8169520728873362 and parameters: {'n_layers_yyx': 2, 'hidden_size_yyx_l0': 5, 'hidden_size_yyx_l1': 6, 'context_size_yyx': 3, 'num_mix_components_yyx': 2, 'context_extractor_yyx': 'lstm', 'activation_func_yyx': 'ReLU', 'L2_weight_yyx': 2.4769761553768183e-10, 'L_entropy_weight_yyx': 5.43044412581805e-10, 'L_sep_weight_yyx': 3.144790283631304e-08, 'L_scale_weight_yyx': 2.9466606419810415e-06, 'learning_rate_yyx': 0.008945632937549308}. Best is trial 11 with value: -0.831068616497992.
[I 2026-03-18 19:05:15,147] Trial 25 pruned. 
[I 2026-03-18 19:05:15,746] Trial 34 pruned. 
[I 2026-03-18 19:05:16,134] Trial 39 pruned. 
[I 2026-03-18 19:05:16,481] Trial 13 pruned. 
[I 2026-03-18 19:05:21,278] Trial 27 pruned. 
[I 2026-03-18 19:05:21,890] Trial 36 pruned. 
[I 2026-03-18 19:05:21,936] Trial 41 pruned. 
[I 2026-03-18 19:05:22,078] Trial 40 pruned. 
[I 2026-03-18 19:05:22,428] Trial 35 pruned. 
[I 2026-03-18 19:05:26,697] Trial 13 finished with value: -2.270597014228108 and parameters: {'n_layers_yyx': 2, 'hidden_size_yyx_l0': 5, 'hidden_size_yyx_l1': 5, 'context_size_yyx': 2, 'num_mix_components_yyx': 4, 'context_extractor_yyx': 'lstm', 'activation_func_yyx': 'Tanh', 'L2_weight_yyx': 1.9374344564188545e-07, 'L_entropy_weight_yyx': 9.7545850144145e-06, 'L_sep_weight_yyx': 2.6790064811453214e-05, 'L_scale_weight_yyx': 2.022513847446342e-08, 'learning_rate_yyx': 0.0038247287593028353}. Best is trial 13 with value: -2.270597014228108.
[I 2026-03-18 19:05:26,785] Trial 15 pruned. 
[I 2026-03-18 19:05:26,949] Trial 9 finished with value: -2.26680252280638 and parameters: {'n_layers_yyx': 2, 'hidden_size_yyx_l0': 4, 'hidden_size_yyx_l1': 5, 'context_size_yyx': 4, 'num_mix_components_yyx': 1, 'context_extractor_yyx': 'gru', 'activation_func_yyx': 'ReLU', 'L2_weight_yyx': 6.393647265023405e-10, 'L_entropy_weight_yyx': 0.0006966268845443233, 'L_sep_weight_yyx': 2.1109446091780656e-09, 'L_scale_weight_yyx': 4.7811168242339214e-08, 'learning_rate_yyx': 0.0007720206977327428}. Best is trial 1 with value: -2.2866954714752907.
[I 2026-03-18 19:05:27,187] Trial 10 pruned. 
[I 2026-03-18 19:05:27,759] Trial 20 pruned. 
[I 2026-03-18 19:05:28,058] Trial 14 pruned. 
[I 2026-03-18 19:05:29,173] Trial 17 pruned. 
[I 2026-03-18 19:05:30,986] Trial 9 finished with value: -2.209955294013992 and parameters: {'n_layers_yyx': 2, 'hidden_size_yyx_l0': 5, 'hidden_size_yyx_l1': 6, 'context_size_yyx': 3, 'num_mix_components_yyx': 5, 'context_extractor_yyx': 'lstm', 'activation_func_yyx': 'GELU', 'L2_weight_yyx': 2.326852501649969e-10, 'L_entropy_weight_yyx': 7.435167757921024e-05, 'L_sep_weight_yyx': 2.312312293063779e-05, 'L_scale_weight_yyx': 6.360636552516868e-09, 'learning_rate_yyx': 0.008816117310106737}. Best is trial 7 with value: -2.2149018094999913.
[I 2026-03-18 19:05:31,570] Trial 34 finished with value: -0.8222789454495361 and parameters: {'n_layers_yyx': 2, 'hidden_size_yyx_l0': 6, 'hidden_size_yyx_l1': 5, 'context_size_yyx': 4, 'num_mix_components_yyx': 2, 'context_extractor_yyx': 'lstm', 'activation_func_yyx': 'Tanh', 'L2_weight_yyx': 1.97742347553639e-09, 'L_entropy_weight_yyx': 6.416153085916138e-07, 'L_sep_weight_yyx': 2.928932815756641e-05, 'L_scale_weight_yyx': 5.097002081443566e-07, 'learning_rate_yyx': 0.005435253067844503}. Best is trial 18 with value: -0.8278672008429884.
[I 2026-03-18 19:05:36,506] Trial 14 pruned. 
[I 2026-03-18 19:05:36,553] Trial 10 pruned. 
[I 2026-03-18 19:05:38,929] Trial 18 pruned. 
[I 2026-03-18 19:05:41,185] Trial 15 pruned. 
[I 2026-03-18 19:05:41,966] Trial 33 finished with value: -0.8152928993303984 and parameters: {'n_layers_yyx': 1, 'hidden_size_yyx_l0': 6, 'context_size_yyx': 4, 'num_mix_components_yyx': 4, 'context_extractor_yyx': 'gru', 'activation_func_yyx': 'ReLU', 'L2_weight_yyx': 4.0262465196941266e-07, 'L_entropy_weight_yyx': 2.5000642124889117e-08, 'L_sep_weight_yyx': 1.0318987028044782e-08, 'L_scale_weight_yyx': 0.00019089597813274, 'learning_rate_yyx': 0.00559259333379039}. Best is trial 0 with value: -0.8324342893885016.
[I 2026-03-18 19:05:43,412] Trial 35 pruned. 
[I 2026-03-18 19:05:46,276] Trial 20 finished with value: -0.7869647883946294 and parameters: {'n_layers_yyx': 2, 'hidden_size_yyx_l0': 4, 'hidden_size_yyx_l1': 6, 'context_size_yyx': 3, 'num_mix_components_yyx': 3, 'context_extractor_yyx': 'gru', 'activation_func_yyx': 'Tanh', 'L2_weight_yyx': 2.2989928054345538e-07, 'L_entropy_weight_yyx': 1.641254342912554e-07, 'L_sep_weight_yyx': 0.00011122613086608696, 'L_scale_weight_yyx': 7.78249027357791e-09, 'learning_rate_yyx': 0.00735716705132111}. Best is trial 10 with value: -0.8371109842725836.
[I 2026-03-18 19:05:46,425] Trial 15 pruned. 
[I 2026-03-18 19:05:48,066] Trial 34 pruned. 
[I 2026-03-18 19:05:48,977] Trial 19 pruned. 
[I 2026-03-18 19:05:49,609] Trial 10 pruned. 
[I 2026-03-18 19:05:50,826] Trial 38 finished with value: -0.836914287888317 and parameters: {'n_layers_yyx': 2, 'hidden_size_yyx_l0': 4, 'hidden_size_yyx_l1': 5, 'context_size_yyx': 1, 'num_mix_components_yyx': 1, 'context_extractor_yyx': 'lstm', 'activation_func_yyx': 'Tanh', 'L2_weight_yyx': 0.00017473446662043347, 'L_entropy_weight_yyx': 0.0008303783018547244, 'L_sep_weight_yyx': 3.5076121514424134e-05, 'L_scale_weight_yyx': 4.552029086882551e-05, 'learning_rate_yyx': 0.008670045394883667}. Best is trial 38 with value: -0.836914287888317.
[I 2026-03-18 19:05:51,842] Trial 12 finished with value: -1.7812394205729167 and parameters: {'n_layers_yyx': 2, 'hidden_size_yyx_l0': 3, 'hidden_size_yyx_l1': 5, 'context_size_yyx': 2, 'num_mix_components_yyx': 3, 'context_extractor_yyx': 'lstm', 'activation_func_yyx': 'Tanh', 'L2_weight_yyx': 2.833764148896304e-05, 'L_entropy_weight_yyx': 1.5806743766771063e-05, 'L_sep_weight_yyx': 0.0008144822670276274, 'L_scale_weight_yyx': 1.2428509253802344e-07, 'learning_rate_yyx': 0.0036501121122578515}. Best is trial 4 with value: -1.784507205847538.
[I 2026-03-18 19:05:51,895] Trial 41 pruned. 
[I 2026-03-18 19:05:51,904] Trial 37 pruned. 
[I 2026-03-18 19:05:52,155] Trial 36 pruned. 
[I 2026-03-18 19:05:53,644] Trial 42 pruned. 
[I 2026-03-18 19:05:56,668] Trial 36 pruned. 
[I 2026-03-18 19:05:56,828] Trial 11 pruned. 
[I 2026-03-18 19:05:57,802] Trial 26 pruned. 
[I 2026-03-18 19:05:58,213] Trial 42 pruned. 
[I 2026-03-18 19:06:03,548] Trial 37 pruned. 
[I 2026-03-18 19:06:06,335] Trial 16 pruned. 
[I 2026-03-18 19:06:08,529] Trial 11 pruned. 
[I 2026-03-18 19:06:09,261] Trial 12 finished with value: -2.2829879107060895 and parameters: {'n_layers_yyx': 1, 'hidden_size_yyx_l0': 5, 'context_size_yyx': 3, 'num_mix_components_yyx': 5, 'context_extractor_yyx': 'gru', 'activation_func_yyx': 'ReLU', 'L2_weight_yyx': 1.4542708355432753e-10, 'L_entropy_weight_yyx': 2.4714411904220497e-08, 'L_sep_weight_yyx': 5.092198261237501e-09, 'L_scale_weight_yyx': 6.417059820563722e-09, 'learning_rate_yyx': 0.00880066881377555}. Best is trial 10 with value: -2.2831751549112607.
[I 2026-03-18 19:06:09,936] Trial 43 pruned. 
[I 2026-03-18 19:06:10,000] Trial 11 finished with value: -1.7849394827178031 and parameters: {'n_layers_yyx': 1, 'hidden_size_yyx_l0': 4, 'context_size_yyx': 1, 'num_mix_components_yyx': 4, 'context_extractor_yyx': 'gru', 'activation_func_yyx': 'Tanh', 'L2_weight_yyx': 0.0007565669503014776, 'L_entropy_weight_yyx': 1.1287276120631379e-08, 'L_sep_weight_yyx': 5.907809079201383e-08, 'L_scale_weight_yyx': 6.755588910089181e-09, 'learning_rate_yyx': 0.009644861419433295}. Best is trial 3 with value: -1.785882901278409.
[I 2026-03-18 19:06:10,285] Trial 38 pruned. 
[I 2026-03-18 19:06:12,194] Trial 16 pruned. 
[I 2026-03-18 19:06:15,743] Trial 21 finished with value: -0.8320598517774302 and parameters: {'n_layers_yyx': 1, 'hidden_size_yyx_l0': 3, 'context_size_yyx': 1, 'num_mix_components_yyx': 5, 'context_extractor_yyx': 'gru', 'activation_func_yyx': 'Tanh', 'L2_weight_yyx': 1.0211420654889217e-10, 'L_entropy_weight_yyx': 2.983339790377996e-08, 'L_sep_weight_yyx': 7.059623672391302e-06, 'L_scale_weight_yyx': 9.139281578875409e-10, 'learning_rate_yyx': 0.009658036078610323}. Best is trial 10 with value: -0.8355233715063007.
[I 2026-03-18 19:06:15,884] Trial 44 pruned. 
[I 2026-03-18 19:06:16,759] Trial 21 pruned. 
[I 2026-03-18 19:06:18,951] Trial 16 pruned. 
[I 2026-03-18 19:06:19,940] Trial 35 pruned. 
[I 2026-03-18 19:06:23,484] Trial 39 finished with value: -0.7646165788613887 and parameters: {'n_layers_yyx': 2, 'hidden_size_yyx_l0': 4, 'hidden_size_yyx_l1': 4, 'context_size_yyx': 1, 'num_mix_components_yyx': 5, 'context_extractor_yyx': 'gru', 'activation_func_yyx': 'Tanh', 'L2_weight_yyx': 0.0003502204171074001, 'L_entropy_weight_yyx': 0.0009272645005317725, 'L_sep_weight_yyx': 9.960276029405018e-05, 'L_scale_weight_yyx': 4.047739601553039e-05, 'learning_rate_yyx': 0.008844857677411413}. Best is trial 38 with value: -0.836914287888317.
[I 2026-03-18 19:06:24,444] Trial 43 pruned. 
[I 2026-03-18 19:06:26,394] Trial 36 pruned. 
[I 2026-03-18 19:06:27,090] Trial 28 finished with value: -0.9116961752278158 and parameters: {'n_layers_yyx': 2, 'hidden_size_yyx_l0': 6, 'hidden_size_yyx_l1': 4, 'context_size_yyx': 4, 'num_mix_components_yyx': 2, 'context_extractor_yyx': 'lstm', 'activation_func_yyx': 'Tanh', 'L2_weight_yyx': 0.0008767286893464864, 'L_entropy_weight_yyx': 2.09808305810412e-09, 'L_sep_weight_yyx': 5.615622232451806e-09, 'L_scale_weight_yyx': 0.00016255692772966076, 'learning_rate_yyx': 0.007543143530802912}. Best is trial 12 with value: -0.9172403773089042.
[I 2026-03-18 19:06:29,862] Trial 22 pruned. 
[I 2026-03-18 19:06:38,405] Trial 15 finished with value: -1.763766056401892 and parameters: {'n_layers_yyx': 1, 'hidden_size_yyx_l0': 4, 'context_size_yyx': 3, 'num_mix_components_yyx': 3, 'context_extractor_yyx': 'gru', 'activation_func_yyx': 'GELU', 'L2_weight_yyx': 1.787008166654499e-05, 'L_entropy_weight_yyx': 1.3793434473751671e-08, 'L_sep_weight_yyx': 8.21412017350972e-06, 'L_scale_weight_yyx': 1.2361046413635496e-06, 'learning_rate_yyx': 0.003334068155283325}. Best is trial 1 with value: -1.7684712210476057.
[I 2026-03-18 19:06:39,226] Trial 29 pruned. 
[I 2026-03-18 19:06:43,559] Trial 39 pruned. 
[I 2026-03-18 19:06:43,902] Trial 23 pruned. 
[I 2026-03-18 19:06:45,482] Trial 17 pruned. 
[I 2026-03-18 19:06:46,478] Trial 16 pruned. 
[I 2026-03-18 19:06:47,145] Trial 22 pruned. 
[I 2026-03-18 19:06:47,723] Trial 11 finished with value: -2.26814474210708 and parameters: {'n_layers_yyx': 2, 'hidden_size_yyx_l0': 4, 'hidden_size_yyx_l1': 3, 'context_size_yyx': 4, 'num_mix_components_yyx': 5, 'context_extractor_yyx': 'lstm', 'activation_func_yyx': 'ReLU', 'L2_weight_yyx': 4.718879602343849e-10, 'L_entropy_weight_yyx': 1.5955157422992362e-05, 'L_sep_weight_yyx': 1.489182386635931e-06, 'L_scale_weight_yyx': 0.00024032385240555187, 'learning_rate_yyx': 0.0029063342644031296}. Best is trial 8 with value: -2.2706079849369587.
[I 2026-03-18 19:06:47,821] Trial 20 finished with value: -1.7734189669554552 and parameters: {'n_layers_yyx': 1, 'hidden_size_yyx_l0': 3, 'context_size_yyx': 4, 'num_mix_components_yyx': 3, 'context_extractor_yyx': 'lstm', 'activation_func_yyx': 'GELU', 'L2_weight_yyx': 1.5378279380026202e-07, 'L_entropy_weight_yyx': 6.102348324288268e-07, 'L_sep_weight_yyx': 7.798838439305931e-08, 'L_scale_weight_yyx': 3.3697411638937672e-09, 'learning_rate_yyx': 0.004711997482827701}. Best is trial 4 with value: -1.7775746924677662.
[I 2026-03-18 19:06:48,498] Trial 45 pruned. 
[I 2026-03-18 19:06:50,405] Trial 21 finished with value: -0.8346943481986244 and parameters: {'n_layers_yyx': 1, 'hidden_size_yyx_l0': 2, 'context_size_yyx': 2, 'num_mix_components_yyx': 5, 'context_extractor_yyx': 'gru', 'activation_func_yyx': 'Tanh', 'L2_weight_yyx': 0.0001194084148623784, 'L_entropy_weight_yyx': 3.074944927430069e-08, 'L_sep_weight_yyx': 5.452216076918375e-07, 'L_scale_weight_yyx': 1.7758530783676364e-10, 'learning_rate_yyx': 0.009382215863936231}. Best is trial 21 with value: -0.8346943481986244.
[I 2026-03-18 19:06:52,131] Trial 30 pruned. 
[I 2026-03-18 19:06:53,542] Trial 23 pruned. 
[I 2026-03-18 19:06:54,685] Trial 17 pruned. 
[I 2026-03-18 19:06:56,243] Trial 21 pruned. 
[I 2026-03-18 19:06:57,057] Trial 20 finished with value: -2.2851266363697214 and parameters: {'n_layers_yyx': 2, 'hidden_size_yyx_l0': 3, 'hidden_size_yyx_l1': 6, 'context_size_yyx': 4, 'num_mix_components_yyx': 3, 'context_extractor_yyx': 'gru', 'activation_func_yyx': 'Tanh', 'L2_weight_yyx': 4.1665280356346284e-08, 'L_entropy_weight_yyx': 3.505448260992061e-08, 'L_sep_weight_yyx': 4.3832290107149644e-05, 'L_scale_weight_yyx': 1.0891871787709132e-05, 'learning_rate_yyx': 0.009999200496154973}. Best is trial 20 with value: -2.2851266363697214.
[I 2026-03-18 19:06:57,422] Trial 22 pruned. 
[I 2026-03-18 19:06:57,449] Trial 12 pruned. 
[I 2026-03-18 19:06:58,137] Trial 17 pruned. 
[I 2026-03-18 19:06:58,853] Trial 18 pruned. 
[I 2026-03-18 19:07:00,612] Trial 46 pruned. 
[I 2026-03-18 19:07:00,780] Trial 24 pruned. 
[I 2026-03-18 19:07:04,607] Trial 11 finished with value: -2.280183793053376 and parameters: {'n_layers_yyx': 2, 'hidden_size_yyx_l0': 3, 'hidden_size_yyx_l1': 6, 'context_size_yyx': 4, 'num_mix_components_yyx': 5, 'context_extractor_yyx': 'lstm', 'activation_func_yyx': 'GELU', 'L2_weight_yyx': 1.263169139449918e-06, 'L_entropy_weight_yyx': 0.000854003686021418, 'L_sep_weight_yyx': 0.000820552742506136, 'L_scale_weight_yyx': 0.0007966577175444992, 'learning_rate_yyx': 0.00903425290799841}. Best is trial 10 with value: -2.2811953358201777.
[I 2026-03-18 19:07:05,349] Trial 10 finished with value: -1.80444056366036 and parameters: {'n_layers_yyx': 1, 'hidden_size_yyx_l0': 5, 'context_size_yyx': 1, 'num_mix_components_yyx': 4, 'context_extractor_yyx': 'lstm', 'activation_func_yyx': 'GELU', 'L2_weight_yyx': 0.00036716481206718944, 'L_entropy_weight_yyx': 7.663923379505158e-06, 'L_sep_weight_yyx': 0.0009615503433743184, 'L_scale_weight_yyx': 4.011562606152957e-06, 'learning_rate_yyx': 0.0005553253843422024}. Best is trial 5 with value: -1.864091702761834.
[I 2026-03-18 19:07:05,950] Trial 17 finished with value: -1.7756828622238712 and parameters: {'n_layers_yyx': 1, 'hidden_size_yyx_l0': 5, 'context_size_yyx': 3, 'num_mix_components_yyx': 4, 'context_extractor_yyx': 'gru', 'activation_func_yyx': 'Tanh', 'L2_weight_yyx': 6.293378518708798e-10, 'L_entropy_weight_yyx': 0.00012435687403362594, 'L_sep_weight_yyx': 6.243602911248951e-08, 'L_scale_weight_yyx': 1.6196465682134579e-06, 'learning_rate_yyx': 0.0050345508271470345}. Best is trial 2 with value: -1.776406202226865.
[I 2026-03-18 19:07:06,682] Trial 23 pruned. 
[I 2026-03-18 19:07:07,560] Trial 19 pruned. 
[I 2026-03-18 19:07:09,256] Trial 25 pruned. 
[I 2026-03-18 19:07:09,468] Trial 14 finished with value: -2.2682730134155693 and parameters: {'n_layers_yyx': 2, 'hidden_size_yyx_l0': 5, 'hidden_size_yyx_l1': 6, 'context_size_yyx': 1, 'num_mix_components_yyx': 4, 'context_extractor_yyx': 'lstm', 'activation_func_yyx': 'ReLU', 'L2_weight_yyx': 1.0806316079182942e-10, 'L_entropy_weight_yyx': 2.579253360495946e-06, 'L_sep_weight_yyx': 1.6973097833381955e-06, 'L_scale_weight_yyx': 3.3998809152606973e-05, 'learning_rate_yyx': 0.0031530588938441153}. Best is trial 3 with value: -2.278758564192965.
[I 2026-03-18 19:07:12,420] Trial 18 pruned. 
[I 2026-03-18 19:07:15,176] Trial 47 pruned. 
[I 2026-03-18 19:07:15,507] Trial 26 pruned. 
[I 2026-03-18 19:07:19,172] Trial 15 pruned. 
[I 2026-03-18 19:07:21,187] Trial 20 pruned. 
[I 2026-03-18 19:07:23,643] Trial 38 pruned. 
[I 2026-03-18 19:07:25,621] Trial 31 pruned. 
[I 2026-03-18 19:07:27,203] Trial 37 finished with value: -0.8339115745736013 and parameters: {'n_layers_yyx': 2, 'hidden_size_yyx_l0': 3, 'hidden_size_yyx_l1': 6, 'context_size_yyx': 2, 'num_mix_components_yyx': 1, 'context_extractor_yyx': 'lstm', 'activation_func_yyx': 'Tanh', 'L2_weight_yyx': 2.0995089760165576e-07, 'L_entropy_weight_yyx': 6.703807609356304e-09, 'L_sep_weight_yyx': 3.1236170856092993e-09, 'L_scale_weight_yyx': 4.1162293805507916e-06, 'learning_rate_yyx': 0.004220985362039831}. Best is trial 37 with value: -0.8339115745736013.
[I 2026-03-18 19:07:28,670] Trial 27 pruned. 
[I 2026-03-18 19:07:30,909] Trial 44 finished with value: -0.8306488082187038 and parameters: {'n_layers_yyx': 2, 'hidden_size_yyx_l0': 4, 'hidden_size_yyx_l1': 5, 'context_size_yyx': 2, 'num_mix_components_yyx': 1, 'context_extractor_yyx': 'gru', 'activation_func_yyx': 'ReLU', 'L2_weight_yyx': 0.00014994965027218302, 'L_entropy_weight_yyx': 2.9719064557565847e-10, 'L_sep_weight_yyx': 3.967559567335673e-07, 'L_scale_weight_yyx': 2.1074421048594083e-06, 'learning_rate_yyx': 0.009833138889384911}. Best is trial 44 with value: -0.8306488082187038.
[I 2026-03-18 19:07:31,399] Trial 19 pruned. 
[I 2026-03-18 19:07:32,092] Trial 20 finished with value: -2.2841635509103426 and parameters: {'n_layers_yyx': 2, 'hidden_size_yyx_l0': 6, 'hidden_size_yyx_l1': 6, 'context_size_yyx': 4, 'num_mix_components_yyx': 3, 'context_extractor_yyx': 'lstm', 'activation_func_yyx': 'ReLU', 'L2_weight_yyx': 8.40098340290776e-08, 'L_entropy_weight_yyx': 4.2142263379819665e-06, 'L_sep_weight_yyx': 1.0891455004596522e-09, 'L_scale_weight_yyx': 6.483946340762848e-08, 'learning_rate_yyx': 0.007385471330851454}. Best is trial 10 with value: -2.2853422092545133.
[I 2026-03-18 19:07:32,748] Trial 32 pruned. 
[I 2026-03-18 19:07:35,320] Trial 16 finished with value: -2.265386148590499 and parameters: {'n_layers_yyx': 1, 'hidden_size_yyx_l0': 6, 'context_size_yyx': 2, 'num_mix_components_yyx': 2, 'context_extractor_yyx': 'gru', 'activation_func_yyx': 'Tanh', 'L2_weight_yyx': 1.4287075284500068e-10, 'L_entropy_weight_yyx': 1.1684582090293023e-08, 'L_sep_weight_yyx': 9.004189588747759e-07, 'L_scale_weight_yyx': 1.2371184025312056e-10, 'learning_rate_yyx': 0.007045075020018987}. Best is trial 1 with value: -2.2881647079635865.
[I 2026-03-18 19:07:36,125] Trial 38 pruned. 
[I 2026-03-18 19:07:36,919] Trial 21 pruned. 
[I 2026-03-18 19:07:39,330] Trial 16 finished with value: -1.7798434540719696 and parameters: {'n_layers_yyx': 1, 'hidden_size_yyx_l0': 6, 'context_size_yyx': 3, 'num_mix_components_yyx': 3, 'context_extractor_yyx': 'gru', 'activation_func_yyx': 'GELU', 'L2_weight_yyx': 1.10200956232768e-10, 'L_entropy_weight_yyx': 3.336530463939966e-07, 'L_sep_weight_yyx': 0.0001728243079865628, 'L_scale_weight_yyx': 2.577199012617847e-07, 'learning_rate_yyx': 0.0026208256573532185}. Best is trial 2 with value: -1.7858329634232954.
[I 2026-03-18 19:07:40,087] Trial 24 pruned. 
[I 2026-03-18 19:07:40,335] Trial 16 pruned. 
[I 2026-03-18 19:07:42,207] Trial 40 finished with value: -0.8107211001690593 and parameters: {'n_layers_yyx': 2, 'hidden_size_yyx_l0': 6, 'hidden_size_yyx_l1': 3, 'context_size_yyx': 4, 'num_mix_components_yyx': 1, 'context_extractor_yyx': 'lstm', 'activation_func_yyx': 'ReLU', 'L2_weight_yyx': 9.931428926588433e-09, 'L_entropy_weight_yyx': 5.369511587276577e-05, 'L_sep_weight_yyx': 0.00011119008861157768, 'L_scale_weight_yyx': 1.2426137885806389e-08, 'learning_rate_yyx': 0.0057887709151973376}. Best is trial 18 with value: -0.8278672008429884.
[I 2026-03-18 19:07:44,019] Trial 39 pruned. 
[I 2026-03-18 19:07:45,627] Trial 17 pruned. 
[I 2026-03-18 19:07:46,983] Trial 33 pruned. 
[I 2026-03-18 19:07:49,595] Trial 20 pruned. 
[I 2026-03-18 19:07:50,597] Trial 11 finished with value: -2.287895645272338 and parameters: {'n_layers_yyx': 1, 'hidden_size_yyx_l0': 4, 'context_size_yyx': 4, 'num_mix_components_yyx': 2, 'context_extractor_yyx': 'gru', 'activation_func_yyx': 'GELU', 'L2_weight_yyx': 2.939804802324437e-10, 'L_entropy_weight_yyx': 1.9515314350518679e-10, 'L_sep_weight_yyx': 5.079473333651428e-06, 'L_scale_weight_yyx': 1.34215700847154e-05, 'learning_rate_yyx': 0.00881381862918835}. Best is trial 11 with value: -2.287895645272338.
[I 2026-03-18 19:07:51,672] Trial 13 pruned. 
[I 2026-03-18 19:07:52,487] Trial 37 finished with value: -0.8340322474785358 and parameters: {'n_layers_yyx': 1, 'hidden_size_yyx_l0': 5, 'context_size_yyx': 4, 'num_mix_components_yyx': 4, 'context_extractor_yyx': 'lstm', 'activation_func_yyx': 'Tanh', 'L2_weight_yyx': 2.570090279863524e-08, 'L_entropy_weight_yyx': 1.3632772386493222e-09, 'L_sep_weight_yyx': 5.285319876374404e-06, 'L_scale_weight_yyx': 1.511524509739876e-06, 'learning_rate_yyx': 0.0023787138112746063}. Best is trial 37 with value: -0.8340322474785358.
[I 2026-03-18 19:07:53,772] Trial 21 pruned. 
[I 2026-03-18 19:07:54,981] Trial 21 pruned. 
[I 2026-03-18 19:07:56,037] Trial 40 pruned. 
[I 2026-03-18 19:07:56,039] Trial 18 pruned. 
[I 2026-03-18 19:07:56,496] Trial 41 pruned. 
[I 2026-03-18 19:07:58,374] Trial 17 pruned. 
[I 2026-03-18 19:07:58,925] Trial 39 pruned. 
[I 2026-03-18 19:07:59,139] Trial 21 pruned. 
[I 2026-03-18 19:07:59,491] Trial 13 finished with value: -1.7836867947048611 and parameters: {'n_layers_yyx': 2, 'hidden_size_yyx_l0': 2, 'hidden_size_yyx_l1': 5, 'context_size_yyx': 2, 'num_mix_components_yyx': 4, 'context_extractor_yyx': 'lstm', 'activation_func_yyx': 'Tanh', 'L2_weight_yyx': 4.9419697090540574e-05, 'L_entropy_weight_yyx': 1.0035897357838386e-05, 'L_sep_weight_yyx': 1.8735225668150224e-06, 'L_scale_weight_yyx': 6.218644477489202e-08, 'learning_rate_yyx': 0.009336756221678403}. Best is trial 4 with value: -1.784507205847538.
[I 2026-03-18 19:08:03,326] Trial 17 pruned. 
[I 2026-03-18 19:08:05,993] Trial 19 pruned. 
[I 2026-03-18 19:08:06,179] Trial 40 pruned. 
[I 2026-03-18 19:08:06,709] Trial 38 pruned. 
[I 2026-03-18 19:08:08,491] Trial 22 pruned. 
[I 2026-03-18 19:08:11,490] Trial 41 pruned. 
[I 2026-03-18 19:08:11,827] Trial 42 pruned. 
[I 2026-03-18 19:08:13,731] Trial 45 finished with value: -0.7970387446123177 and parameters: {'n_layers_yyx': 2, 'hidden_size_yyx_l0': 3, 'hidden_size_yyx_l1': 5, 'context_size_yyx': 1, 'num_mix_components_yyx': 2, 'context_extractor_yyx': 'gru', 'activation_func_yyx': 'ReLU', 'L2_weight_yyx': 0.00013475604557984354, 'L_entropy_weight_yyx': 2.368243237401601e-10, 'L_sep_weight_yyx': 0.00010231684351836997, 'L_scale_weight_yyx': 2.244195905896693e-06, 'learning_rate_yyx': 0.009501491590768643}. Best is trial 44 with value: -0.8306488082187038.
[I 2026-03-18 19:08:17,529] Trial 23 pruned. 
[I 2026-03-18 19:08:17,536] Trial 12 finished with value: -1.7867913016887627 and parameters: {'n_layers_yyx': 1, 'hidden_size_yyx_l0': 4, 'context_size_yyx': 2, 'num_mix_components_yyx': 4, 'context_extractor_yyx': 'gru', 'activation_func_yyx': 'Tanh', 'L2_weight_yyx': 3.765785572208888e-08, 'L_entropy_weight_yyx': 9.634071893395138e-08, 'L_sep_weight_yyx': 1.1991708895051493e-10, 'L_scale_weight_yyx': 3.459805794429812e-08, 'learning_rate_yyx': 0.009311121357063685}. Best is trial 12 with value: -1.7867913016887627.
[I 2026-03-18 19:08:18,925] Trial 27 finished with value: -1.773798127520951 and parameters: {'n_layers_yyx': 1, 'hidden_size_yyx_l0': 3, 'context_size_yyx': 3, 'num_mix_components_yyx': 1, 'context_extractor_yyx': 'lstm', 'activation_func_yyx': 'GELU', 'L2_weight_yyx': 0.00030323602369714756, 'L_entropy_weight_yyx': 2.9352038508450928e-08, 'L_sep_weight_yyx': 4.7321139353498525e-05, 'L_scale_weight_yyx': 2.359163085803576e-06, 'learning_rate_yyx': 0.0028668034576352724}. Best is trial 4 with value: -1.7807932306351817.
[I 2026-03-18 19:08:22,362] Trial 24 finished with value: -0.8303083591658397 and parameters: {'n_layers_yyx': 1, 'hidden_size_yyx_l0': 3, 'context_size_yyx': 2, 'num_mix_components_yyx': 5, 'context_extractor_yyx': 'gru', 'activation_func_yyx': 'Tanh', 'L2_weight_yyx': 5.479886633347996e-10, 'L_entropy_weight_yyx': 6.086452597667681e-10, 'L_sep_weight_yyx': 5.62842024700102e-07, 'L_scale_weight_yyx': 1.174240407829532e-09, 'learning_rate_yyx': 0.006996008920856947}. Best is trial 10 with value: -0.8355233715063007.
[I 2026-03-18 19:08:27,050] Trial 24 pruned. 
[I 2026-03-18 19:08:29,169] Trial 20 pruned. 
[I 2026-03-18 19:08:35,826] Trial 12 finished with value: -2.2865257384581548 and parameters: {'n_layers_yyx': 1, 'hidden_size_yyx_l0': 5, 'context_size_yyx': 4, 'num_mix_components_yyx': 4, 'context_extractor_yyx': 'gru', 'activation_func_yyx': 'ReLU', 'L2_weight_yyx': 1.018312538695754e-06, 'L_entropy_weight_yyx': 1.0264516882307735e-10, 'L_sep_weight_yyx': 7.958515559961077e-06, 'L_scale_weight_yyx': 3.184708360860178e-05, 'learning_rate_yyx': 0.005010584039835999}. Best is trial 1 with value: -2.2866954714752907.
[I 2026-03-18 19:08:36,027] Trial 13 pruned. 
[I 2026-03-18 19:08:36,476] Trial 22 finished with value: -0.8052633671499954 and parameters: {'n_layers_yyx': 2, 'hidden_size_yyx_l0': 4, 'hidden_size_yyx_l1': 6, 'context_size_yyx': 4, 'num_mix_components_yyx': 2, 'context_extractor_yyx': 'lstm', 'activation_func_yyx': 'ReLU', 'L2_weight_yyx': 5.883063238224447e-10, 'L_entropy_weight_yyx': 5.944380601659047e-10, 'L_sep_weight_yyx': 1.2960466187323162e-08, 'L_scale_weight_yyx': 7.435068193013656e-06, 'learning_rate_yyx': 0.009384321523550105}. Best is trial 11 with value: -0.831068616497992.
[I 2026-03-18 19:08:36,895] Trial 25 pruned. 
[I 2026-03-18 19:08:39,965] Trial 11 finished with value: -1.8396262101845946 and parameters: {'n_layers_yyx': 1, 'hidden_size_yyx_l0': 3, 'context_size_yyx': 3, 'num_mix_components_yyx': 3, 'context_extractor_yyx': 'gru', 'activation_func_yyx': 'Tanh', 'L2_weight_yyx': 4.671522801011911e-06, 'L_entropy_weight_yyx': 4.328857799385402e-06, 'L_sep_weight_yyx': 2.105068575046222e-05, 'L_scale_weight_yyx': 5.013326424458289e-09, 'learning_rate_yyx': 0.00922437579135248}. Best is trial 5 with value: -1.864091702761834.
[I 2026-03-18 19:08:42,873] Trial 25 finished with value: -0.8135464779559407 and parameters: {'n_layers_yyx': 1, 'hidden_size_yyx_l0': 5, 'context_size_yyx': 3, 'num_mix_components_yyx': 5, 'context_extractor_yyx': 'gru', 'activation_func_yyx': 'Tanh', 'L2_weight_yyx': 0.00013695326884371437, 'L_entropy_weight_yyx': 5.750192372116951e-09, 'L_sep_weight_yyx': 7.952441387237744e-05, 'L_scale_weight_yyx': 3.035769995577722e-10, 'learning_rate_yyx': 0.005207464242598992}. Best is trial 21 with value: -0.8346943481986244.
[I 2026-03-18 19:08:44,028] Trial 23 pruned. 
[I 2026-03-18 19:08:46,228] Trial 42 pruned. 
[I 2026-03-18 19:08:47,935] Trial 48 finished with value: -0.81854671776911 and parameters: {'n_layers_yyx': 1, 'hidden_size_yyx_l0': 6, 'context_size_yyx': 3, 'num_mix_components_yyx': 1, 'context_extractor_yyx': 'lstm', 'activation_func_yyx': 'Tanh', 'L2_weight_yyx': 8.5986050613284e-05, 'L_entropy_weight_yyx': 5.032615251446002e-09, 'L_sep_weight_yyx': 2.299921407532058e-07, 'L_scale_weight_yyx': 1.7259226278580282e-06, 'learning_rate_yyx': 0.008101281475023613}. Best is trial 1 with value: -0.8328681168211087.
[I 2026-03-18 19:08:49,675] Trial 14 pruned. 
[I 2026-03-18 19:08:50,308] Trial 26 pruned. 
[I 2026-03-18 19:08:50,334] Trial 21 pruned. 
[I 2026-03-18 19:08:55,039] Trial 49 pruned. 

Source events: 3618
Target events: 16159
Full model ln_yyx : 127.86730 nats/sec, 7.12176 nats/event
Full model Log loss : -0.79365
Full model ln_yyx : 132.25821 nats/sec, 7.36632 nats/event
Full model Log loss : -0.83287
Full model ln_yyx : 128.56104 nats/sec, 7.16040 nats/event
Full model Log loss : -0.82210
Full model ln_yyx : 128.87600 nats/sec, 7.17794 nats/event
Full model Log loss : -0.82043
Full model ln_yyx : 128.17218 nats/sec, 7.13874 nats/event
Full model Log loss : -0.82682
Full model ln_yyx : 130.09946 nats/sec, 7.24609 nats/event
Full model Log loss : -0.82411
Full model ln_yyx : 130.06839 nats/sec, 7.24436 nats/event
Full model Log loss : -0.81533
Full model ln_yyx : 127.99174 nats/sec, 7.12869 nats/event
Full model Log loss : -0.82954
Full model ln_yyx : 128.74001 nats/sec, 7.17037 nats/event
Full model Log loss : -0.81270
Full model ln_yyx : 128.36384 nats/sec, 7.14942 nats/event
Full model Log loss : -0.81855
Optimization finished. Config saved to results/opt-full/opt_full_203_best_config.txt
[I 2026-03-18 19:08:55,578] Trial 18 finished with value: -1.7723244854833367 and parameters: {'n_layers_yyx': 1, 'hidden_size_yyx_l0': 5, 'context_size_yyx': 3, 'num_mix_components_yyx': 4, 'context_extractor_yyx': 'lstm', 'activation_func_yyx': 'Tanh', 'L2_weight_yyx': 3.9344988071277895e-10, 'L_entropy_weight_yyx': 4.863571501560525e-05, 'L_sep_weight_yyx': 1.3056361566822684e-07, 'L_scale_weight_yyx': 5.71570564407648e-05, 'learning_rate_yyx': 0.00950402284828971}. Best is trial 2 with value: -1.776406202226865.
[I 2026-03-18 19:08:57,146] Trial 12 pruned. 
[I 2026-03-18 19:08:58,518] Trial 17 finished with value: -2.269182792753516 and parameters: {'n_layers_yyx': 2, 'hidden_size_yyx_l0': 4, 'hidden_size_yyx_l1': 5, 'context_size_yyx': 3, 'num_mix_components_yyx': 4, 'context_extractor_yyx': 'lstm', 'activation_func_yyx': 'ReLU', 'L2_weight_yyx': 1.0279196883689943e-07, 'L_entropy_weight_yyx': 8.204974688441502e-09, 'L_sep_weight_yyx': 9.482255998453404e-05, 'L_scale_weight_yyx': 1.4307086832980088e-09, 'learning_rate_yyx': 0.00538781887578365}. Best is trial 2 with value: -2.272224617884258.
[I 2026-03-18 19:08:58,776] Trial 25 pruned. 
[I 2026-03-18 19:08:59,316] Trial 24 pruned. 
[I 2026-03-18 19:09:01,938] Trial 43 pruned. 
[I 2026-03-18 19:09:01,938] Trial 18 pruned. 
[I 2026-03-18 19:09:06,161] Trial 27 pruned. 
[I 2026-03-18 19:09:06,590] Trial 26 pruned. 
[I 2026-03-18 19:09:07,311] Trial 25 pruned. 
[I 2026-03-18 19:09:08,194] Trial 28 finished with value: -0.8137075855249493 and parameters: {'n_layers_yyx': 1, 'hidden_size_yyx_l0': 3, 'context_size_yyx': 4, 'num_mix_components_yyx': 4, 'context_extractor_yyx': 'gru', 'activation_func_yyx': 'Tanh', 'L2_weight_yyx': 4.309790776312737e-05, 'L_entropy_weight_yyx': 8.667193951535988e-06, 'L_sep_weight_yyx': 4.0206576057834444e-05, 'L_scale_weight_yyx': 8.404100866271348e-07, 'learning_rate_yyx': 0.007239553062008078}. Best is trial 10 with value: -0.8371109842725836.
[I 2026-03-18 19:09:10,265] Trial 46 finished with value: -0.8404465961315432 and parameters: {'n_layers_yyx': 2, 'hidden_size_yyx_l0': 5, 'hidden_size_yyx_l1': 5, 'context_size_yyx': 4, 'num_mix_components_yyx': 1, 'context_extractor_yyx': 'gru', 'activation_func_yyx': 'ReLU', 'L2_weight_yyx': 0.00026041087614004694, 'L_entropy_weight_yyx': 6.035982765318241e-09, 'L_sep_weight_yyx': 2.028086938481579e-06, 'L_scale_weight_yyx': 1.7272405024646304e-08, 'learning_rate_yyx': 0.00874591196801331}. Best is trial 46 with value: -0.8404465961315432.
[I 2026-03-18 19:09:10,265] Trial 43 finished with value: -0.8290619392338673 and parameters: {'n_layers_yyx': 2, 'hidden_size_yyx_l0': 6, 'hidden_size_yyx_l1': 4, 'context_size_yyx': 4, 'num_mix_components_yyx': 3, 'context_extractor_yyx': 'lstm', 'activation_func_yyx': 'Tanh', 'L2_weight_yyx': 2.7093145159558015e-08, 'L_entropy_weight_yyx': 0.00032942827750406887, 'L_sep_weight_yyx': 0.0006390568605126743, 'L_scale_weight_yyx': 4.6885928446683054e-07, 'learning_rate_yyx': 0.005442499911879313}. Best is trial 43 with value: -0.8290619392338673.
[I 2026-03-18 19:09:10,578] Trial 44 pruned. 
[I 2026-03-18 19:09:14,219] Trial 19 pruned. 
[I 2026-03-18 19:09:15,231] Trial 26 pruned. 
[I 2026-03-18 19:09:15,529] Trial 29 pruned. 
[I 2026-03-18 19:09:15,893] Trial 12 finished with value: -2.281020704952148 and parameters: {'n_layers_yyx': 2, 'hidden_size_yyx_l0': 3, 'hidden_size_yyx_l1': 6, 'context_size_yyx': 4, 'num_mix_components_yyx': 5, 'context_extractor_yyx': 'lstm', 'activation_func_yyx': 'GELU', 'L2_weight_yyx': 3.276567774342165e-06, 'L_entropy_weight_yyx': 0.0008606836346691736, 'L_sep_weight_yyx': 0.0004570283117532054, 'L_scale_weight_yyx': 0.0009748085106786138, 'learning_rate_yyx': 0.009602153211347777}. Best is trial 10 with value: -2.2811953358201777.
[I 2026-03-18 19:09:20,692] Trial 28 pruned. 
[I 2026-03-18 19:09:23,846] Trial 30 pruned. 
[I 2026-03-18 19:09:24,031] Trial 14 pruned. 
[I 2026-03-18 19:09:24,055] Trial 27 pruned. 
[I 2026-03-18 19:09:25,595] Trial 47 pruned. 
[I 2026-03-18 19:09:25,616] Trial 45 pruned. 
[I 2026-03-18 19:09:25,866] Trial 44 pruned. 
[I 2026-03-18 19:09:26,395] Trial 26 pruned. 
[I 2026-03-18 19:09:27,949] Trial 29 pruned. 
[I 2026-03-18 19:09:31,126] Trial 22 finished with value: -2.2842254974850826 and parameters: {'n_layers_yyx': 2, 'hidden_size_yyx_l0': 6, 'hidden_size_yyx_l1': 5, 'context_size_yyx': 4, 'num_mix_components_yyx': 3, 'context_extractor_yyx': 'lstm', 'activation_func_yyx': 'ReLU', 'L2_weight_yyx': 5.160418259462458e-09, 'L_entropy_weight_yyx': 0.0001461614002820126, 'L_sep_weight_yyx': 1.3619218515133654e-08, 'L_scale_weight_yyx': 5.570803887690418e-10, 'learning_rate_yyx': 0.009482295874588412}. Best is trial 10 with value: -2.2853422092545133.
[I 2026-03-18 19:09:31,242] Trial 28 pruned. 
[I 2026-03-18 19:09:32,529] Trial 15 pruned. 
[I 2026-03-18 19:09:34,075] Trial 46 pruned. 
[I 2026-03-18 19:09:34,122] Trial 13 finished with value: -2.283141656546435 and parameters: {'n_layers_yyx': 1, 'hidden_size_yyx_l0': 5, 'context_size_yyx': 3, 'num_mix_components_yyx': 5, 'context_extractor_yyx': 'gru', 'activation_func_yyx': 'ReLU', 'L2_weight_yyx': 3.190173839755007e-09, 'L_entropy_weight_yyx': 2.255080795123366e-07, 'L_sep_weight_yyx': 1.032066691959563e-10, 'L_scale_weight_yyx': 1.4289653622678367e-09, 'learning_rate_yyx': 0.0034652797798809263}. Best is trial 10 with value: -2.2831751549112607.
[I 2026-03-18 19:09:34,452] Trial 12 finished with value: -2.2168161654612635 and parameters: {'n_layers_yyx': 1, 'hidden_size_yyx_l0': 4, 'context_size_yyx': 3, 'num_mix_components_yyx': 5, 'context_extractor_yyx': 'lstm', 'activation_func_yyx': 'GELU', 'L2_weight_yyx': 3.2712888418225928e-09, 'L_entropy_weight_yyx': 1.2706354575923745e-07, 'L_sep_weight_yyx': 3.896324387326389e-05, 'L_scale_weight_yyx': 2.320213827131064e-10, 'learning_rate_yyx': 0.005526729023748831}. Best is trial 12 with value: -2.2168161654612635.
[I 2026-03-18 19:09:35,637] Trial 41 finished with value: -0.8143173961554884 and parameters: {'n_layers_yyx': 2, 'hidden_size_yyx_l0': 3, 'hidden_size_yyx_l1': 6, 'context_size_yyx': 1, 'num_mix_components_yyx': 1, 'context_extractor_yyx': 'lstm', 'activation_func_yyx': 'Tanh', 'L2_weight_yyx': 4.6677636146672774e-08, 'L_entropy_weight_yyx': 5.082734575389275e-10, 'L_sep_weight_yyx': 2.567713442936793e-10, 'L_scale_weight_yyx': 2.491652148762023e-08, 'learning_rate_yyx': 0.006674526414228973}. Best is trial 2 with value: -0.8370103483890325.
[I 2026-03-18 19:09:36,109] Trial 30 pruned. 
[I 2026-03-18 19:09:36,691] Trial 40 finished with value: -0.8152623592134417 and parameters: {'n_layers_yyx': 1, 'hidden_size_yyx_l0': 6, 'context_size_yyx': 2, 'num_mix_components_yyx': 1, 'context_extractor_yyx': 'lstm', 'activation_func_yyx': 'GELU', 'L2_weight_yyx': 1.4709762136081286e-06, 'L_entropy_weight_yyx': 7.653402309971785e-10, 'L_sep_weight_yyx': 1.5171212039555024e-09, 'L_scale_weight_yyx': 0.00021751008089545548, 'learning_rate_yyx': 0.004326748584907533}. Best is trial 37 with value: -0.8339115745736013.
[I 2026-03-18 19:09:40,498] Trial 45 pruned. 
[I 2026-03-18 19:09:41,186] Trial 16 pruned. 
[I 2026-03-18 19:09:42,800] Trial 13 pruned. 
[I 2026-03-18 19:09:42,845] Trial 27 pruned. 
[I 2026-03-18 19:09:43,514] Trial 14 pruned. 
[I 2026-03-18 19:09:45,004] Trial 27 pruned. 
[I 2026-03-18 19:09:45,290] Trial 22 finished with value: -1.7727337246999921 and parameters: {'n_layers_yyx': 1, 'hidden_size_yyx_l0': 4, 'context_size_yyx': 4, 'num_mix_components_yyx': 1, 'context_extractor_yyx': 'lstm', 'activation_func_yyx': 'GELU', 'L2_weight_yyx': 4.613343742054354e-09, 'L_entropy_weight_yyx': 5.355780332713108e-09, 'L_sep_weight_yyx': 3.9087449323407386e-05, 'L_scale_weight_yyx': 3.6439529960215104e-05, 'learning_rate_yyx': 0.001189766192883625}. Best is trial 4 with value: -1.7775746924677662.
[I 2026-03-18 19:09:48,396] Trial 46 pruned. 
[I 2026-03-18 19:09:49,504] Trial 47 pruned. 
[I 2026-03-18 19:09:49,590] Trial 39 finished with value: -0.8186853090452478 and parameters: {'n_layers_yyx': 1, 'hidden_size_yyx_l0': 6, 'context_size_yyx': 4, 'num_mix_components_yyx': 4, 'context_extractor_yyx': 'lstm', 'activation_func_yyx': 'Tanh', 'L2_weight_yyx': 1.205901800252395e-08, 'L_entropy_weight_yyx': 0.00012761802989641352, 'L_sep_weight_yyx': 0.00012469192382357053, 'L_scale_weight_yyx': 1.4891708139696539e-06, 'learning_rate_yyx': 0.0014461547007261735}. Best is trial 37 with value: -0.8340322474785358.
[I 2026-03-18 19:09:49,891] Trial 28 pruned. 
[I 2026-03-18 19:09:54,366] Trial 23 pruned. 
[I 2026-03-18 19:09:55,888] Trial 47 pruned. 
[I 2026-03-18 19:09:57,870] Trial 48 pruned. 
[I 2026-03-18 19:09:59,181] Trial 14 finished with value: -1.783081572561553 and parameters: {'n_layers_yyx': 2, 'hidden_size_yyx_l0': 2, 'hidden_size_yyx_l1': 5, 'context_size_yyx': 1, 'num_mix_components_yyx': 5, 'context_extractor_yyx': 'gru', 'activation_func_yyx': 'ReLU', 'L2_weight_yyx': 0.0001116814642477657, 'L_entropy_weight_yyx': 1.1735260143172802e-05, 'L_sep_weight_yyx': 6.005427703954174e-07, 'L_scale_weight_yyx': 1.5269798293867108e-08, 'learning_rate_yyx': 0.009646014998433735}. Best is trial 4 with value: -1.784507205847538.
[I 2026-03-18 19:10:00,156] Trial 19 pruned. 
[I 2026-03-18 19:10:00,227] Trial 20 pruned. 
[I 2026-03-18 19:10:02,755] Trial 18 finished with value: -1.7861539220328282 and parameters: {'n_layers_yyx': 1, 'hidden_size_yyx_l0': 5, 'context_size_yyx': 1, 'num_mix_components_yyx': 5, 'context_extractor_yyx': 'lstm', 'activation_func_yyx': 'GELU', 'L2_weight_yyx': 0.00014387493073071906, 'L_entropy_weight_yyx': 5.537275157635528e-09, 'L_sep_weight_yyx': 1.8638574094544232e-05, 'L_scale_weight_yyx': 0.0006425843178043751, 'learning_rate_yyx': 0.009408335329957678}. Best is trial 18 with value: -1.7861539220328282.
[I 2026-03-18 19:10:04,092] Trial 48 pruned. 
[I 2026-03-18 19:10:04,805] Trial 28 pruned. 
[I 2026-03-18 19:10:04,806] Trial 29 pruned. 
[I 2026-03-18 19:10:05,170] Trial 15 pruned. 
[I 2026-03-18 19:10:07,232] Trial 18 finished with value: -2.2732639198985773 and parameters: {'n_layers_yyx': 2, 'hidden_size_yyx_l0': 3, 'hidden_size_yyx_l1': 5, 'context_size_yyx': 2, 'num_mix_components_yyx': 5, 'context_extractor_yyx': 'lstm', 'activation_func_yyx': 'Tanh', 'L2_weight_yyx': 1.181682607817234e-07, 'L_entropy_weight_yyx': 0.0004840599478522792, 'L_sep_weight_yyx': 1.6761673994411442e-08, 'L_scale_weight_yyx': 4.26427739976207e-06, 'learning_rate_yyx': 0.006487744115831226}. Best is trial 18 with value: -2.2732639198985773.
[I 2026-03-18 19:10:09,242] Trial 15 pruned. 
[I 2026-03-18 19:10:09,409] Trial 21 pruned. 
[I 2026-03-18 19:10:10,627] Trial 42 pruned. 
[I 2026-03-18 19:10:11,505] Trial 41 pruned. 
[I 2026-03-18 19:10:11,928] Trial 30 pruned. 
[I 2026-03-18 19:10:12,447] Trial 49 pruned. 

Source events: 3618
Target events: 11540
Full model ln_yyx : 90.43371 nats/sec, 7.05289 nats/event
Full model Log loss : -0.78500
Full model ln_yyx : 91.13842 nats/sec, 7.10785 nats/event
Full model Log loss : -0.79022
Full model ln_yyx : 92.63388 nats/sec, 7.22448 nats/event
Full model Log loss : -0.82779
Full model ln_yyx : 92.27479 nats/sec, 7.19647 nats/event
Full model Log loss : -0.81221
Full model ln_yyx : 91.32637 nats/sec, 7.12251 nats/event
Full model Log loss : -0.80091
Full model ln_yyx : 91.00722 nats/sec, 7.09762 nats/event
Full model Log loss : -0.79896
Full model ln_yyx : 93.80124 nats/sec, 7.31552 nats/event
Full model Log loss : -0.82787
Full model ln_yyx : 92.66911 nats/sec, 7.22723 nats/event
Full model Log loss : -0.81470
Full model ln_yyx : 92.91352 nats/sec, 7.24629 nats/event
Full model Log loss : -0.82228
Full model ln_yyx : 92.00303 nats/sec, 7.17528 nats/event
Full model Log loss : -0.81072
Full model ln_yyx : 92.91488 nats/sec, 7.24639 nats/event
Full model Log loss : -0.82906
Optimization finished. Config saved to results/opt-full/opt_full_202_best_config.txt
[I 2026-03-18 19:10:14,036] Trial 29 pruned. 
[I 2026-03-18 19:10:14,890] Trial 22 finished with value: -2.2831488881292077 and parameters: {'n_layers_yyx': 1, 'hidden_size_yyx_l0': 6, 'context_size_yyx': 4, 'num_mix_components_yyx': 4, 'context_extractor_yyx': 'gru', 'activation_func_yyx': 'Tanh', 'L2_weight_yyx': 0.00017761714864264052, 'L_entropy_weight_yyx': 9.426709936065605e-09, 'L_sep_weight_yyx': 1.6891998277976823e-09, 'L_scale_weight_yyx': 9.790253757794788e-07, 'learning_rate_yyx': 0.009924780547236445}. Best is trial 1 with value: -2.2881647079635865.
[I 2026-03-18 19:10:15,271] Trial 12 finished with value: -2.2744839279567013 and parameters: {'n_layers_yyx': 1, 'hidden_size_yyx_l0': 5, 'context_size_yyx': 4, 'num_mix_components_yyx': 2, 'context_extractor_yyx': 'gru', 'activation_func_yyx': 'GELU', 'L2_weight_yyx': 1.1897380085389027e-10, 'L_entropy_weight_yyx': 2.056968247018585e-10, 'L_sep_weight_yyx': 1.318054503917251e-05, 'L_scale_weight_yyx': 2.0958220451541494e-05, 'learning_rate_yyx': 0.009268904670663002}. Best is trial 11 with value: -2.287895645272338.
[I 2026-03-18 19:10:18,224] Trial 16 pruned. 
[I 2026-03-18 19:10:19,289] Trial 42 pruned. 
[I 2026-03-18 19:10:22,334] Trial 15 finished with value: -2.2578508251131764 and parameters: {'n_layers_yyx': 2, 'hidden_size_yyx_l0': 5, 'hidden_size_yyx_l1': 2, 'context_size_yyx': 3, 'num_mix_components_yyx': 3, 'context_extractor_yyx': 'lstm', 'activation_func_yyx': 'ReLU', 'L2_weight_yyx': 1.1011590091069397e-10, 'L_entropy_weight_yyx': 0.00016303753279285965, 'L_sep_weight_yyx': 8.20567875588619e-06, 'L_scale_weight_yyx': 1.5793968151232745e-08, 'learning_rate_yyx': 0.006204248137154055}. Best is trial 8 with value: -2.2706079849369587.
[I 2026-03-18 19:10:23,636] Trial 22 finished with value: -2.2897814149518054 and parameters: {'n_layers_yyx': 2, 'hidden_size_yyx_l0': 3, 'hidden_size_yyx_l1': 5, 'context_size_yyx': 4, 'num_mix_components_yyx': 4, 'context_extractor_yyx': 'gru', 'activation_func_yyx': 'Tanh', 'L2_weight_yyx': 8.180737948684306e-08, 'L_entropy_weight_yyx': 3.4126663622096805e-09, 'L_sep_weight_yyx': 9.438669251166633e-06, 'L_scale_weight_yyx': 0.000333215924807832, 'learning_rate_yyx': 0.005787489008409955}. Best is trial 22 with value: -2.2897814149518054.
[I 2026-03-18 19:10:27,051] Trial 43 pruned. 
[I 2026-03-18 19:10:27,903] Trial 13 finished with value: -2.2826614137086905 and parameters: {'n_layers_yyx': 1, 'hidden_size_yyx_l0': 5, 'context_size_yyx': 3, 'num_mix_components_yyx': 5, 'context_extractor_yyx': 'gru', 'activation_func_yyx': 'Tanh', 'L2_weight_yyx': 2.989891730257781e-06, 'L_entropy_weight_yyx': 1.0049487264450607e-10, 'L_sep_weight_yyx': 5.897807476884019e-05, 'L_scale_weight_yyx': 3.581708354494857e-05, 'learning_rate_yyx': 0.009440627792389812}. Best is trial 1 with value: -2.2866954714752907.
[I 2026-03-18 19:10:28,050] Trial 31 finished with value: -0.8224603830447401 and parameters: {'n_layers_yyx': 1, 'hidden_size_yyx_l0': 3, 'context_size_yyx': 4, 'num_mix_components_yyx': 3, 'context_extractor_yyx': 'gru', 'activation_func_yyx': 'ReLU', 'L2_weight_yyx': 7.020525792395227e-08, 'L_entropy_weight_yyx': 4.6753625285081243e-07, 'L_sep_weight_yyx': 0.0008465642441126022, 'L_scale_weight_yyx': 2.021448973374093e-10, 'learning_rate_yyx': 0.009947201952411888}. Best is trial 10 with value: -0.8371109842725836.
[I 2026-03-18 19:10:28,548] Trial 23 pruned. 
[I 2026-03-18 19:10:28,551] Trial 17 pruned. 
[I 2026-03-18 19:10:30,050] Trial 28 finished with value: -1.7796757824737626 and parameters: {'n_layers_yyx': 2, 'hidden_size_yyx_l0': 4, 'hidden_size_yyx_l1': 4, 'context_size_yyx': 4, 'num_mix_components_yyx': 1, 'context_extractor_yyx': 'gru', 'activation_func_yyx': 'Tanh', 'L2_weight_yyx': 1.3558578416314238e-06, 'L_entropy_weight_yyx': 4.766623732323194e-10, 'L_sep_weight_yyx': 2.0470346950113556e-09, 'L_scale_weight_yyx': 0.00010506671025670526, 'learning_rate_yyx': 0.007381102179741916}. Best is trial 4 with value: -1.7807932306351817.
[I 2026-03-18 19:10:31,577] Trial 30 pruned. 
[I 2026-03-18 19:10:32,850] Trial 34 finished with value: -0.9153118448100168 and parameters: {'n_layers_yyx': 1, 'hidden_size_yyx_l0': 5, 'context_size_yyx': 2, 'num_mix_components_yyx': 2, 'context_extractor_yyx': 'lstm', 'activation_func_yyx': 'GELU', 'L2_weight_yyx': 2.5047145601689924e-05, 'L_entropy_weight_yyx': 4.1688172331939284e-10, 'L_sep_weight_yyx': 5.910722416646298e-07, 'L_scale_weight_yyx': 2.339980518308133e-05, 'learning_rate_yyx': 0.0039771889853383886}. Best is trial 12 with value: -0.9172403773089042.
[I 2026-03-18 19:10:32,864] Trial 16 pruned. 
[I 2026-03-18 19:10:33,823] Trial 49 pruned. 

Source events: 3618
Target events: 27060
Full model ln_yyx : 222.09279 nats/sec, 7.38668 nats/event
Full model Log loss : -0.82796
Full model ln_yyx : 212.48591 nats/sec, 7.06716 nats/event
Full model Log loss : -0.80428
Full model ln_yyx : 215.62983 nats/sec, 7.17172 nats/event
Full model Log loss : -0.79916
Full model ln_yyx : 215.73014 nats/sec, 7.17506 nats/event
Full model Log loss : -0.81280
Full model ln_yyx : 215.76267 nats/sec, 7.17614 nats/event
Full model Log loss : -0.80525
Full model ln_yyx : 218.63806 nats/sec, 7.27178 nats/event
Full model Log loss : -0.81147
Full model ln_yyx : 215.50769 nats/sec, 7.16766 nats/event
Full model Log loss : -0.80783
Full model ln_yyx : 218.39522 nats/sec, 7.26370 nats/event
Full model Log loss : -0.83691
Full model ln_yyx : 201.80584 nats/sec, 6.71195 nats/event
Full model Log loss : -0.76462
Optimization finished. Config saved to results/opt-full/opt_full_194_best_config.txt
[I 2026-03-18 19:10:34,254] Trial 48 finished with value: -0.8277948962708872 and parameters: {'n_layers_yyx': 2, 'hidden_size_yyx_l0': 4, 'hidden_size_yyx_l1': 5, 'context_size_yyx': 4, 'num_mix_components_yyx': 1, 'context_extractor_yyx': 'gru', 'activation_func_yyx': 'ReLU', 'L2_weight_yyx': 0.00011864959878356326, 'L_entropy_weight_yyx': 1.5705186981470899e-09, 'L_sep_weight_yyx': 4.401435515758551e-07, 'L_scale_weight_yyx': 3.0274010440512905e-09, 'learning_rate_yyx': 0.00885639338070345}. Best is trial 46 with value: -0.8404465961315432.
[I 2026-03-18 19:10:35,247] Trial 32 pruned. 
[I 2026-03-18 19:10:36,671] Trial 23 pruned. 
[I 2026-03-18 19:10:38,310] Trial 17 pruned. 
[I 2026-03-18 19:10:39,192] Trial 14 pruned. 
[I 2026-03-18 19:10:40,562] Trial 29 finished with value: -0.7950240435241068 and parameters: {'n_layers_yyx': 2, 'hidden_size_yyx_l0': 6, 'hidden_size_yyx_l1': 5, 'context_size_yyx': 1, 'num_mix_components_yyx': 3, 'context_extractor_yyx': 'gru', 'activation_func_yyx': 'Tanh', 'L2_weight_yyx': 1.0587177108051506e-10, 'L_entropy_weight_yyx': 3.313888865599335e-08, 'L_sep_weight_yyx': 2.6729972367446036e-06, 'L_scale_weight_yyx': 0.00014219383795207336, 'learning_rate_yyx': 0.005035115310478747}. Best is trial 11 with value: -0.831068616497992.
[I 2026-03-18 19:10:40,589] Trial 35 pruned. 
[I 2026-03-18 19:10:41,348] Trial 49 pruned. 

Source events: 3618
Target events: 40082
Full model ln_yyx : 321.52317 nats/sec, 7.21947 nats/event
Full model Log loss : -0.80879
Full model ln_yyx : 325.20311 nats/sec, 7.30210 nats/event
Full model Log loss : -0.82287
Full model ln_yyx : 312.60345 nats/sec, 7.01919 nats/event
Full model Log loss : -0.80849
Full model ln_yyx : 327.94652 nats/sec, 7.36370 nats/event
Full model Log loss : -0.82107
Full model ln_yyx : 317.66505 nats/sec, 7.13284 nats/event
Full model Log loss : -0.80722
Full model ln_yyx : 322.92204 nats/sec, 7.25088 nats/event
Full model Log loss : -0.80796
Full model ln_yyx : 326.31327 nats/sec, 7.32703 nats/event
Full model Log loss : -0.83065
Full model ln_yyx : 314.88661 nats/sec, 7.07045 nats/event
Full model Log loss : -0.79704
Full model ln_yyx : 329.94599 nats/sec, 7.40860 nats/event
Full model Log loss : -0.84045
Full model ln_yyx : 329.55491 nats/sec, 7.39982 nats/event
Full model Log loss : -0.82779
Optimization finished. Config saved to results/opt-full/opt_full_192_best_config.txt
[I 2026-03-18 19:10:41,910] Trial 24 pruned. 
[I 2026-03-18 19:10:43,559] Trial 17 pruned. 
[I 2026-03-18 19:10:46,554] Trial 31 pruned. 
[I 2026-03-18 19:10:47,488] Trial 36 pruned. 
[I 2026-03-18 19:10:47,672] Trial 18 pruned. 
[I 2026-03-18 19:10:50,166] Trial 25 pruned. 
[I 2026-03-18 19:10:50,523] Trial 13 finished with value: -2.269044110717473 and parameters: {'n_layers_yyx': 2, 'hidden_size_yyx_l0': 2, 'hidden_size_yyx_l1': 6, 'context_size_yyx': 4, 'num_mix_components_yyx': 4, 'context_extractor_yyx': 'lstm', 'activation_func_yyx': 'GELU', 'L2_weight_yyx': 5.322986250002737e-06, 'L_entropy_weight_yyx': 0.0009565341768156575, 'L_sep_weight_yyx': 0.0006328405184170643, 'L_scale_weight_yyx': 0.00029877939335492816, 'learning_rate_yyx': 0.009495819848225966}. Best is trial 10 with value: -2.2811953358201777.
[I 2026-03-18 19:10:54,264] Trial 37 pruned. 
[I 2026-03-18 19:10:57,874] Trial 24 pruned. 
[I 2026-03-18 19:11:00,562] Trial 15 pruned. 
[I 2026-03-18 19:11:02,709] Trial 31 finished with value: -0.8341429807586895 and parameters: {'n_layers_yyx': 1, 'hidden_size_yyx_l0': 2, 'context_size_yyx': 2, 'num_mix_components_yyx': 5, 'context_extractor_yyx': 'gru', 'activation_func_yyx': 'Tanh', 'L2_weight_yyx': 0.000268436124092715, 'L_entropy_weight_yyx': 1.852366068749641e-08, 'L_sep_weight_yyx': 7.615607545881825e-07, 'L_scale_weight_yyx': 2.670075402986274e-10, 'learning_rate_yyx': 0.009623846173099873}. Best is trial 21 with value: -0.8346943481986244.
[I 2026-03-18 19:11:03,725] Trial 18 pruned. 
[I 2026-03-18 19:11:05,272] Trial 19 pruned. 
[I 2026-03-18 19:11:06,462] Trial 26 pruned. 
[I 2026-03-18 19:11:08,255] Trial 38 pruned. 
[I 2026-03-18 19:11:10,285] Trial 32 pruned. 
[I 2026-03-18 19:11:11,977] Trial 13 pruned. 
[I 2026-03-18 19:11:12,479] Trial 40 finished with value: -0.8278542635535913 and parameters: {'n_layers_yyx': 2, 'hidden_size_yyx_l0': 5, 'hidden_size_yyx_l1': 6, 'context_size_yyx': 4, 'num_mix_components_yyx': 3, 'context_extractor_yyx': 'lstm', 'activation_func_yyx': 'Tanh', 'L2_weight_yyx': 7.251314379284797e-08, 'L_entropy_weight_yyx': 1.7508195379442563e-06, 'L_sep_weight_yyx': 5.370737639363685e-05, 'L_scale_weight_yyx': 9.726947395733922e-08, 'learning_rate_yyx': 0.00187592878256183}. Best is trial 37 with value: -0.8340322474785358.
[I 2026-03-18 19:11:13,513] Trial 18 pruned. 
[I 2026-03-18 19:11:14,128] Trial 20 pruned. 
[I 2026-03-18 19:11:14,928] Trial 43 finished with value: -0.813749327441262 and parameters: {'n_layers_yyx': 2, 'hidden_size_yyx_l0': 2, 'hidden_size_yyx_l1': 6, 'context_size_yyx': 1, 'num_mix_components_yyx': 1, 'context_extractor_yyx': 'lstm', 'activation_func_yyx': 'Tanh', 'L2_weight_yyx': 2.113797506578709e-08, 'L_entropy_weight_yyx': 2.1697968295956272e-09, 'L_sep_weight_yyx': 3.311017241318459e-05, 'L_scale_weight_yyx': 2.1325406618669497e-10, 'learning_rate_yyx': 0.005332884022387189}. Best is trial 2 with value: -0.8370103483890325.
[I 2026-03-18 19:11:15,593] Trial 39 pruned. 
[I 2026-03-18 19:11:18,983] Trial 32 pruned. 
[I 2026-03-18 19:11:22,202] Trial 16 pruned. 
[I 2026-03-18 19:11:22,954] Trial 19 pruned. 
[I 2026-03-18 19:11:29,221] Trial 44 pruned. 
[I 2026-03-18 19:11:31,555] Trial 20 pruned. 
[I 2026-03-18 19:11:32,559] Trial 33 pruned. 
[I 2026-03-18 19:11:34,504] Trial 14 pruned. 
[I 2026-03-18 19:11:36,875] Trial 14 finished with value: -1.863716537233383 and parameters: {'n_layers_yyx': 2, 'hidden_size_yyx_l0': 3, 'hidden_size_yyx_l1': 5, 'context_size_yyx': 3, 'num_mix_components_yyx': 2, 'context_extractor_yyx': 'lstm', 'activation_func_yyx': 'GELU', 'L2_weight_yyx': 8.150560677333794e-09, 'L_entropy_weight_yyx': 4.5465000483446676e-07, 'L_sep_weight_yyx': 5.6160564288021665e-08, 'L_scale_weight_yyx': 8.201255268419125e-09, 'learning_rate_yyx': 0.005654052622170016}. Best is trial 5 with value: -1.864091702761834.
[I 2026-03-18 19:11:39,003] Trial 33 finished with value: -0.8262103037080525 and parameters: {'n_layers_yyx': 1, 'hidden_size_yyx_l0': 2, 'context_size_yyx': 4, 'num_mix_components_yyx': 4, 'context_extractor_yyx': 'gru', 'activation_func_yyx': 'ReLU', 'L2_weight_yyx': 2.1805147768792163e-07, 'L_entropy_weight_yyx': 2.1957746012207113e-06, 'L_sep_weight_yyx': 0.0002863301923751849, 'L_scale_weight_yyx': 1.0321128283781613e-10, 'learning_rate_yyx': 0.009893735222354642}. Best is trial 10 with value: -0.8371109842725836.
[I 2026-03-18 19:11:42,607] Trial 45 pruned. 
[I 2026-03-18 19:11:45,427] Trial 15 pruned. 
[I 2026-03-18 19:11:45,563] Trial 14 pruned. 
[I 2026-03-18 19:11:46,193] Trial 15 pruned. 
[I 2026-03-18 19:11:48,583] Trial 40 pruned. 
[I 2026-03-18 19:11:50,665] Trial 21 pruned. 
[I 2026-03-18 19:11:50,818] Trial 27 pruned. 
[I 2026-03-18 19:11:52,800] Trial 34 pruned. 
[I 2026-03-18 19:11:53,417] Trial 25 pruned. 
[I 2026-03-18 19:11:58,200] Trial 19 pruned. 
[I 2026-03-18 19:11:58,758] Trial 44 pruned. 
[I 2026-03-18 19:11:59,045] Trial 28 pruned. 
[I 2026-03-18 19:12:03,953] Trial 26 pruned. 
[I 2026-03-18 19:12:07,532] Trial 19 finished with value: -2.266666131749542 and parameters: {'n_layers_yyx': 2, 'hidden_size_yyx_l0': 6, 'hidden_size_yyx_l1': 5, 'context_size_yyx': 2, 'num_mix_components_yyx': 5, 'context_extractor_yyx': 'lstm', 'activation_func_yyx': 'Tanh', 'L2_weight_yyx': 2.2777790971679912e-07, 'L_entropy_weight_yyx': 0.0007137833886250378, 'L_sep_weight_yyx': 9.61200328364132e-09, 'L_scale_weight_yyx': 4.87486306225778e-06, 'learning_rate_yyx': 0.006651343421711487}. Best is trial 18 with value: -2.2732639198985773.
[I 2026-03-18 19:12:07,640] Trial 22 pruned. 
[I 2026-03-18 19:12:07,992] Trial 16 pruned. 
[I 2026-03-18 19:12:08,040] Trial 18 finished with value: -2.2703585094332634 and parameters: {'n_layers_yyx': 2, 'hidden_size_yyx_l0': 3, 'hidden_size_yyx_l1': 6, 'context_size_yyx': 2, 'num_mix_components_yyx': 4, 'context_extractor_yyx': 'lstm', 'activation_func_yyx': 'Tanh', 'L2_weight_yyx': 3.6224296050995248e-09, 'L_entropy_weight_yyx': 2.1108258654454756e-09, 'L_sep_weight_yyx': 0.00011108244064100459, 'L_scale_weight_yyx': 4.555828723999427e-10, 'learning_rate_yyx': 0.005375698183538865}. Best is trial 2 with value: -2.272224617884258.
[I 2026-03-18 19:12:08,097] Trial 35 pruned. 
[I 2026-03-18 19:12:10,077] Trial 19 finished with value: -1.7806417939157198 and parameters: {'n_layers_yyx': 1, 'hidden_size_yyx_l0': 5, 'context_size_yyx': 2, 'num_mix_components_yyx': 4, 'context_extractor_yyx': 'lstm', 'activation_func_yyx': 'GELU', 'L2_weight_yyx': 6.979416482419839e-05, 'L_entropy_weight_yyx': 3.2803238629492386e-06, 'L_sep_weight_yyx': 1.4926946744054165e-05, 'L_scale_weight_yyx': 0.0004659548339305, 'learning_rate_yyx': 0.009777059468151642}. Best is trial 18 with value: -1.7861539220328282.
[I 2026-03-18 19:12:14,127] Trial 45 pruned. 
[I 2026-03-18 19:12:15,431] Trial 36 pruned. 
[I 2026-03-18 19:12:20,197] Trial 41 pruned. 
[I 2026-03-18 19:12:25,116] Trial 23 pruned. 
[I 2026-03-18 19:12:26,609] Trial 27 pruned. 
[I 2026-03-18 19:12:27,652] Trial 42 pruned. 
[I 2026-03-18 19:12:28,363] Trial 20 pruned. 
[I 2026-03-18 19:12:28,652] Trial 34 finished with value: -0.7976058216179491 and parameters: {'n_layers_yyx': 1, 'hidden_size_yyx_l0': 4, 'context_size_yyx': 1, 'num_mix_components_yyx': 5, 'context_extractor_yyx': 'gru', 'activation_func_yyx': 'Tanh', 'L2_weight_yyx': 6.475284198747237e-05, 'L_entropy_weight_yyx': 1.9203903858665975e-08, 'L_sep_weight_yyx': 9.906163972344963e-05, 'L_scale_weight_yyx': 0.0001983353448945477, 'learning_rate_yyx': 0.007740564029670331}. Best is trial 10 with value: -0.8355233715063007.
[I 2026-03-18 19:12:29,149] Trial 20 finished with value: -2.2777204395928403 and parameters: {'n_layers_yyx': 2, 'hidden_size_yyx_l0': 6, 'hidden_size_yyx_l1': 5, 'context_size_yyx': 4, 'num_mix_components_yyx': 3, 'context_extractor_yyx': 'gru', 'activation_func_yyx': 'ReLU', 'L2_weight_yyx': 4.802073468760108e-09, 'L_entropy_weight_yyx': 8.443998101054329e-08, 'L_sep_weight_yyx': 3.992313233413975e-06, 'L_scale_weight_yyx': 6.920870161457906e-07, 'learning_rate_yyx': 0.002573214696419257}. Best is trial 3 with value: -2.278758564192965.
[I 2026-03-18 19:12:29,565] Trial 13 finished with value: -2.2087701790537877 and parameters: {'n_layers_yyx': 1, 'hidden_size_yyx_l0': 3, 'context_size_yyx': 4, 'num_mix_components_yyx': 4, 'context_extractor_yyx': 'lstm', 'activation_func_yyx': 'Tanh', 'L2_weight_yyx': 1.396692484965582e-08, 'L_entropy_weight_yyx': 1.6339993458565464e-07, 'L_sep_weight_yyx': 0.0009034124391347526, 'L_scale_weight_yyx': 2.355463110239034e-10, 'learning_rate_yyx': 0.005263127113733482}. Best is trial 12 with value: -2.2168161654612635.
[I 2026-03-18 19:12:30,717] Trial 37 pruned. 
[I 2026-03-18 19:12:30,841] Trial 31 finished with value: -1.7657681747574216 and parameters: {'n_layers_yyx': 2, 'hidden_size_yyx_l0': 6, 'hidden_size_yyx_l1': 4, 'context_size_yyx': 2, 'num_mix_components_yyx': 1, 'context_extractor_yyx': 'lstm', 'activation_func_yyx': 'ReLU', 'L2_weight_yyx': 1.15670963480572e-09, 'L_entropy_weight_yyx': 5.804380139481248e-10, 'L_sep_weight_yyx': 1.490500472405653e-08, 'L_scale_weight_yyx': 2.7333586768223227e-08, 'learning_rate_yyx': 0.008425443953961288}. Best is trial 1 with value: -1.7684712210476057.
[I 2026-03-18 19:12:32,775] Trial 24 finished with value: -2.2796383431666922 and parameters: {'n_layers_yyx': 2, 'hidden_size_yyx_l0': 5, 'hidden_size_yyx_l1': 5, 'context_size_yyx': 3, 'num_mix_components_yyx': 3, 'context_extractor_yyx': 'lstm', 'activation_func_yyx': 'ReLU', 'L2_weight_yyx': 4.921755096464928e-10, 'L_entropy_weight_yyx': 4.7805304061849044e-05, 'L_sep_weight_yyx': 4.105740165294973e-08, 'L_scale_weight_yyx': 7.002995276748378e-10, 'learning_rate_yyx': 0.005535914392048462}. Best is trial 10 with value: -2.2853422092545133.
[I 2026-03-18 19:12:33,556] Trial 41 finished with value: -0.8275979068818086 and parameters: {'n_layers_yyx': 2, 'hidden_size_yyx_l0': 5, 'hidden_size_yyx_l1': 6, 'context_size_yyx': 4, 'num_mix_components_yyx': 3, 'context_extractor_yyx': 'lstm', 'activation_func_yyx': 'Tanh', 'L2_weight_yyx': 6.003735732068967e-08, 'L_entropy_weight_yyx': 3.320119125707568e-06, 'L_sep_weight_yyx': 3.06060392140497e-05, 'L_scale_weight_yyx': 4.5304207039530097e-10, 'learning_rate_yyx': 0.001793095422443931}. Best is trial 37 with value: -0.8340322474785358.
[I 2026-03-18 19:12:34,882] Trial 43 pruned. 
[I 2026-03-18 19:12:36,362] Trial 21 pruned. 
[I 2026-03-18 19:12:38,299] Trial 38 pruned. 
[I 2026-03-18 19:12:38,795] Trial 14 pruned. 
[I 2026-03-18 19:12:40,131] Trial 46 finished with value: -0.8320776799933068 and parameters: {'n_layers_yyx': 2, 'hidden_size_yyx_l0': 5, 'hidden_size_yyx_l1': 5, 'context_size_yyx': 1, 'num_mix_components_yyx': 4, 'context_extractor_yyx': 'lstm', 'activation_func_yyx': 'Tanh', 'L2_weight_yyx': 6.5163850555734914e-09, 'L_entropy_weight_yyx': 1.3530724516090142e-10, 'L_sep_weight_yyx': 1.108461202722268e-06, 'L_scale_weight_yyx': 2.2953317550340007e-06, 'learning_rate_yyx': 0.0072585422204885395}. Best is trial 2 with value: -0.8370103483890325.
[I 2026-03-18 19:12:40,317] Trial 33 finished with value: -0.8347344222413913 and parameters: {'n_layers_yyx': 1, 'hidden_size_yyx_l0': 2, 'context_size_yyx': 2, 'num_mix_components_yyx': 5, 'context_extractor_yyx': 'gru', 'activation_func_yyx': 'Tanh', 'L2_weight_yyx': 0.0003225166194740707, 'L_entropy_weight_yyx': 2.597351731657473e-09, 'L_sep_weight_yyx': 5.207312353082413e-07, 'L_scale_weight_yyx': 5.103592413510476e-10, 'learning_rate_yyx': 0.00888495307086026}. Best is trial 33 with value: -0.8347344222413913.
[I 2026-03-18 19:12:41,404] Trial 42 pruned. 
[I 2026-03-18 19:12:41,605] Trial 44 pruned. 
[I 2026-03-18 19:12:45,766] Trial 29 pruned. 
[I 2026-03-18 19:12:47,188] Trial 28 pruned. 
[I 2026-03-18 19:12:48,303] Trial 22 finished with value: -1.7556932389468891 and parameters: {'n_layers_yyx': 1, 'hidden_size_yyx_l0': 5, 'context_size_yyx': 2, 'num_mix_components_yyx': 3, 'context_extractor_yyx': 'gru', 'activation_func_yyx': 'GELU', 'L2_weight_yyx': 8.959970330801658e-10, 'L_entropy_weight_yyx': 8.348620514536762e-06, 'L_sep_weight_yyx': 9.549087404750041e-08, 'L_scale_weight_yyx': 1.016788588067716e-10, 'learning_rate_yyx': 0.0038887216802110155}. Best is trial 2 with value: -1.776406202226865.
[I 2026-03-18 19:12:48,642] Trial 43 pruned. 
[I 2026-03-18 19:12:50,264] Trial 29 finished with value: -1.7791796997376252 and parameters: {'n_layers_yyx': 2, 'hidden_size_yyx_l0': 4, 'hidden_size_yyx_l1': 4, 'context_size_yyx': 4, 'num_mix_components_yyx': 2, 'context_extractor_yyx': 'gru', 'activation_func_yyx': 'Tanh', 'L2_weight_yyx': 1.6497428277173906e-06, 'L_entropy_weight_yyx': 4.401577453874815e-10, 'L_sep_weight_yyx': 4.701104182465852e-10, 'L_scale_weight_yyx': 0.00013028777925280555, 'learning_rate_yyx': 0.007159324561982033}. Best is trial 4 with value: -1.7807932306351817.
[I 2026-03-18 19:12:52,358] Trial 39 pruned. 
[I 2026-03-18 19:12:53,740] Trial 47 pruned. 
[I 2026-03-18 19:12:53,740] Trial 25 pruned. 
[I 2026-03-18 19:12:54,426] Trial 34 pruned. 
[I 2026-03-18 19:12:54,734] Trial 30 pruned. 
[I 2026-03-18 19:12:57,565] Trial 15 pruned. 
[I 2026-03-18 19:12:57,964] Trial 29 pruned. 
[I 2026-03-18 19:12:59,182] Trial 35 pruned. 
[I 2026-03-18 19:12:59,182] Trial 40 pruned. 
[I 2026-03-18 19:12:59,637] Trial 30 finished with value: -0.8342147669376616 and parameters: {'n_layers_yyx': 1, 'hidden_size_yyx_l0': 5, 'context_size_yyx': 4, 'num_mix_components_yyx': 5, 'context_extractor_yyx': 'lstm', 'activation_func_yyx': 'GELU', 'L2_weight_yyx': 1.7958839295315778e-07, 'L_entropy_weight_yyx': 6.6537073773633156e-09, 'L_sep_weight_yyx': 3.428400606888599e-10, 'L_scale_weight_yyx': 1.0960905177907457e-06, 'learning_rate_yyx': 0.0017216571978883406}. Best is trial 30 with value: -0.8342147669376616.
[I 2026-03-18 19:13:00,827] Trial 23 finished with value: -2.2848368650550794 and parameters: {'n_layers_yyx': 2, 'hidden_size_yyx_l0': 2, 'hidden_size_yyx_l1': 5, 'context_size_yyx': 4, 'num_mix_components_yyx': 5, 'context_extractor_yyx': 'gru', 'activation_func_yyx': 'Tanh', 'L2_weight_yyx': 6.61023663288129e-08, 'L_entropy_weight_yyx': 1.3619684387272398e-09, 'L_sep_weight_yyx': 6.444043384396606e-06, 'L_scale_weight_yyx': 2.2887779913856044e-05, 'learning_rate_yyx': 0.006618192421899886}. Best is trial 22 with value: -2.2897814149518054.
[I 2026-03-18 19:13:01,394] Trial 17 finished with value: -2.2823941439718483 and parameters: {'n_layers_yyx': 2, 'hidden_size_yyx_l0': 4, 'hidden_size_yyx_l1': 6, 'context_size_yyx': 4, 'num_mix_components_yyx': 5, 'context_extractor_yyx': 'gru', 'activation_func_yyx': 'ReLU', 'L2_weight_yyx': 1.278492466325803e-08, 'L_entropy_weight_yyx': 1.3146875466128557e-08, 'L_sep_weight_yyx': 0.00014121565098919932, 'L_scale_weight_yyx': 9.955216317981631e-05, 'learning_rate_yyx': 0.006310662309991771}. Best is trial 1 with value: -2.2866954714752907.
[I 2026-03-18 19:13:01,520] Trial 48 pruned. 
[I 2026-03-18 19:13:03,699] Trial 26 pruned. 
[I 2026-03-18 19:13:07,050] Trial 36 pruned. 
[I 2026-03-18 19:13:07,316] Trial 31 pruned. 
[I 2026-03-18 19:13:07,743] Trial 30 pruned. 
[I 2026-03-18 19:13:09,071] Trial 21 finished with value: -1.7829282078598485 and parameters: {'n_layers_yyx': 2, 'hidden_size_yyx_l0': 2, 'hidden_size_yyx_l1': 5, 'context_size_yyx': 1, 'num_mix_components_yyx': 5, 'context_extractor_yyx': 'gru', 'activation_func_yyx': 'ReLU', 'L2_weight_yyx': 0.00016878621509008561, 'L_entropy_weight_yyx': 1.8915759931377646e-05, 'L_sep_weight_yyx': 8.187506417658086e-07, 'L_scale_weight_yyx': 1.2245699752867582e-08, 'learning_rate_yyx': 0.00985917571380476}. Best is trial 4 with value: -1.784507205847538.
[I 2026-03-18 19:13:12,334] Trial 24 pruned. 
[I 2026-03-18 19:13:14,027] Trial 32 pruned. 
[I 2026-03-18 19:13:14,433] Trial 45 pruned. 
[I 2026-03-18 19:13:18,576] Trial 30 pruned. 
[I 2026-03-18 19:13:20,207] Trial 37 pruned. 
[I 2026-03-18 19:13:21,619] Trial 46 pruned. 
[I 2026-03-18 19:13:22,638] Trial 44 pruned. 
[I 2026-03-18 19:13:22,727] Trial 18 pruned. 
[I 2026-03-18 19:13:26,497] Trial 27 pruned. 
[I 2026-03-18 19:13:27,006] Trial 38 pruned. 
[I 2026-03-18 19:13:29,043] Trial 45 pruned. 
[I 2026-03-18 19:13:32,341] Trial 41 pruned. 
[I 2026-03-18 19:13:34,169] Trial 47 pruned. 
[I 2026-03-18 19:13:34,483] Trial 49 pruned. 

Source events: 3618
Target events: 18269
Full model ln_yyx : 144.69258 nats/sec, 7.12810 nats/event
Full model Log loss : -0.80359
Full model ln_yyx : 146.93875 nats/sec, 7.23876 nats/event
Full model Log loss : -0.81492
Full model ln_yyx : 148.04943 nats/sec, 7.29347 nats/event
Full model Log loss : -0.83701
Full model ln_yyx : 144.69259 nats/sec, 7.12810 nats/event
Full model Log loss : -0.80540
Full model ln_yyx : 143.59477 nats/sec, 7.07402 nats/event
Full model Log loss : -0.82091
Full model ln_yyx : 140.55924 nats/sec, 6.92448 nats/event
Full model Log loss : -0.77328
Full model ln_yyx : 147.25134 nats/sec, 7.25416 nats/event
Full model Log loss : -0.81441
Full model ln_yyx : 149.12761 nats/sec, 7.34659 nats/event
Full model Log loss : -0.82885
Full model ln_yyx : 146.78763 nats/sec, 7.23131 nats/event
Full model Log loss : -0.81432
Full model ln_yyx : 145.09236 nats/sec, 7.14780 nats/event
Full model Log loss : -0.81375
Full model ln_yyx : 149.68493 nats/sec, 7.37405 nats/event
Full model Log loss : -0.83208
Optimization finished. Config saved to results/opt-full/opt_full_196_best_config.txt
[I 2026-03-18 19:13:34,916] Trial 39 pruned. 
[I 2026-03-18 19:13:40,766] Trial 48 pruned. 
[I 2026-03-18 19:13:41,862] Trial 40 pruned. 
[I 2026-03-18 19:13:47,453] Trial 16 pruned. 
[I 2026-03-18 19:13:47,770] Trial 46 pruned. 
[I 2026-03-18 19:13:50,502] Trial 19 finished with value: -2.2574640896795715 and parameters: {'n_layers_yyx': 2, 'hidden_size_yyx_l0': 3, 'hidden_size_yyx_l1': 6, 'context_size_yyx': 1, 'num_mix_components_yyx': 5, 'context_extractor_yyx': 'lstm', 'activation_func_yyx': 'Tanh', 'L2_weight_yyx': 3.0248185631552264e-09, 'L_entropy_weight_yyx': 1.416004543006582e-09, 'L_sep_weight_yyx': 0.000792163441934009, 'L_scale_weight_yyx': 3.390175608333465e-10, 'learning_rate_yyx': 0.005592641709256738}. Best is trial 2 with value: -2.272224617884258.
[I 2026-03-18 19:13:52,780] Trial 49 pruned. 

Source events: 3618
Target events: 1872
Full model ln_yyx : 15.63945 nats/sec, 7.51897 nats/event
Full model Log loss : -0.91480
Full model ln_yyx : 14.83689 nats/sec, 7.13312 nats/event
Full model Log loss : -0.84710
Full model ln_yyx : 15.35104 nats/sec, 7.38031 nats/event
Full model Log loss : -0.89683
Full model ln_yyx : 15.28562 nats/sec, 7.34886 nats/event
Full model Log loss : -0.88998
Full model ln_yyx : 15.60443 nats/sec, 7.50213 nats/event
Full model Log loss : -0.91724
Full model ln_yyx : 15.58943 nats/sec, 7.49492 nats/event
Full model Log loss : -0.90293
Full model ln_yyx : 15.53510 nats/sec, 7.46880 nats/event
Full model Log loss : -0.91483
Full model ln_yyx : 15.89764 nats/sec, 7.64309 nats/event
Full model Log loss : -0.91543
Full model ln_yyx : 16.15075 nats/sec, 7.76478 nats/event
Full model Log loss : -0.91170
Full model ln_yyx : 15.59574 nats/sec, 7.49795 nats/event
Full model Log loss : -0.91531
Optimization finished. Config saved to results/opt-full/opt_full_198_best_config.txt
[I 2026-03-18 19:13:53,198] Trial 22 pruned. 
[I 2026-03-18 19:13:54,158] Trial 47 pruned. 
[I 2026-03-18 19:13:54,218] Trial 16 finished with value: -2.270180568438265 and parameters: {'n_layers_yyx': 1, 'hidden_size_yyx_l0': 5, 'context_size_yyx': 2, 'num_mix_components_yyx': 4, 'context_extractor_yyx': 'gru', 'activation_func_yyx': 'ReLU', 'L2_weight_yyx': 2.582000089327753e-07, 'L_entropy_weight_yyx': 1.8337199167200897e-07, 'L_sep_weight_yyx': 3.6311414645263174e-08, 'L_scale_weight_yyx': 1.558128507293382e-06, 'learning_rate_yyx': 0.0018315092450806448}. Best is trial 10 with value: -2.2831751549112607.
[I 2026-03-18 19:13:55,230] Trial 17 pruned. 
[I 2026-03-18 19:14:00,765] Trial 23 pruned. 
[I 2026-03-18 19:14:03,011] Trial 18 pruned. 
[I 2026-03-18 19:14:03,025] Trial 17 pruned. 
[I 2026-03-18 19:14:05,532] Trial 25 pruned. 
[I 2026-03-18 19:14:06,510] Trial 48 pruned. 
[I 2026-03-18 19:14:09,635] Trial 20 pruned. 
[I 2026-03-18 19:14:12,268] Trial 49 pruned. 

Source events: 3618
Target events: 12539
Full model ln_yyx : 98.62573 nats/sec, 7.07897 nats/event
Full model Log loss : -0.81241
Full model ln_yyx : 100.62668 nats/sec, 7.22259 nats/event
Full model Log loss : -0.82464
Full model ln_yyx : 101.57906 nats/sec, 7.29094 nats/event
Full model Log loss : -0.82387
Full model ln_yyx : 100.25946 nats/sec, 7.19623 nats/event
Full model Log loss : -0.82579
Full model ln_yyx : 100.73397 nats/sec, 7.23029 nats/event
Full model Log loss : -0.82107
Full model ln_yyx : 100.60352 nats/sec, 7.22092 nats/event
Full model Log loss : -0.81891
Full model ln_yyx : 100.71501 nats/sec, 7.22893 nats/event
Full model Log loss : -0.82028
Full model ln_yyx : 101.14611 nats/sec, 7.25987 nats/event
Full model Log loss : -0.82658
Full model ln_yyx : 101.67071 nats/sec, 7.29752 nats/event
Full model Log loss : -0.83391
Full model ln_yyx : 99.25917 nats/sec, 7.12443 nats/event
Full model Log loss : -0.81526
Optimization finished. Config saved to results/opt-full/opt_full_201_best_config.txt
[I 2026-03-18 19:14:14,463] Trial 15 finished with value: -2.2836040757900973 and parameters: {'n_layers_yyx': 2, 'hidden_size_yyx_l0': 3, 'hidden_size_yyx_l1': 5, 'context_size_yyx': 4, 'num_mix_components_yyx': 4, 'context_extractor_yyx': 'lstm', 'activation_func_yyx': 'GELU', 'L2_weight_yyx': 1.3542812544644108e-05, 'L_entropy_weight_yyx': 4.844450150823089e-07, 'L_sep_weight_yyx': 6.631694042359474e-05, 'L_scale_weight_yyx': 0.00014712874572456438, 'learning_rate_yyx': 0.005784417882712102}. Best is trial 15 with value: -2.2836040757900973.
[I 2026-03-18 19:14:15,607] Trial 19 pruned. 
[I 2026-03-18 19:14:21,132] Trial 35 pruned. 
[I 2026-03-18 19:14:22,760] Trial 24 finished with value: -1.7848361051925505 and parameters: {'n_layers_yyx': 1, 'hidden_size_yyx_l0': 4, 'context_size_yyx': 1, 'num_mix_components_yyx': 5, 'context_extractor_yyx': 'gru', 'activation_func_yyx': 'Tanh', 'L2_weight_yyx': 1.317199823411648e-06, 'L_entropy_weight_yyx': 2.4521732356243946e-07, 'L_sep_weight_yyx': 5.0435823115122e-07, 'L_scale_weight_yyx': 9.672743159408124e-08, 'learning_rate_yyx': 0.007938693589193609}. Best is trial 12 with value: -1.7867913016887627.
[I 2026-03-18 19:14:24,659] Trial 20 pruned. 
[I 2026-03-18 19:14:26,241] Trial 26 pruned. 
[I 2026-03-18 19:14:26,475] Trial 31 finished with value: -1.7751781144414742 and parameters: {'n_layers_yyx': 2, 'hidden_size_yyx_l0': 5, 'hidden_size_yyx_l1': 5, 'context_size_yyx': 3, 'num_mix_components_yyx': 2, 'context_extractor_yyx': 'lstm', 'activation_func_yyx': 'ReLU', 'L2_weight_yyx': 4.244281472475181e-10, 'L_entropy_weight_yyx': 3.213656794093132e-05, 'L_sep_weight_yyx': 3.1466073164395274e-09, 'L_scale_weight_yyx': 7.0538970454866955e-06, 'learning_rate_yyx': 0.007322900764763818}. Best is trial 4 with value: -1.7775746924677662.
[I 2026-03-18 19:14:26,573] Trial 36 pruned. 
[I 2026-03-18 19:14:29,176] Trial 21 pruned. 
[I 2026-03-18 19:14:30,143] Trial 25 pruned. 
[I 2026-03-18 19:14:33,963] Trial 42 finished with value: -0.8181333105180253 and parameters: {'n_layers_yyx': 1, 'hidden_size_yyx_l0': 2, 'context_size_yyx': 4, 'num_mix_components_yyx': 4, 'context_extractor_yyx': 'gru', 'activation_func_yyx': 'ReLU', 'L2_weight_yyx': 7.056606870087014e-09, 'L_entropy_weight_yyx': 2.851343339238804e-06, 'L_sep_weight_yyx': 0.0001385339082357332, 'L_scale_weight_yyx': 1.7483842792942178e-10, 'learning_rate_yyx': 0.008780307012807135}. Best is trial 10 with value: -0.8371109842725836.
[I 2026-03-18 19:14:34,806] Trial 21 finished with value: -2.2771983737126913 and parameters: {'n_layers_yyx': 2, 'hidden_size_yyx_l0': 6, 'hidden_size_yyx_l1': 5, 'context_size_yyx': 4, 'num_mix_components_yyx': 3, 'context_extractor_yyx': 'gru', 'activation_func_yyx': 'ReLU', 'L2_weight_yyx': 5.871080305761296e-09, 'L_entropy_weight_yyx': 6.442219193036424e-08, 'L_sep_weight_yyx': 3.940517803515235e-06, 'L_scale_weight_yyx': 1.143843105933698e-06, 'learning_rate_yyx': 0.0028520532276559555}. Best is trial 3 with value: -2.278758564192965.
[I 2026-03-18 19:14:35,212] Trial 16 pruned. 
[I 2026-03-18 19:14:36,140] Trial 31 finished with value: -2.2832125380106336 and parameters: {'n_layers_yyx': 1, 'hidden_size_yyx_l0': 6, 'context_size_yyx': 4, 'num_mix_components_yyx': 4, 'context_extractor_yyx': 'gru', 'activation_func_yyx': 'Tanh', 'L2_weight_yyx': 0.0001163711746284548, 'L_entropy_weight_yyx': 6.078503665151526e-09, 'L_sep_weight_yyx': 1.152111222324467e-09, 'L_scale_weight_yyx': 8.104146181784187e-07, 'learning_rate_yyx': 0.009514102083140507}. Best is trial 1 with value: -2.2881647079635865.
[I 2026-03-18 19:14:36,303] Trial 20 finished with value: -2.2648782597384445 and parameters: {'n_layers_yyx': 2, 'hidden_size_yyx_l0': 3, 'hidden_size_yyx_l1': 5, 'context_size_yyx': 2, 'num_mix_components_yyx': 5, 'context_extractor_yyx': 'lstm', 'activation_func_yyx': 'ReLU', 'L2_weight_yyx': 2.380476128336804e-09, 'L_entropy_weight_yyx': 8.478202774341427e-05, 'L_sep_weight_yyx': 2.350947815548953e-06, 'L_scale_weight_yyx': 0.0008523182123531032, 'learning_rate_yyx': 0.006046402540251541}. Best is trial 18 with value: -2.2732639198985773.
[I 2026-03-18 19:14:44,332] Trial 21 pruned. 
[I 2026-03-18 19:14:44,655] Trial 20 finished with value: -2.2699498534052927 and parameters: {'n_layers_yyx': 1, 'hidden_size_yyx_l0': 5, 'context_size_yyx': 3, 'num_mix_components_yyx': 1, 'context_extractor_yyx': 'lstm', 'activation_func_yyx': 'ReLU', 'L2_weight_yyx': 7.132317382896736e-05, 'L_entropy_weight_yyx': 1.212898040634767e-06, 'L_sep_weight_yyx': 1.293460619973286e-07, 'L_scale_weight_yyx': 1.2332913236889074e-09, 'learning_rate_yyx': 0.009822488379883086}. Best is trial 8 with value: -2.2706079849369587.
[I 2026-03-18 19:14:45,426] Trial 32 pruned. 
[I 2026-03-18 19:14:46,582] Trial 43 pruned. 
[I 2026-03-18 19:14:48,091] Trial 33 finished with value: -0.8313402319588372 and parameters: {'n_layers_yyx': 1, 'hidden_size_yyx_l0': 5, 'context_size_yyx': 4, 'num_mix_components_yyx': 4, 'context_extractor_yyx': 'lstm', 'activation_func_yyx': 'GELU', 'L2_weight_yyx': 3.3259902190761306e-10, 'L_entropy_weight_yyx': 1.8125444155096938e-09, 'L_sep_weight_yyx': 1.6602266553051218e-08, 'L_scale_weight_yyx': 3.0591205574321753e-06, 'learning_rate_yyx': 0.0017760599048181848}. Best is trial 30 with value: -0.8342147669376616.
[I 2026-03-18 19:14:48,883] Trial 22 pruned. 
[I 2026-03-18 19:14:53,296] Trial 46 pruned. 
[I 2026-03-18 19:14:53,934] Trial 17 pruned. 
[I 2026-03-18 19:14:54,200] Trial 34 pruned. 
[I 2026-03-18 19:14:58,132] Trial 23 pruned. 
[I 2026-03-18 19:14:58,417] Trial 37 pruned. 
[I 2026-03-18 19:14:58,488] Trial 32 finished with value: -1.766392896369014 and parameters: {'n_layers_yyx': 2, 'hidden_size_yyx_l0': 6, 'hidden_size_yyx_l1': 3, 'context_size_yyx': 2, 'num_mix_components_yyx': 1, 'context_extractor_yyx': 'lstm', 'activation_func_yyx': 'ReLU', 'L2_weight_yyx': 1.5555170313745492e-09, 'L_entropy_weight_yyx': 4.5017991736806897e-10, 'L_sep_weight_yyx': 2.224222133350241e-08, 'L_scale_weight_yyx': 5.060677142140923e-08, 'learning_rate_yyx': 0.007271113671677699}. Best is trial 1 with value: -1.7684712210476057.
[I 2026-03-18 19:14:59,389] Trial 47 pruned. 
[I 2026-03-18 19:15:00,876] Trial 35 pruned. 
[I 2026-03-18 19:15:03,218] Trial 22 pruned. 
[I 2026-03-18 19:15:04,288] Trial 38 pruned. 
[I 2026-03-18 19:15:05,072] Trial 33 pruned. 
[I 2026-03-18 19:15:05,959] Trial 48 pruned. 
[I 2026-03-18 19:15:07,280] Trial 36 pruned. 
[I 2026-03-18 19:15:09,946] Trial 26 pruned. 
[I 2026-03-18 19:15:12,044] Trial 23 pruned. 
[I 2026-03-18 19:15:13,288] Trial 37 pruned. 
[I 2026-03-18 19:15:13,361] Trial 18 pruned. 
[I 2026-03-18 19:15:13,393] Trial 16 pruned. 
[I 2026-03-18 19:15:17,269] Trial 49 pruned. 
[I 2026-03-18 19:15:17,282] Trial 27 pruned. 

Source events: 3618
Target events: 13628
Full model ln_yyx : 109.49055 nats/sec, 7.23081 nats/event
Full model Log loss : -0.83243
Full model ln_yyx : 105.68782 nats/sec, 6.97968 nats/event
Full model Log loss : -0.76962
Full model ln_yyx : 110.85137 nats/sec, 7.32068 nats/event
Full model Log loss : -0.82945
Full model ln_yyx : 107.65746 nats/sec, 7.10975 nats/event
Full model Log loss : -0.80997
Full model ln_yyx : 111.39682 nats/sec, 7.35670 nats/event
Full model Log loss : -0.82374
Full model ln_yyx : 109.95030 nats/sec, 7.26117 nats/event
Full model Log loss : -0.80832
Full model ln_yyx : 111.67548 nats/sec, 7.37510 nats/event
Full model Log loss : -0.82072
Full model ln_yyx : 111.40722 nats/sec, 7.35739 nats/event
Full model Log loss : -0.82943
Full model ln_yyx : 110.22885 nats/sec, 7.27957 nats/event
Full model Log loss : -0.81906
Full model ln_yyx : 111.55456 nats/sec, 7.36712 nats/event
Full model Log loss : -0.81090
Full model ln_yyx : 110.35385 nats/sec, 7.28782 nats/event
Full model Log loss : -0.81529
Full model ln_yyx : 111.44183 nats/sec, 7.35967 nats/event
Full model Log loss : -0.83403
Full model ln_yyx : 110.53693 nats/sec, 7.29991 nats/event
Full model Log loss : -0.81869
Full model ln_yyx : 110.05888 nats/sec, 7.26834 nats/event
Full model Log loss : -0.82785
Full model ln_yyx : 110.01010 nats/sec, 7.26512 nats/event
Full model Log loss : -0.82760
Optimization finished. Config saved to results/opt-full/opt_full_197_best_config.txt
[I 2026-03-18 19:15:19,926] Trial 38 pruned. 
[I 2026-03-18 19:15:21,022] Trial 28 finished with value: -2.2640319898925183 and parameters: {'n_layers_yyx': 2, 'hidden_size_yyx_l0': 5, 'hidden_size_yyx_l1': 6, 'context_size_yyx': 2, 'num_mix_components_yyx': 2, 'context_extractor_yyx': 'lstm', 'activation_func_yyx': 'GELU', 'L2_weight_yyx': 4.5863593153424446e-08, 'L_entropy_weight_yyx': 1.575389071949542e-05, 'L_sep_weight_yyx': 3.4958499455168683e-06, 'L_scale_weight_yyx': 0.0009159118449070161, 'learning_rate_yyx': 0.006433945086670257}. Best is trial 10 with value: -2.2853422092545133.
[I 2026-03-18 19:15:25,762] Trial 27 pruned. 
[I 2026-03-18 19:15:30,618] Trial 31 finished with value: -1.7780345894439875 and parameters: {'n_layers_yyx': 2, 'hidden_size_yyx_l0': 4, 'hidden_size_yyx_l1': 4, 'context_size_yyx': 4, 'num_mix_components_yyx': 2, 'context_extractor_yyx': 'gru', 'activation_func_yyx': 'Tanh', 'L2_weight_yyx': 1.6250894352863967e-08, 'L_entropy_weight_yyx': 4.575932900123314e-10, 'L_sep_weight_yyx': 3.8599731593076905e-10, 'L_scale_weight_yyx': 0.0001240564445470068, 'learning_rate_yyx': 0.007314049176328035}. Best is trial 4 with value: -1.7807932306351817.
[I 2026-03-18 19:15:34,274] Trial 39 pruned. 
[I 2026-03-18 19:15:35,630] Trial 28 pruned. 
[I 2026-03-18 19:15:40,257] Trial 28 pruned. 
[I 2026-03-18 19:15:40,860] Trial 33 pruned. 
[I 2026-03-18 19:15:42,505] Trial 29 pruned. 
[I 2026-03-18 19:15:42,636] Trial 41 finished with value: -0.8314914900583918 and parameters: {'n_layers_yyx': 1, 'hidden_size_yyx_l0': 3, 'context_size_yyx': 2, 'num_mix_components_yyx': 5, 'context_extractor_yyx': 'gru', 'activation_func_yyx': 'Tanh', 'L2_weight_yyx': 6.041776123517303e-10, 'L_entropy_weight_yyx': 6.922306290464599e-10, 'L_sep_weight_yyx': 5.663600746313174e-07, 'L_scale_weight_yyx': 8.88318200499265e-10, 'learning_rate_yyx': 0.006830832481846694}. Best is trial 10 with value: -0.8355233715063007.
[I 2026-03-18 19:15:47,171] Trial 44 finished with value: -0.8283169181519456 and parameters: {'n_layers_yyx': 1, 'hidden_size_yyx_l0': 3, 'context_size_yyx': 4, 'num_mix_components_yyx': 4, 'context_extractor_yyx': 'gru', 'activation_func_yyx': 'ReLU', 'L2_weight_yyx': 3.184808252787481e-07, 'L_entropy_weight_yyx': 3.457973612385188e-07, 'L_sep_weight_yyx': 0.0009518411867047606, 'L_scale_weight_yyx': 4.905489933400311e-10, 'learning_rate_yyx': 0.00957163311145038}. Best is trial 10 with value: -0.8371109842725836.
[I 2026-03-18 19:15:49,238] Trial 42 pruned. 
[I 2026-03-18 19:15:50,868] Trial 32 finished with value: -1.750775960623576 and parameters: {'n_layers_yyx': 2, 'hidden_size_yyx_l0': 5, 'hidden_size_yyx_l1': 4, 'context_size_yyx': 3, 'num_mix_components_yyx': 2, 'context_extractor_yyx': 'lstm', 'activation_func_yyx': 'ReLU', 'L2_weight_yyx': 2.35397854550894e-10, 'L_entropy_weight_yyx': 1.3819745725358366e-05, 'L_sep_weight_yyx': 6.941617068935719e-10, 'L_scale_weight_yyx': 6.119902993440712e-05, 'learning_rate_yyx': 0.005575261248558972}. Best is trial 4 with value: -1.7775746924677662.
[I 2026-03-18 19:15:50,920] Trial 29 pruned. 
[I 2026-03-18 19:15:50,928] Trial 24 pruned. 
[I 2026-03-18 19:15:51,095] Trial 23 finished with value: -1.7728884324121612 and parameters: {'n_layers_yyx': 1, 'hidden_size_yyx_l0': 4, 'context_size_yyx': 3, 'num_mix_components_yyx': 3, 'context_extractor_yyx': 'gru', 'activation_func_yyx': 'ReLU', 'L2_weight_yyx': 8.627647532270577e-09, 'L_entropy_weight_yyx': 0.0009831780745637342, 'L_sep_weight_yyx': 8.044762892435325e-09, 'L_scale_weight_yyx': 5.838633649184529e-05, 'learning_rate_yyx': 0.0016041331845487146}. Best is trial 2 with value: -1.776406202226865.
[I 2026-03-18 19:15:52,003] Trial 30 pruned. 
[I 2026-03-18 19:15:52,310] Trial 29 pruned. 
[I 2026-03-18 19:15:53,297] Trial 45 pruned. 
[I 2026-03-18 19:16:00,396] Trial 25 pruned. 
[I 2026-03-18 19:16:03,684] Trial 22 finished with value: -2.273490465387195 and parameters: {'n_layers_yyx': 2, 'hidden_size_yyx_l0': 6, 'hidden_size_yyx_l1': 5, 'context_size_yyx': 4, 'num_mix_components_yyx': 3, 'context_extractor_yyx': 'gru', 'activation_func_yyx': 'ReLU', 'L2_weight_yyx': 7.483859344521808e-09, 'L_entropy_weight_yyx': 6.648344071239487e-08, 'L_sep_weight_yyx': 1.238930588449975e-06, 'L_scale_weight_yyx': 6.629239351739827e-07, 'learning_rate_yyx': 0.003999366619655168}. Best is trial 3 with value: -2.278758564192965.
[I 2026-03-18 19:16:04,581] Trial 24 finished with value: -1.7824687302714646 and parameters: {'n_layers_yyx': 2, 'hidden_size_yyx_l0': 2, 'hidden_size_yyx_l1': 6, 'context_size_yyx': 1, 'num_mix_components_yyx': 5, 'context_extractor_yyx': 'gru', 'activation_func_yyx': 'ReLU', 'L2_weight_yyx': 0.00021788825675625985, 'L_entropy_weight_yyx': 7.863177646478496e-06, 'L_sep_weight_yyx': 1.3992354116266813e-05, 'L_scale_weight_yyx': 7.133749619501123e-09, 'learning_rate_yyx': 0.009983822353833417}. Best is trial 4 with value: -1.784507205847538.
[I 2026-03-18 19:16:06,823] Trial 46 pruned. 
[I 2026-03-18 19:16:09,042] Trial 19 pruned. 
[I 2026-03-18 19:16:09,474] Trial 30 pruned. 
[I 2026-03-18 19:16:10,207] Trial 39 finished with value: -0.801408257759128 and parameters: {'n_layers_yyx': 2, 'hidden_size_yyx_l0': 2, 'hidden_size_yyx_l1': 6, 'context_size_yyx': 2, 'num_mix_components_yyx': 5, 'context_extractor_yyx': 'lstm', 'activation_func_yyx': 'Tanh', 'L2_weight_yyx': 2.8744600618401505e-05, 'L_entropy_weight_yyx': 8.336044426985248e-08, 'L_sep_weight_yyx': 1.405974576242726e-07, 'L_scale_weight_yyx': 1.6446753898598612e-09, 'learning_rate_yyx': 0.0023902901272542195}. Best is trial 33 with value: -0.8347344222413913.
[I 2026-03-18 19:16:12,581] Trial 30 pruned. 
[I 2026-03-18 19:16:14,569] Trial 22 finished with value: -1.759496799045139 and parameters: {'n_layers_yyx': 1, 'hidden_size_yyx_l0': 6, 'context_size_yyx': 1, 'num_mix_components_yyx': 5, 'context_extractor_yyx': 'lstm', 'activation_func_yyx': 'GELU', 'L2_weight_yyx': 0.0007769642648919163, 'L_entropy_weight_yyx': 2.8532170164597307e-10, 'L_sep_weight_yyx': 0.00033167605253508207, 'L_scale_weight_yyx': 1.4325849260388348e-05, 'learning_rate_yyx': 0.0010824465901422588}. Best is trial 18 with value: -1.7861539220328282.
[I 2026-03-18 19:16:22,114] Trial 40 pruned. 
[I 2026-03-18 19:16:23,947] Trial 34 pruned. 
[I 2026-03-18 19:16:25,483] Trial 23 pruned. 
[I 2026-03-18 19:16:26,119] Trial 31 pruned. 
[I 2026-03-18 19:16:29,036] Trial 17 finished with value: -2.288314778247399 and parameters: {'n_layers_yyx': 1, 'hidden_size_yyx_l0': 4, 'context_size_yyx': 4, 'num_mix_components_yyx': 2, 'context_extractor_yyx': 'gru', 'activation_func_yyx': 'ReLU', 'L2_weight_yyx': 2.1395913816733147e-06, 'L_entropy_weight_yyx': 2.1858706952489068e-08, 'L_sep_weight_yyx': 8.713162117289771e-07, 'L_scale_weight_yyx': 1.008523674542463e-05, 'learning_rate_yyx': 0.0015339091437167496}. Best is trial 17 with value: -2.288314778247399.
[I 2026-03-18 19:16:31,379] Trial 23 pruned. 
[I 2026-03-18 19:16:35,284] Trial 41 pruned. 
[I 2026-03-18 19:16:36,391] Trial 24 pruned. 
[I 2026-03-18 19:16:38,512] Trial 18 pruned. 
[I 2026-03-18 19:16:38,950] Trial 40 finished with value: -0.8318000241255654 and parameters: {'n_layers_yyx': 1, 'hidden_size_yyx_l0': 4, 'context_size_yyx': 4, 'num_mix_components_yyx': 4, 'context_extractor_yyx': 'lstm', 'activation_func_yyx': 'GELU', 'L2_weight_yyx': 5.379998960239946e-06, 'L_entropy_weight_yyx': 3.612988076874043e-07, 'L_sep_weight_yyx': 0.0006650639757805204, 'L_scale_weight_yyx': 2.33780590403162e-05, 'learning_rate_yyx': 0.0057843330815173025}. Best is trial 30 with value: -0.8342147669376616.
[I 2026-03-18 19:16:39,627] Trial 24 pruned. 
[I 2026-03-18 19:16:41,110] Trial 35 pruned. 
[I 2026-03-18 19:16:43,909] Trial 19 finished with value: -1.8600361173115079 and parameters: {'n_layers_yyx': 1, 'hidden_size_yyx_l0': 5, 'context_size_yyx': 3, 'num_mix_components_yyx': 1, 'context_extractor_yyx': 'lstm', 'activation_func_yyx': 'Tanh', 'L2_weight_yyx': 4.5573520122258616e-05, 'L_entropy_weight_yyx': 1.2461882822291092e-06, 'L_sep_weight_yyx': 0.00015542866873317465, 'L_scale_weight_yyx': 1.3715661913899917e-06, 'learning_rate_yyx': 0.007497996389777433}. Best is trial 5 with value: -1.864091702761834.
[I 2026-03-18 19:16:47,454] Trial 25 pruned. 
[I 2026-03-18 19:16:48,320] Trial 31 pruned. 
[I 2026-03-18 19:16:48,363] Trial 19 pruned. 
[I 2026-03-18 19:16:50,499] Trial 17 finished with value: -2.1612253143661126 and parameters: {'n_layers_yyx': 1, 'hidden_size_yyx_l0': 6, 'context_size_yyx': 1, 'num_mix_components_yyx': 2, 'context_extractor_yyx': 'lstm', 'activation_func_yyx': 'GELU', 'L2_weight_yyx': 8.675645575425735e-09, 'L_entropy_weight_yyx': 3.2938448351097327e-07, 'L_sep_weight_yyx': 6.988185110909581e-06, 'L_scale_weight_yyx': 3.367068159315717e-08, 'learning_rate_yyx': 0.006665499229781053}. Best is trial 12 with value: -2.2168161654612635.
[I 2026-03-18 19:16:50,684] Trial 41 pruned. 
[I 2026-03-18 19:16:53,021] Trial 20 pruned. 
[I 2026-03-18 19:16:53,078] Trial 43 finished with value: -0.8269851887419798 and parameters: {'n_layers_yyx': 1, 'hidden_size_yyx_l0': 4, 'context_size_yyx': 3, 'num_mix_components_yyx': 5, 'context_extractor_yyx': 'gru', 'activation_func_yyx': 'Tanh', 'L2_weight_yyx': 9.707319563018528e-10, 'L_entropy_weight_yyx': 1.0395312691330398e-09, 'L_sep_weight_yyx': 4.337257852725718e-09, 'L_scale_weight_yyx': 6.931001435225078e-10, 'learning_rate_yyx': 0.008597786378968415}. Best is trial 10 with value: -0.8355233715063007.
[I 2026-03-18 19:16:59,007] Trial 42 pruned. 
[I 2026-03-18 19:17:01,534] Trial 32 pruned. 
[I 2026-03-18 19:17:02,596] Trial 21 pruned. 
[I 2026-03-18 19:17:07,501] Trial 26 pruned. 
[I 2026-03-18 19:17:07,514] Trial 42 pruned. 
[I 2026-03-18 19:17:07,746] Trial 44 pruned. 
[I 2026-03-18 19:17:10,506] Trial 22 pruned. 
[I 2026-03-18 19:17:11,350] Trial 33 pruned. 
[I 2026-03-18 19:17:11,876] Trial 18 pruned. 
[I 2026-03-18 19:17:12,187] Trial 43 pruned. 
[I 2026-03-18 19:17:15,919] Trial 27 pruned. 
[I 2026-03-18 19:17:15,941] Trial 47 finished with value: -0.8070948613447135 and parameters: {'n_layers_yyx': 2, 'hidden_size_yyx_l0': 4, 'hidden_size_yyx_l1': 4, 'context_size_yyx': 4, 'num_mix_components_yyx': 3, 'context_extractor_yyx': 'gru', 'activation_func_yyx': 'Tanh', 'L2_weight_yyx': 4.964480533246588e-06, 'L_entropy_weight_yyx': 5.080597626502969e-07, 'L_sep_weight_yyx': 0.00018053360059223827, 'L_scale_weight_yyx': 0.0002427782609947708, 'learning_rate_yyx': 0.007670085552456391}. Best is trial 10 with value: -0.8371109842725836.
[I 2026-03-18 19:17:16,471] Trial 21 pruned. 
[I 2026-03-18 19:17:18,541] Trial 44 pruned. 
[I 2026-03-18 19:17:18,775] Trial 23 pruned. 
[I 2026-03-18 19:17:21,144] Trial 19 pruned. 
[I 2026-03-18 19:17:21,663] Trial 43 pruned. 
[I 2026-03-18 19:17:21,698] Trial 34 finished with value: -2.2649098203698745 and parameters: {'n_layers_yyx': 2, 'hidden_size_yyx_l0': 6, 'hidden_size_yyx_l1': 2, 'context_size_yyx': 3, 'num_mix_components_yyx': 3, 'context_extractor_yyx': 'gru', 'activation_func_yyx': 'Tanh', 'L2_weight_yyx': 0.0004879026959922013, 'L_entropy_weight_yyx': 1.178730962123184e-10, 'L_sep_weight_yyx': 5.464076079921295e-09, 'L_scale_weight_yyx': 6.355798496910256e-08, 'learning_rate_yyx': 0.009899256654560724}. Best is trial 1 with value: -2.2881647079635865.
[I 2026-03-18 19:17:22,347] Trial 48 pruned. 
[I 2026-03-18 19:17:25,041] Trial 28 pruned. 
[I 2026-03-18 19:17:29,438] Trial 20 pruned. 
[I 2026-03-18 19:17:31,308] Trial 45 pruned. 
[I 2026-03-18 19:17:32,364] Trial 29 pruned. 
[I 2026-03-18 19:17:32,462] Trial 18 finished with value: -2.274317960143819 and parameters: {'n_layers_yyx': 1, 'hidden_size_yyx_l0': 3, 'context_size_yyx': 2, 'num_mix_components_yyx': 5, 'context_extractor_yyx': 'gru', 'activation_func_yyx': 'ReLU', 'L2_weight_yyx': 9.146228882941272e-10, 'L_entropy_weight_yyx': 2.103888168665699e-09, 'L_sep_weight_yyx': 7.697482421899205e-08, 'L_scale_weight_yyx': 6.030264111408144e-08, 'learning_rate_yyx': 0.0036880509444349764}. Best is trial 10 with value: -2.2831751549112607.
[I 2026-03-18 19:17:33,961] Trial 25 pruned. 
[I 2026-03-18 19:17:35,212] Trial 49 pruned. 
[I 2026-03-18 19:17:35,213] Trial 32 finished with value: -1.7780428753361268 and parameters: {'n_layers_yyx': 2, 'hidden_size_yyx_l0': 4, 'hidden_size_yyx_l1': 5, 'context_size_yyx': 4, 'num_mix_components_yyx': 3, 'context_extractor_yyx': 'gru', 'activation_func_yyx': 'Tanh', 'L2_weight_yyx': 7.012492185863783e-07, 'L_entropy_weight_yyx': 1.0731988672683552e-10, 'L_sep_weight_yyx': 9.586845309304948e-10, 'L_scale_weight_yyx': 8.135676326920974e-05, 'learning_rate_yyx': 0.006686600372773099}. Best is trial 4 with value: -1.7807932306351817.

Source events: 3618
Target events: 10752
Full model ln_yyx : 81.63945 nats/sec, 6.83366 nats/event
Full model Log loss : -0.71697
Full model ln_yyx : 84.98361 nats/sec, 7.11358 nats/event
Full model Log loss : -0.81000
Full model ln_yyx : 85.16875 nats/sec, 7.12908 nats/event
Full model Log loss : -0.80707
Full model ln_yyx : 83.29442 nats/sec, 6.97219 nats/event
Full model Log loss : -0.78952
Full model ln_yyx : 87.00331 nats/sec, 7.28264 nats/event
Full model Log loss : -0.83711
Full model ln_yyx : 88.00890 nats/sec, 7.36682 nats/event
Full model Log loss : -0.83112
Full model ln_yyx : 88.03108 nats/sec, 7.36867 nats/event
Full model Log loss : -0.83136
Full model ln_yyx : 87.01396 nats/sec, 7.28353 nats/event
Full model Log loss : -0.82992
Full model ln_yyx : 83.80712 nats/sec, 7.01511 nats/event
Full model Log loss : -0.78696
Full model ln_yyx : 87.27958 nats/sec, 7.30577 nats/event
Full model Log loss : -0.81371
Full model ln_yyx : 88.31028 nats/sec, 7.39204 nats/event
Full model Log loss : -0.82246
Full model ln_yyx : 86.84696 nats/sec, 7.26956 nats/event
Full model Log loss : -0.82621
Full model ln_yyx : 88.28159 nats/sec, 7.38964 nats/event
Full model Log loss : -0.81813
Full model ln_yyx : 88.15691 nats/sec, 7.37921 nats/event
Full model Log loss : -0.82832
Full model ln_yyx : 88.87745 nats/sec, 7.43952 nats/event
Full model Log loss : -0.80709
Optimization finished. Config saved to results/opt-full/opt_full_195_best_config.txt
[I 2026-03-18 19:17:35,642] Trial 22 pruned. 
[I 2026-03-18 19:17:38,330] Trial 46 pruned. 
[I 2026-03-18 19:17:42,594] Trial 35 pruned. 
[I 2026-03-18 19:17:42,764] Trial 20 finished with value: -2.276480542797575 and parameters: {'n_layers_yyx': 1, 'hidden_size_yyx_l0': 6, 'context_size_yyx': 4, 'num_mix_components_yyx': 4, 'context_extractor_yyx': 'lstm', 'activation_func_yyx': 'ReLU', 'L2_weight_yyx': 8.958089629010731e-08, 'L_entropy_weight_yyx': 1.9540278161922292e-10, 'L_sep_weight_yyx': 0.0001807785960389033, 'L_scale_weight_yyx': 0.00013032065410320981, 'learning_rate_yyx': 0.006777242407992059}. Best is trial 15 with value: -2.2836040757900973.
[I 2026-03-18 19:17:43,228] Trial 26 pruned. 
[I 2026-03-18 19:17:44,000] Trial 20 pruned. 
[I 2026-03-18 19:17:44,246] Trial 23 pruned. 
[I 2026-03-18 19:17:47,709] Trial 33 finished with value: -1.7738251263382223 and parameters: {'n_layers_yyx': 2, 'hidden_size_yyx_l0': 6, 'hidden_size_yyx_l1': 5, 'context_size_yyx': 4, 'num_mix_components_yyx': 1, 'context_extractor_yyx': 'lstm', 'activation_func_yyx': 'ReLU', 'L2_weight_yyx': 7.501531526151532e-10, 'L_entropy_weight_yyx': 0.00013099722466981107, 'L_sep_weight_yyx': 5.553985007127237e-09, 'L_scale_weight_yyx': 0.00035047151747295504, 'learning_rate_yyx': 0.004300766040191356}. Best is trial 4 with value: -1.7775746924677662.
[I 2026-03-18 19:17:48,165] Trial 21 finished with value: -2.2734326463096424 and parameters: {'n_layers_yyx': 2, 'hidden_size_yyx_l0': 3, 'hidden_size_yyx_l1': 5, 'context_size_yyx': 3, 'num_mix_components_yyx': 4, 'context_extractor_yyx': 'lstm', 'activation_func_yyx': 'Tanh', 'L2_weight_yyx': 6.738024982403274e-08, 'L_entropy_weight_yyx': 0.00022211861221275214, 'L_sep_weight_yyx': 1.1608423303444144e-10, 'L_scale_weight_yyx': 2.1984161923734597e-06, 'learning_rate_yyx': 0.0034018192764980817}. Best is trial 21 with value: -2.2734326463096424.
[I 2026-03-18 19:17:49,750] Trial 47 pruned. 
[I 2026-03-18 19:17:51,500] Trial 44 pruned. 
[I 2026-03-18 19:17:52,003] Trial 36 pruned. 
[I 2026-03-18 19:17:52,022] Trial 33 pruned. 
[I 2026-03-18 19:17:53,355] Trial 21 pruned. 
[I 2026-03-18 19:18:04,015] Trial 24 finished with value: -2.274279053033201 and parameters: {'n_layers_yyx': 1, 'hidden_size_yyx_l0': 6, 'context_size_yyx': 2, 'num_mix_components_yyx': 4, 'context_extractor_yyx': 'gru', 'activation_func_yyx': 'Tanh', 'L2_weight_yyx': 6.069850833405249e-06, 'L_entropy_weight_yyx': 7.469393894636922e-09, 'L_sep_weight_yyx': 1.85840987308303e-05, 'L_scale_weight_yyx': 0.0006318544695607555, 'learning_rate_yyx': 0.009965570010291351}. Best is trial 1 with value: -2.2866954714752907.
[I 2026-03-18 19:18:04,253] Trial 24 pruned. 
[I 2026-03-18 19:18:07,720] Trial 22 pruned. 
[I 2026-03-18 19:18:08,735] Trial 34 pruned. 
[I 2026-03-18 19:18:12,837] Trial 37 pruned. 
[I 2026-03-18 19:18:16,784] Trial 30 pruned. 
[I 2026-03-18 19:18:18,741] Trial 31 finished with value: -2.2827430528993267 and parameters: {'n_layers_yyx': 2, 'hidden_size_yyx_l0': 3, 'hidden_size_yyx_l1': 5, 'context_size_yyx': 3, 'num_mix_components_yyx': 5, 'context_extractor_yyx': 'gru', 'activation_func_yyx': 'Tanh', 'L2_weight_yyx': 2.968249885251758e-07, 'L_entropy_weight_yyx': 2.4828486889971494e-08, 'L_sep_weight_yyx': 3.196265976766128e-06, 'L_scale_weight_yyx': 0.00030594123505054284, 'learning_rate_yyx': 0.007986512108507458}. Best is trial 22 with value: -2.2897814149518054.
[I 2026-03-18 19:18:21,331] Trial 48 pruned. 
[I 2026-03-18 19:18:21,856] Trial 45 finished with value: -0.8312789037977751 and parameters: {'n_layers_yyx': 1, 'hidden_size_yyx_l0': 3, 'context_size_yyx': 1, 'num_mix_components_yyx': 5, 'context_extractor_yyx': 'gru', 'activation_func_yyx': 'Tanh', 'L2_weight_yyx': 1.0452929097197829e-10, 'L_entropy_weight_yyx': 9.832409776682032e-09, 'L_sep_weight_yyx': 5.465540107245058e-06, 'L_scale_weight_yyx': 1.8370752146115642e-07, 'learning_rate_yyx': 0.008788122598047062}. Best is trial 10 with value: -0.8355233715063007.
[I 2026-03-18 19:18:24,071] Trial 45 pruned. 
[I 2026-03-18 19:18:29,236] Trial 35 pruned. 
[I 2026-03-18 19:18:30,453] Trial 46 pruned. 
[I 2026-03-18 19:18:31,681] Trial 26 finished with value: -2.253260172067209 and parameters: {'n_layers_yyx': 2, 'hidden_size_yyx_l0': 3, 'hidden_size_yyx_l1': 5, 'context_size_yyx': 1, 'num_mix_components_yyx': 4, 'context_extractor_yyx': 'gru', 'activation_func_yyx': 'Tanh', 'L2_weight_yyx': 5.944821813373432e-09, 'L_entropy_weight_yyx': 6.132551436124707e-09, 'L_sep_weight_yyx': 0.000949347730660522, 'L_scale_weight_yyx': 8.199742932706169e-09, 'learning_rate_yyx': 0.0031808641632691333}. Best is trial 2 with value: -2.272224617884258.
[I 2026-03-18 19:18:33,621] Trial 34 pruned. 
[I 2026-03-18 19:18:35,710] Trial 32 finished with value: -1.7835692866161617 and parameters: {'n_layers_yyx': 1, 'hidden_size_yyx_l0': 4, 'context_size_yyx': 1, 'num_mix_components_yyx': 5, 'context_extractor_yyx': 'gru', 'activation_func_yyx': 'Tanh', 'L2_weight_yyx': 1.4760820400680693e-06, 'L_entropy_weight_yyx': 2.2958479058692927e-06, 'L_sep_weight_yyx': 2.091800099970953e-07, 'L_scale_weight_yyx': 8.347054017258761e-08, 'learning_rate_yyx': 0.00981717294577087}. Best is trial 12 with value: -1.7867913016887627.
[I 2026-03-18 19:18:36,008] Trial 38 pruned. 
[I 2026-03-18 19:18:36,925] Trial 47 pruned. 
[I 2026-03-18 19:18:37,102] Trial 46 pruned. 
[I 2026-03-18 19:18:40,032] Trial 27 pruned. 
[I 2026-03-18 19:18:43,155] Trial 47 pruned. 
[I 2026-03-18 19:18:44,886] Trial 34 finished with value: -2.2817740805729803 and parameters: {'n_layers_yyx': 2, 'hidden_size_yyx_l0': 5, 'hidden_size_yyx_l1': 6, 'context_size_yyx': 4, 'num_mix_components_yyx': 2, 'context_extractor_yyx': 'lstm', 'activation_func_yyx': 'ReLU', 'L2_weight_yyx': 9.679333260592676e-07, 'L_entropy_weight_yyx': 0.0002578793455035103, 'L_sep_weight_yyx': 1.2460124019415664e-10, 'L_scale_weight_yyx': 1.6155061797320957e-07, 'learning_rate_yyx': 0.008254603168970634}. Best is trial 10 with value: -2.2853422092545133.
[I 2026-03-18 19:18:45,065] Trial 39 pruned. 
[I 2026-03-18 19:18:46,583] Trial 36 pruned. 
[I 2026-03-18 19:18:50,070] Trial 48 pruned. 
[I 2026-03-18 19:18:50,428] Trial 35 pruned. 
[I 2026-03-18 19:18:52,185] Trial 33 pruned. 
[I 2026-03-18 19:18:53,679] Trial 35 pruned. 
[I 2026-03-18 19:18:55,036] Trial 37 pruned. 
[I 2026-03-18 19:18:56,980] Trial 36 finished with value: -1.764658451471493 and parameters: {'n_layers_yyx': 2, 'hidden_size_yyx_l0': 6, 'hidden_size_yyx_l1': 4, 'context_size_yyx': 2, 'num_mix_components_yyx': 1, 'context_extractor_yyx': 'lstm', 'activation_func_yyx': 'ReLU', 'L2_weight_yyx': 1.1318441542979355e-10, 'L_entropy_weight_yyx': 0.0003162807864253031, 'L_sep_weight_yyx': 2.2009925730876493e-08, 'L_scale_weight_yyx': 2.733784898236221e-09, 'learning_rate_yyx': 0.007597298465118989}. Best is trial 1 with value: -1.7684712210476057.
[I 2026-03-18 19:18:59,956] Trial 24 finished with value: -1.7754799259277543 and parameters: {'n_layers_yyx': 1, 'hidden_size_yyx_l0': 3, 'context_size_yyx': 2, 'num_mix_components_yyx': 4, 'context_extractor_yyx': 'gru', 'activation_func_yyx': 'Tanh', 'L2_weight_yyx': 2.901699908455445e-10, 'L_entropy_weight_yyx': 0.00011368425113581981, 'L_sep_weight_yyx': 2.338613044232803e-07, 'L_scale_weight_yyx': 9.681097641280979e-08, 'learning_rate_yyx': 0.007702615886764369}. Best is trial 2 with value: -1.776406202226865.
[I 2026-03-18 19:19:00,076] Trial 34 pruned. 
[I 2026-03-18 19:19:00,848] Trial 28 pruned. 
[I 2026-03-18 19:19:01,192] Trial 25 pruned. 
[I 2026-03-18 19:19:02,183] Trial 49 pruned. 

Source events: 3618
Target events: 9421
Full model ln_yyx : 75.90283 nats/sec, 7.25109 nats/event
Full model Log loss : -0.81676
Full model ln_yyx : 75.98168 nats/sec, 7.25863 nats/event
Full model Log loss : -0.83481
Full model ln_yyx : 74.43009 nats/sec, 7.11040 nats/event
Full model Log loss : -0.80165
Full model ln_yyx : 75.21288 nats/sec, 7.18518 nats/event
Full model Log loss : -0.82697
Full model ln_yyx : 74.51201 nats/sec, 7.11823 nats/event
Full model Log loss : -0.82319
Full model ln_yyx : 75.74327 nats/sec, 7.23585 nats/event
Full model Log loss : -0.83552
Full model ln_yyx : 76.52479 nats/sec, 7.31051 nats/event
Full model Log loss : -0.83064
Full model ln_yyx : 75.35706 nats/sec, 7.19896 nats/event
Full model Log loss : -0.80447
Full model ln_yyx : 76.77292 nats/sec, 7.33421 nats/event
Full model Log loss : -0.83206
Full model ln_yyx : 75.07070 nats/sec, 7.17160 nats/event
Full model Log loss : -0.83031
Full model ln_yyx : 74.21191 nats/sec, 7.08956 nats/event
Full model Log loss : -0.79761
Full model ln_yyx : 76.23425 nats/sec, 7.28275 nats/event
Full model Log loss : -0.83149
Full model ln_yyx : 74.78397 nats/sec, 7.14421 nats/event
Full model Log loss : -0.82699
Full model ln_yyx : 76.85638 nats/sec, 7.34219 nats/event
Full model Log loss : -0.83128
Optimization finished. Config saved to results/opt-full/opt_full_200_best_config.txt
[I 2026-03-18 19:19:08,729] Trial 36 pruned. 
[I 2026-03-18 19:19:08,917] Trial 25 pruned. 
[I 2026-03-18 19:19:10,397] Trial 29 pruned. 
[I 2026-03-18 19:19:11,047] Trial 26 pruned. 
[I 2026-03-18 19:19:11,889] Trial 38 pruned. 
[I 2026-03-18 19:19:11,992] Trial 25 finished with value: -1.7844676254734848 and parameters: {'n_layers_yyx': 2, 'hidden_size_yyx_l0': 3, 'hidden_size_yyx_l1': 4, 'context_size_yyx': 2, 'num_mix_components_yyx': 4, 'context_extractor_yyx': 'gru', 'activation_func_yyx': 'ReLU', 'L2_weight_yyx': 2.0327325188726244e-06, 'L_entropy_weight_yyx': 6.633768610517345e-05, 'L_sep_weight_yyx': 5.435555602367941e-08, 'L_scale_weight_yyx': 4.612848458306583e-10, 'learning_rate_yyx': 0.0026370549694485356}. Best is trial 4 with value: -1.784507205847538.
[I 2026-03-18 19:19:14,967] Trial 48 pruned. 
[I 2026-03-18 19:19:17,615] Trial 35 pruned. 
[I 2026-03-18 19:19:24,824] Trial 26 pruned. 
[I 2026-03-18 19:19:25,611] Trial 37 pruned. 
[I 2026-03-18 19:19:30,303] Trial 27 pruned. 
[I 2026-03-18 19:19:30,502] Trial 49 finished with value: -0.7900196340270725 and parameters: {'n_layers_yyx': 1, 'hidden_size_yyx_l0': 6, 'context_size_yyx': 3, 'num_mix_components_yyx': 3, 'context_extractor_yyx': 'gru', 'activation_func_yyx': 'Tanh', 'L2_weight_yyx': 1.890028998916339e-09, 'L_entropy_weight_yyx': 2.074125256403258e-06, 'L_sep_weight_yyx': 0.0005876386175886614, 'L_scale_weight_yyx': 4.65844057569961e-06, 'learning_rate_yyx': 0.004583116063550108}. Best is trial 30 with value: -0.8342147669376616.

Source events: 3618
Target events: 38515
Full model ln_yyx : 304.93091 nats/sec, 7.12548 nats/event
Full model Log loss : -0.79710
Full model ln_yyx : 311.65713 nats/sec, 7.28265 nats/event
Full model Log loss : -0.82353
Full model ln_yyx : 311.89097 nats/sec, 7.28812 nats/event
Full model Log loss : -0.81083
Full model ln_yyx : 288.08600 nats/sec, 6.73186 nats/event
Full model Log loss : -0.75109
Full model ln_yyx : 306.49372 nats/sec, 7.16200 nats/event
Full model Log loss : -0.81796
Full model ln_yyx : 304.35135 nats/sec, 7.11194 nats/event
Full model Log loss : -0.81291
Full model ln_yyx : 330.48836 nats/sec, 7.72269 nats/event
Full model Log loss : -0.81886
Full model ln_yyx : 322.98188 nats/sec, 7.54729 nats/event
Full model Log loss : -0.83107
Full model ln_yyx : 321.74869 nats/sec, 7.51847 nats/event
Full model Log loss : -0.81695
Full model ln_yyx : 314.32792 nats/sec, 7.34506 nats/event
Full model Log loss : -0.80526
Full model ln_yyx : 309.19857 nats/sec, 7.22520 nats/event
Full model Log loss : -0.79502
Full model ln_yyx : 319.44166 nats/sec, 7.46456 nats/event
Full model Log loss : -0.83421
Full model ln_yyx : 318.49456 nats/sec, 7.44243 nats/event
Full model Log loss : -0.83134
Full model ln_yyx : 316.42242 nats/sec, 7.39401 nats/event
Full model Log loss : -0.83180
Full model ln_yyx : 308.81504 nats/sec, 7.21624 nats/event
Full model Log loss : -0.79002
Optimization finished. Config saved to results/opt-full/opt_full_193_best_config.txt
[I 2026-03-18 19:19:33,999] Trial 27 pruned. 
[I 2026-03-18 19:19:34,403] Trial 23 finished with value: -2.2642834399850895 and parameters: {'n_layers_yyx': 2, 'hidden_size_yyx_l0': 2, 'hidden_size_yyx_l1': 5, 'context_size_yyx': 4, 'num_mix_components_yyx': 5, 'context_extractor_yyx': 'lstm', 'activation_func_yyx': 'Tanh', 'L2_weight_yyx': 2.8982512183909556e-08, 'L_entropy_weight_yyx': 0.00029082274600270686, 'L_sep_weight_yyx': 9.114037275732173e-05, 'L_scale_weight_yyx': 6.839854266358476e-08, 'learning_rate_yyx': 0.006198691732964746}. Best is trial 21 with value: -2.2734326463096424.
[I 2026-03-18 19:19:35,898] Trial 36 pruned. 
[I 2026-03-18 19:19:36,012] Trial 40 pruned. 
[I 2026-03-18 19:19:38,191] Trial 21 finished with value: -2.280471689063654 and parameters: {'n_layers_yyx': 2, 'hidden_size_yyx_l0': 3, 'hidden_size_yyx_l1': 6, 'context_size_yyx': 4, 'num_mix_components_yyx': 5, 'context_extractor_yyx': 'lstm', 'activation_func_yyx': 'GELU', 'L2_weight_yyx': 3.7569709352667594e-06, 'L_entropy_weight_yyx': 0.00016609138804967908, 'L_sep_weight_yyx': 0.0008367263120415158, 'L_scale_weight_yyx': 0.00028369618609563977, 'learning_rate_yyx': 0.009814002580316153}. Best is trial 15 with value: -2.2836040757900973.
[I 2026-03-18 19:19:39,193] Trial 28 pruned. 
[I 2026-03-18 19:19:39,233] Trial 19 finished with value: -2.286228705678167 and parameters: {'n_layers_yyx': 1, 'hidden_size_yyx_l0': 6, 'context_size_yyx': 4, 'num_mix_components_yyx': 2, 'context_extractor_yyx': 'gru', 'activation_func_yyx': 'ReLU', 'L2_weight_yyx': 4.050961648267357e-07, 'L_entropy_weight_yyx': 6.867306492038837e-07, 'L_sep_weight_yyx': 0.0007025690744251481, 'L_scale_weight_yyx': 2.8059397373599604e-09, 'learning_rate_yyx': 0.005794373027044326}. Best is trial 19 with value: -2.286228705678167.
[I 2026-03-18 19:19:43,487] Trial 38 pruned. 
[I 2026-03-18 19:19:44,014] Trial 37 pruned. 
[I 2026-03-18 19:19:44,029] Trial 24 pruned. 
[I 2026-03-18 19:19:44,036] Trial 36 pruned. 
[I 2026-03-18 19:19:46,767] Trial 21 finished with value: -2.207878730583672 and parameters: {'n_layers_yyx': 2, 'hidden_size_yyx_l0': 6, 'hidden_size_yyx_l1': 5, 'context_size_yyx': 3, 'num_mix_components_yyx': 5, 'context_extractor_yyx': 'lstm', 'activation_func_yyx': 'GELU', 'L2_weight_yyx': 1.8760651421285226e-10, 'L_entropy_weight_yyx': 6.916458738879566e-05, 'L_sep_weight_yyx': 1.6091057175659663e-05, 'L_scale_weight_yyx': 5.526937503738828e-10, 'learning_rate_yyx': 0.007948872888360761}. Best is trial 12 with value: -2.2168161654612635.
[I 2026-03-18 19:19:47,062] Trial 22 pruned. 
[I 2026-03-18 19:19:47,986] Trial 29 pruned. 
[I 2026-03-18 19:19:50,345] Trial 39 pruned. 
[I 2026-03-18 19:19:52,204] Trial 38 pruned. 
[I 2026-03-18 19:19:52,393] Trial 28 pruned. 
[I 2026-03-18 19:19:52,632] Trial 37 pruned. 
[I 2026-03-18 19:19:53,639] Trial 25 pruned. 
[I 2026-03-18 19:19:59,779] Trial 24 finished with value: -1.8613912361819729 and parameters: {'n_layers_yyx': 2, 'hidden_size_yyx_l0': 4, 'hidden_size_yyx_l1': 4, 'context_size_yyx': 3, 'num_mix_components_yyx': 1, 'context_extractor_yyx': 'lstm', 'activation_func_yyx': 'GELU', 'L2_weight_yyx': 1.287695071808027e-09, 'L_entropy_weight_yyx': 2.2559409509874035e-05, 'L_sep_weight_yyx': 5.142947333904445e-08, 'L_scale_weight_yyx': 2.6056595912080153e-09, 'learning_rate_yyx': 0.002419769330629116}. Best is trial 5 with value: -1.864091702761834.
[I 2026-03-18 19:20:07,164] Trial 30 pruned. 
[I 2026-03-18 19:20:08,351] Trial 49 finished with value: -0.8073073461805876 and parameters: {'n_layers_yyx': 2, 'hidden_size_yyx_l0': 2, 'hidden_size_yyx_l1': 4, 'context_size_yyx': 2, 'num_mix_components_yyx': 5, 'context_extractor_yyx': 'gru', 'activation_func_yyx': 'Tanh', 'L2_weight_yyx': 0.0006358258294886086, 'L_entropy_weight_yyx': 1.444904964637083e-06, 'L_sep_weight_yyx': 1.8295053479045566e-10, 'L_scale_weight_yyx': 2.5830699306139156e-10, 'learning_rate_yyx': 0.005541255196603324}. Best is trial 33 with value: -0.8347344222413913.

Source events: 3618
Target events: 8618
Full model ln_yyx : 69.30724 nats/sec, 7.23793 nats/event
Full model Log loss : -0.82455
Full model ln_yyx : 68.65689 nats/sec, 7.17002 nats/event
Full model Log loss : -0.81017
Full model ln_yyx : 68.04590 nats/sec, 7.10621 nats/event
Full model Log loss : -0.79822
Full model ln_yyx : 69.56857 nats/sec, 7.26523 nats/event
Full model Log loss : -0.83203
Full model ln_yyx : 69.86499 nats/sec, 7.29618 nats/event
Full model Log loss : -0.83457
Full model ln_yyx : 69.78358 nats/sec, 7.28768 nats/event
Full model Log loss : -0.83421
Full model ln_yyx : 70.21329 nats/sec, 7.33256 nats/event
Full model Log loss : -0.83410
Full model ln_yyx : 68.84438 nats/sec, 7.18960 nats/event
Full model Log loss : -0.81704
Full model ln_yyx : 70.19570 nats/sec, 7.33072 nats/event
Full model Log loss : -0.83469
Full model ln_yyx : 68.65709 nats/sec, 7.17004 nats/event
Full model Log loss : -0.81355
Full model ln_yyx : 70.06341 nats/sec, 7.31690 nats/event
Full model Log loss : -0.83414
Full model ln_yyx : 69.99280 nats/sec, 7.30953 nats/event
Full model Log loss : -0.83473
Full model ln_yyx : 69.22188 nats/sec, 7.22902 nats/event
Full model Log loss : -0.80141
Full model ln_yyx : 68.13902 nats/sec, 7.11593 nats/event
Full model Log loss : -0.80731
Optimization finished. Config saved to results/opt-full/opt_full_199_best_config.txt
[I 2026-03-18 19:20:09,608] Trial 29 pruned. 
[I 2026-03-18 19:20:10,187] Trial 38 pruned. 
[I 2026-03-18 19:20:11,215] Trial 32 finished with value: -2.2821268443524327 and parameters: {'n_layers_yyx': 2, 'hidden_size_yyx_l0': 4, 'hidden_size_yyx_l1': 5, 'context_size_yyx': 3, 'num_mix_components_yyx': 5, 'context_extractor_yyx': 'gru', 'activation_func_yyx': 'Tanh', 'L2_weight_yyx': 1.7863430909976057e-07, 'L_entropy_weight_yyx': 4.431348836157602e-09, 'L_sep_weight_yyx': 1.1780007929195691e-06, 'L_scale_weight_yyx': 5.799801797934703e-05, 'learning_rate_yyx': 0.0081608291348283}. Best is trial 22 with value: -2.2897814149518054.
[I 2026-03-18 19:20:16,319] Trial 25 pruned. 
[I 2026-03-18 19:20:17,629] Trial 30 pruned. 
[I 2026-03-18 19:20:19,037] Trial 39 pruned. 
[I 2026-03-18 19:20:24,969] Trial 26 pruned. 
[I 2026-03-18 19:20:25,408] Trial 25 finished with value: -2.2735596009603314 and parameters: {'n_layers_yyx': 2, 'hidden_size_yyx_l0': 4, 'hidden_size_yyx_l1': 4, 'context_size_yyx': 4, 'num_mix_components_yyx': 1, 'context_extractor_yyx': 'lstm', 'activation_func_yyx': 'ReLU', 'L2_weight_yyx': 0.0009644093365145919, 'L_entropy_weight_yyx': 1.7254234040455837e-07, 'L_sep_weight_yyx': 1.6325456000375543e-06, 'L_scale_weight_yyx': 3.082878189196012e-10, 'learning_rate_yyx': 0.007732115203321125}. Best is trial 25 with value: -2.2735596009603314.
[I 2026-03-18 19:20:28,385] Trial 40 pruned. 
[I 2026-03-18 19:20:32,370] Trial 27 pruned. 
[I 2026-03-18 19:20:34,429] Trial 40 pruned. 
[I 2026-03-18 19:20:39,155] Trial 39 pruned. 
[I 2026-03-18 19:20:46,041] Trial 26 pruned. 
[I 2026-03-18 19:20:48,961] Trial 41 finished with value: -2.2832451996634027 and parameters: {'n_layers_yyx': 1, 'hidden_size_yyx_l0': 6, 'context_size_yyx': 4, 'num_mix_components_yyx': 4, 'context_extractor_yyx': 'gru', 'activation_func_yyx': 'Tanh', 'L2_weight_yyx': 0.000180246033176373, 'L_entropy_weight_yyx': 9.197902508983947e-09, 'L_sep_weight_yyx': 1.6512201346422383e-09, 'L_scale_weight_yyx': 1.0130925907712372e-06, 'learning_rate_yyx': 0.009294157163483113}. Best is trial 1 with value: -2.2881647079635865.
[I 2026-03-18 19:20:50,803] Trial 40 pruned. 
[I 2026-03-18 19:21:13,080] Trial 31 finished with value: -1.7813104926215277 and parameters: {'n_layers_yyx': 2, 'hidden_size_yyx_l0': 4, 'hidden_size_yyx_l1': 3, 'context_size_yyx': 4, 'num_mix_components_yyx': 1, 'context_extractor_yyx': 'lstm', 'activation_func_yyx': 'ReLU', 'L2_weight_yyx': 6.096922012814847e-06, 'L_entropy_weight_yyx': 1.553713484385896e-08, 'L_sep_weight_yyx': 5.039645198410227e-09, 'L_scale_weight_yyx': 2.269161048930196e-05, 'learning_rate_yyx': 0.003401322185901508}. Best is trial 18 with value: -1.7861539220328282.
[I 2026-03-18 19:21:13,333] Trial 20 finished with value: -2.265898993315866 and parameters: {'n_layers_yyx': 2, 'hidden_size_yyx_l0': 6, 'hidden_size_yyx_l1': 2, 'context_size_yyx': 4, 'num_mix_components_yyx': 2, 'context_extractor_yyx': 'gru', 'activation_func_yyx': 'ReLU', 'L2_weight_yyx': 7.605761668701131e-07, 'L_entropy_weight_yyx': 7.96346303431848e-07, 'L_sep_weight_yyx': 0.00024234987666475134, 'L_scale_weight_yyx': 7.98997167178459e-08, 'learning_rate_yyx': 0.006276845456429713}. Best is trial 19 with value: -2.286228705678167.
[I 2026-03-18 19:21:19,116] Trial 41 pruned. 
[I 2026-03-18 19:21:24,266] Trial 37 finished with value: -1.7647841268137305 and parameters: {'n_layers_yyx': 2, 'hidden_size_yyx_l0': 6, 'hidden_size_yyx_l1': 4, 'context_size_yyx': 2, 'num_mix_components_yyx': 1, 'context_extractor_yyx': 'lstm', 'activation_func_yyx': 'ReLU', 'L2_weight_yyx': 1.3437561322367186e-10, 'L_entropy_weight_yyx': 1.1661776990639739e-09, 'L_sep_weight_yyx': 2.1178455587914417e-08, 'L_scale_weight_yyx': 3.23132615147488e-07, 'learning_rate_yyx': 0.007755712359899616}. Best is trial 1 with value: -1.7684712210476057.
[I 2026-03-18 19:21:25,435] Trial 39 finished with value: -1.7797506614436482 and parameters: {'n_layers_yyx': 2, 'hidden_size_yyx_l0': 2, 'hidden_size_yyx_l1': 3, 'context_size_yyx': 4, 'num_mix_components_yyx': 3, 'context_extractor_yyx': 'gru', 'activation_func_yyx': 'Tanh', 'L2_weight_yyx': 3.6353263371124544e-08, 'L_entropy_weight_yyx': 5.195577271532575e-10, 'L_sep_weight_yyx': 7.031060709670647e-08, 'L_scale_weight_yyx': 4.536620056269706e-06, 'learning_rate_yyx': 0.008367634021620359}. Best is trial 4 with value: -1.7807932306351817.
[I 2026-03-18 19:21:29,046] Trial 22 finished with value: -2.2874691014190636 and parameters: {'n_layers_yyx': 1, 'hidden_size_yyx_l0': 5, 'context_size_yyx': 4, 'num_mix_components_yyx': 3, 'context_extractor_yyx': 'gru', 'activation_func_yyx': 'ReLU', 'L2_weight_yyx': 7.767430482848701e-07, 'L_entropy_weight_yyx': 6.699887338077361e-07, 'L_sep_weight_yyx': 3.3477100432005095e-08, 'L_scale_weight_yyx': 1.1236385800305806e-05, 'learning_rate_yyx': 0.0014959382422701296}. Best is trial 17 with value: -2.288314778247399.
[I 2026-03-18 19:21:30,793] Trial 21 pruned. 
[I 2026-03-18 19:21:34,435] Trial 22 finished with value: -2.2121418883199953 and parameters: {'n_layers_yyx': 2, 'hidden_size_yyx_l0': 5, 'hidden_size_yyx_l1': 5, 'context_size_yyx': 3, 'num_mix_components_yyx': 5, 'context_extractor_yyx': 'lstm', 'activation_func_yyx': 'GELU', 'L2_weight_yyx': 1.2246793856742744e-09, 'L_entropy_weight_yyx': 1.178239635940156e-06, 'L_sep_weight_yyx': 6.37671333104981e-05, 'L_scale_weight_yyx': 1.1955895604629772e-08, 'learning_rate_yyx': 0.009725113731189962}. Best is trial 12 with value: -2.2168161654612635.
[I 2026-03-18 19:21:35,825] Trial 41 pruned. 
[I 2026-03-18 19:21:40,713] Trial 42 pruned. 
[I 2026-03-18 19:21:42,925] Trial 27 finished with value: -2.2520643919519285 and parameters: {'n_layers_yyx': 2, 'hidden_size_yyx_l0': 5, 'hidden_size_yyx_l1': 5, 'context_size_yyx': 3, 'num_mix_components_yyx': 1, 'context_extractor_yyx': 'lstm', 'activation_func_yyx': 'ReLU', 'L2_weight_yyx': 7.557627367743249e-05, 'L_entropy_weight_yyx': 1.0440514302599228e-08, 'L_sep_weight_yyx': 2.0080567899023364e-08, 'L_scale_weight_yyx': 3.5961200957188344e-10, 'learning_rate_yyx': 0.0097890549207997}. Best is trial 25 with value: -2.2735596009603314.
[I 2026-03-18 19:21:42,989] Trial 31 finished with value: -2.2817167060319767 and parameters: {'n_layers_yyx': 2, 'hidden_size_yyx_l0': 4, 'hidden_size_yyx_l1': 6, 'context_size_yyx': 4, 'num_mix_components_yyx': 5, 'context_extractor_yyx': 'gru', 'activation_func_yyx': 'ReLU', 'L2_weight_yyx': 5.336651422749938e-10, 'L_entropy_weight_yyx': 1.1797756481547906e-08, 'L_sep_weight_yyx': 5.394937784455307e-05, 'L_scale_weight_yyx': 9.90138589102103e-05, 'learning_rate_yyx': 0.006728705062631317}. Best is trial 1 with value: -2.2866954714752907.
[I 2026-03-18 19:21:46,847] Trial 23 pruned. 
[I 2026-03-18 19:21:48,149] Trial 27 finished with value: -2.2621699127400614 and parameters: {'n_layers_yyx': 2, 'hidden_size_yyx_l0': 4, 'hidden_size_yyx_l1': 3, 'context_size_yyx': 3, 'num_mix_components_yyx': 5, 'context_extractor_yyx': 'lstm', 'activation_func_yyx': 'Tanh', 'L2_weight_yyx': 1.1779976200773196e-07, 'L_entropy_weight_yyx': 3.4155481520286903e-07, 'L_sep_weight_yyx': 0.00024244739053962553, 'L_scale_weight_yyx': 5.611249711470994e-10, 'learning_rate_yyx': 0.0024007056869245137}. Best is trial 2 with value: -2.272224617884258.
[I 2026-03-18 19:21:51,121] Trial 26 finished with value: -2.2706809830712986 and parameters: {'n_layers_yyx': 2, 'hidden_size_yyx_l0': 5, 'hidden_size_yyx_l1': 5, 'context_size_yyx': 2, 'num_mix_components_yyx': 5, 'context_extractor_yyx': 'lstm', 'activation_func_yyx': 'Tanh', 'L2_weight_yyx': 8.567507759874042e-09, 'L_entropy_weight_yyx': 4.746917154410501e-05, 'L_sep_weight_yyx': 7.070028788531005e-08, 'L_scale_weight_yyx': 5.5567514157049744e-08, 'learning_rate_yyx': 0.007733608434244139}. Best is trial 21 with value: -2.2734326463096424.
[I 2026-03-18 19:21:51,494] Trial 23 pruned. 
[I 2026-03-18 19:21:53,814] Trial 28 pruned. 
[I 2026-03-18 19:21:56,147] Trial 24 pruned. 
[I 2026-03-18 19:22:01,755] Trial 24 pruned. 
[I 2026-03-18 19:22:02,853] Trial 32 pruned. 
[I 2026-03-18 19:22:06,235] Trial 41 finished with value: -1.774423695637751 and parameters: {'n_layers_yyx': 2, 'hidden_size_yyx_l0': 5, 'hidden_size_yyx_l1': 5, 'context_size_yyx': 3, 'num_mix_components_yyx': 2, 'context_extractor_yyx': 'lstm', 'activation_func_yyx': 'ReLU', 'L2_weight_yyx': 4.736990125729908e-10, 'L_entropy_weight_yyx': 2.108975789898158e-05, 'L_sep_weight_yyx': 5.917835361558368e-09, 'L_scale_weight_yyx': 6.650791288406477e-06, 'learning_rate_yyx': 0.009028486891044308}. Best is trial 4 with value: -1.7775746924677662.
[I 2026-03-18 19:22:09,366] Trial 33 finished with value: -2.285021031355187 and parameters: {'n_layers_yyx': 2, 'hidden_size_yyx_l0': 3, 'hidden_size_yyx_l1': 6, 'context_size_yyx': 4, 'num_mix_components_yyx': 5, 'context_extractor_yyx': 'gru', 'activation_func_yyx': 'Tanh', 'L2_weight_yyx': 3.5134672269401077e-09, 'L_entropy_weight_yyx': 1.3162205697332254e-05, 'L_sep_weight_yyx': 4.542763456329584e-07, 'L_scale_weight_yyx': 0.00018370010760308418, 'learning_rate_yyx': 0.007281177692050718}. Best is trial 22 with value: -2.2897814149518054.
[I 2026-03-18 19:22:09,763] Trial 26 finished with value: -1.7844007703993054 and parameters: {'n_layers_yyx': 2, 'hidden_size_yyx_l0': 3, 'hidden_size_yyx_l1': 4, 'context_size_yyx': 2, 'num_mix_components_yyx': 4, 'context_extractor_yyx': 'gru', 'activation_func_yyx': 'Tanh', 'L2_weight_yyx': 4.3284504756531624e-07, 'L_entropy_weight_yyx': 0.000937901720034981, 'L_sep_weight_yyx': 1.7626801100443568e-08, 'L_scale_weight_yyx': 1.1750612943374156e-10, 'learning_rate_yyx': 0.0028298398003375083}. Best is trial 4 with value: -1.784507205847538.
[I 2026-03-18 19:22:12,065] Trial 30 finished with value: -2.2721891097382603 and parameters: {'n_layers_yyx': 2, 'hidden_size_yyx_l0': 5, 'hidden_size_yyx_l1': 5, 'context_size_yyx': 3, 'num_mix_components_yyx': 4, 'context_extractor_yyx': 'gru', 'activation_func_yyx': 'Tanh', 'L2_weight_yyx': 6.918519243598885e-09, 'L_entropy_weight_yyx': 1.0044752681867825e-10, 'L_sep_weight_yyx': 6.980513109995267e-07, 'L_scale_weight_yyx': 0.000161104294160581, 'learning_rate_yyx': 0.0014983829184315254}. Best is trial 3 with value: -2.278758564192965.
[I 2026-03-18 19:22:13,999] Trial 25 pruned. 
[I 2026-03-18 19:22:14,549] Trial 33 pruned. 
[I 2026-03-18 19:22:16,246] Trial 42 pruned. 
[I 2026-03-18 19:22:17,075] Trial 29 pruned. 
[I 2026-03-18 19:22:17,080] Trial 27 pruned. 
[I 2026-03-18 19:22:18,560] Trial 38 pruned. 
[I 2026-03-18 19:22:18,567] Trial 40 pruned. 
[I 2026-03-18 19:22:21,599] Trial 27 pruned. 
[I 2026-03-18 19:22:25,095] Trial 26 pruned. 
[I 2026-03-18 19:22:27,544] Trial 30 pruned. 
[I 2026-03-18 19:22:27,973] Trial 34 pruned. 
[I 2026-03-18 19:22:45,017] Trial 28 pruned. 
[I 2026-03-18 19:22:49,460] Trial 27 pruned. 
[I 2026-03-18 19:22:49,605] Trial 28 pruned. 
[I 2026-03-18 19:22:50,347] Trial 31 finished with value: -1.7763324275679653 and parameters: {'n_layers_yyx': 1, 'hidden_size_yyx_l0': 3, 'context_size_yyx': 2, 'num_mix_components_yyx': 4, 'context_extractor_yyx': 'gru', 'activation_func_yyx': 'Tanh', 'L2_weight_yyx': 3.076328774430924e-10, 'L_entropy_weight_yyx': 0.00014267315608405994, 'L_sep_weight_yyx': 3.4765880572152187e-07, 'L_scale_weight_yyx': 1.0304576835734559e-07, 'learning_rate_yyx': 0.009688714471223919}. Best is trial 2 with value: -1.776406202226865.
[I 2026-03-18 19:22:51,673] Trial 31 pruned. 
[I 2026-03-18 19:23:04,111] Trial 32 pruned. 
[I 2026-03-18 19:23:07,516] Trial 23 finished with value: -2.281484283642602 and parameters: {'n_layers_yyx': 2, 'hidden_size_yyx_l0': 4, 'hidden_size_yyx_l1': 6, 'context_size_yyx': 4, 'num_mix_components_yyx': 5, 'context_extractor_yyx': 'lstm', 'activation_func_yyx': 'GELU', 'L2_weight_yyx': 3.6443026902176225e-06, 'L_entropy_weight_yyx': 5.0203908020019276e-05, 'L_sep_weight_yyx': 1.938076480477233e-05, 'L_scale_weight_yyx': 0.0008068187040348473, 'learning_rate_yyx': 0.004502598616659169}. Best is trial 15 with value: -2.2836040757900973.
[I 2026-03-18 19:23:10,121] Trial 32 pruned. 
[I 2026-03-18 19:23:10,608] Trial 29 pruned. 
[I 2026-03-18 19:23:12,179] Trial 34 pruned. 
[I 2026-03-18 19:23:13,941] Trial 41 pruned. 
[I 2026-03-18 19:23:14,358] Trial 33 pruned. 
[I 2026-03-18 19:23:16,940] Trial 28 pruned. 
[I 2026-03-18 19:23:18,668] Trial 24 pruned. 
[I 2026-03-18 19:23:19,887] Trial 30 pruned. 
[I 2026-03-18 19:23:23,328] Trial 35 pruned. 
[I 2026-03-18 19:23:26,096] Trial 34 pruned. 
[I 2026-03-18 19:23:29,790] Trial 33 pruned. 
[I 2026-03-18 19:23:31,023] Trial 31 pruned. 
[I 2026-03-18 19:23:39,732] Trial 35 pruned. 
[I 2026-03-18 19:23:45,464] Trial 43 finished with value: -2.2830831165850674 and parameters: {'n_layers_yyx': 1, 'hidden_size_yyx_l0': 6, 'context_size_yyx': 4, 'num_mix_components_yyx': 4, 'context_extractor_yyx': 'gru', 'activation_func_yyx': 'Tanh', 'L2_weight_yyx': 0.0009523339358880825, 'L_entropy_weight_yyx': 1.3970972499611954e-07, 'L_sep_weight_yyx': 1.8396928450840895e-10, 'L_scale_weight_yyx': 1.375605293803941e-06, 'learning_rate_yyx': 0.005554812045632911}. Best is trial 1 with value: -2.2881647079635865.
[I 2026-03-18 19:23:46,725] Trial 25 pruned. 
[I 2026-03-18 19:23:49,334] Trial 36 pruned. 
[I 2026-03-18 19:23:53,041] Trial 25 finished with value: -2.203982177118722 and parameters: {'n_layers_yyx': 1, 'hidden_size_yyx_l0': 6, 'context_size_yyx': 3, 'num_mix_components_yyx': 4, 'context_extractor_yyx': 'lstm', 'activation_func_yyx': 'Tanh', 'L2_weight_yyx': 4.928670936208712e-08, 'L_entropy_weight_yyx': 9.715001054823622e-09, 'L_sep_weight_yyx': 0.0007661754168879873, 'L_scale_weight_yyx': 1.5544224173374943e-07, 'learning_rate_yyx': 0.007640403655005437}. Best is trial 12 with value: -2.2168161654612635.
[I 2026-03-18 19:23:53,511] Trial 34 pruned. 
[I 2026-03-18 19:23:58,586] Trial 31 finished with value: -2.275594537224038 and parameters: {'n_layers_yyx': 2, 'hidden_size_yyx_l0': 6, 'hidden_size_yyx_l1': 5, 'context_size_yyx': 4, 'num_mix_components_yyx': 3, 'context_extractor_yyx': 'gru', 'activation_func_yyx': 'ReLU', 'L2_weight_yyx': 2.1597186553169657e-08, 'L_entropy_weight_yyx': 1.770939595877847e-07, 'L_sep_weight_yyx': 1.3549375492200567e-06, 'L_scale_weight_yyx': 5.276519525480833e-07, 'learning_rate_yyx': 0.004263192903116683}. Best is trial 3 with value: -2.278758564192965.
[I 2026-03-18 19:23:59,815] Trial 26 pruned. 
[I 2026-03-18 19:24:03,803] Trial 32 finished with value: -2.2843620309631274 and parameters: {'n_layers_yyx': 2, 'hidden_size_yyx_l0': 3, 'hidden_size_yyx_l1': 6, 'context_size_yyx': 4, 'num_mix_components_yyx': 5, 'context_extractor_yyx': 'gru', 'activation_func_yyx': 'ReLU', 'L2_weight_yyx': 1.545809337448397e-08, 'L_entropy_weight_yyx': 4.093343291919131e-10, 'L_sep_weight_yyx': 0.0002871395182980017, 'L_scale_weight_yyx': 0.00030857071791890627, 'learning_rate_yyx': 0.006117150024993107}. Best is trial 1 with value: -2.2866954714752907.
[I 2026-03-18 19:24:11,036] Trial 44 pruned. 
[I 2026-03-18 19:24:15,060] Trial 37 pruned. 
[I 2026-03-18 19:24:15,820] Trial 33 pruned. 
[I 2026-03-18 19:24:17,535] Trial 42 finished with value: -1.7696138016922769 and parameters: {'n_layers_yyx': 2, 'hidden_size_yyx_l0': 5, 'hidden_size_yyx_l1': 5, 'context_size_yyx': 3, 'num_mix_components_yyx': 2, 'context_extractor_yyx': 'lstm', 'activation_func_yyx': 'ReLU', 'L2_weight_yyx': 3.1305456522248236e-10, 'L_entropy_weight_yyx': 5.889622661105074e-06, 'L_sep_weight_yyx': 6.735082971001603e-10, 'L_scale_weight_yyx': 0.0001332590799836639, 'learning_rate_yyx': 0.005719564671111585}. Best is trial 4 with value: -1.7775746924677662.
[I 2026-03-18 19:24:21,081] Trial 29 pruned. 
[I 2026-03-18 19:24:22,452] Trial 32 pruned. 
[I 2026-03-18 19:24:22,782] Trial 27 pruned. 
[I 2026-03-18 19:24:27,238] Trial 34 pruned. 
[I 2026-03-18 19:24:28,555] Trial 42 finished with value: -1.7836044773910984 and parameters: {'n_layers_yyx': 1, 'hidden_size_yyx_l0': 5, 'context_size_yyx': 1, 'num_mix_components_yyx': 5, 'context_extractor_yyx': 'gru', 'activation_func_yyx': 'ReLU', 'L2_weight_yyx': 0.00027582780883394305, 'L_entropy_weight_yyx': 4.583791117225071e-10, 'L_sep_weight_yyx': 1.3772401865090544e-05, 'L_scale_weight_yyx': 1.970878814266358e-09, 'learning_rate_yyx': 0.008601068899976149}. Best is trial 12 with value: -1.7867913016887627.
[I 2026-03-18 19:24:29,069] Trial 43 finished with value: -2.286580094859241 and parameters: {'n_layers_yyx': 2, 'hidden_size_yyx_l0': 6, 'hidden_size_yyx_l1': 6, 'context_size_yyx': 4, 'num_mix_components_yyx': 2, 'context_extractor_yyx': 'lstm', 'activation_func_yyx': 'ReLU', 'L2_weight_yyx': 1.9152389182860137e-07, 'L_entropy_weight_yyx': 0.0001642634117701, 'L_sep_weight_yyx': 2.0543654671564694e-06, 'L_scale_weight_yyx': 1.0721214512330077e-10, 'learning_rate_yyx': 0.006697863097045982}. Best is trial 43 with value: -2.286580094859241.
[I 2026-03-18 19:24:34,775] Trial 39 finished with value: -1.7655972362640355 and parameters: {'n_layers_yyx': 2, 'hidden_size_yyx_l0': 6, 'hidden_size_yyx_l1': 4, 'context_size_yyx': 2, 'num_mix_components_yyx': 1, 'context_extractor_yyx': 'lstm', 'activation_func_yyx': 'ReLU', 'L2_weight_yyx': 6.9089680889994985e-09, 'L_entropy_weight_yyx': 8.907234768356389e-10, 'L_sep_weight_yyx': 4.807181542798913e-10, 'L_scale_weight_yyx': 1.4472960533010922e-07, 'learning_rate_yyx': 0.008420656022532107}. Best is trial 1 with value: -1.7684712210476057.
[I 2026-03-18 19:24:34,812] Trial 22 finished with value: -2.2858763901373162 and parameters: {'n_layers_yyx': 1, 'hidden_size_yyx_l0': 5, 'context_size_yyx': 3, 'num_mix_components_yyx': 2, 'context_extractor_yyx': 'gru', 'activation_func_yyx': 'ReLU', 'L2_weight_yyx': 5.468208102600835e-10, 'L_entropy_weight_yyx': 7.027503808773627e-08, 'L_sep_weight_yyx': 8.973310294158337e-08, 'L_scale_weight_yyx': 2.396874376371241e-10, 'learning_rate_yyx': 0.006539006161168464}. Best is trial 19 with value: -2.286228705678167.
[I 2026-03-18 19:24:39,724] Trial 35 pruned. 
[I 2026-03-18 19:24:39,801] Trial 44 pruned. 
[I 2026-03-18 19:24:44,310] Trial 30 pruned. 
[I 2026-03-18 19:24:46,649] Trial 28 pruned. 
[I 2026-03-18 19:24:56,388] Trial 40 pruned. 
[I 2026-03-18 19:24:58,583] Trial 29 pruned. 
[I 2026-03-18 19:25:00,769] Trial 28 finished with value: -2.2702968642382912 and parameters: {'n_layers_yyx': 2, 'hidden_size_yyx_l0': 2, 'hidden_size_yyx_l1': 6, 'context_size_yyx': 4, 'num_mix_components_yyx': 4, 'context_extractor_yyx': 'lstm', 'activation_func_yyx': 'GELU', 'L2_weight_yyx': 2.0744108494642417e-06, 'L_entropy_weight_yyx': 7.257441038782611e-10, 'L_sep_weight_yyx': 3.181041616147889e-05, 'L_scale_weight_yyx': 2.706105426643739e-08, 'learning_rate_yyx': 0.003793891965399124}. Best is trial 2 with value: -2.272224617884258.
[I 2026-03-18 19:25:02,355] Trial 36 pruned. 
[I 2026-03-18 19:25:03,654] Trial 45 pruned. 
[I 2026-03-18 19:25:10,592] Trial 45 pruned. 
[I 2026-03-18 19:25:11,881] Trial 29 pruned. 
[I 2026-03-18 19:25:11,940] Trial 29 pruned. 
[I 2026-03-18 19:25:12,005] Trial 35 finished with value: -1.7833586351799242 and parameters: {'n_layers_yyx': 2, 'hidden_size_yyx_l0': 2, 'hidden_size_yyx_l1': 5, 'context_size_yyx': 4, 'num_mix_components_yyx': 5, 'context_extractor_yyx': 'lstm', 'activation_func_yyx': 'ReLU', 'L2_weight_yyx': 4.0882614520716586e-05, 'L_entropy_weight_yyx': 1.7348389207254718e-07, 'L_sep_weight_yyx': 4.2884337374176155e-07, 'L_scale_weight_yyx': 0.00028571500338994433, 'learning_rate_yyx': 0.005399214972145304}. Best is trial 18 with value: -1.7861539220328282.
[I 2026-03-18 19:25:15,810] Trial 46 pruned. 
[I 2026-03-18 19:25:21,329] Trial 33 pruned. 
[I 2026-03-18 19:25:22,227] Trial 30 pruned. 
[I 2026-03-18 19:25:22,613] Trial 30 pruned. 
[I 2026-03-18 19:25:28,880] Trial 42 finished with value: -1.7806226687323778 and parameters: {'n_layers_yyx': 2, 'hidden_size_yyx_l0': 2, 'hidden_size_yyx_l1': 4, 'context_size_yyx': 4, 'num_mix_components_yyx': 3, 'context_extractor_yyx': 'gru', 'activation_func_yyx': 'Tanh', 'L2_weight_yyx': 3.2632790978113976e-09, 'L_entropy_weight_yyx': 2.6383232002611875e-10, 'L_sep_weight_yyx': 1.3068999747852686e-06, 'L_scale_weight_yyx': 4.338068849369035e-07, 'learning_rate_yyx': 0.009953850243030757}. Best is trial 4 with value: -1.7807932306351817.
[I 2026-03-18 19:25:34,806] Trial 36 pruned. 
[I 2026-03-18 19:25:39,027] Trial 47 pruned. 
[I 2026-03-18 19:25:44,915] Trial 31 pruned. 
[I 2026-03-18 19:25:46,638] Trial 31 pruned. 
[I 2026-03-18 19:25:49,884] Trial 41 pruned. 
[I 2026-03-18 19:25:50,727] Trial 48 pruned. 
[I 2026-03-18 19:25:51,968] Trial 43 finished with value: -1.7746188362077335 and parameters: {'n_layers_yyx': 2, 'hidden_size_yyx_l0': 6, 'hidden_size_yyx_l1': 6, 'context_size_yyx': 3, 'num_mix_components_yyx': 3, 'context_extractor_yyx': 'lstm', 'activation_func_yyx': 'ReLU', 'L2_weight_yyx': 3.4289823805053773e-09, 'L_entropy_weight_yyx': 5.5435610796088776e-05, 'L_sep_weight_yyx': 3.5620498846851986e-09, 'L_scale_weight_yyx': 2.110594261937724e-06, 'learning_rate_yyx': 0.007243440028954042}. Best is trial 4 with value: -1.7775746924677662.
[I 2026-03-18 19:26:03,844] Trial 49 pruned. 

Source events: 20800
Target events: 54211
Full model ln_yyx : 4494.01504 nats/sec, 74.60872 nats/event
Full model Log loss : -2.27402
Full model ln_yyx : 4404.25880 nats/sec, 73.11861 nats/event
Full model Log loss : -2.25922
Full model ln_yyx : 4465.23539 nats/sec, 74.13093 nats/event
Full model Log loss : -2.27611
Full model ln_yyx : 4454.22819 nats/sec, 73.94819 nats/event
Full model Log loss : -2.27222
Full model ln_yyx : 4491.29677 nats/sec, 74.56360 nats/event
Full model Log loss : -2.28534
Full model ln_yyx : 4496.26672 nats/sec, 74.64611 nats/event
Full model Log loss : -2.28511
Full model ln_yyx : 4469.92026 nats/sec, 74.20871 nats/event
Full model Log loss : -2.28341
Full model ln_yyx : 4484.60486 nats/sec, 74.45250 nats/event
Full model Log loss : -2.28416
Full model ln_yyx : 4499.73335 nats/sec, 74.70366 nats/event
Full model Log loss : -2.28423
Full model ln_yyx : 4446.54328 nats/sec, 73.82061 nats/event
Full model Log loss : -2.27964
Full model ln_yyx : 4435.60578 nats/sec, 73.63903 nats/event
Full model Log loss : -2.26403
Full model ln_yyx : 4467.51174 nats/sec, 74.16872 nats/event
Full model Log loss : -2.28177
Full model ln_yyx : 4501.18997 nats/sec, 74.72784 nats/event
Full model Log loss : -2.28658
Optimization finished. Config saved to results/opt-full/opt_full_208_best_config.txt
[I 2026-03-18 19:26:05,662] Trial 32 pruned. 
[I 2026-03-18 19:26:08,983] Trial 30 pruned. 
[I 2026-03-18 19:26:10,668] Trial 46 pruned. 
[I 2026-03-18 19:26:11,473] Trial 42 pruned. 
[I 2026-03-18 19:26:11,641] Trial 35 finished with value: -1.7759152835017071 and parameters: {'n_layers_yyx': 1, 'hidden_size_yyx_l0': 4, 'context_size_yyx': 3, 'num_mix_components_yyx': 5, 'context_extractor_yyx': 'gru', 'activation_func_yyx': 'Tanh', 'L2_weight_yyx': 4.418359335671064e-06, 'L_entropy_weight_yyx': 0.0005939090815726615, 'L_sep_weight_yyx': 2.0212622243248403e-06, 'L_scale_weight_yyx': 1.679042501715025e-05, 'learning_rate_yyx': 0.005914879178864398}. Best is trial 2 with value: -1.776406202226865.
[I 2026-03-18 19:26:13,892] Trial 23 finished with value: -2.2764368736612606 and parameters: {'n_layers_yyx': 1, 'hidden_size_yyx_l0': 5, 'context_size_yyx': 3, 'num_mix_components_yyx': 2, 'context_extractor_yyx': 'gru', 'activation_func_yyx': 'ReLU', 'L2_weight_yyx': 3.9151331394527447e-10, 'L_entropy_weight_yyx': 4.916285564412125e-09, 'L_sep_weight_yyx': 8.229736669596965e-08, 'L_scale_weight_yyx': 1.0984098178128942e-10, 'learning_rate_yyx': 0.006978521899856135}. Best is trial 19 with value: -2.286228705678167.
[I 2026-03-18 19:26:20,525] Trial 43 pruned. 
[I 2026-03-18 19:26:21,867] Trial 38 finished with value: -2.2704473899365056 and parameters: {'n_layers_yyx': 2, 'hidden_size_yyx_l0': 3, 'hidden_size_yyx_l1': 5, 'context_size_yyx': 4, 'num_mix_components_yyx': 5, 'context_extractor_yyx': 'gru', 'activation_func_yyx': 'GELU', 'L2_weight_yyx': 7.36220571990284e-09, 'L_entropy_weight_yyx': 9.434311790846936e-09, 'L_sep_weight_yyx': 0.00019758659458986354, 'L_scale_weight_yyx': 5.615642656005959e-07, 'learning_rate_yyx': 0.0023832988341606354}. Best is trial 22 with value: -2.2897814149518054.
[I 2026-03-18 19:26:26,091] Trial 33 pruned. 
[I 2026-03-18 19:26:33,802] Trial 47 pruned. 
[I 2026-03-18 19:26:34,283] Trial 43 pruned. 
[I 2026-03-18 19:26:35,856] Trial 26 finished with value: -2.213527347033483 and parameters: {'n_layers_yyx': 2, 'hidden_size_yyx_l0': 5, 'hidden_size_yyx_l1': 5, 'context_size_yyx': 4, 'num_mix_components_yyx': 5, 'context_extractor_yyx': 'gru', 'activation_func_yyx': 'GELU', 'L2_weight_yyx': 7.533553012427304e-07, 'L_entropy_weight_yyx': 2.0585153781751524e-06, 'L_sep_weight_yyx': 5.7848157619557665e-06, 'L_scale_weight_yyx': 1.6353028952438935e-08, 'learning_rate_yyx': 0.009588614432380524}. Best is trial 12 with value: -2.2168161654612635.
[I 2026-03-18 19:26:38,122] Trial 34 pruned. 
[I 2026-03-18 19:26:45,367] Trial 48 pruned. 
[I 2026-03-18 19:26:47,403] Trial 27 pruned. 
[I 2026-03-18 19:26:59,244] Trial 49 pruned. 

Source events: 20800
Target events: 31112
Full model ln_yyx : 2557.61037 nats/sec, 73.98590 nats/event
Full model Log loss : -2.28386
Full model ln_yyx : 2577.68086 nats/sec, 74.56649 nats/event
Full model Log loss : -2.28816
Full model ln_yyx : 2548.28229 nats/sec, 73.71606 nats/event
Full model Log loss : -2.26805
Full model ln_yyx : 2546.83794 nats/sec, 73.67428 nats/event
Full model Log loss : -2.26327
Full model ln_yyx : 2563.22888 nats/sec, 74.14843 nats/event
Full model Log loss : -2.27156
Full model ln_yyx : 2538.74683 nats/sec, 73.44022 nats/event
Full model Log loss : -2.26684
Full model ln_yyx : 2576.35615 nats/sec, 74.52817 nats/event
Full model Log loss : -2.28449
Full model ln_yyx : 2561.65734 nats/sec, 74.10297 nats/event
Full model Log loss : -2.26539
Full model ln_yyx : 2580.29066 nats/sec, 74.64199 nats/event
Full model Log loss : -2.28315
Full model ln_yyx : 2580.21385 nats/sec, 74.63977 nats/event
Full model Log loss : -2.28321
Full model ln_yyx : 2553.12919 nats/sec, 73.85627 nats/event
Full model Log loss : -2.26491
Full model ln_yyx : 2579.11785 nats/sec, 74.60806 nats/event
Full model Log loss : -2.28325
Full model ln_yyx : 2544.07096 nats/sec, 73.59424 nats/event
Full model Log loss : -2.28308
Optimization finished. Config saved to results/opt-full/opt_full_204_best_config.txt
[I 2026-03-18 19:27:06,464] Trial 32 finished with value: -1.862962815334467 and parameters: {'n_layers_yyx': 2, 'hidden_size_yyx_l0': 4, 'hidden_size_yyx_l1': 4, 'context_size_yyx': 4, 'num_mix_components_yyx': 5, 'context_extractor_yyx': 'lstm', 'activation_func_yyx': 'ReLU', 'L2_weight_yyx': 1.0139265654539862e-09, 'L_entropy_weight_yyx': 0.00016172632236244512, 'L_sep_weight_yyx': 1.3266361400580878e-06, 'L_scale_weight_yyx': 0.0005162404354849395, 'learning_rate_yyx': 0.0013929935683858407}. Best is trial 5 with value: -1.864091702761834.
[I 2026-03-18 19:27:07,309] Trial 28 finished with value: -2.2734211243497553 and parameters: {'n_layers_yyx': 1, 'hidden_size_yyx_l0': 5, 'context_size_yyx': 3, 'num_mix_components_yyx': 3, 'context_extractor_yyx': 'gru', 'activation_func_yyx': 'Tanh', 'L2_weight_yyx': 0.00011334912865665617, 'L_entropy_weight_yyx': 8.946847975534628e-08, 'L_sep_weight_yyx': 1.9842073118791113e-08, 'L_scale_weight_yyx': 1.1412365163886851e-07, 'learning_rate_yyx': 0.0029964853996678883}. Best is trial 17 with value: -2.288314778247399.
[I 2026-03-18 19:27:08,138] Trial 36 pruned. 
[I 2026-03-18 19:27:08,571] Trial 37 finished with value: -1.7827013050426137 and parameters: {'n_layers_yyx': 2, 'hidden_size_yyx_l0': 2, 'hidden_size_yyx_l1': 5, 'context_size_yyx': 4, 'num_mix_components_yyx': 5, 'context_extractor_yyx': 'lstm', 'activation_func_yyx': 'ReLU', 'L2_weight_yyx': 4.136356559035373e-05, 'L_entropy_weight_yyx': 9.043670267906752e-06, 'L_sep_weight_yyx': 2.8273639843065705e-06, 'L_scale_weight_yyx': 0.000987916055665579, 'learning_rate_yyx': 0.007278205046581719}. Best is trial 18 with value: -1.7861539220328282.
[I 2026-03-18 19:27:13,728] Trial 37 finished with value: -2.285742247265147 and parameters: {'n_layers_yyx': 2, 'hidden_size_yyx_l0': 3, 'hidden_size_yyx_l1': 6, 'context_size_yyx': 4, 'num_mix_components_yyx': 4, 'context_extractor_yyx': 'gru', 'activation_func_yyx': 'GELU', 'L2_weight_yyx': 3.788493117739005e-06, 'L_entropy_weight_yyx': 6.331988995809619e-07, 'L_sep_weight_yyx': 0.00025287079325955416, 'L_scale_weight_yyx': 8.394402528622744e-07, 'learning_rate_yyx': 0.006727841480101318}. Best is trial 1 with value: -2.2866954714752907.
[I 2026-03-18 19:27:16,477] Trial 44 pruned. 
[I 2026-03-18 19:27:20,028] Trial 39 pruned. 
[I 2026-03-18 19:27:24,713] Trial 31 pruned. 
[I 2026-03-18 19:27:26,737] Trial 45 pruned. 
[I 2026-03-18 19:27:28,095] Trial 44 pruned. 
[I 2026-03-18 19:27:28,097] Trial 38 pruned. 
[I 2026-03-18 19:27:30,168] Trial 40 pruned. 
[I 2026-03-18 19:27:30,269] Trial 34 finished with value: -2.275425583962213 and parameters: {'n_layers_yyx': 2, 'hidden_size_yyx_l0': 6, 'hidden_size_yyx_l1': 5, 'context_size_yyx': 4, 'num_mix_components_yyx': 2, 'context_extractor_yyx': 'gru', 'activation_func_yyx': 'ReLU', 'L2_weight_yyx': 1.484819197162587e-07, 'L_entropy_weight_yyx': 4.136854862416571e-09, 'L_sep_weight_yyx': 6.369387791514431e-06, 'L_scale_weight_yyx': 1.0161957858888877e-05, 'learning_rate_yyx': 0.0049329668038223876}. Best is trial 3 with value: -2.278758564192965.
[I 2026-03-18 19:27:31,036] Trial 44 finished with value: -1.7767811090173855 and parameters: {'n_layers_yyx': 2, 'hidden_size_yyx_l0': 6, 'hidden_size_yyx_l1': 6, 'context_size_yyx': 3, 'num_mix_components_yyx': 3, 'context_extractor_yyx': 'lstm', 'activation_func_yyx': 'ReLU', 'L2_weight_yyx': 3.0273494423258882e-09, 'L_entropy_weight_yyx': 0.0009937448126016545, 'L_sep_weight_yyx': 1.6330260410256168e-10, 'L_scale_weight_yyx': 1.2390877391520697e-06, 'learning_rate_yyx': 0.006554600231888904}. Best is trial 4 with value: -1.7775746924677662.
[I 2026-03-18 19:27:40,601] Trial 35 pruned. 
[I 2026-03-18 19:27:41,201] Trial 36 finished with value: -2.2770053366455874 and parameters: {'n_layers_yyx': 2, 'hidden_size_yyx_l0': 3, 'hidden_size_yyx_l1': 4, 'context_size_yyx': 3, 'num_mix_components_yyx': 1, 'context_extractor_yyx': 'lstm', 'activation_func_yyx': 'ReLU', 'L2_weight_yyx': 2.3742550902267974e-08, 'L_entropy_weight_yyx': 3.3527719222779575e-09, 'L_sep_weight_yyx': 7.549236524251995e-09, 'L_scale_weight_yyx': 2.0190912063492017e-10, 'learning_rate_yyx': 0.008732257929692951}. Best is trial 36 with value: -2.2770053366455874.
[I 2026-03-18 19:27:45,571] Trial 46 pruned. 
[I 2026-03-18 19:27:46,446] Trial 39 pruned. 
[I 2026-03-18 19:27:54,540] Trial 43 finished with value: -1.7827380741003789 and parameters: {'n_layers_yyx': 1, 'hidden_size_yyx_l0': 4, 'context_size_yyx': 1, 'num_mix_components_yyx': 5, 'context_extractor_yyx': 'gru', 'activation_func_yyx': 'ReLU', 'L2_weight_yyx': 7.00271730473525e-05, 'L_entropy_weight_yyx': 1.1517204148278758e-09, 'L_sep_weight_yyx': 0.0008375742404940523, 'L_scale_weight_yyx': 2.2805409282889956e-07, 'learning_rate_yyx': 0.00690366877021253}. Best is trial 12 with value: -1.7867913016887627.
[I 2026-03-18 19:28:02,508] Trial 37 pruned. 
[I 2026-03-18 19:28:07,375] Trial 40 pruned. 
[I 2026-03-18 19:28:12,533] Trial 24 finished with value: -2.285491383061123 and parameters: {'n_layers_yyx': 1, 'hidden_size_yyx_l0': 6, 'context_size_yyx': 4, 'num_mix_components_yyx': 2, 'context_extractor_yyx': 'gru', 'activation_func_yyx': 'ReLU', 'L2_weight_yyx': 1.581335706028034e-08, 'L_entropy_weight_yyx': 6.239153223309991e-08, 'L_sep_weight_yyx': 1.166194061169572e-08, 'L_scale_weight_yyx': 3.207469169830123e-10, 'learning_rate_yyx': 0.00938552603311085}. Best is trial 19 with value: -2.286228705678167.
[I 2026-03-18 19:28:24,739] Trial 45 pruned. 
[I 2026-03-18 19:28:35,616] Trial 32 finished with value: -2.283618801160143 and parameters: {'n_layers_yyx': 2, 'hidden_size_yyx_l0': 3, 'hidden_size_yyx_l1': 6, 'context_size_yyx': 4, 'num_mix_components_yyx': 5, 'context_extractor_yyx': 'lstm', 'activation_func_yyx': 'GELU', 'L2_weight_yyx': 4.297451623141875e-06, 'L_entropy_weight_yyx': 0.00034845601989354897, 'L_sep_weight_yyx': 0.00028936816271424775, 'L_scale_weight_yyx': 0.0004173228359271411, 'learning_rate_yyx': 0.008062804804130266}. Best is trial 32 with value: -2.283618801160143.
[I 2026-03-18 19:28:46,103] Trial 28 finished with value: -2.2086617386150706 and parameters: {'n_layers_yyx': 2, 'hidden_size_yyx_l0': 5, 'hidden_size_yyx_l1': 5, 'context_size_yyx': 4, 'num_mix_components_yyx': 3, 'context_extractor_yyx': 'gru', 'activation_func_yyx': 'ReLU', 'L2_weight_yyx': 9.875107083694831e-06, 'L_entropy_weight_yyx': 2.869694885445828e-06, 'L_sep_weight_yyx': 5.412513048040555e-07, 'L_scale_weight_yyx': 9.22849765829859e-07, 'learning_rate_yyx': 0.0076842494736365455}. Best is trial 12 with value: -2.2168161654612635.
[I 2026-03-18 19:28:55,488] Trial 37 finished with value: -1.7712387912282155 and parameters: {'n_layers_yyx': 2, 'hidden_size_yyx_l0': 4, 'hidden_size_yyx_l1': 4, 'context_size_yyx': 3, 'num_mix_components_yyx': 5, 'context_extractor_yyx': 'lstm', 'activation_func_yyx': 'Tanh', 'L2_weight_yyx': 5.710014887119916e-06, 'L_entropy_weight_yyx': 9.068702175688317e-05, 'L_sep_weight_yyx': 2.4047823069289765e-05, 'L_scale_weight_yyx': 1.3981889079799735e-05, 'learning_rate_yyx': 0.0069729357249154285}. Best is trial 2 with value: -1.776406202226865.
[I 2026-03-18 19:28:57,091] Trial 29 finished with value: -2.2872250803243572 and parameters: {'n_layers_yyx': 2, 'hidden_size_yyx_l0': 4, 'hidden_size_yyx_l1': 6, 'context_size_yyx': 4, 'num_mix_components_yyx': 3, 'context_extractor_yyx': 'lstm', 'activation_func_yyx': 'GELU', 'L2_weight_yyx': 8.177498988583786e-07, 'L_entropy_weight_yyx': 9.417580942055056e-09, 'L_sep_weight_yyx': 4.150689315092678e-08, 'L_scale_weight_yyx': 0.0007889020691351689, 'learning_rate_yyx': 0.007157545500022194}. Best is trial 17 with value: -2.288314778247399.
[I 2026-03-18 19:29:04,937] Trial 45 finished with value: -1.7626704778506972 and parameters: {'n_layers_yyx': 2, 'hidden_size_yyx_l0': 6, 'hidden_size_yyx_l1': 4, 'context_size_yyx': 1, 'num_mix_components_yyx': 2, 'context_extractor_yyx': 'lstm', 'activation_func_yyx': 'ReLU', 'L2_weight_yyx': 1.9948049870654695e-09, 'L_entropy_weight_yyx': 5.840789613617019e-10, 'L_sep_weight_yyx': 6.151623955764754e-10, 'L_scale_weight_yyx': 1.488640216909716e-08, 'learning_rate_yyx': 0.009660955982819623}. Best is trial 1 with value: -1.7684712210476057.
[I 2026-03-18 19:29:05,221] Trial 35 pruned. 
[I 2026-03-18 19:29:06,224] Trial 30 pruned. 
[I 2026-03-18 19:29:15,142] Trial 46 pruned. 
[I 2026-03-18 19:29:16,407] Trial 31 pruned. 
[I 2026-03-18 19:29:17,301] Trial 46 pruned. 
[I 2026-03-18 19:29:23,395] Trial 31 finished with value: -2.2773129352235233 and parameters: {'n_layers_yyx': 2, 'hidden_size_yyx_l0': 3, 'hidden_size_yyx_l1': 6, 'context_size_yyx': 4, 'num_mix_components_yyx': 4, 'context_extractor_yyx': 'lstm', 'activation_func_yyx': 'GELU', 'L2_weight_yyx': 5.814580689506732e-10, 'L_entropy_weight_yyx': 6.976635222966328e-10, 'L_sep_weight_yyx': 5.4200584801025296e-05, 'L_scale_weight_yyx': 3.748107810802541e-09, 'learning_rate_yyx': 0.006661977236906993}. Best is trial 31 with value: -2.2773129352235233.
[I 2026-03-18 19:29:25,766] Trial 32 pruned. 
[I 2026-03-18 19:29:26,272] Trial 44 finished with value: -1.781391478259154 and parameters: {'n_layers_yyx': 1, 'hidden_size_yyx_l0': 4, 'context_size_yyx': 4, 'num_mix_components_yyx': 4, 'context_extractor_yyx': 'gru', 'activation_func_yyx': 'ReLU', 'L2_weight_yyx': 0.0009773800615567128, 'L_entropy_weight_yyx': 1.5854395146371687e-10, 'L_sep_weight_yyx': 9.954739818117572e-06, 'L_scale_weight_yyx': 4.464738253860189e-10, 'learning_rate_yyx': 0.009858596009050879}. Best is trial 12 with value: -1.7867913016887627.
[I 2026-03-18 19:29:28,559] Trial 33 finished with value: -1.861068552583794 and parameters: {'n_layers_yyx': 2, 'hidden_size_yyx_l0': 5, 'hidden_size_yyx_l1': 4, 'context_size_yyx': 4, 'num_mix_components_yyx': 5, 'context_extractor_yyx': 'lstm', 'activation_func_yyx': 'ReLU', 'L2_weight_yyx': 1.014610655876162e-10, 'L_entropy_weight_yyx': 7.848330825795197e-08, 'L_sep_weight_yyx': 9.620004963467589e-06, 'L_scale_weight_yyx': 3.833824970716845e-05, 'learning_rate_yyx': 0.0020857846156683165}. Best is trial 5 with value: -1.864091702761834.
[I 2026-03-18 19:29:31,430] Trial 41 finished with value: -2.288967413651316 and parameters: {'n_layers_yyx': 2, 'hidden_size_yyx_l0': 4, 'hidden_size_yyx_l1': 6, 'context_size_yyx': 4, 'num_mix_components_yyx': 5, 'context_extractor_yyx': 'lstm', 'activation_func_yyx': 'Tanh', 'L2_weight_yyx': 6.096326919505836e-07, 'L_entropy_weight_yyx': 0.00019642703337153936, 'L_sep_weight_yyx': 2.508227981099636e-06, 'L_scale_weight_yyx': 0.0003889257564507595, 'learning_rate_yyx': 0.008641904397005186}. Best is trial 22 with value: -2.2897814149518054.
[I 2026-03-18 19:29:35,712] Trial 45 pruned. 
[I 2026-03-18 19:29:36,081] Trial 47 pruned. 
[I 2026-03-18 19:29:36,172] Trial 34 pruned. 
[I 2026-03-18 19:29:36,495] Trial 33 pruned. 
[I 2026-03-18 19:29:38,019] Trial 38 finished with value: -2.287633037216952 and parameters: {'n_layers_yyx': 2, 'hidden_size_yyx_l0': 3, 'hidden_size_yyx_l1': 6, 'context_size_yyx': 4, 'num_mix_components_yyx': 3, 'context_extractor_yyx': 'lstm', 'activation_func_yyx': 'GELU', 'L2_weight_yyx': 3.935613643382355e-09, 'L_entropy_weight_yyx': 6.997005147760402e-07, 'L_sep_weight_yyx': 0.0002946466336834893, 'L_scale_weight_yyx': 6.542057275958256e-09, 'learning_rate_yyx': 0.0054225327435908285}. Best is trial 38 with value: -2.287633037216952.
[I 2026-03-18 19:29:40,173] Trial 29 pruned. 
[I 2026-03-18 19:29:45,797] Trial 46 pruned. 
[I 2026-03-18 19:29:45,807] Trial 38 pruned. 
[I 2026-03-18 19:29:47,458] Trial 34 pruned. 
[I 2026-03-18 19:29:48,351] Trial 39 pruned. 
[I 2026-03-18 19:29:52,972] Trial 36 pruned. 
[I 2026-03-18 19:30:01,393] Trial 41 finished with value: -1.7824347971906567 and parameters: {'n_layers_yyx': 2, 'hidden_size_yyx_l0': 2, 'hidden_size_yyx_l1': 5, 'context_size_yyx': 4, 'num_mix_components_yyx': 5, 'context_extractor_yyx': 'lstm', 'activation_func_yyx': 'ReLU', 'L2_weight_yyx': 3.4176358391787364e-05, 'L_entropy_weight_yyx': 1.4317721575344659e-05, 'L_sep_weight_yyx': 4.8434720652794845e-06, 'L_scale_weight_yyx': 0.0004468942304205979, 'learning_rate_yyx': 0.007112529727336725}. Best is trial 18 with value: -1.7861539220328282.
[I 2026-03-18 19:30:01,900] Trial 37 pruned. 
[I 2026-03-18 19:30:03,072] Trial 47 pruned. 
[I 2026-03-18 19:30:03,466] Trial 32 finished with value: -2.272765491402173 and parameters: {'n_layers_yyx': 2, 'hidden_size_yyx_l0': 5, 'hidden_size_yyx_l1': 5, 'context_size_yyx': 2, 'num_mix_components_yyx': 4, 'context_extractor_yyx': 'lstm', 'activation_func_yyx': 'Tanh', 'L2_weight_yyx': 9.44176483481724e-09, 'L_entropy_weight_yyx': 4.1389329819482435e-05, 'L_sep_weight_yyx': 7.466553495493647e-07, 'L_scale_weight_yyx': 1.947680378161579e-10, 'learning_rate_yyx': 0.009699468913575206}. Best is trial 21 with value: -2.2734326463096424.
[I 2026-03-18 19:30:07,988] Trial 47 pruned. 
[I 2026-03-18 19:30:08,830] Trial 35 pruned. 
[I 2026-03-18 19:30:10,168] Trial 25 finished with value: -2.286349879513464 and parameters: {'n_layers_yyx': 1, 'hidden_size_yyx_l0': 6, 'context_size_yyx': 4, 'num_mix_components_yyx': 2, 'context_extractor_yyx': 'gru', 'activation_func_yyx': 'ReLU', 'L2_weight_yyx': 1.317533358448377e-08, 'L_entropy_weight_yyx': 5.671525859116173e-08, 'L_sep_weight_yyx': 2.9601429991657278e-08, 'L_scale_weight_yyx': 2.770573331416092e-10, 'learning_rate_yyx': 0.009538970383248134}. Best is trial 25 with value: -2.286349879513464.
[I 2026-03-18 19:30:12,099] Trial 38 pruned. 
[I 2026-03-18 19:30:12,549] Trial 48 pruned. 
[I 2026-03-18 19:30:17,536] Trial 36 pruned. 
[I 2026-03-18 19:30:20,533] Trial 35 pruned. 
[I 2026-03-18 19:30:20,937] Trial 49 pruned. 

Source events: 12731
Target events: 31112
Full model ln_yyx : 1339.06926 nats/sec, 38.73625 nats/event
Full model Log loss : -1.78243
Full model ln_yyx : 1337.29428 nats/sec, 38.68491 nats/event
Full model Log loss : -1.78588
Full model ln_yyx : 1341.09325 nats/sec, 38.79480 nats/event
Full model Log loss : -1.78452
Full model ln_yyx : 1340.12328 nats/sec, 38.76674 nats/event
Full model Log loss : -1.77991
Full model ln_yyx : 1348.60204 nats/sec, 39.01202 nats/event
Full model Log loss : -1.78025
Full model ln_yyx : 1334.03577 nats/sec, 38.59065 nats/event
Full model Log loss : -1.78494
Full model ln_yyx : 1341.26617 nats/sec, 38.79981 nats/event
Full model Log loss : -1.78679
Full model ln_yyx : 1340.26039 nats/sec, 38.77071 nats/event
Full model Log loss : -1.78484
Full model ln_yyx : 1335.96141 nats/sec, 38.64635 nats/event
Full model Log loss : -1.78357
Full model ln_yyx : 1321.76866 nats/sec, 38.23579 nats/event
Full model Log loss : -1.78360
Full model ln_yyx : 1334.19628 nats/sec, 38.59529 nats/event
Full model Log loss : -1.78274
Full model ln_yyx : 1344.18803 nats/sec, 38.88433 nats/event
Full model Log loss : -1.78139
Optimization finished. Config saved to results/opt-full/opt_full_216_best_config.txt
[I 2026-03-18 19:30:22,570] Trial 42 pruned. 
[I 2026-03-18 19:30:23,099] Trial 48 pruned. 
[I 2026-03-18 19:30:25,122] Trial 48 pruned. 
[I 2026-03-18 19:30:30,229] Trial 30 pruned. 
[I 2026-03-18 19:30:30,230] Trial 47 finished with value: -1.7392037370539377 and parameters: {'n_layers_yyx': 2, 'hidden_size_yyx_l0': 6, 'hidden_size_yyx_l1': 5, 'context_size_yyx': 2, 'num_mix_components_yyx': 1, 'context_extractor_yyx': 'lstm', 'activation_func_yyx': 'ReLU', 'L2_weight_yyx': 4.454308310666025e-09, 'L_entropy_weight_yyx': 1.244489197222954e-09, 'L_sep_weight_yyx': 3.5651000786839695e-08, 'L_scale_weight_yyx': 1.2769568292010507e-07, 'learning_rate_yyx': 0.008404029486297598}. Best is trial 1 with value: -1.7684712210476057.
[I 2026-03-18 19:30:34,455] Trial 39 pruned. 
[I 2026-03-18 19:30:38,180] Trial 36 pruned. 
[I 2026-03-18 19:30:38,468] Trial 38 pruned. 
[I 2026-03-18 19:30:42,267] Trial 49 pruned. 

Source events: 12731
Target events: 5634
Full model ln_yyx : 241.26517 nats/sec, 38.54076 nats/event
Full model Log loss : -1.77566
Full model ln_yyx : 239.16008 nats/sec, 38.20449 nats/event
Full model Log loss : -1.75001
Full model ln_yyx : 235.19637 nats/sec, 37.57131 nats/event
Full model Log loss : -1.71264
Full model ln_yyx : 242.78386 nats/sec, 38.78336 nats/event
Full model Log loss : -1.77757
Full model ln_yyx : 240.54316 nats/sec, 38.42542 nats/event
Full model Log loss : -1.77531
Full model ln_yyx : 241.61083 nats/sec, 38.59598 nats/event
Full model Log loss : -1.77249
Full model ln_yyx : 241.53969 nats/sec, 38.58462 nats/event
Full model Log loss : -1.77453
Full model ln_yyx : 240.12426 nats/sec, 38.35851 nats/event
Full model Log loss : -1.77342
Full model ln_yyx : 239.12277 nats/sec, 38.19853 nats/event
Full model Log loss : -1.77273
Full model ln_yyx : 240.65737 nats/sec, 38.44367 nats/event
Full model Log loss : -1.77518
Full model ln_yyx : 238.19701 nats/sec, 38.05064 nats/event
Full model Log loss : -1.75078
Full model ln_yyx : 240.16036 nats/sec, 38.36427 nats/event
Full model Log loss : -1.77383
Full model ln_yyx : 241.84496 nats/sec, 38.63338 nats/event
Full model Log loss : -1.77442
Full model ln_yyx : 242.36679 nats/sec, 38.71674 nats/event
Full model Log loss : -1.76961
Full model ln_yyx : 239.76882 nats/sec, 38.30173 nats/event
Full model Log loss : -1.77462
Full model ln_yyx : 241.46019 nats/sec, 38.57192 nats/event
Full model Log loss : -1.77678
Optimization finished. Config saved to results/opt-full/opt_full_221_best_config.txt
[I 2026-03-18 19:30:47,229] Trial 48 pruned. 
[I 2026-03-18 19:30:50,727] Trial 40 pruned. 
[I 2026-03-18 19:30:55,676] Trial 37 pruned. 
[I 2026-03-18 19:30:58,192] Trial 39 pruned. 
[I 2026-03-18 19:30:59,025] Trial 41 pruned. 
[I 2026-03-18 19:31:02,405] Trial 38 pruned. 
[I 2026-03-18 19:31:03,248] Trial 36 finished with value: -2.281234206739293 and parameters: {'n_layers_yyx': 2, 'hidden_size_yyx_l0': 3, 'hidden_size_yyx_l1': 3, 'context_size_yyx': 4, 'num_mix_components_yyx': 3, 'context_extractor_yyx': 'gru', 'activation_func_yyx': 'GELU', 'L2_weight_yyx': 6.0982708856628115e-09, 'L_entropy_weight_yyx': 2.0806391807511174e-08, 'L_sep_weight_yyx': 8.693846058914041e-07, 'L_scale_weight_yyx': 1.3578399695245732e-06, 'learning_rate_yyx': 0.0036464466274384474}. Best is trial 36 with value: -2.281234206739293.
[I 2026-03-18 19:31:06,144] Trial 37 pruned. 
[I 2026-03-18 19:31:06,167] Trial 33 finished with value: -2.2800559227481845 and parameters: {'n_layers_yyx': 2, 'hidden_size_yyx_l0': 4, 'hidden_size_yyx_l1': 5, 'context_size_yyx': 4, 'num_mix_components_yyx': 5, 'context_extractor_yyx': 'lstm', 'activation_func_yyx': 'GELU', 'L2_weight_yyx': 1.2148680123610894e-05, 'L_entropy_weight_yyx': 6.747317280349307e-05, 'L_sep_weight_yyx': 1.6997048186386474e-05, 'L_scale_weight_yyx': 0.00024357237269148532, 'learning_rate_yyx': 0.004678625160556879}. Best is trial 32 with value: -2.283618801160143.
[I 2026-03-18 19:31:06,540] Trial 33 finished with value: -2.2580958645102043 and parameters: {'n_layers_yyx': 2, 'hidden_size_yyx_l0': 6, 'hidden_size_yyx_l1': 6, 'context_size_yyx': 2, 'num_mix_components_yyx': 5, 'context_extractor_yyx': 'lstm', 'activation_func_yyx': 'Tanh', 'L2_weight_yyx': 2.9817759566642523e-10, 'L_entropy_weight_yyx': 3.895243700987202e-05, 'L_sep_weight_yyx': 4.913971435042845e-10, 'L_scale_weight_yyx': 1.7085365457945694e-10, 'learning_rate_yyx': 0.009803743045276817}. Best is trial 21 with value: -2.2734326463096424.
[I 2026-03-18 19:31:10,189] Trial 49 pruned. 

Source events: 12731
Target events: 3828
Full model ln_yyx : 164.65625 nats/sec, 38.71228 nats/event
Full model Log loss : -1.77930
Full model ln_yyx : 160.36090 nats/sec, 37.70241 nats/event
Full model Log loss : -1.75710
Full model ln_yyx : 164.87531 nats/sec, 38.76379 nats/event
Full model Log loss : -1.78079
Full model ln_yyx : 163.38134 nats/sec, 38.41254 nats/event
Full model Log loss : -1.77722
Full model ln_yyx : 165.93642 nats/sec, 39.01327 nats/event
Full model Log loss : -1.77567
Full model ln_yyx : 161.65147 nats/sec, 38.00583 nats/event
Full model Log loss : -1.77380
Full model ln_yyx : 161.45322 nats/sec, 37.95922 nats/event
Full model Log loss : -1.77968
Full model ln_yyx : 162.45466 nats/sec, 38.19467 nats/event
Full model Log loss : -1.77918
Full model ln_yyx : 161.65448 nats/sec, 38.00654 nats/event
Full model Log loss : -1.77803
Full model ln_yyx : 161.11938 nats/sec, 37.88073 nats/event
Full model Log loss : -1.77804
Full model ln_yyx : 163.64658 nats/sec, 38.47490 nats/event
Full model Log loss : -1.77975
Full model ln_yyx : 163.90484 nats/sec, 38.53562 nats/event
Full model Log loss : -1.78062
Optimization finished. Config saved to results/opt-full/opt_full_219_best_config.txt
[I 2026-03-18 19:31:11,410] Trial 37 pruned. 
[I 2026-03-18 19:31:16,401] Trial 34 pruned. 
[I 2026-03-18 19:31:24,787] Trial 32 finished with value: -2.2668590301247757 and parameters: {'n_layers_yyx': 2, 'hidden_size_yyx_l0': 2, 'hidden_size_yyx_l1': 6, 'context_size_yyx': 4, 'num_mix_components_yyx': 4, 'context_extractor_yyx': 'lstm', 'activation_func_yyx': 'GELU', 'L2_weight_yyx': 9.1870131820422e-10, 'L_entropy_weight_yyx': 6.575098549716097e-10, 'L_sep_weight_yyx': 3.182174618385215e-05, 'L_scale_weight_yyx': 5.565492311785411e-09, 'learning_rate_yyx': 0.006258118491845844}. Best is trial 31 with value: -2.2773129352235233.
[I 2026-03-18 19:31:25,533] Trial 38 pruned. 
[I 2026-03-18 19:31:27,573] Trial 39 pruned. 
[I 2026-03-18 19:31:28,891] Trial 49 pruned. 

Source events: 12731
Target events: 10683
Full model ln_yyx : 449.34786 nats/sec, 37.85576 nats/event
Full model Log loss : -1.75031
Full model ln_yyx : 456.85876 nats/sec, 38.48852 nats/event
Full model Log loss : -1.76847
Full model ln_yyx : 447.23171 nats/sec, 37.67748 nats/event
Full model Log loss : -1.73793
Full model ln_yyx : 448.33461 nats/sec, 37.77040 nats/event
Full model Log loss : -1.73914
Full model ln_yyx : 453.93686 nats/sec, 38.24236 nats/event
Full model Log loss : -1.76417
Full model ln_yyx : 456.79666 nats/sec, 38.48329 nats/event
Full model Log loss : -1.76188
Full model ln_yyx : 457.65297 nats/sec, 38.55543 nats/event
Full model Log loss : -1.76183
Full model ln_yyx : 456.15230 nats/sec, 38.42901 nats/event
Full model Log loss : -1.76377
Full model ln_yyx : 454.90140 nats/sec, 38.32362 nats/event
Full model Log loss : -1.76577
Full model ln_yyx : 461.82782 nats/sec, 38.90715 nats/event
Full model Log loss : -1.76639
Full model ln_yyx : 452.84625 nats/sec, 38.15048 nats/event
Full model Log loss : -1.76466
Full model ln_yyx : 453.36219 nats/sec, 38.19395 nats/event
Full model Log loss : -1.76478
Full model ln_yyx : 454.86596 nats/sec, 38.32064 nats/event
Full model Log loss : -1.76560
Full model ln_yyx : 456.13470 nats/sec, 38.42752 nats/event
Full model Log loss : -1.76267
Full model ln_yyx : 448.06618 nats/sec, 37.74778 nats/event
Full model Log loss : -1.73920
Optimization finished. Config saved to results/opt-full/opt_full_222_best_config.txt
[I 2026-03-18 19:31:41,608] Trial 40 pruned. 
[I 2026-03-18 19:31:44,075] Trial 40 pruned. 
[I 2026-03-18 19:31:44,486] Trial 39 pruned. 
[I 2026-03-18 19:31:45,840] Trial 42 finished with value: -1.7838965583570077 and parameters: {'n_layers_yyx': 2, 'hidden_size_yyx_l0': 2, 'hidden_size_yyx_l1': 5, 'context_size_yyx': 4, 'num_mix_components_yyx': 5, 'context_extractor_yyx': 'lstm', 'activation_func_yyx': 'ReLU', 'L2_weight_yyx': 5.0694584309769826e-05, 'L_entropy_weight_yyx': 0.0005573098191320906, 'L_sep_weight_yyx': 1.934851198947127e-06, 'L_scale_weight_yyx': 0.0007579655010104456, 'learning_rate_yyx': 0.008736313668835078}. Best is trial 18 with value: -1.7861539220328282.
[I 2026-03-18 19:31:51,644] Trial 26 finished with value: -2.283589476791998 and parameters: {'n_layers_yyx': 1, 'hidden_size_yyx_l0': 6, 'context_size_yyx': 4, 'num_mix_components_yyx': 3, 'context_extractor_yyx': 'gru', 'activation_func_yyx': 'ReLU', 'L2_weight_yyx': 7.425499893301018e-07, 'L_entropy_weight_yyx': 9.6394984529577e-07, 'L_sep_weight_yyx': 1.5214287244606828e-07, 'L_scale_weight_yyx': 3.370922514782444e-10, 'learning_rate_yyx': 0.006843647211241475}. Best is trial 25 with value: -2.286349879513464.
[I 2026-03-18 19:31:52,320] Trial 41 pruned. 
[I 2026-03-18 19:31:52,664] Trial 40 pruned. 
[I 2026-03-18 19:31:53,110] Trial 34 pruned. 
[I 2026-03-18 19:31:58,005] Trial 43 finished with value: -2.2876348600539322 and parameters: {'n_layers_yyx': 2, 'hidden_size_yyx_l0': 4, 'hidden_size_yyx_l1': 6, 'context_size_yyx': 4, 'num_mix_components_yyx': 5, 'context_extractor_yyx': 'lstm', 'activation_func_yyx': 'Tanh', 'L2_weight_yyx': 2.810630794245061e-06, 'L_entropy_weight_yyx': 0.0002987633475873237, 'L_sep_weight_yyx': 2.7759676197024485e-07, 'L_scale_weight_yyx': 3.4442089544203514e-05, 'learning_rate_yyx': 0.0074417047685340085}. Best is trial 22 with value: -2.2897814149518054.
[I 2026-03-18 19:31:58,863] Trial 41 pruned. 
[I 2026-03-18 19:32:00,079] Trial 38 pruned. 
[I 2026-03-18 19:32:00,476] Trial 41 pruned. 
[I 2026-03-18 19:32:01,287] Trial 42 pruned. 
[I 2026-03-18 19:32:02,021] Trial 35 pruned. 
[I 2026-03-18 19:32:07,600] Trial 42 pruned. 
[I 2026-03-18 19:32:08,900] Trial 42 pruned. 
[I 2026-03-18 19:32:09,639] Trial 27 pruned. 
[I 2026-03-18 19:32:10,100] Trial 31 finished with value: -2.2120900366546126 and parameters: {'n_layers_yyx': 2, 'hidden_size_yyx_l0': 5, 'hidden_size_yyx_l1': 5, 'context_size_yyx': 3, 'num_mix_components_yyx': 5, 'context_extractor_yyx': 'lstm', 'activation_func_yyx': 'GELU', 'L2_weight_yyx': 2.002424092580537e-08, 'L_entropy_weight_yyx': 2.5565274115567505e-07, 'L_sep_weight_yyx': 9.179968500002943e-06, 'L_scale_weight_yyx': 7.92438250680544e-09, 'learning_rate_yyx': 0.009742361762186336}. Best is trial 12 with value: -2.2168161654612635.
[I 2026-03-18 19:32:10,101] Trial 43 pruned. 
[I 2026-03-18 19:32:14,031] Trial 43 pruned. 
[I 2026-03-18 19:32:28,183] Trial 43 pruned. 
[I 2026-03-18 19:32:30,167] Trial 44 pruned. 
[I 2026-03-18 19:32:30,662] Trial 40 finished with value: -2.2849710378098225 and parameters: {'n_layers_yyx': 2, 'hidden_size_yyx_l0': 2, 'hidden_size_yyx_l1': 5, 'context_size_yyx': 4, 'num_mix_components_yyx': 3, 'context_extractor_yyx': 'lstm', 'activation_func_yyx': 'GELU', 'L2_weight_yyx': 3.551042571190412e-10, 'L_entropy_weight_yyx': 4.568905757746234e-07, 'L_sep_weight_yyx': 1.7123603346681518e-07, 'L_scale_weight_yyx': 1.748956681970138e-08, 'learning_rate_yyx': 0.005154686374495884}. Best is trial 38 with value: -2.287633037216952.
[I 2026-03-18 19:32:39,419] Trial 41 pruned. 
[I 2026-03-18 19:32:48,116] Trial 45 pruned. 
[I 2026-03-18 19:32:52,039] Trial 43 pruned. 
[I 2026-03-18 19:32:54,886] Trial 33 finished with value: -2.27196295819852 and parameters: {'n_layers_yyx': 2, 'hidden_size_yyx_l0': 3, 'hidden_size_yyx_l1': 6, 'context_size_yyx': 4, 'num_mix_components_yyx': 3, 'context_extractor_yyx': 'lstm', 'activation_func_yyx': 'GELU', 'L2_weight_yyx': 5.83757537153861e-10, 'L_entropy_weight_yyx': 1.3768523152618635e-10, 'L_sep_weight_yyx': 0.0001805141605909507, 'L_scale_weight_yyx': 2.325783614626824e-08, 'learning_rate_yyx': 0.008359389975594352}. Best is trial 31 with value: -2.2773129352235233.
[I 2026-03-18 19:32:55,352] Trial 36 finished with value: -2.2540352974923894 and parameters: {'n_layers_yyx': 2, 'hidden_size_yyx_l0': 5, 'hidden_size_yyx_l1': 4, 'context_size_yyx': 1, 'num_mix_components_yyx': 5, 'context_extractor_yyx': 'lstm', 'activation_func_yyx': 'Tanh', 'L2_weight_yyx': 2.3687640290890855e-08, 'L_entropy_weight_yyx': 4.2454555988390287e-05, 'L_sep_weight_yyx': 9.242645415087162e-09, 'L_scale_weight_yyx': 8.704601810055684e-05, 'learning_rate_yyx': 0.009902504186122384}. Best is trial 21 with value: -2.2734326463096424.
[I 2026-03-18 19:32:55,737] Trial 32 pruned. 
[I 2026-03-18 19:32:56,482] Trial 28 pruned. 
[I 2026-03-18 19:32:58,937] Trial 44 pruned. 
[I 2026-03-18 19:32:58,957] Trial 44 pruned. 
[I 2026-03-18 19:32:59,708] Trial 42 pruned. 
[I 2026-03-18 19:33:06,668] Trial 45 pruned. 
[I 2026-03-18 19:33:07,151] Trial 43 pruned. 
[I 2026-03-18 19:33:07,883] Trial 35 finished with value: -2.278882881739291 and parameters: {'n_layers_yyx': 2, 'hidden_size_yyx_l0': 3, 'hidden_size_yyx_l1': 6, 'context_size_yyx': 4, 'num_mix_components_yyx': 5, 'context_extractor_yyx': 'gru', 'activation_func_yyx': 'GELU', 'L2_weight_yyx': 2.250369839722716e-05, 'L_entropy_weight_yyx': 4.754054596716289e-05, 'L_sep_weight_yyx': 5.42630081405685e-07, 'L_scale_weight_yyx': 1.9688615982930104e-05, 'learning_rate_yyx': 0.00817796858894747}. Best is trial 32 with value: -2.283618801160143.
[I 2026-03-18 19:33:11,694] Trial 44 pruned. 
[I 2026-03-18 19:33:12,979] Trial 33 pruned. 
[I 2026-03-18 19:33:14,108] Trial 46 pruned. 
[I 2026-03-18 19:33:14,145] Trial 29 pruned. 
[I 2026-03-18 19:33:15,438] Trial 45 pruned. 
[I 2026-03-18 19:33:15,882] Trial 36 pruned. 
[I 2026-03-18 19:33:23,372] Trial 44 pruned. 
[I 2026-03-18 19:33:25,232] Trial 42 pruned. 
[I 2026-03-18 19:33:30,827] Trial 45 pruned. 
[I 2026-03-18 19:33:30,890] Trial 46 pruned. 
[I 2026-03-18 19:33:31,286] Trial 34 pruned. 
[I 2026-03-18 19:33:31,683] Trial 30 pruned. 
[I 2026-03-18 19:33:34,628] Trial 46 pruned. 
[I 2026-03-18 19:33:36,410] Trial 39 pruned. 
[I 2026-03-18 19:33:37,149] Trial 44 finished with value: -2.2887490318046204 and parameters: {'n_layers_yyx': 2, 'hidden_size_yyx_l0': 4, 'hidden_size_yyx_l1': 6, 'context_size_yyx': 4, 'num_mix_components_yyx': 5, 'context_extractor_yyx': 'lstm', 'activation_func_yyx': 'Tanh', 'L2_weight_yyx': 4.014035280729742e-06, 'L_entropy_weight_yyx': 0.0002988451917546314, 'L_sep_weight_yyx': 1.260772346936501e-08, 'L_scale_weight_yyx': 0.00019619380008195815, 'learning_rate_yyx': 0.00853783216446163}. Best is trial 22 with value: -2.2897814149518054.
[I 2026-03-18 19:33:38,834] Trial 47 pruned. 
[I 2026-03-18 19:33:39,012] Trial 35 pruned. 
[I 2026-03-18 19:33:41,431] Trial 37 pruned. 
[I 2026-03-18 19:33:42,827] Trial 43 pruned. 
[I 2026-03-18 19:33:50,879] Trial 47 pruned. 
[I 2026-03-18 19:33:52,671] Trial 48 pruned. 
[I 2026-03-18 19:33:55,425] Trial 45 pruned. 
[I 2026-03-18 19:33:57,756] Trial 48 pruned. 
[I 2026-03-18 19:33:58,720] Trial 38 pruned. 
[I 2026-03-18 19:34:06,272] Trial 39 pruned. 
[I 2026-03-18 19:34:09,961] Trial 49 pruned. 

Source events: 12731
Target events: 32635
Full model ln_yyx : 1369.82349 nats/sec, 37.77666 nats/event
Full model Log loss : -1.76006
Full model ln_yyx : 1383.44985 nats/sec, 38.15244 nats/event
Full model Log loss : -1.76150
Full model ln_yyx : 1407.82901 nats/sec, 38.82476 nats/event
Full model Log loss : -1.78451
Full model ln_yyx : 1388.08232 nats/sec, 38.28019 nats/event
Full model Log loss : -1.77820
Full model ln_yyx : 1376.40728 nats/sec, 37.95822 nats/event
Full model Log loss : -1.75471
Full model ln_yyx : 1373.86419 nats/sec, 37.88809 nats/event
Full model Log loss : -1.72597
Full model ln_yyx : 1410.76787 nats/sec, 38.90581 nats/event
Full model Log loss : -1.78124
Full model ln_yyx : 1399.26438 nats/sec, 38.58857 nats/event
Full model Log loss : -1.78369
Full model ln_yyx : 1404.01870 nats/sec, 38.71968 nats/event
Full model Log loss : -1.78308
Full model ln_yyx : 1404.71274 nats/sec, 38.73882 nats/event
Full model Log loss : -1.78293
Full model ln_yyx : 1409.98399 nats/sec, 38.88419 nats/event
Full model Log loss : -1.78247
Full model ln_yyx : 1395.81794 nats/sec, 38.49352 nats/event
Full model Log loss : -1.78447
Full model ln_yyx : 1407.48453 nats/sec, 38.81526 nats/event
Full model Log loss : -1.78440
Optimization finished. Config saved to results/opt-full/opt_full_223_best_config.txt
[I 2026-03-18 19:34:11,992] Trial 46 pruned. 
[I 2026-03-18 19:34:12,042] Trial 39 pruned. 
[I 2026-03-18 19:34:15,235] Trial 40 pruned. 
[I 2026-03-18 19:34:16,818] Trial 49 pruned. 

Source events: 20800
Target events: 3828
Full model ln_yyx : 314.35175 nats/sec, 73.90715 nats/event
Full model Log loss : -2.25964
Full model ln_yyx : 315.65957 nats/sec, 74.21463 nats/event
Full model Log loss : -2.26334
Full model ln_yyx : 316.57595 nats/sec, 74.43008 nats/event
Full model Log loss : -2.26813
Full model ln_yyx : 316.72119 nats/sec, 74.46423 nats/event
Full model Log loss : -2.25774
Full model ln_yyx : 315.94113 nats/sec, 74.28083 nats/event
Full model Log loss : -2.27061
Full model ln_yyx : 318.64809 nats/sec, 74.91726 nats/event
Full model Log loss : -2.26814
Full model ln_yyx : 314.93033 nats/sec, 74.04318 nats/event
Full model Log loss : -2.25785
Full model ln_yyx : 315.16095 nats/sec, 74.09740 nats/event
Full model Log loss : -2.26995
Full model ln_yyx : 315.69517 nats/sec, 74.22300 nats/event
Full model Log loss : -2.27356
Full model ln_yyx : 313.31187 nats/sec, 73.66266 nats/event
Full model Log loss : -2.25206
Full model ln_yyx : 318.09040 nats/sec, 74.78614 nats/event
Full model Log loss : -2.27701
Optimization finished. Config saved to results/opt-full/opt_full_207_best_config.txt
[I 2026-03-18 19:34:19,613] Trial 47 pruned. 
[I 2026-03-18 19:34:26,274] Trial 48 pruned. 
[I 2026-03-18 19:34:32,865] Trial 41 pruned. 
[I 2026-03-18 19:34:33,817] Trial 49 pruned. 

Source events: 12731
Target events: 54211
Full model ln_yyx : 2317.48494 nats/sec, 38.47441 nats/event
Full model Log loss : -1.77805
Full model ln_yyx : 2330.28842 nats/sec, 38.68697 nats/event
Full model Log loss : -1.78175
Full model ln_yyx : 2312.05745 nats/sec, 38.38431 nats/event
Full model Log loss : -1.78583
Full model ln_yyx : 2268.60652 nats/sec, 37.66294 nats/event
Full model Log loss : -1.75901
Full model ln_yyx : 2329.90935 nats/sec, 38.68068 nats/event
Full model Log loss : -1.78361
Full model ln_yyx : 2325.51605 nats/sec, 38.60774 nats/event
Full model Log loss : -1.77984
Full model ln_yyx : 2323.62417 nats/sec, 38.57634 nats/event
Full model Log loss : -1.78615
Full model ln_yyx : 2317.97677 nats/sec, 38.48258 nats/event
Full model Log loss : -1.78064
Full model ln_yyx : 2279.69957 nats/sec, 37.84711 nats/event
Full model Log loss : -1.75950
Full model ln_yyx : 2298.50541 nats/sec, 38.15932 nats/event
Full model Log loss : -1.78131
Full model ln_yyx : 2317.11528 nats/sec, 38.46828 nats/event
Full model Log loss : -1.78336
Full model ln_yyx : 2326.80779 nats/sec, 38.62919 nats/event
Full model Log loss : -1.78270
Full model ln_yyx : 2340.47143 nats/sec, 38.85603 nats/event
Full model Log loss : -1.78243
Full model ln_yyx : 2333.40286 nats/sec, 38.73868 nats/event
Full model Log loss : -1.78390
Optimization finished. Config saved to results/opt-full/opt_full_220_best_config.txt
[I 2026-03-18 19:34:37,398] Trial 34 finished with value: -2.269939193842901 and parameters: {'n_layers_yyx': 2, 'hidden_size_yyx_l0': 3, 'hidden_size_yyx_l1': 6, 'context_size_yyx': 4, 'num_mix_components_yyx': 3, 'context_extractor_yyx': 'gru', 'activation_func_yyx': 'GELU', 'L2_weight_yyx': 1.090575564012134e-10, 'L_entropy_weight_yyx': 1.1510828460462118e-10, 'L_sep_weight_yyx': 0.0003204455480242814, 'L_scale_weight_yyx': 1.3849756644268058e-07, 'learning_rate_yyx': 0.009923359132630517}. Best is trial 31 with value: -2.2773129352235233.
[I 2026-03-18 19:34:52,764] Trial 45 finished with value: -2.286325943572139 and parameters: {'n_layers_yyx': 2, 'hidden_size_yyx_l0': 4, 'hidden_size_yyx_l1': 6, 'context_size_yyx': 4, 'num_mix_components_yyx': 4, 'context_extractor_yyx': 'lstm', 'activation_func_yyx': 'Tanh', 'L2_weight_yyx': 5.3029067878085444e-06, 'L_entropy_weight_yyx': 0.00025126501803245186, 'L_sep_weight_yyx': 6.800261907778902e-09, 'L_scale_weight_yyx': 6.313762648940558e-05, 'learning_rate_yyx': 0.009266700172006006}. Best is trial 22 with value: -2.2897814149518054.
[I 2026-03-18 19:34:57,567] Trial 47 finished with value: -1.8577265386949051 and parameters: {'n_layers_yyx': 1, 'hidden_size_yyx_l0': 5, 'context_size_yyx': 3, 'num_mix_components_yyx': 3, 'context_extractor_yyx': 'gru', 'activation_func_yyx': 'Tanh', 'L2_weight_yyx': 5.391381179172822e-07, 'L_entropy_weight_yyx': 0.0002838989198555505, 'L_sep_weight_yyx': 3.076085501953691e-10, 'L_scale_weight_yyx': 5.6015517647418e-08, 'learning_rate_yyx': 0.008196175006763734}. Best is trial 5 with value: -1.864091702761834.
[I 2026-03-18 19:34:59,097] Trial 36 finished with value: -2.205253859733994 and parameters: {'n_layers_yyx': 2, 'hidden_size_yyx_l0': 5, 'hidden_size_yyx_l1': 6, 'context_size_yyx': 3, 'num_mix_components_yyx': 5, 'context_extractor_yyx': 'gru', 'activation_func_yyx': 'GELU', 'L2_weight_yyx': 2.401096926922807e-06, 'L_entropy_weight_yyx': 0.0007821763231576962, 'L_sep_weight_yyx': 2.2745970276379256e-06, 'L_scale_weight_yyx': 9.141351878084666e-05, 'learning_rate_yyx': 0.00995471624392766}. Best is trial 12 with value: -2.2168161654612635.
[I 2026-03-18 19:35:00,764] Trial 46 pruned. 
[I 2026-03-18 19:35:06,684] Trial 37 pruned. 
[I 2026-03-18 19:35:13,280] Trial 31 finished with value: -2.286266507133568 and parameters: {'n_layers_yyx': 1, 'hidden_size_yyx_l0': 6, 'context_size_yyx': 4, 'num_mix_components_yyx': 2, 'context_extractor_yyx': 'gru', 'activation_func_yyx': 'ReLU', 'L2_weight_yyx': 2.624437513026888e-08, 'L_entropy_weight_yyx': 5.9506972509750895e-08, 'L_sep_weight_yyx': 1.4145065460023833e-08, 'L_scale_weight_yyx': 5.720504814824623e-10, 'learning_rate_yyx': 0.007789786956916719}. Best is trial 25 with value: -2.286349879513464.
[I 2026-03-18 19:35:13,668] Trial 38 pruned. 
[I 2026-03-18 19:35:16,955] Trial 46 finished with value: -1.7781128725906417 and parameters: {'n_layers_yyx': 1, 'hidden_size_yyx_l0': 5, 'context_size_yyx': 2, 'num_mix_components_yyx': 5, 'context_extractor_yyx': 'gru', 'activation_func_yyx': 'Tanh', 'L2_weight_yyx': 2.0487143694752323e-10, 'L_entropy_weight_yyx': 8.02762356183103e-09, 'L_sep_weight_yyx': 1.3353212184017177e-07, 'L_scale_weight_yyx': 9.374526741443225e-06, 'learning_rate_yyx': 0.0055971277263843055}. Best is trial 46 with value: -1.7781128725906417.
[I 2026-03-18 19:35:18,107] Trial 47 pruned. 
[I 2026-03-18 19:35:24,248] Trial 35 pruned. 
[I 2026-03-18 19:35:28,432] Trial 37 pruned. 
[I 2026-03-18 19:35:31,852] Trial 39 pruned. 
[I 2026-03-18 19:35:32,655] Trial 36 pruned. 
[I 2026-03-18 19:35:36,499] Trial 48 pruned. 
[I 2026-03-18 19:35:42,796] Trial 37 pruned. 
[I 2026-03-18 19:35:45,584] Trial 38 pruned. 
[I 2026-03-18 19:35:47,976] Trial 40 pruned. 
[I 2026-03-18 19:35:51,245] Trial 40 pruned. 
[I 2026-03-18 19:35:55,863] Trial 49 pruned. 

Source events: 20800
Target events: 24874
Full model ln_yyx : 2056.49419 nats/sec, 74.40881 nats/event
Full model Log loss : -2.27362
Full model ln_yyx : 2051.58067 nats/sec, 74.23103 nats/event
Full model Log loss : -2.28403
Full model ln_yyx : 2051.14194 nats/sec, 74.21515 nats/event
Full model Log loss : -2.28012
Full model ln_yyx : 2056.34106 nats/sec, 74.40327 nats/event
Full model Log loss : -2.27727
Full model ln_yyx : 2061.68048 nats/sec, 74.59646 nats/event
Full model Log loss : -2.28360
Full model ln_yyx : 2061.31251 nats/sec, 74.58315 nats/event
Full model Log loss : -2.28513
Full model ln_yyx : 2065.84991 nats/sec, 74.74732 nats/event
Full model Log loss : -2.28978
Full model ln_yyx : 2065.81491 nats/sec, 74.74606 nats/event
Full model Log loss : -2.28484
Full model ln_yyx : 2059.52289 nats/sec, 74.51840 nats/event
Full model Log loss : -2.28274
Full model ln_yyx : 2047.71916 nats/sec, 74.09131 nats/event
Full model Log loss : -2.28213
Full model ln_yyx : 2041.32546 nats/sec, 73.85997 nats/event
Full model Log loss : -2.28502
Full model ln_yyx : 2063.15794 nats/sec, 74.64992 nats/event
Full model Log loss : -2.27045
Full model ln_yyx : 2056.42087 nats/sec, 74.40616 nats/event
Full model Log loss : -2.28897
Full model ln_yyx : 2049.56339 nats/sec, 74.15804 nats/event
Full model Log loss : -2.28763
Full model ln_yyx : 2056.03404 nats/sec, 74.39216 nats/event
Full model Log loss : -2.28875
Full model ln_yyx : 2065.28490 nats/sec, 74.72688 nats/event
Full model Log loss : -2.28633
Optimization finished. Config saved to results/opt-full/opt_full_212_best_config.txt
[I 2026-03-18 19:36:05,610] Trial 39 pruned. 
[I 2026-03-18 19:36:07,105] Trial 32 pruned. 
[I 2026-03-18 19:36:13,163] Trial 44 finished with value: -2.288667930500306 and parameters: {'n_layers_yyx': 2, 'hidden_size_yyx_l0': 3, 'hidden_size_yyx_l1': 6, 'context_size_yyx': 4, 'num_mix_components_yyx': 2, 'context_extractor_yyx': 'lstm', 'activation_func_yyx': 'GELU', 'L2_weight_yyx': 1.126530485753854e-09, 'L_entropy_weight_yyx': 1.514208964368897e-07, 'L_sep_weight_yyx': 9.276237149583188e-06, 'L_scale_weight_yyx': 1.1086465316234872e-08, 'learning_rate_yyx': 0.0041861957409254}. Best is trial 44 with value: -2.288667930500306.
[I 2026-03-18 19:36:21,132] Trial 45 pruned. 
[I 2026-03-18 19:36:25,572] Trial 40 pruned. 
[I 2026-03-18 19:36:30,011] Trial 46 pruned. 
[I 2026-03-18 19:36:32,086] Trial 38 pruned. 
[I 2026-03-18 19:36:37,656] Trial 42 finished with value: -2.2740763973289173 and parameters: {'n_layers_yyx': 2, 'hidden_size_yyx_l0': 5, 'hidden_size_yyx_l1': 5, 'context_size_yyx': 2, 'num_mix_components_yyx': 3, 'context_extractor_yyx': 'lstm', 'activation_func_yyx': 'Tanh', 'L2_weight_yyx': 3.316063998266832e-08, 'L_entropy_weight_yyx': 4.375679788993418e-05, 'L_sep_weight_yyx': 6.13999485787216e-06, 'L_scale_weight_yyx': 3.005057509003167e-08, 'learning_rate_yyx': 0.008679966740627525}. Best is trial 42 with value: -2.2740763973289173.
[I 2026-03-18 19:36:46,724] Trial 40 finished with value: -2.281068851751357 and parameters: {'n_layers_yyx': 2, 'hidden_size_yyx_l0': 2, 'hidden_size_yyx_l1': 4, 'context_size_yyx': 4, 'num_mix_components_yyx': 2, 'context_extractor_yyx': 'lstm', 'activation_func_yyx': 'GELU', 'L2_weight_yyx': 3.672507692828535e-06, 'L_entropy_weight_yyx': 6.506373498082424e-09, 'L_sep_weight_yyx': 1.1195937678593825e-08, 'L_scale_weight_yyx': 1.39996861252275e-07, 'learning_rate_yyx': 0.005491635066996192}. Best is trial 36 with value: -2.281234206739293.
[I 2026-03-18 19:36:47,922] Trial 48 finished with value: -1.8632524070826246 and parameters: {'n_layers_yyx': 2, 'hidden_size_yyx_l0': 3, 'hidden_size_yyx_l1': 5, 'context_size_yyx': 4, 'num_mix_components_yyx': 4, 'context_extractor_yyx': 'lstm', 'activation_func_yyx': 'ReLU', 'L2_weight_yyx': 9.766904511594917e-08, 'L_entropy_weight_yyx': 2.2264385411979846e-05, 'L_sep_weight_yyx': 1.8162759637293227e-05, 'L_scale_weight_yyx': 8.497384085271019e-05, 'learning_rate_yyx': 0.0031948730856470697}. Best is trial 5 with value: -1.864091702761834.
[I 2026-03-18 19:36:51,057] Trial 47 pruned. 
[I 2026-03-18 19:36:51,074] Trial 39 pruned. 
[I 2026-03-18 19:36:55,533] Trial 49 pruned. 

Source events: 12731
Target events: 1783
Full model ln_yyx : 78.11227 nats/sec, 39.42851 nats/event
Full model Log loss : -1.86242
Full model ln_yyx : 77.74328 nats/sec, 39.24226 nats/event
Full model Log loss : -1.86369
Full model ln_yyx : 77.52083 nats/sec, 39.12998 nats/event
Full model Log loss : -1.86403
Full model ln_yyx : 78.24043 nats/sec, 39.49321 nats/event
Full model Log loss : -1.86409
Full model ln_yyx : 78.08421 nats/sec, 39.41435 nats/event
Full model Log loss : -1.85619
Full model ln_yyx : 78.60170 nats/sec, 39.67556 nats/event
Full model Log loss : -1.86281
Full model ln_yyx : 75.66600 nats/sec, 38.19372 nats/event
Full model Log loss : -1.80444
Full model ln_yyx : 77.31766 nats/sec, 39.02742 nats/event
Full model Log loss : -1.83963
Full model ln_yyx : 77.28644 nats/sec, 39.01166 nats/event
Full model Log loss : -1.86372
Full model ln_yyx : 77.69319 nats/sec, 39.21698 nats/event
Full model Log loss : -1.86004
Full model ln_yyx : 77.93835 nats/sec, 39.34072 nats/event
Full model Log loss : -1.86139
Full model ln_yyx : 77.72592 nats/sec, 39.23350 nats/event
Full model Log loss : -1.86296
Full model ln_yyx : 77.86822 nats/sec, 39.30532 nats/event
Full model Log loss : -1.86107
Full model ln_yyx : 77.25468 nats/sec, 38.99563 nats/event
Full model Log loss : -1.85773
Full model ln_yyx : 77.94902 nats/sec, 39.34611 nats/event
Full model Log loss : -1.86325
Optimization finished. Config saved to results/opt-full/opt_full_217_best_config.txt
[I 2026-03-18 19:36:58,611] Trial 48 pruned. 
[I 2026-03-18 19:37:05,880] Trial 47 finished with value: -1.773229064816997 and parameters: {'n_layers_yyx': 1, 'hidden_size_yyx_l0': 6, 'context_size_yyx': 3, 'num_mix_components_yyx': 5, 'context_extractor_yyx': 'gru', 'activation_func_yyx': 'Tanh', 'L2_weight_yyx': 1.5452890646965584e-10, 'L_entropy_weight_yyx': 1.5152446578700787e-09, 'L_sep_weight_yyx': 1.212455091090368e-07, 'L_scale_weight_yyx': 1.0313291969581016e-06, 'learning_rate_yyx': 0.005694788744679588}. Best is trial 46 with value: -1.7781128725906417.
[I 2026-03-18 19:37:11,051] Trial 40 pruned. 
[I 2026-03-18 19:37:17,766] Trial 41 pruned. 
[I 2026-03-18 19:37:18,797] Trial 41 pruned. 
[I 2026-03-18 19:37:25,988] Trial 43 pruned. 
[I 2026-03-18 19:37:26,010] Trial 41 finished with value: -2.2872270525742042 and parameters: {'n_layers_yyx': 2, 'hidden_size_yyx_l0': 4, 'hidden_size_yyx_l1': 6, 'context_size_yyx': 4, 'num_mix_components_yyx': 3, 'context_extractor_yyx': 'lstm', 'activation_func_yyx': 'GELU', 'L2_weight_yyx': 8.225616656270544e-07, 'L_entropy_weight_yyx': 1.1449517459246062e-08, 'L_sep_weight_yyx': 5.115212587410675e-08, 'L_scale_weight_yyx': 0.000688070345393052, 'learning_rate_yyx': 0.007936113318876127}. Best is trial 17 with value: -2.288314778247399.
[I 2026-03-18 19:37:36,181] Trial 41 finished with value: -2.212157792689654 and parameters: {'n_layers_yyx': 2, 'hidden_size_yyx_l0': 5, 'hidden_size_yyx_l1': 5, 'context_size_yyx': 3, 'num_mix_components_yyx': 5, 'context_extractor_yyx': 'lstm', 'activation_func_yyx': 'GELU', 'L2_weight_yyx': 2.5524642063271694e-08, 'L_entropy_weight_yyx': 3.686038386924295e-07, 'L_sep_weight_yyx': 1.140375400324198e-05, 'L_scale_weight_yyx': 9.451085114720371e-09, 'learning_rate_yyx': 0.009869270201167995}. Best is trial 12 with value: -2.2168161654612635.
[I 2026-03-18 19:37:43,711] Trial 49 pruned. 

Source events: 20800
Target events: 39192
Full model ln_yyx : 3221.10932 nats/sec, 73.96914 nats/event
Full model Log loss : -2.26285
Full model ln_yyx : 3237.78205 nats/sec, 74.35201 nats/event
Full model Log loss : -2.28670
Full model ln_yyx : 3246.39726 nats/sec, 74.54985 nats/event
Full model Log loss : -2.26935
Full model ln_yyx : 3203.26586 nats/sec, 73.55938 nats/event
Full model Log loss : -2.26202
Full model ln_yyx : 3253.46685 nats/sec, 74.71219 nats/event
Full model Log loss : -2.27935
Full model ln_yyx : 3223.94096 nats/sec, 74.03416 nats/event
Full model Log loss : -2.28047
Full model ln_yyx : 3218.67799 nats/sec, 73.91330 nats/event
Full model Log loss : -2.26680
Full model ln_yyx : 3259.75769 nats/sec, 74.85665 nats/event
Full model Log loss : -2.28653
Full model ln_yyx : 3211.34501 nats/sec, 73.74491 nats/event
Full model Log loss : -2.28266
Full model ln_yyx : 3274.41057 nats/sec, 75.19314 nats/event
Full model Log loss : -2.28239
Full model ln_yyx : 3240.58612 nats/sec, 74.41640 nats/event
Full model Log loss : -2.27428
Full model ln_yyx : 3259.68970 nats/sec, 74.85509 nats/event
Full model Log loss : -2.28172
Full model ln_yyx : 3214.25534 nats/sec, 73.81174 nats/event
Full model Log loss : -2.28436
Full model ln_yyx : 3250.01715 nats/sec, 74.63297 nats/event
Full model Log loss : -2.28574
Full model ln_yyx : 3262.83798 nats/sec, 74.92739 nats/event
Full model Log loss : -2.28763
Full model ln_yyx : 3249.21867 nats/sec, 74.61464 nats/event
Full model Log loss : -2.28497
Full model ln_yyx : 3237.58760 nats/sec, 74.34754 nats/event
Full model Log loss : -2.28867
Optimization finished. Config saved to results/opt-full/opt_full_214_best_config.txt
[I 2026-03-18 19:38:00,842] Trial 41 finished with value: -2.2595000151759836 and parameters: {'n_layers_yyx': 2, 'hidden_size_yyx_l0': 2, 'hidden_size_yyx_l1': 4, 'context_size_yyx': 4, 'num_mix_components_yyx': 1, 'context_extractor_yyx': 'lstm', 'activation_func_yyx': 'GELU', 'L2_weight_yyx': 7.968830943924183e-06, 'L_entropy_weight_yyx': 5.419972199742832e-09, 'L_sep_weight_yyx': 8.660924560894012e-09, 'L_scale_weight_yyx': 1.5749554599868052e-07, 'learning_rate_yyx': 0.006057667859041021}. Best is trial 36 with value: -2.281234206739293.
[I 2026-03-18 19:38:01,252] Trial 42 pruned. 
[I 2026-03-18 19:38:07,464] Trial 42 pruned. 
[I 2026-03-18 19:38:08,199] Trial 33 finished with value: -2.2855618162867195 and parameters: {'n_layers_yyx': 1, 'hidden_size_yyx_l0': 6, 'context_size_yyx': 4, 'num_mix_components_yyx': 2, 'context_extractor_yyx': 'gru', 'activation_func_yyx': 'ReLU', 'L2_weight_yyx': 7.361232044826656e-09, 'L_entropy_weight_yyx': 3.968677835726782e-07, 'L_sep_weight_yyx': 1.7241892264015506e-08, 'L_scale_weight_yyx': 4.841640818580754e-10, 'learning_rate_yyx': 0.005976519917231792}. Best is trial 25 with value: -2.286349879513464.
[I 2026-03-18 19:38:15,887] Trial 34 pruned. 
[I 2026-03-18 19:38:17,442] Trial 42 pruned. 
[I 2026-03-18 19:38:33,695] Trial 48 finished with value: -1.7784923704312958 and parameters: {'n_layers_yyx': 1, 'hidden_size_yyx_l0': 5, 'context_size_yyx': 2, 'num_mix_components_yyx': 5, 'context_extractor_yyx': 'gru', 'activation_func_yyx': 'Tanh', 'L2_weight_yyx': 2.1568395222506874e-10, 'L_entropy_weight_yyx': 8.794232280351718e-09, 'L_sep_weight_yyx': 1.5120266876110042e-07, 'L_scale_weight_yyx': 8.59346509725982e-06, 'learning_rate_yyx': 0.007334486381818328}. Best is trial 48 with value: -1.7784923704312958.
[I 2026-03-18 19:38:43,124] Trial 44 finished with value: -2.2640731235147706 and parameters: {'n_layers_yyx': 2, 'hidden_size_yyx_l0': 6, 'hidden_size_yyx_l1': 6, 'context_size_yyx': 2, 'num_mix_components_yyx': 3, 'context_extractor_yyx': 'lstm', 'activation_func_yyx': 'Tanh', 'L2_weight_yyx': 6.8579699144400874e-09, 'L_entropy_weight_yyx': 0.0009340086801138271, 'L_sep_weight_yyx': 8.649693973922181e-07, 'L_scale_weight_yyx': 4.860778672668805e-07, 'learning_rate_yyx': 0.009880834834690913}. Best is trial 42 with value: -2.2740763973289173.
[I 2026-03-18 19:38:50,616] Trial 43 finished with value: -2.2573207258648864 and parameters: {'n_layers_yyx': 2, 'hidden_size_yyx_l0': 2, 'hidden_size_yyx_l1': 3, 'context_size_yyx': 4, 'num_mix_components_yyx': 1, 'context_extractor_yyx': 'lstm', 'activation_func_yyx': 'GELU', 'L2_weight_yyx': 7.999163651709054e-07, 'L_entropy_weight_yyx': 9.757957091599267e-10, 'L_sep_weight_yyx': 5.616311019091494e-09, 'L_scale_weight_yyx': 3.5078232588651347e-09, 'learning_rate_yyx': 0.008129972842212797}. Best is trial 36 with value: -2.281234206739293.
[I 2026-03-18 19:38:55,422] Trial 42 finished with value: -2.285908603551484 and parameters: {'n_layers_yyx': 2, 'hidden_size_yyx_l0': 4, 'hidden_size_yyx_l1': 5, 'context_size_yyx': 4, 'num_mix_components_yyx': 3, 'context_extractor_yyx': 'lstm', 'activation_func_yyx': 'GELU', 'L2_weight_yyx': 3.3403315197397e-07, 'L_entropy_weight_yyx': 1.6846078221530184e-08, 'L_sep_weight_yyx': 3.4327075479097466e-08, 'L_scale_weight_yyx': 0.00045769916977239964, 'learning_rate_yyx': 0.005955154455319893}. Best is trial 17 with value: -2.288314778247399.
[I 2026-03-18 19:38:58,326] Trial 35 pruned. 
[I 2026-03-18 19:38:58,785] Trial 43 pruned. 
[I 2026-03-18 19:38:59,564] Trial 45 pruned. 
[I 2026-03-18 19:39:02,145] Trial 42 finished with value: -2.2802392986829148 and parameters: {'n_layers_yyx': 2, 'hidden_size_yyx_l0': 3, 'hidden_size_yyx_l1': 6, 'context_size_yyx': 4, 'num_mix_components_yyx': 5, 'context_extractor_yyx': 'lstm', 'activation_func_yyx': 'GELU', 'L2_weight_yyx': 5.363620759525008e-06, 'L_entropy_weight_yyx': 0.0004211322048890126, 'L_sep_weight_yyx': 0.00011462109806124138, 'L_scale_weight_yyx': 0.00014282682729823621, 'learning_rate_yyx': 0.009749241793126816}. Best is trial 32 with value: -2.283618801160143.
[I 2026-03-18 19:39:16,055] Trial 46 pruned. 
[I 2026-03-18 19:39:34,143] Trial 43 finished with value: -2.2756855396171036 and parameters: {'n_layers_yyx': 2, 'hidden_size_yyx_l0': 2, 'hidden_size_yyx_l1': 6, 'context_size_yyx': 4, 'num_mix_components_yyx': 5, 'context_extractor_yyx': 'lstm', 'activation_func_yyx': 'GELU', 'L2_weight_yyx': 5.264451086458447e-09, 'L_entropy_weight_yyx': 2.1604038734477822e-10, 'L_sep_weight_yyx': 2.904657077319773e-05, 'L_scale_weight_yyx': 1.3158082890938274e-08, 'learning_rate_yyx': 0.006308362210903524}. Best is trial 31 with value: -2.2773129352235233.
[I 2026-03-18 19:39:37,028] Trial 43 pruned. 
[I 2026-03-18 19:39:38,709] Trial 36 pruned. 
[I 2026-03-18 19:39:43,420] Trial 43 pruned. 
[I 2026-03-18 19:39:43,748] Trial 44 pruned. 
[I 2026-03-18 19:39:45,719] Trial 37 pruned. 
[I 2026-03-18 19:39:53,333] Trial 38 pruned. 
[I 2026-03-18 19:39:58,319] Trial 49 finished with value: -1.7776018991015465 and parameters: {'n_layers_yyx': 1, 'hidden_size_yyx_l0': 5, 'context_size_yyx': 2, 'num_mix_components_yyx': 5, 'context_extractor_yyx': 'gru', 'activation_func_yyx': 'Tanh', 'L2_weight_yyx': 1.8788597599646043e-10, 'L_entropy_weight_yyx': 1.1944258717506132e-08, 'L_sep_weight_yyx': 1.9837101612960097e-07, 'L_scale_weight_yyx': 8.906831451404394e-06, 'learning_rate_yyx': 0.0068605145261376385}. Best is trial 48 with value: -1.7784923704312958.

Source events: 12731
Target events: 20315
Full model ln_yyx : 871.07392 nats/sec, 38.59053 nats/event
Full model Log loss : -1.77565
Full model ln_yyx : 874.12840 nats/sec, 38.72585 nats/event
Full model Log loss : -1.77371
Full model ln_yyx : 866.22424 nats/sec, 38.37567 nats/event
Full model Log loss : -1.77641
Full model ln_yyx : 863.76660 nats/sec, 38.26679 nats/event
Full model Log loss : -1.76920
Full model ln_yyx : 870.47090 nats/sec, 38.56381 nats/event
Full model Log loss : -1.77389
Full model ln_yyx : 871.56245 nats/sec, 38.61217 nats/event
Full model Log loss : -1.77568
Full model ln_yyx : 859.30027 nats/sec, 38.06893 nats/event
Full model Log loss : -1.77232
Full model ln_yyx : 854.40496 nats/sec, 37.85205 nats/event
Full model Log loss : -1.75569
Full model ln_yyx : 862.92849 nats/sec, 38.22966 nats/event
Full model Log loss : -1.77289
Full model ln_yyx : 861.49710 nats/sec, 38.16625 nats/event
Full model Log loss : -1.77548
Full model ln_yyx : 869.77493 nats/sec, 38.53298 nats/event
Full model Log loss : -1.77633
Full model ln_yyx : 873.32294 nats/sec, 38.69016 nats/event
Full model Log loss : -1.77592
Full model ln_yyx : 862.96214 nats/sec, 38.23116 nats/event
Full model Log loss : -1.77124
Full model ln_yyx : 871.17748 nats/sec, 38.59511 nats/event
Full model Log loss : -1.77811
Full model ln_yyx : 871.19034 nats/sec, 38.59568 nats/event
Full model Log loss : -1.77323
Full model ln_yyx : 872.50150 nats/sec, 38.65377 nats/event
Full model Log loss : -1.77849
Full model ln_yyx : 874.94603 nats/sec, 38.76207 nats/event
Full model Log loss : -1.77760
Optimization finished. Config saved to results/opt-full/opt_full_218_best_config.txt
[I 2026-03-18 19:40:00,225] Trial 47 pruned. 
[I 2026-03-18 19:40:01,645] Trial 44 pruned. 
[I 2026-03-18 19:40:02,014] Trial 39 pruned. 
[I 2026-03-18 19:40:36,740] Trial 45 finished with value: -2.2701364617598685 and parameters: {'n_layers_yyx': 2, 'hidden_size_yyx_l0': 3, 'hidden_size_yyx_l1': 5, 'context_size_yyx': 4, 'num_mix_components_yyx': 3, 'context_extractor_yyx': 'lstm', 'activation_func_yyx': 'GELU', 'L2_weight_yyx': 5.982372338286434e-06, 'L_entropy_weight_yyx': 2.6122079133924206e-07, 'L_sep_weight_yyx': 7.018686708573605e-08, 'L_scale_weight_yyx': 4.708119059015118e-07, 'learning_rate_yyx': 0.007941418943996458}. Best is trial 17 with value: -2.288314778247399.
[I 2026-03-18 19:40:40,117] Trial 44 finished with value: -2.20674105510888 and parameters: {'n_layers_yyx': 2, 'hidden_size_yyx_l0': 6, 'hidden_size_yyx_l1': 5, 'context_size_yyx': 3, 'num_mix_components_yyx': 5, 'context_extractor_yyx': 'lstm', 'activation_func_yyx': 'GELU', 'L2_weight_yyx': 1.0524209216635916e-07, 'L_entropy_weight_yyx': 3.256173066056716e-08, 'L_sep_weight_yyx': 9.33415402267337e-06, 'L_scale_weight_yyx': 3.179122193617706e-10, 'learning_rate_yyx': 0.008690801379932963}. Best is trial 12 with value: -2.2168161654612635.
[I 2026-03-18 19:40:47,367] Trial 45 pruned. 
[I 2026-03-18 19:41:04,686] Trial 40 finished with value: -2.281507796961062 and parameters: {'n_layers_yyx': 2, 'hidden_size_yyx_l0': 5, 'hidden_size_yyx_l1': 6, 'context_size_yyx': 4, 'num_mix_components_yyx': 1, 'context_extractor_yyx': 'lstm', 'activation_func_yyx': 'ReLU', 'L2_weight_yyx': 2.7491656453891786e-05, 'L_entropy_weight_yyx': 1.157424982765171e-09, 'L_sep_weight_yyx': 3.86782669423599e-07, 'L_scale_weight_yyx': 1.1331537706884975e-07, 'learning_rate_yyx': 0.007990221448655074}. Best is trial 25 with value: -2.286349879513464.
[I 2026-03-18 19:41:37,830] Trial 44 finished with value: -2.2834811857550026 and parameters: {'n_layers_yyx': 2, 'hidden_size_yyx_l0': 3, 'hidden_size_yyx_l1': 4, 'context_size_yyx': 4, 'num_mix_components_yyx': 3, 'context_extractor_yyx': 'lstm', 'activation_func_yyx': 'GELU', 'L2_weight_yyx': 1.5231934101329053e-06, 'L_entropy_weight_yyx': 2.680985132575778e-07, 'L_sep_weight_yyx': 8.736426335583014e-08, 'L_scale_weight_yyx': 5.162148819474657e-08, 'learning_rate_yyx': 0.00557848871477364}. Best is trial 44 with value: -2.2834811857550026.
[I 2026-03-18 19:41:40,153] Trial 44 finished with value: -2.277691503355651 and parameters: {'n_layers_yyx': 2, 'hidden_size_yyx_l0': 3, 'hidden_size_yyx_l1': 5, 'context_size_yyx': 4, 'num_mix_components_yyx': 5, 'context_extractor_yyx': 'lstm', 'activation_func_yyx': 'GELU', 'L2_weight_yyx': 6.0083824271711885e-09, 'L_entropy_weight_yyx': 1.1318888466732585e-10, 'L_sep_weight_yyx': 0.00048033844992331916, 'L_scale_weight_yyx': 3.613696276643537e-09, 'learning_rate_yyx': 0.006396318058431093}. Best is trial 44 with value: -2.277691503355651.
[I 2026-03-18 19:41:52,926] Trial 45 pruned. 
[I 2026-03-18 19:41:52,935] Trial 48 pruned. 
[I 2026-03-18 19:41:52,938] Trial 45 finished with value: -2.276075715328425 and parameters: {'n_layers_yyx': 2, 'hidden_size_yyx_l0': 3, 'hidden_size_yyx_l1': 5, 'context_size_yyx': 4, 'num_mix_components_yyx': 5, 'context_extractor_yyx': 'gru', 'activation_func_yyx': 'GELU', 'L2_weight_yyx': 1.917312218142712e-05, 'L_entropy_weight_yyx': 2.2907480034917086e-08, 'L_sep_weight_yyx': 0.0004053234851361896, 'L_scale_weight_yyx': 0.00014481628006184343, 'learning_rate_yyx': 0.006957471522098858}. Best is trial 32 with value: -2.283618801160143.
[I 2026-03-18 19:42:00,433] Trial 46 pruned. 
[I 2026-03-18 19:42:30,665] Trial 46 pruned. 
[I 2026-03-18 19:42:31,555] Trial 46 pruned. 
[I 2026-03-18 19:42:31,555] Trial 49 pruned. 

Source events: 20800
Target events: 5634
Full model ln_yyx : 466.33285 nats/sec, 74.49407 nats/event
Full model Log loss : -2.26336
Full model ln_yyx : 465.85166 nats/sec, 74.41720 nats/event
Full model Log loss : -2.26119
Full model ln_yyx : 466.66976 nats/sec, 74.54789 nats/event
Full model Log loss : -2.26993
Full model ln_yyx : 457.64726 nats/sec, 73.10659 nats/event
Full model Log loss : -2.24791
Full model ln_yyx : 461.39806 nats/sec, 73.70576 nats/event
Full model Log loss : -2.26666
Full model ln_yyx : 464.54339 nats/sec, 74.20821 nats/event
Full model Log loss : -2.27060
Full model ln_yyx : 461.82521 nats/sec, 73.77399 nats/event
Full model Log loss : -2.27326
Full model ln_yyx : 465.42820 nats/sec, 74.34955 nats/event
Full model Log loss : -2.26667
Full model ln_yyx : 464.01835 nats/sec, 74.12434 nats/event
Full model Log loss : -2.26488
Full model ln_yyx : 467.69631 nats/sec, 74.71187 nats/event
Full model Log loss : -2.27343
Full model ln_yyx : 460.83279 nats/sec, 73.61546 nats/event
Full model Log loss : -2.26428
Full model ln_yyx : 464.43550 nats/sec, 74.19098 nats/event
Full model Log loss : -2.27068
Full model ln_yyx : 467.41088 nats/sec, 74.66628 nats/event
Full model Log loss : -2.27277
Full model ln_yyx : 464.59078 nats/sec, 74.21578 nats/event
Full model Log loss : -2.25810
Full model ln_yyx : 460.25898 nats/sec, 73.52380 nats/event
Full model Log loss : -2.25404
Full model ln_yyx : 468.56725 nats/sec, 74.85100 nats/event
Full model Log loss : -2.27408
Full model ln_yyx : 460.10471 nats/sec, 73.49915 nats/event
Full model Log loss : -2.26407
Optimization finished. Config saved to results/opt-full/opt_full_209_best_config.txt
[I 2026-03-18 19:42:36,149] Trial 46 pruned. 
[I 2026-03-18 19:42:36,633] Trial 47 pruned. 
[I 2026-03-18 19:42:38,623] Trial 47 pruned. 
[I 2026-03-18 19:42:41,495] Trial 41 finished with value: -2.285449427928014 and parameters: {'n_layers_yyx': 1, 'hidden_size_yyx_l0': 6, 'context_size_yyx': 4, 'num_mix_components_yyx': 2, 'context_extractor_yyx': 'gru', 'activation_func_yyx': 'ReLU', 'L2_weight_yyx': 8.429759903918237e-09, 'L_entropy_weight_yyx': 4.72331893762107e-07, 'L_sep_weight_yyx': 1.674546363138976e-08, 'L_scale_weight_yyx': 5.093908816053859e-10, 'learning_rate_yyx': 0.005952366620174192}. Best is trial 25 with value: -2.286349879513464.
[I 2026-03-18 19:42:45,770] Trial 48 pruned. 
[I 2026-03-18 19:42:49,334] Trial 47 pruned. 
[I 2026-03-18 19:42:51,017] Trial 49 pruned. 

Source events: 20800
Target events: 10683
Full model ln_yyx : 869.47588 nats/sec, 73.24986 nats/event
Full model Log loss : -2.25544
Full model ln_yyx : 874.93524 nats/sec, 73.70979 nats/event
Full model Log loss : -2.27250
Full model ln_yyx : 869.51597 nats/sec, 73.25324 nats/event
Full model Log loss : -2.25401
Full model ln_yyx : 882.45997 nats/sec, 74.34372 nats/event
Full model Log loss : -2.27876
Full model ln_yyx : 873.51437 nats/sec, 73.59009 nats/event
Full model Log loss : -2.26827
Full model ln_yyx : 886.69942 nats/sec, 74.70088 nats/event
Full model Log loss : -2.27772
Full model ln_yyx : 885.49205 nats/sec, 74.59916 nats/event
Full model Log loss : -2.27720
Full model ln_yyx : 881.95625 nats/sec, 74.30128 nats/event
Full model Log loss : -2.27349
Full model ln_yyx : 873.99779 nats/sec, 73.63082 nats/event
Full model Log loss : -2.27219
Full model ln_yyx : 884.23662 nats/sec, 74.49340 nats/event
Full model Log loss : -2.27559
Full model ln_yyx : 879.09621 nats/sec, 74.06034 nats/event
Full model Log loss : -2.27543
Full model ln_yyx : 880.21179 nats/sec, 74.15432 nats/event
Full model Log loss : -2.28123
Full model ln_yyx : 888.28118 nats/sec, 74.83413 nats/event
Full model Log loss : -2.28107
Full model ln_yyx : 880.06873 nats/sec, 74.14227 nats/event
Full model Log loss : -2.25950
Full model ln_yyx : 873.14527 nats/sec, 73.55900 nats/event
Full model Log loss : -2.25732
Full model ln_yyx : 891.79380 nats/sec, 75.13006 nats/event
Full model Log loss : -2.28348
Optimization finished. Config saved to results/opt-full/opt_full_210_best_config.txt
[I 2026-03-18 19:42:55,980] Trial 42 pruned. 
[I 2026-03-18 19:43:02,272] Trial 43 pruned. 
[I 2026-03-18 19:43:12,304] Trial 45 finished with value: -2.2759665015536905 and parameters: {'n_layers_yyx': 2, 'hidden_size_yyx_l0': 3, 'hidden_size_yyx_l1': 4, 'context_size_yyx': 4, 'num_mix_components_yyx': 5, 'context_extractor_yyx': 'lstm', 'activation_func_yyx': 'GELU', 'L2_weight_yyx': 1.2520604396675035e-08, 'L_entropy_weight_yyx': 1.0885724962072986e-10, 'L_sep_weight_yyx': 0.0004041503360825593, 'L_scale_weight_yyx': 5.499492758594109e-09, 'learning_rate_yyx': 0.00890456648210872}. Best is trial 44 with value: -2.277691503355651.
[I 2026-03-18 19:43:21,492] Trial 47 finished with value: -2.2790399623703688 and parameters: {'n_layers_yyx': 2, 'hidden_size_yyx_l0': 2, 'hidden_size_yyx_l1': 5, 'context_size_yyx': 4, 'num_mix_components_yyx': 5, 'context_extractor_yyx': 'lstm', 'activation_func_yyx': 'GELU', 'L2_weight_yyx': 7.653084793554566e-06, 'L_entropy_weight_yyx': 0.00011597431132519372, 'L_sep_weight_yyx': 2.833851687733286e-05, 'L_scale_weight_yyx': 8.025417629884447e-05, 'learning_rate_yyx': 0.008898079185911144}. Best is trial 32 with value: -2.283618801160143.
[I 2026-03-18 19:43:25,276] Trial 48 pruned. 
[I 2026-03-18 19:43:50,062] Trial 46 pruned. 
[I 2026-03-18 19:44:00,205] Trial 48 finished with value: -2.2897698503958845 and parameters: {'n_layers_yyx': 1, 'hidden_size_yyx_l0': 5, 'context_size_yyx': 4, 'num_mix_components_yyx': 4, 'context_extractor_yyx': 'lstm', 'activation_func_yyx': 'Tanh', 'L2_weight_yyx': 4.907404338869762e-07, 'L_entropy_weight_yyx': 8.91077575963876e-09, 'L_sep_weight_yyx': 4.257404344331006e-05, 'L_scale_weight_yyx': 1.3019169886290068e-10, 'learning_rate_yyx': 0.0065279097843171105}. Best is trial 48 with value: -2.2897698503958845.
[I 2026-03-18 19:44:01,044] Trial 48 pruned. 
[I 2026-03-18 19:44:14,836] Trial 49 pruned. 

Source events: 20800
Target events: 20315
Full model ln_yyx : 1683.24495 nats/sec, 74.57152 nats/event
Full model Log loss : -2.27381
Full model ln_yyx : 1668.22667 nats/sec, 73.90618 nats/event
Full model Log loss : -2.27969
Full model ln_yyx : 1670.74686 nats/sec, 74.01783 nats/event
Full model Log loss : -2.26125
Full model ln_yyx : 1666.53398 nats/sec, 73.83119 nats/event
Full model Log loss : -2.25598
Full model ln_yyx : 1670.15367 nats/sec, 73.99155 nats/event
Full model Log loss : -2.27586
Full model ln_yyx : 1665.88591 nats/sec, 73.80248 nats/event
Full model Log loss : -2.28120
Full model ln_yyx : 1669.18490 nats/sec, 73.94863 nats/event
Full model Log loss : -2.28018
Full model ln_yyx : 1686.35944 nats/sec, 74.70950 nats/event
Full model Log loss : -2.28102
Full model ln_yyx : 1673.89269 nats/sec, 74.15720 nats/event
Full model Log loss : -2.26904
Full model ln_yyx : 1676.85427 nats/sec, 74.28840 nats/event
Full model Log loss : -2.28360
Full model ln_yyx : 1699.04415 nats/sec, 75.27146 nats/event
Full model Log loss : -2.27648
Full model ln_yyx : 1682.08920 nats/sec, 74.52032 nats/event
Full model Log loss : -2.28047
Full model ln_yyx : 1680.72972 nats/sec, 74.46009 nats/event
Full model Log loss : -2.28148
Full model ln_yyx : 1691.17603 nats/sec, 74.92289 nats/event
Full model Log loss : -2.28362
Full model ln_yyx : 1680.35773 nats/sec, 74.44361 nats/event
Full model Log loss : -2.28006
Full model ln_yyx : 1681.03753 nats/sec, 74.47373 nats/event
Full model Log loss : -2.27888
Full model ln_yyx : 1672.08328 nats/sec, 74.07703 nats/event
Full model Log loss : -2.28024
Full model ln_yyx : 1680.65066 nats/sec, 74.45659 nats/event
Full model Log loss : -2.27608
Full model ln_yyx : 1670.52282 nats/sec, 74.00790 nats/event
Full model Log loss : -2.27904
Optimization finished. Config saved to results/opt-full/opt_full_206_best_config.txt
[I 2026-03-18 19:44:24,536] Trial 44 finished with value: -2.2863740545153766 and parameters: {'n_layers_yyx': 1, 'hidden_size_yyx_l0': 6, 'context_size_yyx': 4, 'num_mix_components_yyx': 2, 'context_extractor_yyx': 'gru', 'activation_func_yyx': 'ReLU', 'L2_weight_yyx': 5.9474066721759264e-08, 'L_entropy_weight_yyx': 1.3014196835250848e-07, 'L_sep_weight_yyx': 4.131231333014846e-09, 'L_scale_weight_yyx': 5.791285694198368e-10, 'learning_rate_yyx': 0.009882680216803937}. Best is trial 44 with value: -2.2863740545153766.
[I 2026-03-18 19:44:30,169] Trial 45 pruned. 
[I 2026-03-18 19:44:54,823] Trial 49 finished with value: -2.201161374695731 and parameters: {'n_layers_yyx': 2, 'hidden_size_yyx_l0': 4, 'hidden_size_yyx_l1': 6, 'context_size_yyx': 3, 'num_mix_components_yyx': 5, 'context_extractor_yyx': 'lstm', 'activation_func_yyx': 'GELU', 'L2_weight_yyx': 2.0491778227950437e-09, 'L_entropy_weight_yyx': 6.838785088933614e-08, 'L_sep_weight_yyx': 4.501633688612619e-05, 'L_scale_weight_yyx': 1.6484583135391209e-06, 'learning_rate_yyx': 0.004999330543216188}. Best is trial 12 with value: -2.2168161654612635.

Source events: 20800
Target events: 1783
Full model ln_yyx : 142.33754 nats/sec, 71.84733 nats/event
Full model Log loss : -2.17007
Full model ln_yyx : 146.01020 nats/sec, 73.70117 nats/event
Full model Log loss : -2.20833
Full model ln_yyx : 143.85403 nats/sec, 72.61280 nats/event
Full model Log loss : -2.19013
Full model ln_yyx : 146.08228 nats/sec, 73.73755 nats/event
Full model Log loss : -2.20261
Full model ln_yyx : 143.23524 nats/sec, 72.30046 nats/event
Full model Log loss : -2.17547
Full model ln_yyx : 144.54544 nats/sec, 72.96180 nats/event
Full model Log loss : -2.21490
Full model ln_yyx : 144.95184 nats/sec, 73.16694 nats/event
Full model Log loss : -2.20996
Full model ln_yyx : 145.82459 nats/sec, 73.60748 nats/event
Full model Log loss : -2.21682
Full model ln_yyx : 145.23662 nats/sec, 73.31069 nats/event
Full model Log loss : -2.20877
Full model ln_yyx : 143.24786 nats/sec, 72.30683 nats/event
Full model Log loss : -2.16123
Full model ln_yyx : 144.97785 nats/sec, 73.18007 nats/event
Full model Log loss : -2.20788
Full model ln_yyx : 144.92263 nats/sec, 73.15220 nats/event
Full model Log loss : -2.21214
Full model ln_yyx : 146.77722 nats/sec, 74.08833 nats/event
Full model Log loss : -2.20398
Full model ln_yyx : 145.89995 nats/sec, 73.64552 nats/event
Full model Log loss : -2.21353
Full model ln_yyx : 145.09469 nats/sec, 73.23905 nats/event
Full model Log loss : -2.20866
Full model ln_yyx : 145.04513 nats/sec, 73.21403 nats/event
Full model Log loss : -2.21209
Full model ln_yyx : 144.72510 nats/sec, 73.05249 nats/event
Full model Log loss : -2.20525
Full model ln_yyx : 144.89169 nats/sec, 73.13658 nats/event
Full model Log loss : -2.21216
Full model ln_yyx : 146.00176 nats/sec, 73.69691 nats/event
Full model Log loss : -2.20674
Full model ln_yyx : 147.01651 nats/sec, 74.20912 nats/event
Full model Log loss : -2.20116
Optimization finished. Config saved to results/opt-full/opt_full_205_best_config.txt
[I 2026-03-18 19:45:08,080] Trial 46 pruned. 
[I 2026-03-18 19:45:29,693] Trial 47 finished with value: -2.27670114459532 and parameters: {'n_layers_yyx': 2, 'hidden_size_yyx_l0': 4, 'hidden_size_yyx_l1': 4, 'context_size_yyx': 4, 'num_mix_components_yyx': 5, 'context_extractor_yyx': 'lstm', 'activation_func_yyx': 'GELU', 'L2_weight_yyx': 4.128393505770729e-08, 'L_entropy_weight_yyx': 3.091909924730104e-10, 'L_sep_weight_yyx': 1.607893380977339e-05, 'L_scale_weight_yyx': 6.100042880526262e-08, 'learning_rate_yyx': 0.009055516784548327}. Best is trial 44 with value: -2.277691503355651.
[I 2026-03-18 19:45:39,290] Trial 49 finished with value: -2.28688035495716 and parameters: {'n_layers_yyx': 1, 'hidden_size_yyx_l0': 6, 'context_size_yyx': 4, 'num_mix_components_yyx': 4, 'context_extractor_yyx': 'gru', 'activation_func_yyx': 'Tanh', 'L2_weight_yyx': 4.0197454660702147e-07, 'L_entropy_weight_yyx': 1.3685687714599906e-10, 'L_sep_weight_yyx': 0.0002922735770486155, 'L_scale_weight_yyx': 3.089491614858214e-09, 'learning_rate_yyx': 0.004672612617825825}. Best is trial 48 with value: -2.2897698503958845.

Source events: 20800
Target events: 20158
Full model ln_yyx : 1601.69712 nats/sec, 71.51143 nats/event
Full model Log loss : -2.21856
Full model ln_yyx : 1664.37657 nats/sec, 74.30990 nats/event
Full model Log loss : -2.27953
Full model ln_yyx : 1653.52197 nats/sec, 73.82527 nats/event
Full model Log loss : -2.27007
Full model ln_yyx : 1650.15051 nats/sec, 73.67474 nats/event
Full model Log loss : -2.27715
Full model ln_yyx : 1674.33985 nats/sec, 74.75473 nats/event
Full model Log loss : -2.28734
Full model ln_yyx : 1676.22286 nats/sec, 74.83880 nats/event
Full model Log loss : -2.27922
Full model ln_yyx : 1676.40772 nats/sec, 74.84706 nats/event
Full model Log loss : -2.28790
Full model ln_yyx : 1671.95164 nats/sec, 74.64810 nats/event
Full model Log loss : -2.27448
Full model ln_yyx : 1674.02282 nats/sec, 74.74058 nats/event
Full model Log loss : -2.28831
Full model ln_yyx : 1669.69572 nats/sec, 74.54738 nats/event
Full model Log loss : -2.28747
Full model ln_yyx : 1660.74553 nats/sec, 74.14778 nats/event
Full model Log loss : -2.27342
Full model ln_yyx : 1671.19751 nats/sec, 74.61443 nats/event
Full model Log loss : -2.28723
Full model ln_yyx : 1675.97686 nats/sec, 74.82782 nats/event
Full model Log loss : -2.28723
Full model ln_yyx : 1659.66226 nats/sec, 74.09942 nats/event
Full model Log loss : -2.28591
Full model ln_yyx : 1662.88591 nats/sec, 74.24334 nats/event
Full model Log loss : -2.27014
Full model ln_yyx : 1673.90801 nats/sec, 74.73545 nats/event
Full model Log loss : -2.28977
Full model ln_yyx : 1661.56765 nats/sec, 74.18449 nats/event
Full model Log loss : -2.28688
Optimization finished. Config saved to results/opt-full/opt_full_213_best_config.txt
[I 2026-03-18 19:45:47,007] Trial 47 pruned. 
[I 2026-03-18 19:46:02,302] Trial 48 pruned. 
[I 2026-03-18 19:46:43,615] Trial 48 finished with value: -2.275007051421947 and parameters: {'n_layers_yyx': 2, 'hidden_size_yyx_l0': 5, 'hidden_size_yyx_l1': 4, 'context_size_yyx': 4, 'num_mix_components_yyx': 5, 'context_extractor_yyx': 'lstm', 'activation_func_yyx': 'GELU', 'L2_weight_yyx': 4.986070358512673e-08, 'L_entropy_weight_yyx': 1.2139241534038644e-10, 'L_sep_weight_yyx': 1.4840702953595842e-05, 'L_scale_weight_yyx': 6.467656934232714e-08, 'learning_rate_yyx': 0.00987933149222575}. Best is trial 44 with value: -2.277691503355651.
[I 2026-03-18 19:47:22,279] Trial 49 pruned. 

Source events: 20800
Target events: 3618
Full model ln_yyx : 296.22380 nats/sec, 73.68751 nats/event
Full model Log loss : -2.25321
Full model ln_yyx : 300.67360 nats/sec, 74.79443 nats/event
Full model Log loss : -2.27222
Full model ln_yyx : 297.38950 nats/sec, 73.97749 nats/event
Full model Log loss : -2.26709
Full model ln_yyx : 295.89704 nats/sec, 73.60623 nats/event
Full model Log loss : -2.24823
Full model ln_yyx : 298.41086 nats/sec, 74.23156 nats/event
Full model Log loss : -2.26328
Full model ln_yyx : 297.50039 nats/sec, 74.00507 nats/event
Full model Log loss : -2.26918
Full model ln_yyx : 300.18537 nats/sec, 74.67298 nats/event
Full model Log loss : -2.27036
Full model ln_yyx : 298.35081 nats/sec, 74.21662 nats/event
Full model Log loss : -2.25746
Full model ln_yyx : 297.40724 nats/sec, 73.98190 nats/event
Full model Log loss : -2.25326
Full model ln_yyx : 300.40957 nats/sec, 74.72875 nats/event
Full model Log loss : -2.26217
Full model ln_yyx : 298.74899 nats/sec, 74.31567 nats/event
Full model Log loss : -2.27030
Full model ln_yyx : 301.58655 nats/sec, 75.02153 nats/event
Full model Log loss : -2.27731
Full model ln_yyx : 298.77844 nats/sec, 74.32299 nats/event
Full model Log loss : -2.26686
Full model ln_yyx : 299.19236 nats/sec, 74.42596 nats/event
Full model Log loss : -2.27196
Full model ln_yyx : 303.47592 nats/sec, 75.49152 nats/event
Full model Log loss : -2.26994
Full model ln_yyx : 297.79455 nats/sec, 74.07825 nats/event
Full model Log loss : -2.27569
Full model ln_yyx : 302.64710 nats/sec, 75.28535 nats/event
Full model Log loss : -2.27769
Full model ln_yyx : 301.82807 nats/sec, 75.08161 nats/event
Full model Log loss : -2.27597
Full model ln_yyx : 299.97380 nats/sec, 74.62035 nats/event
Full model Log loss : -2.27670
Full model ln_yyx : 298.74756 nats/sec, 74.31531 nats/event
Full model Log loss : -2.27501
Optimization finished. Config saved to results/opt-full/opt_full_215_best_config.txt
[I 2026-03-18 19:48:46,861] Trial 49 finished with value: -2.2889438064182985 and parameters: {'n_layers_yyx': 1, 'hidden_size_yyx_l0': 5, 'context_size_yyx': 3, 'num_mix_components_yyx': 3, 'context_extractor_yyx': 'lstm', 'activation_func_yyx': 'ReLU', 'L2_weight_yyx': 3.9282347629191355e-07, 'L_entropy_weight_yyx': 2.2598249741377245e-08, 'L_sep_weight_yyx': 4.178034315642641e-06, 'L_scale_weight_yyx': 1.1885701255886091e-09, 'learning_rate_yyx': 0.009847140458420651}. Best is trial 49 with value: -2.2889438064182985.

Source events: 20800
Target events: 32635
Full model ln_yyx : 2645.18857 nats/sec, 72.94836 nats/event
Full model Log loss : -2.27747
Full model ln_yyx : 2648.95958 nats/sec, 73.05236 nats/event
Full model Log loss : -2.26517
Full model ln_yyx : 2674.61177 nats/sec, 73.75979 nats/event
Full model Log loss : -2.26894
Full model ln_yyx : 2688.55842 nats/sec, 74.14440 nats/event
Full model Log loss : -2.26490
Full model ln_yyx : 2703.53199 nats/sec, 74.55734 nats/event
Full model Log loss : -2.28318
Full model ln_yyx : 2705.52053 nats/sec, 74.61218 nats/event
Full model Log loss : -2.28262
Full model ln_yyx : 2701.14461 nats/sec, 74.49150 nats/event
Full model Log loss : -2.28299
Full model ln_yyx : 2697.17110 nats/sec, 74.38192 nats/event
Full model Log loss : -2.28314
Full model ln_yyx : 2676.26716 nats/sec, 73.80544 nats/event
Full model Log loss : -2.27018
Full model ln_yyx : 2686.90342 nats/sec, 74.09876 nats/event
Full model Log loss : -2.27432
Full model ln_yyx : 2681.34796 nats/sec, 73.94555 nats/event
Full model Log loss : -2.28623
Full model ln_yyx : 2705.45857 nats/sec, 74.61047 nats/event
Full model Log loss : -2.26590
Full model ln_yyx : 2698.73347 nats/sec, 74.42501 nats/event
Full model Log loss : -2.28588
Full model ln_yyx : 2685.54870 nats/sec, 74.06140 nats/event
Full model Log loss : -2.27644
Full model ln_yyx : 2698.47436 nats/sec, 74.41786 nats/event
Full model Log loss : -2.28549
Full model ln_yyx : 2715.94953 nats/sec, 74.89979 nats/event
Full model Log loss : -2.28635
Full model ln_yyx : 2703.64878 nats/sec, 74.56056 nats/event
Full model Log loss : -2.28359
Full model ln_yyx : 2701.99972 nats/sec, 74.51508 nats/event
Full model Log loss : -2.28627
Full model ln_yyx : 2686.66569 nats/sec, 74.09221 nats/event
Full model Log loss : -2.28556
Full model ln_yyx : 2695.98582 nats/sec, 74.34923 nats/event
Full model Log loss : -2.28151
Full model ln_yyx : 2684.75653 nats/sec, 74.03956 nats/event
Full model Log loss : -2.28545
Full model ln_yyx : 2692.26747 nats/sec, 74.24669 nats/event
Full model Log loss : -2.28637
Full model ln_yyx : 2705.54606 nats/sec, 74.61288 nats/event
Full model Log loss : -2.28894
Optimization finished. Config saved to results/opt-full/opt_full_211_best_config.txt
