Warning: Failed writing log files to directory [/var/log/nvidia-mps]. No logs will be available.
Error: Task ID 408 not found in hpc/tasks_full.csv
Warning: Task ID 408 not found. Exiting.
Error: Task ID 409 not found in hpc/tasks_full.csv
Warning: Task ID 409 not found. Exiting.
Error: Task ID 412 not found in hpc/tasks_full.csv
Warning: Task ID 412 not found. Exiting.
Error: Task ID 413 not found in hpc/tasks_full.csv
Warning: Task ID 413 not found. Exiting.
Error: Task ID 411 not found in hpc/tasks_full.csv
Warning: Task ID 411 not found. Exiting.
Error: Task ID 415 not found in hpc/tasks_full.csv
Warning: Task ID 415 not found. Exiting.
Error: Task ID 410 not found in hpc/tasks_full.csv
Warning: Task ID 410 not found. Exiting.
Error: Task ID 414 not found in hpc/tasks_full.csv
Warning: Task ID 414 not found. Exiting.
[I 2026-03-18 19:20:47,763] A new study created in RDB with name: opt_full-model_seed=42_task=394
[I 2026-03-18 19:20:47,764] A new study created in RDB with name: opt_full-model_seed=42_task=387
[I 2026-03-18 19:20:47,764] A new study created in RDB with name: opt_full-model_seed=42_task=404
[I 2026-03-18 19:20:47,763] A new study created in RDB with name: opt_full-model_seed=42_task=388
[I 2026-03-18 19:20:47,765] A new study created in RDB with name: opt_full-model_seed=42_task=395
[I 2026-03-18 19:20:47,764] A new study created in RDB with name: opt_full-model_seed=42_task=386
[I 2026-03-18 19:20:47,764] A new study created in RDB with name: opt_full-model_seed=42_task=391
[I 2026-03-18 19:20:47,764] A new study created in RDB with name: opt_full-model_seed=42_task=406
[I 2026-03-18 19:20:48,098] A new study created in RDB with name: opt_full-model_seed=42_task=407
[I 2026-03-18 19:20:48,101] A new study created in RDB with name: opt_full-model_seed=42_task=399
[I 2026-03-18 19:20:48,113] A new study created in RDB with name: opt_full-model_seed=42_task=401
[I 2026-03-18 19:20:48,115] A new study created in RDB with name: opt_full-model_seed=42_task=400
[I 2026-03-18 19:20:48,117] A new study created in RDB with name: opt_full-model_seed=42_task=392
[I 2026-03-18 19:20:48,119] A new study created in RDB with name: opt_full-model_seed=42_task=390
[I 2026-03-18 19:20:48,119] A new study created in RDB with name: opt_full-model_seed=42_task=405
[I 2026-03-18 19:20:48,119] A new study created in RDB with name: opt_full-model_seed=42_task=398
[I 2026-03-18 19:20:48,120] A new study created in RDB with name: opt_full-model_seed=42_task=384
[I 2026-03-18 19:20:48,120] A new study created in RDB with name: opt_full-model_seed=42_task=397
[I 2026-03-18 19:20:48,122] A new study created in RDB with name: opt_full-model_seed=42_task=402
[I 2026-03-18 19:20:48,123] A new study created in RDB with name: opt_full-model_seed=42_task=385
[I 2026-03-18 19:20:48,124] A new study created in RDB with name: opt_full-model_seed=42_task=396
[I 2026-03-18 19:20:48,124] A new study created in RDB with name: opt_full-model_seed=42_task=393
[I 2026-03-18 19:20:48,127] A new study created in RDB with name: opt_full-model_seed=42_task=389
[I 2026-03-18 19:20:48,127] A new study created in RDB with name: opt_full-model_seed=42_task=403
[I 2026-03-18 19:22:44,311] Trial 0 finished with value: -1.6069830560914067 and parameters: {'n_layers_yyx': 1, 'hidden_size_yyx_l0': 6, 'context_size_yyx': 4, 'num_mix_components_yyx': 2, 'context_extractor_yyx': 'lstm', 'activation_func_yyx': 'GELU', 'L2_weight_yyx': 2.1109259713066118e-10, 'L_entropy_weight_yyx': 3.097633154459078e-06, 'L_sep_weight_yyx': 1.2860446186013522e-06, 'L_scale_weight_yyx': 1.9030208719373987e-08, 'learning_rate_yyx': 0.00872143929170659}. Best is trial 0 with value: -1.6069830560914067.
[I 2026-03-18 19:23:40,605] Trial 0 finished with value: -1.6093905696412754 and parameters: {'n_layers_yyx': 2, 'hidden_size_yyx_l0': 2, 'hidden_size_yyx_l1': 5, 'context_size_yyx': 2, 'num_mix_components_yyx': 5, 'context_extractor_yyx': 'gru', 'activation_func_yyx': 'ReLU', 'L2_weight_yyx': 2.5536042252020936e-06, 'L_entropy_weight_yyx': 4.003505483758644e-06, 'L_sep_weight_yyx': 1.8060212608700004e-05, 'L_scale_weight_yyx': 1.0727846186676382e-05, 'learning_rate_yyx': 0.008572056516865172}. Best is trial 0 with value: -1.6093905696412754.
[I 2026-03-18 19:24:04,267] Trial 0 finished with value: -1.6395011021807235 and parameters: {'n_layers_yyx': 1, 'hidden_size_yyx_l0': 3, 'context_size_yyx': 4, 'num_mix_components_yyx': 3, 'context_extractor_yyx': 'gru', 'activation_func_yyx': 'GELU', 'L2_weight_yyx': 3.6917858824457323e-08, 'L_entropy_weight_yyx': 6.083664074003812e-07, 'L_sep_weight_yyx': 4.0439775700451995e-05, 'L_scale_weight_yyx': 1.5878638304391302e-06, 'learning_rate_yyx': 0.003931738968398698}. Best is trial 0 with value: -1.6395011021807235.
[I 2026-03-18 19:24:04,309] Trial 0 finished with value: -1.6285068337759567 and parameters: {'n_layers_yyx': 1, 'hidden_size_yyx_l0': 5, 'context_size_yyx': 1, 'num_mix_components_yyx': 1, 'context_extractor_yyx': 'lstm', 'activation_func_yyx': 'GELU', 'L2_weight_yyx': 7.2541385939993335e-09, 'L_entropy_weight_yyx': 1.0371811287517821e-08, 'L_sep_weight_yyx': 4.626795849100122e-09, 'L_scale_weight_yyx': 4.497683371081251e-09, 'learning_rate_yyx': 0.003825308985439772}. Best is trial 0 with value: -1.6285068337759567.
[I 2026-03-18 19:24:05,858] Trial 0 finished with value: -2.0812970228057153 and parameters: {'n_layers_yyx': 2, 'hidden_size_yyx_l0': 4, 'hidden_size_yyx_l1': 6, 'context_size_yyx': 4, 'num_mix_components_yyx': 3, 'context_extractor_yyx': 'lstm', 'activation_func_yyx': 'GELU', 'L2_weight_yyx': 7.570748557537103e-05, 'L_entropy_weight_yyx': 1.78779239221462e-05, 'L_sep_weight_yyx': 4.714361651876257e-10, 'L_scale_weight_yyx': 3.4291454375887253e-08, 'learning_rate_yyx': 0.000672453950646556}. Best is trial 0 with value: -2.0812970228057153.
[I 2026-03-18 19:24:21,491] Trial 1 pruned. 
[I 2026-03-18 19:24:21,634] Trial 1 pruned. 
[I 2026-03-18 19:24:26,099] Trial 0 finished with value: -2.078490826827014 and parameters: {'n_layers_yyx': 2, 'hidden_size_yyx_l0': 3, 'hidden_size_yyx_l1': 4, 'context_size_yyx': 3, 'num_mix_components_yyx': 2, 'context_extractor_yyx': 'gru', 'activation_func_yyx': 'GELU', 'L2_weight_yyx': 2.9286769412875513e-10, 'L_entropy_weight_yyx': 2.0577464203082423e-09, 'L_sep_weight_yyx': 1.1256256179118662e-10, 'L_scale_weight_yyx': 1.1673482732387374e-07, 'learning_rate_yyx': 0.007502221393718441}. Best is trial 0 with value: -2.078490826827014.
[I 2026-03-18 19:24:27,287] Trial 0 finished with value: -2.059541723542054 and parameters: {'n_layers_yyx': 1, 'hidden_size_yyx_l0': 6, 'context_size_yyx': 1, 'num_mix_components_yyx': 2, 'context_extractor_yyx': 'gru', 'activation_func_yyx': 'GELU', 'L2_weight_yyx': 1.0641155985852587e-10, 'L_entropy_weight_yyx': 1.328431957110486e-06, 'L_sep_weight_yyx': 3.8359371199597896e-08, 'L_scale_weight_yyx': 6.400272319471105e-07, 'learning_rate_yyx': 0.004263131827772239}. Best is trial 0 with value: -2.059541723542054.
[I 2026-03-18 19:24:27,287] Trial 0 finished with value: -1.6134249177836442 and parameters: {'n_layers_yyx': 1, 'hidden_size_yyx_l0': 6, 'context_size_yyx': 2, 'num_mix_components_yyx': 4, 'context_extractor_yyx': 'lstm', 'activation_func_yyx': 'Tanh', 'L2_weight_yyx': 1.2754201735373185e-08, 'L_entropy_weight_yyx': 3.6720677567515405e-06, 'L_sep_weight_yyx': 2.8690640749256585e-06, 'L_scale_weight_yyx': 1.1261508013814974e-09, 'learning_rate_yyx': 0.0013986651271836908}. Best is trial 0 with value: -1.6134249177836442.
[I 2026-03-18 19:24:27,310] Trial 0 finished with value: -1.5887905827024746 and parameters: {'n_layers_yyx': 1, 'hidden_size_yyx_l0': 6, 'context_size_yyx': 1, 'num_mix_components_yyx': 4, 'context_extractor_yyx': 'lstm', 'activation_func_yyx': 'GELU', 'L2_weight_yyx': 4.088101159619934e-10, 'L_entropy_weight_yyx': 4.838538517039547e-10, 'L_sep_weight_yyx': 3.4347751295165445e-05, 'L_scale_weight_yyx': 0.0002874474452194379, 'learning_rate_yyx': 0.0041611410197302835}. Best is trial 0 with value: -1.5887905827024746.
[I 2026-03-18 19:24:27,345] Trial 1 pruned. 
[I 2026-03-18 19:24:29,541] Trial 2 pruned. 
[I 2026-03-18 19:24:35,285] Trial 0 finished with value: -1.62963133670824 and parameters: {'n_layers_yyx': 2, 'hidden_size_yyx_l0': 6, 'hidden_size_yyx_l1': 6, 'context_size_yyx': 4, 'num_mix_components_yyx': 3, 'context_extractor_yyx': 'lstm', 'activation_func_yyx': 'GELU', 'L2_weight_yyx': 4.4647981995959886e-10, 'L_entropy_weight_yyx': 1.558958697819067e-06, 'L_sep_weight_yyx': 3.220043834252858e-09, 'L_scale_weight_yyx': 2.645310439308399e-07, 'learning_rate_yyx': 0.0005213654261252816}. Best is trial 0 with value: -1.62963133670824.
[I 2026-03-18 19:24:36,189] Trial 1 pruned. 
[I 2026-03-18 19:24:37,274] Trial 3 pruned. 
[I 2026-03-18 19:24:47,107] Trial 0 finished with value: -2.110296626806576 and parameters: {'n_layers_yyx': 1, 'hidden_size_yyx_l0': 3, 'context_size_yyx': 2, 'num_mix_components_yyx': 4, 'context_extractor_yyx': 'gru', 'activation_func_yyx': 'ReLU', 'L2_weight_yyx': 1.4478854013182327e-05, 'L_entropy_weight_yyx': 8.94612374943684e-10, 'L_sep_weight_yyx': 6.735745801999096e-10, 'L_scale_weight_yyx': 3.8802705423533213e-10, 'learning_rate_yyx': 0.003541340912406946}. Best is trial 0 with value: -2.110296626806576.
[I 2026-03-18 19:24:49,799] Trial 1 finished with value: -1.5667659880071638 and parameters: {'n_layers_yyx': 2, 'hidden_size_yyx_l0': 2, 'hidden_size_yyx_l1': 4, 'context_size_yyx': 1, 'num_mix_components_yyx': 2, 'context_extractor_yyx': 'lstm', 'activation_func_yyx': 'GELU', 'L2_weight_yyx': 8.972032857003704e-09, 'L_entropy_weight_yyx': 1.2156638064425233e-07, 'L_sep_weight_yyx': 4.93347743147605e-10, 'L_scale_weight_yyx': 1.0839377264165784e-06, 'learning_rate_yyx': 0.00205704483431025}. Best is trial 0 with value: -1.6069830560914067.
[I 2026-03-18 19:24:49,911] Trial 0 finished with value: -1.6116411666937693 and parameters: {'n_layers_yyx': 1, 'hidden_size_yyx_l0': 6, 'context_size_yyx': 1, 'num_mix_components_yyx': 1, 'context_extractor_yyx': 'lstm', 'activation_func_yyx': 'ReLU', 'L2_weight_yyx': 3.5734678777344637e-09, 'L_entropy_weight_yyx': 9.092252777257936e-05, 'L_sep_weight_yyx': 7.4256777538530045e-09, 'L_scale_weight_yyx': 0.0001373939611410736, 'learning_rate_yyx': 0.0016958582531097209}. Best is trial 0 with value: -1.6116411666937693.
[I 2026-03-18 19:24:50,786] Trial 0 finished with value: -2.0815027659081875 and parameters: {'n_layers_yyx': 1, 'hidden_size_yyx_l0': 5, 'context_size_yyx': 1, 'num_mix_components_yyx': 5, 'context_extractor_yyx': 'gru', 'activation_func_yyx': 'GELU', 'L2_weight_yyx': 5.098886086472532e-10, 'L_entropy_weight_yyx': 1.8041560776792438e-07, 'L_sep_weight_yyx': 2.4658240477696565e-07, 'L_scale_weight_yyx': 1.4628565134864037e-07, 'learning_rate_yyx': 0.0023442853733354656}. Best is trial 0 with value: -2.0815027659081875.
[I 2026-03-18 19:25:10,248] Trial 0 finished with value: -2.0522123123115676 and parameters: {'n_layers_yyx': 2, 'hidden_size_yyx_l0': 3, 'hidden_size_yyx_l1': 3, 'context_size_yyx': 2, 'num_mix_components_yyx': 1, 'context_extractor_yyx': 'lstm', 'activation_func_yyx': 'GELU', 'L2_weight_yyx': 4.510829856003714e-05, 'L_entropy_weight_yyx': 1.1119591829606415e-05, 'L_sep_weight_yyx': 1.4310918448412462e-09, 'L_scale_weight_yyx': 2.3209606503920118e-10, 'learning_rate_yyx': 0.0006605791432535117}. Best is trial 0 with value: -2.0522123123115676.
[I 2026-03-18 19:25:10,621] Trial 0 finished with value: -2.08424706136736 and parameters: {'n_layers_yyx': 2, 'hidden_size_yyx_l0': 5, 'hidden_size_yyx_l1': 6, 'context_size_yyx': 3, 'num_mix_components_yyx': 1, 'context_extractor_yyx': 'gru', 'activation_func_yyx': 'Tanh', 'L2_weight_yyx': 1.1556306046765774e-06, 'L_entropy_weight_yyx': 5.0865397250259944e-05, 'L_sep_weight_yyx': 5.782385918341947e-08, 'L_scale_weight_yyx': 2.763150925606522e-07, 'learning_rate_yyx': 0.001612306401368289}. Best is trial 0 with value: -2.08424706136736.
[I 2026-03-18 19:25:14,102] Trial 0 finished with value: -1.5869808281492195 and parameters: {'n_layers_yyx': 1, 'hidden_size_yyx_l0': 4, 'context_size_yyx': 1, 'num_mix_components_yyx': 4, 'context_extractor_yyx': 'gru', 'activation_func_yyx': 'ReLU', 'L2_weight_yyx': 0.0002568859495706125, 'L_entropy_weight_yyx': 6.924419241803117e-07, 'L_sep_weight_yyx': 1.7345567398305318e-09, 'L_scale_weight_yyx': 1.5467847182956214e-07, 'learning_rate_yyx': 0.0007423483436404939}. Best is trial 0 with value: -1.5869808281492195.
[I 2026-03-18 19:25:19,292] Trial 0 finished with value: -1.6071675573258253 and parameters: {'n_layers_yyx': 1, 'hidden_size_yyx_l0': 6, 'context_size_yyx': 2, 'num_mix_components_yyx': 3, 'context_extractor_yyx': 'gru', 'activation_func_yyx': 'GELU', 'L2_weight_yyx': 1.6084630765513246e-10, 'L_entropy_weight_yyx': 1.699112779631325e-09, 'L_sep_weight_yyx': 6.103761409932374e-09, 'L_scale_weight_yyx': 4.04118287755782e-08, 'learning_rate_yyx': 0.0009427482767064957}. Best is trial 0 with value: -1.6071675573258253.
[I 2026-03-18 19:25:24,060] Trial 1 pruned. 
[I 2026-03-18 19:25:26,137] Trial 0 finished with value: -1.5879318196758747 and parameters: {'n_layers_yyx': 1, 'hidden_size_yyx_l0': 5, 'context_size_yyx': 2, 'num_mix_components_yyx': 1, 'context_extractor_yyx': 'gru', 'activation_func_yyx': 'Tanh', 'L2_weight_yyx': 2.8459584484716414e-10, 'L_entropy_weight_yyx': 8.59173093725456e-05, 'L_sep_weight_yyx': 0.0007796477298092115, 'L_scale_weight_yyx': 2.2631614854010877e-08, 'learning_rate_yyx': 0.001438995118096418}. Best is trial 0 with value: -1.5879318196758747.
[I 2026-03-18 19:25:28,853] Trial 0 finished with value: -1.613474194617056 and parameters: {'n_layers_yyx': 1, 'hidden_size_yyx_l0': 4, 'context_size_yyx': 2, 'num_mix_components_yyx': 3, 'context_extractor_yyx': 'lstm', 'activation_func_yyx': 'Tanh', 'L2_weight_yyx': 4.593687346604214e-09, 'L_entropy_weight_yyx': 3.691685779131135e-10, 'L_sep_weight_yyx': 0.0002936395096246731, 'L_scale_weight_yyx': 2.127189176232436e-10, 'learning_rate_yyx': 0.0005555066866137645}. Best is trial 0 with value: -1.613474194617056.
[I 2026-03-18 19:25:31,112] Trial 0 finished with value: -2.070886092188975 and parameters: {'n_layers_yyx': 2, 'hidden_size_yyx_l0': 4, 'hidden_size_yyx_l1': 4, 'context_size_yyx': 1, 'num_mix_components_yyx': 1, 'context_extractor_yyx': 'gru', 'activation_func_yyx': 'ReLU', 'L2_weight_yyx': 0.0006236682078545409, 'L_entropy_weight_yyx': 0.0007888344063467128, 'L_sep_weight_yyx': 9.928020751816e-10, 'L_scale_weight_yyx': 2.5180234692277632e-05, 'learning_rate_yyx': 0.0013737839141552352}. Best is trial 0 with value: -2.070886092188975.
[I 2026-03-18 19:25:33,649] Trial 2 pruned. 
[I 2026-03-18 19:25:34,883] Trial 1 pruned. 
[I 2026-03-18 19:25:36,946] Trial 0 finished with value: -2.091085118269155 and parameters: {'n_layers_yyx': 1, 'hidden_size_yyx_l0': 2, 'context_size_yyx': 2, 'num_mix_components_yyx': 5, 'context_extractor_yyx': 'lstm', 'activation_func_yyx': 'ReLU', 'L2_weight_yyx': 2.832511387601816e-10, 'L_entropy_weight_yyx': 4.5155493864754666e-10, 'L_sep_weight_yyx': 0.0003875709943217871, 'L_scale_weight_yyx': 1.2513819194696737e-05, 'learning_rate_yyx': 0.0026315581276534937}. Best is trial 0 with value: -2.091085118269155.
[I 2026-03-18 19:25:42,132] Trial 0 finished with value: -2.0701083356738468 and parameters: {'n_layers_yyx': 2, 'hidden_size_yyx_l0': 5, 'hidden_size_yyx_l1': 2, 'context_size_yyx': 2, 'num_mix_components_yyx': 3, 'context_extractor_yyx': 'gru', 'activation_func_yyx': 'GELU', 'L2_weight_yyx': 1.2503625708018718e-05, 'L_entropy_weight_yyx': 5.351603514849097e-05, 'L_sep_weight_yyx': 1.0386369014989565e-08, 'L_scale_weight_yyx': 1.0539303409412134e-06, 'learning_rate_yyx': 0.0017658333462838905}. Best is trial 0 with value: -2.0701083356738468.
[I 2026-03-18 19:25:47,466] Trial 0 finished with value: -2.0940855781262293 and parameters: {'n_layers_yyx': 1, 'hidden_size_yyx_l0': 3, 'context_size_yyx': 4, 'num_mix_components_yyx': 5, 'context_extractor_yyx': 'gru', 'activation_func_yyx': 'ReLU', 'L2_weight_yyx': 9.258268940500805e-06, 'L_entropy_weight_yyx': 0.00025295232095968735, 'L_sep_weight_yyx': 0.0006514913610047489, 'L_scale_weight_yyx': 1.9854661170228246e-07, 'learning_rate_yyx': 0.0008532362007787412}. Best is trial 0 with value: -2.0940855781262293.
[I 2026-03-18 19:25:56,396] Trial 1 pruned. 
[I 2026-03-18 19:25:58,585] Trial 0 finished with value: -2.0586936478410927 and parameters: {'n_layers_yyx': 1, 'hidden_size_yyx_l0': 5, 'context_size_yyx': 1, 'num_mix_components_yyx': 3, 'context_extractor_yyx': 'lstm', 'activation_func_yyx': 'ReLU', 'L2_weight_yyx': 4.903985578164247e-07, 'L_entropy_weight_yyx': 9.250551413123767e-06, 'L_sep_weight_yyx': 0.0002449122476972689, 'L_scale_weight_yyx': 5.869492834819539e-06, 'learning_rate_yyx': 0.0006479011107961715}. Best is trial 0 with value: -2.0586936478410927.
[I 2026-03-18 19:26:10,797] Trial 2 finished with value: -1.6347284135116869 and parameters: {'n_layers_yyx': 2, 'hidden_size_yyx_l0': 4, 'hidden_size_yyx_l1': 4, 'context_size_yyx': 4, 'num_mix_components_yyx': 5, 'context_extractor_yyx': 'gru', 'activation_func_yyx': 'Tanh', 'L2_weight_yyx': 6.221642071478242e-10, 'L_entropy_weight_yyx': 1.1790633235521543e-05, 'L_sep_weight_yyx': 2.271252278904138e-07, 'L_scale_weight_yyx': 2.1716223597440256e-08, 'learning_rate_yyx': 0.008599992563309412}. Best is trial 0 with value: -1.6395011021807235.
[I 2026-03-18 19:26:18,115] Trial 3 pruned. 
[I 2026-03-18 19:26:20,286] Trial 1 finished with value: -1.6067748969376245 and parameters: {'n_layers_yyx': 1, 'hidden_size_yyx_l0': 5, 'context_size_yyx': 1, 'num_mix_components_yyx': 4, 'context_extractor_yyx': 'gru', 'activation_func_yyx': 'ReLU', 'L2_weight_yyx': 2.1104913979881272e-10, 'L_entropy_weight_yyx': 5.1741819613674874e-05, 'L_sep_weight_yyx': 1.6368716677713224e-07, 'L_scale_weight_yyx': 2.3752486794270355e-09, 'learning_rate_yyx': 0.00751032391276112}. Best is trial 0 with value: -1.6134249177836442.
[I 2026-03-18 19:26:24,521] Trial 1 finished with value: -1.6112415459010325 and parameters: {'n_layers_yyx': 1, 'hidden_size_yyx_l0': 3, 'context_size_yyx': 4, 'num_mix_components_yyx': 2, 'context_extractor_yyx': 'lstm', 'activation_func_yyx': 'Tanh', 'L2_weight_yyx': 9.288162180595311e-09, 'L_entropy_weight_yyx': 4.171587828448187e-08, 'L_sep_weight_yyx': 6.4169599654739545e-09, 'L_scale_weight_yyx': 1.251928527999205e-07, 'learning_rate_yyx': 0.005251359971318395}. Best is trial 1 with value: -1.6112415459010325.
[I 2026-03-18 19:26:29,519] Trial 2 pruned. 
[I 2026-03-18 19:26:41,263] Trial 4 pruned. 
[I 2026-03-18 19:26:44,597] Trial 2 pruned. 
[I 2026-03-18 19:26:58,458] Trial 5 pruned. 
[I 2026-03-18 19:27:02,318] Trial 1 pruned. 
[I 2026-03-18 19:27:03,755] Trial 2 finished with value: -1.6282887548609164 and parameters: {'n_layers_yyx': 2, 'hidden_size_yyx_l0': 2, 'hidden_size_yyx_l1': 5, 'context_size_yyx': 3, 'num_mix_components_yyx': 5, 'context_extractor_yyx': 'gru', 'activation_func_yyx': 'GELU', 'L2_weight_yyx': 6.175652536162189e-05, 'L_entropy_weight_yyx': 1.5295121291425544e-06, 'L_sep_weight_yyx': 1.180125467741226e-09, 'L_scale_weight_yyx': 4.90324538389411e-05, 'learning_rate_yyx': 0.004759290405558001}. Best is trial 0 with value: -1.62963133670824.
[I 2026-03-18 19:27:14,945] Trial 2 finished with value: -2.059868681386501 and parameters: {'n_layers_yyx': 2, 'hidden_size_yyx_l0': 4, 'hidden_size_yyx_l1': 3, 'context_size_yyx': 3, 'num_mix_components_yyx': 2, 'context_extractor_yyx': 'lstm', 'activation_func_yyx': 'ReLU', 'L2_weight_yyx': 1.2718126697462808e-08, 'L_entropy_weight_yyx': 1.0803862561038014e-09, 'L_sep_weight_yyx': 3.0487154265410895e-05, 'L_scale_weight_yyx': 1.6457977808374276e-10, 'learning_rate_yyx': 0.007695004067065978}. Best is trial 2 with value: -2.059868681386501.
[I 2026-03-18 19:27:17,014] Trial 2 finished with value: -1.602544184803857 and parameters: {'n_layers_yyx': 2, 'hidden_size_yyx_l0': 6, 'hidden_size_yyx_l1': 2, 'context_size_yyx': 1, 'num_mix_components_yyx': 3, 'context_extractor_yyx': 'gru', 'activation_func_yyx': 'ReLU', 'L2_weight_yyx': 8.377971979039833e-06, 'L_entropy_weight_yyx': 7.86886550276859e-09, 'L_sep_weight_yyx': 0.000762585533351428, 'L_scale_weight_yyx': 1.5180249731906843e-05, 'learning_rate_yyx': 0.00910985703727472}. Best is trial 2 with value: -1.602544184803857.
[I 2026-03-18 19:27:24,687] Trial 3 pruned. 
[I 2026-03-18 19:27:25,586] Trial 3 pruned. 
[I 2026-03-18 19:27:34,258] Trial 4 pruned. 
[I 2026-03-18 19:27:53,405] Trial 1 finished with value: -1.6089063429853576 and parameters: {'n_layers_yyx': 1, 'hidden_size_yyx_l0': 4, 'context_size_yyx': 4, 'num_mix_components_yyx': 3, 'context_extractor_yyx': 'gru', 'activation_func_yyx': 'ReLU', 'L2_weight_yyx': 8.107396818198855e-09, 'L_entropy_weight_yyx': 2.926991905735921e-07, 'L_sep_weight_yyx': 2.9774016377656473e-10, 'L_scale_weight_yyx': 0.0005425979448745112, 'learning_rate_yyx': 0.0005465856319646636}. Best is trial 0 with value: -1.6093905696412754.
[I 2026-03-18 19:27:54,838] Trial 1 finished with value: -1.6113757535901372 and parameters: {'n_layers_yyx': 1, 'hidden_size_yyx_l0': 3, 'context_size_yyx': 1, 'num_mix_components_yyx': 2, 'context_extractor_yyx': 'lstm', 'activation_func_yyx': 'Tanh', 'L2_weight_yyx': 1.84485832703867e-05, 'L_entropy_weight_yyx': 2.4702596797221914e-08, 'L_sep_weight_yyx': 5.3393432424629454e-08, 'L_scale_weight_yyx': 3.1640873336034737e-09, 'learning_rate_yyx': 0.0031010347449255187}. Best is trial 1 with value: -1.6113757535901372.
[I 2026-03-18 19:28:01,355] Trial 2 pruned. 
[I 2026-03-18 19:28:05,115] Trial 1 finished with value: -2.088685318135012 and parameters: {'n_layers_yyx': 2, 'hidden_size_yyx_l0': 4, 'hidden_size_yyx_l1': 6, 'context_size_yyx': 3, 'num_mix_components_yyx': 4, 'context_extractor_yyx': 'lstm', 'activation_func_yyx': 'ReLU', 'L2_weight_yyx': 9.129633141796004e-09, 'L_entropy_weight_yyx': 1.5528511926611474e-07, 'L_sep_weight_yyx': 1.1956444253776213e-10, 'L_scale_weight_yyx': 2.786131647570508e-07, 'learning_rate_yyx': 0.0008903184123373132}. Best is trial 0 with value: -2.110296626806576.
[I 2026-03-18 19:28:13,360] Trial 2 pruned. 
[I 2026-03-18 19:28:18,162] Trial 1 finished with value: -1.5888538343701561 and parameters: {'n_layers_yyx': 1, 'hidden_size_yyx_l0': 6, 'context_size_yyx': 1, 'num_mix_components_yyx': 1, 'context_extractor_yyx': 'gru', 'activation_func_yyx': 'GELU', 'L2_weight_yyx': 3.721916273971838e-08, 'L_entropy_weight_yyx': 4.861039843230199e-07, 'L_sep_weight_yyx': 3.2555273337432e-06, 'L_scale_weight_yyx': 1.2035486380904564e-06, 'learning_rate_yyx': 0.006523706799966855}. Best is trial 0 with value: -1.6116411666937693.
[I 2026-03-18 19:28:20,371] Trial 3 finished with value: -1.5976345101077096 and parameters: {'n_layers_yyx': 1, 'hidden_size_yyx_l0': 6, 'context_size_yyx': 3, 'num_mix_components_yyx': 3, 'context_extractor_yyx': 'gru', 'activation_func_yyx': 'Tanh', 'L2_weight_yyx': 9.19393780122874e-09, 'L_entropy_weight_yyx': 1.3965484746770887e-07, 'L_sep_weight_yyx': 4.988072168940404e-08, 'L_scale_weight_yyx': 0.0008271928711008718, 'learning_rate_yyx': 0.0014118647431976112}. Best is trial 0 with value: -1.6069830560914067.
[I 2026-03-18 19:28:21,256] Trial 1 finished with value: -2.0593034638366503 and parameters: {'n_layers_yyx': 2, 'hidden_size_yyx_l0': 2, 'hidden_size_yyx_l1': 3, 'context_size_yyx': 3, 'num_mix_components_yyx': 3, 'context_extractor_yyx': 'lstm', 'activation_func_yyx': 'GELU', 'L2_weight_yyx': 3.6131902884108604e-06, 'L_entropy_weight_yyx': 2.3526326476185253e-05, 'L_sep_weight_yyx': 3.6698340224398125e-06, 'L_scale_weight_yyx': 2.8188068042540575e-06, 'learning_rate_yyx': 0.006624630192665748}. Best is trial 1 with value: -2.0593034638366503.
[I 2026-03-18 19:28:21,266] Trial 1 finished with value: -1.5831512234926857 and parameters: {'n_layers_yyx': 2, 'hidden_size_yyx_l0': 3, 'hidden_size_yyx_l1': 6, 'context_size_yyx': 1, 'num_mix_components_yyx': 2, 'context_extractor_yyx': 'gru', 'activation_func_yyx': 'Tanh', 'L2_weight_yyx': 1.244750767165854e-08, 'L_entropy_weight_yyx': 2.904415386345274e-10, 'L_sep_weight_yyx': 0.0002728939276070235, 'L_scale_weight_yyx': 2.4109639973351003e-10, 'learning_rate_yyx': 0.0006562010077305638}. Best is trial 0 with value: -1.5869808281492195.
[I 2026-03-18 19:28:27,539] Trial 2 pruned. 
[I 2026-03-18 19:28:36,109] Trial 3 pruned. 
[I 2026-03-18 19:28:38,085] Trial 4 pruned. 
[I 2026-03-18 19:28:40,368] Trial 1 finished with value: -2.0819965339546846 and parameters: {'n_layers_yyx': 2, 'hidden_size_yyx_l0': 5, 'hidden_size_yyx_l1': 6, 'context_size_yyx': 3, 'num_mix_components_yyx': 3, 'context_extractor_yyx': 'lstm', 'activation_func_yyx': 'GELU', 'L2_weight_yyx': 3.1737191362563095e-05, 'L_entropy_weight_yyx': 6.500562889233957e-07, 'L_sep_weight_yyx': 6.47136779308058e-06, 'L_scale_weight_yyx': 3.131000690971297e-06, 'learning_rate_yyx': 0.0025886196370593284}. Best is trial 1 with value: -2.0819965339546846.
[I 2026-03-18 19:28:40,389] Trial 2 pruned. 
[I 2026-03-18 19:28:49,048] Trial 1 finished with value: -2.079617514109146 and parameters: {'n_layers_yyx': 2, 'hidden_size_yyx_l0': 4, 'hidden_size_yyx_l1': 2, 'context_size_yyx': 4, 'num_mix_components_yyx': 4, 'context_extractor_yyx': 'lstm', 'activation_func_yyx': 'ReLU', 'L2_weight_yyx': 5.688593262347994e-08, 'L_entropy_weight_yyx': 3.322019464072524e-05, 'L_sep_weight_yyx': 3.1708927642985097e-09, 'L_scale_weight_yyx': 0.000118591567495379, 'learning_rate_yyx': 0.0008897607879525105}. Best is trial 1 with value: -2.079617514109146.
[I 2026-03-18 19:28:53,280] Trial 4 finished with value: -2.05485079740503 and parameters: {'n_layers_yyx': 2, 'hidden_size_yyx_l0': 6, 'hidden_size_yyx_l1': 4, 'context_size_yyx': 1, 'num_mix_components_yyx': 4, 'context_extractor_yyx': 'gru', 'activation_func_yyx': 'Tanh', 'L2_weight_yyx': 1.844293624313519e-10, 'L_entropy_weight_yyx': 0.0009484194560442667, 'L_sep_weight_yyx': 4.679534250982387e-07, 'L_scale_weight_yyx': 0.0007478843398877113, 'learning_rate_yyx': 0.009273109853032934}. Best is trial 2 with value: -2.059868681386501.
[I 2026-03-18 19:28:54,149] Trial 2 finished with value: -2.0808155259071768 and parameters: {'n_layers_yyx': 2, 'hidden_size_yyx_l0': 3, 'hidden_size_yyx_l1': 2, 'context_size_yyx': 2, 'num_mix_components_yyx': 1, 'context_extractor_yyx': 'lstm', 'activation_func_yyx': 'GELU', 'L2_weight_yyx': 1.2467774259397536e-06, 'L_entropy_weight_yyx': 5.114885972868562e-05, 'L_sep_weight_yyx': 0.0003384478702492304, 'L_scale_weight_yyx': 9.280196610207303e-07, 'learning_rate_yyx': 0.0017795381135941649}. Best is trial 0 with value: -2.0812970228057153.
[I 2026-03-18 19:28:56,302] Trial 4 pruned. 
[I 2026-03-18 19:28:59,683] Trial 2 finished with value: -2.085195656623902 and parameters: {'n_layers_yyx': 1, 'hidden_size_yyx_l0': 6, 'context_size_yyx': 4, 'num_mix_components_yyx': 5, 'context_extractor_yyx': 'lstm', 'activation_func_yyx': 'GELU', 'L2_weight_yyx': 4.0211369471625527e-10, 'L_entropy_weight_yyx': 1.8733448677782973e-10, 'L_sep_weight_yyx': 7.944747104848306e-10, 'L_scale_weight_yyx': 0.00012115473369413115, 'learning_rate_yyx': 0.007721930605028649}. Best is trial 2 with value: -2.085195656623902.
[I 2026-03-18 19:29:09,595] Trial 4 finished with value: -1.6381294603893477 and parameters: {'n_layers_yyx': 1, 'hidden_size_yyx_l0': 5, 'context_size_yyx': 3, 'num_mix_components_yyx': 3, 'context_extractor_yyx': 'gru', 'activation_func_yyx': 'GELU', 'L2_weight_yyx': 8.314108058965062e-08, 'L_entropy_weight_yyx': 9.380550467011459e-06, 'L_sep_weight_yyx': 4.588908239474734e-06, 'L_scale_weight_yyx': 6.530094886518568e-09, 'learning_rate_yyx': 0.0011903234474083273}. Best is trial 0 with value: -1.6395011021807235.
[I 2026-03-18 19:29:22,072] Trial 1 finished with value: -1.6124784403717338 and parameters: {'n_layers_yyx': 1, 'hidden_size_yyx_l0': 4, 'context_size_yyx': 2, 'num_mix_components_yyx': 1, 'context_extractor_yyx': 'gru', 'activation_func_yyx': 'Tanh', 'L2_weight_yyx': 1.0724785293380352e-07, 'L_entropy_weight_yyx': 0.0002793354198237069, 'L_sep_weight_yyx': 3.7068781699322695e-09, 'L_scale_weight_yyx': 6.161653092686387e-07, 'learning_rate_yyx': 0.004088762120157992}. Best is trial 0 with value: -1.613474194617056.
[I 2026-03-18 19:29:24,541] Trial 1 finished with value: -2.0784323844165455 and parameters: {'n_layers_yyx': 2, 'hidden_size_yyx_l0': 2, 'hidden_size_yyx_l1': 6, 'context_size_yyx': 1, 'num_mix_components_yyx': 2, 'context_extractor_yyx': 'lstm', 'activation_func_yyx': 'Tanh', 'L2_weight_yyx': 2.5041183316111965e-07, 'L_entropy_weight_yyx': 0.00021547012591276445, 'L_sep_weight_yyx': 1.7063749869534047e-05, 'L_scale_weight_yyx': 0.00017578113730366786, 'learning_rate_yyx': 0.001024379723227513}. Best is trial 0 with value: -2.0940855781262293.
[I 2026-03-18 19:29:29,865] Trial 1 finished with value: -2.0818722135118497 and parameters: {'n_layers_yyx': 2, 'hidden_size_yyx_l0': 4, 'hidden_size_yyx_l1': 2, 'context_size_yyx': 2, 'num_mix_components_yyx': 3, 'context_extractor_yyx': 'gru', 'activation_func_yyx': 'ReLU', 'L2_weight_yyx': 3.0527714204025877e-09, 'L_entropy_weight_yyx': 7.708238116740987e-06, 'L_sep_weight_yyx': 1.3197490411069292e-10, 'L_scale_weight_yyx': 7.994853176256976e-05, 'learning_rate_yyx': 0.0013432393741262608}. Best is trial 0 with value: -2.08424706136736.
[I 2026-03-18 19:29:40,322] Trial 2 finished with value: -1.6133203092563246 and parameters: {'n_layers_yyx': 2, 'hidden_size_yyx_l0': 2, 'hidden_size_yyx_l1': 5, 'context_size_yyx': 3, 'num_mix_components_yyx': 5, 'context_extractor_yyx': 'gru', 'activation_func_yyx': 'GELU', 'L2_weight_yyx': 4.574952952202598e-07, 'L_entropy_weight_yyx': 1.5228858180843707e-05, 'L_sep_weight_yyx': 3.984048114222115e-06, 'L_scale_weight_yyx': 9.976524061201757e-05, 'learning_rate_yyx': 0.0011872251589486126}. Best is trial 2 with value: -1.6133203092563246.
[I 2026-03-18 19:29:56,205] Trial 1 finished with value: -2.068827207167993 and parameters: {'n_layers_yyx': 2, 'hidden_size_yyx_l0': 4, 'hidden_size_yyx_l1': 3, 'context_size_yyx': 2, 'num_mix_components_yyx': 2, 'context_extractor_yyx': 'lstm', 'activation_func_yyx': 'GELU', 'L2_weight_yyx': 1.095246105158594e-10, 'L_entropy_weight_yyx': 8.670015525177638e-06, 'L_sep_weight_yyx': 0.00012165143794228917, 'L_scale_weight_yyx': 4.278438521315611e-08, 'learning_rate_yyx': 0.0011733774945937511}. Best is trial 0 with value: -2.070886092188975.
[I 2026-03-18 19:29:59,685] Trial 6 finished with value: -1.6308195002147892 and parameters: {'n_layers_yyx': 2, 'hidden_size_yyx_l0': 6, 'hidden_size_yyx_l1': 6, 'context_size_yyx': 1, 'num_mix_components_yyx': 4, 'context_extractor_yyx': 'gru', 'activation_func_yyx': 'GELU', 'L2_weight_yyx': 3.813540886760891e-10, 'L_entropy_weight_yyx': 1.8099477060103348e-10, 'L_sep_weight_yyx': 0.00013687586270982988, 'L_scale_weight_yyx': 4.219060483160122e-10, 'learning_rate_yyx': 0.000720002206216163}. Best is trial 6 with value: -1.6308195002147892.
[I 2026-03-18 19:30:03,838] Trial 1 finished with value: -2.063904504794006 and parameters: {'n_layers_yyx': 1, 'hidden_size_yyx_l0': 3, 'context_size_yyx': 2, 'num_mix_components_yyx': 2, 'context_extractor_yyx': 'lstm', 'activation_func_yyx': 'ReLU', 'L2_weight_yyx': 6.0306828656091284e-05, 'L_entropy_weight_yyx': 5.4823434224760335e-05, 'L_sep_weight_yyx': 0.00010535267076404656, 'L_scale_weight_yyx': 5.084285689876886e-10, 'learning_rate_yyx': 0.0005173906020495474}. Best is trial 0 with value: -2.0701083356738468.
[I 2026-03-18 19:30:17,627] Trial 3 finished with value: -1.5876113715902485 and parameters: {'n_layers_yyx': 1, 'hidden_size_yyx_l0': 6, 'context_size_yyx': 1, 'num_mix_components_yyx': 2, 'context_extractor_yyx': 'gru', 'activation_func_yyx': 'Tanh', 'L2_weight_yyx': 2.250645878797082e-10, 'L_entropy_weight_yyx': 9.83756772139637e-10, 'L_sep_weight_yyx': 3.613659280032249e-08, 'L_scale_weight_yyx': 4.3195361741214047e-10, 'learning_rate_yyx': 0.0005205230439819354}. Best is trial 0 with value: -1.6134249177836442.
[I 2026-03-18 19:30:34,963] Trial 5 finished with value: -1.6067071883002895 and parameters: {'n_layers_yyx': 2, 'hidden_size_yyx_l0': 6, 'hidden_size_yyx_l1': 6, 'context_size_yyx': 3, 'num_mix_components_yyx': 3, 'context_extractor_yyx': 'lstm', 'activation_func_yyx': 'ReLU', 'L2_weight_yyx': 5.6935196761749074e-08, 'L_entropy_weight_yyx': 2.011776274014207e-10, 'L_sep_weight_yyx': 2.5140246613853154e-09, 'L_scale_weight_yyx': 3.6419757924799164e-08, 'learning_rate_yyx': 0.0018663334587427443}. Best is trial 0 with value: -1.6069830560914067.
[I 2026-03-18 19:30:40,629] Trial 5 finished with value: -1.6097443194596297 and parameters: {'n_layers_yyx': 1, 'hidden_size_yyx_l0': 6, 'context_size_yyx': 2, 'num_mix_components_yyx': 3, 'context_extractor_yyx': 'lstm', 'activation_func_yyx': 'GELU', 'L2_weight_yyx': 9.375229642111575e-09, 'L_entropy_weight_yyx': 4.6038629049092137e-10, 'L_sep_weight_yyx': 1.844529657746452e-06, 'L_scale_weight_yyx': 5.023667308796341e-10, 'learning_rate_yyx': 0.0031198526406965637}. Best is trial 5 with value: -1.6097443194596297.
[I 2026-03-18 19:30:48,876] Trial 3 finished with value: -1.6307942617099915 and parameters: {'n_layers_yyx': 1, 'hidden_size_yyx_l0': 6, 'context_size_yyx': 2, 'num_mix_components_yyx': 2, 'context_extractor_yyx': 'lstm', 'activation_func_yyx': 'ReLU', 'L2_weight_yyx': 0.00030740219655738, 'L_entropy_weight_yyx': 2.914097180242603e-08, 'L_sep_weight_yyx': 1.366858585432177e-09, 'L_scale_weight_yyx': 3.201722366785793e-08, 'learning_rate_yyx': 0.0009645992309099782}. Best is trial 3 with value: -1.6307942617099915.
[I 2026-03-18 19:30:50,621] Trial 6 pruned. 
[I 2026-03-18 19:30:56,547] Trial 3 finished with value: -2.105966210840233 and parameters: {'n_layers_yyx': 2, 'hidden_size_yyx_l0': 5, 'hidden_size_yyx_l1': 6, 'context_size_yyx': 3, 'num_mix_components_yyx': 5, 'context_extractor_yyx': 'gru', 'activation_func_yyx': 'ReLU', 'L2_weight_yyx': 3.4211079617318674e-10, 'L_entropy_weight_yyx': 2.4667884484796104e-09, 'L_sep_weight_yyx': 0.00017328237843797882, 'L_scale_weight_yyx': 3.6876861598316196e-06, 'learning_rate_yyx': 0.0016078125297796651}. Best is trial 0 with value: -2.110296626806576.
[I 2026-03-18 19:30:59,475] Trial 7 pruned. 
[I 2026-03-18 19:30:59,942] Trial 5 finished with value: -1.6364004635789198 and parameters: {'n_layers_yyx': 1, 'hidden_size_yyx_l0': 5, 'context_size_yyx': 4, 'num_mix_components_yyx': 2, 'context_extractor_yyx': 'lstm', 'activation_func_yyx': 'ReLU', 'L2_weight_yyx': 9.309715525768775e-07, 'L_entropy_weight_yyx': 3.9603041671216043e-07, 'L_sep_weight_yyx': 0.00016710674398354386, 'L_scale_weight_yyx': 0.0003029083730903227, 'learning_rate_yyx': 0.0036894413594764763}. Best is trial 0 with value: -1.6395011021807235.
[I 2026-03-18 19:31:01,953] Trial 3 finished with value: -2.0773221226590772 and parameters: {'n_layers_yyx': 2, 'hidden_size_yyx_l0': 6, 'hidden_size_yyx_l1': 3, 'context_size_yyx': 2, 'num_mix_components_yyx': 3, 'context_extractor_yyx': 'lstm', 'activation_func_yyx': 'ReLU', 'L2_weight_yyx': 4.619656055099654e-06, 'L_entropy_weight_yyx': 1.258872281287022e-09, 'L_sep_weight_yyx': 5.736852497081294e-06, 'L_scale_weight_yyx': 6.188091611787526e-08, 'learning_rate_yyx': 0.0005432109648757736}. Best is trial 0 with value: -2.091085118269155.
[I 2026-03-18 19:31:03,614] Trial 2 finished with value: -1.5877063301836525 and parameters: {'n_layers_yyx': 2, 'hidden_size_yyx_l0': 5, 'hidden_size_yyx_l1': 3, 'context_size_yyx': 2, 'num_mix_components_yyx': 1, 'context_extractor_yyx': 'lstm', 'activation_func_yyx': 'GELU', 'L2_weight_yyx': 0.00012758568905422394, 'L_entropy_weight_yyx': 1.0960706600457586e-07, 'L_sep_weight_yyx': 6.087952646592386e-10, 'L_scale_weight_yyx': 2.647686499466321e-07, 'learning_rate_yyx': 0.00140594984476459}. Best is trial 2 with value: -1.5877063301836525.
[I 2026-03-18 19:31:09,561] Trial 2 finished with value: -1.6107041229707568 and parameters: {'n_layers_yyx': 1, 'hidden_size_yyx_l0': 5, 'context_size_yyx': 3, 'num_mix_components_yyx': 3, 'context_extractor_yyx': 'lstm', 'activation_func_yyx': 'Tanh', 'L2_weight_yyx': 4.534148936504459e-05, 'L_entropy_weight_yyx': 1.4471138813104405e-09, 'L_sep_weight_yyx': 5.266171914131389e-10, 'L_scale_weight_yyx': 1.8709915118659685e-07, 'learning_rate_yyx': 0.009389391252389648}. Best is trial 0 with value: -1.613474194617056.
[I 2026-03-18 19:31:11,902] Trial 5 pruned. 
[I 2026-03-18 19:31:14,999] Trial 3 finished with value: -2.013570424014775 and parameters: {'n_layers_yyx': 2, 'hidden_size_yyx_l0': 6, 'hidden_size_yyx_l1': 2, 'context_size_yyx': 1, 'num_mix_components_yyx': 1, 'context_extractor_yyx': 'lstm', 'activation_func_yyx': 'Tanh', 'L2_weight_yyx': 1.681288239891013e-09, 'L_entropy_weight_yyx': 3.8176601786054917e-07, 'L_sep_weight_yyx': 9.699126923997221e-09, 'L_scale_weight_yyx': 5.0703020163223154e-05, 'learning_rate_yyx': 0.00397349511406754}. Best is trial 1 with value: -2.0593034638366503.
[I 2026-03-18 19:31:16,989] Trial 8 pruned. 
[I 2026-03-18 19:31:22,643] Trial 6 pruned. 
[I 2026-03-18 19:31:40,242] Trial 2 finished with value: -2.093203554819634 and parameters: {'n_layers_yyx': 1, 'hidden_size_yyx_l0': 6, 'context_size_yyx': 1, 'num_mix_components_yyx': 5, 'context_extractor_yyx': 'lstm', 'activation_func_yyx': 'GELU', 'L2_weight_yyx': 7.406323480146894e-06, 'L_entropy_weight_yyx': 5.0154804795586425e-06, 'L_sep_weight_yyx': 5.039104223714827e-06, 'L_scale_weight_yyx': 3.547937260460379e-06, 'learning_rate_yyx': 0.004760955462527725}. Best is trial 2 with value: -2.093203554819634.
[I 2026-03-18 19:31:42,914] Trial 5 finished with value: -2.0413609387706204 and parameters: {'n_layers_yyx': 1, 'hidden_size_yyx_l0': 5, 'context_size_yyx': 4, 'num_mix_components_yyx': 2, 'context_extractor_yyx': 'gru', 'activation_func_yyx': 'GELU', 'L2_weight_yyx': 0.00011460299348666952, 'L_entropy_weight_yyx': 6.067550905684812e-07, 'L_sep_weight_yyx': 5.73490730121507e-08, 'L_scale_weight_yyx': 4.53207539079614e-05, 'learning_rate_yyx': 0.001918027009078479}. Best is trial 2 with value: -2.059868681386501.
[I 2026-03-18 19:31:58,378] Trial 2 finished with value: -1.552079732919492 and parameters: {'n_layers_yyx': 1, 'hidden_size_yyx_l0': 3, 'context_size_yyx': 1, 'num_mix_components_yyx': 3, 'context_extractor_yyx': 'gru', 'activation_func_yyx': 'GELU', 'L2_weight_yyx': 6.801586799481572e-07, 'L_entropy_weight_yyx': 6.0458065337888043e-05, 'L_sep_weight_yyx': 4.13570893674383e-09, 'L_scale_weight_yyx': 0.0003929809130265008, 'learning_rate_yyx': 0.0005034571662082}. Best is trial 1 with value: -1.6113757535901372.
[I 2026-03-18 19:32:00,526] Trial 2 finished with value: -2.090226414982307 and parameters: {'n_layers_yyx': 2, 'hidden_size_yyx_l0': 2, 'hidden_size_yyx_l1': 4, 'context_size_yyx': 2, 'num_mix_components_yyx': 5, 'context_extractor_yyx': 'lstm', 'activation_func_yyx': 'Tanh', 'L2_weight_yyx': 4.368082277248793e-06, 'L_entropy_weight_yyx': 1.7456904767605478e-09, 'L_sep_weight_yyx': 2.677238412050646e-07, 'L_scale_weight_yyx': 0.000990412201948607, 'learning_rate_yyx': 0.007837241144951145}. Best is trial 2 with value: -2.090226414982307.
[I 2026-03-18 19:32:00,866] Trial 3 finished with value: -1.6122994976195748 and parameters: {'n_layers_yyx': 2, 'hidden_size_yyx_l0': 2, 'hidden_size_yyx_l1': 2, 'context_size_yyx': 3, 'num_mix_components_yyx': 2, 'context_extractor_yyx': 'gru', 'activation_func_yyx': 'ReLU', 'L2_weight_yyx': 3.2688787361607647e-10, 'L_entropy_weight_yyx': 1.1987716251669372e-08, 'L_sep_weight_yyx': 8.147203239512752e-06, 'L_scale_weight_yyx': 5.733305390556693e-07, 'learning_rate_yyx': 0.0014851012957197785}. Best is trial 3 with value: -1.6122994976195748.
[I 2026-03-18 19:32:02,786] Trial 3 pruned. 
[I 2026-03-18 19:32:10,478] Trial 3 pruned. 
[I 2026-03-18 19:32:17,421] Trial 4 finished with value: -1.6120032149146784 and parameters: {'n_layers_yyx': 2, 'hidden_size_yyx_l0': 3, 'hidden_size_yyx_l1': 6, 'context_size_yyx': 3, 'num_mix_components_yyx': 4, 'context_extractor_yyx': 'lstm', 'activation_func_yyx': 'Tanh', 'L2_weight_yyx': 7.339085037266256e-10, 'L_entropy_weight_yyx': 4.097431605495714e-09, 'L_sep_weight_yyx': 2.6767398483573126e-07, 'L_scale_weight_yyx': 1.8081922250751351e-09, 'learning_rate_yyx': 0.0016186702614582268}. Best is trial 0 with value: -1.6134249177836442.
[I 2026-03-18 19:32:38,274] Trial 3 finished with value: -2.0800699434466448 and parameters: {'n_layers_yyx': 2, 'hidden_size_yyx_l0': 4, 'hidden_size_yyx_l1': 6, 'context_size_yyx': 3, 'num_mix_components_yyx': 1, 'context_extractor_yyx': 'gru', 'activation_func_yyx': 'Tanh', 'L2_weight_yyx': 1.0466871418737294e-05, 'L_entropy_weight_yyx': 6.898596344081941e-05, 'L_sep_weight_yyx': 8.333469216884652e-06, 'L_scale_weight_yyx': 6.9656084873414006e-09, 'learning_rate_yyx': 0.002159109871517543}. Best is trial 0 with value: -2.0812970228057153.
[I 2026-03-18 19:32:45,861] Trial 3 finished with value: -1.606980072913495 and parameters: {'n_layers_yyx': 1, 'hidden_size_yyx_l0': 6, 'context_size_yyx': 2, 'num_mix_components_yyx': 5, 'context_extractor_yyx': 'gru', 'activation_func_yyx': 'Tanh', 'L2_weight_yyx': 2.600031697336955e-09, 'L_entropy_weight_yyx': 4.31257274079176e-10, 'L_sep_weight_yyx': 0.000344027680098637, 'L_scale_weight_yyx': 6.227975203933884e-06, 'learning_rate_yyx': 0.0007321332706875291}. Best is trial 2 with value: -1.6133203092563246.
[I 2026-03-18 19:32:48,913] Trial 7 finished with value: -1.6469855686269512 and parameters: {'n_layers_yyx': 2, 'hidden_size_yyx_l0': 5, 'hidden_size_yyx_l1': 6, 'context_size_yyx': 1, 'num_mix_components_yyx': 5, 'context_extractor_yyx': 'gru', 'activation_func_yyx': 'GELU', 'L2_weight_yyx': 3.7134116811571545e-06, 'L_entropy_weight_yyx': 1.417012885421177e-10, 'L_sep_weight_yyx': 1.6596821936339707e-10, 'L_scale_weight_yyx': 5.0709494212157135e-06, 'learning_rate_yyx': 0.00197626193944751}. Best is trial 7 with value: -1.6469855686269512.
[I 2026-03-18 19:32:56,262] Trial 3 finished with value: -1.6104712811479323 and parameters: {'n_layers_yyx': 2, 'hidden_size_yyx_l0': 6, 'hidden_size_yyx_l1': 3, 'context_size_yyx': 3, 'num_mix_components_yyx': 2, 'context_extractor_yyx': 'gru', 'activation_func_yyx': 'GELU', 'L2_weight_yyx': 2.2123428701016858e-08, 'L_entropy_weight_yyx': 1.8550668395896786e-07, 'L_sep_weight_yyx': 4.3981737726621117e-07, 'L_scale_weight_yyx': 3.730606911297e-07, 'learning_rate_yyx': 0.008731300048930203}. Best is trial 3 with value: -1.6104712811479323.
[I 2026-03-18 19:33:04,613] Trial 8 pruned. 
[I 2026-03-18 19:33:12,180] Trial 9 finished with value: -1.612120379168339 and parameters: {'n_layers_yyx': 1, 'hidden_size_yyx_l0': 5, 'context_size_yyx': 4, 'num_mix_components_yyx': 2, 'context_extractor_yyx': 'gru', 'activation_func_yyx': 'ReLU', 'L2_weight_yyx': 1.2252971133381407e-10, 'L_entropy_weight_yyx': 7.421684762963075e-06, 'L_sep_weight_yyx': 4.075025615703377e-09, 'L_scale_weight_yyx': 1.6721257048093179e-06, 'learning_rate_yyx': 0.007170398003516748}. Best is trial 9 with value: -1.612120379168339.
[I 2026-03-18 19:33:15,862] Trial 3 finished with value: -2.065662642865651 and parameters: {'n_layers_yyx': 2, 'hidden_size_yyx_l0': 5, 'hidden_size_yyx_l1': 4, 'context_size_yyx': 1, 'num_mix_components_yyx': 1, 'context_extractor_yyx': 'gru', 'activation_func_yyx': 'Tanh', 'L2_weight_yyx': 2.034949687239876e-07, 'L_entropy_weight_yyx': 1.0259754230644838e-10, 'L_sep_weight_yyx': 0.0009821623358926385, 'L_scale_weight_yyx': 6.875361710021657e-07, 'learning_rate_yyx': 0.0008782810287103239}. Best is trial 2 with value: -2.085195656623902.
[I 2026-03-18 19:33:16,648] Trial 2 finished with value: -2.0694146609441373 and parameters: {'n_layers_yyx': 2, 'hidden_size_yyx_l0': 4, 'hidden_size_yyx_l1': 2, 'context_size_yyx': 3, 'num_mix_components_yyx': 2, 'context_extractor_yyx': 'lstm', 'activation_func_yyx': 'ReLU', 'L2_weight_yyx': 8.37591038229105e-08, 'L_entropy_weight_yyx': 1.6706529917777003e-07, 'L_sep_weight_yyx': 1.274407848662769e-07, 'L_scale_weight_yyx': 9.551655030438515e-09, 'learning_rate_yyx': 0.003334191671633428}. Best is trial 0 with value: -2.070886092188975.
[I 2026-03-18 19:33:26,017] Trial 4 pruned. 
[I 2026-03-18 19:33:27,167] Trial 3 pruned. 
[I 2026-03-18 19:33:29,412] Trial 2 finished with value: -2.065998068918163 and parameters: {'n_layers_yyx': 1, 'hidden_size_yyx_l0': 4, 'context_size_yyx': 2, 'num_mix_components_yyx': 4, 'context_extractor_yyx': 'gru', 'activation_func_yyx': 'ReLU', 'L2_weight_yyx': 0.000885341967498056, 'L_entropy_weight_yyx': 9.117606378757754e-07, 'L_sep_weight_yyx': 1.2695102270096481e-05, 'L_scale_weight_yyx': 2.946722814417496e-09, 'learning_rate_yyx': 0.0013815248259353874}. Best is trial 1 with value: -2.0819965339546846.
[I 2026-03-18 19:33:34,665] Trial 2 finished with value: -2.078102534337941 and parameters: {'n_layers_yyx': 1, 'hidden_size_yyx_l0': 3, 'context_size_yyx': 3, 'num_mix_components_yyx': 5, 'context_extractor_yyx': 'lstm', 'activation_func_yyx': 'Tanh', 'L2_weight_yyx': 0.00011752348142614154, 'L_entropy_weight_yyx': 1.3387674637469554e-06, 'L_sep_weight_yyx': 8.262993636737464e-05, 'L_scale_weight_yyx': 1.8908033407888712e-05, 'learning_rate_yyx': 0.0008465963686540853}. Best is trial 0 with value: -2.0940855781262293.
[I 2026-03-18 19:33:35,096] Trial 7 finished with value: -1.607815819361022 and parameters: {'n_layers_yyx': 2, 'hidden_size_yyx_l0': 4, 'hidden_size_yyx_l1': 4, 'context_size_yyx': 4, 'num_mix_components_yyx': 4, 'context_extractor_yyx': 'lstm', 'activation_func_yyx': 'ReLU', 'L2_weight_yyx': 0.0007630816641909043, 'L_entropy_weight_yyx': 3.764684313732834e-06, 'L_sep_weight_yyx': 8.622442844001913e-07, 'L_scale_weight_yyx': 0.0005685316050627428, 'learning_rate_yyx': 0.002361121078621736}. Best is trial 0 with value: -1.6116411666937693.
[I 2026-03-18 19:33:35,171] Trial 4 pruned. 
[I 2026-03-18 19:33:38,879] Trial 3 pruned. 
[I 2026-03-18 19:33:40,267] Trial 2 finished with value: -2.055616687272914 and parameters: {'n_layers_yyx': 2, 'hidden_size_yyx_l0': 4, 'hidden_size_yyx_l1': 4, 'context_size_yyx': 2, 'num_mix_components_yyx': 3, 'context_extractor_yyx': 'gru', 'activation_func_yyx': 'GELU', 'L2_weight_yyx': 1.2348261800804585e-06, 'L_entropy_weight_yyx': 3.923876811271657e-08, 'L_sep_weight_yyx': 0.00017802281052919623, 'L_scale_weight_yyx': 8.789699613301895e-08, 'learning_rate_yyx': 0.0005501530648666673}. Best is trial 0 with value: -2.0701083356738468.
[I 2026-03-18 19:33:44,823] Trial 5 pruned. 
[I 2026-03-18 19:33:46,979] Trial 4 finished with value: -1.6263158687027046 and parameters: {'n_layers_yyx': 2, 'hidden_size_yyx_l0': 2, 'hidden_size_yyx_l1': 2, 'context_size_yyx': 2, 'num_mix_components_yyx': 4, 'context_extractor_yyx': 'lstm', 'activation_func_yyx': 'Tanh', 'L2_weight_yyx': 0.0006781307948984916, 'L_entropy_weight_yyx': 3.649362934512646e-08, 'L_sep_weight_yyx': 1.9823257322862864e-08, 'L_scale_weight_yyx': 4.812820130808527e-10, 'learning_rate_yyx': 0.0060273482223505695}. Best is trial 3 with value: -1.6307942617099915.
[I 2026-03-18 19:33:47,820] Trial 5 pruned. 
[I 2026-03-18 19:33:48,903] Trial 4 pruned. 
[I 2026-03-18 19:33:53,871] Trial 4 finished with value: -2.1081271431202273 and parameters: {'n_layers_yyx': 2, 'hidden_size_yyx_l0': 3, 'hidden_size_yyx_l1': 3, 'context_size_yyx': 4, 'num_mix_components_yyx': 3, 'context_extractor_yyx': 'lstm', 'activation_func_yyx': 'ReLU', 'L2_weight_yyx': 1.2936703036237875e-09, 'L_entropy_weight_yyx': 0.00021158465526548975, 'L_sep_weight_yyx': 1.7271709624461194e-08, 'L_scale_weight_yyx': 1.2157323206864874e-05, 'learning_rate_yyx': 0.001419819865544157}. Best is trial 0 with value: -2.110296626806576.
[I 2026-03-18 19:33:58,112] Trial 6 pruned. 
[I 2026-03-18 19:34:04,982] Trial 3 finished with value: -2.0787080941221263 and parameters: {'n_layers_yyx': 1, 'hidden_size_yyx_l0': 4, 'context_size_yyx': 3, 'num_mix_components_yyx': 2, 'context_extractor_yyx': 'lstm', 'activation_func_yyx': 'ReLU', 'L2_weight_yyx': 7.586006146107834e-06, 'L_entropy_weight_yyx': 6.310448732056078e-07, 'L_sep_weight_yyx': 1.5468348555071022e-08, 'L_scale_weight_yyx': 0.0006410927474995063, 'learning_rate_yyx': 0.005350503961674828}. Best is trial 2 with value: -2.093203554819634.
[I 2026-03-18 19:34:06,155] Trial 5 pruned. 
[I 2026-03-18 19:34:07,010] Trial 7 pruned. 
[I 2026-03-18 19:34:14,851] Trial 3 finished with value: -1.607980757832474 and parameters: {'n_layers_yyx': 2, 'hidden_size_yyx_l0': 6, 'hidden_size_yyx_l1': 4, 'context_size_yyx': 4, 'num_mix_components_yyx': 2, 'context_extractor_yyx': 'lstm', 'activation_func_yyx': 'ReLU', 'L2_weight_yyx': 0.0005577128842055314, 'L_entropy_weight_yyx': 7.751209367497756e-05, 'L_sep_weight_yyx': 1.4614689125307299e-06, 'L_scale_weight_yyx': 0.00028779464733790124, 'learning_rate_yyx': 0.0035866754573136944}. Best is trial 1 with value: -1.6113757535901372.
[I 2026-03-18 19:34:29,237] Trial 4 finished with value: -2.05872102018063 and parameters: {'n_layers_yyx': 2, 'hidden_size_yyx_l0': 6, 'hidden_size_yyx_l1': 3, 'context_size_yyx': 3, 'num_mix_components_yyx': 2, 'context_extractor_yyx': 'gru', 'activation_func_yyx': 'ReLU', 'L2_weight_yyx': 2.7493072117474685e-08, 'L_entropy_weight_yyx': 1.569129104874279e-05, 'L_sep_weight_yyx': 1.6308048794435917e-07, 'L_scale_weight_yyx': 1.1126113487067223e-05, 'learning_rate_yyx': 0.0021187532884703523}. Best is trial 1 with value: -2.0593034638366503.
[I 2026-03-18 19:34:39,343] Trial 6 finished with value: -1.6046773525374933 and parameters: {'n_layers_yyx': 1, 'hidden_size_yyx_l0': 2, 'context_size_yyx': 3, 'num_mix_components_yyx': 2, 'context_extractor_yyx': 'gru', 'activation_func_yyx': 'Tanh', 'L2_weight_yyx': 0.0005426590315336816, 'L_entropy_weight_yyx': 1.4657866248100594e-09, 'L_sep_weight_yyx': 8.412041617185964e-05, 'L_scale_weight_yyx': 0.00028426855808933143, 'learning_rate_yyx': 0.00213370821696218}. Best is trial 0 with value: -1.6069830560914067.
[I 2026-03-18 19:34:41,780] Trial 4 finished with value: -2.094046664403649 and parameters: {'n_layers_yyx': 2, 'hidden_size_yyx_l0': 5, 'hidden_size_yyx_l1': 4, 'context_size_yyx': 4, 'num_mix_components_yyx': 5, 'context_extractor_yyx': 'lstm', 'activation_func_yyx': 'Tanh', 'L2_weight_yyx': 6.263462397023319e-09, 'L_entropy_weight_yyx': 9.622754514385022e-09, 'L_sep_weight_yyx': 2.9488771654916864e-09, 'L_scale_weight_yyx': 4.7323708247399895e-08, 'learning_rate_yyx': 0.006539488589029068}. Best is trial 4 with value: -2.094046664403649.
[I 2026-03-18 19:34:43,388] Trial 5 pruned. 
[I 2026-03-18 19:34:51,978] Trial 5 pruned. 
[I 2026-03-18 19:34:52,777] Trial 6 finished with value: -2.056028049851882 and parameters: {'n_layers_yyx': 1, 'hidden_size_yyx_l0': 3, 'context_size_yyx': 2, 'num_mix_components_yyx': 4, 'context_extractor_yyx': 'lstm', 'activation_func_yyx': 'Tanh', 'L2_weight_yyx': 3.7758630502012203e-08, 'L_entropy_weight_yyx': 1.4125179926528017e-09, 'L_sep_weight_yyx': 2.0957116891661996e-08, 'L_scale_weight_yyx': 1.3996613177553182e-06, 'learning_rate_yyx': 0.0053529140141914296}. Best is trial 2 with value: -2.059868681386501.
[I 2026-03-18 19:34:54,042] Trial 5 pruned. 
[I 2026-03-18 19:34:59,183] Trial 4 finished with value: -1.5883715404040841 and parameters: {'n_layers_yyx': 2, 'hidden_size_yyx_l0': 6, 'hidden_size_yyx_l1': 6, 'context_size_yyx': 1, 'num_mix_components_yyx': 2, 'context_extractor_yyx': 'lstm', 'activation_func_yyx': 'Tanh', 'L2_weight_yyx': 2.0257771012236093e-07, 'L_entropy_weight_yyx': 1.1965360738812027e-10, 'L_sep_weight_yyx': 1.3135784999348022e-07, 'L_scale_weight_yyx': 4.170056314061472e-09, 'learning_rate_yyx': 0.0025100648183202403}. Best is trial 3 with value: -1.6122994976195748.
[I 2026-03-18 19:35:00,402] Trial 4 pruned. 
[I 2026-03-18 19:35:03,013] Trial 7 pruned. 
[I 2026-03-18 19:35:05,471] Trial 4 finished with value: -1.5882877860056603 and parameters: {'n_layers_yyx': 2, 'hidden_size_yyx_l0': 6, 'hidden_size_yyx_l1': 5, 'context_size_yyx': 3, 'num_mix_components_yyx': 1, 'context_extractor_yyx': 'lstm', 'activation_func_yyx': 'GELU', 'L2_weight_yyx': 0.00010452124941054366, 'L_entropy_weight_yyx': 6.34521938822524e-05, 'L_sep_weight_yyx': 3.825072905815369e-10, 'L_scale_weight_yyx': 6.559363205189853e-08, 'learning_rate_yyx': 0.0012397381836906636}. Best is trial 0 with value: -1.613474194617056.
[I 2026-03-18 19:35:05,869] Trial 6 pruned. 
[I 2026-03-18 19:35:06,805] Trial 6 finished with value: -1.6138916292805545 and parameters: {'n_layers_yyx': 1, 'hidden_size_yyx_l0': 2, 'context_size_yyx': 3, 'num_mix_components_yyx': 1, 'context_extractor_yyx': 'lstm', 'activation_func_yyx': 'ReLU', 'L2_weight_yyx': 1.869398981824232e-05, 'L_entropy_weight_yyx': 2.028167787552986e-08, 'L_sep_weight_yyx': 8.63476114754486e-09, 'L_scale_weight_yyx': 1.6930127434160564e-07, 'learning_rate_yyx': 0.0008706349643164994}. Best is trial 0 with value: -1.6395011021807235.
[I 2026-03-18 19:35:07,165] Trial 4 finished with value: -1.6125985509637608 and parameters: {'n_layers_yyx': 1, 'hidden_size_yyx_l0': 2, 'context_size_yyx': 4, 'num_mix_components_yyx': 3, 'context_extractor_yyx': 'gru', 'activation_func_yyx': 'ReLU', 'L2_weight_yyx': 2.0245601268115073e-05, 'L_entropy_weight_yyx': 2.4259704508759516e-07, 'L_sep_weight_yyx': 1.4613185830384238e-07, 'L_scale_weight_yyx': 2.289806072914938e-06, 'learning_rate_yyx': 0.004800614978440318}. Best is trial 2 with value: -1.6133203092563246.
[I 2026-03-18 19:35:09,337] Trial 4 pruned. 
[I 2026-03-18 19:35:11,141] Trial 8 pruned. 
[I 2026-03-18 19:35:11,625] Trial 10 finished with value: -1.611395836721172 and parameters: {'n_layers_yyx': 1, 'hidden_size_yyx_l0': 4, 'context_size_yyx': 3, 'num_mix_components_yyx': 4, 'context_extractor_yyx': 'lstm', 'activation_func_yyx': 'ReLU', 'L2_weight_yyx': 1.3677801772639528e-10, 'L_entropy_weight_yyx': 2.0620683773709316e-07, 'L_sep_weight_yyx': 1.25813400056759e-10, 'L_scale_weight_yyx': 3.9994825455995825e-06, 'learning_rate_yyx': 0.0048178086415058535}. Best is trial 9 with value: -1.612120379168339.
[I 2026-03-18 19:35:14,007] Trial 6 pruned. 
[I 2026-03-18 19:35:17,027] Trial 7 pruned. 
[I 2026-03-18 19:35:17,080] Trial 5 pruned. 
[I 2026-03-18 19:35:21,096] Trial 5 pruned. 
[I 2026-03-18 19:35:24,263] Trial 9 pruned. 
[I 2026-03-18 19:35:25,645] Trial 11 pruned. 
[I 2026-03-18 19:35:28,794] Trial 4 finished with value: -2.079330650795324 and parameters: {'n_layers_yyx': 1, 'hidden_size_yyx_l0': 4, 'context_size_yyx': 1, 'num_mix_components_yyx': 1, 'context_extractor_yyx': 'lstm', 'activation_func_yyx': 'ReLU', 'L2_weight_yyx': 1.4111357164105306e-05, 'L_entropy_weight_yyx': 1.7172811398196335e-10, 'L_sep_weight_yyx': 0.00024528854618257896, 'L_scale_weight_yyx': 5.499597584769619e-09, 'learning_rate_yyx': 0.005696828028366695}. Best is trial 0 with value: -2.0812970228057153.
[I 2026-03-18 19:35:29,652] Trial 9 finished with value: -1.6332433794773524 and parameters: {'n_layers_yyx': 2, 'hidden_size_yyx_l0': 6, 'hidden_size_yyx_l1': 2, 'context_size_yyx': 3, 'num_mix_components_yyx': 2, 'context_extractor_yyx': 'gru', 'activation_func_yyx': 'GELU', 'L2_weight_yyx': 6.247377956664174e-10, 'L_entropy_weight_yyx': 4.6690553410429005e-08, 'L_sep_weight_yyx': 0.0002669201277859731, 'L_scale_weight_yyx': 4.073526444424914e-09, 'learning_rate_yyx': 0.009538801999527302}. Best is trial 7 with value: -1.6469855686269512.
[I 2026-03-18 19:35:34,222] Trial 7 pruned. 
[I 2026-03-18 19:35:34,223] Trial 6 pruned. 
[I 2026-03-18 19:35:36,520] Trial 10 pruned. 
[I 2026-03-18 19:35:40,498] Trial 12 pruned. 
[I 2026-03-18 19:35:49,217] Trial 8 pruned. 
[I 2026-03-18 19:35:49,570] Trial 7 pruned. 
[I 2026-03-18 19:35:50,236] Trial 4 finished with value: -1.6083902337046405 and parameters: {'n_layers_yyx': 2, 'hidden_size_yyx_l0': 6, 'hidden_size_yyx_l1': 4, 'context_size_yyx': 3, 'num_mix_components_yyx': 3, 'context_extractor_yyx': 'lstm', 'activation_func_yyx': 'GELU', 'L2_weight_yyx': 2.5783557515037425e-09, 'L_entropy_weight_yyx': 1.5004101250313371e-09, 'L_sep_weight_yyx': 8.952440538850437e-05, 'L_scale_weight_yyx': 4.786087000770783e-10, 'learning_rate_yyx': 0.0007054888158458268}. Best is trial 3 with value: -1.6104712811479323.
[I 2026-03-18 19:35:52,999] Trial 13 pruned. 
[I 2026-03-18 19:35:55,165] Trial 5 finished with value: -1.6144105896050156 and parameters: {'n_layers_yyx': 1, 'hidden_size_yyx_l0': 2, 'context_size_yyx': 3, 'num_mix_components_yyx': 3, 'context_extractor_yyx': 'gru', 'activation_func_yyx': 'Tanh', 'L2_weight_yyx': 2.235921510460468e-06, 'L_entropy_weight_yyx': 9.36806881303997e-07, 'L_sep_weight_yyx': 9.619162397885142e-08, 'L_scale_weight_yyx': 8.01578930477768e-10, 'learning_rate_yyx': 0.006894977708737074}. Best is trial 5 with value: -1.6144105896050156.
[I 2026-03-18 19:36:01,376] Trial 3 finished with value: -2.0809704616731484 and parameters: {'n_layers_yyx': 1, 'hidden_size_yyx_l0': 4, 'context_size_yyx': 2, 'num_mix_components_yyx': 4, 'context_extractor_yyx': 'lstm', 'activation_func_yyx': 'ReLU', 'L2_weight_yyx': 4.576891904635391e-08, 'L_entropy_weight_yyx': 1.3808477037136294e-08, 'L_sep_weight_yyx': 0.0003028759461953783, 'L_scale_weight_yyx': 1.2513758025204586e-05, 'learning_rate_yyx': 0.009684710094446417}. Best is trial 0 with value: -2.0940855781262293.
[I 2026-03-18 19:36:04,413] Trial 5 pruned. 
[I 2026-03-18 19:36:04,417] Trial 9 pruned. 
[I 2026-03-18 19:36:08,261] Trial 11 pruned. 
[I 2026-03-18 19:36:18,047] Trial 6 pruned. 
[I 2026-03-18 19:36:19,258] Trial 5 pruned. 
[I 2026-03-18 19:36:19,264] Trial 5 pruned. 
[I 2026-03-18 19:36:19,286] Trial 8 pruned. 
[I 2026-03-18 19:36:24,271] Trial 6 pruned. 
[I 2026-03-18 19:36:32,099] Trial 4 pruned. 
[I 2026-03-18 19:36:33,807] Trial 9 pruned. 
[I 2026-03-18 19:36:34,224] Trial 4 finished with value: -2.0838728149106776 and parameters: {'n_layers_yyx': 2, 'hidden_size_yyx_l0': 3, 'hidden_size_yyx_l1': 6, 'context_size_yyx': 4, 'num_mix_components_yyx': 1, 'context_extractor_yyx': 'gru', 'activation_func_yyx': 'ReLU', 'L2_weight_yyx': 1.6633792169132974e-10, 'L_entropy_weight_yyx': 2.9015647848288236e-05, 'L_sep_weight_yyx': 0.00036367869075534207, 'L_scale_weight_yyx': 2.3701876547490045e-09, 'learning_rate_yyx': 0.005241770926240704}. Best is trial 4 with value: -2.0838728149106776.
[I 2026-03-18 19:36:42,765] Trial 8 finished with value: -1.6134523538702668 and parameters: {'n_layers_yyx': 2, 'hidden_size_yyx_l0': 2, 'hidden_size_yyx_l1': 3, 'context_size_yyx': 4, 'num_mix_components_yyx': 3, 'context_extractor_yyx': 'gru', 'activation_func_yyx': 'Tanh', 'L2_weight_yyx': 2.176975887579419e-08, 'L_entropy_weight_yyx': 2.8625865432139396e-07, 'L_sep_weight_yyx': 7.533728764606253e-10, 'L_scale_weight_yyx': 2.059218551423872e-05, 'learning_rate_yyx': 0.0077020604284396225}. Best is trial 8 with value: -1.6134523538702668.
[I 2026-03-18 19:36:43,995] Trial 7 pruned. 
[I 2026-03-18 19:36:46,887] Trial 6 pruned. 
[I 2026-03-18 19:36:49,827] Trial 10 pruned. 
[I 2026-03-18 19:36:52,381] Trial 5 pruned. 
[I 2026-03-18 19:36:55,957] Trial 9 pruned. 
[I 2026-03-18 19:37:00,487] Trial 8 pruned. 
[I 2026-03-18 19:37:03,674] Trial 11 pruned. 
[I 2026-03-18 19:37:08,133] Trial 6 pruned. 
[I 2026-03-18 19:37:36,283] Trial 7 pruned. 
[I 2026-03-18 19:37:39,099] Trial 7 finished with value: -1.6077896387869492 and parameters: {'n_layers_yyx': 1, 'hidden_size_yyx_l0': 3, 'context_size_yyx': 4, 'num_mix_components_yyx': 4, 'context_extractor_yyx': 'gru', 'activation_func_yyx': 'Tanh', 'L2_weight_yyx': 0.0007923316343259957, 'L_entropy_weight_yyx': 1.2927127704563319e-08, 'L_sep_weight_yyx': 2.037873227685099e-10, 'L_scale_weight_yyx': 0.0007486505306735638, 'learning_rate_yyx': 0.009666886107753844}. Best is trial 7 with value: -1.6077896387869492.
[I 2026-03-18 19:37:49,659] Trial 8 pruned. 
[I 2026-03-18 19:37:50,054] Trial 10 finished with value: -1.6494968268544676 and parameters: {'n_layers_yyx': 2, 'hidden_size_yyx_l0': 4, 'hidden_size_yyx_l1': 6, 'context_size_yyx': 4, 'num_mix_components_yyx': 5, 'context_extractor_yyx': 'gru', 'activation_func_yyx': 'ReLU', 'L2_weight_yyx': 7.992176802076129e-06, 'L_entropy_weight_yyx': 0.0003350685704082171, 'L_sep_weight_yyx': 1.167925526750373e-10, 'L_scale_weight_yyx': 0.00034017984983699995, 'learning_rate_yyx': 0.004580035139885552}. Best is trial 10 with value: -1.6494968268544676.
[I 2026-03-18 19:38:27,395] Trial 10 finished with value: -2.0956159050676995 and parameters: {'n_layers_yyx': 1, 'hidden_size_yyx_l0': 4, 'context_size_yyx': 4, 'num_mix_components_yyx': 5, 'context_extractor_yyx': 'lstm', 'activation_func_yyx': 'Tanh', 'L2_weight_yyx': 1.7815142098981934e-08, 'L_entropy_weight_yyx': 1.4173993622267015e-08, 'L_sep_weight_yyx': 1.219211221802967e-08, 'L_scale_weight_yyx': 1.4867754503653643e-10, 'learning_rate_yyx': 0.009539233147589659}. Best is trial 10 with value: -2.0956159050676995.
[I 2026-03-18 19:38:29,980] Trial 6 finished with value: -2.0770656616902334 and parameters: {'n_layers_yyx': 2, 'hidden_size_yyx_l0': 5, 'hidden_size_yyx_l1': 5, 'context_size_yyx': 3, 'num_mix_components_yyx': 3, 'context_extractor_yyx': 'lstm', 'activation_func_yyx': 'Tanh', 'L2_weight_yyx': 9.455479444294463e-08, 'L_entropy_weight_yyx': 6.424171450662593e-08, 'L_sep_weight_yyx': 7.702275047391307e-07, 'L_scale_weight_yyx': 8.686356116897821e-09, 'learning_rate_yyx': 0.008713545452996789}. Best is trial 2 with value: -2.093203554819634.
[I 2026-03-18 19:38:31,321] Trial 8 finished with value: -2.076012831088607 and parameters: {'n_layers_yyx': 2, 'hidden_size_yyx_l0': 5, 'hidden_size_yyx_l1': 2, 'context_size_yyx': 2, 'num_mix_components_yyx': 1, 'context_extractor_yyx': 'gru', 'activation_func_yyx': 'GELU', 'L2_weight_yyx': 0.00033857442773323627, 'L_entropy_weight_yyx': 1.8406924529409134e-07, 'L_sep_weight_yyx': 4.62743141093172e-10, 'L_scale_weight_yyx': 2.1122600146615e-09, 'learning_rate_yyx': 0.004187963130652914}. Best is trial 2 with value: -2.085195656623902.
[I 2026-03-18 19:38:41,208] Trial 9 pruned. 
[I 2026-03-18 19:38:41,615] Trial 7 pruned. 
[I 2026-03-18 19:38:59,943] Trial 5 finished with value: -1.5874772591333246 and parameters: {'n_layers_yyx': 1, 'hidden_size_yyx_l0': 2, 'context_size_yyx': 4, 'num_mix_components_yyx': 2, 'context_extractor_yyx': 'gru', 'activation_func_yyx': 'ReLU', 'L2_weight_yyx': 8.462844402100044e-07, 'L_entropy_weight_yyx': 0.0005340031372311477, 'L_sep_weight_yyx': 8.993766667470206e-08, 'L_scale_weight_yyx': 1.4756405662749066e-09, 'learning_rate_yyx': 0.0025203903771887914}. Best is trial 3 with value: -1.6122994976195748.
[I 2026-03-18 19:39:02,868] Trial 12 finished with value: -2.0516367859113616 and parameters: {'n_layers_yyx': 2, 'hidden_size_yyx_l0': 5, 'hidden_size_yyx_l1': 6, 'context_size_yyx': 2, 'num_mix_components_yyx': 3, 'context_extractor_yyx': 'gru', 'activation_func_yyx': 'ReLU', 'L2_weight_yyx': 2.1910197868635584e-09, 'L_entropy_weight_yyx': 6.978760532501641e-06, 'L_sep_weight_yyx': 0.000955232761089069, 'L_scale_weight_yyx': 8.610027822697633e-08, 'learning_rate_yyx': 0.004748773559401648}. Best is trial 2 with value: -2.059868681386501.
[I 2026-03-18 19:39:03,607] Trial 7 pruned. 
[I 2026-03-18 19:39:07,818] Trial 6 finished with value: -1.6012851321643777 and parameters: {'n_layers_yyx': 2, 'hidden_size_yyx_l0': 2, 'hidden_size_yyx_l1': 3, 'context_size_yyx': 1, 'num_mix_components_yyx': 3, 'context_extractor_yyx': 'lstm', 'activation_func_yyx': 'Tanh', 'L2_weight_yyx': 1.032059773478923e-09, 'L_entropy_weight_yyx': 2.118891058144374e-09, 'L_sep_weight_yyx': 9.689575003851151e-08, 'L_scale_weight_yyx': 2.754605899708984e-05, 'learning_rate_yyx': 0.000986271928052461}. Best is trial 3 with value: -1.6307942617099915.
[I 2026-03-18 19:39:09,879] Trial 6 pruned. 
[I 2026-03-18 19:39:13,707] Trial 13 pruned. 
[I 2026-03-18 19:39:14,041] Trial 12 finished with value: -1.5867245794137672 and parameters: {'n_layers_yyx': 2, 'hidden_size_yyx_l0': 4, 'hidden_size_yyx_l1': 4, 'context_size_yyx': 4, 'num_mix_components_yyx': 2, 'context_extractor_yyx': 'lstm', 'activation_func_yyx': 'ReLU', 'L2_weight_yyx': 2.5304528374535097e-05, 'L_entropy_weight_yyx': 8.702226933862578e-08, 'L_sep_weight_yyx': 9.689546477834694e-06, 'L_scale_weight_yyx': 3.5960435645607377e-09, 'learning_rate_yyx': 0.004300127280784623}. Best is trial 1 with value: -1.6113757535901372.
[I 2026-03-18 19:39:14,849] Trial 6 finished with value: -1.611924096268822 and parameters: {'n_layers_yyx': 2, 'hidden_size_yyx_l0': 3, 'hidden_size_yyx_l1': 4, 'context_size_yyx': 2, 'num_mix_components_yyx': 4, 'context_extractor_yyx': 'lstm', 'activation_func_yyx': 'GELU', 'L2_weight_yyx': 2.1331882355960117e-06, 'L_entropy_weight_yyx': 1.9763959574767065e-05, 'L_sep_weight_yyx': 7.074606667903396e-05, 'L_scale_weight_yyx': 2.995079988675409e-05, 'learning_rate_yyx': 0.002203113103254374}. Best is trial 2 with value: -1.6133203092563246.
[I 2026-03-18 19:39:16,024] Trial 5 finished with value: -2.07374848814321 and parameters: {'n_layers_yyx': 1, 'hidden_size_yyx_l0': 5, 'context_size_yyx': 3, 'num_mix_components_yyx': 5, 'context_extractor_yyx': 'gru', 'activation_func_yyx': 'ReLU', 'L2_weight_yyx': 4.808964675332886e-09, 'L_entropy_weight_yyx': 3.908603804224037e-05, 'L_sep_weight_yyx': 1.3956884399583227e-05, 'L_scale_weight_yyx': 2.6194282187249815e-05, 'learning_rate_yyx': 0.0018088212270161398}. Best is trial 5 with value: -2.07374848814321.
[I 2026-03-18 19:39:16,057] Trial 3 finished with value: -2.082817649001067 and parameters: {'n_layers_yyx': 1, 'hidden_size_yyx_l0': 5, 'context_size_yyx': 2, 'num_mix_components_yyx': 5, 'context_extractor_yyx': 'lstm', 'activation_func_yyx': 'ReLU', 'L2_weight_yyx': 1.4573939593582474e-08, 'L_entropy_weight_yyx': 2.70871351775301e-10, 'L_sep_weight_yyx': 1.702606081485893e-10, 'L_scale_weight_yyx': 2.9595703630623933e-09, 'learning_rate_yyx': 0.0005926529653277823}. Best is trial 3 with value: -2.082817649001067.
[I 2026-03-18 19:39:19,627] Trial 7 pruned. 
[I 2026-03-18 19:39:20,839] Trial 7 pruned. 
[I 2026-03-18 19:39:27,288] Trial 4 pruned. 
[I 2026-03-18 19:39:28,177] Trial 6 finished with value: -2.0688438112869676 and parameters: {'n_layers_yyx': 1, 'hidden_size_yyx_l0': 2, 'context_size_yyx': 3, 'num_mix_components_yyx': 5, 'context_extractor_yyx': 'gru', 'activation_func_yyx': 'Tanh', 'L2_weight_yyx': 6.39628115875868e-06, 'L_entropy_weight_yyx': 4.5902564352712917e-07, 'L_sep_weight_yyx': 2.3020234830549803e-07, 'L_scale_weight_yyx': 2.7820259983971435e-10, 'learning_rate_yyx': 0.0034375077853257712}. Best is trial 1 with value: -2.0819965339546846.
[I 2026-03-18 19:39:32,457] Trial 11 finished with value: -1.64795371248471 and parameters: {'n_layers_yyx': 2, 'hidden_size_yyx_l0': 4, 'hidden_size_yyx_l1': 6, 'context_size_yyx': 4, 'num_mix_components_yyx': 5, 'context_extractor_yyx': 'gru', 'activation_func_yyx': 'ReLU', 'L2_weight_yyx': 6.61313429470079e-06, 'L_entropy_weight_yyx': 0.0007203030471072945, 'L_sep_weight_yyx': 1.1348544390910981e-10, 'L_scale_weight_yyx': 0.0008102029232067766, 'learning_rate_yyx': 0.005238301820247039}. Best is trial 10 with value: -1.6494968268544676.
[I 2026-03-18 19:39:35,432] Trial 8 finished with value: -1.638393987643513 and parameters: {'n_layers_yyx': 2, 'hidden_size_yyx_l0': 3, 'hidden_size_yyx_l1': 3, 'context_size_yyx': 3, 'num_mix_components_yyx': 3, 'context_extractor_yyx': 'lstm', 'activation_func_yyx': 'Tanh', 'L2_weight_yyx': 7.200205641039688e-05, 'L_entropy_weight_yyx': 5.4200791019173675e-06, 'L_sep_weight_yyx': 1.0716767258819926e-10, 'L_scale_weight_yyx': 3.0387415865897545e-08, 'learning_rate_yyx': 0.0015642688791203043}. Best is trial 0 with value: -1.6395011021807235.
[I 2026-03-18 19:39:36,264] Trial 7 finished with value: -1.6135808304414165 and parameters: {'n_layers_yyx': 1, 'hidden_size_yyx_l0': 6, 'context_size_yyx': 4, 'num_mix_components_yyx': 1, 'context_extractor_yyx': 'gru', 'activation_func_yyx': 'ReLU', 'L2_weight_yyx': 6.700694715736584e-07, 'L_entropy_weight_yyx': 1.762678547447968e-08, 'L_sep_weight_yyx': 6.6132072415060115e-06, 'L_scale_weight_yyx': 1.5834815858359983e-09, 'learning_rate_yyx': 0.0038170947485008317}. Best is trial 5 with value: -1.6144105896050156.
[I 2026-03-18 19:39:38,199] Trial 9 finished with value: -1.6021237324825506 and parameters: {'n_layers_yyx': 1, 'hidden_size_yyx_l0': 3, 'context_size_yyx': 4, 'num_mix_components_yyx': 1, 'context_extractor_yyx': 'lstm', 'activation_func_yyx': 'Tanh', 'L2_weight_yyx': 5.7505163582038986e-05, 'L_entropy_weight_yyx': 8.395128422964754e-06, 'L_sep_weight_yyx': 8.021986669913404e-05, 'L_scale_weight_yyx': 3.223158276817921e-08, 'learning_rate_yyx': 0.009331750882973753}. Best is trial 7 with value: -1.6077896387869492.
[I 2026-03-18 19:39:42,769] Trial 9 pruned. 
[I 2026-03-18 19:39:44,939] Trial 8 pruned. 
[I 2026-03-18 19:39:52,869] Trial 9 pruned. 
[I 2026-03-18 19:39:54,852] Trial 10 pruned. 
[I 2026-03-18 19:39:56,116] Trial 14 finished with value: -1.6123494772492941 and parameters: {'n_layers_yyx': 1, 'hidden_size_yyx_l0': 3, 'context_size_yyx': 4, 'num_mix_components_yyx': 3, 'context_extractor_yyx': 'gru', 'activation_func_yyx': 'ReLU', 'L2_weight_yyx': 1.1353482400631418e-09, 'L_entropy_weight_yyx': 3.9524770248316816e-07, 'L_sep_weight_yyx': 2.6731936651907036e-08, 'L_scale_weight_yyx': 1.3446778189734036e-07, 'learning_rate_yyx': 0.00392271172203436}. Best is trial 14 with value: -1.6123494772492941.
[I 2026-03-18 19:39:56,616] Trial 9 pruned. 
[I 2026-03-18 19:39:57,961] Trial 8 pruned. 
[I 2026-03-18 19:40:01,251] Trial 10 finished with value: -1.6132063211013619 and parameters: {'n_layers_yyx': 2, 'hidden_size_yyx_l0': 3, 'hidden_size_yyx_l1': 2, 'context_size_yyx': 3, 'num_mix_components_yyx': 2, 'context_extractor_yyx': 'gru', 'activation_func_yyx': 'Tanh', 'L2_weight_yyx': 1.191492936400381e-10, 'L_entropy_weight_yyx': 2.0437582419857688e-08, 'L_sep_weight_yyx': 0.0006329940121465457, 'L_scale_weight_yyx': 2.2257629472563705e-06, 'learning_rate_yyx': 0.00954554912783596}. Best is trial 8 with value: -1.6134523538702668.
[I 2026-03-18 19:40:06,524] Trial 11 pruned. 
[I 2026-03-18 19:40:06,526] Trial 10 pruned. 
[I 2026-03-18 19:40:11,299] Trial 14 pruned. 
[I 2026-03-18 19:40:12,062] Trial 8 pruned. 
[I 2026-03-18 19:40:18,076] Trial 12 pruned. 
[I 2026-03-18 19:40:22,825] Trial 5 finished with value: -2.086789821963253 and parameters: {'n_layers_yyx': 1, 'hidden_size_yyx_l0': 4, 'context_size_yyx': 3, 'num_mix_components_yyx': 5, 'context_extractor_yyx': 'lstm', 'activation_func_yyx': 'Tanh', 'L2_weight_yyx': 9.63419807369915e-08, 'L_entropy_weight_yyx': 2.3869921533219906e-05, 'L_sep_weight_yyx': 1.700848206488574e-08, 'L_scale_weight_yyx': 0.00017717419059738108, 'learning_rate_yyx': 0.0031757465147948397}. Best is trial 5 with value: -2.086789821963253.
[I 2026-03-18 19:40:22,939] Trial 7 finished with value: -2.0922062983671923 and parameters: {'n_layers_yyx': 1, 'hidden_size_yyx_l0': 4, 'context_size_yyx': 2, 'num_mix_components_yyx': 4, 'context_extractor_yyx': 'gru', 'activation_func_yyx': 'Tanh', 'L2_weight_yyx': 1.8386641382857984e-05, 'L_entropy_weight_yyx': 1.5415135709533901e-09, 'L_sep_weight_yyx': 3.802089985596197e-05, 'L_scale_weight_yyx': 0.0001729321113829242, 'learning_rate_yyx': 0.00790822496431476}. Best is trial 7 with value: -2.0922062983671923.
[I 2026-03-18 19:40:24,475] Trial 9 pruned. 
[I 2026-03-18 19:40:24,944] Trial 15 pruned. 
[I 2026-03-18 19:40:26,510] Trial 5 finished with value: -2.0797241575842462 and parameters: {'n_layers_yyx': 2, 'hidden_size_yyx_l0': 2, 'hidden_size_yyx_l1': 2, 'context_size_yyx': 4, 'num_mix_components_yyx': 4, 'context_extractor_yyx': 'gru', 'activation_func_yyx': 'ReLU', 'L2_weight_yyx': 5.768921526473487e-07, 'L_entropy_weight_yyx': 5.987291134273906e-07, 'L_sep_weight_yyx': 3.7216764798983934e-06, 'L_scale_weight_yyx': 4.8444223179807554e-08, 'learning_rate_yyx': 0.004532705789411308}. Best is trial 0 with value: -2.0940855781262293.
[I 2026-03-18 19:40:31,225] Trial 11 finished with value: -2.095823093975788 and parameters: {'n_layers_yyx': 1, 'hidden_size_yyx_l0': 4, 'context_size_yyx': 4, 'num_mix_components_yyx': 5, 'context_extractor_yyx': 'lstm', 'activation_func_yyx': 'Tanh', 'L2_weight_yyx': 2.043085842224386e-08, 'L_entropy_weight_yyx': 2.913093111125666e-08, 'L_sep_weight_yyx': 5.261325153707595e-09, 'L_scale_weight_yyx': 1.46333567746989e-10, 'learning_rate_yyx': 0.009626003254027026}. Best is trial 11 with value: -2.095823093975788.
[I 2026-03-18 19:40:31,226] Trial 11 pruned. 
[I 2026-03-18 19:40:31,852] Trial 6 pruned. 
[I 2026-03-18 19:40:33,848] Trial 8 pruned. 
[I 2026-03-18 19:40:34,729] Trial 10 finished with value: -2.085590097553703 and parameters: {'n_layers_yyx': 1, 'hidden_size_yyx_l0': 6, 'context_size_yyx': 4, 'num_mix_components_yyx': 5, 'context_extractor_yyx': 'lstm', 'activation_func_yyx': 'ReLU', 'L2_weight_yyx': 1.2178299817123823e-10, 'L_entropy_weight_yyx': 8.627370549972165e-09, 'L_sep_weight_yyx': 1.547737152441152e-05, 'L_scale_weight_yyx': 0.0009708722590373918, 'learning_rate_yyx': 0.009857596532160645}. Best is trial 10 with value: -2.085590097553703.
[I 2026-03-18 19:40:42,422] Trial 12 pruned. 
[I 2026-03-18 19:40:48,567] Trial 6 pruned. 
[I 2026-03-18 19:40:50,173] Trial 13 pruned. 
[I 2026-03-18 19:40:58,394] Trial 7 pruned. 
[I 2026-03-18 19:41:00,455] Trial 14 pruned. 
[I 2026-03-18 19:41:23,213] Trial 9 finished with value: -1.5893878514414028 and parameters: {'n_layers_yyx': 2, 'hidden_size_yyx_l0': 5, 'hidden_size_yyx_l1': 6, 'context_size_yyx': 1, 'num_mix_components_yyx': 1, 'context_extractor_yyx': 'lstm', 'activation_func_yyx': 'ReLU', 'L2_weight_yyx': 1.2520259169592876e-05, 'L_entropy_weight_yyx': 4.049109577723724e-05, 'L_sep_weight_yyx': 7.938380189190345e-06, 'L_scale_weight_yyx': 3.63681125796195e-05, 'learning_rate_yyx': 0.009673001763275948}. Best is trial 3 with value: -1.6104712811479323.
[I 2026-03-18 19:41:24,744] Trial 6 finished with value: -1.5768649132511487 and parameters: {'n_layers_yyx': 2, 'hidden_size_yyx_l0': 4, 'hidden_size_yyx_l1': 2, 'context_size_yyx': 4, 'num_mix_components_yyx': 3, 'context_extractor_yyx': 'lstm', 'activation_func_yyx': 'GELU', 'L2_weight_yyx': 5.050438631959267e-05, 'L_entropy_weight_yyx': 0.00010517524275942053, 'L_sep_weight_yyx': 7.83595940905958e-06, 'L_scale_weight_yyx': 7.196876454332859e-10, 'learning_rate_yyx': 0.0015899132463516115}. Best is trial 0 with value: -1.613474194617056.
[I 2026-03-18 19:41:46,662] Trial 10 pruned. 
[I 2026-03-18 19:41:52,094] Trial 8 pruned. 
[I 2026-03-18 19:41:55,308] Trial 11 pruned. 
[I 2026-03-18 19:41:56,892] Trial 5 finished with value: -2.0800588714618815 and parameters: {'n_layers_yyx': 2, 'hidden_size_yyx_l0': 3, 'hidden_size_yyx_l1': 5, 'context_size_yyx': 4, 'num_mix_components_yyx': 1, 'context_extractor_yyx': 'gru', 'activation_func_yyx': 'ReLU', 'L2_weight_yyx': 4.061223837097153e-05, 'L_entropy_weight_yyx': 2.5268482172075133e-08, 'L_sep_weight_yyx': 2.513894584377164e-09, 'L_scale_weight_yyx': 0.00013451199630185262, 'learning_rate_yyx': 0.005170155925195742}. Best is trial 3 with value: -2.082817649001067.
[I 2026-03-18 19:41:56,895] Trial 12 finished with value: -1.6531010225123595 and parameters: {'n_layers_yyx': 2, 'hidden_size_yyx_l0': 4, 'hidden_size_yyx_l1': 4, 'context_size_yyx': 4, 'num_mix_components_yyx': 5, 'context_extractor_yyx': 'gru', 'activation_func_yyx': 'ReLU', 'L2_weight_yyx': 3.4430526449578717e-06, 'L_entropy_weight_yyx': 0.0008604794416870042, 'L_sep_weight_yyx': 1.0676272393845264e-10, 'L_scale_weight_yyx': 0.0008231312820910485, 'learning_rate_yyx': 0.004609907301919657}. Best is trial 12 with value: -1.6531010225123595.
[I 2026-03-18 19:41:58,491] Trial 8 pruned. 
[I 2026-03-18 19:42:02,479] Trial 9 pruned. 
[I 2026-03-18 19:42:05,157] Trial 12 pruned. 
[I 2026-03-18 19:42:06,273] Trial 6 finished with value: -2.0790188514889616 and parameters: {'n_layers_yyx': 2, 'hidden_size_yyx_l0': 4, 'hidden_size_yyx_l1': 5, 'context_size_yyx': 3, 'num_mix_components_yyx': 5, 'context_extractor_yyx': 'gru', 'activation_func_yyx': 'GELU', 'L2_weight_yyx': 0.0001328127100451527, 'L_entropy_weight_yyx': 0.00026454282969267306, 'L_sep_weight_yyx': 1.4991248841942264e-06, 'L_scale_weight_yyx': 9.589693904302543e-10, 'learning_rate_yyx': 0.006499502934729562}. Best is trial 6 with value: -2.0790188514889616.
[I 2026-03-18 19:42:07,809] Trial 9 pruned. 
[I 2026-03-18 19:42:16,085] Trial 13 pruned. 
[I 2026-03-18 19:42:16,090] Trial 13 pruned. 
[I 2026-03-18 19:42:17,199] Trial 7 pruned. 
[I 2026-03-18 19:42:19,687] Trial 11 finished with value: -2.0855603441475665 and parameters: {'n_layers_yyx': 1, 'hidden_size_yyx_l0': 6, 'context_size_yyx': 4, 'num_mix_components_yyx': 5, 'context_extractor_yyx': 'lstm', 'activation_func_yyx': 'ReLU', 'L2_weight_yyx': 1.2832884751924166e-10, 'L_entropy_weight_yyx': 4.954921686233025e-09, 'L_sep_weight_yyx': 2.9289622696231072e-05, 'L_scale_weight_yyx': 0.0009138277603605496, 'learning_rate_yyx': 0.009703657430812623}. Best is trial 10 with value: -2.085590097553703.
[I 2026-03-18 19:42:25,816] Trial 14 pruned. 
[I 2026-03-18 19:42:28,048] Trial 8 pruned. 
[I 2026-03-18 19:42:31,094] Trial 10 pruned. 
[I 2026-03-18 19:42:31,922] Trial 8 finished with value: -1.6281780431088846 and parameters: {'n_layers_yyx': 2, 'hidden_size_yyx_l0': 2, 'hidden_size_yyx_l1': 4, 'context_size_yyx': 4, 'num_mix_components_yyx': 4, 'context_extractor_yyx': 'lstm', 'activation_func_yyx': 'GELU', 'L2_weight_yyx': 1.380847342948724e-07, 'L_entropy_weight_yyx': 2.0016024743877906e-09, 'L_sep_weight_yyx': 7.938458928971566e-07, 'L_scale_weight_yyx': 0.0005326040574729044, 'learning_rate_yyx': 0.0016355468476341142}. Best is trial 3 with value: -1.6307942617099915.
[I 2026-03-18 19:42:37,501] Trial 15 finished with value: -1.6081928155187803 and parameters: {'n_layers_yyx': 1, 'hidden_size_yyx_l0': 6, 'context_size_yyx': 4, 'num_mix_components_yyx': 2, 'context_extractor_yyx': 'gru', 'activation_func_yyx': 'ReLU', 'L2_weight_yyx': 2.586240188971915e-08, 'L_entropy_weight_yyx': 9.925231583453876e-07, 'L_sep_weight_yyx': 1.4429153770002039e-06, 'L_scale_weight_yyx': 1.502066230487957e-08, 'learning_rate_yyx': 0.005026494342838548}. Best is trial 5 with value: -1.6144105896050156.
[I 2026-03-18 19:42:42,699] Trial 15 finished with value: -1.6109435197206807 and parameters: {'n_layers_yyx': 1, 'hidden_size_yyx_l0': 3, 'context_size_yyx': 4, 'num_mix_components_yyx': 3, 'context_extractor_yyx': 'gru', 'activation_func_yyx': 'ReLU', 'L2_weight_yyx': 2.3140155411774257e-09, 'L_entropy_weight_yyx': 8.378712914142474e-07, 'L_sep_weight_yyx': 2.978596372457418e-08, 'L_scale_weight_yyx': 1.4786359089495974e-07, 'learning_rate_yyx': 0.007205582327626116}. Best is trial 14 with value: -1.6123494772492941.
[I 2026-03-18 19:42:48,473] Trial 15 pruned. 
[I 2026-03-18 19:42:50,543] Trial 9 pruned. 
[I 2026-03-18 19:42:52,651] Trial 7 finished with value: -1.6120685749712826 and parameters: {'n_layers_yyx': 2, 'hidden_size_yyx_l0': 6, 'hidden_size_yyx_l1': 4, 'context_size_yyx': 2, 'num_mix_components_yyx': 4, 'context_extractor_yyx': 'lstm', 'activation_func_yyx': 'ReLU', 'L2_weight_yyx': 1.1560532593447555e-06, 'L_entropy_weight_yyx': 1.397892383672583e-07, 'L_sep_weight_yyx': 1.1343738757683314e-07, 'L_scale_weight_yyx': 1.0793612753508702e-09, 'learning_rate_yyx': 0.0012560210768961806}. Best is trial 2 with value: -1.6133203092563246.
[I 2026-03-18 19:42:53,968] Trial 10 pruned. 
[I 2026-03-18 19:42:54,792] Trial 16 pruned. 
[I 2026-03-18 19:42:56,381] Trial 11 finished with value: -1.6131160252911523 and parameters: {'n_layers_yyx': 2, 'hidden_size_yyx_l0': 3, 'hidden_size_yyx_l1': 2, 'context_size_yyx': 3, 'num_mix_components_yyx': 2, 'context_extractor_yyx': 'gru', 'activation_func_yyx': 'Tanh', 'L2_weight_yyx': 1.015249194532586e-10, 'L_entropy_weight_yyx': 1.8345000234730912e-08, 'L_sep_weight_yyx': 0.0004523921887640619, 'L_scale_weight_yyx': 2.42610389194793e-06, 'learning_rate_yyx': 0.009915156709433093}. Best is trial 8 with value: -1.6134523538702668.
[I 2026-03-18 19:42:58,299] Trial 16 pruned. 
[I 2026-03-18 19:43:01,076] Trial 16 pruned. 
[I 2026-03-18 19:43:04,171] Trial 16 finished with value: -2.0394322278331205 and parameters: {'n_layers_yyx': 1, 'hidden_size_yyx_l0': 4, 'context_size_yyx': 3, 'num_mix_components_yyx': 1, 'context_extractor_yyx': 'gru', 'activation_func_yyx': 'ReLU', 'L2_weight_yyx': 3.5167939793766935e-09, 'L_entropy_weight_yyx': 5.4153546263197274e-08, 'L_sep_weight_yyx': 2.227459033628949e-05, 'L_scale_weight_yyx': 2.783370430873943e-09, 'learning_rate_yyx': 0.005789364720453494}. Best is trial 2 with value: -2.059868681386501.
[I 2026-03-18 19:43:06,194] Trial 12 finished with value: -2.0961440394215396 and parameters: {'n_layers_yyx': 1, 'hidden_size_yyx_l0': 4, 'context_size_yyx': 4, 'num_mix_components_yyx': 4, 'context_extractor_yyx': 'lstm', 'activation_func_yyx': 'Tanh', 'L2_weight_yyx': 4.016058346437981e-08, 'L_entropy_weight_yyx': 3.940065156031846e-08, 'L_sep_weight_yyx': 9.002892077681658e-09, 'L_scale_weight_yyx': 1.8308261223098573e-10, 'learning_rate_yyx': 0.009182858026102478}. Best is trial 12 with value: -2.0961440394215396.
[I 2026-03-18 19:43:10,392] Trial 8 finished with value: -2.0851807543284644 and parameters: {'n_layers_yyx': 2, 'hidden_size_yyx_l0': 5, 'hidden_size_yyx_l1': 6, 'context_size_yyx': 3, 'num_mix_components_yyx': 2, 'context_extractor_yyx': 'lstm', 'activation_func_yyx': 'ReLU', 'L2_weight_yyx': 9.722724412475494e-09, 'L_entropy_weight_yyx': 1.216872513396122e-10, 'L_sep_weight_yyx': 1.1277090767190491e-08, 'L_scale_weight_yyx': 2.5241058056430185e-05, 'learning_rate_yyx': 0.0014473442620559387}. Best is trial 8 with value: -2.0851807543284644.
[I 2026-03-18 19:43:12,262] Trial 17 pruned. 
[I 2026-03-18 19:43:14,596] Trial 11 pruned. 
[I 2026-03-18 19:43:14,997] Trial 17 pruned. 
[I 2026-03-18 19:43:15,794] Trial 13 finished with value: -1.640321681328409 and parameters: {'n_layers_yyx': 2, 'hidden_size_yyx_l0': 3, 'hidden_size_yyx_l1': 3, 'context_size_yyx': 3, 'num_mix_components_yyx': 4, 'context_extractor_yyx': 'gru', 'activation_func_yyx': 'Tanh', 'L2_weight_yyx': 2.6992262269542365e-05, 'L_entropy_weight_yyx': 3.045469817606596e-06, 'L_sep_weight_yyx': 8.447801225158105e-06, 'L_scale_weight_yyx': 6.585890992250749e-10, 'learning_rate_yyx': 0.004479226103322093}. Best is trial 13 with value: -1.640321681328409.
[I 2026-03-18 19:43:15,874] Trial 17 pruned. 
[I 2026-03-18 19:43:17,826] Trial 13 finished with value: -1.5802027870676898 and parameters: {'n_layers_yyx': 1, 'hidden_size_yyx_l0': 2, 'context_size_yyx': 1, 'num_mix_components_yyx': 2, 'context_extractor_yyx': 'lstm', 'activation_func_yyx': 'Tanh', 'L2_weight_yyx': 2.412144773894559e-05, 'L_entropy_weight_yyx': 0.0009403276759636433, 'L_sep_weight_yyx': 5.453205392884507e-06, 'L_scale_weight_yyx': 1.2540316854606741e-05, 'learning_rate_yyx': 0.0015604623047932628}. Best is trial 1 with value: -1.6113757535901372.
[I 2026-03-18 19:43:18,546] Trial 7 pruned. 
[I 2026-03-18 19:43:22,688] Trial 12 pruned. 
[I 2026-03-18 19:43:25,019] Trial 18 pruned. 
[I 2026-03-18 19:43:29,623] Trial 13 pruned. 
[I 2026-03-18 19:43:34,769] Trial 18 pruned. 
[I 2026-03-18 19:43:35,150] Trial 19 pruned. 
[I 2026-03-18 19:43:35,583] Trial 14 pruned. 
[I 2026-03-18 19:43:37,550] Trial 14 pruned. 
[I 2026-03-18 19:43:40,143] Trial 8 pruned. 
[I 2026-03-18 19:43:41,609] Trial 14 pruned. 
[I 2026-03-18 19:43:44,776] Trial 13 pruned. 
[I 2026-03-18 19:43:46,680] Trial 19 pruned. 
[I 2026-03-18 19:43:49,209] Trial 8 pruned. 
[I 2026-03-18 19:43:50,095] Trial 9 finished with value: -2.0945611069080887 and parameters: {'n_layers_yyx': 2, 'hidden_size_yyx_l0': 5, 'hidden_size_yyx_l1': 4, 'context_size_yyx': 1, 'num_mix_components_yyx': 4, 'context_extractor_yyx': 'gru', 'activation_func_yyx': 'Tanh', 'L2_weight_yyx': 9.467578365298717e-10, 'L_entropy_weight_yyx': 6.760678660322687e-09, 'L_sep_weight_yyx': 9.511190700896293e-10, 'L_scale_weight_yyx': 6.290193656851107e-05, 'learning_rate_yyx': 0.005964441015570126}. Best is trial 9 with value: -2.0945611069080887.
[I 2026-03-18 19:43:55,519] Trial 14 pruned. 
[I 2026-03-18 19:43:59,531] Trial 17 pruned. 
[I 2026-03-18 19:44:00,321] Trial 20 pruned. 
[I 2026-03-18 19:44:06,364] Trial 12 finished with value: -2.084600761056139 and parameters: {'n_layers_yyx': 1, 'hidden_size_yyx_l0': 6, 'context_size_yyx': 4, 'num_mix_components_yyx': 5, 'context_extractor_yyx': 'lstm', 'activation_func_yyx': 'ReLU', 'L2_weight_yyx': 7.600134007905266e-09, 'L_entropy_weight_yyx': 1.683554004082416e-08, 'L_sep_weight_yyx': 4.049749826349066e-05, 'L_scale_weight_yyx': 0.0003863234522553885, 'learning_rate_yyx': 0.00921348936310124}. Best is trial 10 with value: -2.085590097553703.
[I 2026-03-18 19:44:06,396] Trial 10 finished with value: -1.5791248552417398 and parameters: {'n_layers_yyx': 2, 'hidden_size_yyx_l0': 4, 'hidden_size_yyx_l1': 2, 'context_size_yyx': 1, 'num_mix_components_yyx': 5, 'context_extractor_yyx': 'gru', 'activation_func_yyx': 'Tanh', 'L2_weight_yyx': 3.0594086508931663e-06, 'L_entropy_weight_yyx': 8.750725595325626e-09, 'L_sep_weight_yyx': 2.79708994501762e-10, 'L_scale_weight_yyx': 2.0127679213694777e-05, 'learning_rate_yyx': 0.0005414120828764219}. Best is trial 7 with value: -1.6077896387869492.
[I 2026-03-18 19:44:08,451] Trial 7 finished with value: -2.079061664955384 and parameters: {'n_layers_yyx': 2, 'hidden_size_yyx_l0': 4, 'hidden_size_yyx_l1': 5, 'context_size_yyx': 3, 'num_mix_components_yyx': 5, 'context_extractor_yyx': 'lstm', 'activation_func_yyx': 'ReLU', 'L2_weight_yyx': 4.063939193382004e-10, 'L_entropy_weight_yyx': 1.8162730453302194e-08, 'L_sep_weight_yyx': 1.2106997328195013e-07, 'L_scale_weight_yyx': 7.345657172015713e-08, 'learning_rate_yyx': 0.0021274325459017347}. Best is trial 1 with value: -2.0819965339546846.
[I 2026-03-18 19:44:08,797] Trial 15 pruned. 
[I 2026-03-18 19:44:09,609] Trial 14 finished with value: -1.6524487412764663 and parameters: {'n_layers_yyx': 2, 'hidden_size_yyx_l0': 4, 'hidden_size_yyx_l1': 3, 'context_size_yyx': 4, 'num_mix_components_yyx': 4, 'context_extractor_yyx': 'gru', 'activation_func_yyx': 'ReLU', 'L2_weight_yyx': 5.392085585531971e-06, 'L_entropy_weight_yyx': 9.524107063830347e-05, 'L_sep_weight_yyx': 8.857090854512022e-10, 'L_scale_weight_yyx': 8.517559595771342e-05, 'learning_rate_yyx': 0.007708820774141365}. Best is trial 12 with value: -1.6531010225123595.
[I 2026-03-18 19:44:11,138] Trial 9 pruned. 
[I 2026-03-18 19:44:13,658] Trial 10 pruned. 
[I 2026-03-18 19:44:14,064] Trial 7 finished with value: -1.606665639142424 and parameters: {'n_layers_yyx': 2, 'hidden_size_yyx_l0': 3, 'hidden_size_yyx_l1': 4, 'context_size_yyx': 4, 'num_mix_components_yyx': 2, 'context_extractor_yyx': 'gru', 'activation_func_yyx': 'ReLU', 'L2_weight_yyx': 0.00024817644756846137, 'L_entropy_weight_yyx': 1.019523432705092e-06, 'L_sep_weight_yyx': 1.9230340426002456e-10, 'L_scale_weight_yyx': 1.6175199011362864e-09, 'learning_rate_yyx': 0.0026673599108589883}. Best is trial 0 with value: -1.613474194617056.
[I 2026-03-18 19:44:15,282] Trial 11 pruned. 
[I 2026-03-18 19:44:18,528] Trial 15 pruned. 
[I 2026-03-18 19:44:19,337] Trial 16 pruned. 
[I 2026-03-18 19:44:21,792] Trial 21 pruned. 
[I 2026-03-18 19:44:23,062] Trial 8 pruned. 
[I 2026-03-18 19:44:24,607] Trial 12 pruned. 
[I 2026-03-18 19:44:30,145] Trial 22 pruned. 
[I 2026-03-18 19:44:30,956] Trial 17 pruned. 
[I 2026-03-18 19:44:33,894] Trial 13 pruned. 
[I 2026-03-18 19:44:34,097] Trial 9 finished with value: -1.6219343655847114 and parameters: {'n_layers_yyx': 2, 'hidden_size_yyx_l0': 4, 'hidden_size_yyx_l1': 5, 'context_size_yyx': 1, 'num_mix_components_yyx': 4, 'context_extractor_yyx': 'gru', 'activation_func_yyx': 'ReLU', 'L2_weight_yyx': 2.2101214629940565e-10, 'L_entropy_weight_yyx': 2.5439009626558453e-08, 'L_sep_weight_yyx': 1.9743728113614313e-06, 'L_scale_weight_yyx': 0.00039547158782992655, 'learning_rate_yyx': 0.004006046628613697}. Best is trial 3 with value: -1.6307942617099915.
[I 2026-03-18 19:44:41,772] Trial 18 pruned. 
[I 2026-03-18 19:44:47,603] Trial 20 pruned. 
[I 2026-03-18 19:44:51,321] Trial 23 pruned. 
[I 2026-03-18 19:44:51,384] Trial 19 pruned. 
[I 2026-03-18 19:44:56,411] Trial 21 pruned. 
[I 2026-03-18 19:45:01,419] Trial 20 pruned. 
[I 2026-03-18 19:45:14,551] Trial 24 pruned. 
[I 2026-03-18 19:45:14,925] Trial 10 finished with value: -2.123509279126982 and parameters: {'n_layers_yyx': 1, 'hidden_size_yyx_l0': 3, 'context_size_yyx': 1, 'num_mix_components_yyx': 4, 'context_extractor_yyx': 'gru', 'activation_func_yyx': 'Tanh', 'L2_weight_yyx': 0.0008316133238711591, 'L_entropy_weight_yyx': 1.4438656047076365e-06, 'L_sep_weight_yyx': 1.8753748577960807e-07, 'L_scale_weight_yyx': 7.76344190312376e-08, 'learning_rate_yyx': 0.005009167894887443}. Best is trial 10 with value: -2.123509279126982.
[I 2026-03-18 19:45:15,729] Trial 18 finished with value: -1.6115376123609113 and parameters: {'n_layers_yyx': 2, 'hidden_size_yyx_l0': 3, 'hidden_size_yyx_l1': 5, 'context_size_yyx': 4, 'num_mix_components_yyx': 2, 'context_extractor_yyx': 'gru', 'activation_func_yyx': 'GELU', 'L2_weight_yyx': 2.9722608053803927e-09, 'L_entropy_weight_yyx': 1.7404904385276736e-08, 'L_sep_weight_yyx': 7.964092621597119e-07, 'L_scale_weight_yyx': 5.5568877218434164e-05, 'learning_rate_yyx': 0.009181670487416398}. Best is trial 18 with value: -1.6115376123609113.
[I 2026-03-18 19:45:16,920] Trial 15 finished with value: -1.6378937737710035 and parameters: {'n_layers_yyx': 2, 'hidden_size_yyx_l0': 2, 'hidden_size_yyx_l1': 6, 'context_size_yyx': 4, 'num_mix_components_yyx': 4, 'context_extractor_yyx': 'gru', 'activation_func_yyx': 'Tanh', 'L2_weight_yyx': 3.2981609167141943e-09, 'L_entropy_weight_yyx': 2.097236279037102e-09, 'L_sep_weight_yyx': 2.8220360775878306e-05, 'L_scale_weight_yyx': 1.5101266057974166e-05, 'learning_rate_yyx': 0.005919664562801839}. Best is trial 13 with value: -1.640321681328409.
[I 2026-03-18 19:45:17,358] Trial 16 pruned. 
[I 2026-03-18 19:45:19,671] Trial 22 pruned. 
[I 2026-03-18 19:45:24,999] Trial 25 pruned. 
[I 2026-03-18 19:45:27,763] Trial 16 pruned. 
[I 2026-03-18 19:45:29,034] Trial 15 finished with value: -1.6056868645179108 and parameters: {'n_layers_yyx': 2, 'hidden_size_yyx_l0': 6, 'hidden_size_yyx_l1': 5, 'context_size_yyx': 3, 'num_mix_components_yyx': 3, 'context_extractor_yyx': 'lstm', 'activation_func_yyx': 'ReLU', 'L2_weight_yyx': 5.119854314830387e-06, 'L_entropy_weight_yyx': 1.414010890045817e-10, 'L_sep_weight_yyx': 5.641408115309399e-05, 'L_scale_weight_yyx': 7.131329687360375e-09, 'learning_rate_yyx': 0.0033680577133157023}. Best is trial 1 with value: -1.6113757535901372.
[I 2026-03-18 19:45:30,164] Trial 23 pruned. 
[I 2026-03-18 19:45:39,785] Trial 16 pruned. 
[I 2026-03-18 19:45:40,076] Trial 10 pruned. 
[I 2026-03-18 19:45:51,196] Trial 17 pruned. 
[I 2026-03-18 19:45:53,149] Trial 10 finished with value: -2.0805055247379443 and parameters: {'n_layers_yyx': 1, 'hidden_size_yyx_l0': 6, 'context_size_yyx': 1, 'num_mix_components_yyx': 5, 'context_extractor_yyx': 'gru', 'activation_func_yyx': 'GELU', 'L2_weight_yyx': 0.0006743528009175417, 'L_entropy_weight_yyx': 8.577724169850199e-10, 'L_sep_weight_yyx': 1.9231278487776862e-05, 'L_scale_weight_yyx': 1.8628082355777517e-10, 'learning_rate_yyx': 0.0030139256114359234}. Best is trial 2 with value: -2.093203554819634.
[I 2026-03-18 19:45:53,527] Trial 12 finished with value: -1.6115339632262373 and parameters: {'n_layers_yyx': 2, 'hidden_size_yyx_l0': 2, 'hidden_size_yyx_l1': 3, 'context_size_yyx': 4, 'num_mix_components_yyx': 2, 'context_extractor_yyx': 'gru', 'activation_func_yyx': 'Tanh', 'L2_weight_yyx': 1.9823524712569897e-07, 'L_entropy_weight_yyx': 1.0869574332710873e-10, 'L_sep_weight_yyx': 0.0006195700864160306, 'L_scale_weight_yyx': 4.8153142931348354e-08, 'learning_rate_yyx': 0.0048616815981256355}. Best is trial 8 with value: -1.6134523538702668.
[I 2026-03-18 19:46:00,302] Trial 11 finished with value: -2.0785980080567943 and parameters: {'n_layers_yyx': 1, 'hidden_size_yyx_l0': 4, 'context_size_yyx': 3, 'num_mix_components_yyx': 4, 'context_extractor_yyx': 'gru', 'activation_func_yyx': 'ReLU', 'L2_weight_yyx': 7.81839822812128e-06, 'L_entropy_weight_yyx': 1.2251841790710185e-08, 'L_sep_weight_yyx': 0.0007412055412450445, 'L_scale_weight_yyx': 2.434874907470774e-06, 'learning_rate_yyx': 0.0020414464794172083}. Best is trial 0 with value: -2.0940855781262293.
[I 2026-03-18 19:46:01,923] Trial 18 pruned. 
[I 2026-03-18 19:46:10,143] Trial 15 finished with value: -1.6137187677320914 and parameters: {'n_layers_yyx': 2, 'hidden_size_yyx_l0': 4, 'hidden_size_yyx_l1': 6, 'context_size_yyx': 3, 'num_mix_components_yyx': 5, 'context_extractor_yyx': 'gru', 'activation_func_yyx': 'ReLU', 'L2_weight_yyx': 8.308307769898755e-10, 'L_entropy_weight_yyx': 1.961727653325324e-09, 'L_sep_weight_yyx': 4.266932076077001e-05, 'L_scale_weight_yyx': 2.9203048482234935e-05, 'learning_rate_yyx': 0.003234730177613188}. Best is trial 15 with value: -1.6137187677320914.
[I 2026-03-18 19:46:23,195] Trial 19 pruned. 
[I 2026-03-18 19:46:27,534] Trial 13 finished with value: -2.092152629106611 and parameters: {'n_layers_yyx': 1, 'hidden_size_yyx_l0': 4, 'context_size_yyx': 4, 'num_mix_components_yyx': 4, 'context_extractor_yyx': 'lstm', 'activation_func_yyx': 'ReLU', 'L2_weight_yyx': 1.2308473705046724e-08, 'L_entropy_weight_yyx': 1.2201681899953665e-08, 'L_sep_weight_yyx': 1.935490558589076e-05, 'L_scale_weight_yyx': 0.000914639290187134, 'learning_rate_yyx': 0.009664558695067748}. Best is trial 13 with value: -2.092152629106611.
[I 2026-03-18 19:46:30,145] Trial 18 finished with value: -1.612652085120959 and parameters: {'n_layers_yyx': 1, 'hidden_size_yyx_l0': 5, 'context_size_yyx': 3, 'num_mix_components_yyx': 4, 'context_extractor_yyx': 'gru', 'activation_func_yyx': 'ReLU', 'L2_weight_yyx': 1.2766522307827163e-07, 'L_entropy_weight_yyx': 3.696319490433978e-06, 'L_sep_weight_yyx': 1.3180723236402023e-10, 'L_scale_weight_yyx': 1.4126516804076025e-10, 'learning_rate_yyx': 0.0031495019871882212}. Best is trial 5 with value: -1.6144105896050156.
[I 2026-03-18 19:46:33,691] Trial 24 pruned. 
[I 2026-03-18 19:46:37,504] Trial 14 finished with value: -1.5833228284430236 and parameters: {'n_layers_yyx': 2, 'hidden_size_yyx_l0': 5, 'hidden_size_yyx_l1': 2, 'context_size_yyx': 4, 'num_mix_components_yyx': 3, 'context_extractor_yyx': 'gru', 'activation_func_yyx': 'GELU', 'L2_weight_yyx': 0.000799034505062007, 'L_entropy_weight_yyx': 2.6393426006835015e-05, 'L_sep_weight_yyx': 1.232569275107217e-07, 'L_scale_weight_yyx': 3.2585703417799e-07, 'learning_rate_yyx': 0.005450357421272975}. Best is trial 7 with value: -1.6077896387869492.
[I 2026-03-18 19:46:41,555] Trial 6 finished with value: -2.0854983656867034 and parameters: {'n_layers_yyx': 1, 'hidden_size_yyx_l0': 4, 'context_size_yyx': 1, 'num_mix_components_yyx': 4, 'context_extractor_yyx': 'gru', 'activation_func_yyx': 'ReLU', 'L2_weight_yyx': 7.697834017322042e-07, 'L_entropy_weight_yyx': 2.779486894308715e-05, 'L_sep_weight_yyx': 5.409561989290972e-06, 'L_scale_weight_yyx': 1.1452299089216085e-10, 'learning_rate_yyx': 0.0031682280865924124}. Best is trial 6 with value: -2.0854983656867034.
[I 2026-03-18 19:46:42,899] Trial 11 pruned. 
[I 2026-03-18 19:46:45,365] Trial 20 pruned. 
[I 2026-03-18 19:46:46,156] Trial 8 finished with value: -2.059241137176194 and parameters: {'n_layers_yyx': 1, 'hidden_size_yyx_l0': 5, 'context_size_yyx': 3, 'num_mix_components_yyx': 2, 'context_extractor_yyx': 'gru', 'activation_func_yyx': 'ReLU', 'L2_weight_yyx': 7.38391350185436e-05, 'L_entropy_weight_yyx': 6.542110763133284e-08, 'L_sep_weight_yyx': 2.3855387957970833e-08, 'L_scale_weight_yyx': 2.692099335877415e-08, 'learning_rate_yyx': 0.00569173563079683}. Best is trial 1 with value: -2.0819965339546846.
[I 2026-03-18 19:46:46,492] Trial 10 pruned. 
[I 2026-03-18 19:46:47,307] Trial 15 pruned. 
[I 2026-03-18 19:46:49,816] Trial 9 finished with value: -2.067889185353898 and parameters: {'n_layers_yyx': 1, 'hidden_size_yyx_l0': 5, 'context_size_yyx': 4, 'num_mix_components_yyx': 1, 'context_extractor_yyx': 'lstm', 'activation_func_yyx': 'ReLU', 'L2_weight_yyx': 1.2659189998604392e-07, 'L_entropy_weight_yyx': 1.819584898469674e-05, 'L_sep_weight_yyx': 0.00014856530287769279, 'L_scale_weight_yyx': 4.055373140338691e-09, 'learning_rate_yyx': 0.0013612849167916007}. Best is trial 8 with value: -2.0851807543284644.
[I 2026-03-18 19:46:50,218] Trial 9 pruned. 
[I 2026-03-18 19:46:50,225] Trial 14 pruned. 
[I 2026-03-18 19:46:51,812] Trial 10 finished with value: -1.6005695702249159 and parameters: {'n_layers_yyx': 1, 'hidden_size_yyx_l0': 5, 'context_size_yyx': 2, 'num_mix_components_yyx': 1, 'context_extractor_yyx': 'gru', 'activation_func_yyx': 'ReLU', 'L2_weight_yyx': 6.267188891250168e-06, 'L_entropy_weight_yyx': 1.10111189891625e-10, 'L_sep_weight_yyx': 0.0007695906023062037, 'L_scale_weight_yyx': 2.9783096093090215e-08, 'learning_rate_yyx': 0.009497135747455997}. Best is trial 3 with value: -1.6307942617099915.
[I 2026-03-18 19:46:54,683] Trial 25 pruned. 
[I 2026-03-18 19:46:55,421] Trial 21 pruned. 
[I 2026-03-18 19:46:55,793] Trial 19 finished with value: -1.6109068256442372 and parameters: {'n_layers_yyx': 2, 'hidden_size_yyx_l0': 2, 'hidden_size_yyx_l1': 5, 'context_size_yyx': 4, 'num_mix_components_yyx': 2, 'context_extractor_yyx': 'gru', 'activation_func_yyx': 'GELU', 'L2_weight_yyx': 4.893727513842139e-08, 'L_entropy_weight_yyx': 3.113686349762648e-08, 'L_sep_weight_yyx': 8.509837185283257e-07, 'L_scale_weight_yyx': 6.0586156473759655e-05, 'learning_rate_yyx': 0.009538246238222957}. Best is trial 18 with value: -1.6115376123609113.
[I 2026-03-18 19:46:58,897] Trial 11 pruned. 
[I 2026-03-18 19:47:06,564] Trial 20 pruned. 
[I 2026-03-18 19:47:13,986] Trial 11 pruned. 
[I 2026-03-18 19:47:14,809] Trial 15 pruned. 
[I 2026-03-18 19:47:16,317] Trial 17 finished with value: -1.5869052423907153 and parameters: {'n_layers_yyx': 2, 'hidden_size_yyx_l0': 4, 'hidden_size_yyx_l1': 4, 'context_size_yyx': 4, 'num_mix_components_yyx': 2, 'context_extractor_yyx': 'lstm', 'activation_func_yyx': 'Tanh', 'L2_weight_yyx': 0.0009607577273176554, 'L_entropy_weight_yyx': 1.8910642493054195e-07, 'L_sep_weight_yyx': 1.34430482428798e-06, 'L_scale_weight_yyx': 1.091654568361089e-10, 'learning_rate_yyx': 0.006618676217381058}. Best is trial 1 with value: -1.6113757535901372.
[I 2026-03-18 19:47:17,586] Trial 10 pruned. 
[I 2026-03-18 19:47:24,111] Trial 12 pruned. 
[I 2026-03-18 19:47:28,458] Trial 26 finished with value: -2.0512741599384294 and parameters: {'n_layers_yyx': 2, 'hidden_size_yyx_l0': 3, 'hidden_size_yyx_l1': 6, 'context_size_yyx': 3, 'num_mix_components_yyx': 2, 'context_extractor_yyx': 'gru', 'activation_func_yyx': 'ReLU', 'L2_weight_yyx': 8.033677420128854e-07, 'L_entropy_weight_yyx': 1.8189557013375693e-08, 'L_sep_weight_yyx': 1.5410717350673384e-07, 'L_scale_weight_yyx': 3.858884548465856e-07, 'learning_rate_yyx': 0.007765323176470435}. Best is trial 2 with value: -2.059868681386501.
[I 2026-03-18 19:47:31,354] Trial 21 finished with value: -2.0975034066716556 and parameters: {'n_layers_yyx': 1, 'hidden_size_yyx_l0': 4, 'context_size_yyx': 4, 'num_mix_components_yyx': 5, 'context_extractor_yyx': 'lstm', 'activation_func_yyx': 'Tanh', 'L2_weight_yyx': 2.512596887343944e-08, 'L_entropy_weight_yyx': 9.915821987258537e-09, 'L_sep_weight_yyx': 1.0469107845083748e-08, 'L_scale_weight_yyx': 1.0685029645149928e-10, 'learning_rate_yyx': 0.009909368941845888}. Best is trial 21 with value: -2.0975034066716556.
[I 2026-03-18 19:47:33,270] Trial 13 pruned. 
[I 2026-03-18 19:47:37,687] Trial 27 pruned. 
[I 2026-03-18 19:47:38,251] Trial 16 pruned. 
[I 2026-03-18 19:47:40,723] Trial 11 finished with value: -2.095012278283745 and parameters: {'n_layers_yyx': 1, 'hidden_size_yyx_l0': 4, 'context_size_yyx': 1, 'num_mix_components_yyx': 3, 'context_extractor_yyx': 'gru', 'activation_func_yyx': 'Tanh', 'L2_weight_yyx': 4.060720841362853e-09, 'L_entropy_weight_yyx': 1.3860109652814205e-08, 'L_sep_weight_yyx': 0.000890109056525604, 'L_scale_weight_yyx': 2.4048958490539155e-10, 'learning_rate_yyx': 0.009539856777249}. Best is trial 11 with value: -2.095012278283745.
[I 2026-03-18 19:47:41,653] Trial 9 pruned. 
[I 2026-03-18 19:47:42,689] Trial 14 pruned. 
[I 2026-03-18 19:47:47,697] Trial 22 pruned. 
[I 2026-03-18 19:47:52,259] Trial 9 finished with value: -1.613731891101604 and parameters: {'n_layers_yyx': 2, 'hidden_size_yyx_l0': 5, 'hidden_size_yyx_l1': 2, 'context_size_yyx': 3, 'num_mix_components_yyx': 2, 'context_extractor_yyx': 'gru', 'activation_func_yyx': 'GELU', 'L2_weight_yyx': 4.3723915226757385e-07, 'L_entropy_weight_yyx': 1.5467354283889534e-08, 'L_sep_weight_yyx': 6.628157773518982e-06, 'L_scale_weight_yyx': 1.6935551171966986e-09, 'learning_rate_yyx': 0.008036831256346006}. Best is trial 9 with value: -1.613731891101604.
[I 2026-03-18 19:47:54,982] Trial 22 pruned. 
[I 2026-03-18 19:47:58,315] Trial 28 pruned. 
[I 2026-03-18 19:47:58,702] Trial 17 pruned. 
[I 2026-03-18 19:48:04,884] Trial 12 pruned. 
[I 2026-03-18 19:48:07,296] Trial 29 pruned. 
[I 2026-03-18 19:48:07,829] Trial 18 pruned. 
[I 2026-03-18 19:48:07,865] Trial 11 pruned. 
[I 2026-03-18 19:48:23,148] Trial 13 pruned. 
[I 2026-03-18 19:48:26,187] Trial 19 pruned. 
[I 2026-03-18 19:48:34,625] Trial 20 pruned. 
[I 2026-03-18 19:48:37,675] Trial 12 pruned. 
[I 2026-03-18 19:48:39,619] Trial 23 pruned. 
[I 2026-03-18 19:48:40,423] Trial 26 finished with value: -1.6132763574564741 and parameters: {'n_layers_yyx': 1, 'hidden_size_yyx_l0': 3, 'context_size_yyx': 4, 'num_mix_components_yyx': 4, 'context_extractor_yyx': 'lstm', 'activation_func_yyx': 'ReLU', 'L2_weight_yyx': 3.488307512999631e-10, 'L_entropy_weight_yyx': 7.489047217706581e-07, 'L_sep_weight_yyx': 2.6729564912570955e-09, 'L_scale_weight_yyx': 1.020688736243376e-05, 'learning_rate_yyx': 0.008205102830401483}. Best is trial 26 with value: -1.6132763574564741.
[I 2026-03-18 19:48:45,736] Trial 10 pruned. 
[I 2026-03-18 19:48:46,821] Trial 16 finished with value: -1.614054069147372 and parameters: {'n_layers_yyx': 2, 'hidden_size_yyx_l0': 4, 'hidden_size_yyx_l1': 6, 'context_size_yyx': 3, 'num_mix_components_yyx': 3, 'context_extractor_yyx': 'gru', 'activation_func_yyx': 'ReLU', 'L2_weight_yyx': 1.3124778175650646e-09, 'L_entropy_weight_yyx': 1.602650720748608e-09, 'L_sep_weight_yyx': 5.798411372901635e-07, 'L_scale_weight_yyx': 3.809593308153598e-05, 'learning_rate_yyx': 0.003401703820249301}. Best is trial 16 with value: -1.614054069147372.
[I 2026-03-18 19:48:51,365] Trial 11 finished with value: -1.6118875103148873 and parameters: {'n_layers_yyx': 2, 'hidden_size_yyx_l0': 2, 'hidden_size_yyx_l1': 6, 'context_size_yyx': 4, 'num_mix_components_yyx': 3, 'context_extractor_yyx': 'gru', 'activation_func_yyx': 'ReLU', 'L2_weight_yyx': 7.57094546528649e-05, 'L_entropy_weight_yyx': 4.836575661757138e-06, 'L_sep_weight_yyx': 2.884826747146721e-06, 'L_scale_weight_yyx': 8.497057177523556e-07, 'learning_rate_yyx': 0.007999009699845442}. Best is trial 2 with value: -1.6133203092563246.
[I 2026-03-18 19:48:55,675] Trial 21 pruned. 
[I 2026-03-18 19:49:01,658] Trial 12 pruned. 
[I 2026-03-18 19:49:01,700] Trial 13 finished with value: -1.613792101823724 and parameters: {'n_layers_yyx': 2, 'hidden_size_yyx_l0': 3, 'hidden_size_yyx_l1': 3, 'context_size_yyx': 3, 'num_mix_components_yyx': 2, 'context_extractor_yyx': 'gru', 'activation_func_yyx': 'Tanh', 'L2_weight_yyx': 6.052938971330608e-06, 'L_entropy_weight_yyx': 4.091322599156778e-08, 'L_sep_weight_yyx': 5.0692477984265905e-05, 'L_scale_weight_yyx': 2.2376321576077918e-05, 'learning_rate_yyx': 0.009424271060883645}. Best is trial 13 with value: -1.613792101823724.
[I 2026-03-18 19:49:04,035] Trial 24 pruned. 
[I 2026-03-18 19:49:07,763] Trial 12 pruned. 
[I 2026-03-18 19:49:08,429] Trial 22 pruned. 
[I 2026-03-18 19:49:14,887] Trial 17 pruned. 
[I 2026-03-18 19:49:15,999] Trial 21 finished with value: -1.6119054721666712 and parameters: {'n_layers_yyx': 2, 'hidden_size_yyx_l0': 3, 'hidden_size_yyx_l1': 5, 'context_size_yyx': 4, 'num_mix_components_yyx': 2, 'context_extractor_yyx': 'gru', 'activation_func_yyx': 'GELU', 'L2_weight_yyx': 3.4424512777517756e-08, 'L_entropy_weight_yyx': 2.2484956454236183e-07, 'L_sep_weight_yyx': 6.214931839302536e-07, 'L_scale_weight_yyx': 7.335154136856083e-05, 'learning_rate_yyx': 0.009932551498010488}. Best is trial 21 with value: -1.6119054721666712.
[I 2026-03-18 19:49:25,775] Trial 23 pruned. 
[I 2026-03-18 19:49:35,412] Trial 14 pruned. 
[I 2026-03-18 19:49:41,720] Trial 12 finished with value: -2.0975572887346234 and parameters: {'n_layers_yyx': 1, 'hidden_size_yyx_l0': 5, 'context_size_yyx': 1, 'num_mix_components_yyx': 5, 'context_extractor_yyx': 'gru', 'activation_func_yyx': 'ReLU', 'L2_weight_yyx': 1.2811237651262165e-09, 'L_entropy_weight_yyx': 1.1900062667038152e-08, 'L_sep_weight_yyx': 9.868534959318995e-05, 'L_scale_weight_yyx': 1.7770406061753167e-09, 'learning_rate_yyx': 0.004436208295566918}. Best is trial 12 with value: -2.0975572887346234.
[I 2026-03-18 19:49:41,770] Trial 10 finished with value: -2.091011705152489 and parameters: {'n_layers_yyx': 1, 'hidden_size_yyx_l0': 6, 'context_size_yyx': 4, 'num_mix_components_yyx': 5, 'context_extractor_yyx': 'gru', 'activation_func_yyx': 'Tanh', 'L2_weight_yyx': 2.0444987089283187e-08, 'L_entropy_weight_yyx': 4.435974073861384e-09, 'L_sep_weight_yyx': 2.705822263160701e-08, 'L_scale_weight_yyx': 2.8720072758270074e-06, 'learning_rate_yyx': 0.0038998859227859194}. Best is trial 10 with value: -2.091011705152489.
[I 2026-03-18 19:49:55,324] Trial 27 pruned. 
[I 2026-03-18 19:50:09,521] Trial 11 finished with value: -2.0771111451731756 and parameters: {'n_layers_yyx': 2, 'hidden_size_yyx_l0': 2, 'hidden_size_yyx_l1': 6, 'context_size_yyx': 4, 'num_mix_components_yyx': 2, 'context_extractor_yyx': 'gru', 'activation_func_yyx': 'ReLU', 'L2_weight_yyx': 1.0798207324842967e-10, 'L_entropy_weight_yyx': 1.1012599719120529e-10, 'L_sep_weight_yyx': 1.3267666650751251e-08, 'L_scale_weight_yyx': 5.207998521779835e-07, 'learning_rate_yyx': 0.00946913494436455}. Best is trial 8 with value: -2.0851807543284644.
[I 2026-03-18 19:50:11,926] Trial 11 pruned. 
[I 2026-03-18 19:50:15,642] Trial 17 finished with value: -1.6510014956173003 and parameters: {'n_layers_yyx': 2, 'hidden_size_yyx_l0': 4, 'hidden_size_yyx_l1': 3, 'context_size_yyx': 2, 'num_mix_components_yyx': 3, 'context_extractor_yyx': 'gru', 'activation_func_yyx': 'ReLU', 'L2_weight_yyx': 3.6702573987734874e-05, 'L_entropy_weight_yyx': 8.885920605633978e-05, 'L_sep_weight_yyx': 6.95300805643135e-06, 'L_scale_weight_yyx': 4.823034283529978e-05, 'learning_rate_yyx': 0.003097704635898366}. Best is trial 12 with value: -1.6531010225123595.
[I 2026-03-18 19:50:22,413] Trial 18 finished with value: -1.5852524896047548 and parameters: {'n_layers_yyx': 2, 'hidden_size_yyx_l0': 5, 'hidden_size_yyx_l1': 2, 'context_size_yyx': 3, 'num_mix_components_yyx': 4, 'context_extractor_yyx': 'lstm', 'activation_func_yyx': 'ReLU', 'L2_weight_yyx': 3.9282384966947235e-06, 'L_entropy_weight_yyx': 3.1233174200763294e-06, 'L_sep_weight_yyx': 2.722228756265935e-10, 'L_scale_weight_yyx': 6.409140162892522e-07, 'learning_rate_yyx': 0.002032844303747401}. Best is trial 1 with value: -1.6113757535901372.
[I 2026-03-18 19:50:27,898] Trial 11 pruned. 
[I 2026-03-18 19:50:32,431] Trial 19 finished with value: -1.6106800792278495 and parameters: {'n_layers_yyx': 1, 'hidden_size_yyx_l0': 6, 'context_size_yyx': 2, 'num_mix_components_yyx': 2, 'context_extractor_yyx': 'gru', 'activation_func_yyx': 'GELU', 'L2_weight_yyx': 2.5271277603024463e-09, 'L_entropy_weight_yyx': 1.270035866052372e-10, 'L_sep_weight_yyx': 3.5292824805477044e-05, 'L_scale_weight_yyx': 1.052253699359622e-08, 'learning_rate_yyx': 0.008188758117189162}. Best is trial 5 with value: -1.6144105896050156.
[I 2026-03-18 19:50:34,449] Trial 10 finished with value: -2.069843123958664 and parameters: {'n_layers_yyx': 2, 'hidden_size_yyx_l0': 5, 'hidden_size_yyx_l1': 6, 'context_size_yyx': 4, 'num_mix_components_yyx': 3, 'context_extractor_yyx': 'lstm', 'activation_func_yyx': 'Tanh', 'L2_weight_yyx': 5.7599786268234097e-08, 'L_entropy_weight_yyx': 1.8810650568440863e-09, 'L_sep_weight_yyx': 9.754581490071879e-06, 'L_scale_weight_yyx': 1.569203121251364e-05, 'learning_rate_yyx': 0.009703462053815096}. Best is trial 1 with value: -2.0819965339546846.
[I 2026-03-18 19:50:34,525] Trial 18 pruned. 
[I 2026-03-18 19:50:38,863] Trial 23 finished with value: -2.0948849820819597 and parameters: {'n_layers_yyx': 1, 'hidden_size_yyx_l0': 4, 'context_size_yyx': 4, 'num_mix_components_yyx': 4, 'context_extractor_yyx': 'lstm', 'activation_func_yyx': 'Tanh', 'L2_weight_yyx': 1.6303048679916737e-09, 'L_entropy_weight_yyx': 3.996920526215832e-09, 'L_sep_weight_yyx': 4.2063991090465106e-10, 'L_scale_weight_yyx': 1.0128755378667856e-10, 'learning_rate_yyx': 0.00779165809989264}. Best is trial 21 with value: -2.0975034066716556.
[I 2026-03-18 19:50:39,503] Trial 19 pruned. 
[I 2026-03-18 19:50:50,644] Trial 11 pruned. 
[I 2026-03-18 19:50:51,450] Trial 19 pruned. 
[I 2026-03-18 19:50:54,586] Trial 24 pruned. 
[I 2026-03-18 19:51:03,042] Trial 16 finished with value: -2.078147534445915 and parameters: {'n_layers_yyx': 1, 'hidden_size_yyx_l0': 4, 'context_size_yyx': 4, 'num_mix_components_yyx': 4, 'context_extractor_yyx': 'lstm', 'activation_func_yyx': 'ReLU', 'L2_weight_yyx': 3.53582209789435e-08, 'L_entropy_weight_yyx': 3.179077460598749e-06, 'L_sep_weight_yyx': 2.673610975015941e-06, 'L_scale_weight_yyx': 5.671728218474072e-05, 'learning_rate_yyx': 0.0014892651669656128}. Best is trial 13 with value: -2.092152629106611.
[I 2026-03-18 19:51:11,675] Trial 20 pruned. 
[I 2026-03-18 19:51:14,774] Trial 28 pruned. 
[I 2026-03-18 19:51:16,946] Trial 17 pruned. 
[I 2026-03-18 19:51:19,124] Trial 12 pruned. 
[I 2026-03-18 19:51:25,861] Trial 21 pruned. 
[I 2026-03-18 19:51:29,082] Trial 29 pruned. 
[I 2026-03-18 19:51:51,137] Trial 12 pruned. 
[I 2026-03-18 19:51:51,262] Trial 15 finished with value: -2.080816903903546 and parameters: {'n_layers_yyx': 1, 'hidden_size_yyx_l0': 5, 'context_size_yyx': 1, 'num_mix_components_yyx': 5, 'context_extractor_yyx': 'gru', 'activation_func_yyx': 'GELU', 'L2_weight_yyx': 8.222629033886114e-05, 'L_entropy_weight_yyx': 9.597761606643387e-06, 'L_sep_weight_yyx': 1.8304567970527898e-06, 'L_scale_weight_yyx': 1.438136481964724e-08, 'learning_rate_yyx': 0.004959314821136198}. Best is trial 2 with value: -2.093203554819634.
[I 2026-03-18 19:51:54,820] Trial 13 pruned. 
[I 2026-03-18 19:52:03,190] Trial 30 pruned. 
[I 2026-03-18 19:52:08,588] Trial 16 pruned. 
[I 2026-03-18 19:52:09,898] Trial 18 finished with value: -1.6159899080612683 and parameters: {'n_layers_yyx': 2, 'hidden_size_yyx_l0': 4, 'hidden_size_yyx_l1': 6, 'context_size_yyx': 3, 'num_mix_components_yyx': 3, 'context_extractor_yyx': 'lstm', 'activation_func_yyx': 'Tanh', 'L2_weight_yyx': 1.7802044360051586e-09, 'L_entropy_weight_yyx': 2.7824323358007856e-10, 'L_sep_weight_yyx': 3.495729960835755e-07, 'L_scale_weight_yyx': 9.907813820727324e-05, 'learning_rate_yyx': 0.005425452128979159}. Best is trial 18 with value: -1.6159899080612683.
[I 2026-03-18 19:52:20,630] Trial 7 finished with value: -2.0791704047018813 and parameters: {'n_layers_yyx': 2, 'hidden_size_yyx_l0': 6, 'hidden_size_yyx_l1': 4, 'context_size_yyx': 3, 'num_mix_components_yyx': 2, 'context_extractor_yyx': 'gru', 'activation_func_yyx': 'Tanh', 'L2_weight_yyx': 4.55762583867994e-08, 'L_entropy_weight_yyx': 9.8888661347472e-06, 'L_sep_weight_yyx': 1.769250807246882e-08, 'L_scale_weight_yyx': 2.9551398223243044e-10, 'learning_rate_yyx': 0.0017425345987802307}. Best is trial 6 with value: -2.0854983656867034.
[I 2026-03-18 19:52:23,491] Trial 24 finished with value: -1.6051080966289502 and parameters: {'n_layers_yyx': 2, 'hidden_size_yyx_l0': 5, 'hidden_size_yyx_l1': 3, 'context_size_yyx': 2, 'num_mix_components_yyx': 2, 'context_extractor_yyx': 'lstm', 'activation_func_yyx': 'ReLU', 'L2_weight_yyx': 0.00016399236390830734, 'L_entropy_weight_yyx': 4.682148847418162e-09, 'L_sep_weight_yyx': 5.614086481307436e-10, 'L_scale_weight_yyx': 8.295625547101667e-10, 'learning_rate_yyx': 0.009758378810603941}. Best is trial 7 with value: -1.6077896387869492.
[I 2026-03-18 19:52:24,102] Trial 17 pruned. 
[I 2026-03-18 19:52:27,477] Trial 22 finished with value: -1.6117076350060895 and parameters: {'n_layers_yyx': 2, 'hidden_size_yyx_l0': 3, 'hidden_size_yyx_l1': 5, 'context_size_yyx': 4, 'num_mix_components_yyx': 2, 'context_extractor_yyx': 'gru', 'activation_func_yyx': 'GELU', 'L2_weight_yyx': 6.811619573805242e-08, 'L_entropy_weight_yyx': 2.568248503044138e-08, 'L_sep_weight_yyx': 1.7652498758223536e-06, 'L_scale_weight_yyx': 6.628564351519544e-05, 'learning_rate_yyx': 0.009532537979180147}. Best is trial 21 with value: -1.6119054721666712.
[I 2026-03-18 19:52:28,733] Trial 13 pruned. 
[I 2026-03-18 19:52:28,764] Trial 14 pruned. 
[I 2026-03-18 19:52:30,772] Trial 14 finished with value: -1.6283982349618134 and parameters: {'n_layers_yyx': 1, 'hidden_size_yyx_l0': 5, 'context_size_yyx': 3, 'num_mix_components_yyx': 2, 'context_extractor_yyx': 'lstm', 'activation_func_yyx': 'Tanh', 'L2_weight_yyx': 1.6435357548359981e-06, 'L_entropy_weight_yyx': 2.3548303369347792e-07, 'L_sep_weight_yyx': 3.307645305497233e-05, 'L_scale_weight_yyx': 5.0524997215079185e-09, 'learning_rate_yyx': 0.0018634151208526042}. Best is trial 3 with value: -1.6307942617099915.
[I 2026-03-18 19:52:33,713] Trial 31 pruned. 
[I 2026-03-18 19:52:34,879] Trial 8 pruned. 
[I 2026-03-18 19:52:37,475] Trial 25 pruned. 
[I 2026-03-18 19:52:43,051] Trial 23 pruned. 
[I 2026-03-18 19:52:47,103] Trial 15 pruned. 
[I 2026-03-18 19:52:50,429] Trial 32 pruned. 
[I 2026-03-18 19:52:50,832] Trial 22 pruned. 
[I 2026-03-18 19:52:56,016] Trial 13 pruned. 
[I 2026-03-18 19:52:56,898] Trial 18 pruned. 
[I 2026-03-18 19:53:00,678] Trial 15 pruned. 
[I 2026-03-18 19:53:03,325] Trial 14 pruned. 
[I 2026-03-18 19:53:04,099] Trial 13 pruned. 
[I 2026-03-18 19:53:06,326] Trial 25 pruned. 
[I 2026-03-18 19:53:08,258] Trial 26 pruned. 
[I 2026-03-18 19:53:10,528] Trial 12 finished with value: -2.0757315513352794 and parameters: {'n_layers_yyx': 1, 'hidden_size_yyx_l0': 4, 'context_size_yyx': 4, 'num_mix_components_yyx': 5, 'context_extractor_yyx': 'gru', 'activation_func_yyx': 'GELU', 'L2_weight_yyx': 4.702013759343052e-08, 'L_entropy_weight_yyx': 3.562562906002147e-10, 'L_sep_weight_yyx': 8.31210030682003e-07, 'L_scale_weight_yyx': 2.6388477551208157e-08, 'learning_rate_yyx': 0.001393564287476487}. Best is trial 6 with value: -2.0790188514889616.
[I 2026-03-18 19:53:10,864] Trial 16 pruned. 
[I 2026-03-18 19:53:11,667] Trial 16 pruned. 
[I 2026-03-18 19:53:15,354] Trial 15 finished with value: -1.612562275862039 and parameters: {'n_layers_yyx': 2, 'hidden_size_yyx_l0': 2, 'hidden_size_yyx_l1': 3, 'context_size_yyx': 4, 'num_mix_components_yyx': 2, 'context_extractor_yyx': 'gru', 'activation_func_yyx': 'Tanh', 'L2_weight_yyx': 1.2716239881058246e-05, 'L_entropy_weight_yyx': 1.1117234678630065e-07, 'L_sep_weight_yyx': 5.529161659774471e-08, 'L_scale_weight_yyx': 1.5942770915928626e-05, 'learning_rate_yyx': 0.006780156914396981}. Best is trial 13 with value: -1.613792101823724.
[I 2026-03-18 19:53:17,323] Trial 17 pruned. 
[I 2026-03-18 19:53:17,377] Trial 13 pruned. 
[I 2026-03-18 19:53:18,811] Trial 17 pruned. 
[I 2026-03-18 19:53:20,459] Trial 30 finished with value: -2.057946210102521 and parameters: {'n_layers_yyx': 2, 'hidden_size_yyx_l0': 2, 'hidden_size_yyx_l1': 5, 'context_size_yyx': 2, 'num_mix_components_yyx': 3, 'context_extractor_yyx': 'lstm', 'activation_func_yyx': 'GELU', 'L2_weight_yyx': 2.8895112346681427e-09, 'L_entropy_weight_yyx': 3.3423289874135616e-09, 'L_sep_weight_yyx': 7.221237489808892e-05, 'L_scale_weight_yyx': 3.5662404174759984e-05, 'learning_rate_yyx': 0.0063057691606202846}. Best is trial 2 with value: -2.059868681386501.
[I 2026-03-18 19:53:20,618] Trial 27 pruned. 
[I 2026-03-18 19:53:20,722] Trial 26 pruned. 
[I 2026-03-18 19:53:22,529] Trial 15 pruned. 
[I 2026-03-18 19:53:24,432] Trial 14 pruned. 
[I 2026-03-18 19:53:24,795] Trial 12 finished with value: -1.583475239621104 and parameters: {'n_layers_yyx': 2, 'hidden_size_yyx_l0': 5, 'hidden_size_yyx_l1': 6, 'context_size_yyx': 2, 'num_mix_components_yyx': 2, 'context_extractor_yyx': 'gru', 'activation_func_yyx': 'GELU', 'L2_weight_yyx': 1.7812887074980795e-08, 'L_entropy_weight_yyx': 4.577147817573255e-09, 'L_sep_weight_yyx': 2.5717362784394327e-05, 'L_scale_weight_yyx': 4.446989847894753e-09, 'learning_rate_yyx': 0.005062322648877202}. Best is trial 9 with value: -1.613731891101604.
[I 2026-03-18 19:53:26,575] Trial 28 pruned. 
[I 2026-03-18 19:53:27,843] Trial 13 pruned. 
[I 2026-03-18 19:53:28,595] Trial 16 pruned. 
[I 2026-03-18 19:53:31,065] Trial 13 pruned. 
[I 2026-03-18 19:53:31,071] Trial 18 finished with value: -2.0761023390466447 and parameters: {'n_layers_yyx': 1, 'hidden_size_yyx_l0': 3, 'context_size_yyx': 4, 'num_mix_components_yyx': 2, 'context_extractor_yyx': 'lstm', 'activation_func_yyx': 'ReLU', 'L2_weight_yyx': 1.3993043570224682e-10, 'L_entropy_weight_yyx': 5.85412241457618e-10, 'L_sep_weight_yyx': 7.550907254626588e-07, 'L_scale_weight_yyx': 0.000990238269124377, 'learning_rate_yyx': 0.009893281575948596}. Best is trial 13 with value: -2.092152629106611.
[I 2026-03-18 19:53:31,137] Trial 15 pruned. 
[I 2026-03-18 19:53:32,902] Trial 29 pruned. 
[I 2026-03-18 19:53:33,589] Trial 18 pruned. 
[I 2026-03-18 19:53:33,963] Trial 27 pruned. 
[I 2026-03-18 19:53:37,488] Trial 16 pruned. 
[I 2026-03-18 19:53:38,358] Trial 14 pruned. 
[I 2026-03-18 19:53:38,722] Trial 19 pruned. 
[I 2026-03-18 19:53:39,383] Trial 12 finished with value: -2.0908513390245194 and parameters: {'n_layers_yyx': 1, 'hidden_size_yyx_l0': 6, 'context_size_yyx': 4, 'num_mix_components_yyx': 5, 'context_extractor_yyx': 'gru', 'activation_func_yyx': 'Tanh', 'L2_weight_yyx': 4.253776381312908e-08, 'L_entropy_weight_yyx': 7.758480190269035e-08, 'L_sep_weight_yyx': 1.31746174180318e-08, 'L_scale_weight_yyx': 1.711707929042008e-05, 'learning_rate_yyx': 0.0038687148997089164}. Best is trial 10 with value: -2.091011705152489.
[I 2026-03-18 19:53:45,444] Trial 20 pruned. 
[I 2026-03-18 19:53:45,606] Trial 30 pruned. 
[I 2026-03-18 19:53:46,168] Trial 13 finished with value: -2.1199620666098626 and parameters: {'n_layers_yyx': 1, 'hidden_size_yyx_l0': 3, 'context_size_yyx': 2, 'num_mix_components_yyx': 5, 'context_extractor_yyx': 'gru', 'activation_func_yyx': 'Tanh', 'L2_weight_yyx': 2.182770151325851e-05, 'L_entropy_weight_yyx': 2.9990688553102755e-05, 'L_sep_weight_yyx': 1.5823795588075302e-08, 'L_scale_weight_yyx': 4.6129007142678164e-07, 'learning_rate_yyx': 0.00996774475828284}. Best is trial 10 with value: -2.123509279126982.
[I 2026-03-18 19:53:46,977] Trial 20 finished with value: -1.6418637207258782 and parameters: {'n_layers_yyx': 1, 'hidden_size_yyx_l0': 5, 'context_size_yyx': 2, 'num_mix_components_yyx': 5, 'context_extractor_yyx': 'gru', 'activation_func_yyx': 'ReLU', 'L2_weight_yyx': 4.0394625703550974e-08, 'L_entropy_weight_yyx': 3.6590654429179055e-09, 'L_sep_weight_yyx': 2.2957460446094464e-05, 'L_scale_weight_yyx': 9.441187615451442e-07, 'learning_rate_yyx': 0.006713867266273795}. Best is trial 12 with value: -1.6531010225123595.
[I 2026-03-18 19:53:48,088] Trial 16 pruned. 
[I 2026-03-18 19:53:53,164] Trial 19 finished with value: -1.6167309256757225 and parameters: {'n_layers_yyx': 2, 'hidden_size_yyx_l0': 6, 'hidden_size_yyx_l1': 5, 'context_size_yyx': 4, 'num_mix_components_yyx': 3, 'context_extractor_yyx': 'lstm', 'activation_func_yyx': 'Tanh', 'L2_weight_yyx': 9.946594829334165e-08, 'L_entropy_weight_yyx': 1.3895341312746382e-10, 'L_sep_weight_yyx': 5.875403881087147e-07, 'L_scale_weight_yyx': 0.0001538770683129286, 'learning_rate_yyx': 0.005720076831155004}. Best is trial 19 with value: -1.6167309256757225.
[I 2026-03-18 19:53:54,996] Trial 17 pruned. 
[I 2026-03-18 19:53:56,070] Trial 17 pruned. 
[I 2026-03-18 19:53:56,158] Trial 33 finished with value: -1.6128542066359541 and parameters: {'n_layers_yyx': 1, 'hidden_size_yyx_l0': 5, 'context_size_yyx': 4, 'num_mix_components_yyx': 4, 'context_extractor_yyx': 'lstm', 'activation_func_yyx': 'ReLU', 'L2_weight_yyx': 1.3893068434550096e-09, 'L_entropy_weight_yyx': 4.01282023277742e-08, 'L_sep_weight_yyx': 2.0639884998800025e-10, 'L_scale_weight_yyx': 5.248611008976372e-05, 'learning_rate_yyx': 0.00832238224028358}. Best is trial 26 with value: -1.6132763574564741.
[I 2026-03-18 19:53:58,756] Trial 20 finished with value: -1.6161773654609999 and parameters: {'n_layers_yyx': 2, 'hidden_size_yyx_l0': 2, 'hidden_size_yyx_l1': 4, 'context_size_yyx': 4, 'num_mix_components_yyx': 3, 'context_extractor_yyx': 'gru', 'activation_func_yyx': 'Tanh', 'L2_weight_yyx': 4.725041758024548e-05, 'L_entropy_weight_yyx': 4.2754024241101343e-07, 'L_sep_weight_yyx': 1.1960313064486728e-06, 'L_scale_weight_yyx': 4.82587257584416e-05, 'learning_rate_yyx': 0.005821120644309251}. Best is trial 20 with value: -1.6161773654609999.
[I 2026-03-18 19:53:59,995] Trial 21 pruned. 
[I 2026-03-18 19:54:01,209] Trial 14 pruned. 
[I 2026-03-18 19:54:04,809] Trial 14 finished with value: -1.6076135897235178 and parameters: {'n_layers_yyx': 1, 'hidden_size_yyx_l0': 4, 'context_size_yyx': 4, 'num_mix_components_yyx': 5, 'context_extractor_yyx': 'gru', 'activation_func_yyx': 'ReLU', 'L2_weight_yyx': 1.4431649794863707e-07, 'L_entropy_weight_yyx': 4.676481545480718e-07, 'L_sep_weight_yyx': 4.199063654066847e-07, 'L_scale_weight_yyx': 4.945228582530696e-05, 'learning_rate_yyx': 0.009451980072366646}. Best is trial 2 with value: -1.6133203092563246.
[I 2026-03-18 19:54:05,486] Trial 24 finished with value: -1.606624498527804 and parameters: {'n_layers_yyx': 2, 'hidden_size_yyx_l0': 3, 'hidden_size_yyx_l1': 5, 'context_size_yyx': 4, 'num_mix_components_yyx': 1, 'context_extractor_yyx': 'gru', 'activation_func_yyx': 'GELU', 'L2_weight_yyx': 1.0404533033961497e-07, 'L_entropy_weight_yyx': 2.606075451119025e-07, 'L_sep_weight_yyx': 1.0701282437539807e-05, 'L_scale_weight_yyx': 9.933781384059293e-06, 'learning_rate_yyx': 0.007635044401422461}. Best is trial 21 with value: -1.6119054721666712.
[I 2026-03-18 19:54:06,791] Trial 22 pruned. 
[I 2026-03-18 19:54:11,041] Trial 15 pruned. 
[I 2026-03-18 19:54:12,144] Trial 19 pruned. 
[I 2026-03-18 19:54:13,121] Trial 25 pruned. 
[I 2026-03-18 19:54:13,507] Trial 21 pruned. 
[I 2026-03-18 19:54:15,069] Trial 15 pruned. 
[I 2026-03-18 19:54:17,078] Trial 31 pruned. 
[I 2026-03-18 19:54:25,163] Trial 21 pruned. 
[I 2026-03-18 19:54:25,951] Trial 16 pruned. 
[I 2026-03-18 19:54:26,223] Trial 25 finished with value: -2.094295658345322 and parameters: {'n_layers_yyx': 1, 'hidden_size_yyx_l0': 3, 'context_size_yyx': 4, 'num_mix_components_yyx': 4, 'context_extractor_yyx': 'lstm', 'activation_func_yyx': 'Tanh', 'L2_weight_yyx': 1.17711118898392e-08, 'L_entropy_weight_yyx': 7.473985830530855e-10, 'L_sep_weight_yyx': 7.79317202422217e-09, 'L_scale_weight_yyx': 5.210661720615367e-09, 'learning_rate_yyx': 0.007281786488529081}. Best is trial 21 with value: -2.0975034066716556.
[I 2026-03-18 19:54:27,848] Trial 26 pruned. 
[I 2026-03-18 19:54:37,885] Trial 18 pruned. 
[I 2026-03-18 19:54:39,797] Trial 26 pruned. 
[I 2026-03-18 19:54:41,752] Trial 27 pruned. 
[I 2026-03-18 19:54:42,796] Trial 34 finished with value: -1.6123572215239912 and parameters: {'n_layers_yyx': 1, 'hidden_size_yyx_l0': 6, 'context_size_yyx': 4, 'num_mix_components_yyx': 4, 'context_extractor_yyx': 'lstm', 'activation_func_yyx': 'ReLU', 'L2_weight_yyx': 4.365717641505938e-09, 'L_entropy_weight_yyx': 3.6548057714893715e-08, 'L_sep_weight_yyx': 1.0432562287759958e-09, 'L_scale_weight_yyx': 4.309884394361559e-05, 'learning_rate_yyx': 0.008163414597461949}. Best is trial 26 with value: -1.6132763574564741.
[I 2026-03-18 19:54:44,606] Trial 19 pruned. 
[I 2026-03-18 19:54:45,998] Trial 32 pruned. 
[I 2026-03-18 19:54:46,976] Trial 9 finished with value: -2.079563642613463 and parameters: {'n_layers_yyx': 2, 'hidden_size_yyx_l0': 5, 'hidden_size_yyx_l1': 4, 'context_size_yyx': 1, 'num_mix_components_yyx': 4, 'context_extractor_yyx': 'lstm', 'activation_func_yyx': 'GELU', 'L2_weight_yyx': 2.429546245727533e-07, 'L_entropy_weight_yyx': 0.0002720975230007864, 'L_sep_weight_yyx': 3.5981260210928697e-09, 'L_scale_weight_yyx': 1.444058439337976e-09, 'learning_rate_yyx': 0.003871776930351284}. Best is trial 6 with value: -2.0854983656867034.
[I 2026-03-18 19:54:48,871] Trial 16 pruned. 
[I 2026-03-18 19:54:49,628] Trial 22 pruned. 
[I 2026-03-18 19:54:50,526] Trial 18 finished with value: -1.623667107141606 and parameters: {'n_layers_yyx': 2, 'hidden_size_yyx_l0': 6, 'hidden_size_yyx_l1': 6, 'context_size_yyx': 2, 'num_mix_components_yyx': 5, 'context_extractor_yyx': 'gru', 'activation_func_yyx': 'ReLU', 'L2_weight_yyx': 8.443673436498937e-05, 'L_entropy_weight_yyx': 1.7808455512157588e-07, 'L_sep_weight_yyx': 1.7424193206467914e-08, 'L_scale_weight_yyx': 2.0802577735871763e-08, 'learning_rate_yyx': 0.002570114156380585}. Best is trial 3 with value: -1.6307942617099915.
[I 2026-03-18 19:54:51,337] Trial 20 pruned. 
[I 2026-03-18 19:54:51,862] Trial 33 pruned. 
[I 2026-03-18 19:54:52,143] Trial 14 pruned. 
[I 2026-03-18 19:54:55,487] Trial 17 pruned. 
[I 2026-03-18 19:54:57,750] Trial 34 pruned. 
[I 2026-03-18 19:54:59,177] Trial 15 pruned. 
[I 2026-03-18 19:54:59,306] Trial 21 pruned. 
[I 2026-03-18 19:54:59,548] Trial 17 pruned. 
[I 2026-03-18 19:55:03,955] Trial 23 pruned. 
[I 2026-03-18 19:55:04,942] Trial 20 finished with value: -1.6167068819328152 and parameters: {'n_layers_yyx': 2, 'hidden_size_yyx_l0': 6, 'hidden_size_yyx_l1': 5, 'context_size_yyx': 4, 'num_mix_components_yyx': 3, 'context_extractor_yyx': 'lstm', 'activation_func_yyx': 'Tanh', 'L2_weight_yyx': 8.552341083152221e-08, 'L_entropy_weight_yyx': 3.300280863367713e-10, 'L_sep_weight_yyx': 9.441738648069708e-09, 'L_scale_weight_yyx': 0.00013421810954207742, 'learning_rate_yyx': 0.005683750101471175}. Best is trial 19 with value: -1.6167309256757225.
[I 2026-03-18 19:55:06,292] Trial 16 pruned. 
[I 2026-03-18 19:55:08,098] Trial 19 finished with value: -2.0928059332471287 and parameters: {'n_layers_yyx': 1, 'hidden_size_yyx_l0': 4, 'context_size_yyx': 1, 'num_mix_components_yyx': 5, 'context_extractor_yyx': 'gru', 'activation_func_yyx': 'Tanh', 'L2_weight_yyx': 1.0683808757137862e-05, 'L_entropy_weight_yyx': 4.086504021210168e-05, 'L_sep_weight_yyx': 1.4551513367516252e-06, 'L_scale_weight_yyx': 1.6759105238895998e-09, 'learning_rate_yyx': 0.006786664928477724}. Best is trial 2 with value: -2.093203554819634.
[I 2026-03-18 19:55:10,362] Trial 17 pruned. 
[I 2026-03-18 19:55:11,720] Trial 13 finished with value: -2.0909758676441306 and parameters: {'n_layers_yyx': 1, 'hidden_size_yyx_l0': 6, 'context_size_yyx': 4, 'num_mix_components_yyx': 5, 'context_extractor_yyx': 'gru', 'activation_func_yyx': 'Tanh', 'L2_weight_yyx': 8.796031753502227e-09, 'L_entropy_weight_yyx': 5.653066857299963e-09, 'L_sep_weight_yyx': 5.997934401646961e-09, 'L_scale_weight_yyx': 1.0139163618234102e-10, 'learning_rate_yyx': 0.005291503677025066}. Best is trial 10 with value: -2.091011705152489.
[I 2026-03-18 19:55:13,833] Trial 18 pruned. 
[I 2026-03-18 19:55:17,722] Trial 24 pruned. 
[I 2026-03-18 19:55:18,514] Trial 14 pruned. 
[I 2026-03-18 19:55:18,595] Trial 28 pruned. 
[I 2026-03-18 19:55:22,436] Trial 20 pruned. 
[I 2026-03-18 19:55:23,282] Trial 18 pruned. 
[I 2026-03-18 19:55:23,641] Trial 25 pruned. 
[I 2026-03-18 19:55:24,786] Trial 29 pruned. 
[I 2026-03-18 19:55:25,232] Trial 15 pruned. 
[I 2026-03-18 19:55:27,899] Trial 19 pruned. 
[I 2026-03-18 19:55:28,754] Trial 10 pruned. 
[I 2026-03-18 19:55:32,430] Trial 16 pruned. 
[I 2026-03-18 19:55:34,356] Trial 20 pruned. 
[I 2026-03-18 19:55:35,705] Trial 11 pruned. 
[I 2026-03-18 19:55:37,592] Trial 21 pruned. 
[I 2026-03-18 19:55:38,870] Trial 22 pruned. 
[I 2026-03-18 19:55:39,454] Trial 17 pruned. 
[I 2026-03-18 19:55:40,009] Trial 28 finished with value: -1.632462337816119 and parameters: {'n_layers_yyx': 1, 'hidden_size_yyx_l0': 2, 'context_size_yyx': 2, 'num_mix_components_yyx': 5, 'context_extractor_yyx': 'lstm', 'activation_func_yyx': 'ReLU', 'L2_weight_yyx': 1.8782774564730403e-08, 'L_entropy_weight_yyx': 1.0100814678316077e-06, 'L_sep_weight_yyx': 1.595811162560335e-09, 'L_scale_weight_yyx': 2.950942973880056e-05, 'learning_rate_yyx': 0.001905138589959071}. Best is trial 13 with value: -1.640321681328409.
[I 2026-03-18 19:55:40,042] Trial 30 pruned. 
[I 2026-03-18 19:55:42,925] Trial 12 pruned. 
[I 2026-03-18 19:55:43,515] Trial 35 finished with value: -1.6130707625058818 and parameters: {'n_layers_yyx': 1, 'hidden_size_yyx_l0': 6, 'context_size_yyx': 4, 'num_mix_components_yyx': 5, 'context_extractor_yyx': 'lstm', 'activation_func_yyx': 'GELU', 'L2_weight_yyx': 6.1420403116751226e-09, 'L_entropy_weight_yyx': 3.431196162709265e-09, 'L_sep_weight_yyx': 9.502395339636115e-10, 'L_scale_weight_yyx': 0.0009388507522646101, 'learning_rate_yyx': 0.008396304518535513}. Best is trial 26 with value: -1.6132763574564741.
[I 2026-03-18 19:55:44,166] Trial 23 pruned. 
[I 2026-03-18 19:55:45,030] Trial 20 finished with value: -2.0612839941220296 and parameters: {'n_layers_yyx': 1, 'hidden_size_yyx_l0': 3, 'context_size_yyx': 3, 'num_mix_components_yyx': 3, 'context_extractor_yyx': 'lstm', 'activation_func_yyx': 'GELU', 'L2_weight_yyx': 1.8511865674008599e-09, 'L_entropy_weight_yyx': 1.545826424886232e-10, 'L_sep_weight_yyx': 9.638911849811392e-07, 'L_scale_weight_yyx': 1.0900640624009114e-05, 'learning_rate_yyx': 0.008041237373409218}. Best is trial 1 with value: -2.0819965339546846.
[I 2026-03-18 19:55:46,439] Trial 31 finished with value: -2.0582502854357867 and parameters: {'n_layers_yyx': 2, 'hidden_size_yyx_l0': 2, 'hidden_size_yyx_l1': 5, 'context_size_yyx': 2, 'num_mix_components_yyx': 3, 'context_extractor_yyx': 'lstm', 'activation_func_yyx': 'GELU', 'L2_weight_yyx': 4.056044341408068e-09, 'L_entropy_weight_yyx': 1.8277043784279733e-09, 'L_sep_weight_yyx': 6.401535994028843e-05, 'L_scale_weight_yyx': 8.714582056579318e-05, 'learning_rate_yyx': 0.006187928971192693}. Best is trial 2 with value: -2.059868681386501.
[I 2026-03-18 19:55:46,738] Trial 29 pruned. 
[I 2026-03-18 19:55:46,969] Trial 31 pruned. 
[I 2026-03-18 19:55:50,173] Trial 35 finished with value: -1.596134768109559 and parameters: {'n_layers_yyx': 2, 'hidden_size_yyx_l0': 6, 'hidden_size_yyx_l1': 5, 'context_size_yyx': 3, 'num_mix_components_yyx': 3, 'context_extractor_yyx': 'gru', 'activation_func_yyx': 'ReLU', 'L2_weight_yyx': 0.00012053986752985723, 'L_entropy_weight_yyx': 1.1566582633752887e-07, 'L_sep_weight_yyx': 8.306065337789368e-10, 'L_scale_weight_yyx': 6.59419476837218e-10, 'learning_rate_yyx': 0.008220214056741663}. Best is trial 7 with value: -1.6077896387869492.
[I 2026-03-18 19:55:50,390] Trial 13 pruned. 
[I 2026-03-18 19:55:51,496] Trial 22 finished with value: -2.0815283582745923 and parameters: {'n_layers_yyx': 1, 'hidden_size_yyx_l0': 6, 'context_size_yyx': 4, 'num_mix_components_yyx': 5, 'context_extractor_yyx': 'lstm', 'activation_func_yyx': 'ReLU', 'L2_weight_yyx': 1.5633014828639068e-09, 'L_entropy_weight_yyx': 7.247781605666399e-09, 'L_sep_weight_yyx': 1.527477213325898e-05, 'L_scale_weight_yyx': 0.0002228422550530162, 'learning_rate_yyx': 0.00722683139920571}. Best is trial 13 with value: -2.092152629106611.
[I 2026-03-18 19:55:52,669] Trial 32 pruned. 
[I 2026-03-18 19:55:52,925] Trial 30 pruned. 
[I 2026-03-18 19:55:53,507] Trial 18 pruned. 
[I 2026-03-18 19:55:54,631] Trial 23 finished with value: -1.6040246267221197 and parameters: {'n_layers_yyx': 1, 'hidden_size_yyx_l0': 6, 'context_size_yyx': 1, 'num_mix_components_yyx': 2, 'context_extractor_yyx': 'gru', 'activation_func_yyx': 'GELU', 'L2_weight_yyx': 5.959869638631345e-08, 'L_entropy_weight_yyx': 1.1701261395547143e-10, 'L_sep_weight_yyx': 8.647786646400697e-10, 'L_scale_weight_yyx': 2.008076763314648e-09, 'learning_rate_yyx': 0.002101411167372742}. Best is trial 1 with value: -1.6113757535901372.
[I 2026-03-18 19:55:55,818] Trial 19 pruned. 
[I 2026-03-18 19:55:56,593] Trial 36 pruned. 
[I 2026-03-18 19:55:56,595] Trial 15 finished with value: -2.1220150931106305 and parameters: {'n_layers_yyx': 1, 'hidden_size_yyx_l0': 4, 'context_size_yyx': 2, 'num_mix_components_yyx': 5, 'context_extractor_yyx': 'gru', 'activation_func_yyx': 'Tanh', 'L2_weight_yyx': 2.1711865848817722e-05, 'L_entropy_weight_yyx': 5.382502530450802e-05, 'L_sep_weight_yyx': 2.0470819009782043e-08, 'L_scale_weight_yyx': 0.0005664379329401989, 'learning_rate_yyx': 0.009835517774520044}. Best is trial 10 with value: -2.123509279126982.
[I 2026-03-18 19:55:58,840] Trial 24 pruned. 
[I 2026-03-18 19:55:59,283] Trial 31 pruned. 
[I 2026-03-18 19:56:00,379] Trial 19 pruned. 
[I 2026-03-18 19:56:01,756] Trial 36 pruned. 
[I 2026-03-18 19:56:06,026] Trial 33 pruned. 
[I 2026-03-18 19:56:07,580] Trial 37 pruned. 
[I 2026-03-18 19:56:07,610] Trial 20 pruned. 
[I 2026-03-18 19:56:07,680] Trial 24 pruned. 
[I 2026-03-18 19:56:11,071] Trial 16 pruned. 
[I 2026-03-18 19:56:12,307] Trial 25 pruned. 
[I 2026-03-18 19:56:12,703] Trial 32 pruned. 
[I 2026-03-18 19:56:13,894] Trial 25 pruned. 
[I 2026-03-18 19:56:15,444] Trial 22 pruned. 
[I 2026-03-18 19:56:17,878] Trial 21 finished with value: -1.6169303846739371 and parameters: {'n_layers_yyx': 2, 'hidden_size_yyx_l0': 6, 'hidden_size_yyx_l1': 5, 'context_size_yyx': 4, 'num_mix_components_yyx': 3, 'context_extractor_yyx': 'lstm', 'activation_func_yyx': 'Tanh', 'L2_weight_yyx': 1.206614197355089e-07, 'L_entropy_weight_yyx': 1.4565511714491456e-10, 'L_sep_weight_yyx': 7.652302167053863e-09, 'L_scale_weight_yyx': 0.00013337636067282363, 'learning_rate_yyx': 0.006079028344200393}. Best is trial 21 with value: -1.6169303846739371.
[I 2026-03-18 19:56:17,910] Trial 26 finished with value: -1.6114725766718334 and parameters: {'n_layers_yyx': 2, 'hidden_size_yyx_l0': 3, 'hidden_size_yyx_l1': 5, 'context_size_yyx': 4, 'num_mix_components_yyx': 5, 'context_extractor_yyx': 'lstm', 'activation_func_yyx': 'Tanh', 'L2_weight_yyx': 1.20315447671657e-05, 'L_entropy_weight_yyx': 2.1061355709694056e-07, 'L_sep_weight_yyx': 0.0001251061748267592, 'L_scale_weight_yyx': 1.1973573413147086e-07, 'learning_rate_yyx': 0.006888544686253124}. Best is trial 20 with value: -1.6161773654609999.
[I 2026-03-18 19:56:19,065] Trial 23 pruned. 
[I 2026-03-18 19:56:19,206] Trial 33 pruned. 
[I 2026-03-18 19:56:20,150] Trial 26 pruned. 
[I 2026-03-18 19:56:20,152] Trial 38 pruned. 
[I 2026-03-18 19:56:21,011] Trial 27 pruned. 
[I 2026-03-18 19:56:21,636] Trial 21 pruned. 
[I 2026-03-18 19:56:23,603] Trial 19 pruned. 
[I 2026-03-18 19:56:23,824] Trial 27 pruned. 
[I 2026-03-18 19:56:24,787] Trial 26 pruned. 
[I 2026-03-18 19:56:24,868] Trial 24 pruned. 
[I 2026-03-18 19:56:25,191] Trial 34 pruned. 
[I 2026-03-18 19:56:25,393] Trial 17 pruned. 
[I 2026-03-18 19:56:25,541] Trial 27 pruned. 
[I 2026-03-18 19:56:27,594] Trial 28 pruned. 
[I 2026-03-18 19:56:29,619] Trial 18 pruned. 
[I 2026-03-18 19:56:29,812] Trial 20 pruned. 
[I 2026-03-18 19:56:30,053] Trial 23 pruned. 
[I 2026-03-18 19:56:30,343] Trial 20 pruned. 
[I 2026-03-18 19:56:32,043] Trial 25 pruned. 
[I 2026-03-18 19:56:32,071] Trial 35 pruned. 
[I 2026-03-18 19:56:34,956] Trial 22 pruned. 
[I 2026-03-18 19:56:35,897] Trial 21 pruned. 
[I 2026-03-18 19:56:36,079] Trial 19 pruned. 
[I 2026-03-18 19:56:36,157] Trial 18 finished with value: -2.077424401678778 and parameters: {'n_layers_yyx': 2, 'hidden_size_yyx_l0': 2, 'hidden_size_yyx_l1': 5, 'context_size_yyx': 3, 'num_mix_components_yyx': 1, 'context_extractor_yyx': 'gru', 'activation_func_yyx': 'GELU', 'L2_weight_yyx': 3.0993695557716634e-07, 'L_entropy_weight_yyx': 4.159761287056563e-06, 'L_sep_weight_yyx': 1.5043659300952555e-09, 'L_scale_weight_yyx': 0.00012699500649250006, 'learning_rate_yyx': 0.0023634361405924014}. Best is trial 8 with value: -2.0851807543284644.
[I 2026-03-18 19:56:36,830] Trial 28 pruned. 
[I 2026-03-18 19:56:36,991] Trial 21 pruned. 
[I 2026-03-18 19:56:38,380] Trial 36 pruned. 
[I 2026-03-18 19:56:38,761] Trial 21 finished with value: -2.0697218429773656 and parameters: {'n_layers_yyx': 2, 'hidden_size_yyx_l0': 5, 'hidden_size_yyx_l1': 6, 'context_size_yyx': 4, 'num_mix_components_yyx': 3, 'context_extractor_yyx': 'lstm', 'activation_func_yyx': 'Tanh', 'L2_weight_yyx': 3.201208796694126e-08, 'L_entropy_weight_yyx': 8.652063540840875e-10, 'L_sep_weight_yyx': 6.8717680444915185e-06, 'L_scale_weight_yyx': 8.72854578894787e-06, 'learning_rate_yyx': 0.009822683690935856}. Best is trial 1 with value: -2.0819965339546846.
[I 2026-03-18 19:56:38,825] Trial 14 finished with value: -2.0936086041286655 and parameters: {'n_layers_yyx': 1, 'hidden_size_yyx_l0': 6, 'context_size_yyx': 4, 'num_mix_components_yyx': 4, 'context_extractor_yyx': 'gru', 'activation_func_yyx': 'Tanh', 'L2_weight_yyx': 3.682209713907975e-09, 'L_entropy_weight_yyx': 2.376276048698765e-09, 'L_sep_weight_yyx': 2.442889530521433e-09, 'L_scale_weight_yyx': 1.533441939859012e-10, 'learning_rate_yyx': 0.009881548475705777}. Best is trial 14 with value: -2.0936086041286655.
[I 2026-03-18 19:56:39,047] Trial 26 pruned. 
[I 2026-03-18 19:56:41,634] Trial 23 pruned. 
[I 2026-03-18 19:56:42,194] Trial 29 pruned. 
[I 2026-03-18 19:56:44,813] Trial 24 pruned. 
[I 2026-03-18 19:56:46,618] Trial 27 pruned. 
[I 2026-03-18 19:56:48,974] Trial 32 finished with value: -1.6112133259262207 and parameters: {'n_layers_yyx': 2, 'hidden_size_yyx_l0': 2, 'hidden_size_yyx_l1': 5, 'context_size_yyx': 4, 'num_mix_components_yyx': 2, 'context_extractor_yyx': 'gru', 'activation_func_yyx': 'GELU', 'L2_weight_yyx': 1.5021336754421818e-09, 'L_entropy_weight_yyx': 2.5956251388921238e-08, 'L_sep_weight_yyx': 6.97632450937177e-07, 'L_scale_weight_yyx': 0.00011667515345800088, 'learning_rate_yyx': 0.009924468275567835}. Best is trial 21 with value: -1.6119054721666712.
[I 2026-03-18 19:56:48,975] Trial 17 finished with value: -2.069708707124051 and parameters: {'n_layers_yyx': 2, 'hidden_size_yyx_l0': 3, 'hidden_size_yyx_l1': 5, 'context_size_yyx': 4, 'num_mix_components_yyx': 1, 'context_extractor_yyx': 'gru', 'activation_func_yyx': 'Tanh', 'L2_weight_yyx': 8.874837732446677e-10, 'L_entropy_weight_yyx': 1.3763556621196064e-07, 'L_sep_weight_yyx': 1.7944707342795714e-09, 'L_scale_weight_yyx': 1.3191666074149054e-05, 'learning_rate_yyx': 0.005488532453457174}. Best is trial 11 with value: -2.095012278283745.
[I 2026-03-18 19:56:49,495] Trial 29 pruned. 
[I 2026-03-18 19:56:50,918] Trial 22 pruned. 
[I 2026-03-18 19:56:51,680] Trial 19 pruned. 
[I 2026-03-18 19:56:51,681] Trial 22 pruned. 
[I 2026-03-18 19:56:53,776] Trial 22 pruned. 
[I 2026-03-18 19:56:55,577] Trial 33 pruned. 
[I 2026-03-18 19:56:55,685] Trial 24 pruned. 
[I 2026-03-18 19:56:56,900] Trial 30 pruned. 
[I 2026-03-18 19:56:57,337] Trial 37 finished with value: -1.612323960337204 and parameters: {'n_layers_yyx': 1, 'hidden_size_yyx_l0': 6, 'context_size_yyx': 4, 'num_mix_components_yyx': 5, 'context_extractor_yyx': 'lstm', 'activation_func_yyx': 'GELU', 'L2_weight_yyx': 6.051334122442776e-08, 'L_entropy_weight_yyx': 3.680731452733917e-08, 'L_sep_weight_yyx': 2.886593877708389e-10, 'L_scale_weight_yyx': 0.0002261478713284715, 'learning_rate_yyx': 0.008963085465482943}. Best is trial 26 with value: -1.6132763574564741.
[I 2026-03-18 19:56:59,710] Trial 28 pruned. 
[I 2026-03-18 19:57:01,511] Trial 28 pruned. 
[I 2026-03-18 19:57:07,960] Trial 29 pruned. 
[I 2026-03-18 19:57:08,152] Trial 23 pruned. 
[I 2026-03-18 19:57:08,560] Trial 21 pruned. 
[I 2026-03-18 19:57:09,754] Trial 38 pruned. 
[I 2026-03-18 19:57:10,131] Trial 25 pruned. 
[I 2026-03-18 19:57:12,476] Trial 29 pruned. 
[I 2026-03-18 19:57:13,416] Trial 23 finished with value: -2.08157089184097 and parameters: {'n_layers_yyx': 1, 'hidden_size_yyx_l0': 6, 'context_size_yyx': 4, 'num_mix_components_yyx': 5, 'context_extractor_yyx': 'lstm', 'activation_func_yyx': 'ReLU', 'L2_weight_yyx': 4.914538411791804e-10, 'L_entropy_weight_yyx': 9.864626949986788e-10, 'L_sep_weight_yyx': 0.0001590356911110336, 'L_scale_weight_yyx': 0.0008525275152958875, 'learning_rate_yyx': 0.0077242057449364975}. Best is trial 13 with value: -2.092152629106611.
[I 2026-03-18 19:57:14,268] Trial 30 pruned. 
[I 2026-03-18 19:57:15,056] Trial 22 pruned. 
[I 2026-03-18 19:57:16,963] Trial 26 pruned. 
[I 2026-03-18 19:57:18,859] Trial 30 pruned. 
[I 2026-03-18 19:57:19,439] Trial 24 pruned. 
[I 2026-03-18 19:57:21,852] Trial 23 pruned. 
[I 2026-03-18 19:57:22,135] Trial 39 pruned. 
[I 2026-03-18 19:57:23,317] Trial 25 pruned. 
[I 2026-03-18 19:57:30,223] Trial 26 pruned. 
[I 2026-03-18 19:57:31,188] Trial 27 pruned. 
[I 2026-03-18 19:57:31,606] Trial 31 pruned. 
[I 2026-03-18 19:57:33,708] Trial 25 pruned. 
[I 2026-03-18 19:57:35,074] Trial 24 pruned. 
[I 2026-03-18 19:57:36,406] Trial 37 finished with value: -1.6338651762779575 and parameters: {'n_layers_yyx': 2, 'hidden_size_yyx_l0': 6, 'hidden_size_yyx_l1': 5, 'context_size_yyx': 4, 'num_mix_components_yyx': 4, 'context_extractor_yyx': 'lstm', 'activation_func_yyx': 'ReLU', 'L2_weight_yyx': 2.3757499259075877e-05, 'L_entropy_weight_yyx': 1.0263199056409697e-05, 'L_sep_weight_yyx': 1.9463963692415172e-08, 'L_scale_weight_yyx': 2.474185407118353e-07, 'learning_rate_yyx': 0.0078009883751546764}. Best is trial 13 with value: -1.640321681328409.
[I 2026-03-18 19:57:37,586] Trial 28 pruned. 
[I 2026-03-18 19:57:40,543] Trial 26 pruned. 
[I 2026-03-18 19:57:42,906] Trial 27 finished with value: -1.6485523746486923 and parameters: {'n_layers_yyx': 2, 'hidden_size_yyx_l0': 4, 'hidden_size_yyx_l1': 5, 'context_size_yyx': 4, 'num_mix_components_yyx': 5, 'context_extractor_yyx': 'gru', 'activation_func_yyx': 'ReLU', 'L2_weight_yyx': 0.0001548607652612232, 'L_entropy_weight_yyx': 0.0002867400380369762, 'L_sep_weight_yyx': 5.8541083426711497e-05, 'L_scale_weight_yyx': 4.900310282317144e-05, 'learning_rate_yyx': 0.005144183253972027}. Best is trial 12 with value: -1.6531010225123595.
[I 2026-03-18 19:57:43,041] Trial 38 pruned. 
[I 2026-03-18 19:57:43,644] Trial 34 pruned. 
[I 2026-03-18 19:57:44,376] Trial 29 pruned. 
[I 2026-03-18 19:57:44,632] Trial 24 pruned. 
[I 2026-03-18 19:57:49,068] Trial 28 pruned. 
[I 2026-03-18 19:57:53,891] Trial 27 pruned. 
[I 2026-03-18 19:57:55,327] Trial 29 pruned. 
[I 2026-03-18 19:57:56,359] Trial 39 pruned. 
[I 2026-03-18 19:57:57,444] Trial 14 finished with value: -2.087390911661656 and parameters: {'n_layers_yyx': 1, 'hidden_size_yyx_l0': 5, 'context_size_yyx': 3, 'num_mix_components_yyx': 5, 'context_extractor_yyx': 'lstm', 'activation_func_yyx': 'ReLU', 'L2_weight_yyx': 2.588926253097601e-06, 'L_entropy_weight_yyx': 1.0826054214205661e-06, 'L_sep_weight_yyx': 3.420495467743814e-06, 'L_scale_weight_yyx': 6.232177129020886e-09, 'learning_rate_yyx': 0.00301720531374756}. Best is trial 14 with value: -2.087390911661656.
[I 2026-03-18 19:57:58,068] Trial 18 finished with value: -2.1129477654162 and parameters: {'n_layers_yyx': 1, 'hidden_size_yyx_l0': 6, 'context_size_yyx': 1, 'num_mix_components_yyx': 4, 'context_extractor_yyx': 'gru', 'activation_func_yyx': 'GELU', 'L2_weight_yyx': 0.0009741729996015425, 'L_entropy_weight_yyx': 5.046273295715014e-06, 'L_sep_weight_yyx': 9.601936402307283e-07, 'L_scale_weight_yyx': 0.0008829624699553458, 'learning_rate_yyx': 0.006867878281551094}. Best is trial 10 with value: -2.123509279126982.
[I 2026-03-18 19:57:58,156] Trial 39 finished with value: -1.6090295482077699 and parameters: {'n_layers_yyx': 2, 'hidden_size_yyx_l0': 5, 'hidden_size_yyx_l1': 2, 'context_size_yyx': 1, 'num_mix_components_yyx': 2, 'context_extractor_yyx': 'lstm', 'activation_func_yyx': 'Tanh', 'L2_weight_yyx': 1.4681225723951507e-05, 'L_entropy_weight_yyx': 2.8177482899333417e-05, 'L_sep_weight_yyx': 2.5638783508664707e-10, 'L_scale_weight_yyx': 2.1459789267446448e-08, 'learning_rate_yyx': 0.009986935372196576}. Best is trial 39 with value: -1.6090295482077699.
[I 2026-03-18 19:57:58,453] Trial 25 pruned. 
[I 2026-03-18 19:57:58,774] Trial 34 finished with value: -1.611842517835889 and parameters: {'n_layers_yyx': 2, 'hidden_size_yyx_l0': 3, 'hidden_size_yyx_l1': 5, 'context_size_yyx': 4, 'num_mix_components_yyx': 1, 'context_extractor_yyx': 'gru', 'activation_func_yyx': 'GELU', 'L2_weight_yyx': 7.663667252999104e-09, 'L_entropy_weight_yyx': 2.2816690578997774e-07, 'L_sep_weight_yyx': 3.3224490310699335e-07, 'L_scale_weight_yyx': 2.106307516272639e-05, 'learning_rate_yyx': 0.009918850259987719}. Best is trial 21 with value: -1.6119054721666712.
[I 2026-03-18 19:58:00,302] Trial 15 finished with value: -2.081373835300184 and parameters: {'n_layers_yyx': 1, 'hidden_size_yyx_l0': 5, 'context_size_yyx': 4, 'num_mix_components_yyx': 4, 'context_extractor_yyx': 'gru', 'activation_func_yyx': 'Tanh', 'L2_weight_yyx': 9.663502723236805e-10, 'L_entropy_weight_yyx': 3.036070787740328e-09, 'L_sep_weight_yyx': 1.8427608140223192e-09, 'L_scale_weight_yyx': 1.3467051968310408e-10, 'learning_rate_yyx': 0.009506788073746275}. Best is trial 14 with value: -2.0936086041286655.
[I 2026-03-18 19:58:02,186] Trial 30 pruned. 
[I 2026-03-18 19:58:02,534] Trial 40 pruned. 
[I 2026-03-18 19:58:05,554] Trial 35 pruned. 
[I 2026-03-18 19:58:06,163] Trial 23 finished with value: -1.6150631494919108 and parameters: {'n_layers_yyx': 2, 'hidden_size_yyx_l0': 6, 'hidden_size_yyx_l1': 5, 'context_size_yyx': 4, 'num_mix_components_yyx': 4, 'context_extractor_yyx': 'lstm', 'activation_func_yyx': 'Tanh', 'L2_weight_yyx': 5.1075656191928146e-08, 'L_entropy_weight_yyx': 7.584868980101705e-10, 'L_sep_weight_yyx': 1.8669296786402636e-10, 'L_scale_weight_yyx': 1.4307834710301645e-06, 'learning_rate_yyx': 0.005662592446305843}. Best is trial 21 with value: -1.6169303846739371.
[I 2026-03-18 19:58:07,228] Trial 16 pruned. 
[I 2026-03-18 19:58:07,742] Trial 27 pruned. 
[I 2026-03-18 19:58:09,579] Trial 25 pruned. 
[I 2026-03-18 19:58:11,186] Trial 40 pruned. 
[I 2026-03-18 19:58:14,729] Trial 15 pruned. 
[I 2026-03-18 19:58:14,990] Trial 28 pruned. 
[I 2026-03-18 19:58:15,033] Trial 26 pruned. 
[I 2026-03-18 19:58:16,221] Trial 26 pruned. 
[I 2026-03-18 19:58:17,783] Trial 40 finished with value: -1.6124195811809745 and parameters: {'n_layers_yyx': 1, 'hidden_size_yyx_l0': 6, 'context_size_yyx': 4, 'num_mix_components_yyx': 5, 'context_extractor_yyx': 'lstm', 'activation_func_yyx': 'GELU', 'L2_weight_yyx': 5.81308705651796e-08, 'L_entropy_weight_yyx': 8.393483586114298e-10, 'L_sep_weight_yyx': 2.3822232956296943e-10, 'L_scale_weight_yyx': 2.7262975989409466e-05, 'learning_rate_yyx': 0.0084227802058871}. Best is trial 26 with value: -1.6132763574564741.
[I 2026-03-18 19:58:17,881] Trial 41 pruned. 
[I 2026-03-18 19:58:18,401] Trial 20 finished with value: -2.081901737546831 and parameters: {'n_layers_yyx': 1, 'hidden_size_yyx_l0': 4, 'context_size_yyx': 4, 'num_mix_components_yyx': 2, 'context_extractor_yyx': 'gru', 'activation_func_yyx': 'ReLU', 'L2_weight_yyx': 4.37031751665404e-09, 'L_entropy_weight_yyx': 0.0001426276591176782, 'L_sep_weight_yyx': 7.533856886045248e-08, 'L_scale_weight_yyx': 2.278037721660612e-06, 'learning_rate_yyx': 0.009937379837113092}. Best is trial 8 with value: -2.0851807543284644.
[I 2026-03-18 19:58:18,565] Trial 31 finished with value: -2.096397587865949 and parameters: {'n_layers_yyx': 1, 'hidden_size_yyx_l0': 4, 'context_size_yyx': 4, 'num_mix_components_yyx': 5, 'context_extractor_yyx': 'lstm', 'activation_func_yyx': 'Tanh', 'L2_weight_yyx': 1.947558931187992e-08, 'L_entropy_weight_yyx': 1.895376605282497e-08, 'L_sep_weight_yyx': 2.118029216613986e-08, 'L_scale_weight_yyx': 1.0087651946549041e-10, 'learning_rate_yyx': 0.00899578941980747}. Best is trial 21 with value: -2.0975034066716556.
[I 2026-03-18 19:58:19,257] Trial 30 pruned. 
[I 2026-03-18 19:58:23,239] Trial 41 pruned. 
[I 2026-03-18 19:58:25,515] Trial 23 pruned. 
[I 2026-03-18 19:58:25,576] Trial 32 pruned. 
[I 2026-03-18 19:58:30,067] Trial 29 pruned. 
[I 2026-03-18 19:58:30,237] Trial 28 pruned. 
[I 2026-03-18 19:58:30,459] Trial 41 pruned. 
[I 2026-03-18 19:58:31,440] Trial 27 pruned. 
[I 2026-03-18 19:58:32,744] Trial 42 pruned. 
[I 2026-03-18 19:58:33,876] Trial 21 pruned. 
[I 2026-03-18 19:58:35,413] Trial 42 pruned. 
[I 2026-03-18 19:58:37,226] Trial 30 pruned. 
[I 2026-03-18 19:58:37,464] Trial 29 pruned. 
[I 2026-03-18 19:58:39,133] Trial 24 pruned. 
[I 2026-03-18 19:58:39,938] Trial 33 pruned. 
[I 2026-03-18 19:58:40,358] Trial 31 pruned. 
[I 2026-03-18 19:58:40,699] Trial 22 finished with value: -1.6339605357080298 and parameters: {'n_layers_yyx': 1, 'hidden_size_yyx_l0': 6, 'context_size_yyx': 3, 'num_mix_components_yyx': 3, 'context_extractor_yyx': 'lstm', 'activation_func_yyx': 'Tanh', 'L2_weight_yyx': 0.00018889119893347354, 'L_entropy_weight_yyx': 4.369703209629971e-07, 'L_sep_weight_yyx': 7.289259990311471e-05, 'L_scale_weight_yyx': 9.832819575449596e-10, 'learning_rate_yyx': 0.0018208972412705271}. Best is trial 22 with value: -1.6339605357080298.
[I 2026-03-18 19:58:41,683] Trial 22 pruned. 
[I 2026-03-18 19:58:41,858] Trial 24 pruned. 
[I 2026-03-18 19:58:44,484] Trial 28 pruned. 
[I 2026-03-18 19:58:45,425] Trial 30 pruned. 
[I 2026-03-18 19:58:45,902] Trial 25 pruned. 
[I 2026-03-18 19:58:47,046] Trial 17 pruned. 
[I 2026-03-18 19:58:47,263] Trial 23 pruned. 
[I 2026-03-18 19:58:50,067] Trial 32 finished with value: -1.6089319319871331 and parameters: {'n_layers_yyx': 2, 'hidden_size_yyx_l0': 6, 'hidden_size_yyx_l1': 5, 'context_size_yyx': 4, 'num_mix_components_yyx': 3, 'context_extractor_yyx': 'lstm', 'activation_func_yyx': 'ReLU', 'L2_weight_yyx': 1.8931412393934389e-06, 'L_entropy_weight_yyx': 5.517272598618801e-10, 'L_sep_weight_yyx': 7.024518413566702e-05, 'L_scale_weight_yyx': 1.188534136497091e-08, 'learning_rate_yyx': 0.003755526626932899}. Best is trial 1 with value: -1.6113757535901372.
[I 2026-03-18 19:58:51,248] Trial 31 pruned. 
[I 2026-03-18 19:58:51,941] Trial 26 pruned. 
[I 2026-03-18 19:58:52,868] Trial 24 pruned. 
[I 2026-03-18 19:58:54,151] Trial 34 pruned. 
[I 2026-03-18 19:58:56,481] Trial 33 pruned. 
[I 2026-03-18 19:58:56,972] Trial 29 pruned. 
[I 2026-03-18 19:58:57,072] Trial 32 pruned. 
[I 2026-03-18 19:58:58,953] Trial 25 pruned. 
[I 2026-03-18 19:59:00,031] Trial 31 pruned. 
[I 2026-03-18 19:59:01,802] Trial 31 pruned. 
[I 2026-03-18 19:59:03,277] Trial 33 pruned. 
[I 2026-03-18 19:59:11,931] Trial 19 finished with value: -2.0939852852587046 and parameters: {'n_layers_yyx': 1, 'hidden_size_yyx_l0': 5, 'context_size_yyx': 2, 'num_mix_components_yyx': 2, 'context_extractor_yyx': 'gru', 'activation_func_yyx': 'Tanh', 'L2_weight_yyx': 1.6039911570390463e-06, 'L_entropy_weight_yyx': 8.318977457628993e-07, 'L_sep_weight_yyx': 6.682054076916625e-08, 'L_scale_weight_yyx': 5.995040932969965e-08, 'learning_rate_yyx': 0.007108087529228152}. Best is trial 10 with value: -2.123509279126982.
[I 2026-03-18 19:59:12,749] Trial 36 finished with value: -1.6079302670366475 and parameters: {'n_layers_yyx': 2, 'hidden_size_yyx_l0': 3, 'hidden_size_yyx_l1': 5, 'context_size_yyx': 4, 'num_mix_components_yyx': 1, 'context_extractor_yyx': 'gru', 'activation_func_yyx': 'GELU', 'L2_weight_yyx': 1.3733741142049807e-08, 'L_entropy_weight_yyx': 4.2972670644798745e-07, 'L_sep_weight_yyx': 2.7617445415119414e-07, 'L_scale_weight_yyx': 3.3475502893055145e-06, 'learning_rate_yyx': 0.00827908213352545}. Best is trial 21 with value: -1.6119054721666712.
[I 2026-03-18 19:59:14,187] Trial 32 pruned. 
[I 2026-03-18 19:59:14,194] Trial 25 pruned. 
[I 2026-03-18 19:59:15,692] Trial 34 pruned. 
[I 2026-03-18 19:59:16,376] Trial 32 pruned. 
[I 2026-03-18 19:59:16,729] Trial 31 pruned. 
[I 2026-03-18 19:59:19,125] Trial 20 pruned. 
[I 2026-03-18 19:59:21,169] Trial 26 pruned. 
[I 2026-03-18 19:59:22,254] Trial 35 pruned. 
[I 2026-03-18 19:59:22,347] Trial 23 pruned. 
[I 2026-03-18 19:59:23,600] Trial 33 pruned. 
[I 2026-03-18 19:59:24,768] Trial 32 pruned. 
[I 2026-03-18 19:59:26,060] Trial 21 pruned. 
[I 2026-03-18 19:59:27,150] Trial 27 pruned. 
[I 2026-03-18 19:59:27,774] Trial 20 finished with value: -1.6070137395596906 and parameters: {'n_layers_yyx': 1, 'hidden_size_yyx_l0': 5, 'context_size_yyx': 3, 'num_mix_components_yyx': 2, 'context_extractor_yyx': 'gru', 'activation_func_yyx': 'GELU', 'L2_weight_yyx': 1.1767555932673102e-05, 'L_entropy_weight_yyx': 3.6827531155728166e-06, 'L_sep_weight_yyx': 3.283025619627302e-06, 'L_scale_weight_yyx': 6.860191080057238e-10, 'learning_rate_yyx': 0.0007986679337290062}. Best is trial 9 with value: -1.613731891101604.
[I 2026-03-18 19:59:27,961] Trial 18 pruned. 
[I 2026-03-18 19:59:30,137] Trial 30 pruned. 
[I 2026-03-18 19:59:30,902] Trial 34 pruned. 
[I 2026-03-18 19:59:31,768] Trial 42 finished with value: -1.6124192703287616 and parameters: {'n_layers_yyx': 1, 'hidden_size_yyx_l0': 6, 'context_size_yyx': 4, 'num_mix_components_yyx': 5, 'context_extractor_yyx': 'lstm', 'activation_func_yyx': 'GELU', 'L2_weight_yyx': 2.9442547297963596e-07, 'L_entropy_weight_yyx': 4.271611453237779e-10, 'L_sep_weight_yyx': 2.805727431566623e-09, 'L_scale_weight_yyx': 0.00011875634465493517, 'learning_rate_yyx': 0.009704762375364218}. Best is trial 26 with value: -1.6132763574564741.
[I 2026-03-18 19:59:33,330] Trial 28 pruned. 
[I 2026-03-18 19:59:33,426] Trial 35 finished with value: -2.0527333312761384 and parameters: {'n_layers_yyx': 2, 'hidden_size_yyx_l0': 2, 'hidden_size_yyx_l1': 6, 'context_size_yyx': 3, 'num_mix_components_yyx': 2, 'context_extractor_yyx': 'gru', 'activation_func_yyx': 'GELU', 'L2_weight_yyx': 1.00833511339324e-09, 'L_entropy_weight_yyx': 4.77754874606237e-09, 'L_sep_weight_yyx': 8.316823263337139e-06, 'L_scale_weight_yyx': 0.0009102818455068836, 'learning_rate_yyx': 0.008985222625834972}. Best is trial 2 with value: -2.059868681386501.
[I 2026-03-18 19:59:35,094] Trial 19 pruned. 
[I 2026-03-18 19:59:35,334] Trial 36 pruned. 
[I 2026-03-18 19:59:39,779] Trial 33 pruned. 
[I 2026-03-18 19:59:40,481] Trial 21 pruned. 
[I 2026-03-18 19:59:41,403] Trial 37 pruned. 
[I 2026-03-18 19:59:44,853] Trial 43 finished with value: -1.6337547198303388 and parameters: {'n_layers_yyx': 2, 'hidden_size_yyx_l0': 3, 'hidden_size_yyx_l1': 6, 'context_size_yyx': 4, 'num_mix_components_yyx': 4, 'context_extractor_yyx': 'gru', 'activation_func_yyx': 'Tanh', 'L2_weight_yyx': 3.4576832220643206e-10, 'L_entropy_weight_yyx': 4.2249837972572817e-10, 'L_sep_weight_yyx': 7.946200329668362e-06, 'L_scale_weight_yyx': 4.517338864691295e-06, 'learning_rate_yyx': 0.005684895701222939}. Best is trial 13 with value: -1.640321681328409.
[I 2026-03-18 19:59:46,683] Trial 31 pruned. 
[I 2026-03-18 19:59:46,748] Trial 29 pruned. 
[I 2026-03-18 19:59:46,818] Trial 18 finished with value: -2.0781788426873966 and parameters: {'n_layers_yyx': 2, 'hidden_size_yyx_l0': 6, 'hidden_size_yyx_l1': 4, 'context_size_yyx': 1, 'num_mix_components_yyx': 3, 'context_extractor_yyx': 'gru', 'activation_func_yyx': 'Tanh', 'L2_weight_yyx': 7.409951951520608e-08, 'L_entropy_weight_yyx': 2.296669484675742e-06, 'L_sep_weight_yyx': 2.2138052655052966e-07, 'L_scale_weight_yyx': 9.06206899252411e-07, 'learning_rate_yyx': 0.0034821673493441664}. Best is trial 11 with value: -2.095012278283745.
[I 2026-03-18 19:59:48,555] Trial 34 finished with value: -1.6090419933816071 and parameters: {'n_layers_yyx': 2, 'hidden_size_yyx_l0': 6, 'hidden_size_yyx_l1': 4, 'context_size_yyx': 4, 'num_mix_components_yyx': 5, 'context_extractor_yyx': 'lstm', 'activation_func_yyx': 'ReLU', 'L2_weight_yyx': 2.2791735780106093e-06, 'L_entropy_weight_yyx': 1.6787132230941544e-09, 'L_sep_weight_yyx': 0.00030717989153733894, 'L_scale_weight_yyx': 1.0083484923305448e-07, 'learning_rate_yyx': 0.004870651001416356}. Best is trial 1 with value: -1.6113757535901372.
[I 2026-03-18 19:59:50,178] Trial 33 pruned. 
[I 2026-03-18 19:59:53,289] Trial 30 pruned. 
[I 2026-03-18 19:59:53,344] Trial 19 pruned. 
[I 2026-03-18 19:59:53,558] Trial 32 pruned. 
[I 2026-03-18 19:59:53,776] Trial 22 pruned. 
[I 2026-03-18 19:59:53,838] Trial 38 pruned. 
[I 2026-03-18 19:59:54,456] Trial 35 pruned. 
[I 2026-03-18 19:59:55,275] Trial 27 pruned. 
[I 2026-03-18 19:59:56,280] Trial 34 pruned. 
[I 2026-03-18 19:59:58,928] Trial 43 pruned. 
[I 2026-03-18 19:59:59,773] Trial 31 pruned. 
[I 2026-03-18 20:00:00,136] Trial 20 pruned. 
[I 2026-03-18 20:00:00,459] Trial 23 pruned. 
[I 2026-03-18 20:00:01,943] Trial 16 finished with value: -2.0883428670836364 and parameters: {'n_layers_yyx': 1, 'hidden_size_yyx_l0': 6, 'context_size_yyx': 3, 'num_mix_components_yyx': 5, 'context_extractor_yyx': 'lstm', 'activation_func_yyx': 'ReLU', 'L2_weight_yyx': 9.914159395769689e-06, 'L_entropy_weight_yyx': 8.055605537306128e-06, 'L_sep_weight_yyx': 2.9605695408852117e-07, 'L_scale_weight_yyx': 1.2142078838313988e-05, 'learning_rate_yyx': 0.006189822826392906}. Best is trial 16 with value: -2.0883428670836364.
[I 2026-03-18 20:00:02,802] Trial 35 pruned. 
[I 2026-03-18 20:00:04,386] Trial 44 pruned. 
[I 2026-03-18 20:00:04,726] Trial 35 finished with value: -2.0960752832987453 and parameters: {'n_layers_yyx': 1, 'hidden_size_yyx_l0': 5, 'context_size_yyx': 4, 'num_mix_components_yyx': 5, 'context_extractor_yyx': 'lstm', 'activation_func_yyx': 'Tanh', 'L2_weight_yyx': 1.909098473170292e-07, 'L_entropy_weight_yyx': 1.7761849118530448e-08, 'L_sep_weight_yyx': 1.0424214905649129e-09, 'L_scale_weight_yyx': 4.109983004564517e-09, 'learning_rate_yyx': 0.008798519818899241}. Best is trial 21 with value: -2.0975034066716556.
[I 2026-03-18 20:00:05,956] Trial 39 pruned. 
[I 2026-03-18 20:00:06,802] Trial 32 pruned. 
[I 2026-03-18 20:00:07,938] Trial 36 pruned. 
[I 2026-03-18 20:00:09,482] Trial 33 pruned. 
[I 2026-03-18 20:00:15,355] Trial 20 pruned. 
[I 2026-03-18 20:00:15,954] Trial 36 pruned. 
[I 2026-03-18 20:00:16,200] Trial 34 pruned. 
[I 2026-03-18 20:00:18,483] Trial 40 pruned. 
[I 2026-03-18 20:00:19,769] Trial 36 pruned. 
[I 2026-03-18 20:00:20,773] Trial 33 pruned. 
[I 2026-03-18 20:00:21,365] Trial 44 pruned. 
[I 2026-03-18 20:00:25,223] Trial 41 pruned. 
[I 2026-03-18 20:00:27,960] Trial 34 pruned. 
[I 2026-03-18 20:00:30,625] Trial 37 pruned. 
[I 2026-03-18 20:00:32,721] Trial 43 finished with value: -1.612546246700101 and parameters: {'n_layers_yyx': 1, 'hidden_size_yyx_l0': 6, 'context_size_yyx': 4, 'num_mix_components_yyx': 5, 'context_extractor_yyx': 'lstm', 'activation_func_yyx': 'GELU', 'L2_weight_yyx': 2.1461790932509917e-07, 'L_entropy_weight_yyx': 3.3341303441830226e-10, 'L_sep_weight_yyx': 3.3354815373486243e-09, 'L_scale_weight_yyx': 9.993132775416046e-05, 'learning_rate_yyx': 0.009933438939072248}. Best is trial 26 with value: -1.6132763574564741.
[I 2026-03-18 20:00:34,805] Trial 37 pruned. 
[I 2026-03-18 20:00:36,234] Trial 30 finished with value: -1.6152616083569185 and parameters: {'n_layers_yyx': 1, 'hidden_size_yyx_l0': 6, 'context_size_yyx': 3, 'num_mix_components_yyx': 5, 'context_extractor_yyx': 'gru', 'activation_func_yyx': 'GELU', 'L2_weight_yyx': 0.0003062449874587427, 'L_entropy_weight_yyx': 1.8800582678450897e-07, 'L_sep_weight_yyx': 2.892717516335664e-05, 'L_scale_weight_yyx': 0.00018929309028931912, 'learning_rate_yyx': 0.0029729873578508773}. Best is trial 30 with value: -1.6152616083569185.
[I 2026-03-18 20:00:36,293] Trial 37 finished with value: -1.5885930969400466 and parameters: {'n_layers_yyx': 2, 'hidden_size_yyx_l0': 3, 'hidden_size_yyx_l1': 6, 'context_size_yyx': 4, 'num_mix_components_yyx': 1, 'context_extractor_yyx': 'gru', 'activation_func_yyx': 'Tanh', 'L2_weight_yyx': 5.555214080433733e-10, 'L_entropy_weight_yyx': 1.731085560115291e-05, 'L_sep_weight_yyx': 2.680212593923957e-07, 'L_scale_weight_yyx': 0.0004739697189199762, 'learning_rate_yyx': 0.006902789534943489}. Best is trial 21 with value: -1.6119054721666712.
[I 2026-03-18 20:00:37,123] Trial 38 pruned. 
[I 2026-03-18 20:00:38,795] Trial 44 pruned. 
[I 2026-03-18 20:00:39,682] Trial 36 finished with value: -2.040569364980251 and parameters: {'n_layers_yyx': 2, 'hidden_size_yyx_l0': 6, 'hidden_size_yyx_l1': 5, 'context_size_yyx': 2, 'num_mix_components_yyx': 2, 'context_extractor_yyx': 'lstm', 'activation_func_yyx': 'GELU', 'L2_weight_yyx': 1.4928989138980164e-08, 'L_entropy_weight_yyx': 0.0009565753276471858, 'L_sep_weight_yyx': 0.00033052411292859037, 'L_scale_weight_yyx': 2.6745040518580535e-05, 'learning_rate_yyx': 0.006314091369885757}. Best is trial 2 with value: -2.059868681386501.
[I 2026-03-18 20:00:41,310] Trial 35 pruned. 
[I 2026-03-18 20:00:42,745] Trial 31 pruned. 
[I 2026-03-18 20:00:47,331] Trial 36 pruned. 
[I 2026-03-18 20:00:50,365] Trial 39 pruned. 
[I 2026-03-18 20:00:51,048] Trial 45 pruned. 
[I 2026-03-18 20:00:51,681] Trial 35 pruned. 
[I 2026-03-18 20:00:53,014] Trial 45 finished with value: -1.6065019833320082 and parameters: {'n_layers_yyx': 2, 'hidden_size_yyx_l0': 6, 'hidden_size_yyx_l1': 4, 'context_size_yyx': 4, 'num_mix_components_yyx': 5, 'context_extractor_yyx': 'lstm', 'activation_func_yyx': 'GELU', 'L2_weight_yyx': 0.00041021585693095416, 'L_entropy_weight_yyx': 8.862290129062389e-06, 'L_sep_weight_yyx': 4.0600246952644234e-10, 'L_scale_weight_yyx': 3.3445293291907475e-06, 'learning_rate_yyx': 0.009484635987064794}. Best is trial 39 with value: -1.6090295482077699.
[I 2026-03-18 20:00:53,733] Trial 37 pruned. 
[I 2026-03-18 20:00:55,646] Trial 45 pruned. 
[I 2026-03-18 20:00:56,023] Trial 28 finished with value: -1.6128544634269126 and parameters: {'n_layers_yyx': 2, 'hidden_size_yyx_l0': 5, 'hidden_size_yyx_l1': 4, 'context_size_yyx': 4, 'num_mix_components_yyx': 4, 'context_extractor_yyx': 'lstm', 'activation_func_yyx': 'Tanh', 'L2_weight_yyx': 2.9922133280477703e-07, 'L_entropy_weight_yyx': 9.334001682296185e-10, 'L_sep_weight_yyx': 5.528763486520798e-10, 'L_scale_weight_yyx': 2.099107244555286e-06, 'learning_rate_yyx': 0.00969021623102708}. Best is trial 21 with value: -1.6169303846739371.
[I 2026-03-18 20:00:57,138] Trial 46 pruned. 
[I 2026-03-18 20:00:58,409] Trial 37 finished with value: -1.6094954962622277 and parameters: {'n_layers_yyx': 2, 'hidden_size_yyx_l0': 5, 'hidden_size_yyx_l1': 4, 'context_size_yyx': 4, 'num_mix_components_yyx': 4, 'context_extractor_yyx': 'lstm', 'activation_func_yyx': 'ReLU', 'L2_weight_yyx': 4.100985831340343e-07, 'L_entropy_weight_yyx': 2.2431160955394936e-08, 'L_sep_weight_yyx': 0.00022537572527396596, 'L_scale_weight_yyx': 8.903025324330158e-07, 'learning_rate_yyx': 0.005539313964477792}. Best is trial 1 with value: -1.6113757535901372.
[I 2026-03-18 20:00:58,610] Trial 46 pruned. 
[I 2026-03-18 20:01:00,188] Trial 24 finished with value: -2.0807476343787488 and parameters: {'n_layers_yyx': 1, 'hidden_size_yyx_l0': 4, 'context_size_yyx': 4, 'num_mix_components_yyx': 2, 'context_extractor_yyx': 'gru', 'activation_func_yyx': 'ReLU', 'L2_weight_yyx': 7.638935310394653e-08, 'L_entropy_weight_yyx': 3.4268462677273407e-07, 'L_sep_weight_yyx': 2.0240889280518443e-08, 'L_scale_weight_yyx': 8.318070052064994e-05, 'learning_rate_yyx': 0.004279099296734423}. Best is trial 8 with value: -2.0851807543284644.
[I 2026-03-18 20:01:00,897] Trial 35 pruned. 
[I 2026-03-18 20:01:02,455] Trial 46 pruned. 
[I 2026-03-18 20:01:04,858] Trial 47 pruned. 
[I 2026-03-18 20:01:05,506] Trial 40 pruned. 
[I 2026-03-18 20:01:07,193] Trial 32 finished with value: -2.0752181081765766 and parameters: {'n_layers_yyx': 2, 'hidden_size_yyx_l0': 2, 'hidden_size_yyx_l1': 4, 'context_size_yyx': 3, 'num_mix_components_yyx': 2, 'context_extractor_yyx': 'lstm', 'activation_func_yyx': 'GELU', 'L2_weight_yyx': 1.662484960871282e-05, 'L_entropy_weight_yyx': 0.0002453390018995408, 'L_sep_weight_yyx': 4.046479387095773e-06, 'L_scale_weight_yyx': 2.222021101275219e-06, 'learning_rate_yyx': 0.006892939734087531}. Best is trial 6 with value: -2.0790188514889616.
[I 2026-03-18 20:01:13,692] Trial 26 finished with value: -1.6175509739349776 and parameters: {'n_layers_yyx': 2, 'hidden_size_yyx_l0': 5, 'hidden_size_yyx_l1': 5, 'context_size_yyx': 2, 'num_mix_components_yyx': 4, 'context_extractor_yyx': 'gru', 'activation_func_yyx': 'ReLU', 'L2_weight_yyx': 0.00031102980515378863, 'L_entropy_weight_yyx': 5.943933883853299e-07, 'L_sep_weight_yyx': 3.896307512826015e-10, 'L_scale_weight_yyx': 7.867732759636442e-08, 'learning_rate_yyx': 0.0015745658017981901}. Best is trial 22 with value: -1.6339605357080298.
[I 2026-03-18 20:01:15,539] Trial 36 pruned. 
[I 2026-03-18 20:01:15,717] Trial 47 pruned. 
[I 2026-03-18 20:01:22,712] Trial 34 finished with value: -2.0912578191451114 and parameters: {'n_layers_yyx': 1, 'hidden_size_yyx_l0': 5, 'context_size_yyx': 4, 'num_mix_components_yyx': 4, 'context_extractor_yyx': 'gru', 'activation_func_yyx': 'GELU', 'L2_weight_yyx': 1.869679335365704e-05, 'L_entropy_weight_yyx': 1.1095951378872731e-06, 'L_sep_weight_yyx': 2.4701181132215427e-05, 'L_scale_weight_yyx': 1.8932131652154655e-09, 'learning_rate_yyx': 0.006114848947996716}. Best is trial 2 with value: -2.093203554819634.
[I 2026-03-18 20:01:28,104] Trial 47 pruned. 
[I 2026-03-18 20:01:28,143] Trial 48 pruned. 
[I 2026-03-18 20:01:28,400] Trial 38 pruned. 
[I 2026-03-18 20:01:28,735] Trial 27 finished with value: -2.0760695234399793 and parameters: {'n_layers_yyx': 2, 'hidden_size_yyx_l0': 5, 'hidden_size_yyx_l1': 5, 'context_size_yyx': 3, 'num_mix_components_yyx': 5, 'context_extractor_yyx': 'lstm', 'activation_func_yyx': 'ReLU', 'L2_weight_yyx': 8.932432186173716e-09, 'L_entropy_weight_yyx': 4.571040939673777e-06, 'L_sep_weight_yyx': 8.430610285648524e-05, 'L_scale_weight_yyx': 0.0007597598777827967, 'learning_rate_yyx': 0.0008035665437163814}. Best is trial 1 with value: -2.0819965339546846.
[I 2026-03-18 20:01:29,851] Trial 29 pruned. 
[I 2026-03-18 20:01:34,240] Trial 17 finished with value: -2.085006872312763 and parameters: {'n_layers_yyx': 1, 'hidden_size_yyx_l0': 6, 'context_size_yyx': 3, 'num_mix_components_yyx': 5, 'context_extractor_yyx': 'lstm', 'activation_func_yyx': 'ReLU', 'L2_weight_yyx': 0.0008328347804330741, 'L_entropy_weight_yyx': 1.766434488429393e-06, 'L_sep_weight_yyx': 0.0009457547736809519, 'L_scale_weight_yyx': 1.6553505742728484e-05, 'learning_rate_yyx': 0.007623022459438585}. Best is trial 16 with value: -2.0883428670836364.
[I 2026-03-18 20:01:34,871] Trial 49 pruned. 

Source events: 11540
Target events: 3828
Full model ln_yyx : 141.60812 nats/sec, 33.29345 nats/event
Full model Log loss : -1.63950
Full model ln_yyx : 141.42887 nats/sec, 33.25130 nats/event
Full model Log loss : -1.63473
Full model ln_yyx : 141.71860 nats/sec, 33.31942 nats/event
Full model Log loss : -1.63813
Full model ln_yyx : 142.58354 nats/sec, 33.52278 nats/event
Full model Log loss : -1.63640
Full model ln_yyx : 140.30851 nats/sec, 32.98789 nats/event
Full model Log loss : -1.61389
Full model ln_yyx : 142.60738 nats/sec, 33.52838 nats/event
Full model Log loss : -1.63839
Full model ln_yyx : 142.08920 nats/sec, 33.40655 nats/event
Full model Log loss : -1.64032
Full model ln_yyx : 141.98330 nats/sec, 33.38165 nats/event
Full model Log loss : -1.63789
Full model ln_yyx : 142.05477 nats/sec, 33.39846 nats/event
Full model Log loss : -1.63246
Full model ln_yyx : 142.19731 nats/sec, 33.43197 nats/event
Full model Log loss : -1.63387
Full model ln_yyx : 142.21816 nats/sec, 33.43687 nats/event
Full model Log loss : -1.63375
Optimization finished. Config saved to results/opt-full/opt_full_387_best_config.txt
[I 2026-03-18 20:01:35,226] Trial 48 pruned. 
[I 2026-03-18 20:01:35,518] Trial 28 pruned. 
[I 2026-03-18 20:01:39,803] Trial 25 pruned. 
[I 2026-03-18 20:01:42,836] Trial 29 pruned. 
[I 2026-03-18 20:01:43,057] Trial 30 pruned. 
[I 2026-03-18 20:01:46,040] Trial 21 finished with value: -2.090990742322707 and parameters: {'n_layers_yyx': 1, 'hidden_size_yyx_l0': 6, 'context_size_yyx': 4, 'num_mix_components_yyx': 5, 'context_extractor_yyx': 'gru', 'activation_func_yyx': 'Tanh', 'L2_weight_yyx': 1.1545687469132739e-08, 'L_entropy_weight_yyx': 5.1019396239853564e-09, 'L_sep_weight_yyx': 4.223128982751716e-09, 'L_scale_weight_yyx': 2.184036428159316e-10, 'learning_rate_yyx': 0.005414995140030307}. Best is trial 14 with value: -2.0936086041286655.
[I 2026-03-18 20:01:46,686] Trial 26 pruned. 
[I 2026-03-18 20:01:48,397] Trial 38 finished with value: -1.6114324329693406 and parameters: {'n_layers_yyx': 2, 'hidden_size_yyx_l0': 5, 'hidden_size_yyx_l1': 5, 'context_size_yyx': 4, 'num_mix_components_yyx': 5, 'context_extractor_yyx': 'lstm', 'activation_func_yyx': 'ReLU', 'L2_weight_yyx': 4.7014214231589897e-07, 'L_entropy_weight_yyx': 2.550623013954942e-08, 'L_sep_weight_yyx': 0.00020062887461850203, 'L_scale_weight_yyx': 7.392743309163541e-07, 'learning_rate_yyx': 0.007273491954831584}. Best is trial 38 with value: -1.6114324329693406.
[I 2026-03-18 20:01:55,199] Trial 30 pruned. 
[I 2026-03-18 20:02:12,390] Trial 27 pruned. 
[I 2026-03-18 20:02:22,559] Trial 22 finished with value: -2.121808744838355 and parameters: {'n_layers_yyx': 1, 'hidden_size_yyx_l0': 4, 'context_size_yyx': 2, 'num_mix_components_yyx': 5, 'context_extractor_yyx': 'gru', 'activation_func_yyx': 'Tanh', 'L2_weight_yyx': 0.00014493887487997806, 'L_entropy_weight_yyx': 0.0009647737525507094, 'L_sep_weight_yyx': 5.943174998439767e-08, 'L_scale_weight_yyx': 1.6039792614650997e-07, 'learning_rate_yyx': 0.0050455100070453986}. Best is trial 10 with value: -2.123509279126982.
[I 2026-03-18 20:02:23,832] Trial 42 finished with value: -1.6122350295736687 and parameters: {'n_layers_yyx': 1, 'hidden_size_yyx_l0': 6, 'context_size_yyx': 3, 'num_mix_components_yyx': 4, 'context_extractor_yyx': 'gru', 'activation_func_yyx': 'ReLU', 'L2_weight_yyx': 1.6071010329677192e-06, 'L_entropy_weight_yyx': 6.074290583750158e-06, 'L_sep_weight_yyx': 2.6531617606294372e-09, 'L_scale_weight_yyx': 3.140455463742864e-10, 'learning_rate_yyx': 0.0035283983015192396}. Best is trial 20 with value: -1.6161773654609999.
[I 2026-03-18 20:02:26,872] Trial 21 finished with value: -2.092973693501957 and parameters: {'n_layers_yyx': 1, 'hidden_size_yyx_l0': 4, 'context_size_yyx': 2, 'num_mix_components_yyx': 4, 'context_extractor_yyx': 'gru', 'activation_func_yyx': 'Tanh', 'L2_weight_yyx': 7.847396663545023e-10, 'L_entropy_weight_yyx': 7.618087269913735e-10, 'L_sep_weight_yyx': 4.6430970366008725e-05, 'L_scale_weight_yyx': 6.659111178222323e-05, 'learning_rate_yyx': 0.009912500859070599}. Best is trial 11 with value: -2.095012278283745.
[I 2026-03-18 20:02:26,969] Trial 31 pruned. 
[I 2026-03-18 20:02:38,209] Trial 24 finished with value: -1.6085328878397642 and parameters: {'n_layers_yyx': 1, 'hidden_size_yyx_l0': 4, 'context_size_yyx': 2, 'num_mix_components_yyx': 2, 'context_extractor_yyx': 'gru', 'activation_func_yyx': 'Tanh', 'L2_weight_yyx': 3.185196006460086e-09, 'L_entropy_weight_yyx': 0.0007732204039562951, 'L_sep_weight_yyx': 6.667341325237393e-09, 'L_scale_weight_yyx': 7.07062557184076e-06, 'learning_rate_yyx': 0.009649685447531475}. Best is trial 9 with value: -1.613731891101604.
[I 2026-03-18 20:02:43,022] Trial 28 pruned. 
[I 2026-03-18 20:02:48,096] Trial 43 pruned. 
[I 2026-03-18 20:02:50,071] Trial 32 pruned. 
[I 2026-03-18 20:02:50,320] Trial 49 pruned. 

Source events: 11540
Target events: 1783
Full model ln_yyx : 64.71438 nats/sec, 32.66570 nats/event
Full model Log loss : -1.60698
Full model ln_yyx : 63.26848 nats/sec, 31.93586 nats/event
Full model Log loss : -1.56677
Full model ln_yyx : 64.29657 nats/sec, 32.45480 nats/event
Full model Log loss : -1.59763
Full model ln_yyx : 65.17197 nats/sec, 32.89667 nats/event
Full model Log loss : -1.60671
Full model ln_yyx : 64.71048 nats/sec, 32.66373 nats/event
Full model Log loss : -1.60468
Full model ln_yyx : 64.46820 nats/sec, 32.54144 nats/event
Full model Log loss : -1.60779
Full model ln_yyx : 64.60903 nats/sec, 32.61252 nats/event
Full model Log loss : -1.60212
Full model ln_yyx : 63.85244 nats/sec, 32.23062 nats/event
Full model Log loss : -1.57912
Full model ln_yyx : 64.52235 nats/sec, 32.56877 nats/event
Full model Log loss : -1.58332
Full model ln_yyx : 64.80855 nats/sec, 32.71324 nats/event
Full model Log loss : -1.60511
Full model ln_yyx : 63.98971 nats/sec, 32.29991 nats/event
Full model Log loss : -1.59613
Full model ln_yyx : 64.93330 nats/sec, 32.77621 nats/event
Full model Log loss : -1.60903
Full model ln_yyx : 65.10822 nats/sec, 32.86450 nats/event
Full model Log loss : -1.60650
Optimization finished. Config saved to results/opt-full/opt_full_385_best_config.txt
[I 2026-03-18 20:02:57,781] Trial 32 finished with value: -1.6134005631885242 and parameters: {'n_layers_yyx': 1, 'hidden_size_yyx_l0': 6, 'context_size_yyx': 3, 'num_mix_components_yyx': 5, 'context_extractor_yyx': 'gru', 'activation_func_yyx': 'GELU', 'L2_weight_yyx': 0.00019568903939039907, 'L_entropy_weight_yyx': 9.342514735036764e-08, 'L_sep_weight_yyx': 5.578573733100159e-06, 'L_scale_weight_yyx': 0.0006501311613012488, 'learning_rate_yyx': 0.004508232419326198}. Best is trial 30 with value: -1.6152616083569185.
[I 2026-03-18 20:02:58,883] Trial 23 pruned. 
[I 2026-03-18 20:03:00,422] Trial 22 pruned. 
[I 2026-03-18 20:03:04,800] Trial 31 pruned. 
[I 2026-03-18 20:03:06,057] Trial 25 pruned. 
[I 2026-03-18 20:03:10,445] Trial 29 pruned. 
[I 2026-03-18 20:03:11,449] Trial 44 pruned. 
[I 2026-03-18 20:03:17,399] Trial 37 pruned. 
[I 2026-03-18 20:03:27,073] Trial 38 finished with value: -1.613907427994734 and parameters: {'n_layers_yyx': 2, 'hidden_size_yyx_l0': 3, 'hidden_size_yyx_l1': 5, 'context_size_yyx': 3, 'num_mix_components_yyx': 4, 'context_extractor_yyx': 'gru', 'activation_func_yyx': 'GELU', 'L2_weight_yyx': 1.0136385302860173e-08, 'L_entropy_weight_yyx': 0.0007327921029503634, 'L_sep_weight_yyx': 4.672362144286512e-08, 'L_scale_weight_yyx': 1.0750272206682562e-06, 'learning_rate_yyx': 0.004579314487582633}. Best is trial 38 with value: -1.613907427994734.
[I 2026-03-18 20:03:27,941] Trial 35 finished with value: -2.079243596955018 and parameters: {'n_layers_yyx': 2, 'hidden_size_yyx_l0': 4, 'hidden_size_yyx_l1': 6, 'context_size_yyx': 4, 'num_mix_components_yyx': 4, 'context_extractor_yyx': 'lstm', 'activation_func_yyx': 'ReLU', 'L2_weight_yyx': 2.1235100533491213e-05, 'L_entropy_weight_yyx': 1.7596159446993298e-06, 'L_sep_weight_yyx': 2.2638029650681659e-07, 'L_scale_weight_yyx': 5.921914437165526e-09, 'learning_rate_yyx': 0.00793289279358549}. Best is trial 2 with value: -2.093203554819634.
[I 2026-03-18 20:03:35,345] Trial 41 finished with value: -2.081181934461455 and parameters: {'n_layers_yyx': 1, 'hidden_size_yyx_l0': 6, 'context_size_yyx': 4, 'num_mix_components_yyx': 5, 'context_extractor_yyx': 'lstm', 'activation_func_yyx': 'ReLU', 'L2_weight_yyx': 1.583547085123095e-08, 'L_entropy_weight_yyx': 2.081151681381674e-08, 'L_sep_weight_yyx': 4.169345144108944e-05, 'L_scale_weight_yyx': 0.00046057137216280655, 'learning_rate_yyx': 0.008864712311550295}. Best is trial 13 with value: -2.092152629106611.
[I 2026-03-18 20:03:38,908] Trial 30 pruned. 
[I 2026-03-18 20:03:42,528] Trial 23 pruned. 
[I 2026-03-18 20:03:47,892] Trial 39 finished with value: -1.6117266915982755 and parameters: {'n_layers_yyx': 2, 'hidden_size_yyx_l0': 4, 'hidden_size_yyx_l1': 4, 'context_size_yyx': 4, 'num_mix_components_yyx': 5, 'context_extractor_yyx': 'lstm', 'activation_func_yyx': 'Tanh', 'L2_weight_yyx': 0.00022873207463957546, 'L_entropy_weight_yyx': 3.012439144885483e-08, 'L_sep_weight_yyx': 6.067760051728912e-07, 'L_scale_weight_yyx': 6.264854819503989e-09, 'learning_rate_yyx': 0.008475155288497703}. Best is trial 13 with value: -1.613792101823724.
[I 2026-03-18 20:03:48,357] Trial 45 pruned. 
[I 2026-03-18 20:03:48,483] Trial 48 finished with value: -1.6119998631169037 and parameters: {'n_layers_yyx': 1, 'hidden_size_yyx_l0': 6, 'context_size_yyx': 4, 'num_mix_components_yyx': 4, 'context_extractor_yyx': 'lstm', 'activation_func_yyx': 'GELU', 'L2_weight_yyx': 6.074106192448493e-07, 'L_entropy_weight_yyx': 1.0679040395552037e-09, 'L_sep_weight_yyx': 1.46571583582684e-09, 'L_scale_weight_yyx': 8.506851694155119e-06, 'learning_rate_yyx': 0.007457362855297295}. Best is trial 26 with value: -1.6132763574564741.
[I 2026-03-18 20:03:49,623] Trial 31 pruned. 
[I 2026-03-18 20:03:53,662] Trial 39 pruned. 
[I 2026-03-18 20:03:54,930] Trial 40 pruned. 
[I 2026-03-18 20:03:55,427] Trial 49 pruned. 

Source events: 11540
Target events: 32635
Full model ln_yyx : 1185.42895 nats/sec, 32.69147 nats/event
Full model Log loss : -1.58793
Full model ln_yyx : 1217.97130 nats/sec, 33.58891 nats/event
Full model Log loss : -1.60254
Full model ln_yyx : 1218.07545 nats/sec, 33.59178 nats/event
Full model Log loss : -1.60974
Full model ln_yyx : 1210.53505 nats/sec, 33.38384 nats/event
Full model Log loss : -1.61212
Full model ln_yyx : 1206.74699 nats/sec, 33.27937 nats/event
Full model Log loss : -1.61140
Full model ln_yyx : 1197.64768 nats/sec, 33.02843 nats/event
Full model Log loss : -1.61235
Full model ln_yyx : 1201.00045 nats/sec, 33.12089 nats/event
Full model Log loss : -1.61094
Full model ln_yyx : 1204.56658 nats/sec, 33.21924 nats/event
Full model Log loss : -1.61328
Full model ln_yyx : 1212.73455 nats/sec, 33.44449 nats/event
Full model Log loss : -1.61285
Full model ln_yyx : 1206.09724 nats/sec, 33.26145 nats/event
Full model Log loss : -1.61236
Full model ln_yyx : 1214.76465 nats/sec, 33.50048 nats/event
Full model Log loss : -1.61307
Full model ln_yyx : 1214.05204 nats/sec, 33.48083 nats/event
Full model Log loss : -1.61232
Full model ln_yyx : 1217.38412 nats/sec, 33.57272 nats/event
Full model Log loss : -1.61242
Full model ln_yyx : 1214.09412 nats/sec, 33.48199 nats/event
Full model Log loss : -1.61242
Full model ln_yyx : 1214.60401 nats/sec, 33.49605 nats/event
Full model Log loss : -1.61255
Full model ln_yyx : 1206.45992 nats/sec, 33.27145 nats/event
Full model Log loss : -1.61200
Optimization finished. Config saved to results/opt-full/opt_full_391_best_config.txt
[I 2026-03-18 20:03:56,886] Trial 46 pruned. 
[I 2026-03-18 20:04:00,222] Trial 18 finished with value: -2.0807251927235955 and parameters: {'n_layers_yyx': 1, 'hidden_size_yyx_l0': 6, 'context_size_yyx': 4, 'num_mix_components_yyx': 5, 'context_extractor_yyx': 'lstm', 'activation_func_yyx': 'GELU', 'L2_weight_yyx': 5.580406833915405e-06, 'L_entropy_weight_yyx': 0.0009462513149147568, 'L_sep_weight_yyx': 1.1623192701773272e-07, 'L_scale_weight_yyx': 2.9038977929526605e-05, 'learning_rate_yyx': 0.005830512297467201}. Best is trial 16 with value: -2.0883428670836364.
[I 2026-03-18 20:04:01,527] Trial 32 pruned. 
[I 2026-03-18 20:04:04,406] Trial 40 pruned. 
[I 2026-03-18 20:04:05,974] Trial 33 pruned. 
[I 2026-03-18 20:04:10,363] Trial 27 pruned. 
[I 2026-03-18 20:04:11,833] Trial 37 finished with value: -1.6454981993206839 and parameters: {'n_layers_yyx': 2, 'hidden_size_yyx_l0': 3, 'hidden_size_yyx_l1': 5, 'context_size_yyx': 3, 'num_mix_components_yyx': 4, 'context_extractor_yyx': 'gru', 'activation_func_yyx': 'ReLU', 'L2_weight_yyx': 1.5833967821561734e-07, 'L_entropy_weight_yyx': 8.120217284020044e-05, 'L_sep_weight_yyx': 3.502935553476736e-06, 'L_scale_weight_yyx': 1.8547618646974477e-06, 'learning_rate_yyx': 0.002622803075406358}. Best is trial 12 with value: -1.6531010225123595.
[I 2026-03-18 20:04:16,157] Trial 33 pruned. 
[I 2026-03-18 20:04:22,594] Trial 33 pruned. 
[I 2026-03-18 20:04:22,837] Trial 24 pruned. 
[I 2026-03-18 20:04:29,665] Trial 41 pruned. 
[I 2026-03-18 20:04:30,376] Trial 32 pruned. 
[I 2026-03-18 20:04:30,376] Trial 26 pruned. 
[I 2026-03-18 20:04:32,545] Trial 34 pruned. 
[I 2026-03-18 20:04:45,012] Trial 25 pruned. 
[I 2026-03-18 20:04:45,014] Trial 39 finished with value: -1.6107655241522274 and parameters: {'n_layers_yyx': 2, 'hidden_size_yyx_l0': 5, 'hidden_size_yyx_l1': 3, 'context_size_yyx': 4, 'num_mix_components_yyx': 5, 'context_extractor_yyx': 'lstm', 'activation_func_yyx': 'ReLU', 'L2_weight_yyx': 4.4432753741669375e-07, 'L_entropy_weight_yyx': 1.87433085443672e-08, 'L_sep_weight_yyx': 0.00022953413693726216, 'L_scale_weight_yyx': 1.0841141490924989e-06, 'learning_rate_yyx': 0.008144076443370138}. Best is trial 38 with value: -1.6114324329693406.
[I 2026-03-18 20:04:47,961] Trial 33 finished with value: -2.06821877894009 and parameters: {'n_layers_yyx': 2, 'hidden_size_yyx_l0': 2, 'hidden_size_yyx_l1': 5, 'context_size_yyx': 3, 'num_mix_components_yyx': 2, 'context_extractor_yyx': 'lstm', 'activation_func_yyx': 'GELU', 'L2_weight_yyx': 1.625700081438846e-05, 'L_entropy_weight_yyx': 0.00025349226202217844, 'L_sep_weight_yyx': 6.528600949553018e-07, 'L_scale_weight_yyx': 1.1227487270818551e-05, 'learning_rate_yyx': 0.0076505581403286645}. Best is trial 6 with value: -2.0790188514889616.
[I 2026-03-18 20:04:50,908] Trial 42 pruned. 
[I 2026-03-18 20:04:50,910] Trial 36 finished with value: -2.0942088775922847 and parameters: {'n_layers_yyx': 1, 'hidden_size_yyx_l0': 2, 'context_size_yyx': 3, 'num_mix_components_yyx': 5, 'context_extractor_yyx': 'gru', 'activation_func_yyx': 'ReLU', 'L2_weight_yyx': 8.536660150337207e-08, 'L_entropy_weight_yyx': 1.0402622473716717e-06, 'L_sep_weight_yyx': 4.859664009886803e-05, 'L_scale_weight_yyx': 6.522188656781153e-07, 'learning_rate_yyx': 0.0038164358475066412}. Best is trial 12 with value: -2.0975572887346234.
[I 2026-03-18 20:05:02,208] Trial 34 pruned. 
[I 2026-03-18 20:05:03,370] Trial 34 pruned. 
[I 2026-03-18 20:05:04,230] Trial 27 pruned. 
[I 2026-03-18 20:05:05,527] Trial 22 finished with value: -2.090087660158708 and parameters: {'n_layers_yyx': 1, 'hidden_size_yyx_l0': 6, 'context_size_yyx': 4, 'num_mix_components_yyx': 5, 'context_extractor_yyx': 'gru', 'activation_func_yyx': 'Tanh', 'L2_weight_yyx': 7.060071275606834e-09, 'L_entropy_weight_yyx': 1.7565643039968326e-07, 'L_sep_weight_yyx': 3.094236436192751e-09, 'L_scale_weight_yyx': 7.418859925659514e-10, 'learning_rate_yyx': 0.006629489244622642}. Best is trial 14 with value: -2.0936086041286655.
[I 2026-03-18 20:05:05,770] Trial 37 pruned. 
[I 2026-03-18 20:05:05,891] Trial 43 pruned. 
[I 2026-03-18 20:05:10,479] Trial 35 pruned. 
[I 2026-03-18 20:05:12,397] Trial 40 pruned. 
[I 2026-03-18 20:05:18,994] Trial 47 pruned. 
[I 2026-03-18 20:05:19,651] Trial 41 pruned. 
[I 2026-03-18 20:05:21,369] Trial 23 pruned. 
[I 2026-03-18 20:05:24,604] Trial 38 pruned. 
[I 2026-03-18 20:05:29,230] Trial 19 pruned. 
[I 2026-03-18 20:05:32,190] Trial 35 pruned. 
[I 2026-03-18 20:05:32,903] Trial 38 pruned. 
[I 2026-03-18 20:05:33,034] Trial 44 pruned. 
[I 2026-03-18 20:05:35,208] Trial 39 pruned. 
[I 2026-03-18 20:05:41,776] Trial 36 pruned. 
[I 2026-03-18 20:05:41,776] Trial 34 pruned. 
[I 2026-03-18 20:05:47,720] Trial 33 pruned. 
[I 2026-03-18 20:05:54,109] Trial 20 pruned. 
[I 2026-03-18 20:06:02,792] Trial 45 pruned. 
[I 2026-03-18 20:06:03,230] Trial 39 pruned. 
[I 2026-03-18 20:06:04,596] Trial 26 pruned. 
[I 2026-03-18 20:06:05,874] Trial 38 finished with value: -2.048265081356006 and parameters: {'n_layers_yyx': 2, 'hidden_size_yyx_l0': 3, 'hidden_size_yyx_l1': 4, 'context_size_yyx': 3, 'num_mix_components_yyx': 4, 'context_extractor_yyx': 'lstm', 'activation_func_yyx': 'GELU', 'L2_weight_yyx': 2.1992514428429843e-10, 'L_entropy_weight_yyx': 1.9059400573967456e-09, 'L_sep_weight_yyx': 7.2518740949961e-05, 'L_scale_weight_yyx': 0.0001073917933875242, 'learning_rate_yyx': 0.006989408251947019}. Best is trial 2 with value: -2.059868681386501.
[I 2026-03-18 20:06:13,642] Trial 21 pruned. 
[I 2026-03-18 20:06:20,528] Trial 46 pruned. 
[I 2026-03-18 20:06:21,806] Trial 27 pruned. 
[I 2026-03-18 20:06:24,440] Trial 42 finished with value: -2.0810508308965288 and parameters: {'n_layers_yyx': 1, 'hidden_size_yyx_l0': 6, 'context_size_yyx': 4, 'num_mix_components_yyx': 5, 'context_extractor_yyx': 'lstm', 'activation_func_yyx': 'ReLU', 'L2_weight_yyx': 1.747062194044538e-09, 'L_entropy_weight_yyx': 1.0614798152701363e-07, 'L_sep_weight_yyx': 6.047960978684832e-05, 'L_scale_weight_yyx': 0.00010767563282628957, 'learning_rate_yyx': 0.008964334196945119}. Best is trial 13 with value: -2.092152629106611.
[I 2026-03-18 20:06:24,583] Trial 22 pruned. 
[I 2026-03-18 20:06:24,885] Trial 48 pruned. 
[I 2026-03-18 20:06:25,854] Trial 47 pruned. 
[I 2026-03-18 20:06:26,265] Trial 38 finished with value: -2.0810705246386165 and parameters: {'n_layers_yyx': 2, 'hidden_size_yyx_l0': 2, 'hidden_size_yyx_l1': 5, 'context_size_yyx': 1, 'num_mix_components_yyx': 2, 'context_extractor_yyx': 'lstm', 'activation_func_yyx': 'GELU', 'L2_weight_yyx': 2.6386058787238565e-06, 'L_entropy_weight_yyx': 1.3161363772661889e-08, 'L_sep_weight_yyx': 2.393785438042604e-10, 'L_scale_weight_yyx': 3.3548531920874955e-09, 'learning_rate_yyx': 0.005602623061208703}. Best is trial 21 with value: -2.0975034066716556.
[I 2026-03-18 20:06:29,588] Trial 40 pruned. 
[I 2026-03-18 20:06:45,143] Trial 36 finished with value: -2.088844981112519 and parameters: {'n_layers_yyx': 1, 'hidden_size_yyx_l0': 5, 'context_size_yyx': 4, 'num_mix_components_yyx': 4, 'context_extractor_yyx': 'lstm', 'activation_func_yyx': 'GELU', 'L2_weight_yyx': 1.9377651081652316e-08, 'L_entropy_weight_yyx': 1.1104111411799003e-06, 'L_sep_weight_yyx': 7.186737517884743e-05, 'L_scale_weight_yyx': 2.7079843760661024e-09, 'learning_rate_yyx': 0.006073455321350769}. Best is trial 2 with value: -2.093203554819634.
[I 2026-03-18 20:06:50,756] Trial 39 pruned. 
[I 2026-03-18 20:06:50,815] Trial 48 pruned. 
[I 2026-03-18 20:06:54,549] Trial 43 pruned. 
[I 2026-03-18 20:06:54,595] Trial 23 pruned. 
[I 2026-03-18 20:06:55,000] Trial 34 pruned. 
[I 2026-03-18 20:06:55,079] Trial 49 pruned. 

Source events: 11540
Target events: 24874
Full model ln_yyx : 927.42184 nats/sec, 33.55631 nats/event
Full model Log loss : -1.61342
Full model ln_yyx : 934.14419 nats/sec, 33.79954 nats/event
Full model Log loss : -1.60677
Full model ln_yyx : 909.32768 nats/sec, 32.90162 nats/event
Full model Log loss : -1.58761
Full model ln_yyx : 920.73422 nats/sec, 33.31434 nats/event
Full model Log loss : -1.61200
Full model ln_yyx : 919.34717 nats/sec, 33.26415 nats/event
Full model Log loss : -1.61441
Full model ln_yyx : 919.53808 nats/sec, 33.27106 nats/event
Full model Log loss : -1.61358
Full model ln_yyx : 923.01278 nats/sec, 33.39678 nats/event
Full model Log loss : -1.60819
Full model ln_yyx : 918.96120 nats/sec, 33.25018 nats/event
Full model Log loss : -1.61265
Full model ln_yyx : 922.03651 nats/sec, 33.36146 nats/event
Full model Log loss : -1.61068
Full model ln_yyx : 918.54542 nats/sec, 33.23514 nats/event
Full model Log loss : -1.61618
Full model ln_yyx : 922.85736 nats/sec, 33.39116 nats/event
Full model Log loss : -1.61147
Full model ln_yyx : 919.12655 nats/sec, 33.25617 nats/event
Full model Log loss : -1.61224
Optimization finished. Config saved to results/opt-full/opt_full_392_best_config.txt
[I 2026-03-18 20:06:55,139] Trial 40 pruned. 
[I 2026-03-18 20:06:59,943] Trial 37 pruned. 
[I 2026-03-18 20:07:01,715] Trial 40 pruned. 
[I 2026-03-18 20:07:04,890] Trial 28 finished with value: -1.6083247437070838 and parameters: {'n_layers_yyx': 2, 'hidden_size_yyx_l0': 4, 'hidden_size_yyx_l1': 6, 'context_size_yyx': 4, 'num_mix_components_yyx': 1, 'context_extractor_yyx': 'lstm', 'activation_func_yyx': 'ReLU', 'L2_weight_yyx': 3.1632493926368445e-05, 'L_entropy_weight_yyx': 5.5996227074046125e-09, 'L_sep_weight_yyx': 1.947586611050104e-05, 'L_scale_weight_yyx': 1.2243269957068471e-09, 'learning_rate_yyx': 0.0022365356328209888}. Best is trial 22 with value: -1.6339605357080298.
[I 2026-03-18 20:07:19,865] Trial 49 pruned. 

Source events: 11540
Target events: 39192
Full model ln_yyx : 1440.79296 nats/sec, 33.08618 nats/event
Full model Log loss : -1.58698
Full model ln_yyx : 1431.28086 nats/sec, 32.86775 nats/event
Full model Log loss : -1.58315
Full model ln_yyx : 1432.43422 nats/sec, 32.89423 nats/event
Full model Log loss : -1.58771
Full model ln_yyx : 1434.64190 nats/sec, 32.94493 nats/event
Full model Log loss : -1.61047
Full model ln_yyx : 1451.32749 nats/sec, 33.32810 nats/event
Full model Log loss : -1.60839
Full model ln_yyx : 1428.69307 nats/sec, 32.80832 nats/event
Full model Log loss : -1.58939
Full model ln_yyx : 1438.98881 nats/sec, 33.04475 nats/event
Full model Log loss : -1.61154
Full model ln_yyx : 1449.84037 nats/sec, 33.29395 nats/event
Full model Log loss : -1.61091
Full model ln_yyx : 1442.46738 nats/sec, 33.12463 nats/event
Full model Log loss : -1.61191
Full model ln_yyx : 1440.14766 nats/sec, 33.07136 nats/event
Full model Log loss : -1.61171
Full model ln_yyx : 1444.54199 nats/sec, 33.17227 nats/event
Full model Log loss : -1.60662
Full model ln_yyx : 1448.10168 nats/sec, 33.25402 nats/event
Full model Log loss : -1.61121
Full model ln_yyx : 1443.89477 nats/sec, 33.15741 nats/event
Full model Log loss : -1.61184
Full model ln_yyx : 1442.99753 nats/sec, 33.13681 nats/event
Full model Log loss : -1.60793
Full model ln_yyx : 1432.01015 nats/sec, 32.88450 nats/event
Full model Log loss : -1.58859
Full model ln_yyx : 1452.04626 nats/sec, 33.34460 nats/event
Full model Log loss : -1.61391
Optimization finished. Config saved to results/opt-full/opt_full_394_best_config.txt
[I 2026-03-18 20:07:20,855] Trial 28 finished with value: -1.5854285132895538 and parameters: {'n_layers_yyx': 2, 'hidden_size_yyx_l0': 6, 'hidden_size_yyx_l1': 6, 'context_size_yyx': 3, 'num_mix_components_yyx': 3, 'context_extractor_yyx': 'lstm', 'activation_func_yyx': 'ReLU', 'L2_weight_yyx': 1.423393895113211e-07, 'L_entropy_weight_yyx': 5.617184762107337e-09, 'L_sep_weight_yyx': 1.6909064489889525e-06, 'L_scale_weight_yyx': 3.547686792616609e-07, 'learning_rate_yyx': 0.00719473688077972}. Best is trial 9 with value: -1.613731891101604.
[I 2026-03-18 20:07:22,455] Trial 38 pruned. 
[I 2026-03-18 20:07:30,210] Trial 44 pruned. 
[I 2026-03-18 20:07:33,953] Trial 35 pruned. 
[I 2026-03-18 20:07:34,189] Trial 41 finished with value: -1.611079262224183 and parameters: {'n_layers_yyx': 2, 'hidden_size_yyx_l0': 5, 'hidden_size_yyx_l1': 4, 'context_size_yyx': 4, 'num_mix_components_yyx': 5, 'context_extractor_yyx': 'lstm', 'activation_func_yyx': 'ReLU', 'L2_weight_yyx': 5.828130567589607e-07, 'L_entropy_weight_yyx': 1.0183509395058579e-07, 'L_sep_weight_yyx': 0.00037367490083554006, 'L_scale_weight_yyx': 2.4979223926473447e-06, 'learning_rate_yyx': 0.005409580545455142}. Best is trial 38 with value: -1.6114324329693406.
[I 2026-03-18 20:07:36,058] Trial 24 pruned. 
[I 2026-03-18 20:07:44,117] Trial 39 pruned. 
[I 2026-03-18 20:07:45,411] Trial 41 pruned. 
[I 2026-03-18 20:07:55,997] Trial 25 pruned. 
[I 2026-03-18 20:07:56,702] Trial 29 pruned. 
[I 2026-03-18 20:08:01,086] Trial 36 finished with value: -2.067352957077367 and parameters: {'n_layers_yyx': 2, 'hidden_size_yyx_l0': 6, 'hidden_size_yyx_l1': 6, 'context_size_yyx': 4, 'num_mix_components_yyx': 1, 'context_extractor_yyx': 'lstm', 'activation_func_yyx': 'Tanh', 'L2_weight_yyx': 0.0009609831929478314, 'L_entropy_weight_yyx': 0.00022635623435202594, 'L_sep_weight_yyx': 1.4935473695243352e-07, 'L_scale_weight_yyx': 0.00016867504127413157, 'learning_rate_yyx': 0.006575642200338569}. Best is trial 6 with value: -2.0790188514889616.
[I 2026-03-18 20:08:05,968] Trial 36 pruned. 
[I 2026-03-18 20:08:16,867] Trial 42 pruned. 
[I 2026-03-18 20:08:20,967] Trial 24 pruned. 
[I 2026-03-18 20:08:23,409] Trial 37 pruned. 
[I 2026-03-18 20:08:25,486] Trial 26 pruned. 
[I 2026-03-18 20:08:27,264] Trial 30 pruned. 
[I 2026-03-18 20:08:31,047] Trial 42 finished with value: -1.6128483004439078 and parameters: {'n_layers_yyx': 2, 'hidden_size_yyx_l0': 2, 'hidden_size_yyx_l1': 3, 'context_size_yyx': 4, 'num_mix_components_yyx': 2, 'context_extractor_yyx': 'gru', 'activation_func_yyx': 'Tanh', 'L2_weight_yyx': 4.597573719083667e-06, 'L_entropy_weight_yyx': 3.2262469806255755e-09, 'L_sep_weight_yyx': 4.107099598006237e-09, 'L_scale_weight_yyx': 2.13119428891586e-05, 'learning_rate_yyx': 0.009024860352147954}. Best is trial 13 with value: -1.613792101823724.
[I 2026-03-18 20:08:36,427] Trial 29 pruned. 
[I 2026-03-18 20:08:40,597] Trial 25 pruned. 
[I 2026-03-18 20:08:41,096] Trial 37 pruned. 
[I 2026-03-18 20:08:46,170] Trial 30 pruned. 
[I 2026-03-18 20:08:47,896] Trial 38 pruned. 
[I 2026-03-18 20:08:50,601] Trial 27 pruned. 
[I 2026-03-18 20:08:50,710] Trial 24 finished with value: -2.0962241228606584 and parameters: {'n_layers_yyx': 1, 'hidden_size_yyx_l0': 5, 'context_size_yyx': 3, 'num_mix_components_yyx': 4, 'context_extractor_yyx': 'gru', 'activation_func_yyx': 'Tanh', 'L2_weight_yyx': 4.659307664555692e-07, 'L_entropy_weight_yyx': 2.123242819931148e-08, 'L_sep_weight_yyx': 6.970072320861333e-08, 'L_scale_weight_yyx': 3.369383721975658e-10, 'learning_rate_yyx': 0.009585161635124646}. Best is trial 24 with value: -2.0962241228606584.
[I 2026-03-18 20:08:55,350] Trial 40 pruned. 
[I 2026-03-18 20:08:55,691] Trial 26 pruned. 
[I 2026-03-18 20:08:57,395] Trial 31 pruned. 
[I 2026-03-18 20:08:58,229] Trial 28 pruned. 
[I 2026-03-18 20:09:04,581] Trial 35 finished with value: -1.6103315868664887 and parameters: {'n_layers_yyx': 1, 'hidden_size_yyx_l0': 4, 'context_size_yyx': 3, 'num_mix_components_yyx': 5, 'context_extractor_yyx': 'gru', 'activation_func_yyx': 'GELU', 'L2_weight_yyx': 0.00018194282923437655, 'L_entropy_weight_yyx': 2.5386701222024693e-09, 'L_sep_weight_yyx': 1.598782372955753e-05, 'L_scale_weight_yyx': 0.0003507569981783267, 'learning_rate_yyx': 0.00703839233676304}. Best is trial 30 with value: -1.6152616083569185.
[I 2026-03-18 20:09:08,422] Trial 41 pruned. 
[I 2026-03-18 20:09:15,962] Trial 32 pruned. 
[I 2026-03-18 20:09:18,182] Trial 29 pruned. 
[I 2026-03-18 20:09:21,243] Trial 41 finished with value: -1.6499487316064043 and parameters: {'n_layers_yyx': 2, 'hidden_size_yyx_l0': 4, 'hidden_size_yyx_l1': 5, 'context_size_yyx': 4, 'num_mix_components_yyx': 5, 'context_extractor_yyx': 'gru', 'activation_func_yyx': 'ReLU', 'L2_weight_yyx': 0.00012667260408814012, 'L_entropy_weight_yyx': 0.0002177146439757775, 'L_sep_weight_yyx': 5.101482125333714e-05, 'L_scale_weight_yyx': 5.34957030949002e-05, 'learning_rate_yyx': 0.005394016227800575}. Best is trial 12 with value: -1.6531010225123595.
[I 2026-03-18 20:09:23,239] Trial 38 pruned. 
[I 2026-03-18 20:09:24,036] Trial 43 pruned. 
[I 2026-03-18 20:09:25,837] Trial 27 pruned. 
[I 2026-03-18 20:09:30,693] Trial 42 finished with value: -1.6091810661509283 and parameters: {'n_layers_yyx': 2, 'hidden_size_yyx_l0': 5, 'hidden_size_yyx_l1': 3, 'context_size_yyx': 4, 'num_mix_components_yyx': 5, 'context_extractor_yyx': 'lstm', 'activation_func_yyx': 'ReLU', 'L2_weight_yyx': 1.1926900607294047e-07, 'L_entropy_weight_yyx': 1.0910395458274575e-07, 'L_sep_weight_yyx': 1.863854107036191e-05, 'L_scale_weight_yyx': 6.009488257050654e-06, 'learning_rate_yyx': 0.009859764244968521}. Best is trial 38 with value: -1.6114324329693406.
[I 2026-03-18 20:09:34,708] Trial 43 pruned. 
[I 2026-03-18 20:09:45,504] Trial 37 finished with value: -2.089431791503599 and parameters: {'n_layers_yyx': 1, 'hidden_size_yyx_l0': 5, 'context_size_yyx': 4, 'num_mix_components_yyx': 4, 'context_extractor_yyx': 'lstm', 'activation_func_yyx': 'ReLU', 'L2_weight_yyx': 1.3067807079955661e-08, 'L_entropy_weight_yyx': 7.616771144803958e-07, 'L_sep_weight_yyx': 0.00014203948898675156, 'L_scale_weight_yyx': 2.2037852362400904e-09, 'learning_rate_yyx': 0.006001220269774329}. Best is trial 2 with value: -2.093203554819634.
[I 2026-03-18 20:09:52,088] Trial 28 pruned. 
[I 2026-03-18 20:09:54,631] Trial 39 pruned. 
[I 2026-03-18 20:09:54,692] Trial 39 pruned. 
[I 2026-03-18 20:09:57,962] Trial 35 finished with value: -2.0819980012390658 and parameters: {'n_layers_yyx': 1, 'hidden_size_yyx_l0': 5, 'context_size_yyx': 2, 'num_mix_components_yyx': 5, 'context_extractor_yyx': 'lstm', 'activation_func_yyx': 'ReLU', 'L2_weight_yyx': 1.0720005076660223e-06, 'L_entropy_weight_yyx': 0.00013489894423376122, 'L_sep_weight_yyx': 1.3318183362024096e-09, 'L_scale_weight_yyx': 6.14145417308416e-06, 'learning_rate_yyx': 0.002528311045917244}. Best is trial 35 with value: -2.0819980012390658.
[I 2026-03-18 20:10:05,704] Trial 25 pruned. 
[I 2026-03-18 20:10:07,913] Trial 29 pruned. 
[I 2026-03-18 20:10:17,601] Trial 26 pruned. 
[I 2026-03-18 20:10:18,565] Trial 36 pruned. 
[I 2026-03-18 20:10:25,654] Trial 36 pruned. 
[I 2026-03-18 20:10:27,634] Trial 42 pruned. 
[I 2026-03-18 20:10:28,879] Trial 40 pruned. 
[I 2026-03-18 20:10:30,900] Trial 39 pruned. 
[I 2026-03-18 20:10:58,099] Trial 37 pruned. 
[I 2026-03-18 20:10:58,157] Trial 27 pruned. 
[I 2026-03-18 20:10:58,571] Trial 41 pruned. 
[I 2026-03-18 20:11:04,939] Trial 37 pruned. 
[I 2026-03-18 20:11:10,237] Trial 38 pruned. 
[I 2026-03-18 20:11:12,789] Trial 42 pruned. 
[I 2026-03-18 20:11:13,286] Trial 38 pruned. 
[I 2026-03-18 20:11:17,688] Trial 43 finished with value: -1.6093413885989258 and parameters: {'n_layers_yyx': 2, 'hidden_size_yyx_l0': 5, 'hidden_size_yyx_l1': 4, 'context_size_yyx': 4, 'num_mix_components_yyx': 4, 'context_extractor_yyx': 'lstm', 'activation_func_yyx': 'ReLU', 'L2_weight_yyx': 1.725666674472795e-08, 'L_entropy_weight_yyx': 5.299785778644663e-09, 'L_sep_weight_yyx': 0.00013633482049385501, 'L_scale_weight_yyx': 6.185715996025863e-07, 'learning_rate_yyx': 0.007881983321489984}. Best is trial 38 with value: -1.6114324329693406.
[I 2026-03-18 20:11:18,850] Trial 28 pruned. 
[I 2026-03-18 20:11:19,997] Trial 30 pruned. 
[I 2026-03-18 20:11:20,068] Trial 31 finished with value: -1.6096578214525437 and parameters: {'n_layers_yyx': 1, 'hidden_size_yyx_l0': 4, 'context_size_yyx': 3, 'num_mix_components_yyx': 3, 'context_extractor_yyx': 'lstm', 'activation_func_yyx': 'Tanh', 'L2_weight_yyx': 1.2941465807276027e-09, 'L_entropy_weight_yyx': 1.9979023962354355e-09, 'L_sep_weight_yyx': 7.618098571996971e-10, 'L_scale_weight_yyx': 2.321976047865812e-06, 'learning_rate_yyx': 0.0064736616143242515}. Best is trial 9 with value: -1.613731891101604.
[I 2026-03-18 20:11:24,660] Trial 29 pruned. 
[I 2026-03-18 20:11:27,822] Trial 42 finished with value: -1.6478558386583142 and parameters: {'n_layers_yyx': 2, 'hidden_size_yyx_l0': 4, 'hidden_size_yyx_l1': 6, 'context_size_yyx': 4, 'num_mix_components_yyx': 5, 'context_extractor_yyx': 'gru', 'activation_func_yyx': 'ReLU', 'L2_weight_yyx': 0.00010577069757793418, 'L_entropy_weight_yyx': 0.0001521225913170631, 'L_sep_weight_yyx': 7.14715232782189e-05, 'L_scale_weight_yyx': 8.247312908695104e-05, 'learning_rate_yyx': 0.006023917670963527}. Best is trial 12 with value: -1.6531010225123595.
[I 2026-03-18 20:11:29,051] Trial 45 finished with value: -2.0828237678392254 and parameters: {'n_layers_yyx': 1, 'hidden_size_yyx_l0': 6, 'context_size_yyx': 4, 'num_mix_components_yyx': 5, 'context_extractor_yyx': 'lstm', 'activation_func_yyx': 'ReLU', 'L2_weight_yyx': 1.5559030947718338e-08, 'L_entropy_weight_yyx': 2.9345484016904155e-08, 'L_sep_weight_yyx': 6.287077654011645e-06, 'L_scale_weight_yyx': 5.982639991570795e-05, 'learning_rate_yyx': 0.001986418567643851}. Best is trial 13 with value: -2.092152629106611.
[I 2026-03-18 20:11:29,581] Trial 30 pruned. 
[I 2026-03-18 20:11:33,298] Trial 46 pruned. 
[I 2026-03-18 20:11:47,450] Trial 39 pruned. 
[I 2026-03-18 20:11:47,663] Trial 47 pruned. 
[I 2026-03-18 20:11:48,175] Trial 38 pruned. 
[I 2026-03-18 20:11:58,630] Trial 39 pruned. 
[I 2026-03-18 20:12:00,706] Trial 33 pruned. 
[I 2026-03-18 20:12:03,517] Trial 28 finished with value: -2.1231302816079434 and parameters: {'n_layers_yyx': 1, 'hidden_size_yyx_l0': 3, 'context_size_yyx': 2, 'num_mix_components_yyx': 4, 'context_extractor_yyx': 'gru', 'activation_func_yyx': 'Tanh', 'L2_weight_yyx': 5.670670252258249e-08, 'L_entropy_weight_yyx': 4.8708286731979946e-08, 'L_sep_weight_yyx': 3.8768930151234684e-07, 'L_scale_weight_yyx': 2.9674798090424937e-09, 'learning_rate_yyx': 0.00805251421860853}. Best is trial 10 with value: -2.123509279126982.
[I 2026-03-18 20:12:11,110] Trial 44 finished with value: -1.6117607772191929 and parameters: {'n_layers_yyx': 2, 'hidden_size_yyx_l0': 3, 'hidden_size_yyx_l1': 5, 'context_size_yyx': 4, 'num_mix_components_yyx': 1, 'context_extractor_yyx': 'gru', 'activation_func_yyx': 'Tanh', 'L2_weight_yyx': 1.391426797443921e-06, 'L_entropy_weight_yyx': 7.0933198338298586e-09, 'L_sep_weight_yyx': 8.254470149267677e-10, 'L_scale_weight_yyx': 7.704490087995009e-07, 'learning_rate_yyx': 0.008805345401235306}. Best is trial 13 with value: -1.613792101823724.
[I 2026-03-18 20:12:11,167] Trial 43 pruned. 
[I 2026-03-18 20:12:26,548] Trial 39 pruned. 
[I 2026-03-18 20:12:27,440] Trial 29 pruned. 
[I 2026-03-18 20:12:31,148] Trial 48 pruned. 
[I 2026-03-18 20:12:40,794] Trial 40 pruned. 
[I 2026-03-18 20:12:40,860] Trial 40 finished with value: -2.059226643728944 and parameters: {'n_layers_yyx': 2, 'hidden_size_yyx_l0': 6, 'hidden_size_yyx_l1': 5, 'context_size_yyx': 2, 'num_mix_components_yyx': 3, 'context_extractor_yyx': 'lstm', 'activation_func_yyx': 'GELU', 'L2_weight_yyx': 7.0995981722239045e-09, 'L_entropy_weight_yyx': 3.793030951950292e-07, 'L_sep_weight_yyx': 0.00030609200195695526, 'L_scale_weight_yyx': 2.076108247032848e-05, 'learning_rate_yyx': 0.009948883794111726}. Best is trial 2 with value: -2.059868681386501.
[I 2026-03-18 20:12:41,805] Trial 34 pruned. 
[I 2026-03-18 20:12:44,274] Trial 44 finished with value: -1.6067793096845127 and parameters: {'n_layers_yyx': 2, 'hidden_size_yyx_l0': 4, 'hidden_size_yyx_l1': 5, 'context_size_yyx': 4, 'num_mix_components_yyx': 5, 'context_extractor_yyx': 'lstm', 'activation_func_yyx': 'ReLU', 'L2_weight_yyx': 6.403448403470571e-07, 'L_entropy_weight_yyx': 1.747548528850341e-08, 'L_sep_weight_yyx': 0.00044114682165694973, 'L_scale_weight_yyx': 1.4756990031662164e-06, 'learning_rate_yyx': 0.0053380515780470945}. Best is trial 38 with value: -1.6114324329693406.
[I 2026-03-18 20:12:49,376] Trial 40 pruned. 
[I 2026-03-18 20:12:49,445] Trial 44 finished with value: -2.0957249143194416 and parameters: {'n_layers_yyx': 1, 'hidden_size_yyx_l0': 6, 'context_size_yyx': 4, 'num_mix_components_yyx': 5, 'context_extractor_yyx': 'lstm', 'activation_func_yyx': 'Tanh', 'L2_weight_yyx': 2.0897878347390225e-08, 'L_entropy_weight_yyx': 2.117546586989059e-08, 'L_sep_weight_yyx': 1.425656621638873e-08, 'L_scale_weight_yyx': 2.1453702788428933e-10, 'learning_rate_yyx': 0.003074740921899505}. Best is trial 21 with value: -2.0975034066716556.
[I 2026-03-18 20:13:13,097] Trial 43 finished with value: -1.648841808137778 and parameters: {'n_layers_yyx': 2, 'hidden_size_yyx_l0': 4, 'hidden_size_yyx_l1': 6, 'context_size_yyx': 4, 'num_mix_components_yyx': 5, 'context_extractor_yyx': 'gru', 'activation_func_yyx': 'ReLU', 'L2_weight_yyx': 0.0002367324728767989, 'L_entropy_weight_yyx': 0.000588660754598059, 'L_sep_weight_yyx': 1.898509011379224e-10, 'L_scale_weight_yyx': 7.937430894649055e-06, 'learning_rate_yyx': 0.00802689380841648}. Best is trial 12 with value: -1.6531010225123595.
[I 2026-03-18 20:13:14,436] Trial 40 finished with value: -1.6120713050646314 and parameters: {'n_layers_yyx': 1, 'hidden_size_yyx_l0': 6, 'context_size_yyx': 4, 'num_mix_components_yyx': 3, 'context_extractor_yyx': 'lstm', 'activation_func_yyx': 'Tanh', 'L2_weight_yyx': 1.5207064547989046e-07, 'L_entropy_weight_yyx': 1.1459701685761298e-10, 'L_sep_weight_yyx': 3.4399131134592598e-09, 'L_scale_weight_yyx': 0.00045025374130821687, 'learning_rate_yyx': 0.004846590279451181}. Best is trial 21 with value: -1.6169303846739371.
[I 2026-03-18 20:13:30,331] Trial 44 pruned. 
[I 2026-03-18 20:13:32,157] Trial 32 finished with value: -1.6101770527707042 and parameters: {'n_layers_yyx': 1, 'hidden_size_yyx_l0': 4, 'context_size_yyx': 3, 'num_mix_components_yyx': 3, 'context_extractor_yyx': 'lstm', 'activation_func_yyx': 'Tanh', 'L2_weight_yyx': 2.8131960586857745e-10, 'L_entropy_weight_yyx': 7.259963387533787e-09, 'L_sep_weight_yyx': 2.3152758854223517e-10, 'L_scale_weight_yyx': 1.931892151137063e-07, 'learning_rate_yyx': 0.009663904643855768}. Best is trial 9 with value: -1.613731891101604.
[I 2026-03-18 20:13:32,224] Trial 35 pruned. 
[I 2026-03-18 20:13:33,689] Trial 49 pruned. 

Source events: 16159
Target events: 3828
Full model ln_yyx : 232.78357 nats/sec, 54.72968 nats/event
Full model Log loss : -2.08150
Full model ln_yyx : 231.41970 nats/sec, 54.40902 nats/event
Full model Log loss : -2.08520
Full model ln_yyx : 230.08107 nats/sec, 54.09430 nats/event
Full model Log loss : -2.06566
Full model ln_yyx : 230.50484 nats/sec, 54.19393 nats/event
Full model Log loss : -2.07601
Full model ln_yyx : 231.25349 nats/sec, 54.36994 nats/event
Full model Log loss : -2.08559
Full model ln_yyx : 234.46224 nats/sec, 55.12435 nats/event
Full model Log loss : -2.08556
Full model ln_yyx : 231.12811 nats/sec, 54.34047 nats/event
Full model Log loss : -2.08460
Full model ln_yyx : 236.28240 nats/sec, 55.55229 nats/event
Full model Log loss : -2.09215
Full model ln_yyx : 231.86298 nats/sec, 54.51324 nats/event
Full model Log loss : -2.07815
Full model ln_yyx : 231.04539 nats/sec, 54.32102 nats/event
Full model Log loss : -2.07610
Full model ln_yyx : 232.58094 nats/sec, 54.68204 nats/event
Full model Log loss : -2.08153
Full model ln_yyx : 233.15616 nats/sec, 54.81728 nats/event
Full model Log loss : -2.08157
Full model ln_yyx : 230.75447 nats/sec, 54.25262 nats/event
Full model Log loss : -2.08118
Full model ln_yyx : 230.66568 nats/sec, 54.23174 nats/event
Full model Log loss : -2.08105
Full model ln_yyx : 231.81381 nats/sec, 54.50168 nats/event
Full model Log loss : -2.08282
Optimization finished. Config saved to results/opt-full/opt_full_399_best_config.txt
[I 2026-03-18 20:13:39,699] Trial 30 pruned. 
[I 2026-03-18 20:13:41,659] Trial 41 pruned. 
[I 2026-03-18 20:13:44,366] Trial 41 pruned. 
[I 2026-03-18 20:13:49,247] Trial 30 finished with value: -2.0898413925218913 and parameters: {'n_layers_yyx': 1, 'hidden_size_yyx_l0': 5, 'context_size_yyx': 3, 'num_mix_components_yyx': 4, 'context_extractor_yyx': 'gru', 'activation_func_yyx': 'ReLU', 'L2_weight_yyx': 2.482005867012497e-10, 'L_entropy_weight_yyx': 1.820674806979473e-09, 'L_sep_weight_yyx': 0.00040567631074038166, 'L_scale_weight_yyx': 0.000801909957136237, 'learning_rate_yyx': 0.002558108184472122}. Best is trial 11 with value: -2.095012278283745.
[I 2026-03-18 20:13:49,634] Trial 33 pruned. 
[I 2026-03-18 20:13:50,720] Trial 36 pruned. 
[I 2026-03-18 20:13:50,733] Trial 43 pruned. 
[I 2026-03-18 20:13:55,841] Trial 41 finished with value: -2.068208958589886 and parameters: {'n_layers_yyx': 2, 'hidden_size_yyx_l0': 2, 'hidden_size_yyx_l1': 5, 'context_size_yyx': 3, 'num_mix_components_yyx': 2, 'context_extractor_yyx': 'lstm', 'activation_func_yyx': 'GELU', 'L2_weight_yyx': 1.4534784774691873e-05, 'L_entropy_weight_yyx': 0.00019441490571351188, 'L_sep_weight_yyx': 6.029984853136047e-07, 'L_scale_weight_yyx': 2.0786971074222055e-05, 'learning_rate_yyx': 0.007713342565113403}. Best is trial 6 with value: -2.0790188514889616.
[I 2026-03-18 20:14:10,653] Trial 45 pruned. 
[I 2026-03-18 20:14:24,105] Trial 31 finished with value: -2.091015853545739 and parameters: {'n_layers_yyx': 1, 'hidden_size_yyx_l0': 6, 'context_size_yyx': 4, 'num_mix_components_yyx': 5, 'context_extractor_yyx': 'gru', 'activation_func_yyx': 'Tanh', 'L2_weight_yyx': 1.037094638210763e-08, 'L_entropy_weight_yyx': 5.625737376115724e-09, 'L_sep_weight_yyx': 9.620884401202289e-09, 'L_scale_weight_yyx': 2.879299230952913e-10, 'learning_rate_yyx': 0.006085858009365447}. Best is trial 24 with value: -2.0962241228606584.
[I 2026-03-18 20:14:36,706] Trial 32 pruned. 
[I 2026-03-18 20:14:37,497] Trial 46 pruned. 
[I 2026-03-18 20:14:41,616] Trial 31 finished with value: -2.089858720706198 and parameters: {'n_layers_yyx': 1, 'hidden_size_yyx_l0': 6, 'context_size_yyx': 3, 'num_mix_components_yyx': 5, 'context_extractor_yyx': 'lstm', 'activation_func_yyx': 'ReLU', 'L2_weight_yyx': 0.00035367984043995095, 'L_entropy_weight_yyx': 1.8597061345785195e-06, 'L_sep_weight_yyx': 4.758055385037767e-05, 'L_scale_weight_yyx': 7.4111894575780336e-06, 'learning_rate_yyx': 0.007028665977524305}. Best is trial 31 with value: -2.089858720706198.
[I 2026-03-18 20:14:58,966] Trial 47 pruned. 
[I 2026-03-18 20:15:00,538] Trial 45 finished with value: -1.6098610558685804 and parameters: {'n_layers_yyx': 2, 'hidden_size_yyx_l0': 5, 'hidden_size_yyx_l1': 3, 'context_size_yyx': 4, 'num_mix_components_yyx': 5, 'context_extractor_yyx': 'lstm', 'activation_func_yyx': 'ReLU', 'L2_weight_yyx': 1.1301436133728069e-07, 'L_entropy_weight_yyx': 5.965912322691838e-08, 'L_sep_weight_yyx': 0.00014774901444234562, 'L_scale_weight_yyx': 2.5158287495662285e-06, 'learning_rate_yyx': 0.006799439946196032}. Best is trial 38 with value: -1.6114324329693406.
[I 2026-03-18 20:15:01,075] Trial 34 pruned. 
[I 2026-03-18 20:15:06,693] Trial 31 pruned. 
[I 2026-03-18 20:15:23,901] Trial 35 pruned. 
[I 2026-03-18 20:15:33,637] Trial 45 finished with value: -1.6129022806064548 and parameters: {'n_layers_yyx': 2, 'hidden_size_yyx_l0': 2, 'hidden_size_yyx_l1': 3, 'context_size_yyx': 4, 'num_mix_components_yyx': 2, 'context_extractor_yyx': 'gru', 'activation_func_yyx': 'Tanh', 'L2_weight_yyx': 4.3864427608674127e-07, 'L_entropy_weight_yyx': 5.032980612696491e-10, 'L_sep_weight_yyx': 1.3173321508191257e-08, 'L_scale_weight_yyx': 7.672415230966764e-05, 'learning_rate_yyx': 0.007593501350934071}. Best is trial 13 with value: -1.613792101823724.
[I 2026-03-18 20:15:36,871] Trial 44 finished with value: -1.6497307712522935 and parameters: {'n_layers_yyx': 2, 'hidden_size_yyx_l0': 4, 'hidden_size_yyx_l1': 5, 'context_size_yyx': 4, 'num_mix_components_yyx': 5, 'context_extractor_yyx': 'gru', 'activation_func_yyx': 'ReLU', 'L2_weight_yyx': 1.8752407884772974e-05, 'L_entropy_weight_yyx': 5.757551562053101e-05, 'L_sep_weight_yyx': 0.0008315250687687552, 'L_scale_weight_yyx': 0.000187169454603547, 'learning_rate_yyx': 0.009493253443165043}. Best is trial 12 with value: -1.6531010225123595.
[I 2026-03-18 20:15:46,791] Trial 32 pruned. 
[I 2026-03-18 20:15:52,946] Trial 40 finished with value: -1.6089518760769002 and parameters: {'n_layers_yyx': 1, 'hidden_size_yyx_l0': 3, 'context_size_yyx': 3, 'num_mix_components_yyx': 3, 'context_extractor_yyx': 'gru', 'activation_func_yyx': 'GELU', 'L2_weight_yyx': 4.742243432059189e-05, 'L_entropy_weight_yyx': 2.3940774550829152e-08, 'L_sep_weight_yyx': 8.061274904044579e-07, 'L_scale_weight_yyx': 0.00048546504896096124, 'learning_rate_yyx': 0.0036887812352164803}. Best is trial 30 with value: -1.6152616083569185.
[I 2026-03-18 20:15:55,479] Trial 46 pruned. 
[I 2026-03-18 20:15:58,764] Trial 45 pruned. 
[I 2026-03-18 20:16:06,678] Trial 42 finished with value: -1.6110624950263646 and parameters: {'n_layers_yyx': 2, 'hidden_size_yyx_l0': 6, 'hidden_size_yyx_l1': 5, 'context_size_yyx': 4, 'num_mix_components_yyx': 5, 'context_extractor_yyx': 'lstm', 'activation_func_yyx': 'Tanh', 'L2_weight_yyx': 3.300466986873608e-08, 'L_entropy_weight_yyx': 2.337321849913167e-10, 'L_sep_weight_yyx': 1.1151343356991307e-10, 'L_scale_weight_yyx': 4.178512252686675e-06, 'learning_rate_yyx': 0.006515866530263008}. Best is trial 21 with value: -1.6169303846739371.
[I 2026-03-18 20:16:08,706] Trial 33 pruned. 
[I 2026-03-18 20:16:17,980] Trial 41 finished with value: -2.0671816006912174 and parameters: {'n_layers_yyx': 2, 'hidden_size_yyx_l0': 6, 'hidden_size_yyx_l1': 5, 'context_size_yyx': 2, 'num_mix_components_yyx': 3, 'context_extractor_yyx': 'lstm', 'activation_func_yyx': 'GELU', 'L2_weight_yyx': 5.749085823326371e-09, 'L_entropy_weight_yyx': 2.524647281975147e-07, 'L_sep_weight_yyx': 0.00027532409939002347, 'L_scale_weight_yyx': 0.0003383980841838243, 'learning_rate_yyx': 0.009474474651860213}. Best is trial 41 with value: -2.0671816006912174.
[I 2026-03-18 20:16:29,048] Trial 41 pruned. 
[I 2026-03-18 20:16:34,691] Trial 47 pruned. 
[I 2026-03-18 20:16:35,947] Trial 46 pruned. 
[I 2026-03-18 20:16:36,930] Trial 46 pruned. 
[I 2026-03-18 20:16:43,639] Trial 41 finished with value: -2.075166523702483 and parameters: {'n_layers_yyx': 2, 'hidden_size_yyx_l0': 5, 'hidden_size_yyx_l1': 4, 'context_size_yyx': 3, 'num_mix_components_yyx': 3, 'context_extractor_yyx': 'lstm', 'activation_func_yyx': 'ReLU', 'L2_weight_yyx': 1.9460630275232298e-08, 'L_entropy_weight_yyx': 3.596018920426093e-10, 'L_sep_weight_yyx': 0.0003248762548130322, 'L_scale_weight_yyx': 3.547228994618638e-05, 'learning_rate_yyx': 0.006117278438066326}. Best is trial 35 with value: -2.0819980012390658.
[I 2026-03-18 20:16:51,729] Trial 48 pruned. 
[I 2026-03-18 20:17:09,884] Trial 47 pruned. 
[I 2026-03-18 20:17:14,111] Trial 42 finished with value: -2.0903415427859136 and parameters: {'n_layers_yyx': 1, 'hidden_size_yyx_l0': 5, 'context_size_yyx': 4, 'num_mix_components_yyx': 4, 'context_extractor_yyx': 'lstm', 'activation_func_yyx': 'ReLU', 'L2_weight_yyx': 1.8010709590427036e-07, 'L_entropy_weight_yyx': 7.223856080529069e-07, 'L_sep_weight_yyx': 4.4349867902060677e-05, 'L_scale_weight_yyx': 9.896972180603967e-09, 'learning_rate_yyx': 0.008316327396231792}. Best is trial 2 with value: -2.093203554819634.
[I 2026-03-18 20:17:23,576] Trial 37 finished with value: -1.6266954909525644 and parameters: {'n_layers_yyx': 1, 'hidden_size_yyx_l0': 6, 'context_size_yyx': 2, 'num_mix_components_yyx': 4, 'context_extractor_yyx': 'lstm', 'activation_func_yyx': 'Tanh', 'L2_weight_yyx': 8.787195655440052e-05, 'L_entropy_weight_yyx': 4.692996132582441e-10, 'L_sep_weight_yyx': 1.8077486425681251e-09, 'L_scale_weight_yyx': 4.5798480089829216e-09, 'learning_rate_yyx': 0.0067639826861982735}. Best is trial 22 with value: -1.6339605357080298.
[I 2026-03-18 20:17:44,294] Trial 47 pruned. 
[I 2026-03-18 20:17:50,431] Trial 43 finished with value: -1.6132160791577863 and parameters: {'n_layers_yyx': 2, 'hidden_size_yyx_l0': 6, 'hidden_size_yyx_l1': 4, 'context_size_yyx': 4, 'num_mix_components_yyx': 3, 'context_extractor_yyx': 'lstm', 'activation_func_yyx': 'Tanh', 'L2_weight_yyx': 2.7903559976855366e-07, 'L_entropy_weight_yyx': 9.780296278390794e-10, 'L_sep_weight_yyx': 1.1749191846309574e-07, 'L_scale_weight_yyx': 0.00014292708566769749, 'learning_rate_yyx': 0.008577497677566737}. Best is trial 21 with value: -1.6169303846739371.
[I 2026-03-18 20:17:55,125] Trial 42 finished with value: -2.073810044260031 and parameters: {'n_layers_yyx': 2, 'hidden_size_yyx_l0': 2, 'hidden_size_yyx_l1': 4, 'context_size_yyx': 3, 'num_mix_components_yyx': 2, 'context_extractor_yyx': 'lstm', 'activation_func_yyx': 'GELU', 'L2_weight_yyx': 3.907291992937638e-05, 'L_entropy_weight_yyx': 0.0004940995647978797, 'L_sep_weight_yyx': 2.501672848571686e-07, 'L_scale_weight_yyx': 4.579107195244753e-06, 'learning_rate_yyx': 0.009303049176183019}. Best is trial 6 with value: -2.0790188514889616.
[I 2026-03-18 20:17:56,757] Trial 44 pruned. 
[I 2026-03-18 20:17:59,958] Trial 33 finished with value: -2.091576947739771 and parameters: {'n_layers_yyx': 1, 'hidden_size_yyx_l0': 6, 'context_size_yyx': 4, 'num_mix_components_yyx': 4, 'context_extractor_yyx': 'gru', 'activation_func_yyx': 'Tanh', 'L2_weight_yyx': 7.991152419538218e-07, 'L_entropy_weight_yyx': 1.000229477346624e-07, 'L_sep_weight_yyx': 7.321996871493843e-09, 'L_scale_weight_yyx': 3.05218226010574e-06, 'learning_rate_yyx': 0.006444132109894584}. Best is trial 24 with value: -2.0962241228606584.
[I 2026-03-18 20:18:06,401] Trial 48 pruned. 
[I 2026-03-18 20:18:12,176] Trial 38 pruned. 
[I 2026-03-18 20:18:17,350] Trial 32 finished with value: -2.0848514420045405 and parameters: {'n_layers_yyx': 1, 'hidden_size_yyx_l0': 6, 'context_size_yyx': 3, 'num_mix_components_yyx': 5, 'context_extractor_yyx': 'lstm', 'activation_func_yyx': 'ReLU', 'L2_weight_yyx': 0.00019188088562368098, 'L_entropy_weight_yyx': 5.930566575717084e-07, 'L_sep_weight_yyx': 5.7578438722561125e-05, 'L_scale_weight_yyx': 4.2164473309094444e-05, 'learning_rate_yyx': 0.006391485984274681}. Best is trial 31 with value: -2.089858720706198.
[I 2026-03-18 20:18:31,418] Trial 45 pruned. 
[I 2026-03-18 20:18:32,481] Trial 34 pruned. 
[I 2026-03-18 20:18:38,681] Trial 42 finished with value: -2.06104018200729 and parameters: {'n_layers_yyx': 2, 'hidden_size_yyx_l0': 6, 'hidden_size_yyx_l1': 6, 'context_size_yyx': 2, 'num_mix_components_yyx': 4, 'context_extractor_yyx': 'lstm', 'activation_func_yyx': 'GELU', 'L2_weight_yyx': 3.171373483507601e-08, 'L_entropy_weight_yyx': 4.782609721138742e-07, 'L_sep_weight_yyx': 0.00029702669364305634, 'L_scale_weight_yyx': 0.00035523754279802387, 'learning_rate_yyx': 0.009954528221121656}. Best is trial 41 with value: -2.0671816006912174.
[I 2026-03-18 20:18:42,301] Trial 31 finished with value: -2.092647833371027 and parameters: {'n_layers_yyx': 1, 'hidden_size_yyx_l0': 4, 'context_size_yyx': 2, 'num_mix_components_yyx': 4, 'context_extractor_yyx': 'gru', 'activation_func_yyx': 'Tanh', 'L2_weight_yyx': 4.298345411783373e-05, 'L_entropy_weight_yyx': 4.339764890067466e-10, 'L_sep_weight_yyx': 3.827108735294462e-05, 'L_scale_weight_yyx': 8.741066318942894e-05, 'learning_rate_yyx': 0.008496680020396101}. Best is trial 11 with value: -2.095012278283745.
[I 2026-03-18 20:19:01,498] Trial 33 pruned. 
[I 2026-03-18 20:19:03,046] Trial 48 pruned. 
[I 2026-03-18 20:19:03,516] Trial 48 pruned. 
[I 2026-03-18 20:19:11,384] Trial 42 finished with value: -1.6027406839483918 and parameters: {'n_layers_yyx': 1, 'hidden_size_yyx_l0': 6, 'context_size_yyx': 2, 'num_mix_components_yyx': 5, 'context_extractor_yyx': 'gru', 'activation_func_yyx': 'GELU', 'L2_weight_yyx': 8.531952691770826e-07, 'L_entropy_weight_yyx': 9.043320639157332e-08, 'L_sep_weight_yyx': 6.78730817074651e-07, 'L_scale_weight_yyx': 0.00023125440232825482, 'learning_rate_yyx': 0.005022024047434387}. Best is trial 30 with value: -1.6152616083569185.
[I 2026-03-18 20:19:11,525] Trial 44 pruned. 
[I 2026-03-18 20:19:12,730] Trial 35 pruned. 
[I 2026-03-18 20:19:16,503] Trial 49 pruned. 

Source events: 16159
Target events: 20315
Full model ln_yyx : 1235.72100 nats/sec, 54.74521 nats/event
Full model Log loss : -2.08425
Full model ln_yyx : 1241.37351 nats/sec, 54.99563 nats/event
Full model Log loss : -2.08187
Full model ln_yyx : 1217.87627 nats/sec, 53.95465 nats/event
Full model Log loss : -2.09023
Full model ln_yyx : 1222.51137 nats/sec, 54.15999 nats/event
Full model Log loss : -2.09405
Full model ln_yyx : 1232.53582 nats/sec, 54.60410 nats/event
Full model Log loss : -2.09562
Full model ln_yyx : 1232.70630 nats/sec, 54.61165 nats/event
Full model Log loss : -2.09582
Full model ln_yyx : 1242.63585 nats/sec, 55.05155 nats/event
Full model Log loss : -2.09614
Full model ln_yyx : 1240.31471 nats/sec, 54.94872 nats/event
Full model Log loss : -2.09750
Full model ln_yyx : 1239.49652 nats/sec, 54.91247 nats/event
Full model Log loss : -2.09488
Full model ln_yyx : 1224.46232 nats/sec, 54.24642 nats/event
Full model Log loss : -2.09430
Full model ln_yyx : 1240.41222 nats/sec, 54.95304 nats/event
Full model Log loss : -2.09640
Full model ln_yyx : 1237.25331 nats/sec, 54.81309 nats/event
Full model Log loss : -2.09608
Full model ln_yyx : 1217.63790 nats/sec, 53.94409 nats/event
Full model Log loss : -2.08107
Full model ln_yyx : 1236.88312 nats/sec, 54.79669 nats/event
Full model Log loss : -2.09572
Optimization finished. Config saved to results/opt-full/opt_full_398_best_config.txt
[I 2026-03-18 20:19:22,891] Trial 49 pruned. 

Source events: 11540
Target events: 10683
Full model ln_yyx : 396.15939 nats/sec, 33.37484 nats/event
Full model Log loss : -1.60717
Full model ln_yyx : 395.51824 nats/sec, 33.32083 nats/event
Full model Log loss : -1.61138
Full model ln_yyx : 382.44918 nats/sec, 32.21981 nats/event
Full model Log loss : -1.55208
Full model ln_yyx : 393.74954 nats/sec, 33.17182 nats/event
Full model Log loss : -1.60798
Full model ln_yyx : 385.19494 nats/sec, 32.45113 nats/event
Full model Log loss : -1.58672
Full model ln_yyx : 392.56112 nats/sec, 33.07170 nats/event
Full model Log loss : -1.58020
Full model ln_yyx : 395.53612 nats/sec, 33.32234 nats/event
Full model Log loss : -1.60569
Full model ln_yyx : 388.28557 nats/sec, 32.71151 nats/event
Full model Log loss : -1.58691
Full model ln_yyx : 389.97745 nats/sec, 32.85404 nats/event
Full model Log loss : -1.58525
Full model ln_yyx : 393.74248 nats/sec, 33.17123 nats/event
Full model Log loss : -1.60402
Full model ln_yyx : 391.90339 nats/sec, 33.01629 nats/event
Full model Log loss : -1.60893
Full model ln_yyx : 395.34523 nats/sec, 33.30625 nats/event
Full model Log loss : -1.60904
Full model ln_yyx : 394.57609 nats/sec, 33.24146 nats/event
Full model Log loss : -1.60950
Full model ln_yyx : 390.39352 nats/sec, 32.88909 nats/event
Full model Log loss : -1.61143
Full model ln_yyx : 394.36683 nats/sec, 33.22383 nats/event
Full model Log loss : -1.61077
Full model ln_yyx : 393.65195 nats/sec, 33.16360 nats/event
Full model Log loss : -1.61108
Full model ln_yyx : 392.26199 nats/sec, 33.04650 nats/event
Full model Log loss : -1.60918
Full model ln_yyx : 396.94322 nats/sec, 33.44088 nats/event
Full model Log loss : -1.60934
Full model ln_yyx : 394.25502 nats/sec, 33.21441 nats/event
Full model Log loss : -1.60678
Full model ln_yyx : 394.18627 nats/sec, 33.20862 nats/event
Full model Log loss : -1.60986
Optimization finished. Config saved to results/opt-full/opt_full_390_best_config.txt
[I 2026-03-18 20:19:23,954] Trial 45 pruned. 
[I 2026-03-18 20:19:30,055] Trial 34 pruned. 
[I 2026-03-18 20:19:35,327] Trial 45 finished with value: -2.0869042292715543 and parameters: {'n_layers_yyx': 1, 'hidden_size_yyx_l0': 3, 'context_size_yyx': 2, 'num_mix_components_yyx': 4, 'context_extractor_yyx': 'gru', 'activation_func_yyx': 'ReLU', 'L2_weight_yyx': 7.1648610308013e-08, 'L_entropy_weight_yyx': 1.0155030018939803e-07, 'L_sep_weight_yyx': 5.618120557287378e-05, 'L_scale_weight_yyx': 1.0623302082148919e-07, 'learning_rate_yyx': 0.008061085654330571}. Best is trial 12 with value: -2.0975572887346234.
[I 2026-03-18 20:19:38,462] Trial 43 pruned. 
[I 2026-03-18 20:19:43,157] Trial 36 finished with value: -1.6124555454304832 and parameters: {'n_layers_yyx': 1, 'hidden_size_yyx_l0': 5, 'context_size_yyx': 2, 'num_mix_components_yyx': 4, 'context_extractor_yyx': 'lstm', 'activation_func_yyx': 'GELU', 'L2_weight_yyx': 0.0003566753255484924, 'L_entropy_weight_yyx': 2.5902228116176746e-05, 'L_sep_weight_yyx': 0.00028138563848744325, 'L_scale_weight_yyx': 7.705271723731787e-08, 'learning_rate_yyx': 0.008201432186659285}. Best is trial 9 with value: -1.613731891101604.
[I 2026-03-18 20:19:45,721] Trial 35 pruned. 
[I 2026-03-18 20:19:52,255] Trial 34 finished with value: -2.1147271266496515 and parameters: {'n_layers_yyx': 1, 'hidden_size_yyx_l0': 2, 'context_size_yyx': 3, 'num_mix_components_yyx': 4, 'context_extractor_yyx': 'lstm', 'activation_func_yyx': 'ReLU', 'L2_weight_yyx': 3.1616404151328755e-08, 'L_entropy_weight_yyx': 5.8733132256154496e-05, 'L_sep_weight_yyx': 2.1871000880802992e-06, 'L_scale_weight_yyx': 1.2571784084520186e-08, 'learning_rate_yyx': 0.008210074837240112}. Best is trial 10 with value: -2.123509279126982.
[I 2026-03-18 20:19:56,078] Trial 46 pruned. 
[I 2026-03-18 20:20:02,737] Trial 49 finished with value: -1.6117957413354946 and parameters: {'n_layers_yyx': 2, 'hidden_size_yyx_l0': 2, 'hidden_size_yyx_l1': 4, 'context_size_yyx': 4, 'num_mix_components_yyx': 2, 'context_extractor_yyx': 'gru', 'activation_func_yyx': 'Tanh', 'L2_weight_yyx': 7.620109779896198e-08, 'L_entropy_weight_yyx': 1.4199536349613454e-06, 'L_sep_weight_yyx': 1.2355832093899955e-07, 'L_scale_weight_yyx': 3.1493272432450634e-05, 'learning_rate_yyx': 0.0076542079211610456}. Best is trial 13 with value: -1.613792101823724.

Source events: 11540
Target events: 31112
Full model ln_yyx : 1143.14566 nats/sec, 33.06863 nats/event
Full model Log loss : -1.61164
Full model ln_yyx : 1130.61771 nats/sec, 32.70622 nats/event
Full model Log loss : -1.58885
Full model ln_yyx : 1156.41024 nats/sec, 33.45234 nats/event
Full model Log loss : -1.60782
Full model ln_yyx : 1147.61315 nats/sec, 33.19786 nats/event
Full model Log loss : -1.61345
Full model ln_yyx : 1142.81945 nats/sec, 33.05919 nats/event
Full model Log loss : -1.61321
Full model ln_yyx : 1150.38728 nats/sec, 33.27811 nats/event
Full model Log loss : -1.61312
Full model ln_yyx : 1145.92301 nats/sec, 33.14897 nats/event
Full model Log loss : -1.61153
Full model ln_yyx : 1144.21163 nats/sec, 33.09946 nats/event
Full model Log loss : -1.61379
Full model ln_yyx : 1157.59219 nats/sec, 33.48653 nats/event
Full model Log loss : -1.61256
Full model ln_yyx : 1148.29478 nats/sec, 33.21758 nats/event
Full model Log loss : -1.61173
Full model ln_yyx : 1151.74466 nats/sec, 33.31738 nats/event
Full model Log loss : -1.61285
Full model ln_yyx : 1143.25121 nats/sec, 33.07168 nats/event
Full model Log loss : -1.61176
Full model ln_yyx : 1145.21587 nats/sec, 33.12851 nats/event
Full model Log loss : -1.61290
Full model ln_yyx : 1143.29739 nats/sec, 33.07302 nats/event
Full model Log loss : -1.61180
Optimization finished. Config saved to results/opt-full/opt_full_384_best_config.txt
[I 2026-03-18 20:20:07,149] Trial 43 pruned. 
[I 2026-03-18 20:20:09,775] Trial 44 pruned. 
[I 2026-03-18 20:20:10,942] Trial 47 pruned. 
[I 2026-03-18 20:20:15,007] Trial 49 pruned. 

Source events: 11540
Target events: 3618
Full model ln_yyx : 133.31047 nats/sec, 33.16181 nats/event
Full model Log loss : -1.62851
Full model ln_yyx : 133.11902 nats/sec, 33.11418 nats/event
Full model Log loss : -1.63082
Full model ln_yyx : 135.03654 nats/sec, 33.59118 nats/event
Full model Log loss : -1.64699
Full model ln_yyx : 133.08884 nats/sec, 33.10668 nats/event
Full model Log loss : -1.63324
Full model ln_yyx : 135.48639 nats/sec, 33.70308 nats/event
Full model Log loss : -1.64950
Full model ln_yyx : 136.12990 nats/sec, 33.86316 nats/event
Full model Log loss : -1.64795
Full model ln_yyx : 136.95615 nats/sec, 34.06869 nats/event
Full model Log loss : -1.65310
Full model ln_yyx : 134.58943 nats/sec, 33.47996 nats/event
Full model Log loss : -1.65245
Full model ln_yyx : 135.23187 nats/sec, 33.63977 nats/event
Full model Log loss : -1.65100
Full model ln_yyx : 133.97125 nats/sec, 33.32618 nats/event
Full model Log loss : -1.64186
Full model ln_yyx : 135.47230 nats/sec, 33.69958 nats/event
Full model Log loss : -1.64855
Full model ln_yyx : 135.83876 nats/sec, 33.79074 nats/event
Full model Log loss : -1.64550
Full model ln_yyx : 135.10807 nats/sec, 33.60897 nats/event
Full model Log loss : -1.64995
Full model ln_yyx : 136.74612 nats/sec, 34.01645 nats/event
Full model Log loss : -1.64786
Full model ln_yyx : 136.21819 nats/sec, 33.88512 nats/event
Full model Log loss : -1.64884
Full model ln_yyx : 134.50535 nats/sec, 33.45904 nats/event
Full model Log loss : -1.64973
Optimization finished. Config saved to results/opt-full/opt_full_395_best_config.txt
[I 2026-03-18 20:20:29,927] Trial 43 finished with value: -2.0895725007774395 and parameters: {'n_layers_yyx': 1, 'hidden_size_yyx_l0': 5, 'context_size_yyx': 4, 'num_mix_components_yyx': 4, 'context_extractor_yyx': 'lstm', 'activation_func_yyx': 'ReLU', 'L2_weight_yyx': 1.2529928743553923e-07, 'L_entropy_weight_yyx': 3.434565662790666e-07, 'L_sep_weight_yyx': 3.320670932348083e-05, 'L_scale_weight_yyx': 7.433722874049749e-09, 'learning_rate_yyx': 0.008636109050672521}. Best is trial 2 with value: -2.093203554819634.
[I 2026-03-18 20:20:32,923] Trial 45 pruned. 
[I 2026-03-18 20:20:38,526] Trial 48 pruned. 
[I 2026-03-18 20:20:50,582] Trial 49 pruned. 

Source events: 11540
Target events: 20315
Full model ln_yyx : 759.29517 nats/sec, 33.63848 nats/event
Full model Log loss : -1.60939
Full model ln_yyx : 755.52531 nats/sec, 33.47146 nats/event
Full model Log loss : -1.60891
Full model ln_yyx : 747.13089 nats/sec, 33.09957 nats/event
Full model Log loss : -1.61230
Full model ln_yyx : 740.55179 nats/sec, 32.80810 nats/event
Full model Log loss : -1.58837
Full model ln_yyx : 742.14220 nats/sec, 32.87856 nats/event
Full model Log loss : -1.58748
Full model ln_yyx : 750.61438 nats/sec, 33.25390 nats/event
Full model Log loss : -1.61372
Full model ln_yyx : 754.43546 nats/sec, 33.42318 nats/event
Full model Log loss : -1.61405
Full model ln_yyx : 742.38536 nats/sec, 32.88933 nats/event
Full model Log loss : -1.61599
Full model ln_yyx : 748.48025 nats/sec, 33.15935 nats/event
Full model Log loss : -1.61673
Full model ln_yyx : 748.64118 nats/sec, 33.16648 nats/event
Full model Log loss : -1.61671
Full model ln_yyx : 746.71739 nats/sec, 33.08125 nats/event
Full model Log loss : -1.61693
Full model ln_yyx : 743.21824 nats/sec, 32.92623 nats/event
Full model Log loss : -1.61506
Full model ln_yyx : 751.94851 nats/sec, 33.31300 nats/event
Full model Log loss : -1.61285
Full model ln_yyx : 756.27887 nats/sec, 33.50485 nats/event
Full model Log loss : -1.61207
Full model ln_yyx : 754.25131 nats/sec, 33.41502 nats/event
Full model Log loss : -1.61106
Full model ln_yyx : 744.64364 nats/sec, 32.98938 nats/event
Full model Log loss : -1.61322
Optimization finished. Config saved to results/opt-full/opt_full_386_best_config.txt
[I 2026-03-18 20:20:51,461] Trial 43 finished with value: -2.059012441629046 and parameters: {'n_layers_yyx': 2, 'hidden_size_yyx_l0': 2, 'hidden_size_yyx_l1': 4, 'context_size_yyx': 3, 'num_mix_components_yyx': 1, 'context_extractor_yyx': 'lstm', 'activation_func_yyx': 'GELU', 'L2_weight_yyx': 3.374873222699538e-05, 'L_entropy_weight_yyx': 0.0007323113288424866, 'L_sep_weight_yyx': 2.4125495046694584e-07, 'L_scale_weight_yyx': 6.164392356058203e-06, 'learning_rate_yyx': 0.009737697522810845}. Best is trial 6 with value: -2.0790188514889616.
[I 2026-03-18 20:20:53,343] Trial 36 pruned. 
[I 2026-03-18 20:20:53,614] Trial 46 pruned. 
[I 2026-03-18 20:20:54,221] Trial 44 pruned. 
[I 2026-03-18 20:20:56,392] Trial 35 pruned. 
[I 2026-03-18 20:20:57,888] Trial 47 pruned. 
[I 2026-03-18 20:21:05,598] Trial 44 pruned. 
[I 2026-03-18 20:21:06,103] Trial 48 pruned. 
[I 2026-03-18 20:21:11,135] Trial 39 pruned. 
[I 2026-03-18 20:21:14,867] Trial 45 pruned. 
[I 2026-03-18 20:21:16,514] Trial 42 finished with value: -2.0770050939852305 and parameters: {'n_layers_yyx': 2, 'hidden_size_yyx_l0': 5, 'hidden_size_yyx_l1': 3, 'context_size_yyx': 3, 'num_mix_components_yyx': 5, 'context_extractor_yyx': 'lstm', 'activation_func_yyx': 'ReLU', 'L2_weight_yyx': 3.0352809877235873e-09, 'L_entropy_weight_yyx': 1.4435638013866558e-06, 'L_sep_weight_yyx': 0.0001779590949444491, 'L_scale_weight_yyx': 6.633683885144722e-05, 'learning_rate_yyx': 0.0028583652023766656}. Best is trial 35 with value: -2.0819980012390658.
[I 2026-03-18 20:21:25,716] Trial 40 pruned. 
[I 2026-03-18 20:21:32,851] Trial 46 pruned. 
[I 2026-03-18 20:21:43,351] Trial 36 finished with value: -2.0883816238316895 and parameters: {'n_layers_yyx': 1, 'hidden_size_yyx_l0': 6, 'context_size_yyx': 3, 'num_mix_components_yyx': 4, 'context_extractor_yyx': 'lstm', 'activation_func_yyx': 'Tanh', 'L2_weight_yyx': 1.3358961779681866e-06, 'L_entropy_weight_yyx': 7.763007521481639e-06, 'L_sep_weight_yyx': 8.704007118918781e-08, 'L_scale_weight_yyx': 1.184637922296669e-09, 'learning_rate_yyx': 0.007836363941962129}. Best is trial 24 with value: -2.0962241228606584.
[I 2026-03-18 20:21:47,275] Trial 45 pruned. 
[I 2026-03-18 20:21:48,845] Trial 37 pruned. 
[I 2026-03-18 20:21:56,238] Trial 49 pruned. 

Source events: 11540
Target events: 54211
Full model ln_yyx : 1964.86028 nats/sec, 32.62021 nats/event
Full model Log loss : -1.58879
Full model ln_yyx : 2002.79810 nats/sec, 33.25005 nats/event
Full model Log loss : -1.61124
Full model ln_yyx : 1999.47490 nats/sec, 33.19488 nats/event
Full model Log loss : -1.61332
Full model ln_yyx : 2010.51752 nats/sec, 33.37820 nats/event
Full model Log loss : -1.60698
Full model ln_yyx : 2003.58842 nats/sec, 33.26317 nats/event
Full model Log loss : -1.61260
Full model ln_yyx : 2015.75810 nats/sec, 33.46521 nats/event
Full model Log loss : -1.61192
Full model ln_yyx : 1997.76985 nats/sec, 33.16657 nats/event
Full model Log loss : -1.61207
Full model ln_yyx : 1994.99342 nats/sec, 33.12048 nats/event
Full model Log loss : -1.61189
Full model ln_yyx : 2013.67333 nats/sec, 33.43060 nats/event
Full model Log loss : -1.60761
Full model ln_yyx : 2005.49770 nats/sec, 33.29487 nats/event
Full model Log loss : -1.61526
Full model ln_yyx : 1981.10414 nats/sec, 32.88989 nats/event
Full model Log loss : -1.61340
Full model ln_yyx : 2008.08577 nats/sec, 33.33783 nats/event
Full model Log loss : -1.61033
Full model ln_yyx : 2007.48068 nats/sec, 33.32779 nats/event
Full model Log loss : -1.60895
Full model ln_yyx : 2015.31428 nats/sec, 33.45784 nats/event
Full model Log loss : -1.60274
Optimization finished. Config saved to results/opt-full/opt_full_388_best_config.txt
[I 2026-03-18 20:22:04,325] Trial 44 finished with value: -2.060731035537436 and parameters: {'n_layers_yyx': 2, 'hidden_size_yyx_l0': 6, 'hidden_size_yyx_l1': 6, 'context_size_yyx': 2, 'num_mix_components_yyx': 4, 'context_extractor_yyx': 'lstm', 'activation_func_yyx': 'GELU', 'L2_weight_yyx': 2.114677364864377e-08, 'L_entropy_weight_yyx': 2.0236784999509072e-07, 'L_sep_weight_yyx': 0.0005962174302337349, 'L_scale_weight_yyx': 0.00029031001520574086, 'learning_rate_yyx': 0.009196522750413511}. Best is trial 41 with value: -2.0671816006912174.
[I 2026-03-18 20:22:14,774] Trial 46 finished with value: -2.0817178926653948 and parameters: {'n_layers_yyx': 2, 'hidden_size_yyx_l0': 3, 'hidden_size_yyx_l1': 5, 'context_size_yyx': 3, 'num_mix_components_yyx': 2, 'context_extractor_yyx': 'lstm', 'activation_func_yyx': 'ReLU', 'L2_weight_yyx': 1.5327859289902047e-08, 'L_entropy_weight_yyx': 6.566629678761004e-07, 'L_sep_weight_yyx': 2.3553325095506624e-08, 'L_scale_weight_yyx': 4.244204300551626e-07, 'learning_rate_yyx': 0.005012331410971551}. Best is trial 8 with value: -2.0851807543284644.
[I 2026-03-18 20:22:17,057] Trial 43 pruned. 
[I 2026-03-18 20:22:26,057] Trial 44 pruned. 
[I 2026-03-18 20:22:32,132] Trial 32 finished with value: -2.092461587799053 and parameters: {'n_layers_yyx': 1, 'hidden_size_yyx_l0': 4, 'context_size_yyx': 2, 'num_mix_components_yyx': 4, 'context_extractor_yyx': 'gru', 'activation_func_yyx': 'Tanh', 'L2_weight_yyx': 2.1218995242263873e-06, 'L_entropy_weight_yyx': 2.872232835065503e-10, 'L_sep_weight_yyx': 1.770585356435464e-06, 'L_scale_weight_yyx': 9.136782631534546e-05, 'learning_rate_yyx': 0.008079893186075448}. Best is trial 11 with value: -2.095012278283745.
[I 2026-03-18 20:22:32,225] Trial 37 finished with value: -1.6118405446001025 and parameters: {'n_layers_yyx': 1, 'hidden_size_yyx_l0': 5, 'context_size_yyx': 2, 'num_mix_components_yyx': 5, 'context_extractor_yyx': 'lstm', 'activation_func_yyx': 'GELU', 'L2_weight_yyx': 0.000656928174233327, 'L_entropy_weight_yyx': 3.0443479296377655e-05, 'L_sep_weight_yyx': 0.00018842449793346402, 'L_scale_weight_yyx': 4.206297648975709e-08, 'learning_rate_yyx': 0.007634392812074437}. Best is trial 9 with value: -1.613731891101604.
[I 2026-03-18 20:22:39,130] Trial 45 pruned. 
[I 2026-03-18 20:22:39,132] Trial 46 finished with value: -2.0955084337987113 and parameters: {'n_layers_yyx': 1, 'hidden_size_yyx_l0': 4, 'context_size_yyx': 2, 'num_mix_components_yyx': 5, 'context_extractor_yyx': 'gru', 'activation_func_yyx': 'ReLU', 'L2_weight_yyx': 5.181046399962316e-09, 'L_entropy_weight_yyx': 1.0517242972351308e-07, 'L_sep_weight_yyx': 8.174004943048937e-09, 'L_scale_weight_yyx': 4.1510873520952776e-05, 'learning_rate_yyx': 0.008315705562837021}. Best is trial 12 with value: -2.0975572887346234.
[I 2026-03-18 20:22:47,764] Trial 33 pruned. 
[I 2026-03-18 20:22:48,643] Trial 46 pruned. 
[I 2026-03-18 20:22:50,044] Trial 38 pruned. 
[I 2026-03-18 20:22:53,800] Trial 46 pruned. 
[I 2026-03-18 20:23:06,080] Trial 45 pruned. 
[I 2026-03-18 20:23:06,477] Trial 47 pruned. 
[I 2026-03-18 20:23:19,417] Trial 41 finished with value: -1.6291499937596343 and parameters: {'n_layers_yyx': 2, 'hidden_size_yyx_l0': 2, 'hidden_size_yyx_l1': 5, 'context_size_yyx': 3, 'num_mix_components_yyx': 5, 'context_extractor_yyx': 'gru', 'activation_func_yyx': 'GELU', 'L2_weight_yyx': 0.0004863461567827222, 'L_entropy_weight_yyx': 1.2870177411306102e-06, 'L_sep_weight_yyx': 1.54702414253707e-09, 'L_scale_weight_yyx': 0.00014703700076955866, 'learning_rate_yyx': 0.004591100508365301}. Best is trial 22 with value: -1.6339605357080298.
[I 2026-03-18 20:23:31,748] Trial 38 pruned. 
[I 2026-03-18 20:23:40,280] Trial 36 finished with value: -2.116139831137689 and parameters: {'n_layers_yyx': 1, 'hidden_size_yyx_l0': 5, 'context_size_yyx': 1, 'num_mix_components_yyx': 5, 'context_extractor_yyx': 'lstm', 'activation_func_yyx': 'ReLU', 'L2_weight_yyx': 2.672203178218583e-09, 'L_entropy_weight_yyx': 3.0063865093918655e-09, 'L_sep_weight_yyx': 3.553715321670325e-08, 'L_scale_weight_yyx': 1.0215707061229264e-05, 'learning_rate_yyx': 0.006975036305144076}. Best is trial 10 with value: -2.123509279126982.
[I 2026-03-18 20:23:44,628] Trial 39 pruned. 
[I 2026-03-18 20:23:49,610] Trial 37 finished with value: -2.0946354899037325 and parameters: {'n_layers_yyx': 2, 'hidden_size_yyx_l0': 4, 'hidden_size_yyx_l1': 5, 'context_size_yyx': 4, 'num_mix_components_yyx': 4, 'context_extractor_yyx': 'gru', 'activation_func_yyx': 'Tanh', 'L2_weight_yyx': 4.2347852713598863e-07, 'L_entropy_weight_yyx': 4.454026585670179e-06, 'L_sep_weight_yyx': 9.37589045566054e-09, 'L_scale_weight_yyx': 4.304782655232337e-07, 'learning_rate_yyx': 0.008930853073335318}. Best is trial 24 with value: -2.0962241228606584.
[I 2026-03-18 20:23:51,423] Trial 47 finished with value: -2.077836874722674 and parameters: {'n_layers_yyx': 2, 'hidden_size_yyx_l0': 3, 'hidden_size_yyx_l1': 4, 'context_size_yyx': 4, 'num_mix_components_yyx': 5, 'context_extractor_yyx': 'lstm', 'activation_func_yyx': 'ReLU', 'L2_weight_yyx': 8.517673745204343e-06, 'L_entropy_weight_yyx': 3.180400113439167e-08, 'L_sep_weight_yyx': 1.0870248094694356e-06, 'L_scale_weight_yyx': 5.250618305085253e-05, 'learning_rate_yyx': 0.004760520634982617}. Best is trial 6 with value: -2.0790188514889616.
[I 2026-03-18 20:23:57,242] Trial 40 pruned. 
[I 2026-03-18 20:24:03,355] Trial 38 pruned. 
[I 2026-03-18 20:24:04,197] Trial 48 pruned. 
[I 2026-03-18 20:24:13,755] Trial 39 pruned. 
[I 2026-03-18 20:24:20,671] Trial 47 finished with value: -2.087119619226666 and parameters: {'n_layers_yyx': 2, 'hidden_size_yyx_l0': 3, 'hidden_size_yyx_l1': 6, 'context_size_yyx': 4, 'num_mix_components_yyx': 3, 'context_extractor_yyx': 'lstm', 'activation_func_yyx': 'ReLU', 'L2_weight_yyx': 1.5386622464319235e-08, 'L_entropy_weight_yyx': 5.20021884085667e-07, 'L_sep_weight_yyx': 2.1123070390813884e-08, 'L_scale_weight_yyx': 5.165195228925257e-07, 'learning_rate_yyx': 0.008564361677518359}. Best is trial 47 with value: -2.087119619226666.
[I 2026-03-18 20:24:30,521] Trial 47 finished with value: -2.0794355849787602 and parameters: {'n_layers_yyx': 1, 'hidden_size_yyx_l0': 4, 'context_size_yyx': 4, 'num_mix_components_yyx': 5, 'context_extractor_yyx': 'lstm', 'activation_func_yyx': 'Tanh', 'L2_weight_yyx': 2.6292354692982e-07, 'L_entropy_weight_yyx': 4.0479185581429324e-07, 'L_sep_weight_yyx': 7.846528955638245e-07, 'L_scale_weight_yyx': 2.0799086712479904e-05, 'learning_rate_yyx': 0.00839038753693499}. Best is trial 2 with value: -2.093203554819634.
[I 2026-03-18 20:24:54,199] Trial 46 finished with value: -2.0380199786898814 and parameters: {'n_layers_yyx': 2, 'hidden_size_yyx_l0': 5, 'hidden_size_yyx_l1': 6, 'context_size_yyx': 3, 'num_mix_components_yyx': 4, 'context_extractor_yyx': 'gru', 'activation_func_yyx': 'ReLU', 'L2_weight_yyx': 8.174276268884038e-08, 'L_entropy_weight_yyx': 4.066184593762796e-06, 'L_sep_weight_yyx': 0.000160296954046351, 'L_scale_weight_yyx': 0.0006743138076150846, 'learning_rate_yyx': 0.009333431899685109}. Best is trial 41 with value: -2.0671816006912174.
[I 2026-03-18 20:25:28,722] Trial 39 pruned. 
[I 2026-03-18 20:25:41,658] Trial 34 pruned. 
[I 2026-03-18 20:25:43,177] Trial 40 pruned. 
[I 2026-03-18 20:25:49,340] Trial 48 pruned. 
[I 2026-03-18 20:25:49,778] Trial 40 finished with value: -2.095176024583993 and parameters: {'n_layers_yyx': 2, 'hidden_size_yyx_l0': 3, 'hidden_size_yyx_l1': 5, 'context_size_yyx': 4, 'num_mix_components_yyx': 4, 'context_extractor_yyx': 'gru', 'activation_func_yyx': 'Tanh', 'L2_weight_yyx': 4.3016846086390734e-07, 'L_entropy_weight_yyx': 0.00014140322444573296, 'L_sep_weight_yyx': 1.1260223857711681e-10, 'L_scale_weight_yyx': 2.1997819583846687e-06, 'learning_rate_yyx': 0.009961173883903789}. Best is trial 24 with value: -2.0962241228606584.
[I 2026-03-18 20:25:53,591] Trial 37 finished with value: -2.117391234216779 and parameters: {'n_layers_yyx': 1, 'hidden_size_yyx_l0': 6, 'context_size_yyx': 3, 'num_mix_components_yyx': 5, 'context_extractor_yyx': 'gru', 'activation_func_yyx': 'Tanh', 'L2_weight_yyx': 2.7211595837218392e-05, 'L_entropy_weight_yyx': 1.0257864945232274e-05, 'L_sep_weight_yyx': 4.450122627211315e-07, 'L_scale_weight_yyx': 1.217022319061504e-09, 'learning_rate_yyx': 0.0039587099079700224}. Best is trial 10 with value: -2.123509279126982.
[I 2026-03-18 20:25:54,022] Trial 47 pruned. 
[I 2026-03-18 20:25:58,939] Trial 42 finished with value: -1.6320522975493974 and parameters: {'n_layers_yyx': 2, 'hidden_size_yyx_l0': 2, 'hidden_size_yyx_l1': 5, 'context_size_yyx': 3, 'num_mix_components_yyx': 4, 'context_extractor_yyx': 'gru', 'activation_func_yyx': 'GELU', 'L2_weight_yyx': 0.0003897263020183075, 'L_entropy_weight_yyx': 1.1701880363050554e-06, 'L_sep_weight_yyx': 9.184227586169647e-09, 'L_scale_weight_yyx': 1.964888947427869e-05, 'learning_rate_yyx': 0.006682239204013109}. Best is trial 22 with value: -1.6339605357080298.
[I 2026-03-18 20:26:09,306] Trial 35 pruned. 
[I 2026-03-18 20:26:12,866] Trial 49 pruned. 

Source events: 16159
Target events: 10683
Full model ln_yyx : 637.23915 nats/sec, 53.68485 nats/event
Full model Log loss : -2.05221
Full model ln_yyx : 653.45485 nats/sec, 55.05096 nats/event
Full model Log loss : -2.08200
Full model ln_yyx : 645.04853 nats/sec, 54.34276 nats/event
Full model Log loss : -2.06600
Full model ln_yyx : 647.87064 nats/sec, 54.58051 nats/event
Full model Log loss : -2.06884
Full model ln_yyx : 646.78699 nats/sec, 54.48922 nats/event
Full model Log loss : -2.07906
Full model ln_yyx : 646.05925 nats/sec, 54.42791 nats/event
Full model Log loss : -2.05924
Full model ln_yyx : 646.73501 nats/sec, 54.48484 nats/event
Full model Log loss : -2.06984
Full model ln_yyx : 640.54267 nats/sec, 53.96316 nats/event
Full model Log loss : -2.06128
Full model ln_yyx : 648.03482 nats/sec, 54.59434 nats/event
Full model Log loss : -2.06972
Full model ln_yyx : 647.03385 nats/sec, 54.51001 nats/event
Full model Log loss : -2.07607
Full model ln_yyx : 648.40501 nats/sec, 54.62553 nats/event
Full model Log loss : -2.08200
Full model ln_yyx : 646.89585 nats/sec, 54.49839 nats/event
Full model Log loss : -2.07517
Full model ln_yyx : 649.93969 nats/sec, 54.75482 nats/event
Full model Log loss : -2.07701
Optimization finished. Config saved to results/opt-full/opt_full_402_best_config.txt
[I 2026-03-18 20:26:21,959] Trial 47 finished with value: -2.0948811285596287 and parameters: {'n_layers_yyx': 1, 'hidden_size_yyx_l0': 3, 'context_size_yyx': 2, 'num_mix_components_yyx': 5, 'context_extractor_yyx': 'gru', 'activation_func_yyx': 'ReLU', 'L2_weight_yyx': 3.04827146525768e-09, 'L_entropy_weight_yyx': 6.499890980208684e-09, 'L_sep_weight_yyx': 4.2844343061822e-09, 'L_scale_weight_yyx': 1.2518944082824026e-07, 'learning_rate_yyx': 0.008406872268493064}. Best is trial 12 with value: -2.0975572887346234.
[I 2026-03-18 20:26:32,029] Trial 48 pruned. 
[I 2026-03-18 20:26:40,068] Trial 49 pruned. 

Source events: 16159
Target events: 5634
Full model ln_yyx : 339.25152 nats/sec, 54.19353 nats/event
Full model Log loss : -2.05869
Full model ln_yyx : 337.62558 nats/sec, 53.93380 nats/event
Full model Log loss : -2.05930
Full model ln_yyx : 328.87692 nats/sec, 52.53625 nats/event
Full model Log loss : -2.01357
Full model ln_yyx : 339.03760 nats/sec, 54.15936 nats/event
Full model Log loss : -2.05872
Full model ln_yyx : 339.20712 nats/sec, 54.18644 nats/event
Full model Log loss : -2.07375
Full model ln_yyx : 341.29457 nats/sec, 54.51990 nats/event
Full model Log loss : -2.07902
Full model ln_yyx : 341.72109 nats/sec, 54.58803 nats/event
Full model Log loss : -2.07573
Full model ln_yyx : 340.64063 nats/sec, 54.41544 nats/event
Full model Log loss : -2.07522
Full model ln_yyx : 341.03667 nats/sec, 54.47870 nats/event
Full model Log loss : -2.06822
Full model ln_yyx : 344.99994 nats/sec, 55.11181 nats/event
Full model Log loss : -2.06735
Full model ln_yyx : 341.00179 nats/sec, 54.47313 nats/event
Full model Log loss : -2.06821
Full model ln_yyx : 342.22696 nats/sec, 54.66884 nats/event
Full model Log loss : -2.07381
Full model ln_yyx : 336.89211 nats/sec, 53.81663 nats/event
Full model Log loss : -2.05901
Full model ln_yyx : 341.38374 nats/sec, 54.53414 nats/event
Full model Log loss : -2.07784
Optimization finished. Config saved to results/opt-full/opt_full_401_best_config.txt
[I 2026-03-18 20:26:45,013] Trial 48 finished with value: -2.0896087512045707 and parameters: {'n_layers_yyx': 1, 'hidden_size_yyx_l0': 5, 'context_size_yyx': 4, 'num_mix_components_yyx': 4, 'context_extractor_yyx': 'lstm', 'activation_func_yyx': 'ReLU', 'L2_weight_yyx': 1.4951456134900334e-06, 'L_entropy_weight_yyx': 2.3846641571049364e-05, 'L_sep_weight_yyx': 1.5119432176824611e-05, 'L_scale_weight_yyx': 8.528368090702295e-09, 'learning_rate_yyx': 0.0069066593961327844}. Best is trial 2 with value: -2.093203554819634.
[I 2026-03-18 20:26:48,831] Trial 38 pruned. 
[I 2026-03-18 20:26:49,116] Trial 41 finished with value: -1.6122739131309165 and parameters: {'n_layers_yyx': 1, 'hidden_size_yyx_l0': 5, 'context_size_yyx': 2, 'num_mix_components_yyx': 5, 'context_extractor_yyx': 'lstm', 'activation_func_yyx': 'GELU', 'L2_weight_yyx': 0.0002454507270289184, 'L_entropy_weight_yyx': 2.3071292847984848e-05, 'L_sep_weight_yyx': 0.0003411409702671158, 'L_scale_weight_yyx': 5.644124269147713e-08, 'learning_rate_yyx': 0.007561361653655877}. Best is trial 9 with value: -1.613731891101604.
[I 2026-03-18 20:26:50,517] Trial 41 pruned. 
[I 2026-03-18 20:27:00,096] Trial 39 pruned. 
[I 2026-03-18 20:27:00,344] Trial 48 finished with value: -2.086435220765197 and parameters: {'n_layers_yyx': 2, 'hidden_size_yyx_l0': 3, 'hidden_size_yyx_l1': 6, 'context_size_yyx': 3, 'num_mix_components_yyx': 3, 'context_extractor_yyx': 'lstm', 'activation_func_yyx': 'ReLU', 'L2_weight_yyx': 1.7910925336734173e-08, 'L_entropy_weight_yyx': 6.50196916561216e-07, 'L_sep_weight_yyx': 0.00024226947264120868, 'L_scale_weight_yyx': 5.540493737528175e-07, 'learning_rate_yyx': 0.008686923060836968}. Best is trial 47 with value: -2.087119619226666.
[I 2026-03-18 20:27:00,723] Trial 42 pruned. 
[I 2026-03-18 20:27:06,206] Trial 49 pruned. 

Source events: 16159
Target events: 31112
Full model ln_yyx : 1892.40040 nats/sec, 54.74288 nats/event
Full model Log loss : -2.07849
Full model ln_yyx : 1870.98459 nats/sec, 54.12337 nats/event
Full model Log loss : -2.07962
Full model ln_yyx : 1894.84107 nats/sec, 54.81348 nats/event
Full model Log loss : -2.09320
Full model ln_yyx : 1893.69067 nats/sec, 54.78020 nats/event
Full model Log loss : -2.07871
Full model ln_yyx : 1884.02023 nats/sec, 54.50046 nats/event
Full model Log loss : -2.07707
Full model ln_yyx : 1871.53125 nats/sec, 54.13918 nats/event
Full model Log loss : -2.08051
Full model ln_yyx : 1870.27386 nats/sec, 54.10281 nats/event
Full model Log loss : -2.08082
Full model ln_yyx : 1902.81220 nats/sec, 55.04407 nats/event
Full model Log loss : -2.09281
Full model ln_yyx : 1891.06003 nats/sec, 54.70410 nats/event
Full model Log loss : -2.09126
Full model ln_yyx : 1886.22708 nats/sec, 54.56430 nats/event
Full model Log loss : -2.07924
Full model ln_yyx : 1888.77568 nats/sec, 54.63802 nats/event
Full model Log loss : -2.08884
Full model ln_yyx : 1891.27174 nats/sec, 54.71023 nats/event
Full model Log loss : -2.08943
Full model ln_yyx : 1904.05786 nats/sec, 55.08010 nats/event
Full model Log loss : -2.09034
Full model ln_yyx : 1886.84046 nats/sec, 54.58204 nats/event
Full model Log loss : -2.08957
Full model ln_yyx : 1877.47018 nats/sec, 54.31098 nats/event
Full model Log loss : -2.07944
Full model ln_yyx : 1887.25102 nats/sec, 54.59392 nats/event
Full model Log loss : -2.08961
Optimization finished. Config saved to results/opt-full/opt_full_396_best_config.txt
[I 2026-03-18 20:27:12,687] Trial 43 pruned. 
[I 2026-03-18 20:27:13,496] Trial 40 pruned. 
[I 2026-03-18 20:27:18,199] Trial 43 finished with value: -1.6260151679205788 and parameters: {'n_layers_yyx': 2, 'hidden_size_yyx_l0': 2, 'hidden_size_yyx_l1': 5, 'context_size_yyx': 3, 'num_mix_components_yyx': 5, 'context_extractor_yyx': 'gru', 'activation_func_yyx': 'GELU', 'L2_weight_yyx': 0.00030376592701278636, 'L_entropy_weight_yyx': 9.595444643354465e-06, 'L_sep_weight_yyx': 9.368232500167168e-09, 'L_scale_weight_yyx': 5.3646365184702323e-05, 'learning_rate_yyx': 0.0063998797959724}. Best is trial 22 with value: -1.6339605357080298.
[I 2026-03-18 20:27:29,087] Trial 44 pruned. 
[I 2026-03-18 20:27:30,865] Trial 41 pruned. 
[I 2026-03-18 20:27:45,882] Trial 45 pruned. 
[I 2026-03-18 20:27:52,469] Trial 48 finished with value: -2.0501215938298674 and parameters: {'n_layers_yyx': 2, 'hidden_size_yyx_l0': 6, 'hidden_size_yyx_l1': 6, 'context_size_yyx': 3, 'num_mix_components_yyx': 4, 'context_extractor_yyx': 'gru', 'activation_func_yyx': 'ReLU', 'L2_weight_yyx': 2.9629137273655428e-08, 'L_entropy_weight_yyx': 0.00037779990607966345, 'L_sep_weight_yyx': 0.0008583282175994818, 'L_scale_weight_yyx': 5.462764082138044e-09, 'learning_rate_yyx': 0.007467368893844635}. Best is trial 41 with value: -2.0671816006912174.
[I 2026-03-18 20:28:06,824] Trial 46 pruned. 
[I 2026-03-18 20:28:07,566] Trial 41 finished with value: -2.085862915346351 and parameters: {'n_layers_yyx': 1, 'hidden_size_yyx_l0': 6, 'context_size_yyx': 3, 'num_mix_components_yyx': 5, 'context_extractor_yyx': 'lstm', 'activation_func_yyx': 'ReLU', 'L2_weight_yyx': 0.0009736289710591252, 'L_entropy_weight_yyx': 2.3938839362963085e-06, 'L_sep_weight_yyx': 0.00027295805360245273, 'L_scale_weight_yyx': 2.2549686751182493e-05, 'learning_rate_yyx': 0.008063181766187132}. Best is trial 31 with value: -2.089858720706198.
[I 2026-03-18 20:28:12,502] Trial 49 pruned. 

Source events: 16159
Target events: 1783
Full model ln_yyx : 107.78939 nats/sec, 54.40855 nats/event
Full model Log loss : -2.05954
Full model ln_yyx : 108.72351 nats/sec, 54.88007 nats/event
Full model Log loss : -2.05987
Full model ln_yyx : 107.06506 nats/sec, 54.04294 nats/event
Full model Log loss : -2.05485
Full model ln_yyx : 106.56623 nats/sec, 53.79114 nats/event
Full model Log loss : -2.04136
Full model ln_yyx : 108.11107 nats/sec, 54.57093 nats/event
Full model Log loss : -2.05603
Full model ln_yyx : 107.26709 nats/sec, 54.14491 nats/event
Full model Log loss : -2.05164
Full model ln_yyx : 107.23249 nats/sec, 54.12745 nats/event
Full model Log loss : -2.03943
Full model ln_yyx : 108.92655 nats/sec, 54.98256 nats/event
Full model Log loss : -2.05127
Full model ln_yyx : 109.24222 nats/sec, 55.14189 nats/event
Full model Log loss : -2.05795
Full model ln_yyx : 108.53775 nats/sec, 54.78630 nats/event
Full model Log loss : -2.05825
Full model ln_yyx : 108.33447 nats/sec, 54.68369 nats/event
Full model Log loss : -2.05273
Full model ln_yyx : 106.54195 nats/sec, 53.77889 nats/event
Full model Log loss : -2.04057
Full model ln_yyx : 107.33135 nats/sec, 54.17735 nats/event
Full model Log loss : -2.04827
Full model ln_yyx : 108.16766 nats/sec, 54.59949 nats/event
Full model Log loss : -2.05923
Full model ln_yyx : 108.41718 nats/sec, 54.72544 nats/event
Full model Log loss : -2.06718
Full model ln_yyx : 108.44660 nats/sec, 54.74029 nats/event
Full model Log loss : -2.06104
Full model ln_yyx : 107.54971 nats/sec, 54.28757 nats/event
Full model Log loss : -2.06073
Full model ln_yyx : 106.87499 nats/sec, 53.94699 nats/event
Full model Log loss : -2.03802
Full model ln_yyx : 107.27329 nats/sec, 54.14804 nats/event
Full model Log loss : -2.05012
Optimization finished. Config saved to results/opt-full/opt_full_397_best_config.txt
[I 2026-03-18 20:28:15,761] Trial 47 pruned. 
[I 2026-03-18 20:28:28,717] Trial 48 pruned. 
[I 2026-03-18 20:28:33,330] Trial 36 pruned. 
[I 2026-03-18 20:28:35,594] Trial 44 finished with value: -1.6288868309671034 and parameters: {'n_layers_yyx': 2, 'hidden_size_yyx_l0': 2, 'hidden_size_yyx_l1': 5, 'context_size_yyx': 4, 'num_mix_components_yyx': 5, 'context_extractor_yyx': 'gru', 'activation_func_yyx': 'GELU', 'L2_weight_yyx': 0.0005755171725075146, 'L_entropy_weight_yyx': 1.1740497035930093e-06, 'L_sep_weight_yyx': 1.2646083090797245e-09, 'L_scale_weight_yyx': 0.0001862625532053213, 'learning_rate_yyx': 0.008354672763935032}. Best is trial 22 with value: -1.6339605357080298.
[I 2026-03-18 20:28:38,288] Trial 37 pruned. 
[I 2026-03-18 20:28:45,895] Trial 49 pruned. 

Source events: 16159
Target events: 24874
Full model ln_yyx : 1510.55331 nats/sec, 54.65538 nats/event
Full model Log loss : -2.09409
Full model ln_yyx : 1507.78290 nats/sec, 54.55514 nats/event
Full model Log loss : -2.07843
Full model ln_yyx : 1503.83372 nats/sec, 54.41225 nats/event
Full model Log loss : -2.07810
Full model ln_yyx : 1507.84259 nats/sec, 54.55730 nats/event
Full model Log loss : -2.08097
Full model ln_yyx : 1509.17415 nats/sec, 54.60548 nats/event
Full model Log loss : -2.07972
Full model ln_yyx : 1503.96596 nats/sec, 54.41704 nats/event
Full model Log loss : -2.07860
Full model ln_yyx : 1514.00347 nats/sec, 54.78022 nats/event
Full model Log loss : -2.09756
Full model ln_yyx : 1522.80705 nats/sec, 55.09875 nats/event
Full model Log loss : -2.09421
Full model ln_yyx : 1512.45369 nats/sec, 54.72414 nats/event
Full model Log loss : -2.08690
Full model ln_yyx : 1509.96906 nats/sec, 54.63424 nats/event
Full model Log loss : -2.09551
Full model ln_yyx : 1521.08726 nats/sec, 55.03653 nats/event
Full model Log loss : -2.09488
Optimization finished. Config saved to results/opt-full/opt_full_404_best_config.txt
[I 2026-03-18 20:28:54,250] Trial 42 finished with value: -2.0952442618118585 and parameters: {'n_layers_yyx': 2, 'hidden_size_yyx_l0': 3, 'hidden_size_yyx_l1': 5, 'context_size_yyx': 4, 'num_mix_components_yyx': 4, 'context_extractor_yyx': 'gru', 'activation_func_yyx': 'Tanh', 'L2_weight_yyx': 3.4837661670442765e-07, 'L_entropy_weight_yyx': 0.00015524875100223441, 'L_sep_weight_yyx': 2.3226612550197507e-10, 'L_scale_weight_yyx': 4.763239329458752e-07, 'learning_rate_yyx': 0.008357859191130218}. Best is trial 24 with value: -2.0962241228606584.
[I 2026-03-18 20:28:54,831] Trial 49 finished with value: -2.0823405117565463 and parameters: {'n_layers_yyx': 2, 'hidden_size_yyx_l0': 3, 'hidden_size_yyx_l1': 6, 'context_size_yyx': 2, 'num_mix_components_yyx': 3, 'context_extractor_yyx': 'lstm', 'activation_func_yyx': 'ReLU', 'L2_weight_yyx': 1.881218808952793e-09, 'L_entropy_weight_yyx': 1.546123601755512e-06, 'L_sep_weight_yyx': 0.00018554750864996174, 'L_scale_weight_yyx': 6.621344555331026e-08, 'learning_rate_yyx': 0.009963252799329003}. Best is trial 47 with value: -2.087119619226666.

Source events: 16159
Target events: 39192
Full model ln_yyx : 2344.70068 nats/sec, 53.84340 nats/event
Full model Log loss : -2.07089
Full model ln_yyx : 2339.68528 nats/sec, 53.72823 nats/event
Full model Log loss : -2.06883
Full model ln_yyx : 2342.39407 nats/sec, 53.79043 nats/event
Full model Log loss : -2.06941
Full model ln_yyx : 2375.63983 nats/sec, 54.55388 nats/event
Full model Log loss : -2.08387
Full model ln_yyx : 2381.02050 nats/sec, 54.67745 nats/event
Full model Log loss : -2.08518
Full model ln_yyx : 2349.39987 nats/sec, 53.95131 nats/event
Full model Log loss : -2.06789
Full model ln_yyx : 2355.78872 nats/sec, 54.09803 nats/event
Full model Log loss : -2.07711
Full model ln_yyx : 2373.36465 nats/sec, 54.50164 nats/event
Full model Log loss : -2.07742
Full model ln_yyx : 2384.02169 nats/sec, 54.74636 nats/event
Full model Log loss : -2.08190
Full model ln_yyx : 2368.70737 nats/sec, 54.39469 nats/event
Full model Log loss : -2.08075
Full model ln_yyx : 2380.44307 nats/sec, 54.66419 nats/event
Full model Log loss : -2.08172
Full model ln_yyx : 2366.93604 nats/sec, 54.35401 nats/event
Full model Log loss : -2.08712
Full model ln_yyx : 2381.35648 nats/sec, 54.68516 nats/event
Full model Log loss : -2.08644
Full model ln_yyx : 2375.12479 nats/sec, 54.54206 nats/event
Full model Log loss : -2.08234
Optimization finished. Config saved to results/opt-full/opt_full_406_best_config.txt
[I 2026-03-18 20:28:57,158] Trial 49 pruned. 

Source events: 11540
Target events: 20158
Full model ln_yyx : 748.83181 nats/sec, 33.43331 nats/event
Full model Log loss : -1.61347
Full model ln_yyx : 735.60939 nats/sec, 32.84296 nats/event
Full model Log loss : -1.61248
Full model ln_yyx : 744.19342 nats/sec, 33.22622 nats/event
Full model Log loss : -1.61070
Full model ln_yyx : 729.76595 nats/sec, 32.58207 nats/event
Full model Log loss : -1.58829
Full model ln_yyx : 703.13440 nats/sec, 31.39304 nats/event
Full model Log loss : -1.57686
Full model ln_yyx : 746.29490 nats/sec, 33.32004 nats/event
Full model Log loss : -1.60667
Full model ln_yyx : 746.02290 nats/sec, 33.30790 nats/event
Full model Log loss : -1.61373
Full model ln_yyx : 736.80547 nats/sec, 32.89636 nats/event
Full model Log loss : -1.58348
Full model ln_yyx : 745.27976 nats/sec, 33.27472 nats/event
Full model Log loss : -1.60701
Full model ln_yyx : 740.17368 nats/sec, 33.04675 nats/event
Full model Log loss : -1.60853
Full model ln_yyx : 730.62613 nats/sec, 32.62047 nats/event
Full model Log loss : -1.58543
Full model ln_yyx : 746.75700 nats/sec, 33.34067 nats/event
Full model Log loss : -1.60966
Full model ln_yyx : 744.39544 nats/sec, 33.23524 nats/event
Full model Log loss : -1.61018
Full model ln_yyx : 738.85374 nats/sec, 32.98781 nats/event
Full model Log loss : -1.61246
Full model ln_yyx : 736.46705 nats/sec, 32.88126 nats/event
Full model Log loss : -1.61184
Full model ln_yyx : 741.60803 nats/sec, 33.11079 nats/event
Full model Log loss : -1.61227
Optimization finished. Config saved to results/opt-full/opt_full_393_best_config.txt
[I 2026-03-18 20:29:09,792] Trial 38 pruned. 
[I 2026-03-18 20:29:37,092] Trial 45 finished with value: -1.6228170078431545 and parameters: {'n_layers_yyx': 2, 'hidden_size_yyx_l0': 2, 'hidden_size_yyx_l1': 6, 'context_size_yyx': 3, 'num_mix_components_yyx': 4, 'context_extractor_yyx': 'gru', 'activation_func_yyx': 'GELU', 'L2_weight_yyx': 0.00012989919614925837, 'L_entropy_weight_yyx': 3.979889798674831e-06, 'L_sep_weight_yyx': 4.448186161018248e-10, 'L_scale_weight_yyx': 0.00015840836381877775, 'learning_rate_yyx': 0.005336700672340726}. Best is trial 22 with value: -1.6339605357080298.
[I 2026-03-18 20:29:40,990] Trial 42 finished with value: -2.0881053331589983 and parameters: {'n_layers_yyx': 1, 'hidden_size_yyx_l0': 6, 'context_size_yyx': 3, 'num_mix_components_yyx': 5, 'context_extractor_yyx': 'lstm', 'activation_func_yyx': 'ReLU', 'L2_weight_yyx': 0.0003989715064754532, 'L_entropy_weight_yyx': 2.5072945795622372e-06, 'L_sep_weight_yyx': 0.00035126304297808045, 'L_scale_weight_yyx': 1.290657382582032e-06, 'learning_rate_yyx': 0.008668325379565354}. Best is trial 31 with value: -2.089858720706198.
[I 2026-03-18 20:29:42,374] Trial 46 pruned. 
[I 2026-03-18 20:29:43,513] Trial 39 pruned. 
[I 2026-03-18 20:29:44,554] Trial 42 finished with value: -2.121502961137222 and parameters: {'n_layers_yyx': 1, 'hidden_size_yyx_l0': 3, 'context_size_yyx': 2, 'num_mix_components_yyx': 5, 'context_extractor_yyx': 'gru', 'activation_func_yyx': 'Tanh', 'L2_weight_yyx': 1.3840286252376941e-06, 'L_entropy_weight_yyx': 3.1002751662392365e-06, 'L_sep_weight_yyx': 1.3460114682415782e-07, 'L_scale_weight_yyx': 1.0114554880660575e-10, 'learning_rate_yyx': 0.009825848165102746}. Best is trial 10 with value: -2.123509279126982.
[I 2026-03-18 20:29:45,599] Trial 47 pruned. 
[I 2026-03-18 20:29:47,199] Trial 40 pruned. 
[I 2026-03-18 20:29:48,052] Trial 43 pruned. 
[I 2026-03-18 20:30:16,304] Trial 43 finished with value: -2.0951208807223245 and parameters: {'n_layers_yyx': 2, 'hidden_size_yyx_l0': 3, 'hidden_size_yyx_l1': 5, 'context_size_yyx': 4, 'num_mix_components_yyx': 4, 'context_extractor_yyx': 'gru', 'activation_func_yyx': 'Tanh', 'L2_weight_yyx': 1.977342683190854e-06, 'L_entropy_weight_yyx': 0.0001817810782958495, 'L_sep_weight_yyx': 1.307249428399198e-10, 'L_scale_weight_yyx': 2.6504518909002147e-07, 'learning_rate_yyx': 0.00857574654358597}. Best is trial 24 with value: -2.0962241228606584.
[I 2026-03-18 20:30:56,214] Trial 43 finished with value: -2.08588645171639 and parameters: {'n_layers_yyx': 1, 'hidden_size_yyx_l0': 6, 'context_size_yyx': 3, 'num_mix_components_yyx': 5, 'context_extractor_yyx': 'lstm', 'activation_func_yyx': 'ReLU', 'L2_weight_yyx': 0.0009992966557164638, 'L_entropy_weight_yyx': 2.4108131119912086e-06, 'L_sep_weight_yyx': 0.00034179116472029966, 'L_scale_weight_yyx': 1.61933558513401e-06, 'learning_rate_yyx': 0.008386320732232132}. Best is trial 31 with value: -2.089858720706198.
[I 2026-03-18 20:31:14,941] Trial 44 pruned. 
[I 2026-03-18 20:31:19,102] Trial 45 pruned. 
[I 2026-03-18 20:31:22,458] Trial 48 finished with value: -1.6289958320925588 and parameters: {'n_layers_yyx': 2, 'hidden_size_yyx_l0': 3, 'hidden_size_yyx_l1': 5, 'context_size_yyx': 2, 'num_mix_components_yyx': 4, 'context_extractor_yyx': 'gru', 'activation_func_yyx': 'GELU', 'L2_weight_yyx': 0.00015338244690553407, 'L_entropy_weight_yyx': 2.139490852868217e-06, 'L_sep_weight_yyx': 1.7686642232937442e-09, 'L_scale_weight_yyx': 1.8110336205395023e-06, 'learning_rate_yyx': 0.0050058361667176445}. Best is trial 22 with value: -1.6339605357080298.
[I 2026-03-18 20:31:25,620] Trial 46 pruned. 
[I 2026-03-18 20:31:36,574] Trial 47 pruned. 
[I 2026-03-18 20:31:37,202] Trial 41 finished with value: -2.0924374512563793 and parameters: {'n_layers_yyx': 1, 'hidden_size_yyx_l0': 4, 'context_size_yyx': 2, 'num_mix_components_yyx': 4, 'context_extractor_yyx': 'gru', 'activation_func_yyx': 'Tanh', 'L2_weight_yyx': 1.7739678308977766e-06, 'L_entropy_weight_yyx': 3.0832399583169804e-10, 'L_sep_weight_yyx': 1.0381889074437565e-05, 'L_scale_weight_yyx': 0.00011631045309198077, 'learning_rate_yyx': 0.00818068240515785}. Best is trial 11 with value: -2.095012278283745.
[I 2026-03-18 20:31:43,164] Trial 44 finished with value: -2.095289169129071 and parameters: {'n_layers_yyx': 2, 'hidden_size_yyx_l0': 3, 'hidden_size_yyx_l1': 5, 'context_size_yyx': 4, 'num_mix_components_yyx': 4, 'context_extractor_yyx': 'gru', 'activation_func_yyx': 'Tanh', 'L2_weight_yyx': 2.6663757871440465e-07, 'L_entropy_weight_yyx': 0.00021539550572094243, 'L_sep_weight_yyx': 1.305555516225208e-10, 'L_scale_weight_yyx': 1.0000843080449722e-07, 'learning_rate_yyx': 0.008228088013237139}. Best is trial 24 with value: -2.0962241228606584.
[I 2026-03-18 20:31:45,674] Trial 42 pruned. 
[I 2026-03-18 20:31:47,411] Trial 49 pruned. 

Source events: 11540
Target events: 5634
Full model ln_yyx : 208.92450 nats/sec, 33.37452 nats/event
Full model Log loss : -1.62963
Full model ln_yyx : 208.88223 nats/sec, 33.36777 nats/event
Full model Log loss : -1.62829
Full model ln_yyx : 209.73715 nats/sec, 33.50434 nats/event
Full model Log loss : -1.63079
Full model ln_yyx : 207.74947 nats/sec, 33.18682 nats/event
Full model Log loss : -1.62632
Full model ln_yyx : 206.84394 nats/sec, 33.04216 nats/event
Full model Log loss : -1.60129
Full model ln_yyx : 208.90132 nats/sec, 33.37082 nats/event
Full model Log loss : -1.62818
Full model ln_yyx : 207.19788 nats/sec, 33.09870 nats/event
Full model Log loss : -1.62193
Full model ln_yyx : 207.09805 nats/sec, 33.08276 nats/event
Full model Log loss : -1.60057
Full model ln_yyx : 209.84726 nats/sec, 33.52193 nats/event
Full model Log loss : -1.62840
Full model ln_yyx : 206.25786 nats/sec, 32.94854 nats/event
Full model Log loss : -1.62367
Full model ln_yyx : 209.74123 nats/sec, 33.50499 nats/event
Full model Log loss : -1.63396
Full model ln_yyx : 206.94719 nats/sec, 33.05866 nats/event
Full model Log loss : -1.61755
Full model ln_yyx : 205.62246 nats/sec, 32.84704 nats/event
Full model Log loss : -1.60832
Full model ln_yyx : 206.79776 nats/sec, 33.03479 nats/event
Full model Log loss : -1.62670
Full model ln_yyx : 209.37061 nats/sec, 33.44578 nats/event
Full model Log loss : -1.62915
Full model ln_yyx : 209.62218 nats/sec, 33.48597 nats/event
Full model Log loss : -1.63205
Full model ln_yyx : 206.76648 nats/sec, 33.02979 nats/event
Full model Log loss : -1.62602
Full model ln_yyx : 208.30989 nats/sec, 33.27634 nats/event
Full model Log loss : -1.62889
Full model ln_yyx : 209.63457 nats/sec, 33.48795 nats/event
Full model Log loss : -1.62282
Full model ln_yyx : 208.88484 nats/sec, 33.36819 nats/event
Full model Log loss : -1.62900
Optimization finished. Config saved to results/opt-full/opt_full_389_best_config.txt
[I 2026-03-18 20:32:11,142] Trial 45 pruned. 
[I 2026-03-18 20:32:15,624] Trial 44 finished with value: -2.088319109850068 and parameters: {'n_layers_yyx': 1, 'hidden_size_yyx_l0': 6, 'context_size_yyx': 3, 'num_mix_components_yyx': 5, 'context_extractor_yyx': 'lstm', 'activation_func_yyx': 'ReLU', 'L2_weight_yyx': 0.0004702786520490455, 'L_entropy_weight_yyx': 5.617629928096282e-07, 'L_sep_weight_yyx': 0.0008320762754023754, 'L_scale_weight_yyx': 1.6726757021544684e-06, 'learning_rate_yyx': 0.008882348277843725}. Best is trial 31 with value: -2.089858720706198.
[I 2026-03-18 20:32:45,761] Trial 48 finished with value: -2.1081576201703602 and parameters: {'n_layers_yyx': 1, 'hidden_size_yyx_l0': 3, 'context_size_yyx': 3, 'num_mix_components_yyx': 5, 'context_extractor_yyx': 'gru', 'activation_func_yyx': 'Tanh', 'L2_weight_yyx': 6.79694838704901e-06, 'L_entropy_weight_yyx': 1.1638495091865956e-07, 'L_sep_weight_yyx': 1.7705910568796144e-07, 'L_scale_weight_yyx': 1.0249441218430082e-10, 'learning_rate_yyx': 0.007656130078104713}. Best is trial 10 with value: -2.123509279126982.
[I 2026-03-18 20:32:55,988] Trial 49 pruned. 

Source events: 16159
Target events: 3618
Full model ln_yyx : 221.28455 nats/sec, 55.04591 nats/event
Full model Log loss : -2.11030
Full model ln_yyx : 217.65351 nats/sec, 54.14267 nats/event
Full model Log loss : -2.08869
Full model ln_yyx : 220.95691 nats/sec, 54.96440 nats/event
Full model Log loss : -2.10597
Full model ln_yyx : 219.34351 nats/sec, 54.56306 nats/event
Full model Log loss : -2.10813
Full model ln_yyx : 221.25468 nats/sec, 55.03848 nats/event
Full model Log loss : -2.12351
Full model ln_yyx : 220.12467 nats/sec, 54.75738 nats/event
Full model Log loss : -2.11996
Full model ln_yyx : 221.04365 nats/sec, 54.98598 nats/event
Full model Log loss : -2.12202
Full model ln_yyx : 220.26548 nats/sec, 54.79241 nats/event
Full model Log loss : -2.11295
Full model ln_yyx : 218.19465 nats/sec, 54.27728 nats/event
Full model Log loss : -2.09399
Full model ln_yyx : 221.30176 nats/sec, 55.05019 nats/event
Full model Log loss : -2.12181
Full model ln_yyx : 223.32233 nats/sec, 55.55282 nats/event
Full model Log loss : -2.12313
Full model ln_yyx : 220.77663 nats/sec, 54.91956 nats/event
Full model Log loss : -2.11473
Full model ln_yyx : 219.42937 nats/sec, 54.58442 nats/event
Full model Log loss : -2.11614
Full model ln_yyx : 223.25683 nats/sec, 55.53653 nats/event
Full model Log loss : -2.11739
Full model ln_yyx : 222.36824 nats/sec, 55.31548 nats/event
Full model Log loss : -2.12150
Full model ln_yyx : 219.95124 nats/sec, 54.71424 nats/event
Full model Log loss : -2.10816
Optimization finished. Config saved to results/opt-full/opt_full_407_best_config.txt
[I 2026-03-18 20:32:59,799] Trial 45 finished with value: -2.078080625636087 and parameters: {'n_layers_yyx': 1, 'hidden_size_yyx_l0': 6, 'context_size_yyx': 4, 'num_mix_components_yyx': 5, 'context_extractor_yyx': 'lstm', 'activation_func_yyx': 'ReLU', 'L2_weight_yyx': 0.0003257952684185524, 'L_entropy_weight_yyx': 4.839810920018562e-07, 'L_sep_weight_yyx': 0.0006747987560990248, 'L_scale_weight_yyx': 4.153933977727776e-06, 'learning_rate_yyx': 0.00682639098439624}. Best is trial 31 with value: -2.089858720706198.
[I 2026-03-18 20:33:03,183] Trial 46 pruned. 
[I 2026-03-18 20:33:11,012] Trial 43 pruned. 
[I 2026-03-18 20:33:14,211] Trial 47 pruned. 
[I 2026-03-18 20:33:35,715] Trial 46 pruned. 
[I 2026-03-18 20:33:49,262] Trial 47 pruned. 
[I 2026-03-18 20:34:02,446] Trial 48 pruned. 
[I 2026-03-18 20:34:08,855] Trial 49 pruned. 

Source events: 16159
Target events: 20158
Full model ln_yyx : 1220.03438 nats/sec, 54.47122 nats/event
Full model Log loss : -2.08130
Full model ln_yyx : 1218.46650 nats/sec, 54.40122 nats/event
Full model Log loss : -2.08082
Full model ln_yyx : 1229.06630 nats/sec, 54.87448 nats/event
Full model Log loss : -2.08007
Full model ln_yyx : 1218.96888 nats/sec, 54.42365 nats/event
Full model Log loss : -2.07933
Full model ln_yyx : 1213.62483 nats/sec, 54.18506 nats/event
Full model Log loss : -2.08679
Full model ln_yyx : 1221.23815 nats/sec, 54.52497 nats/event
Full model Log loss : -2.09101
Full model ln_yyx : 1222.45001 nats/sec, 54.57908 nats/event
Full model Log loss : -2.09085
Full model ln_yyx : 1227.16456 nats/sec, 54.78957 nats/event
Full model Log loss : -2.09098
Full model ln_yyx : 1232.43672 nats/sec, 55.02496 nats/event
Full model Log loss : -2.09361
Full model ln_yyx : 1217.19108 nats/sec, 54.34428 nats/event
Full model Log loss : -2.08137
Full model ln_yyx : 1227.23890 nats/sec, 54.79289 nats/event
Full model Log loss : -2.09099
Full model ln_yyx : 1240.50931 nats/sec, 55.38537 nats/event
Full model Log loss : -2.09009
Full model ln_yyx : 1232.97633 nats/sec, 55.04905 nats/event
Full model Log loss : -2.09622
Full model ln_yyx : 1228.90329 nats/sec, 54.86720 nats/event
Full model Log loss : -2.09102
Full model ln_yyx : 1229.86604 nats/sec, 54.91018 nats/event
Full model Log loss : -2.09158
Full model ln_yyx : 1229.55618 nats/sec, 54.89635 nats/event
Full model Log loss : -2.08838
Full model ln_yyx : 1230.19487 nats/sec, 54.92486 nats/event
Full model Log loss : -2.09464
Full model ln_yyx : 1229.95385 nats/sec, 54.91410 nats/event
Full model Log loss : -2.09518
Full model ln_yyx : 1223.74478 nats/sec, 54.63688 nats/event
Full model Log loss : -2.09524
Full model ln_yyx : 1223.58483 nats/sec, 54.62974 nats/event
Full model Log loss : -2.09512
Full model ln_yyx : 1223.36108 nats/sec, 54.61975 nats/event
Full model Log loss : -2.09529
Optimization finished. Config saved to results/opt-full/opt_full_405_best_config.txt
[I 2026-03-18 20:34:36,018] Trial 48 finished with value: -2.0917419231935743 and parameters: {'n_layers_yyx': 1, 'hidden_size_yyx_l0': 6, 'context_size_yyx': 3, 'num_mix_components_yyx': 5, 'context_extractor_yyx': 'lstm', 'activation_func_yyx': 'ReLU', 'L2_weight_yyx': 0.0001882655659540673, 'L_entropy_weight_yyx': 5.607461918610474e-09, 'L_sep_weight_yyx': 0.0005334861189286005, 'L_scale_weight_yyx': 9.226445196069703e-06, 'learning_rate_yyx': 0.00877055667076527}. Best is trial 48 with value: -2.0917419231935743.
[I 2026-03-18 20:34:40,802] Trial 44 pruned. 
[I 2026-03-18 20:34:45,008] Trial 49 pruned. 

Source events: 16159
Target events: 32635
Full model ln_yyx : 1955.09872 nats/sec, 53.91723 nats/event
Full model Log loss : -2.07011
Full model ln_yyx : 1955.21372 nats/sec, 53.92040 nats/event
Full model Log loss : -2.06390
Full model ln_yyx : 1941.06192 nats/sec, 53.53013 nats/event
Full model Log loss : -2.05562
Full model ln_yyx : 1973.43475 nats/sec, 54.42290 nats/event
Full model Log loss : -2.08282
Full model ln_yyx : 1984.42900 nats/sec, 54.72609 nats/event
Full model Log loss : -2.08006
Full model ln_yyx : 1981.52662 nats/sec, 54.64605 nats/event
Full model Log loss : -2.08550
Full model ln_yyx : 1968.01526 nats/sec, 54.27344 nats/event
Full model Log loss : -2.07917
Full model ln_yyx : 1966.66697 nats/sec, 54.23626 nats/event
Full model Log loss : -2.07956
Full model ln_yyx : 1986.96337 nats/sec, 54.79599 nats/event
Full model Log loss : -2.08739
Full model ln_yyx : 1977.89935 nats/sec, 54.54602 nats/event
Full model Log loss : -2.08834
Full model ln_yyx : 1978.53225 nats/sec, 54.56348 nats/event
Full model Log loss : -2.08501
Full model ln_yyx : 1977.47742 nats/sec, 54.53439 nats/event
Full model Log loss : -2.08073
Full model ln_yyx : 1983.90932 nats/sec, 54.71176 nats/event
Full model Log loss : -2.08986
Full model ln_yyx : 2002.25824 nats/sec, 55.21779 nats/event
Full model Log loss : -2.08485
Full model ln_yyx : 1983.20702 nats/sec, 54.69240 nats/event
Full model Log loss : -2.08586
Full model ln_yyx : 1979.04123 nats/sec, 54.57751 nats/event
Full model Log loss : -2.08811
Full model ln_yyx : 1980.93239 nats/sec, 54.62967 nats/event
Full model Log loss : -2.08589
Full model ln_yyx : 1989.01454 nats/sec, 54.85255 nats/event
Full model Log loss : -2.08832
Full model ln_yyx : 1976.23997 nats/sec, 54.50026 nats/event
Full model Log loss : -2.07808
Full model ln_yyx : 1985.04623 nats/sec, 54.74312 nats/event
Full model Log loss : -2.09174
Optimization finished. Config saved to results/opt-full/opt_full_403_best_config.txt
[I 2026-03-18 20:34:52,379] Trial 45 pruned. 
[I 2026-03-18 20:35:47,935] Trial 46 finished with value: -2.071190058022194 and parameters: {'n_layers_yyx': 1, 'hidden_size_yyx_l0': 5, 'context_size_yyx': 1, 'num_mix_components_yyx': 4, 'context_extractor_yyx': 'lstm', 'activation_func_yyx': 'GELU', 'L2_weight_yyx': 2.0382915260416562e-10, 'L_entropy_weight_yyx': 2.9390281473645614e-09, 'L_sep_weight_yyx': 2.7323292650934264e-05, 'L_scale_weight_yyx': 0.0003638052656895663, 'learning_rate_yyx': 0.008889164248653526}. Best is trial 11 with value: -2.095012278283745.
[I 2026-03-18 20:37:05,758] Trial 47 pruned. 
[I 2026-03-18 20:38:19,323] Trial 48 pruned. 
[I 2026-03-18 20:38:24,427] Trial 49 pruned. 

Source events: 16159
Target events: 54211
Full model ln_yyx : 3295.25400 nats/sec, 54.70714 nats/event
Full model Log loss : -2.09109
Full model ln_yyx : 3279.04767 nats/sec, 54.43808 nats/event
Full model Log loss : -2.07732
Full model ln_yyx : 3308.80007 nats/sec, 54.93203 nats/event
Full model Log loss : -2.09221
Full model ln_yyx : 3282.81526 nats/sec, 54.50063 nats/event
Full model Log loss : -2.09456
Full model ln_yyx : 3329.28318 nats/sec, 55.27208 nats/event
Full model Log loss : -2.09501
Full model ln_yyx : 3266.73705 nats/sec, 54.23370 nats/event
Full model Log loss : -2.06971
Full model ln_yyx : 3289.59422 nats/sec, 54.61317 nats/event
Full model Log loss : -2.07818
Full model ln_yyx : 3286.29334 nats/sec, 54.55837 nats/event
Full model Log loss : -2.09297
Full model ln_yyx : 3300.34827 nats/sec, 54.79171 nats/event
Full model Log loss : -2.08984
Full model ln_yyx : 3305.60590 nats/sec, 54.87900 nats/event
Full model Log loss : -2.09265
Full model ln_yyx : 3308.31590 nats/sec, 54.92399 nats/event
Full model Log loss : -2.09246
Full model ln_yyx : 3306.64998 nats/sec, 54.89633 nats/event
Full model Log loss : -2.09244
Full model ln_yyx : 3249.27025 nats/sec, 53.94372 nats/event
Full model Log loss : -2.07119
Optimization finished. Config saved to results/opt-full/opt_full_400_best_config.txt
