Warning: Failed writing log files to directory [/var/log/nvidia-mps]. No logs will be available.
[I 2026-03-18 16:24:46,984] A new study created in RDB with name: opt_full-model_seed=42_task=0
[I 2026-03-18 16:24:46,984] A new study created in RDB with name: opt_full-model_seed=42_task=25
[I 2026-03-18 16:24:46,995] A new study created in RDB with name: opt_full-model_seed=42_task=29
[I 2026-03-18 16:24:46,995] A new study created in RDB with name: opt_full-model_seed=42_task=23
[I 2026-03-18 16:24:46,995] A new study created in RDB with name: opt_full-model_seed=42_task=13
[I 2026-03-18 16:24:46,995] A new study created in RDB with name: opt_full-model_seed=42_task=20
[I 2026-03-18 16:24:46,998] A new study created in RDB with name: opt_full-model_seed=42_task=5
[I 2026-03-18 16:24:47,003] A new study created in RDB with name: opt_full-model_seed=42_task=18
[I 2026-03-18 16:24:47,004] A new study created in RDB with name: opt_full-model_seed=42_task=31
[I 2026-03-18 16:24:47,005] A new study created in RDB with name: opt_full-model_seed=42_task=3
[I 2026-03-18 16:24:47,014] A new study created in RDB with name: opt_full-model_seed=42_task=26
[I 2026-03-18 16:24:47,015] A new study created in RDB with name: opt_full-model_seed=42_task=17
[I 2026-03-18 16:24:47,015] A new study created in RDB with name: opt_full-model_seed=42_task=11
[I 2026-03-18 16:24:47,015] A new study created in RDB with name: opt_full-model_seed=42_task=15
[I 2026-03-18 16:24:47,015] A new study created in RDB with name: opt_full-model_seed=42_task=30
[I 2026-03-18 16:24:47,015] A new study created in RDB with name: opt_full-model_seed=42_task=10
[I 2026-03-18 16:24:47,017] A new study created in RDB with name: opt_full-model_seed=42_task=19
[I 2026-03-18 16:24:47,017] A new study created in RDB with name: opt_full-model_seed=42_task=7
[I 2026-03-18 16:24:47,021] A new study created in RDB with name: opt_full-model_seed=42_task=14
[I 2026-03-18 16:24:47,022] A new study created in RDB with name: opt_full-model_seed=42_task=8
[I 2026-03-18 16:24:47,023] A new study created in RDB with name: opt_full-model_seed=42_task=12
[I 2026-03-18 16:24:47,025] A new study created in RDB with name: opt_full-model_seed=42_task=22
[I 2026-03-18 16:24:47,030] A new study created in RDB with name: opt_full-model_seed=42_task=6
[I 2026-03-18 16:24:47,043] A new study created in RDB with name: opt_full-model_seed=42_task=4
[I 2026-03-18 16:24:47,044] A new study created in RDB with name: opt_full-model_seed=42_task=1
[I 2026-03-18 16:24:47,045] A new study created in RDB with name: opt_full-model_seed=42_task=21
[I 2026-03-18 16:24:47,046] A new study created in RDB with name: opt_full-model_seed=42_task=2
[I 2026-03-18 16:24:47,048] A new study created in RDB with name: opt_full-model_seed=42_task=28
[I 2026-03-18 16:24:47,048] A new study created in RDB with name: opt_full-model_seed=42_task=16
[I 2026-03-18 16:24:47,049] A new study created in RDB with name: opt_full-model_seed=42_task=9
[I 2026-03-18 16:24:47,052] A new study created in RDB with name: opt_full-model_seed=42_task=27
[I 2026-03-18 16:24:47,062] A new study created in RDB with name: opt_full-model_seed=42_task=24
[I 2026-03-18 16:25:49,590] Trial 0 finished with value: -0.3806096599567047 and parameters: {'n_layers_yyx': 2, 'hidden_size_yyx_l0': 2, 'hidden_size_yyx_l1': 5, 'context_size_yyx': 2, 'num_mix_components_yyx': 1, 'context_extractor_yyx': 'gru', 'activation_func_yyx': 'ReLU', 'L2_weight_yyx': 2.469253599335303e-09, 'L_entropy_weight_yyx': 3.119804859321173e-05, 'L_sep_weight_yyx': 1.857032228718288e-09, 'L_scale_weight_yyx': 1.794882154809652e-07, 'learning_rate_yyx': 0.003835267538451589}. Best is trial 0 with value: -0.3806096599567047.
[I 2026-03-18 16:25:56,062] Trial 0 finished with value: -0.41448025068631483 and parameters: {'n_layers_yyx': 1, 'hidden_size_yyx_l0': 6, 'context_size_yyx': 4, 'num_mix_components_yyx': 2, 'context_extractor_yyx': 'lstm', 'activation_func_yyx': 'GELU', 'L2_weight_yyx': 3.124613139397388e-08, 'L_entropy_weight_yyx': 7.057932827936446e-08, 'L_sep_weight_yyx': 0.00045675574892738104, 'L_scale_weight_yyx': 1.1579883475330345e-07, 'learning_rate_yyx': 0.004671871806688475}. Best is trial 0 with value: -0.41448025068631483.
[I 2026-03-18 16:25:57,122] Trial 0 finished with value: -0.42318347659273414 and parameters: {'n_layers_yyx': 1, 'hidden_size_yyx_l0': 4, 'context_size_yyx': 4, 'num_mix_components_yyx': 3, 'context_extractor_yyx': 'lstm', 'activation_func_yyx': 'ReLU', 'L2_weight_yyx': 0.00021895284516954856, 'L_entropy_weight_yyx': 7.904733431708011e-05, 'L_sep_weight_yyx': 2.764892184305967e-07, 'L_scale_weight_yyx': 3.864879672857602e-09, 'learning_rate_yyx': 0.00838151017922192}. Best is trial 0 with value: -0.42318347659273414.
[I 2026-03-18 16:25:58,285] Trial 0 finished with value: -0.3628922217401558 and parameters: {'n_layers_yyx': 1, 'hidden_size_yyx_l0': 2, 'context_size_yyx': 4, 'num_mix_components_yyx': 5, 'context_extractor_yyx': 'lstm', 'activation_func_yyx': 'GELU', 'L2_weight_yyx': 8.670509116133354e-08, 'L_entropy_weight_yyx': 0.00031462728642617184, 'L_sep_weight_yyx': 3.0060086550317826e-06, 'L_scale_weight_yyx': 4.239936878596754e-06, 'learning_rate_yyx': 0.0043372966502087055}. Best is trial 0 with value: -0.3628922217401558.
[I 2026-03-18 16:26:03,496] Trial 0 finished with value: -0.42020291071558147 and parameters: {'n_layers_yyx': 1, 'hidden_size_yyx_l0': 3, 'context_size_yyx': 4, 'num_mix_components_yyx': 4, 'context_extractor_yyx': 'lstm', 'activation_func_yyx': 'Tanh', 'L2_weight_yyx': 1.1830081554852043e-10, 'L_entropy_weight_yyx': 1.182302102550067e-09, 'L_sep_weight_yyx': 2.8822742231117735e-10, 'L_scale_weight_yyx': 1.1677892328870808e-08, 'learning_rate_yyx': 0.004680838899250946}. Best is trial 0 with value: -0.42020291071558147.
[I 2026-03-18 16:26:15,624] Trial 0 finished with value: -0.4201308212044069 and parameters: {'n_layers_yyx': 2, 'hidden_size_yyx_l0': 2, 'hidden_size_yyx_l1': 5, 'context_size_yyx': 4, 'num_mix_components_yyx': 4, 'context_extractor_yyx': 'gru', 'activation_func_yyx': 'GELU', 'L2_weight_yyx': 1.4527339781126858e-06, 'L_entropy_weight_yyx': 7.574962773239221e-09, 'L_sep_weight_yyx': 4.694838508068775e-07, 'L_scale_weight_yyx': 7.199745200680921e-10, 'learning_rate_yyx': 0.002224067590539308}. Best is trial 0 with value: -0.4201308212044069.
[I 2026-03-18 16:26:16,090] Trial 0 finished with value: -0.3737496296318692 and parameters: {'n_layers_yyx': 2, 'hidden_size_yyx_l0': 2, 'hidden_size_yyx_l1': 5, 'context_size_yyx': 2, 'num_mix_components_yyx': 5, 'context_extractor_yyx': 'lstm', 'activation_func_yyx': 'ReLU', 'L2_weight_yyx': 3.637967898336577e-09, 'L_entropy_weight_yyx': 5.8873443644686966e-08, 'L_sep_weight_yyx': 3.3167489125268254e-08, 'L_scale_weight_yyx': 0.00011839728768241446, 'learning_rate_yyx': 0.003199047015728797}. Best is trial 0 with value: -0.3737496296318692.
[I 2026-03-18 16:26:17,421] Trial 1 finished with value: -0.3146674566593702 and parameters: {'n_layers_yyx': 1, 'hidden_size_yyx_l0': 5, 'context_size_yyx': 4, 'num_mix_components_yyx': 3, 'context_extractor_yyx': 'lstm', 'activation_func_yyx': 'ReLU', 'L2_weight_yyx': 5.985734422387868e-08, 'L_entropy_weight_yyx': 6.609880478562935e-10, 'L_sep_weight_yyx': 1.4054570038611648e-06, 'L_scale_weight_yyx': 1.353729489348751e-10, 'learning_rate_yyx': 0.0017409065044750463}. Best is trial 0 with value: -0.3628922217401558.
[I 2026-03-18 16:26:34,393] Trial 0 finished with value: -0.41803158030790444 and parameters: {'n_layers_yyx': 1, 'hidden_size_yyx_l0': 5, 'context_size_yyx': 2, 'num_mix_components_yyx': 1, 'context_extractor_yyx': 'gru', 'activation_func_yyx': 'Tanh', 'L2_weight_yyx': 5.399756710915507e-07, 'L_entropy_weight_yyx': 1.6887946350920511e-09, 'L_sep_weight_yyx': 2.9654314527073024e-09, 'L_scale_weight_yyx': 6.794619905691904e-08, 'learning_rate_yyx': 0.0023792734110921593}. Best is trial 0 with value: -0.41803158030790444.
[I 2026-03-18 16:26:34,961] Trial 0 finished with value: -0.38955794768436774 and parameters: {'n_layers_yyx': 2, 'hidden_size_yyx_l0': 3, 'hidden_size_yyx_l1': 4, 'context_size_yyx': 3, 'num_mix_components_yyx': 3, 'context_extractor_yyx': 'lstm', 'activation_func_yyx': 'Tanh', 'L2_weight_yyx': 6.132605399676106e-09, 'L_entropy_weight_yyx': 2.3782298315866713e-10, 'L_sep_weight_yyx': 0.00032404261655076853, 'L_scale_weight_yyx': 6.052778906609361e-09, 'learning_rate_yyx': 0.0015268745348583348}. Best is trial 0 with value: -0.38955794768436774.
[I 2026-03-18 16:26:36,174] Trial 1 finished with value: -0.4307959589057663 and parameters: {'n_layers_yyx': 2, 'hidden_size_yyx_l0': 5, 'hidden_size_yyx_l1': 4, 'context_size_yyx': 4, 'num_mix_components_yyx': 5, 'context_extractor_yyx': 'lstm', 'activation_func_yyx': 'Tanh', 'L2_weight_yyx': 1.2337665541178388e-07, 'L_entropy_weight_yyx': 3.9208428686026786e-09, 'L_sep_weight_yyx': 0.0001686728588062921, 'L_scale_weight_yyx': 0.0002674643338151963, 'learning_rate_yyx': 0.004548757772669904}. Best is trial 1 with value: -0.4307959589057663.
[I 2026-03-18 16:26:41,658] Trial 0 finished with value: -0.41402867556356426 and parameters: {'n_layers_yyx': 1, 'hidden_size_yyx_l0': 2, 'context_size_yyx': 2, 'num_mix_components_yyx': 1, 'context_extractor_yyx': 'lstm', 'activation_func_yyx': 'GELU', 'L2_weight_yyx': 7.619531773181919e-06, 'L_entropy_weight_yyx': 4.0001924258897394e-07, 'L_sep_weight_yyx': 1.1338980042111886e-06, 'L_scale_weight_yyx': 4.595791871974139e-09, 'learning_rate_yyx': 0.005365085655670386}. Best is trial 0 with value: -0.41402867556356426.
[I 2026-03-18 16:26:42,107] Trial 0 finished with value: -0.4070883830634433 and parameters: {'n_layers_yyx': 1, 'hidden_size_yyx_l0': 2, 'context_size_yyx': 2, 'num_mix_components_yyx': 1, 'context_extractor_yyx': 'lstm', 'activation_func_yyx': 'Tanh', 'L2_weight_yyx': 0.0003083836360341886, 'L_entropy_weight_yyx': 3.9953103589986687e-07, 'L_sep_weight_yyx': 0.00013334373964347422, 'L_scale_weight_yyx': 9.198937516213962e-08, 'learning_rate_yyx': 0.005476044396501104}. Best is trial 0 with value: -0.4070883830634433.
[I 2026-03-18 16:26:44,444] Trial 0 finished with value: -0.4236573021478328 and parameters: {'n_layers_yyx': 1, 'hidden_size_yyx_l0': 5, 'context_size_yyx': 1, 'num_mix_components_yyx': 1, 'context_extractor_yyx': 'gru', 'activation_func_yyx': 'Tanh', 'L2_weight_yyx': 2.7648294282283033e-07, 'L_entropy_weight_yyx': 4.0731849671716635e-06, 'L_sep_weight_yyx': 3.5984000510226164e-09, 'L_scale_weight_yyx': 6.164506362468594e-10, 'learning_rate_yyx': 0.0067548923400389425}. Best is trial 0 with value: -0.4236573021478328.
[I 2026-03-18 16:26:44,649] Trial 0 finished with value: -0.10151797551488728 and parameters: {'n_layers_yyx': 1, 'hidden_size_yyx_l0': 2, 'context_size_yyx': 1, 'num_mix_components_yyx': 1, 'context_extractor_yyx': 'gru', 'activation_func_yyx': 'ReLU', 'L2_weight_yyx': 7.133479304321945e-08, 'L_entropy_weight_yyx': 1.9151078072899317e-08, 'L_sep_weight_yyx': 8.145033614597184e-07, 'L_scale_weight_yyx': 9.091477851910092e-10, 'learning_rate_yyx': 0.0009554326407863617}. Best is trial 0 with value: -0.10151797551488728.
[I 2026-03-18 16:26:47,677] Trial 0 finished with value: -2.7804692330482275 and parameters: {'n_layers_yyx': 2, 'hidden_size_yyx_l0': 2, 'hidden_size_yyx_l1': 6, 'context_size_yyx': 4, 'num_mix_components_yyx': 3, 'context_extractor_yyx': 'gru', 'activation_func_yyx': 'ReLU', 'L2_weight_yyx': 2.0836005954464307e-08, 'L_entropy_weight_yyx': 6.835574315860529e-08, 'L_sep_weight_yyx': 0.00010462275707926425, 'L_scale_weight_yyx': 4.1717806425492297e-10, 'learning_rate_yyx': 0.005703667551670905}. Best is trial 0 with value: -2.7804692330482275.
[I 2026-03-18 16:26:48,059] Trial 0 finished with value: -0.20029324274683147 and parameters: {'n_layers_yyx': 1, 'hidden_size_yyx_l0': 2, 'context_size_yyx': 1, 'num_mix_components_yyx': 1, 'context_extractor_yyx': 'gru', 'activation_func_yyx': 'ReLU', 'L2_weight_yyx': 9.284514353138324e-06, 'L_entropy_weight_yyx': 1.6804333556074224e-05, 'L_sep_weight_yyx': 8.639833070622289e-06, 'L_scale_weight_yyx': 0.0009278746441098939, 'learning_rate_yyx': 0.0012246669765383893}. Best is trial 0 with value: -0.20029324274683147.
[I 2026-03-18 16:26:49,588] Trial 0 finished with value: -0.41437183297455493 and parameters: {'n_layers_yyx': 2, 'hidden_size_yyx_l0': 4, 'hidden_size_yyx_l1': 3, 'context_size_yyx': 2, 'num_mix_components_yyx': 2, 'context_extractor_yyx': 'lstm', 'activation_func_yyx': 'GELU', 'L2_weight_yyx': 5.590085044005043e-06, 'L_entropy_weight_yyx': 2.5868306299628656e-05, 'L_sep_weight_yyx': 3.6633720704531447e-09, 'L_scale_weight_yyx': 2.498338504619906e-05, 'learning_rate_yyx': 0.003927654172969819}. Best is trial 0 with value: -0.41437183297455493.
[I 2026-03-18 16:26:57,948] Trial 0 finished with value: -2.798090549444649 and parameters: {'n_layers_yyx': 2, 'hidden_size_yyx_l0': 5, 'hidden_size_yyx_l1': 6, 'context_size_yyx': 2, 'num_mix_components_yyx': 4, 'context_extractor_yyx': 'gru', 'activation_func_yyx': 'ReLU', 'L2_weight_yyx': 4.851209891973187e-07, 'L_entropy_weight_yyx': 2.2840284856201393e-08, 'L_sep_weight_yyx': 3.91132107378385e-08, 'L_scale_weight_yyx': 1.1883216745592972e-08, 'learning_rate_yyx': 0.00784834566766705}. Best is trial 0 with value: -2.798090549444649.
[I 2026-03-18 16:27:00,184] Trial 1 finished with value: -0.33862838508913023 and parameters: {'n_layers_yyx': 2, 'hidden_size_yyx_l0': 2, 'hidden_size_yyx_l1': 5, 'context_size_yyx': 2, 'num_mix_components_yyx': 4, 'context_extractor_yyx': 'gru', 'activation_func_yyx': 'GELU', 'L2_weight_yyx': 0.0001304203251426376, 'L_entropy_weight_yyx': 3.8849978367979206e-06, 'L_sep_weight_yyx': 6.701646554558443e-10, 'L_scale_weight_yyx': 0.00016102631253903026, 'learning_rate_yyx': 0.0073798028277460865}. Best is trial 0 with value: -0.4070883830634433.
[I 2026-03-18 16:27:00,991] Trial 1 finished with value: -0.3853979199294335 and parameters: {'n_layers_yyx': 2, 'hidden_size_yyx_l0': 5, 'hidden_size_yyx_l1': 6, 'context_size_yyx': 3, 'num_mix_components_yyx': 3, 'context_extractor_yyx': 'gru', 'activation_func_yyx': 'Tanh', 'L2_weight_yyx': 3.930467948676344e-06, 'L_entropy_weight_yyx': 9.77696027304126e-07, 'L_sep_weight_yyx': 0.00018187178028270022, 'L_scale_weight_yyx': 8.294160755462855e-09, 'learning_rate_yyx': 0.007432133087914012}. Best is trial 0 with value: -0.4236573021478328.
[I 2026-03-18 16:27:03,412] Trial 2 pruned. 
[I 2026-03-18 16:27:03,442] Trial 1 finished with value: -0.44267641427716237 and parameters: {'n_layers_yyx': 2, 'hidden_size_yyx_l0': 3, 'hidden_size_yyx_l1': 4, 'context_size_yyx': 1, 'num_mix_components_yyx': 1, 'context_extractor_yyx': 'lstm', 'activation_func_yyx': 'Tanh', 'L2_weight_yyx': 1.2648150179555586e-08, 'L_entropy_weight_yyx': 3.5249290251537785e-06, 'L_sep_weight_yyx': 2.2907360966884523e-08, 'L_scale_weight_yyx': 2.2713206148614133e-08, 'learning_rate_yyx': 0.0018113736995530592}. Best is trial 1 with value: -0.44267641427716237.
[I 2026-03-18 16:27:07,403] Trial 1 pruned. 
[I 2026-03-18 16:27:08,037] Trial 1 finished with value: -0.36080509811732053 and parameters: {'n_layers_yyx': 2, 'hidden_size_yyx_l0': 3, 'hidden_size_yyx_l1': 2, 'context_size_yyx': 3, 'num_mix_components_yyx': 2, 'context_extractor_yyx': 'gru', 'activation_func_yyx': 'Tanh', 'L2_weight_yyx': 4.143910296608397e-07, 'L_entropy_weight_yyx': 5.825016782486403e-06, 'L_sep_weight_yyx': 1.8192864033339516e-07, 'L_scale_weight_yyx': 3.892968514462846e-09, 'learning_rate_yyx': 0.00826772693412547}. Best is trial 0 with value: -0.3737496296318692.
[I 2026-03-18 16:27:10,657] Trial 2 pruned. 
[I 2026-03-18 16:27:11,811] Trial 0 finished with value: -2.775138932601483 and parameters: {'n_layers_yyx': 2, 'hidden_size_yyx_l0': 6, 'hidden_size_yyx_l1': 6, 'context_size_yyx': 1, 'num_mix_components_yyx': 1, 'context_extractor_yyx': 'gru', 'activation_func_yyx': 'ReLU', 'L2_weight_yyx': 1.9716181806208377e-06, 'L_entropy_weight_yyx': 1.1626791059012432e-07, 'L_sep_weight_yyx': 6.951529369606133e-08, 'L_scale_weight_yyx': 4.009875649821034e-05, 'learning_rate_yyx': 0.0015080404467404935}. Best is trial 0 with value: -2.775138932601483.
[I 2026-03-18 16:27:11,884] Trial 2 pruned. 
[I 2026-03-18 16:27:12,429] Trial 1 finished with value: -0.3578398382700634 and parameters: {'n_layers_yyx': 1, 'hidden_size_yyx_l0': 6, 'context_size_yyx': 3, 'num_mix_components_yyx': 5, 'context_extractor_yyx': 'gru', 'activation_func_yyx': 'Tanh', 'L2_weight_yyx': 3.887791784031536e-05, 'L_entropy_weight_yyx': 7.443673401565098e-05, 'L_sep_weight_yyx': 8.447441390791532e-06, 'L_scale_weight_yyx': 0.0008507910886168921, 'learning_rate_yyx': 0.0012113916895923416}. Best is trial 0 with value: -0.41402867556356426.
[I 2026-03-18 16:27:15,789] Trial 2 pruned. 
[I 2026-03-18 16:27:17,846] Trial 1 finished with value: -0.29747198240675793 and parameters: {'n_layers_yyx': 1, 'hidden_size_yyx_l0': 2, 'context_size_yyx': 2, 'num_mix_components_yyx': 2, 'context_extractor_yyx': 'lstm', 'activation_func_yyx': 'ReLU', 'L2_weight_yyx': 5.135297055673421e-05, 'L_entropy_weight_yyx': 0.00018509633339063974, 'L_sep_weight_yyx': 1.8380821525893027e-10, 'L_scale_weight_yyx': 1.0500658617979512e-05, 'learning_rate_yyx': 0.0005169498906447631}. Best is trial 0 with value: -0.41448025068631483.
[I 2026-03-18 16:27:18,915] Trial 3 pruned. 
[I 2026-03-18 16:27:19,047] Trial 3 pruned. 
[I 2026-03-18 16:27:19,050] Trial 1 finished with value: -0.44041338941261127 and parameters: {'n_layers_yyx': 1, 'hidden_size_yyx_l0': 6, 'context_size_yyx': 4, 'num_mix_components_yyx': 4, 'context_extractor_yyx': 'lstm', 'activation_func_yyx': 'Tanh', 'L2_weight_yyx': 2.766425752584324e-09, 'L_entropy_weight_yyx': 1.4422005282302486e-08, 'L_sep_weight_yyx': 7.40999746217043e-05, 'L_scale_weight_yyx': 5.337758634780637e-07, 'learning_rate_yyx': 0.0006032496620323902}. Best is trial 1 with value: -0.44041338941261127.
[I 2026-03-18 16:27:21,349] Trial 1 finished with value: -0.3980694466700126 and parameters: {'n_layers_yyx': 1, 'hidden_size_yyx_l0': 6, 'context_size_yyx': 2, 'num_mix_components_yyx': 4, 'context_extractor_yyx': 'lstm', 'activation_func_yyx': 'ReLU', 'L2_weight_yyx': 2.328860764083645e-09, 'L_entropy_weight_yyx': 1.2073554046514423e-10, 'L_sep_weight_yyx': 7.196481664144481e-06, 'L_scale_weight_yyx': 2.4920992276275543e-05, 'learning_rate_yyx': 0.0026993470526672034}. Best is trial 1 with value: -0.3980694466700126.
[I 2026-03-18 16:27:22,724] Trial 2 pruned. 
[I 2026-03-18 16:27:24,494] Trial 1 finished with value: -0.3680083567143963 and parameters: {'n_layers_yyx': 1, 'hidden_size_yyx_l0': 3, 'context_size_yyx': 3, 'num_mix_components_yyx': 2, 'context_extractor_yyx': 'lstm', 'activation_func_yyx': 'GELU', 'L2_weight_yyx': 0.0001794204763564864, 'L_entropy_weight_yyx': 2.0084567756689606e-08, 'L_sep_weight_yyx': 3.757356004586724e-07, 'L_scale_weight_yyx': 1.0018799743067778e-09, 'learning_rate_yyx': 0.0005740421184782872}. Best is trial 0 with value: -0.42020291071558147.
[I 2026-03-18 16:27:25,242] Trial 4 pruned. 
[I 2026-03-18 16:27:25,824] Trial 0 finished with value: -2.7834935089196224 and parameters: {'n_layers_yyx': 1, 'hidden_size_yyx_l0': 6, 'context_size_yyx': 2, 'num_mix_components_yyx': 5, 'context_extractor_yyx': 'lstm', 'activation_func_yyx': 'ReLU', 'L2_weight_yyx': 1.255423980772674e-09, 'L_entropy_weight_yyx': 5.297880911536484e-06, 'L_sep_weight_yyx': 0.0002632286192006429, 'L_scale_weight_yyx': 1.3352887187413717e-08, 'learning_rate_yyx': 0.0012294268684462908}. Best is trial 0 with value: -2.7834935089196224.
[I 2026-03-18 16:27:26,635] Trial 2 finished with value: -0.41988984571521865 and parameters: {'n_layers_yyx': 1, 'hidden_size_yyx_l0': 4, 'context_size_yyx': 3, 'num_mix_components_yyx': 3, 'context_extractor_yyx': 'gru', 'activation_func_yyx': 'Tanh', 'L2_weight_yyx': 1.6634047771876085e-08, 'L_entropy_weight_yyx': 1.839075820970411e-09, 'L_sep_weight_yyx': 0.0009004886309108014, 'L_scale_weight_yyx': 3.044237531493495e-06, 'learning_rate_yyx': 0.006480858211543912}. Best is trial 1 with value: -0.44267641427716237.
[I 2026-03-18 16:27:28,538] Trial 5 pruned. 
[I 2026-03-18 16:27:28,809] Trial 1 finished with value: -0.4204067549100232 and parameters: {'n_layers_yyx': 2, 'hidden_size_yyx_l0': 3, 'hidden_size_yyx_l1': 6, 'context_size_yyx': 4, 'num_mix_components_yyx': 1, 'context_extractor_yyx': 'lstm', 'activation_func_yyx': 'GELU', 'L2_weight_yyx': 1.0744422071208541e-07, 'L_entropy_weight_yyx': 9.490227850405843e-07, 'L_sep_weight_yyx': 2.893612334662775e-08, 'L_scale_weight_yyx': 0.0009104422463714115, 'learning_rate_yyx': 0.0029212586407246673}. Best is trial 1 with value: -0.4204067549100232.
[I 2026-03-18 16:27:30,254] Trial 3 pruned. 
[I 2026-03-18 16:27:32,025] Trial 6 pruned. 
[I 2026-03-18 16:27:32,789] Trial 0 finished with value: -2.7945694753775014 and parameters: {'n_layers_yyx': 2, 'hidden_size_yyx_l0': 5, 'hidden_size_yyx_l1': 4, 'context_size_yyx': 3, 'num_mix_components_yyx': 2, 'context_extractor_yyx': 'lstm', 'activation_func_yyx': 'Tanh', 'L2_weight_yyx': 1.4363513901398662e-05, 'L_entropy_weight_yyx': 1.361948558161947e-06, 'L_sep_weight_yyx': 4.11477645289492e-06, 'L_scale_weight_yyx': 4.559371758487078e-09, 'learning_rate_yyx': 0.009262447876244622}. Best is trial 0 with value: -2.7945694753775014.
[I 2026-03-18 16:27:33,698] Trial 4 pruned. 
[I 2026-03-18 16:27:36,857] Trial 5 pruned. 
[I 2026-03-18 16:27:38,427] Trial 7 pruned. 
[I 2026-03-18 16:27:38,759] Trial 0 finished with value: -2.8027179551346957 and parameters: {'n_layers_yyx': 1, 'hidden_size_yyx_l0': 2, 'context_size_yyx': 4, 'num_mix_components_yyx': 2, 'context_extractor_yyx': 'gru', 'activation_func_yyx': 'Tanh', 'L2_weight_yyx': 1.4259926317561975e-10, 'L_entropy_weight_yyx': 5.059827966461974e-06, 'L_sep_weight_yyx': 8.73962281957222e-10, 'L_scale_weight_yyx': 4.014409167074202e-06, 'learning_rate_yyx': 0.009701013264994488}. Best is trial 0 with value: -2.8027179551346957.
[I 2026-03-18 16:27:39,051] Trial 3 finished with value: -0.42374077669976296 and parameters: {'n_layers_yyx': 2, 'hidden_size_yyx_l0': 4, 'hidden_size_yyx_l1': 5, 'context_size_yyx': 3, 'num_mix_components_yyx': 3, 'context_extractor_yyx': 'gru', 'activation_func_yyx': 'GELU', 'L2_weight_yyx': 1.3300941183354917e-07, 'L_entropy_weight_yyx': 1.1059871589411907e-06, 'L_sep_weight_yyx': 0.00015191584162358977, 'L_scale_weight_yyx': 2.765059737917246e-06, 'learning_rate_yyx': 0.0074273720164454715}. Best is trial 3 with value: -0.42374077669976296.
[I 2026-03-18 16:27:39,451] Trial 1 finished with value: -0.45911608244243424 and parameters: {'n_layers_yyx': 1, 'hidden_size_yyx_l0': 6, 'context_size_yyx': 2, 'num_mix_components_yyx': 4, 'context_extractor_yyx': 'lstm', 'activation_func_yyx': 'GELU', 'L2_weight_yyx': 1.1849951059140117e-07, 'L_entropy_weight_yyx': 0.0005986227370561306, 'L_sep_weight_yyx': 4.120596721198201e-06, 'L_scale_weight_yyx': 1.5123876846318088e-07, 'learning_rate_yyx': 0.002429436143950396}. Best is trial 1 with value: -0.45911608244243424.
[I 2026-03-18 16:27:40,743] Trial 6 pruned. 
[I 2026-03-18 16:27:41,115] Trial 2 finished with value: -0.3708274770447344 and parameters: {'n_layers_yyx': 2, 'hidden_size_yyx_l0': 2, 'hidden_size_yyx_l1': 6, 'context_size_yyx': 1, 'num_mix_components_yyx': 1, 'context_extractor_yyx': 'lstm', 'activation_func_yyx': 'ReLU', 'L2_weight_yyx': 9.085626616835995e-05, 'L_entropy_weight_yyx': 1.646103642373085e-07, 'L_sep_weight_yyx': 0.00019333859184085314, 'L_scale_weight_yyx': 2.8251792756524364e-08, 'learning_rate_yyx': 0.0006433175403751504}. Best is trial 2 with value: -0.3708274770447344.
[I 2026-03-18 16:27:41,132] Trial 1 pruned. 
[I 2026-03-18 16:27:41,831] Trial 8 pruned. 
[I 2026-03-18 16:27:44,199] Trial 7 pruned. 
[I 2026-03-18 16:27:44,420] Trial 2 finished with value: -0.3384913158121493 and parameters: {'n_layers_yyx': 2, 'hidden_size_yyx_l0': 5, 'hidden_size_yyx_l1': 5, 'context_size_yyx': 1, 'num_mix_components_yyx': 5, 'context_extractor_yyx': 'gru', 'activation_func_yyx': 'Tanh', 'L2_weight_yyx': 6.077828974759423e-05, 'L_entropy_weight_yyx': 7.330794101224254e-07, 'L_sep_weight_yyx': 0.00012326495177386956, 'L_scale_weight_yyx': 0.0002939346687188137, 'learning_rate_yyx': 0.007812250612576002}. Best is trial 0 with value: -0.42020291071558147.
[I 2026-03-18 16:27:45,176] Trial 3 pruned. 
[I 2026-03-18 16:27:45,536] Trial 2 finished with value: -0.34490286528879643 and parameters: {'n_layers_yyx': 2, 'hidden_size_yyx_l0': 2, 'hidden_size_yyx_l1': 4, 'context_size_yyx': 1, 'num_mix_components_yyx': 4, 'context_extractor_yyx': 'gru', 'activation_func_yyx': 'ReLU', 'L2_weight_yyx': 8.887317728527991e-08, 'L_entropy_weight_yyx': 5.1930721832269845e-09, 'L_sep_weight_yyx': 9.89798642187862e-08, 'L_scale_weight_yyx': 9.115007553657939e-05, 'learning_rate_yyx': 0.005168510734743083}. Best is trial 0 with value: -0.4236573021478328.
[I 2026-03-18 16:27:45,569] Trial 3 finished with value: -0.37987773411045134 and parameters: {'n_layers_yyx': 2, 'hidden_size_yyx_l0': 5, 'hidden_size_yyx_l1': 4, 'context_size_yyx': 2, 'num_mix_components_yyx': 5, 'context_extractor_yyx': 'lstm', 'activation_func_yyx': 'Tanh', 'L2_weight_yyx': 5.420642838090882e-06, 'L_entropy_weight_yyx': 3.1927675303221474e-09, 'L_sep_weight_yyx': 3.086482596533436e-08, 'L_scale_weight_yyx': 5.413746084486332e-07, 'learning_rate_yyx': 0.0029444268220202756}. Best is trial 0 with value: -0.41437183297455493.
[I 2026-03-18 16:27:47,601] Trial 3 pruned. 
[I 2026-03-18 16:27:47,856] Trial 8 pruned. 
[I 2026-03-18 16:27:48,337] Trial 9 pruned. 
[I 2026-03-18 16:27:49,331] Trial 4 pruned. 
[I 2026-03-18 16:27:49,508] Trial 2 pruned. 
[I 2026-03-18 16:27:51,042] Trial 9 pruned. 
[I 2026-03-18 16:27:51,582] Trial 10 pruned. 
[I 2026-03-18 16:27:54,434] Trial 10 pruned. 
[I 2026-03-18 16:27:55,131] Trial 1 finished with value: -0.43281404005115615 and parameters: {'n_layers_yyx': 1, 'hidden_size_yyx_l0': 2, 'context_size_yyx': 2, 'num_mix_components_yyx': 2, 'context_extractor_yyx': 'lstm', 'activation_func_yyx': 'ReLU', 'L2_weight_yyx': 1.3780735825996504e-09, 'L_entropy_weight_yyx': 2.9282760971849457e-08, 'L_sep_weight_yyx': 1.9029588278267421e-06, 'L_scale_weight_yyx': 1.6722841830395295e-09, 'learning_rate_yyx': 0.0065995690082376384}. Best is trial 1 with value: -0.43281404005115615.
[I 2026-03-18 16:27:55,284] Trial 2 finished with value: -0.4289537553816757 and parameters: {'n_layers_yyx': 1, 'hidden_size_yyx_l0': 5, 'context_size_yyx': 3, 'num_mix_components_yyx': 2, 'context_extractor_yyx': 'gru', 'activation_func_yyx': 'GELU', 'L2_weight_yyx': 8.656446404801701e-10, 'L_entropy_weight_yyx': 9.507515332881054e-10, 'L_sep_weight_yyx': 2.1332493233967312e-05, 'L_scale_weight_yyx': 3.5938375325452307e-07, 'learning_rate_yyx': 0.006153193952459367}. Best is trial 2 with value: -0.4289537553816757.
[I 2026-03-18 16:27:55,372] Trial 0 finished with value: -2.782160293471522 and parameters: {'n_layers_yyx': 1, 'hidden_size_yyx_l0': 4, 'context_size_yyx': 1, 'num_mix_components_yyx': 2, 'context_extractor_yyx': 'lstm', 'activation_func_yyx': 'ReLU', 'L2_weight_yyx': 0.000132863576051417, 'L_entropy_weight_yyx': 1.2031190927417459e-06, 'L_sep_weight_yyx': 9.820412533475242e-09, 'L_scale_weight_yyx': 3.984062484248516e-07, 'learning_rate_yyx': 0.003481201885841216}. Best is trial 0 with value: -2.782160293471522.
[I 2026-03-18 16:27:56,054] Trial 2 finished with value: -0.38654539976326674 and parameters: {'n_layers_yyx': 1, 'hidden_size_yyx_l0': 5, 'context_size_yyx': 3, 'num_mix_components_yyx': 3, 'context_extractor_yyx': 'lstm', 'activation_func_yyx': 'ReLU', 'L2_weight_yyx': 9.749849926672432e-10, 'L_entropy_weight_yyx': 1.3768046059212103e-09, 'L_sep_weight_yyx': 1.2209549850236644e-09, 'L_scale_weight_yyx': 1.7128308843469007e-05, 'learning_rate_yyx': 0.0006714611235611043}. Best is trial 1 with value: -0.4307959589057663.
[I 2026-03-18 16:27:57,350] Trial 3 pruned. 
[I 2026-03-18 16:27:58,037] Trial 11 pruned. 
[I 2026-03-18 16:28:01,908] Trial 2 finished with value: -0.3395334722087848 and parameters: {'n_layers_yyx': 2, 'hidden_size_yyx_l0': 6, 'hidden_size_yyx_l1': 6, 'context_size_yyx': 2, 'num_mix_components_yyx': 5, 'context_extractor_yyx': 'gru', 'activation_func_yyx': 'Tanh', 'L2_weight_yyx': 3.0020330862214863e-09, 'L_entropy_weight_yyx': 1.3442024573441777e-08, 'L_sep_weight_yyx': 1.4251695655461058e-06, 'L_scale_weight_yyx': 0.0003213236784856006, 'learning_rate_yyx': 0.0005445695086687308}. Best is trial 0 with value: -0.41448025068631483.
[I 2026-03-18 16:28:05,142] Trial 12 pruned. 
[I 2026-03-18 16:28:09,069] Trial 13 pruned. 
[I 2026-03-18 16:28:09,181] Trial 4 finished with value: -0.3800905776835817 and parameters: {'n_layers_yyx': 2, 'hidden_size_yyx_l0': 6, 'hidden_size_yyx_l1': 5, 'context_size_yyx': 2, 'num_mix_components_yyx': 5, 'context_extractor_yyx': 'gru', 'activation_func_yyx': 'Tanh', 'L2_weight_yyx': 5.108001223620183e-06, 'L_entropy_weight_yyx': 1.2849657086127954e-08, 'L_sep_weight_yyx': 2.8224657490016702e-08, 'L_scale_weight_yyx': 3.043148118219583e-09, 'learning_rate_yyx': 0.0016584165739519942}. Best is trial 4 with value: -0.3800905776835817.
[I 2026-03-18 16:28:10,025] Trial 11 pruned. 
[I 2026-03-18 16:28:10,848] Trial 0 finished with value: -2.7981637642702535 and parameters: {'n_layers_yyx': 2, 'hidden_size_yyx_l0': 4, 'hidden_size_yyx_l1': 2, 'context_size_yyx': 4, 'num_mix_components_yyx': 4, 'context_extractor_yyx': 'gru', 'activation_func_yyx': 'ReLU', 'L2_weight_yyx': 2.2179083095702763e-06, 'L_entropy_weight_yyx': 2.8006766084297644e-08, 'L_sep_weight_yyx': 0.00099142145861518, 'L_scale_weight_yyx': 0.0001462852316285173, 'learning_rate_yyx': 0.003246588213280893}. Best is trial 0 with value: -2.7981637642702535.
[I 2026-03-18 16:28:11,538] Trial 4 finished with value: -0.4224036249213913 and parameters: {'n_layers_yyx': 1, 'hidden_size_yyx_l0': 6, 'context_size_yyx': 4, 'num_mix_components_yyx': 2, 'context_extractor_yyx': 'gru', 'activation_func_yyx': 'GELU', 'L2_weight_yyx': 2.594585164624491e-10, 'L_entropy_weight_yyx': 1.9977033513001846e-07, 'L_sep_weight_yyx': 1.1366452753340526e-08, 'L_scale_weight_yyx': 0.00043559467366098814, 'learning_rate_yyx': 0.003952232338038545}. Best is trial 3 with value: -0.42374077669976296.
[I 2026-03-18 16:28:12,826] Trial 14 pruned. 
[I 2026-03-18 16:28:13,284] Trial 12 pruned. 
[I 2026-03-18 16:28:13,415] Trial 1 pruned. 
[I 2026-03-18 16:28:14,965] Trial 5 pruned. 
[I 2026-03-18 16:28:15,099] Trial 4 finished with value: -0.43761569280004353 and parameters: {'n_layers_yyx': 1, 'hidden_size_yyx_l0': 3, 'context_size_yyx': 3, 'num_mix_components_yyx': 2, 'context_extractor_yyx': 'lstm', 'activation_func_yyx': 'Tanh', 'L2_weight_yyx': 4.063189605718859e-08, 'L_entropy_weight_yyx': 1.1278987209767864e-06, 'L_sep_weight_yyx': 2.783181396530671e-09, 'L_scale_weight_yyx': 6.096313632372954e-06, 'learning_rate_yyx': 0.006337514334965356}. Best is trial 4 with value: -0.43761569280004353.
[I 2026-03-18 16:28:16,460] Trial 13 pruned. 
[I 2026-03-18 16:28:16,669] Trial 5 pruned. 
[I 2026-03-18 16:28:18,047] Trial 5 pruned. 
[I 2026-03-18 16:28:18,322] Trial 6 pruned. 
[I 2026-03-18 16:28:19,273] Trial 1 pruned. 
[I 2026-03-18 16:28:19,788] Trial 14 pruned. 
[I 2026-03-18 16:28:20,888] Trial 6 pruned. 
[I 2026-03-18 16:28:23,503] Trial 0 finished with value: -2.8067502106217272 and parameters: {'n_layers_yyx': 2, 'hidden_size_yyx_l0': 3, 'hidden_size_yyx_l1': 3, 'context_size_yyx': 4, 'num_mix_components_yyx': 3, 'context_extractor_yyx': 'gru', 'activation_func_yyx': 'GELU', 'L2_weight_yyx': 4.812262542234052e-05, 'L_entropy_weight_yyx': 0.0003617528953585001, 'L_sep_weight_yyx': 8.026758237620788e-05, 'L_scale_weight_yyx': 3.2274320314093496e-05, 'learning_rate_yyx': 0.0064201129609348885}. Best is trial 0 with value: -2.8067502106217272.
[I 2026-03-18 16:28:24,027] Trial 5 finished with value: -0.3156533256034733 and parameters: {'n_layers_yyx': 1, 'hidden_size_yyx_l0': 2, 'context_size_yyx': 2, 'num_mix_components_yyx': 4, 'context_extractor_yyx': 'lstm', 'activation_func_yyx': 'GELU', 'L2_weight_yyx': 1.4883254945006468e-09, 'L_entropy_weight_yyx': 1.4426069178240264e-06, 'L_sep_weight_yyx': 3.908829872192074e-09, 'L_scale_weight_yyx': 1.148169618767008e-07, 'learning_rate_yyx': 0.0035751911008162964}. Best is trial 0 with value: -0.41437183297455493.
[I 2026-03-18 16:28:24,174] Trial 7 pruned. 
[I 2026-03-18 16:28:27,422] Trial 8 pruned. 
[I 2026-03-18 16:28:28,811] Trial 15 pruned. 
[I 2026-03-18 16:28:32,694] Trial 4 finished with value: -0.4171642858546585 and parameters: {'n_layers_yyx': 2, 'hidden_size_yyx_l0': 3, 'hidden_size_yyx_l1': 4, 'context_size_yyx': 2, 'num_mix_components_yyx': 5, 'context_extractor_yyx': 'lstm', 'activation_func_yyx': 'ReLU', 'L2_weight_yyx': 1.6082936194307054e-05, 'L_entropy_weight_yyx': 3.6778330371028055e-10, 'L_sep_weight_yyx': 9.152450507385979e-06, 'L_scale_weight_yyx': 9.80077257554611e-10, 'learning_rate_yyx': 0.0023629182017266465}. Best is trial 0 with value: -0.42020291071558147.
[I 2026-03-18 16:28:33,396] Trial 3 finished with value: -0.3967581828681308 and parameters: {'n_layers_yyx': 1, 'hidden_size_yyx_l0': 5, 'context_size_yyx': 2, 'num_mix_components_yyx': 3, 'context_extractor_yyx': 'gru', 'activation_func_yyx': 'GELU', 'L2_weight_yyx': 4.925416055030005e-06, 'L_entropy_weight_yyx': 6.918887530239986e-07, 'L_sep_weight_yyx': 4.7912868329230294e-06, 'L_scale_weight_yyx': 4.3837646162565784e-10, 'learning_rate_yyx': 0.001517320261915857}. Best is trial 1 with value: -0.44041338941261127.
[I 2026-03-18 16:28:34,394] Trial 6 pruned. 
[I 2026-03-18 16:28:35,220] Trial 3 finished with value: -0.33751137559258904 and parameters: {'n_layers_yyx': 1, 'hidden_size_yyx_l0': 5, 'context_size_yyx': 2, 'num_mix_components_yyx': 5, 'context_extractor_yyx': 'gru', 'activation_func_yyx': 'GELU', 'L2_weight_yyx': 0.00020183928472581448, 'L_entropy_weight_yyx': 1.7355475644831793e-07, 'L_sep_weight_yyx': 0.00017238449208763874, 'L_scale_weight_yyx': 2.9479612513471074e-08, 'learning_rate_yyx': 0.001591961372946616}. Best is trial 2 with value: -0.4289537553816757.
[I 2026-03-18 16:28:36,072] Trial 16 pruned. 
[I 2026-03-18 16:28:36,120] Trial 15 pruned. 
[I 2026-03-18 16:28:40,366] Trial 4 pruned. 
[I 2026-03-18 16:28:40,624] Trial 6 pruned. 
[I 2026-03-18 16:28:41,314] Trial 7 pruned. 
[I 2026-03-18 16:28:41,413] Trial 3 pruned. 
[I 2026-03-18 16:28:42,086] Trial 3 finished with value: -0.4136522606061339 and parameters: {'n_layers_yyx': 2, 'hidden_size_yyx_l0': 4, 'hidden_size_yyx_l1': 4, 'context_size_yyx': 3, 'num_mix_components_yyx': 2, 'context_extractor_yyx': 'gru', 'activation_func_yyx': 'Tanh', 'L2_weight_yyx': 5.1729689099799106e-05, 'L_entropy_weight_yyx': 6.56422510496769e-05, 'L_sep_weight_yyx': 7.200772674307717e-05, 'L_scale_weight_yyx': 2.2152566445705876e-05, 'learning_rate_yyx': 0.004578042376625541}. Best is trial 0 with value: -0.41448025068631483.
[I 2026-03-18 16:28:42,696] Trial 16 pruned. 
[I 2026-03-18 16:28:43,484] Trial 2 finished with value: -0.41750503398316563 and parameters: {'n_layers_yyx': 2, 'hidden_size_yyx_l0': 2, 'hidden_size_yyx_l1': 3, 'context_size_yyx': 3, 'num_mix_components_yyx': 5, 'context_extractor_yyx': 'lstm', 'activation_func_yyx': 'Tanh', 'L2_weight_yyx': 2.4030789443815527e-09, 'L_entropy_weight_yyx': 5.168822699742762e-07, 'L_sep_weight_yyx': 8.476308935978287e-06, 'L_scale_weight_yyx': 9.31328480256289e-10, 'learning_rate_yyx': 0.003259156474333693}. Best is trial 1 with value: -0.43281404005115615.
[I 2026-03-18 16:28:44,660] Trial 8 pruned. 
[I 2026-03-18 16:28:45,419] Trial 4 pruned. 
[I 2026-03-18 16:28:46,239] Trial 2 finished with value: -0.3570247213168779 and parameters: {'n_layers_yyx': 1, 'hidden_size_yyx_l0': 2, 'context_size_yyx': 4, 'num_mix_components_yyx': 1, 'context_extractor_yyx': 'lstm', 'activation_func_yyx': 'Tanh', 'L2_weight_yyx': 1.6519326626097376e-10, 'L_entropy_weight_yyx': 0.00034720499231070164, 'L_sep_weight_yyx': 4.719237640345993e-07, 'L_scale_weight_yyx': 5.481739712157561e-06, 'learning_rate_yyx': 0.0005611520713700561}. Best is trial 1 with value: -0.4204067549100232.
[I 2026-03-18 16:28:47,048] Trial 5 pruned. 
[I 2026-03-18 16:28:48,503] Trial 7 finished with value: -0.32091746610753674 and parameters: {'n_layers_yyx': 2, 'hidden_size_yyx_l0': 5, 'hidden_size_yyx_l1': 6, 'context_size_yyx': 1, 'num_mix_components_yyx': 1, 'context_extractor_yyx': 'lstm', 'activation_func_yyx': 'GELU', 'L2_weight_yyx': 3.387760619865711e-06, 'L_entropy_weight_yyx': 2.9093357615664273e-09, 'L_sep_weight_yyx': 1.92269081581456e-10, 'L_scale_weight_yyx': 5.441759381590778e-07, 'learning_rate_yyx': 0.0032916183858135257}. Best is trial 3 with value: -0.42374077669976296.
[I 2026-03-18 16:28:49,054] Trial 2 finished with value: -0.4323124841270801 and parameters: {'n_layers_yyx': 1, 'hidden_size_yyx_l0': 2, 'context_size_yyx': 4, 'num_mix_components_yyx': 2, 'context_extractor_yyx': 'gru', 'activation_func_yyx': 'GELU', 'L2_weight_yyx': 1.7347506107140485e-05, 'L_entropy_weight_yyx': 3.1596979653356154e-09, 'L_sep_weight_yyx': 0.000109514176234337, 'L_scale_weight_yyx': 2.3694603298883404e-07, 'learning_rate_yyx': 0.008521821173824815}. Best is trial 1 with value: -0.45911608244243424.
[I 2026-03-18 16:28:49,157] Trial 5 pruned. 
[I 2026-03-18 16:28:50,939] Trial 6 pruned. 
[I 2026-03-18 16:28:52,074] Trial 17 pruned. 
[I 2026-03-18 16:28:52,563] Trial 6 pruned. 
[I 2026-03-18 16:28:55,787] Trial 3 pruned. 
[I 2026-03-18 16:28:58,630] Trial 18 pruned. 
[I 2026-03-18 16:28:58,701] Trial 17 pruned. 
[I 2026-03-18 16:28:59,833] Trial 0 finished with value: -2.791594042385921 and parameters: {'n_layers_yyx': 2, 'hidden_size_yyx_l0': 3, 'hidden_size_yyx_l1': 6, 'context_size_yyx': 3, 'num_mix_components_yyx': 5, 'context_extractor_yyx': 'gru', 'activation_func_yyx': 'Tanh', 'L2_weight_yyx': 0.00022174809280354636, 'L_entropy_weight_yyx': 9.815934341907468e-06, 'L_sep_weight_yyx': 1.0190196473409523e-10, 'L_scale_weight_yyx': 0.000833741758944475, 'learning_rate_yyx': 0.0010905607954623145}. Best is trial 0 with value: -2.791594042385921.
[I 2026-03-18 16:29:01,852] Trial 9 pruned. 
[I 2026-03-18 16:29:02,002] Trial 19 pruned. 
[I 2026-03-18 16:29:02,218] Trial 18 pruned. 
[I 2026-03-18 16:29:02,426] Trial 3 pruned. 
[I 2026-03-18 16:29:05,438] Trial 3 finished with value: -0.3915605102161136 and parameters: {'n_layers_yyx': 2, 'hidden_size_yyx_l0': 4, 'hidden_size_yyx_l1': 4, 'context_size_yyx': 3, 'num_mix_components_yyx': 5, 'context_extractor_yyx': 'lstm', 'activation_func_yyx': 'ReLU', 'L2_weight_yyx': 6.028602480960354e-10, 'L_entropy_weight_yyx': 3.8936823197450054e-10, 'L_sep_weight_yyx': 7.51950201675909e-09, 'L_scale_weight_yyx': 2.7046397937477572e-09, 'learning_rate_yyx': 0.000531535325228138}. Best is trial 0 with value: -0.4236573021478328.
[I 2026-03-18 16:29:05,490] Trial 0 finished with value: -2.7560188059827233 and parameters: {'n_layers_yyx': 2, 'hidden_size_yyx_l0': 2, 'hidden_size_yyx_l1': 5, 'context_size_yyx': 1, 'num_mix_components_yyx': 5, 'context_extractor_yyx': 'lstm', 'activation_func_yyx': 'GELU', 'L2_weight_yyx': 1.7227701497394454e-06, 'L_entropy_weight_yyx': 1.9302266406709466e-07, 'L_sep_weight_yyx': 0.00026344381764528945, 'L_scale_weight_yyx': 5.868897816991705e-07, 'learning_rate_yyx': 0.0005742959600912867}. Best is trial 0 with value: -2.7560188059827233.
[I 2026-03-18 16:29:05,511] Trial 19 pruned. 
[I 2026-03-18 16:29:05,746] Trial 4 pruned. 
[I 2026-03-18 16:29:06,093] Trial 7 finished with value: -0.44963234349300985 and parameters: {'n_layers_yyx': 1, 'hidden_size_yyx_l0': 6, 'context_size_yyx': 1, 'num_mix_components_yyx': 5, 'context_extractor_yyx': 'lstm', 'activation_func_yyx': 'Tanh', 'L2_weight_yyx': 0.0008054540864714381, 'L_entropy_weight_yyx': 0.0008647312542281796, 'L_sep_weight_yyx': 5.774778137416092e-06, 'L_scale_weight_yyx': 8.307527206797182e-09, 'learning_rate_yyx': 0.006490631882312635}. Best is trial 7 with value: -0.44963234349300985.
[I 2026-03-18 16:29:08,280] Trial 20 pruned. 
[I 2026-03-18 16:29:08,370] Trial 10 pruned. 
[I 2026-03-18 16:29:11,705] Trial 4 finished with value: -0.3668225881854078 and parameters: {'n_layers_yyx': 1, 'hidden_size_yyx_l0': 6, 'context_size_yyx': 1, 'num_mix_components_yyx': 3, 'context_extractor_yyx': 'gru', 'activation_func_yyx': 'Tanh', 'L2_weight_yyx': 5.867329312155237e-07, 'L_entropy_weight_yyx': 4.232309236307426e-07, 'L_sep_weight_yyx': 1.1468868124934915e-09, 'L_scale_weight_yyx': 0.000959895773951866, 'learning_rate_yyx': 0.0035951145048122818}. Best is trial 2 with value: -0.4289537553816757.
[I 2026-03-18 16:29:11,759] Trial 4 pruned. 
[I 2026-03-18 16:29:11,956] Trial 9 finished with value: -0.42445208192240713 and parameters: {'n_layers_yyx': 1, 'hidden_size_yyx_l0': 3, 'context_size_yyx': 4, 'num_mix_components_yyx': 3, 'context_extractor_yyx': 'lstm', 'activation_func_yyx': 'ReLU', 'L2_weight_yyx': 0.00010198362985428291, 'L_entropy_weight_yyx': 1.832224416385032e-06, 'L_sep_weight_yyx': 7.811586044336937e-08, 'L_scale_weight_yyx': 3.93574634232752e-07, 'learning_rate_yyx': 0.0030045103165866342}. Best is trial 4 with value: -0.43761569280004353.
[I 2026-03-18 16:29:13,420] Trial 3 finished with value: -0.336222999974301 and parameters: {'n_layers_yyx': 2, 'hidden_size_yyx_l0': 4, 'hidden_size_yyx_l1': 6, 'context_size_yyx': 2, 'num_mix_components_yyx': 4, 'context_extractor_yyx': 'gru', 'activation_func_yyx': 'Tanh', 'L2_weight_yyx': 1.3931070543601921e-08, 'L_entropy_weight_yyx': 2.5467188724110857e-07, 'L_sep_weight_yyx': 4.20992103014792e-07, 'L_scale_weight_yyx': 4.4867909319090936e-06, 'learning_rate_yyx': 0.00169998545304847}. Best is trial 1 with value: -0.43281404005115615.
[I 2026-03-18 16:29:13,620] Trial 0 finished with value: -2.782248579189629 and parameters: {'n_layers_yyx': 1, 'hidden_size_yyx_l0': 2, 'context_size_yyx': 4, 'num_mix_components_yyx': 2, 'context_extractor_yyx': 'gru', 'activation_func_yyx': 'ReLU', 'L2_weight_yyx': 6.216453307781006e-08, 'L_entropy_weight_yyx': 2.9101405540357706e-07, 'L_sep_weight_yyx': 2.7363167353173635e-10, 'L_scale_weight_yyx': 1.3200060473986583e-08, 'learning_rate_yyx': 0.0019023625162924867}. Best is trial 0 with value: -2.782248579189629.
[I 2026-03-18 16:29:14,325] Trial 11 pruned. 
[I 2026-03-18 16:29:14,487] Trial 4 finished with value: -0.38703594857325124 and parameters: {'n_layers_yyx': 2, 'hidden_size_yyx_l0': 3, 'hidden_size_yyx_l1': 5, 'context_size_yyx': 3, 'num_mix_components_yyx': 5, 'context_extractor_yyx': 'gru', 'activation_func_yyx': 'ReLU', 'L2_weight_yyx': 4.157325527834637e-06, 'L_entropy_weight_yyx': 5.65350880838945e-06, 'L_sep_weight_yyx': 1.0340569479632471e-06, 'L_scale_weight_yyx': 1.559253772422313e-06, 'learning_rate_yyx': 0.00285876030409451}. Best is trial 1 with value: -0.4307959589057663.
[I 2026-03-18 16:29:14,488] Trial 5 finished with value: -0.37645147459425793 and parameters: {'n_layers_yyx': 2, 'hidden_size_yyx_l0': 3, 'hidden_size_yyx_l1': 5, 'context_size_yyx': 3, 'num_mix_components_yyx': 4, 'context_extractor_yyx': 'lstm', 'activation_func_yyx': 'GELU', 'L2_weight_yyx': 2.704834609394415e-07, 'L_entropy_weight_yyx': 1.0162321044567609e-07, 'L_sep_weight_yyx': 5.592542248676704e-09, 'L_scale_weight_yyx': 5.813450439592586e-10, 'learning_rate_yyx': 0.009110011171642392}. Best is trial 0 with value: -0.41448025068631483.
[I 2026-03-18 16:29:14,800] Trial 5 pruned. 
[I 2026-03-18 16:29:14,968] Trial 10 pruned. 
[I 2026-03-18 16:29:16,752] Trial 4 pruned. 
[I 2026-03-18 16:29:17,691] Trial 6 pruned. 
[I 2026-03-18 16:29:18,642] Trial 11 pruned. 
[I 2026-03-18 16:29:18,836] Trial 1 finished with value: -2.7703040265290086 and parameters: {'n_layers_yyx': 1, 'hidden_size_yyx_l0': 6, 'context_size_yyx': 1, 'num_mix_components_yyx': 2, 'context_extractor_yyx': 'gru', 'activation_func_yyx': 'Tanh', 'L2_weight_yyx': 1.783169389552852e-10, 'L_entropy_weight_yyx': 1.8003990996980777e-06, 'L_sep_weight_yyx': 4.5347360521572567e-10, 'L_scale_weight_yyx': 0.00018125343566212498, 'learning_rate_yyx': 0.0035071733889717005}. Best is trial 0 with value: -2.7804692330482275.
[I 2026-03-18 16:29:20,061] Trial 5 pruned. 
[I 2026-03-18 16:29:21,860] Trial 12 pruned. 
[I 2026-03-18 16:29:23,183] Trial 6 pruned. 
[I 2026-03-18 16:29:23,997] Trial 21 pruned. 
[I 2026-03-18 16:29:24,141] Trial 0 finished with value: -2.792252838699443 and parameters: {'n_layers_yyx': 1, 'hidden_size_yyx_l0': 5, 'context_size_yyx': 1, 'num_mix_components_yyx': 4, 'context_extractor_yyx': 'lstm', 'activation_func_yyx': 'GELU', 'L2_weight_yyx': 3.1874293753637825e-10, 'L_entropy_weight_yyx': 6.64281202868365e-07, 'L_sep_weight_yyx': 1.374595373936225e-09, 'L_scale_weight_yyx': 2.6451374830409494e-06, 'learning_rate_yyx': 0.0008324530106842482}. Best is trial 0 with value: -2.792252838699443.
[I 2026-03-18 16:29:26,813] Trial 0 finished with value: -2.7964025593256525 and parameters: {'n_layers_yyx': 2, 'hidden_size_yyx_l0': 3, 'hidden_size_yyx_l1': 3, 'context_size_yyx': 2, 'num_mix_components_yyx': 2, 'context_extractor_yyx': 'gru', 'activation_func_yyx': 'Tanh', 'L2_weight_yyx': 2.3654615857899946e-05, 'L_entropy_weight_yyx': 6.477419489858504e-08, 'L_sep_weight_yyx': 5.807583204511858e-10, 'L_scale_weight_yyx': 2.631171295834645e-05, 'learning_rate_yyx': 0.0022868893267270793}. Best is trial 0 with value: -2.7964025593256525.
[I 2026-03-18 16:29:29,251] Trial 7 pruned. 
[I 2026-03-18 16:29:29,505] Trial 12 pruned. 
[I 2026-03-18 16:29:32,440] Trial 8 pruned. 
[I 2026-03-18 16:29:32,892] Trial 1 finished with value: -2.8044746609917057 and parameters: {'n_layers_yyx': 2, 'hidden_size_yyx_l0': 5, 'hidden_size_yyx_l1': 2, 'context_size_yyx': 3, 'num_mix_components_yyx': 4, 'context_extractor_yyx': 'gru', 'activation_func_yyx': 'ReLU', 'L2_weight_yyx': 7.898731690953955e-06, 'L_entropy_weight_yyx': 0.00021592577235062712, 'L_sep_weight_yyx': 4.1817721955939315e-09, 'L_scale_weight_yyx': 5.891316029172239e-09, 'learning_rate_yyx': 0.0068160944250704025}. Best is trial 1 with value: -2.8044746609917057.
[I 2026-03-18 16:29:33,624] Trial 7 pruned. 
[I 2026-03-18 16:29:35,005] Trial 6 finished with value: -0.3830794343269277 and parameters: {'n_layers_yyx': 2, 'hidden_size_yyx_l0': 5, 'hidden_size_yyx_l1': 6, 'context_size_yyx': 3, 'num_mix_components_yyx': 4, 'context_extractor_yyx': 'lstm', 'activation_func_yyx': 'ReLU', 'L2_weight_yyx': 3.639291765458961e-10, 'L_entropy_weight_yyx': 1.862122641158854e-09, 'L_sep_weight_yyx': 2.3588017375554058e-05, 'L_scale_weight_yyx': 2.3774091341855947e-09, 'learning_rate_yyx': 0.0062850365355354675}. Best is trial 2 with value: -0.4289537553816757.
[I 2026-03-18 16:29:35,579] Trial 7 finished with value: -0.39725184957309406 and parameters: {'n_layers_yyx': 1, 'hidden_size_yyx_l0': 6, 'context_size_yyx': 3, 'num_mix_components_yyx': 5, 'context_extractor_yyx': 'gru', 'activation_func_yyx': 'Tanh', 'L2_weight_yyx': 4.622410482677485e-06, 'L_entropy_weight_yyx': 4.530009655913098e-06, 'L_sep_weight_yyx': 5.0775354702749534e-05, 'L_scale_weight_yyx': 8.423139422881898e-08, 'learning_rate_yyx': 0.004646005260764882}. Best is trial 0 with value: -0.41448025068631483.
[I 2026-03-18 16:29:36,239] Trial 9 pruned. 
[I 2026-03-18 16:29:36,313] Trial 0 finished with value: -2.7690257269372136 and parameters: {'n_layers_yyx': 1, 'hidden_size_yyx_l0': 3, 'context_size_yyx': 4, 'num_mix_components_yyx': 3, 'context_extractor_yyx': 'lstm', 'activation_func_yyx': 'GELU', 'L2_weight_yyx': 4.71301665635351e-09, 'L_entropy_weight_yyx': 4.1091984861033886e-10, 'L_sep_weight_yyx': 5.665119262094283e-10, 'L_scale_weight_yyx': 0.00014414268743697298, 'learning_rate_yyx': 0.0006740774606800716}. Best is trial 0 with value: -2.7690257269372136.
[I 2026-03-18 16:29:36,398] Trial 5 finished with value: -0.3966640791287732 and parameters: {'n_layers_yyx': 2, 'hidden_size_yyx_l0': 3, 'hidden_size_yyx_l1': 2, 'context_size_yyx': 1, 'num_mix_components_yyx': 5, 'context_extractor_yyx': 'lstm', 'activation_func_yyx': 'ReLU', 'L2_weight_yyx': 4.273769169678559e-06, 'L_entropy_weight_yyx': 8.922048675216474e-10, 'L_sep_weight_yyx': 5.461585420037274e-06, 'L_scale_weight_yyx': 2.1316951108200684e-07, 'learning_rate_yyx': 0.00621534147872125}. Best is trial 1 with value: -0.4204067549100232.
[I 2026-03-18 16:29:37,069] Trial 2 pruned. 
[I 2026-03-18 16:29:37,952] Trial 7 pruned. 
[I 2026-03-18 16:29:38,583] Trial 8 pruned. 
[I 2026-03-18 16:29:39,462] Trial 10 pruned. 
[I 2026-03-18 16:29:40,585] Trial 2 pruned. 
[I 2026-03-18 16:29:40,822] Trial 5 finished with value: -0.3613124882842734 and parameters: {'n_layers_yyx': 2, 'hidden_size_yyx_l0': 5, 'hidden_size_yyx_l1': 5, 'context_size_yyx': 4, 'num_mix_components_yyx': 5, 'context_extractor_yyx': 'lstm', 'activation_func_yyx': 'GELU', 'L2_weight_yyx': 1.5582828350105162e-09, 'L_entropy_weight_yyx': 0.00024463784344984244, 'L_sep_weight_yyx': 0.0007737306038038983, 'L_scale_weight_yyx': 8.285700753523215e-05, 'learning_rate_yyx': 0.00128361069101724}. Best is trial 0 with value: -0.4236573021478328.
[I 2026-03-18 16:29:41,896] Trial 9 pruned. 
[I 2026-03-18 16:29:42,538] Trial 11 pruned. 
[I 2026-03-18 16:29:44,170] Trial 6 pruned. 
[I 2026-03-18 16:29:44,253] Trial 13 pruned. 
[I 2026-03-18 16:29:45,560] Trial 12 pruned. 
[I 2026-03-18 16:29:45,907] Trial 8 finished with value: -0.42177754216149865 and parameters: {'n_layers_yyx': 1, 'hidden_size_yyx_l0': 3, 'context_size_yyx': 3, 'num_mix_components_yyx': 2, 'context_extractor_yyx': 'lstm', 'activation_func_yyx': 'ReLU', 'L2_weight_yyx': 5.0150628351548236e-09, 'L_entropy_weight_yyx': 7.523284575303689e-10, 'L_sep_weight_yyx': 6.540724855244137e-05, 'L_scale_weight_yyx': 8.320255612806906e-10, 'learning_rate_yyx': 0.005340756280094445}. Best is trial 3 with value: -0.42374077669976296.
[I 2026-03-18 16:29:47,276] Trial 14 pruned. 
[I 2026-03-18 16:29:47,287] Trial 20 pruned. 
[I 2026-03-18 16:29:47,832] Trial 7 pruned. 
[I 2026-03-18 16:29:48,633] Trial 10 pruned. 
[I 2026-03-18 16:29:49,238] Trial 13 pruned. 
[I 2026-03-18 16:29:51,318] Trial 0 finished with value: -2.79162831599355 and parameters: {'n_layers_yyx': 2, 'hidden_size_yyx_l0': 4, 'hidden_size_yyx_l1': 4, 'context_size_yyx': 3, 'num_mix_components_yyx': 2, 'context_extractor_yyx': 'lstm', 'activation_func_yyx': 'GELU', 'L2_weight_yyx': 1.8871484997013255e-07, 'L_entropy_weight_yyx': 0.0008246842541416545, 'L_sep_weight_yyx': 1.0061291343840274e-06, 'L_scale_weight_yyx': 3.834782692960455e-05, 'learning_rate_yyx': 0.0006648080354075828}. Best is trial 0 with value: -2.79162831599355.
[I 2026-03-18 16:29:52,336] Trial 11 pruned. 
[I 2026-03-18 16:29:52,473] Trial 14 pruned. 
[I 2026-03-18 16:29:52,984] Trial 8 pruned. 
[I 2026-03-18 16:29:53,432] Trial 21 pruned. 
[I 2026-03-18 16:29:53,882] Trial 15 pruned. 
[I 2026-03-18 16:29:55,329] Trial 12 pruned. 
[I 2026-03-18 16:29:55,545] Trial 13 finished with value: -0.42997949558883997 and parameters: {'n_layers_yyx': 1, 'hidden_size_yyx_l0': 3, 'context_size_yyx': 4, 'num_mix_components_yyx': 2, 'context_extractor_yyx': 'lstm', 'activation_func_yyx': 'ReLU', 'L2_weight_yyx': 4.1837589581257496e-07, 'L_entropy_weight_yyx': 1.4178698631617977e-10, 'L_sep_weight_yyx': 4.781412011803401e-07, 'L_scale_weight_yyx': 6.498710175212069e-06, 'learning_rate_yyx': 0.005113810333530895}. Best is trial 4 with value: -0.43761569280004353.
[I 2026-03-18 16:29:55,683] Trial 8 finished with value: -0.41401152714118133 and parameters: {'n_layers_yyx': 2, 'hidden_size_yyx_l0': 6, 'hidden_size_yyx_l1': 3, 'context_size_yyx': 4, 'num_mix_components_yyx': 4, 'context_extractor_yyx': 'lstm', 'activation_func_yyx': 'Tanh', 'L2_weight_yyx': 1.5264879508582627e-06, 'L_entropy_weight_yyx': 7.692611027169944e-06, 'L_sep_weight_yyx': 1.2503418389290368e-10, 'L_scale_weight_yyx': 4.139010440127698e-06, 'learning_rate_yyx': 0.005389744345356956}. Best is trial 1 with value: -0.44041338941261127.
[I 2026-03-18 16:29:56,372] Trial 4 finished with value: -0.44564611476272253 and parameters: {'n_layers_yyx': 1, 'hidden_size_yyx_l0': 3, 'context_size_yyx': 3, 'num_mix_components_yyx': 1, 'context_extractor_yyx': 'gru', 'activation_func_yyx': 'ReLU', 'L2_weight_yyx': 6.20330334185307e-07, 'L_entropy_weight_yyx': 6.13201655053134e-05, 'L_sep_weight_yyx': 1.2332892770829629e-10, 'L_scale_weight_yyx': 3.5059285788305676e-08, 'learning_rate_yyx': 0.008369224505304106}. Best is trial 1 with value: -0.45911608244243424.
[I 2026-03-18 16:29:56,543] Trial 22 pruned. 
[I 2026-03-18 16:29:56,975] Trial 22 finished with value: -0.4438516244799729 and parameters: {'n_layers_yyx': 2, 'hidden_size_yyx_l0': 3, 'hidden_size_yyx_l1': 6, 'context_size_yyx': 4, 'num_mix_components_yyx': 1, 'context_extractor_yyx': 'gru', 'activation_func_yyx': 'Tanh', 'L2_weight_yyx': 0.00018901076681908, 'L_entropy_weight_yyx': 4.120818335047293e-09, 'L_sep_weight_yyx': 1.855782763472025e-09, 'L_scale_weight_yyx': 5.6902282271665736e-05, 'learning_rate_yyx': 0.002825394115186412}. Best is trial 22 with value: -0.4438516244799729.
[I 2026-03-18 16:29:59,447] Trial 9 pruned. 
[I 2026-03-18 16:29:59,803] Trial 7 finished with value: -0.41716891545629353 and parameters: {'n_layers_yyx': 1, 'hidden_size_yyx_l0': 5, 'context_size_yyx': 4, 'num_mix_components_yyx': 5, 'context_extractor_yyx': 'lstm', 'activation_func_yyx': 'Tanh', 'L2_weight_yyx': 0.00014658539056275365, 'L_entropy_weight_yyx': 8.248204014219668e-08, 'L_sep_weight_yyx': 2.3935297778488455e-08, 'L_scale_weight_yyx': 2.2198883416626197e-10, 'learning_rate_yyx': 0.0009117793056998352}. Best is trial 0 with value: -0.42020291071558147.
[I 2026-03-18 16:29:59,843] Trial 3 pruned. 
[I 2026-03-18 16:30:02,548] Trial 13 pruned. 
[I 2026-03-18 16:30:02,935] Trial 10 pruned. 
[I 2026-03-18 16:30:04,065] Trial 6 finished with value: -0.44637499357524674 and parameters: {'n_layers_yyx': 1, 'hidden_size_yyx_l0': 6, 'context_size_yyx': 4, 'num_mix_components_yyx': 4, 'context_extractor_yyx': 'gru', 'activation_func_yyx': 'GELU', 'L2_weight_yyx': 2.6729153918282106e-05, 'L_entropy_weight_yyx': 8.021641349162347e-05, 'L_sep_weight_yyx': 1.998114753694191e-08, 'L_scale_weight_yyx': 1.3189551352636854e-05, 'learning_rate_yyx': 0.006282682876002625}. Best is trial 6 with value: -0.44637499357524674.
[I 2026-03-18 16:30:05,399] Trial 14 pruned. 
[I 2026-03-18 16:30:06,908] Trial 7 pruned. 
[I 2026-03-18 16:30:07,837] Trial 4 pruned. 
[I 2026-03-18 16:30:09,067] Trial 15 pruned. 
[I 2026-03-18 16:30:10,384] Trial 16 pruned. 
[I 2026-03-18 16:30:10,435] Trial 8 pruned. 
[I 2026-03-18 16:30:10,713] Trial 1 finished with value: -2.7661289220706 and parameters: {'n_layers_yyx': 1, 'hidden_size_yyx_l0': 5, 'context_size_yyx': 1, 'num_mix_components_yyx': 4, 'context_extractor_yyx': 'lstm', 'activation_func_yyx': 'GELU', 'L2_weight_yyx': 5.867156002463164e-06, 'L_entropy_weight_yyx': 7.060750653673966e-05, 'L_sep_weight_yyx': 0.00020648795754921986, 'L_scale_weight_yyx': 0.0004142667940863473, 'learning_rate_yyx': 0.005068930703099266}. Best is trial 0 with value: -2.8067502106217272.
[I 2026-03-18 16:30:11,308] Trial 9 pruned. 
[I 2026-03-18 16:30:12,290] Trial 16 pruned. 
[I 2026-03-18 16:30:14,176] Trial 17 pruned. 
[I 2026-03-18 16:30:14,845] Trial 10 pruned. 
[I 2026-03-18 16:30:15,687] Trial 1 pruned. 
[I 2026-03-18 16:30:15,991] Trial 0 finished with value: -2.790148867852285 and parameters: {'n_layers_yyx': 2, 'hidden_size_yyx_l0': 3, 'hidden_size_yyx_l1': 3, 'context_size_yyx': 3, 'num_mix_components_yyx': 5, 'context_extractor_yyx': 'gru', 'activation_func_yyx': 'Tanh', 'L2_weight_yyx': 1.2894036787278549e-08, 'L_entropy_weight_yyx': 4.0623899365857777e-07, 'L_sep_weight_yyx': 3.875048190429137e-09, 'L_scale_weight_yyx': 0.0002708378229510064, 'learning_rate_yyx': 0.000563654932565759}. Best is trial 0 with value: -2.790148867852285.
[I 2026-03-18 16:30:16,243] Trial 5 pruned. 
[I 2026-03-18 16:30:16,289] Trial 8 finished with value: -0.30517653710332815 and parameters: {'n_layers_yyx': 1, 'hidden_size_yyx_l0': 2, 'context_size_yyx': 1, 'num_mix_components_yyx': 5, 'context_extractor_yyx': 'lstm', 'activation_func_yyx': 'Tanh', 'L2_weight_yyx': 9.804340255710043e-05, 'L_entropy_weight_yyx': 6.481358758360626e-09, 'L_sep_weight_yyx': 0.00021485741950773106, 'L_scale_weight_yyx': 4.510162109380251e-08, 'learning_rate_yyx': 0.0028493898165633832}. Best is trial 7 with value: -0.44963234349300985.
[I 2026-03-18 16:30:18,238] Trial 11 pruned. 
[I 2026-03-18 16:30:19,832] Trial 2 finished with value: -2.799719036396502 and parameters: {'n_layers_yyx': 2, 'hidden_size_yyx_l0': 5, 'hidden_size_yyx_l1': 5, 'context_size_yyx': 2, 'num_mix_components_yyx': 3, 'context_extractor_yyx': 'lstm', 'activation_func_yyx': 'Tanh', 'L2_weight_yyx': 4.564218566140177e-09, 'L_entropy_weight_yyx': 8.146540467544699e-07, 'L_sep_weight_yyx': 5.312716491584198e-06, 'L_scale_weight_yyx': 8.93797944058671e-09, 'learning_rate_yyx': 0.006541330868967777}. Best is trial 2 with value: -2.799719036396502.
[I 2026-03-18 16:30:20,698] Trial 18 pruned. 
[I 2026-03-18 16:30:23,042] Trial 9 pruned. 
[I 2026-03-18 16:30:24,642] Trial 12 pruned. 
[I 2026-03-18 16:30:25,224] Trial 8 finished with value: -0.40076401654411764 and parameters: {'n_layers_yyx': 1, 'hidden_size_yyx_l0': 5, 'context_size_yyx': 3, 'num_mix_components_yyx': 3, 'context_extractor_yyx': 'gru', 'activation_func_yyx': 'GELU', 'L2_weight_yyx': 0.0005649605164782199, 'L_entropy_weight_yyx': 4.962640893194618e-09, 'L_sep_weight_yyx': 3.0669832889176504e-08, 'L_scale_weight_yyx': 8.889493041104613e-10, 'learning_rate_yyx': 0.0038731003772962255}. Best is trial 0 with value: -0.4236573021478328.
[I 2026-03-18 16:30:25,940] Trial 3 pruned. 
[I 2026-03-18 16:30:26,039] Trial 9 pruned. 
[I 2026-03-18 16:30:26,567] Trial 10 pruned. 
[I 2026-03-18 16:30:26,590] Trial 17 pruned. 
[I 2026-03-18 16:30:26,831] Trial 19 pruned. 
[I 2026-03-18 16:30:27,964] Trial 13 pruned. 
[I 2026-03-18 16:30:28,102] Trial 3 pruned. 
[I 2026-03-18 16:30:28,627] Trial 1 finished with value: -2.8024164192943366 and parameters: {'n_layers_yyx': 2, 'hidden_size_yyx_l0': 3, 'hidden_size_yyx_l1': 3, 'context_size_yyx': 3, 'num_mix_components_yyx': 4, 'context_extractor_yyx': 'lstm', 'activation_func_yyx': 'Tanh', 'L2_weight_yyx': 6.97147651089637e-07, 'L_entropy_weight_yyx': 1.7228306798518697e-05, 'L_sep_weight_yyx': 3.883059513716969e-07, 'L_scale_weight_yyx': 3.84305556628311e-08, 'learning_rate_yyx': 0.0021818051352706304}. Best is trial 1 with value: -2.8024164192943366.
[I 2026-03-18 16:30:28,922] Trial 5 finished with value: -0.44982475540586303 and parameters: {'n_layers_yyx': 1, 'hidden_size_yyx_l0': 2, 'context_size_yyx': 2, 'num_mix_components_yyx': 1, 'context_extractor_yyx': 'lstm', 'activation_func_yyx': 'Tanh', 'L2_weight_yyx': 3.1332748840080446e-10, 'L_entropy_weight_yyx': 0.0002472923078701876, 'L_sep_weight_yyx': 8.008548032048231e-06, 'L_scale_weight_yyx': 6.951032054841851e-06, 'learning_rate_yyx': 0.006513947702251344}. Best is trial 5 with value: -0.44982475540586303.
[I 2026-03-18 16:30:29,178] Trial 23 finished with value: -0.4358419412429857 and parameters: {'n_layers_yyx': 2, 'hidden_size_yyx_l0': 2, 'hidden_size_yyx_l1': 5, 'context_size_yyx': 4, 'num_mix_components_yyx': 1, 'context_extractor_yyx': 'gru', 'activation_func_yyx': 'Tanh', 'L2_weight_yyx': 0.00015960379403447386, 'L_entropy_weight_yyx': 1.4799930062627928e-09, 'L_sep_weight_yyx': 3.543291960566159e-09, 'L_scale_weight_yyx': 7.58822530948392e-08, 'learning_rate_yyx': 0.003965750199016819}. Best is trial 22 with value: -0.4438516244799729.
[I 2026-03-18 16:30:29,239] Trial 10 pruned. 
[I 2026-03-18 16:30:29,708] Trial 2 pruned. 
[I 2026-03-18 16:30:29,887] Trial 20 pruned. 
[I 2026-03-18 16:30:31,179] Trial 14 pruned. 
[I 2026-03-18 16:30:32,350] Trial 1 finished with value: -2.804181999864486 and parameters: {'n_layers_yyx': 1, 'hidden_size_yyx_l0': 3, 'context_size_yyx': 2, 'num_mix_components_yyx': 4, 'context_extractor_yyx': 'gru', 'activation_func_yyx': 'ReLU', 'L2_weight_yyx': 1.875829274098855e-08, 'L_entropy_weight_yyx': 1.5548580288773526e-09, 'L_sep_weight_yyx': 8.791665972735413e-06, 'L_scale_weight_yyx': 5.590624065495872e-09, 'learning_rate_yyx': 0.0049345130845888365}. Best is trial 1 with value: -2.804181999864486.
[I 2026-03-18 16:30:32,462] Trial 18 pruned. 
[I 2026-03-18 16:30:32,665] Trial 11 pruned. 
[I 2026-03-18 16:30:32,740] Trial 11 pruned. 
[I 2026-03-18 16:30:33,529] Trial 21 pruned. 
[I 2026-03-18 16:30:33,613] Trial 5 finished with value: -0.4289297097976732 and parameters: {'n_layers_yyx': 1, 'hidden_size_yyx_l0': 2, 'context_size_yyx': 3, 'num_mix_components_yyx': 3, 'context_extractor_yyx': 'gru', 'activation_func_yyx': 'GELU', 'L2_weight_yyx': 2.3083768065181835e-05, 'L_entropy_weight_yyx': 3.354621757128558e-06, 'L_sep_weight_yyx': 2.569661568048169e-10, 'L_scale_weight_yyx': 0.000643286452304237, 'learning_rate_yyx': 0.006503344574465658}. Best is trial 1 with value: -0.45911608244243424.
[I 2026-03-18 16:30:34,427] Trial 14 finished with value: -0.374952239517826 and parameters: {'n_layers_yyx': 2, 'hidden_size_yyx_l0': 3, 'hidden_size_yyx_l1': 6, 'context_size_yyx': 2, 'num_mix_components_yyx': 2, 'context_extractor_yyx': 'gru', 'activation_func_yyx': 'Tanh', 'L2_weight_yyx': 1.2911457642430093e-07, 'L_entropy_weight_yyx': 1.5826303512830257e-10, 'L_sep_weight_yyx': 1.0015428336693426e-10, 'L_scale_weight_yyx': 1.855728832969616e-05, 'learning_rate_yyx': 0.005738187075330613}. Best is trial 4 with value: -0.43761569280004353.
[I 2026-03-18 16:30:34,695] Trial 15 pruned. 
[I 2026-03-18 16:30:36,151] Trial 12 pruned. 
[I 2026-03-18 16:30:36,783] Trial 12 pruned. 
[I 2026-03-18 16:30:37,058] Trial 22 pruned. 
[I 2026-03-18 16:30:37,107] Trial 6 pruned. 
[I 2026-03-18 16:30:37,367] Trial 15 pruned. 
[I 2026-03-18 16:30:39,017] Trial 19 pruned. 
[I 2026-03-18 16:30:39,253] Trial 9 finished with value: -0.4271615326589106 and parameters: {'n_layers_yyx': 1, 'hidden_size_yyx_l0': 6, 'context_size_yyx': 3, 'num_mix_components_yyx': 1, 'context_extractor_yyx': 'gru', 'activation_func_yyx': 'Tanh', 'L2_weight_yyx': 3.1939207197397525e-05, 'L_entropy_weight_yyx': 1.92168889842066e-05, 'L_sep_weight_yyx': 4.994521160273748e-08, 'L_scale_weight_yyx': 8.046479265210699e-06, 'learning_rate_yyx': 0.0027125652718204166}. Best is trial 9 with value: -0.4271615326589106.
[I 2026-03-18 16:30:40,164] Trial 13 pruned. 
[I 2026-03-18 16:30:40,226] Trial 7 pruned. 
[I 2026-03-18 16:30:40,569] Trial 23 pruned. 
[I 2026-03-18 16:30:40,615] Trial 2 pruned. 
[I 2026-03-18 16:30:40,816] Trial 8 pruned. 
[I 2026-03-18 16:30:41,241] Trial 16 pruned. 
[I 2026-03-18 16:30:42,848] Trial 20 pruned. 
[I 2026-03-18 16:30:43,071] Trial 1 finished with value: -2.8010403323029167 and parameters: {'n_layers_yyx': 1, 'hidden_size_yyx_l0': 4, 'context_size_yyx': 3, 'num_mix_components_yyx': 2, 'context_extractor_yyx': 'gru', 'activation_func_yyx': 'ReLU', 'L2_weight_yyx': 1.5569408326161345e-06, 'L_entropy_weight_yyx': 1.9243497917108635e-07, 'L_sep_weight_yyx': 1.4796856976332905e-05, 'L_scale_weight_yyx': 5.478776196352405e-09, 'learning_rate_yyx': 0.0031183501979386587}. Best is trial 1 with value: -2.8010403323029167.
[I 2026-03-18 16:30:43,336] Trial 16 pruned. 
[I 2026-03-18 16:30:44,141] Trial 14 pruned. 
[I 2026-03-18 16:30:44,890] Trial 17 pruned. 
[I 2026-03-18 16:30:45,454] Trial 24 pruned. 
[I 2026-03-18 16:30:45,715] Trial 10 pruned. 
[I 2026-03-18 16:30:45,751] Trial 11 finished with value: -0.40602121264572855 and parameters: {'n_layers_yyx': 1, 'hidden_size_yyx_l0': 6, 'context_size_yyx': 2, 'num_mix_components_yyx': 2, 'context_extractor_yyx': 'lstm', 'activation_func_yyx': 'GELU', 'L2_weight_yyx': 1.3646312491775326e-08, 'L_entropy_weight_yyx': 1.247891342064265e-10, 'L_sep_weight_yyx': 4.079135730589985e-06, 'L_scale_weight_yyx': 4.15639459367422e-06, 'learning_rate_yyx': 0.0038932486405071193}. Best is trial 2 with value: -0.4289537553816757.
[I 2026-03-18 16:30:46,126] Trial 17 pruned. 
[I 2026-03-18 16:30:47,198] Trial 9 pruned. 
[I 2026-03-18 16:30:48,113] Trial 3 pruned. 
[I 2026-03-18 16:30:48,125] Trial 18 pruned. 
[I 2026-03-18 16:30:48,167] Trial 23 finished with value: -0.4343582484006144 and parameters: {'n_layers_yyx': 2, 'hidden_size_yyx_l0': 2, 'hidden_size_yyx_l1': 5, 'context_size_yyx': 3, 'num_mix_components_yyx': 1, 'context_extractor_yyx': 'gru', 'activation_func_yyx': 'ReLU', 'L2_weight_yyx': 9.288141079132014e-09, 'L_entropy_weight_yyx': 0.0002774292368865672, 'L_sep_weight_yyx': 4.9389233999987534e-09, 'L_scale_weight_yyx': 1.568815230941061e-07, 'learning_rate_yyx': 0.004678721416894076}. Best is trial 1 with value: -0.44267641427716237.
[I 2026-03-18 16:30:50,644] Trial 10 pruned. 
[I 2026-03-18 16:30:51,112] Trial 19 pruned. 
[I 2026-03-18 16:30:51,272] Trial 24 pruned. 
[I 2026-03-18 16:30:51,640] Trial 25 pruned. 
[I 2026-03-18 16:30:51,799] Trial 15 pruned. 
[I 2026-03-18 16:30:52,096] Trial 12 pruned. 
[I 2026-03-18 16:30:52,464] Trial 13 pruned. 
[I 2026-03-18 16:30:52,573] Trial 18 pruned. 
[I 2026-03-18 16:30:55,041] Trial 26 pruned. 
[I 2026-03-18 16:30:55,068] Trial 13 pruned. 
[I 2026-03-18 16:30:55,355] Trial 16 pruned. 
[I 2026-03-18 16:30:55,514] Trial 24 pruned. 
[I 2026-03-18 16:30:55,763] Trial 14 pruned. 
[I 2026-03-18 16:30:55,803] Trial 19 pruned. 
[I 2026-03-18 16:30:56,773] Trial 11 pruned. 
[I 2026-03-18 16:30:56,934] Trial 15 finished with value: -0.4042332415979344 and parameters: {'n_layers_yyx': 1, 'hidden_size_yyx_l0': 3, 'context_size_yyx': 3, 'num_mix_components_yyx': 2, 'context_extractor_yyx': 'lstm', 'activation_func_yyx': 'ReLU', 'L2_weight_yyx': 6.033291958047065e-06, 'L_entropy_weight_yyx': 1.1373307311964233e-09, 'L_sep_weight_yyx': 3.537458500807753e-07, 'L_scale_weight_yyx': 1.2075356227617456e-07, 'learning_rate_yyx': 0.003151874103152952}. Best is trial 1 with value: -0.43281404005115615.
[I 2026-03-18 16:30:57,809] Trial 21 pruned. 
[I 2026-03-18 16:30:59,594] Trial 3 pruned. 
[I 2026-03-18 16:31:00,288] Trial 16 pruned. 
[I 2026-03-18 16:31:00,311] Trial 12 pruned. 
[I 2026-03-18 16:31:01,988] Trial 17 pruned. 
[I 2026-03-18 16:31:02,204] Trial 20 pruned. 
[I 2026-03-18 16:31:05,121] Trial 21 pruned. 
[I 2026-03-18 16:31:06,125] Trial 13 pruned. 
[I 2026-03-18 16:31:06,330] Trial 4 pruned. 
[I 2026-03-18 16:31:08,414] Trial 11 finished with value: -0.3953570906222789 and parameters: {'n_layers_yyx': 1, 'hidden_size_yyx_l0': 4, 'context_size_yyx': 3, 'num_mix_components_yyx': 4, 'context_extractor_yyx': 'gru', 'activation_func_yyx': 'Tanh', 'L2_weight_yyx': 8.701418585653652e-05, 'L_entropy_weight_yyx': 5.688736498710305e-06, 'L_sep_weight_yyx': 0.0005915711510200406, 'L_scale_weight_yyx': 4.1232819439809e-06, 'learning_rate_yyx': 0.009112395229515197}. Best is trial 9 with value: -0.4271615326589106.
[I 2026-03-18 16:31:08,882] Trial 18 pruned. 
[I 2026-03-18 16:31:10,917] Trial 15 pruned. 
[I 2026-03-18 16:31:11,732] Trial 22 pruned. 
[I 2026-03-18 16:31:12,494] Trial 19 pruned. 
[I 2026-03-18 16:31:14,263] Trial 5 pruned. 
[I 2026-03-18 16:31:14,532] Trial 25 finished with value: -0.3675374837113608 and parameters: {'n_layers_yyx': 2, 'hidden_size_yyx_l0': 4, 'hidden_size_yyx_l1': 4, 'context_size_yyx': 3, 'num_mix_components_yyx': 1, 'context_extractor_yyx': 'gru', 'activation_func_yyx': 'ReLU', 'L2_weight_yyx': 1.1066843037598989e-08, 'L_entropy_weight_yyx': 0.00020789156965584147, 'L_sep_weight_yyx': 4.1596210872575155e-10, 'L_scale_weight_yyx': 3.789553465864658e-09, 'learning_rate_yyx': 0.007871727955646212}. Best is trial 1 with value: -0.44267641427716237.
[I 2026-03-18 16:31:15,029] Trial 12 pruned. 
[I 2026-03-18 16:31:15,896] Trial 20 pruned. 
[I 2026-03-18 16:31:19,155] Trial 22 finished with value: -0.4127115066575561 and parameters: {'n_layers_yyx': 1, 'hidden_size_yyx_l0': 6, 'context_size_yyx': 3, 'num_mix_components_yyx': 5, 'context_extractor_yyx': 'gru', 'activation_func_yyx': 'Tanh', 'L2_weight_yyx': 1.6592631669164142e-05, 'L_entropy_weight_yyx': 3.134415268518125e-05, 'L_sep_weight_yyx': 0.00013579313377671995, 'L_scale_weight_yyx': 7.048255055439272e-08, 'learning_rate_yyx': 0.0039606717748055815}. Best is trial 0 with value: -0.41448025068631483.
[I 2026-03-18 16:31:24,375] Trial 6 finished with value: -0.4410483062082769 and parameters: {'n_layers_yyx': 2, 'hidden_size_yyx_l0': 2, 'hidden_size_yyx_l1': 5, 'context_size_yyx': 4, 'num_mix_components_yyx': 5, 'context_extractor_yyx': 'lstm', 'activation_func_yyx': 'GELU', 'L2_weight_yyx': 6.366739305533509e-10, 'L_entropy_weight_yyx': 1.9698841707479795e-08, 'L_sep_weight_yyx': 1.0433532489718315e-07, 'L_scale_weight_yyx': 9.325664967130786e-07, 'learning_rate_yyx': 0.0023279097172650785}. Best is trial 5 with value: -0.44982475540586303.
[I 2026-03-18 16:31:26,635] Trial 23 pruned. 
[I 2026-03-18 16:31:26,831] Trial 16 pruned. 
[I 2026-03-18 16:31:27,968] Trial 7 pruned. 
[I 2026-03-18 16:31:30,023] Trial 20 finished with value: -0.425445556640625 and parameters: {'n_layers_yyx': 2, 'hidden_size_yyx_l0': 6, 'hidden_size_yyx_l1': 5, 'context_size_yyx': 4, 'num_mix_components_yyx': 2, 'context_extractor_yyx': 'lstm', 'activation_func_yyx': 'Tanh', 'L2_weight_yyx': 0.00010277050270180479, 'L_entropy_weight_yyx': 1.4962082280047828e-09, 'L_sep_weight_yyx': 1.5216704932714103e-08, 'L_scale_weight_yyx': 1.4791384377603862e-09, 'learning_rate_yyx': 0.00200556382448843}. Best is trial 1 with value: -0.44041338941261127.
[I 2026-03-18 16:31:30,224] Trial 26 pruned. 
[I 2026-03-18 16:31:30,749] Trial 14 finished with value: -0.3894151622665925 and parameters: {'n_layers_yyx': 1, 'hidden_size_yyx_l0': 4, 'context_size_yyx': 3, 'num_mix_components_yyx': 5, 'context_extractor_yyx': 'lstm', 'activation_func_yyx': 'Tanh', 'L2_weight_yyx': 3.891690610997292e-06, 'L_entropy_weight_yyx': 1.8940898421498524e-07, 'L_sep_weight_yyx': 1.3392123691917468e-10, 'L_scale_weight_yyx': 2.071779491064708e-09, 'learning_rate_yyx': 0.009573611787811739}. Best is trial 0 with value: -0.42020291071558147.
[I 2026-03-18 16:31:31,139] Trial 8 pruned. 
[I 2026-03-18 16:31:31,375] Trial 13 pruned. 
[I 2026-03-18 16:31:33,069] Trial 6 pruned. 
[I 2026-03-18 16:31:33,098] Trial 25 finished with value: -0.3914630759980287 and parameters: {'n_layers_yyx': 2, 'hidden_size_yyx_l0': 2, 'hidden_size_yyx_l1': 3, 'context_size_yyx': 3, 'num_mix_components_yyx': 5, 'context_extractor_yyx': 'lstm', 'activation_func_yyx': 'GELU', 'L2_weight_yyx': 1.5957547044523616e-08, 'L_entropy_weight_yyx': 6.088755188091726e-09, 'L_sep_weight_yyx': 2.597082810123635e-06, 'L_scale_weight_yyx': 6.040812673622918e-10, 'learning_rate_yyx': 0.005917860590502496}. Best is trial 25 with value: -0.3914630759980287.
[I 2026-03-18 16:31:34,094] Trial 17 finished with value: -0.373567681563528 and parameters: {'n_layers_yyx': 2, 'hidden_size_yyx_l0': 5, 'hidden_size_yyx_l1': 4, 'context_size_yyx': 2, 'num_mix_components_yyx': 2, 'context_extractor_yyx': 'gru', 'activation_func_yyx': 'Tanh', 'L2_weight_yyx': 1.3125636729478923e-10, 'L_entropy_weight_yyx': 3.3422715290084776e-08, 'L_sep_weight_yyx': 2.1826441649578573e-09, 'L_scale_weight_yyx': 2.693766787701085e-10, 'learning_rate_yyx': 0.006975490056668733}. Best is trial 1 with value: -0.43281404005115615.
[I 2026-03-18 16:31:34,838] Trial 14 pruned. 
[I 2026-03-18 16:31:36,516] Trial 15 pruned. 
[I 2026-03-18 16:31:37,119] Trial 21 finished with value: -0.43066897554663314 and parameters: {'n_layers_yyx': 2, 'hidden_size_yyx_l0': 6, 'hidden_size_yyx_l1': 5, 'context_size_yyx': 2, 'num_mix_components_yyx': 5, 'context_extractor_yyx': 'lstm', 'activation_func_yyx': 'Tanh', 'L2_weight_yyx': 3.1634592021674697e-06, 'L_entropy_weight_yyx': 1.6622258567478386e-10, 'L_sep_weight_yyx': 4.015975652791237e-08, 'L_scale_weight_yyx': 8.229664967453465e-07, 'learning_rate_yyx': 0.003012254402340604}. Best is trial 7 with value: -0.44963234349300985.
[I 2026-03-18 16:31:37,619] Trial 18 pruned. 
[I 2026-03-18 16:31:37,758] Trial 9 pruned. 
[I 2026-03-18 16:31:37,816] Trial 14 pruned. 
[I 2026-03-18 16:31:38,390] Trial 8 finished with value: -0.4356537337642705 and parameters: {'n_layers_yyx': 2, 'hidden_size_yyx_l0': 2, 'hidden_size_yyx_l1': 6, 'context_size_yyx': 1, 'num_mix_components_yyx': 4, 'context_extractor_yyx': 'lstm', 'activation_func_yyx': 'Tanh', 'L2_weight_yyx': 1.8766971840411137e-09, 'L_entropy_weight_yyx': 7.059407280552405e-10, 'L_sep_weight_yyx': 3.746051811225904e-09, 'L_scale_weight_yyx': 1.958424612745286e-10, 'learning_rate_yyx': 0.002486504834335364}. Best is trial 1 with value: -0.45911608244243424.
[I 2026-03-18 16:31:40,755] Trial 23 finished with value: -0.4099525947688903 and parameters: {'n_layers_yyx': 1, 'hidden_size_yyx_l0': 2, 'context_size_yyx': 3, 'num_mix_components_yyx': 3, 'context_extractor_yyx': 'lstm', 'activation_func_yyx': 'ReLU', 'L2_weight_yyx': 6.74474515476181e-10, 'L_entropy_weight_yyx': 1.937352129885711e-06, 'L_sep_weight_yyx': 1.827186918750638e-07, 'L_scale_weight_yyx': 7.403809991995246e-07, 'learning_rate_yyx': 0.0050107985841936365}. Best is trial 4 with value: -0.43761569280004353.
[I 2026-03-18 16:31:41,167] Trial 9 finished with value: -0.430995315221072 and parameters: {'n_layers_yyx': 2, 'hidden_size_yyx_l0': 4, 'hidden_size_yyx_l1': 6, 'context_size_yyx': 1, 'num_mix_components_yyx': 1, 'context_extractor_yyx': 'gru', 'activation_func_yyx': 'Tanh', 'L2_weight_yyx': 4.719754678903519e-10, 'L_entropy_weight_yyx': 3.905478778504837e-09, 'L_sep_weight_yyx': 3.8296665286681126e-05, 'L_scale_weight_yyx': 1.395582711567221e-06, 'learning_rate_yyx': 0.0036009287755452276}. Best is trial 9 with value: -0.430995315221072.
[I 2026-03-18 16:31:41,292] Trial 7 pruned. 
[I 2026-03-18 16:31:41,718] Trial 15 pruned. 
[I 2026-03-18 16:31:41,973] Trial 9 pruned. 
[I 2026-03-18 16:31:43,492] Trial 19 pruned. 
[I 2026-03-18 16:31:43,701] Trial 24 finished with value: -0.412091990373452 and parameters: {'n_layers_yyx': 1, 'hidden_size_yyx_l0': 6, 'context_size_yyx': 2, 'num_mix_components_yyx': 4, 'context_extractor_yyx': 'gru', 'activation_func_yyx': 'Tanh', 'L2_weight_yyx': 2.626580340474651e-05, 'L_entropy_weight_yyx': 4.584342816249785e-07, 'L_sep_weight_yyx': 7.379889089121039e-06, 'L_scale_weight_yyx': 4.466675070617068e-07, 'learning_rate_yyx': 0.006548285481065648}. Best is trial 0 with value: -0.41448025068631483.
[I 2026-03-18 16:31:43,766] Trial 24 pruned. 
[I 2026-03-18 16:31:45,039] Trial 16 pruned. 
[I 2026-03-18 16:31:45,459] Trial 10 pruned. 
[I 2026-03-18 16:31:45,562] Trial 21 pruned. 
[I 2026-03-18 16:31:46,818] Trial 20 pruned. 
[I 2026-03-18 16:31:46,848] Trial 25 pruned. 
[I 2026-03-18 16:31:47,194] Trial 4 finished with value: -2.770821090115232 and parameters: {'n_layers_yyx': 2, 'hidden_size_yyx_l0': 3, 'hidden_size_yyx_l1': 2, 'context_size_yyx': 4, 'num_mix_components_yyx': 4, 'context_extractor_yyx': 'gru', 'activation_func_yyx': 'GELU', 'L2_weight_yyx': 5.063549195684648e-08, 'L_entropy_weight_yyx': 5.517081403014982e-09, 'L_sep_weight_yyx': 0.0004016917436945943, 'L_scale_weight_yyx': 3.774052936810994e-07, 'learning_rate_yyx': 0.0008362620563543962}. Best is trial 0 with value: -2.7945694753775014.
[I 2026-03-18 16:31:48,600] Trial 17 pruned. 
[I 2026-03-18 16:31:49,257] Trial 8 pruned. 
[I 2026-03-18 16:31:49,971] Trial 26 pruned. 
[I 2026-03-18 16:31:49,980] Trial 15 pruned. 
[I 2026-03-18 16:31:50,098] Trial 25 pruned. 
[I 2026-03-18 16:31:51,944] Trial 2 finished with value: -2.795571655733778 and parameters: {'n_layers_yyx': 1, 'hidden_size_yyx_l0': 3, 'context_size_yyx': 1, 'num_mix_components_yyx': 3, 'context_extractor_yyx': 'lstm', 'activation_func_yyx': 'Tanh', 'L2_weight_yyx': 1.1561217163824675e-07, 'L_entropy_weight_yyx': 2.2023856530309354e-07, 'L_sep_weight_yyx': 2.0031462304264593e-10, 'L_scale_weight_yyx': 3.458248572692021e-08, 'learning_rate_yyx': 0.0057959472098858085}. Best is trial 2 with value: -2.795571655733778.
[I 2026-03-18 16:31:52,158] Trial 1 pruned. 
[I 2026-03-18 16:31:52,488] Trial 22 pruned. 
[I 2026-03-18 16:31:53,107] Trial 16 pruned. 
[I 2026-03-18 16:31:53,728] Trial 21 pruned. 
[I 2026-03-18 16:31:56,325] Trial 26 pruned. 
[I 2026-03-18 16:31:56,373] Trial 27 pruned. 
[I 2026-03-18 16:31:59,206] Trial 17 finished with value: -0.46708542200803016 and parameters: {'n_layers_yyx': 1, 'hidden_size_yyx_l0': 6, 'context_size_yyx': 3, 'num_mix_components_yyx': 4, 'context_extractor_yyx': 'lstm', 'activation_func_yyx': 'GELU', 'L2_weight_yyx': 0.0008153529160539292, 'L_entropy_weight_yyx': 5.380048184555183e-09, 'L_sep_weight_yyx': 8.914874397720807e-08, 'L_scale_weight_yyx': 6.936958727054193e-08, 'learning_rate_yyx': 0.008605691071621992}. Best is trial 17 with value: -0.46708542200803016.
[I 2026-03-18 16:31:59,638] Trial 26 finished with value: -0.42678166912067045 and parameters: {'n_layers_yyx': 2, 'hidden_size_yyx_l0': 3, 'hidden_size_yyx_l1': 3, 'context_size_yyx': 3, 'num_mix_components_yyx': 4, 'context_extractor_yyx': 'gru', 'activation_func_yyx': 'Tanh', 'L2_weight_yyx': 3.863337292003702e-09, 'L_entropy_weight_yyx': 6.342052892841685e-10, 'L_sep_weight_yyx': 7.589695468518276e-05, 'L_scale_weight_yyx': 5.643717362617803e-10, 'learning_rate_yyx': 0.008677553896574498}. Best is trial 26 with value: -0.42678166912067045.
[I 2026-03-18 16:31:59,647] Trial 17 pruned. 
[I 2026-03-18 16:31:59,825] Trial 22 finished with value: -0.4400104251070288 and parameters: {'n_layers_yyx': 2, 'hidden_size_yyx_l0': 6, 'hidden_size_yyx_l1': 5, 'context_size_yyx': 2, 'num_mix_components_yyx': 5, 'context_extractor_yyx': 'lstm', 'activation_func_yyx': 'Tanh', 'L2_weight_yyx': 1.3925448882274711e-06, 'L_entropy_weight_yyx': 1.4798984746794237e-10, 'L_sep_weight_yyx': 3.804639346760632e-08, 'L_scale_weight_yyx': 1.5608560862423146e-06, 'learning_rate_yyx': 0.002736277999607469}. Best is trial 7 with value: -0.44963234349300985.
[I 2026-03-18 16:31:59,967] Trial 27 pruned. 
[I 2026-03-18 16:32:00,004] Trial 3 pruned. 
[I 2026-03-18 16:32:00,091] Trial 28 pruned. 
[I 2026-03-18 16:32:00,272] Trial 22 pruned. 
[I 2026-03-18 16:32:01,936] Trial 6 finished with value: -2.8030962312773586 and parameters: {'n_layers_yyx': 1, 'hidden_size_yyx_l0': 6, 'context_size_yyx': 3, 'num_mix_components_yyx': 2, 'context_extractor_yyx': 'lstm', 'activation_func_yyx': 'Tanh', 'L2_weight_yyx': 2.9313226592116858e-08, 'L_entropy_weight_yyx': 1.2975557793183987e-09, 'L_sep_weight_yyx': 0.0004797662808614136, 'L_scale_weight_yyx': 0.00017588147800272686, 'learning_rate_yyx': 0.006010580362134471}. Best is trial 1 with value: -2.8044746609917057.
[I 2026-03-18 16:32:02,598] Trial 18 pruned. 
[I 2026-03-18 16:32:03,440] Trial 29 pruned. 
[I 2026-03-18 16:32:03,808] Trial 1 finished with value: -2.794794619613311 and parameters: {'n_layers_yyx': 2, 'hidden_size_yyx_l0': 3, 'hidden_size_yyx_l1': 4, 'context_size_yyx': 2, 'num_mix_components_yyx': 4, 'context_extractor_yyx': 'lstm', 'activation_func_yyx': 'GELU', 'L2_weight_yyx': 5.157711453914026e-08, 'L_entropy_weight_yyx': 4.5408723293075954e-07, 'L_sep_weight_yyx': 1.07672925697542e-07, 'L_scale_weight_yyx': 0.00017354915994585393, 'learning_rate_yyx': 0.006824276012518846}. Best is trial 1 with value: -2.794794619613311.
[I 2026-03-18 16:32:06,127] Trial 27 finished with value: -0.3898024189951988 and parameters: {'n_layers_yyx': 2, 'hidden_size_yyx_l0': 3, 'hidden_size_yyx_l1': 6, 'context_size_yyx': 4, 'num_mix_components_yyx': 2, 'context_extractor_yyx': 'gru', 'activation_func_yyx': 'Tanh', 'L2_weight_yyx': 9.795837310065329e-09, 'L_entropy_weight_yyx': 6.844382470228354e-06, 'L_sep_weight_yyx': 7.0684089012751176e-09, 'L_scale_weight_yyx': 8.421867415598592e-06, 'learning_rate_yyx': 0.0026244772001018765}. Best is trial 1 with value: -0.44267641427716237.
[I 2026-03-18 16:32:06,385] Trial 23 pruned. 
[I 2026-03-18 16:32:07,074] Trial 23 pruned. 
[I 2026-03-18 16:32:07,309] Trial 9 pruned. 
[I 2026-03-18 16:32:14,297] Trial 27 finished with value: -0.4490980969124903 and parameters: {'n_layers_yyx': 2, 'hidden_size_yyx_l0': 2, 'hidden_size_yyx_l1': 6, 'context_size_yyx': 3, 'num_mix_components_yyx': 1, 'context_extractor_yyx': 'gru', 'activation_func_yyx': 'Tanh', 'L2_weight_yyx': 0.00023224074489477855, 'L_entropy_weight_yyx': 5.953221343499127e-09, 'L_sep_weight_yyx': 3.307220183719589e-10, 'L_scale_weight_yyx': 1.197726907208522e-06, 'learning_rate_yyx': 0.0018342873956789247}. Best is trial 27 with value: -0.4490980969124903.
[I 2026-03-18 16:32:15,464] Trial 18 pruned. 
[I 2026-03-18 16:32:15,534] Trial 16 finished with value: -0.42072478019785214 and parameters: {'n_layers_yyx': 1, 'hidden_size_yyx_l0': 4, 'context_size_yyx': 2, 'num_mix_components_yyx': 5, 'context_extractor_yyx': 'lstm', 'activation_func_yyx': 'ReLU', 'L2_weight_yyx': 3.3018130945345914e-09, 'L_entropy_weight_yyx': 2.660093297958653e-09, 'L_sep_weight_yyx': 5.318157614083247e-06, 'L_scale_weight_yyx': 7.907834801964699e-07, 'learning_rate_yyx': 0.0052130027184982}. Best is trial 16 with value: -0.42072478019785214.
[I 2026-03-18 16:32:17,631] Trial 28 pruned. 
[I 2026-03-18 16:32:18,514] Trial 19 pruned. 
[I 2026-03-18 16:32:18,564] Trial 17 pruned. 
[I 2026-03-18 16:32:20,314] Trial 7 pruned. 
[I 2026-03-18 16:32:21,145] Trial 10 pruned. 
[I 2026-03-18 16:32:21,437] Trial 23 finished with value: -0.42190802134227456 and parameters: {'n_layers_yyx': 2, 'hidden_size_yyx_l0': 5, 'hidden_size_yyx_l1': 5, 'context_size_yyx': 3, 'num_mix_components_yyx': 2, 'context_extractor_yyx': 'lstm', 'activation_func_yyx': 'Tanh', 'L2_weight_yyx': 3.8641382673699705e-07, 'L_entropy_weight_yyx': 5.091973326344736e-08, 'L_sep_weight_yyx': 1.4879450154241778e-09, 'L_scale_weight_yyx': 1.0101140870566173e-10, 'learning_rate_yyx': 0.005926605829440481}. Best is trial 1 with value: -0.44041338941261127.
[I 2026-03-18 16:32:21,550] Trial 27 finished with value: -0.42307737368179177 and parameters: {'n_layers_yyx': 2, 'hidden_size_yyx_l0': 3, 'hidden_size_yyx_l1': 3, 'context_size_yyx': 3, 'num_mix_components_yyx': 4, 'context_extractor_yyx': 'gru', 'activation_func_yyx': 'Tanh', 'L2_weight_yyx': 5.603376660719691e-09, 'L_entropy_weight_yyx': 2.731716263486539e-10, 'L_sep_weight_yyx': 1.685642197012991e-07, 'L_scale_weight_yyx': 9.820633957860298e-10, 'learning_rate_yyx': 0.009985268384482814}. Best is trial 26 with value: -0.42678166912067045.
[I 2026-03-18 16:32:21,722] Trial 20 pruned. 
[I 2026-03-18 16:32:21,966] Trial 19 pruned. 
[I 2026-03-18 16:32:22,461] Trial 18 pruned. 
[I 2026-03-18 16:32:22,475] Trial 24 pruned. 
[I 2026-03-18 16:32:24,815] Trial 11 pruned. 
[I 2026-03-18 16:32:25,288] Trial 21 pruned. 
[I 2026-03-18 16:32:25,521] Trial 20 pruned. 
[I 2026-03-18 16:32:28,175] Trial 1 finished with value: -2.8037735806844215 and parameters: {'n_layers_yyx': 1, 'hidden_size_yyx_l0': 4, 'context_size_yyx': 4, 'num_mix_components_yyx': 2, 'context_extractor_yyx': 'gru', 'activation_func_yyx': 'GELU', 'L2_weight_yyx': 9.36885953006221e-06, 'L_entropy_weight_yyx': 3.5302440608198165e-09, 'L_sep_weight_yyx': 1.2919163749012346e-07, 'L_scale_weight_yyx': 3.647567240262011e-08, 'learning_rate_yyx': 0.006216347229311733}. Best is trial 1 with value: -2.8037735806844215.
[I 2026-03-18 16:32:28,432] Trial 24 pruned. 
[I 2026-03-18 16:32:28,734] Trial 22 pruned. 
[I 2026-03-18 16:32:29,144] Trial 21 pruned. 
[I 2026-03-18 16:32:29,198] Trial 19 pruned. 
[I 2026-03-18 16:32:30,359] Trial 11 finished with value: -0.4126914765443595 and parameters: {'n_layers_yyx': 2, 'hidden_size_yyx_l0': 4, 'hidden_size_yyx_l1': 4, 'context_size_yyx': 3, 'num_mix_components_yyx': 3, 'context_extractor_yyx': 'lstm', 'activation_func_yyx': 'ReLU', 'L2_weight_yyx': 9.122967041587491e-08, 'L_entropy_weight_yyx': 0.0008800726095330577, 'L_sep_weight_yyx': 1.5112803022943481e-07, 'L_scale_weight_yyx': 2.4679902305765115e-08, 'learning_rate_yyx': 0.004312761280227984}. Best is trial 1 with value: -0.45911608244243424.
[I 2026-03-18 16:32:30,823] Trial 12 pruned. 
[I 2026-03-18 16:32:31,635] Trial 24 finished with value: -0.40877677043525057 and parameters: {'n_layers_yyx': 2, 'hidden_size_yyx_l0': 6, 'hidden_size_yyx_l1': 5, 'context_size_yyx': 3, 'num_mix_components_yyx': 5, 'context_extractor_yyx': 'lstm', 'activation_func_yyx': 'Tanh', 'L2_weight_yyx': 3.099409912327768e-07, 'L_entropy_weight_yyx': 8.069294686694365e-10, 'L_sep_weight_yyx': 4.58332517592531e-08, 'L_scale_weight_yyx': 1.558690947035777e-07, 'learning_rate_yyx': 0.0025596853255691297}. Best is trial 7 with value: -0.44963234349300985.
[I 2026-03-18 16:32:31,795] Trial 23 pruned. 
[I 2026-03-18 16:32:32,335] Trial 22 pruned. 
[I 2026-03-18 16:32:32,472] Trial 20 pruned. 
[I 2026-03-18 16:32:33,137] Trial 29 pruned. 
[I 2026-03-18 16:32:33,651] Trial 12 pruned. 
[I 2026-03-18 16:32:35,322] Trial 24 pruned. 
[I 2026-03-18 16:32:37,253] Trial 13 pruned. 
[I 2026-03-18 16:32:38,561] Trial 25 pruned. 
[I 2026-03-18 16:32:38,740] Trial 25 pruned. 
[I 2026-03-18 16:32:38,740] Trial 23 pruned. 
[I 2026-03-18 16:32:38,990] Trial 21 pruned. 
[I 2026-03-18 16:32:40,079] Trial 30 pruned. 
[I 2026-03-18 16:32:40,196] Trial 13 pruned. 
[I 2026-03-18 16:32:40,928] Trial 14 pruned. 
[I 2026-03-18 16:32:42,175] Trial 22 pruned. 
[I 2026-03-18 16:32:42,393] Trial 28 finished with value: -0.4252559319369195 and parameters: {'n_layers_yyx': 1, 'hidden_size_yyx_l0': 4, 'context_size_yyx': 3, 'num_mix_components_yyx': 1, 'context_extractor_yyx': 'lstm', 'activation_func_yyx': 'GELU', 'L2_weight_yyx': 5.24484288358495e-07, 'L_entropy_weight_yyx': 1.9840089960951983e-08, 'L_sep_weight_yyx': 2.2779634226198995e-06, 'L_scale_weight_yyx': 8.31219266179765e-09, 'learning_rate_yyx': 0.0070943830121377284}. Best is trial 1 with value: -0.44267641427716237.
[I 2026-03-18 16:32:43,501] Trial 31 pruned. 
[I 2026-03-18 16:32:45,403] Trial 24 pruned. 
[I 2026-03-18 16:32:45,510] Trial 5 finished with value: -2.7758619185335864 and parameters: {'n_layers_yyx': 2, 'hidden_size_yyx_l0': 6, 'hidden_size_yyx_l1': 6, 'context_size_yyx': 1, 'num_mix_components_yyx': 5, 'context_extractor_yyx': 'lstm', 'activation_func_yyx': 'Tanh', 'L2_weight_yyx': 2.0820521180206715e-06, 'L_entropy_weight_yyx': 5.508552974903627e-05, 'L_sep_weight_yyx': 3.5880325110954145e-09, 'L_scale_weight_yyx': 0.0006974680438304943, 'learning_rate_yyx': 0.007282441039360331}. Best is trial 0 with value: -2.7945694753775014.
[I 2026-03-18 16:32:45,746] Trial 29 pruned. 
[I 2026-03-18 16:32:46,313] Trial 30 pruned. 
[I 2026-03-18 16:32:46,500] Trial 32 pruned. 
[I 2026-03-18 16:32:47,203] Trial 15 pruned. 
[I 2026-03-18 16:32:47,762] Trial 28 finished with value: -0.4286294943038893 and parameters: {'n_layers_yyx': 2, 'hidden_size_yyx_l0': 3, 'hidden_size_yyx_l1': 3, 'context_size_yyx': 3, 'num_mix_components_yyx': 4, 'context_extractor_yyx': 'gru', 'activation_func_yyx': 'Tanh', 'L2_weight_yyx': 7.241814289645954e-09, 'L_entropy_weight_yyx': 1.0181402693424345e-10, 'L_sep_weight_yyx': 9.970985092510002e-07, 'L_scale_weight_yyx': 4.1761693913940627e-10, 'learning_rate_yyx': 0.009250281287549567}. Best is trial 28 with value: -0.4286294943038893.
[I 2026-03-18 16:32:48,930] Trial 30 pruned. 
[I 2026-03-18 16:32:49,031] Trial 25 finished with value: -0.4167749741498162 and parameters: {'n_layers_yyx': 1, 'hidden_size_yyx_l0': 5, 'context_size_yyx': 3, 'num_mix_components_yyx': 4, 'context_extractor_yyx': 'lstm', 'activation_func_yyx': 'Tanh', 'L2_weight_yyx': 3.252723405482851e-10, 'L_entropy_weight_yyx': 4.944419123196685e-10, 'L_sep_weight_yyx': 1.1718827996835596e-07, 'L_scale_weight_yyx': 5.622114243820394e-08, 'learning_rate_yyx': 0.004015507707971017}. Best is trial 1 with value: -0.43281404005115615.
[I 2026-03-18 16:32:50,491] Trial 16 pruned. 
[I 2026-03-18 16:32:51,962] Trial 31 pruned. 
[I 2026-03-18 16:32:52,097] Trial 25 pruned. 
[I 2026-03-18 16:32:52,944] Trial 2 pruned. 
[I 2026-03-18 16:32:54,149] Trial 26 pruned. 
[I 2026-03-18 16:32:55,232] Trial 26 pruned. 
[I 2026-03-18 16:32:55,243] Trial 32 pruned. 
[I 2026-03-18 16:32:55,937] Trial 14 pruned. 
[I 2026-03-18 16:32:56,633] Trial 17 pruned. 
[I 2026-03-18 16:32:58,375] Trial 33 pruned. 
[I 2026-03-18 16:32:59,015] Trial 15 pruned. 
[I 2026-03-18 16:33:01,122] Trial 31 pruned. 
[I 2026-03-18 16:33:01,725] Trial 34 pruned. 
[I 2026-03-18 16:33:01,872] Trial 23 finished with value: -0.4237596257921343 and parameters: {'n_layers_yyx': 1, 'hidden_size_yyx_l0': 4, 'context_size_yyx': 4, 'num_mix_components_yyx': 5, 'context_extractor_yyx': 'lstm', 'activation_func_yyx': 'ReLU', 'L2_weight_yyx': 8.423787741922727e-07, 'L_entropy_weight_yyx': 8.253674424831604e-10, 'L_sep_weight_yyx': 4.1079884769598635e-08, 'L_scale_weight_yyx': 4.266268054426548e-10, 'learning_rate_yyx': 0.007541236672285208}. Best is trial 23 with value: -0.4237596257921343.
[I 2026-03-18 16:33:02,362] Trial 16 pruned. 
[I 2026-03-18 16:33:02,778] Trial 18 pruned. 
[I 2026-03-18 16:33:04,574] Trial 32 pruned. 
[I 2026-03-18 16:33:04,778] Trial 25 finished with value: -0.44456373279677824 and parameters: {'n_layers_yyx': 1, 'hidden_size_yyx_l0': 5, 'context_size_yyx': 4, 'num_mix_components_yyx': 2, 'context_extractor_yyx': 'lstm', 'activation_func_yyx': 'Tanh', 'L2_weight_yyx': 2.7990122629666815e-05, 'L_entropy_weight_yyx': 2.3249295680369946e-09, 'L_sep_weight_yyx': 5.290185197872457e-07, 'L_scale_weight_yyx': 1.7496276210512415e-08, 'learning_rate_yyx': 0.003888363497525448}. Best is trial 25 with value: -0.44456373279677824.
[I 2026-03-18 16:33:05,474] Trial 35 pruned. 
[I 2026-03-18 16:33:05,515] Trial 17 pruned. 
[I 2026-03-18 16:33:05,904] Trial 19 pruned. 
[I 2026-03-18 16:33:07,271] Trial 18 finished with value: -0.39296994046899186 and parameters: {'n_layers_yyx': 1, 'hidden_size_yyx_l0': 5, 'context_size_yyx': 2, 'num_mix_components_yyx': 1, 'context_extractor_yyx': 'gru', 'activation_func_yyx': 'GELU', 'L2_weight_yyx': 1.0352314528840727e-10, 'L_entropy_weight_yyx': 4.154549571490943e-06, 'L_sep_weight_yyx': 3.099209040312409e-08, 'L_scale_weight_yyx': 0.00013446642619001974, 'learning_rate_yyx': 0.0007851159436484862}. Best is trial 2 with value: -0.4289537553816757.
[I 2026-03-18 16:33:07,648] Trial 10 finished with value: -0.38793279216754545 and parameters: {'n_layers_yyx': 2, 'hidden_size_yyx_l0': 3, 'hidden_size_yyx_l1': 2, 'context_size_yyx': 2, 'num_mix_components_yyx': 2, 'context_extractor_yyx': 'gru', 'activation_func_yyx': 'Tanh', 'L2_weight_yyx': 1.3545410358400836e-08, 'L_entropy_weight_yyx': 7.815160354045073e-05, 'L_sep_weight_yyx': 6.092671358543268e-06, 'L_scale_weight_yyx': 3.1523944372765225e-06, 'learning_rate_yyx': 0.0015059827674472758}. Best is trial 9 with value: -0.430995315221072.
[I 2026-03-18 16:33:09,173] Trial 27 pruned. 
[I 2026-03-18 16:33:09,390] Trial 20 pruned. 
[I 2026-03-18 16:33:10,627] Trial 29 finished with value: -0.4226142717957866 and parameters: {'n_layers_yyx': 2, 'hidden_size_yyx_l0': 3, 'hidden_size_yyx_l1': 3, 'context_size_yyx': 3, 'num_mix_components_yyx': 4, 'context_extractor_yyx': 'gru', 'activation_func_yyx': 'Tanh', 'L2_weight_yyx': 3.4262924365154217e-09, 'L_entropy_weight_yyx': 1.5290078547082515e-10, 'L_sep_weight_yyx': 6.727503432074349e-07, 'L_scale_weight_yyx': 6.143663278880703e-10, 'learning_rate_yyx': 0.009849191807149148}. Best is trial 28 with value: -0.4286294943038893.
[I 2026-03-18 16:33:10,934] Trial 19 pruned. 
[I 2026-03-18 16:33:11,386] Trial 33 pruned. 
[I 2026-03-18 16:33:11,506] Trial 11 pruned. 
[I 2026-03-18 16:33:11,804] Trial 36 pruned. 
[I 2026-03-18 16:33:13,323] Trial 1 finished with value: -2.7889067289265905 and parameters: {'n_layers_yyx': 1, 'hidden_size_yyx_l0': 3, 'context_size_yyx': 2, 'num_mix_components_yyx': 5, 'context_extractor_yyx': 'gru', 'activation_func_yyx': 'GELU', 'L2_weight_yyx': 4.6507219691485967e-10, 'L_entropy_weight_yyx': 4.8443688949527544e-05, 'L_sep_weight_yyx': 3.837510403881629e-10, 'L_scale_weight_yyx': 3.226544849779207e-06, 'learning_rate_yyx': 0.0016592328843611625}. Best is trial 0 with value: -2.792252838699443.
[I 2026-03-18 16:33:15,265] Trial 33 finished with value: -0.4275962428042763 and parameters: {'n_layers_yyx': 2, 'hidden_size_yyx_l0': 2, 'hidden_size_yyx_l1': 4, 'context_size_yyx': 4, 'num_mix_components_yyx': 2, 'context_extractor_yyx': 'gru', 'activation_func_yyx': 'Tanh', 'L2_weight_yyx': 1.1828444442181195e-10, 'L_entropy_weight_yyx': 2.733785320618532e-07, 'L_sep_weight_yyx': 1.0119559357443889e-10, 'L_scale_weight_yyx': 3.9034954462758395e-07, 'learning_rate_yyx': 0.006793156256809028}. Best is trial 27 with value: -0.4490980969124903.
[I 2026-03-18 16:33:17,230] Trial 30 pruned. 
[I 2026-03-18 16:33:17,497] Trial 20 pruned. 
[I 2026-03-18 16:33:17,565] Trial 27 finished with value: -0.4054274426156153 and parameters: {'n_layers_yyx': 2, 'hidden_size_yyx_l0': 5, 'hidden_size_yyx_l1': 6, 'context_size_yyx': 2, 'num_mix_components_yyx': 5, 'context_extractor_yyx': 'lstm', 'activation_func_yyx': 'Tanh', 'L2_weight_yyx': 0.00016903538549686126, 'L_entropy_weight_yyx': 5.815748967842099e-10, 'L_sep_weight_yyx': 4.941591626716561e-05, 'L_scale_weight_yyx': 4.731304204500469e-06, 'learning_rate_yyx': 0.0023279302707316304}. Best is trial 7 with value: -0.44963234349300985.
[I 2026-03-18 16:33:17,761] Trial 34 pruned. 
[I 2026-03-18 16:33:18,428] Trial 28 finished with value: -0.4153360183763061 and parameters: {'n_layers_yyx': 2, 'hidden_size_yyx_l0': 4, 'hidden_size_yyx_l1': 4, 'context_size_yyx': 2, 'num_mix_components_yyx': 2, 'context_extractor_yyx': 'lstm', 'activation_func_yyx': 'Tanh', 'L2_weight_yyx': 7.77920792513298e-08, 'L_entropy_weight_yyx': 1.7976102903773155e-07, 'L_sep_weight_yyx': 8.140660336780286e-05, 'L_scale_weight_yyx': 7.452903931312723e-09, 'learning_rate_yyx': 0.0015908374487812928}. Best is trial 28 with value: -0.4153360183763061.
[I 2026-03-18 16:33:18,673] Trial 34 pruned. 
[I 2026-03-18 16:33:18,821] Trial 12 pruned. 
[I 2026-03-18 16:33:20,751] Trial 35 pruned. 
[I 2026-03-18 16:33:20,880] Trial 21 pruned. 
[I 2026-03-18 16:33:20,928] Trial 26 pruned. 
[I 2026-03-18 16:33:24,132] Trial 28 pruned. 
[I 2026-03-18 16:33:24,721] Trial 1 finished with value: -2.77191214725889 and parameters: {'n_layers_yyx': 2, 'hidden_size_yyx_l0': 2, 'hidden_size_yyx_l1': 2, 'context_size_yyx': 3, 'num_mix_components_yyx': 5, 'context_extractor_yyx': 'gru', 'activation_func_yyx': 'GELU', 'L2_weight_yyx': 7.662658982213315e-10, 'L_entropy_weight_yyx': 5.586943192910718e-07, 'L_sep_weight_yyx': 3.291961946731513e-05, 'L_scale_weight_yyx': 1.7241615373283065e-05, 'learning_rate_yyx': 0.0005818977205514962}. Best is trial 0 with value: -2.791594042385921.
[I 2026-03-18 16:33:24,752] Trial 24 finished with value: -0.41350227096132447 and parameters: {'n_layers_yyx': 1, 'hidden_size_yyx_l0': 4, 'context_size_yyx': 3, 'num_mix_components_yyx': 4, 'context_extractor_yyx': 'lstm', 'activation_func_yyx': 'ReLU', 'L2_weight_yyx': 2.1369457533735196e-06, 'L_entropy_weight_yyx': 6.806785397844092e-10, 'L_sep_weight_yyx': 1.1550232577010986e-07, 'L_scale_weight_yyx': 5.10664606277953e-10, 'learning_rate_yyx': 0.009567765444529003}. Best is trial 23 with value: -0.4237596257921343.
[I 2026-03-18 16:33:24,792] Trial 29 pruned. 
[I 2026-03-18 16:33:25,506] Trial 21 pruned. 
[I 2026-03-18 16:33:25,537] Trial 13 pruned. 
[I 2026-03-18 16:33:26,382] Trial 22 pruned. 
[I 2026-03-18 16:33:27,238] Trial 36 pruned. 
[I 2026-03-18 16:33:27,663] Trial 25 pruned. 
[I 2026-03-18 16:33:27,691] Trial 4 finished with value: -2.801406152327738 and parameters: {'n_layers_yyx': 1, 'hidden_size_yyx_l0': 6, 'context_size_yyx': 4, 'num_mix_components_yyx': 4, 'context_extractor_yyx': 'lstm', 'activation_func_yyx': 'ReLU', 'L2_weight_yyx': 5.222260261422739e-07, 'L_entropy_weight_yyx': 0.0002189884633804979, 'L_sep_weight_yyx': 7.039952103823046e-09, 'L_scale_weight_yyx': 4.823483604892239e-06, 'learning_rate_yyx': 0.006319361753814144}. Best is trial 4 with value: -2.801406152327738.
[I 2026-03-18 16:33:27,867] Trial 4 finished with value: -2.782491554706822 and parameters: {'n_layers_yyx': 2, 'hidden_size_yyx_l0': 3, 'hidden_size_yyx_l1': 2, 'context_size_yyx': 3, 'num_mix_components_yyx': 3, 'context_extractor_yyx': 'lstm', 'activation_func_yyx': 'Tanh', 'L2_weight_yyx': 1.7867869264550208e-07, 'L_entropy_weight_yyx': 1.08070852786083e-10, 'L_sep_weight_yyx': 1.0512939965214977e-07, 'L_scale_weight_yyx': 5.374726187262936e-06, 'learning_rate_yyx': 0.004096824656021659}. Best is trial 4 with value: -2.782491554706822.
[I 2026-03-18 16:33:27,904] Trial 27 pruned. 
[I 2026-03-18 16:33:29,198] Trial 14 pruned. 
[I 2026-03-18 16:33:29,707] Trial 23 pruned. 
[I 2026-03-18 16:33:30,086] Trial 26 finished with value: -0.42803662184960334 and parameters: {'n_layers_yyx': 2, 'hidden_size_yyx_l0': 3, 'hidden_size_yyx_l1': 6, 'context_size_yyx': 2, 'num_mix_components_yyx': 1, 'context_extractor_yyx': 'lstm', 'activation_func_yyx': 'Tanh', 'L2_weight_yyx': 3.714462287474147e-09, 'L_entropy_weight_yyx': 9.788619978218095e-06, 'L_sep_weight_yyx': 2.6476341967779543e-06, 'L_scale_weight_yyx': 0.0006895888566748539, 'learning_rate_yyx': 0.006968556322733257}. Best is trial 1 with value: -0.43281404005115615.
[I 2026-03-18 16:33:30,372] Trial 37 pruned. 
[I 2026-03-18 16:33:30,931] Trial 26 pruned. 
[I 2026-03-18 16:33:32,863] Trial 24 pruned. 
[I 2026-03-18 16:33:32,949] Trial 31 pruned. 
[I 2026-03-18 16:33:33,324] Trial 27 pruned. 
[I 2026-03-18 16:33:33,450] Trial 26 finished with value: -0.4162433730559452 and parameters: {'n_layers_yyx': 2, 'hidden_size_yyx_l0': 4, 'hidden_size_yyx_l1': 5, 'context_size_yyx': 4, 'num_mix_components_yyx': 1, 'context_extractor_yyx': 'lstm', 'activation_func_yyx': 'GELU', 'L2_weight_yyx': 1.8230994875710185e-05, 'L_entropy_weight_yyx': 5.208784241783388e-07, 'L_sep_weight_yyx': 1.2669047958497086e-08, 'L_scale_weight_yyx': 0.00010703269967149006, 'learning_rate_yyx': 0.0015860286314047056}. Best is trial 9 with value: -0.4271615326589106.
[I 2026-03-18 16:33:33,889] Trial 28 pruned. 
[I 2026-03-18 16:33:34,074] Trial 2 finished with value: -2.802563464577197 and parameters: {'n_layers_yyx': 2, 'hidden_size_yyx_l0': 6, 'hidden_size_yyx_l1': 5, 'context_size_yyx': 4, 'num_mix_components_yyx': 2, 'context_extractor_yyx': 'lstm', 'activation_func_yyx': 'GELU', 'L2_weight_yyx': 6.932654226877424e-07, 'L_entropy_weight_yyx': 5.480798408463648e-10, 'L_sep_weight_yyx': 4.215059627676233e-07, 'L_scale_weight_yyx': 3.2869678554024926e-05, 'learning_rate_yyx': 0.001196114024090342}. Best is trial 2 with value: -2.802563464577197.
[I 2026-03-18 16:33:34,937] Trial 1 finished with value: -2.7682212875457948 and parameters: {'n_layers_yyx': 2, 'hidden_size_yyx_l0': 2, 'hidden_size_yyx_l1': 4, 'context_size_yyx': 3, 'num_mix_components_yyx': 3, 'context_extractor_yyx': 'lstm', 'activation_func_yyx': 'ReLU', 'L2_weight_yyx': 1.2002425150511416e-10, 'L_entropy_weight_yyx': 1.7073765861125894e-10, 'L_sep_weight_yyx': 2.64314131835921e-07, 'L_scale_weight_yyx': 2.6806657968205297e-05, 'learning_rate_yyx': 0.0005072540469574487}. Best is trial 0 with value: -2.782248579189629.
[I 2026-03-18 16:33:36,049] Trial 25 pruned. 
[I 2026-03-18 16:33:36,727] Trial 28 pruned. 
[I 2026-03-18 16:33:36,839] Trial 27 pruned. 
[I 2026-03-18 16:33:37,193] Trial 29 pruned. 
[I 2026-03-18 16:33:37,219] Trial 27 pruned. 
[I 2026-03-18 16:33:39,752] Trial 30 pruned. 
[I 2026-03-18 16:33:40,444] Trial 28 pruned. 
[I 2026-03-18 16:33:43,400] Trial 31 pruned. 
[I 2026-03-18 16:33:43,876] Trial 29 pruned. 
[I 2026-03-18 16:33:45,672] Trial 22 finished with value: -0.4286539178145559 and parameters: {'n_layers_yyx': 2, 'hidden_size_yyx_l0': 6, 'hidden_size_yyx_l1': 4, 'context_size_yyx': 4, 'num_mix_components_yyx': 5, 'context_extractor_yyx': 'lstm', 'activation_func_yyx': 'Tanh', 'L2_weight_yyx': 3.347278510568003e-09, 'L_entropy_weight_yyx': 1.010711061487008e-09, 'L_sep_weight_yyx': 8.598177526160803e-05, 'L_scale_weight_yyx': 0.00013554533393745626, 'learning_rate_yyx': 0.00366962965161795}. Best is trial 5 with value: -0.44982475540586303.
[I 2026-03-18 16:33:45,731] Trial 29 finished with value: -0.3956407009632595 and parameters: {'n_layers_yyx': 1, 'hidden_size_yyx_l0': 6, 'context_size_yyx': 1, 'num_mix_components_yyx': 4, 'context_extractor_yyx': 'gru', 'activation_func_yyx': 'ReLU', 'L2_weight_yyx': 1.204997935690123e-07, 'L_entropy_weight_yyx': 1.22959104402649e-08, 'L_sep_weight_yyx': 1.8861044681134125e-07, 'L_scale_weight_yyx': 4.887964953050606e-07, 'learning_rate_yyx': 0.008537897449657524}. Best is trial 17 with value: -0.46708542200803016.
[I 2026-03-18 16:33:46,663] Trial 4 finished with value: -2.7877676078485516 and parameters: {'n_layers_yyx': 2, 'hidden_size_yyx_l0': 4, 'hidden_size_yyx_l1': 3, 'context_size_yyx': 2, 'num_mix_components_yyx': 1, 'context_extractor_yyx': 'gru', 'activation_func_yyx': 'ReLU', 'L2_weight_yyx': 8.112010103860632e-06, 'L_entropy_weight_yyx': 6.351311229087044e-09, 'L_sep_weight_yyx': 0.00012716371763783183, 'L_scale_weight_yyx': 3.1380317602033564e-06, 'learning_rate_yyx': 0.0028572082759884708}. Best is trial 1 with value: -2.804181999864486.
[I 2026-03-18 16:33:47,097] Trial 32 pruned. 
[I 2026-03-18 16:33:49,090] Trial 30 pruned. 
[I 2026-03-18 16:33:50,659] Trial 30 pruned. 
[I 2026-03-18 16:33:51,772] Trial 28 pruned. 
[I 2026-03-18 16:33:51,777] Trial 26 pruned. 
[I 2026-03-18 16:33:53,316] Trial 29 pruned. 
[I 2026-03-18 16:33:53,589] Trial 30 pruned. 
[I 2026-03-18 16:33:54,329] Trial 37 pruned. 
[I 2026-03-18 16:33:54,592] Trial 5 pruned. 
[I 2026-03-18 16:33:55,079] Trial 27 pruned. 
[I 2026-03-18 16:33:55,141] Trial 2 finished with value: -2.7794673659371933 and parameters: {'n_layers_yyx': 2, 'hidden_size_yyx_l0': 5, 'hidden_size_yyx_l1': 3, 'context_size_yyx': 2, 'num_mix_components_yyx': 2, 'context_extractor_yyx': 'lstm', 'activation_func_yyx': 'ReLU', 'L2_weight_yyx': 5.779810629824056e-09, 'L_entropy_weight_yyx': 2.7339300414256453e-06, 'L_sep_weight_yyx': 1.8392715794787052e-07, 'L_scale_weight_yyx': 4.729717194686176e-09, 'learning_rate_yyx': 0.0008582038583366706}. Best is trial 1 with value: -2.8010403323029167.
[I 2026-03-18 16:33:55,306] Trial 38 finished with value: -0.37554527731502757 and parameters: {'n_layers_yyx': 2, 'hidden_size_yyx_l0': 5, 'hidden_size_yyx_l1': 6, 'context_size_yyx': 2, 'num_mix_components_yyx': 4, 'context_extractor_yyx': 'gru', 'activation_func_yyx': 'Tanh', 'L2_weight_yyx': 1.6651341387470238e-05, 'L_entropy_weight_yyx': 0.0001546456481217231, 'L_sep_weight_yyx': 6.027559530788166e-05, 'L_scale_weight_yyx': 4.8040395440807235e-06, 'learning_rate_yyx': 0.002085124645097512}. Best is trial 4 with value: -0.43761569280004353.
[I 2026-03-18 16:33:55,390] Trial 18 finished with value: -0.42921083999492066 and parameters: {'n_layers_yyx': 1, 'hidden_size_yyx_l0': 3, 'context_size_yyx': 3, 'num_mix_components_yyx': 2, 'context_extractor_yyx': 'lstm', 'activation_func_yyx': 'GELU', 'L2_weight_yyx': 1.8499939689228975e-06, 'L_entropy_weight_yyx': 5.733221495317705e-06, 'L_sep_weight_yyx': 5.092279861831575e-05, 'L_scale_weight_yyx': 2.8414762766881835e-05, 'learning_rate_yyx': 0.006261721610703896}. Best is trial 1 with value: -0.45911608244243424.
[I 2026-03-18 16:33:57,737] Trial 38 pruned. 
[I 2026-03-18 16:33:58,607] Trial 29 pruned. 
[I 2026-03-18 16:33:58,896] Trial 39 pruned. 
[I 2026-03-18 16:33:59,782] Trial 32 finished with value: -0.4032989596434791 and parameters: {'n_layers_yyx': 2, 'hidden_size_yyx_l0': 4, 'hidden_size_yyx_l1': 3, 'context_size_yyx': 3, 'num_mix_components_yyx': 3, 'context_extractor_yyx': 'gru', 'activation_func_yyx': 'Tanh', 'L2_weight_yyx': 5.156914424457133e-09, 'L_entropy_weight_yyx': 7.975082046464784e-10, 'L_sep_weight_yyx': 7.334790121988956e-07, 'L_scale_weight_yyx': 2.736446678693977e-10, 'learning_rate_yyx': 0.007390118337429674}. Best is trial 28 with value: -0.4286294943038893.
[I 2026-03-18 16:34:00,237] Trial 30 pruned. 
[I 2026-03-18 16:34:01,794] Trial 35 finished with value: -0.4510425295992163 and parameters: {'n_layers_yyx': 2, 'hidden_size_yyx_l0': 3, 'hidden_size_yyx_l1': 3, 'context_size_yyx': 4, 'num_mix_components_yyx': 2, 'context_extractor_yyx': 'gru', 'activation_func_yyx': 'Tanh', 'L2_weight_yyx': 4.973723859553285e-09, 'L_entropy_weight_yyx': 3.801229769083059e-08, 'L_sep_weight_yyx': 4.118824451066714e-09, 'L_scale_weight_yyx': 1.6921235106671539e-06, 'learning_rate_yyx': 0.006730803397955583}. Best is trial 35 with value: -0.4510425295992163.
[I 2026-03-18 16:34:01,984] Trial 30 pruned. 
[I 2026-03-18 16:34:02,252] Trial 28 pruned. 
[I 2026-03-18 16:34:02,397] Trial 40 pruned. 
[I 2026-03-18 16:34:02,421] Trial 23 pruned. 
[I 2026-03-18 16:34:02,794] Trial 33 pruned. 
[I 2026-03-18 16:34:03,040] Trial 33 pruned. 
[I 2026-03-18 16:34:03,067] Trial 28 finished with value: -0.4440207939029847 and parameters: {'n_layers_yyx': 1, 'hidden_size_yyx_l0': 6, 'context_size_yyx': 3, 'num_mix_components_yyx': 4, 'context_extractor_yyx': 'lstm', 'activation_func_yyx': 'Tanh', 'L2_weight_yyx': 1.7324719441406098e-06, 'L_entropy_weight_yyx': 3.2299291403255194e-08, 'L_sep_weight_yyx': 3.9617127120493845e-08, 'L_scale_weight_yyx': 1.3016566753427932e-08, 'learning_rate_yyx': 0.003257959243175042}. Best is trial 7 with value: -0.44963234349300985.
[I 2026-03-18 16:34:03,211] Trial 6 pruned. 
[I 2026-03-18 16:34:05,049] Trial 36 pruned. 
[I 2026-03-18 16:34:05,096] Trial 31 pruned. 
[I 2026-03-18 16:34:05,739] Trial 29 pruned. 
[I 2026-03-18 16:34:06,802] Trial 34 pruned. 
[I 2026-03-18 16:34:06,807] Trial 29 pruned. 
[I 2026-03-18 16:34:09,145] Trial 24 pruned. 
[I 2026-03-18 16:34:09,156] Trial 32 pruned. 
[I 2026-03-18 16:34:09,427] Trial 41 pruned. 
[I 2026-03-18 16:34:12,394] Trial 37 pruned. 
[I 2026-03-18 16:34:12,809] Trial 19 pruned. 
[I 2026-03-18 16:34:13,383] Trial 35 pruned. 
[I 2026-03-18 16:34:14,823] Trial 15 finished with value: -0.39276231700790926 and parameters: {'n_layers_yyx': 2, 'hidden_size_yyx_l0': 6, 'hidden_size_yyx_l1': 2, 'context_size_yyx': 2, 'num_mix_components_yyx': 2, 'context_extractor_yyx': 'gru', 'activation_func_yyx': 'Tanh', 'L2_weight_yyx': 6.905790873296471e-09, 'L_entropy_weight_yyx': 6.854564045047547e-10, 'L_sep_weight_yyx': 1.6955276250786067e-10, 'L_scale_weight_yyx': 1.0140003000244699e-10, 'learning_rate_yyx': 0.009929371790952891}. Best is trial 9 with value: -0.430995315221072.
[I 2026-03-18 16:34:15,767] Trial 42 pruned. 
[I 2026-03-18 16:34:15,816] Trial 33 pruned. 
[I 2026-03-18 16:34:16,235] Trial 31 pruned. 
[I 2026-03-18 16:34:17,062] Trial 39 finished with value: -0.38598665881083105 and parameters: {'n_layers_yyx': 2, 'hidden_size_yyx_l0': 5, 'hidden_size_yyx_l1': 5, 'context_size_yyx': 3, 'num_mix_components_yyx': 4, 'context_extractor_yyx': 'gru', 'activation_func_yyx': 'GELU', 'L2_weight_yyx': 7.414962589356709e-08, 'L_entropy_weight_yyx': 0.00011735301386314875, 'L_sep_weight_yyx': 2.1730385438870275e-09, 'L_scale_weight_yyx': 1.6344857425308867e-07, 'learning_rate_yyx': 0.005641970340729641}. Best is trial 1 with value: -0.44267641427716237.
[I 2026-03-18 16:34:18,255] Trial 1 finished with value: -2.7875097976172194 and parameters: {'n_layers_yyx': 1, 'hidden_size_yyx_l0': 2, 'context_size_yyx': 3, 'num_mix_components_yyx': 3, 'context_extractor_yyx': 'gru', 'activation_func_yyx': 'ReLU', 'L2_weight_yyx': 0.0005035365099848565, 'L_entropy_weight_yyx': 9.706422643376533e-08, 'L_sep_weight_yyx': 1.216630557374157e-09, 'L_scale_weight_yyx': 1.769670379456067e-10, 'learning_rate_yyx': 0.0006653817176739834}. Best is trial 0 with value: -2.79162831599355.
[I 2026-03-18 16:34:18,552] Trial 16 pruned. 
[I 2026-03-18 16:34:19,037] Trial 43 pruned. 
[I 2026-03-18 16:34:19,442] Trial 34 pruned. 
[I 2026-03-18 16:34:19,814] Trial 32 pruned. 
[I 2026-03-18 16:34:22,876] Trial 30 pruned. 
[I 2026-03-18 16:34:23,306] Trial 31 finished with value: -0.40450771083772735 and parameters: {'n_layers_yyx': 1, 'hidden_size_yyx_l0': 4, 'context_size_yyx': 4, 'num_mix_components_yyx': 2, 'context_extractor_yyx': 'lstm', 'activation_func_yyx': 'ReLU', 'L2_weight_yyx': 0.0009793272047254663, 'L_entropy_weight_yyx': 7.728068143699312e-09, 'L_sep_weight_yyx': 4.0159428172741607e-07, 'L_scale_weight_yyx': 3.207069973258423e-10, 'learning_rate_yyx': 0.008225615541922627}. Best is trial 25 with value: -0.44456373279677824.
[I 2026-03-18 16:34:24,141] Trial 3 pruned. 
[I 2026-03-18 16:34:24,973] Trial 25 pruned. 
[I 2026-03-18 16:34:25,344] Trial 17 pruned. 
[I 2026-03-18 16:34:25,467] Trial 44 pruned. 
[I 2026-03-18 16:34:26,449] Trial 32 pruned. 
[I 2026-03-18 16:34:28,639] Trial 38 pruned. 
[I 2026-03-18 16:34:29,057] Trial 31 pruned. 
[I 2026-03-18 16:34:29,831] Trial 36 pruned. 
[I 2026-03-18 16:34:29,874] Trial 33 pruned. 
[I 2026-03-18 16:34:31,663] Trial 4 finished with value: -2.7871850717862188 and parameters: {'n_layers_yyx': 1, 'hidden_size_yyx_l0': 3, 'context_size_yyx': 1, 'num_mix_components_yyx': 1, 'context_extractor_yyx': 'gru', 'activation_func_yyx': 'GELU', 'L2_weight_yyx': 1.8607351485620405e-08, 'L_entropy_weight_yyx': 1.1019233444218889e-05, 'L_sep_weight_yyx': 0.0005604500787286932, 'L_scale_weight_yyx': 1.7402535621568365e-08, 'learning_rate_yyx': 0.0012267611395906032}. Best is trial 2 with value: -2.799719036396502.
[I 2026-03-18 16:34:31,924] Trial 10 finished with value: -2.801940448544377 and parameters: {'n_layers_yyx': 2, 'hidden_size_yyx_l0': 6, 'hidden_size_yyx_l1': 2, 'context_size_yyx': 4, 'num_mix_components_yyx': 1, 'context_extractor_yyx': 'gru', 'activation_func_yyx': 'GELU', 'L2_weight_yyx': 0.0009401191955204068, 'L_entropy_weight_yyx': 4.180945948479245e-08, 'L_sep_weight_yyx': 4.241022692045601e-08, 'L_scale_weight_yyx': 2.9682744202618857e-08, 'learning_rate_yyx': 0.009666353046448889}. Best is trial 0 with value: -2.8067502106217272.
[I 2026-03-18 16:34:32,071] Trial 18 pruned. 
[I 2026-03-18 16:34:32,453] Trial 39 pruned. 
[I 2026-03-18 16:34:32,473] Trial 34 pruned. 
[I 2026-03-18 16:34:33,931] Trial 40 pruned. 
[I 2026-03-18 16:34:35,365] Trial 33 pruned. 
[I 2026-03-18 16:34:35,559] Trial 32 pruned. 
[I 2026-03-18 16:34:35,799] Trial 31 pruned. 
[I 2026-03-18 16:34:35,947] Trial 40 pruned. 
[I 2026-03-18 16:34:36,818] Trial 34 pruned. 
[I 2026-03-18 16:34:39,664] Trial 35 pruned. 
[I 2026-03-18 16:34:39,697] Trial 32 pruned. 
[I 2026-03-18 16:34:39,705] Trial 41 pruned. 
[I 2026-03-18 16:34:40,499] Trial 11 pruned. 
[I 2026-03-18 16:34:40,740] Trial 30 finished with value: -0.42045871982633515 and parameters: {'n_layers_yyx': 1, 'hidden_size_yyx_l0': 6, 'context_size_yyx': 2, 'num_mix_components_yyx': 3, 'context_extractor_yyx': 'lstm', 'activation_func_yyx': 'Tanh', 'L2_weight_yyx': 2.2293713702015887e-09, 'L_entropy_weight_yyx': 1.1585131607043962e-09, 'L_sep_weight_yyx': 4.5485010599876904e-07, 'L_scale_weight_yyx': 0.00027632568640374657, 'learning_rate_yyx': 0.007689357492265808}. Best is trial 2 with value: -0.4289537553816757.
[I 2026-03-18 16:34:41,457] Trial 41 pruned. 
[I 2026-03-18 16:34:41,747] Trial 35 finished with value: -0.38840000400602265 and parameters: {'n_layers_yyx': 2, 'hidden_size_yyx_l0': 4, 'hidden_size_yyx_l1': 3, 'context_size_yyx': 3, 'num_mix_components_yyx': 4, 'context_extractor_yyx': 'gru', 'activation_func_yyx': 'Tanh', 'L2_weight_yyx': 5.4962378474436105e-08, 'L_entropy_weight_yyx': 1.2161071215106781e-09, 'L_sep_weight_yyx': 1.812258368274639e-07, 'L_scale_weight_yyx': 1.570414275328189e-08, 'learning_rate_yyx': 0.006690000674126697}. Best is trial 28 with value: -0.4286294943038893.
[I 2026-03-18 16:34:41,752] Trial 26 pruned. 
[I 2026-03-18 16:34:42,283] Trial 34 pruned. 
[I 2026-03-18 16:34:44,716] Trial 37 pruned. 
[I 2026-03-18 16:34:45,588] Trial 36 pruned. 
[I 2026-03-18 16:34:45,726] Trial 35 pruned. 
[I 2026-03-18 16:34:48,202] Trial 38 pruned. 
[I 2026-03-18 16:34:49,427] Trial 12 pruned. 
[I 2026-03-18 16:34:50,154] Trial 20 finished with value: -0.4276414995223007 and parameters: {'n_layers_yyx': 2, 'hidden_size_yyx_l0': 5, 'hidden_size_yyx_l1': 4, 'context_size_yyx': 1, 'num_mix_components_yyx': 4, 'context_extractor_yyx': 'lstm', 'activation_func_yyx': 'GELU', 'L2_weight_yyx': 0.0009699593961500789, 'L_entropy_weight_yyx': 7.92261058562627e-07, 'L_sep_weight_yyx': 2.2843433242008734e-05, 'L_scale_weight_yyx': 5.514187438248469e-07, 'learning_rate_yyx': 0.009959159878537193}. Best is trial 1 with value: -0.45911608244243424.
[I 2026-03-18 16:34:51,506] Trial 39 pruned. 
[I 2026-03-18 16:34:51,996] Trial 36 pruned. 
[I 2026-03-18 16:34:52,112] Trial 37 pruned. 
[I 2026-03-18 16:34:54,345] Trial 2 finished with value: -2.7992022282419184 and parameters: {'n_layers_yyx': 2, 'hidden_size_yyx_l0': 3, 'hidden_size_yyx_l1': 3, 'context_size_yyx': 2, 'num_mix_components_yyx': 2, 'context_extractor_yyx': 'lstm', 'activation_func_yyx': 'ReLU', 'L2_weight_yyx': 2.539666128135038e-09, 'L_entropy_weight_yyx': 1.4315095110187679e-09, 'L_sep_weight_yyx': 1.8299992580849054e-08, 'L_scale_weight_yyx': 2.2300524966544706e-07, 'learning_rate_yyx': 0.0020013129952307614}. Best is trial 1 with value: -2.8024164192943366.
[I 2026-03-18 16:34:55,934] Trial 36 pruned. 
[I 2026-03-18 16:34:56,337] Trial 33 pruned. 
[I 2026-03-18 16:34:57,152] Trial 31 finished with value: -0.42454080020680146 and parameters: {'n_layers_yyx': 1, 'hidden_size_yyx_l0': 3, 'context_size_yyx': 3, 'num_mix_components_yyx': 2, 'context_extractor_yyx': 'lstm', 'activation_func_yyx': 'ReLU', 'L2_weight_yyx': 1.1028928718211793e-08, 'L_entropy_weight_yyx': 1.1013926404298897e-10, 'L_sep_weight_yyx': 0.00020453046672804057, 'L_scale_weight_yyx': 8.343025939725533e-10, 'learning_rate_yyx': 0.005334647747325542}. Best is trial 9 with value: -0.4271615326589106.
[I 2026-03-18 16:34:57,875] Trial 13 pruned. 
[I 2026-03-18 16:34:57,991] Trial 27 pruned. 
[I 2026-03-18 16:34:58,891] Trial 38 pruned. 
[I 2026-03-18 16:35:00,476] Trial 32 pruned. 
[I 2026-03-18 16:35:02,692] Trial 3 pruned. 
[I 2026-03-18 16:35:03,094] Trial 34 pruned. 
[I 2026-03-18 16:35:05,030] Trial 33 finished with value: -0.44058718843725814 and parameters: {'n_layers_yyx': 2, 'hidden_size_yyx_l0': 5, 'hidden_size_yyx_l1': 5, 'context_size_yyx': 3, 'num_mix_components_yyx': 5, 'context_extractor_yyx': 'lstm', 'activation_func_yyx': 'Tanh', 'L2_weight_yyx': 1.4026127134982715e-05, 'L_entropy_weight_yyx': 1.0728735692927971e-10, 'L_sep_weight_yyx': 5.980695130181356e-07, 'L_scale_weight_yyx': 2.2762004661730627e-05, 'learning_rate_yyx': 0.00414987239822084}. Best is trial 7 with value: -0.44963234349300985.
[I 2026-03-18 16:35:06,864] Trial 21 pruned. 
[I 2026-03-18 16:35:06,891] Trial 42 finished with value: -0.43303375716548953 and parameters: {'n_layers_yyx': 2, 'hidden_size_yyx_l0': 2, 'hidden_size_yyx_l1': 4, 'context_size_yyx': 4, 'num_mix_components_yyx': 2, 'context_extractor_yyx': 'gru', 'activation_func_yyx': 'Tanh', 'L2_weight_yyx': 3.8552715364828245e-10, 'L_entropy_weight_yyx': 9.879417500857718e-07, 'L_sep_weight_yyx': 1.6567001463532452e-09, 'L_scale_weight_yyx': 8.427541151699626e-07, 'learning_rate_yyx': 0.008322111237606525}. Best is trial 35 with value: -0.4510425295992163.
[I 2026-03-18 16:35:06,968] Trial 33 pruned. 
[I 2026-03-18 16:35:09,522] Trial 2 finished with value: -2.6536894017943036 and parameters: {'n_layers_yyx': 2, 'hidden_size_yyx_l0': 6, 'hidden_size_yyx_l1': 3, 'context_size_yyx': 2, 'num_mix_components_yyx': 1, 'context_extractor_yyx': 'gru', 'activation_func_yyx': 'Tanh', 'L2_weight_yyx': 4.070552569961928e-06, 'L_entropy_weight_yyx': 2.2982416147276927e-10, 'L_sep_weight_yyx': 0.0004811289977534373, 'L_scale_weight_yyx': 2.682397237116884e-05, 'learning_rate_yyx': 0.0018975803558887955}. Best is trial 0 with value: -2.792252838699443.
[I 2026-03-18 16:35:09,785] Trial 45 pruned. 
[I 2026-03-18 16:35:10,393] Trial 34 pruned. 
[I 2026-03-18 16:35:11,913] Trial 35 finished with value: -0.43290918308883997 and parameters: {'n_layers_yyx': 1, 'hidden_size_yyx_l0': 5, 'context_size_yyx': 3, 'num_mix_components_yyx': 2, 'context_extractor_yyx': 'lstm', 'activation_func_yyx': 'Tanh', 'L2_weight_yyx': 0.0001434189014044708, 'L_entropy_weight_yyx': 1.0608209833968359e-07, 'L_sep_weight_yyx': 3.6380579965065607e-07, 'L_scale_weight_yyx': 2.668526217932526e-10, 'learning_rate_yyx': 0.007168221465630721}. Best is trial 25 with value: -0.44456373279677824.
[I 2026-03-18 16:35:12,553] Trial 37 pruned. 
[I 2026-03-18 16:35:12,955] Trial 46 pruned. 
[I 2026-03-18 16:35:14,550] Trial 31 finished with value: -0.41957928447900544 and parameters: {'n_layers_yyx': 1, 'hidden_size_yyx_l0': 6, 'context_size_yyx': 2, 'num_mix_components_yyx': 3, 'context_extractor_yyx': 'lstm', 'activation_func_yyx': 'Tanh', 'L2_weight_yyx': 1.3057884171724395e-09, 'L_entropy_weight_yyx': 1.0686150883126912e-09, 'L_sep_weight_yyx': 5.899886554390841e-07, 'L_scale_weight_yyx': 0.00035120698875333166, 'learning_rate_yyx': 0.007917888653855973}. Best is trial 2 with value: -0.4289537553816757.
[I 2026-03-18 16:35:16,419] Trial 38 pruned. 
[I 2026-03-18 16:35:16,535] Trial 47 pruned. 
[I 2026-03-18 16:35:16,768] Trial 42 finished with value: -0.39439226746928213 and parameters: {'n_layers_yyx': 2, 'hidden_size_yyx_l0': 3, 'hidden_size_yyx_l1': 6, 'context_size_yyx': 4, 'num_mix_components_yyx': 2, 'context_extractor_yyx': 'gru', 'activation_func_yyx': 'Tanh', 'L2_weight_yyx': 1.5448745016821005e-08, 'L_entropy_weight_yyx': 2.761730976449895e-06, 'L_sep_weight_yyx': 1.2566420118456227e-09, 'L_scale_weight_yyx': 2.408746734810573e-05, 'learning_rate_yyx': 0.003313550728850566}. Best is trial 1 with value: -0.44267641427716237.
[I 2026-03-18 16:35:17,937] Trial 35 pruned. 
[I 2026-03-18 16:35:18,864] Trial 19 pruned. 
[I 2026-03-18 16:35:19,049] Trial 36 pruned. 
[I 2026-03-18 16:35:19,272] Trial 35 pruned. 
[I 2026-03-18 16:35:19,566] Trial 39 pruned. 
[I 2026-03-18 16:35:20,017] Trial 37 finished with value: -0.3485604867846604 and parameters: {'n_layers_yyx': 2, 'hidden_size_yyx_l0': 2, 'hidden_size_yyx_l1': 5, 'context_size_yyx': 2, 'num_mix_components_yyx': 3, 'context_extractor_yyx': 'gru', 'activation_func_yyx': 'Tanh', 'L2_weight_yyx': 1.191979864788895e-09, 'L_entropy_weight_yyx': 4.418780645074346e-07, 'L_sep_weight_yyx': 1.15784085481065e-10, 'L_scale_weight_yyx': 0.00021823717015517335, 'learning_rate_yyx': 0.006128307139111346}. Best is trial 1 with value: -0.43281404005115615.
[I 2026-03-18 16:35:21,696] Trial 4 pruned. 
[I 2026-03-18 16:35:22,449] Trial 37 pruned. 
[I 2026-03-18 16:35:22,658] Trial 40 pruned. 
[I 2026-03-18 16:35:23,191] Trial 48 pruned. 
[I 2026-03-18 16:35:23,391] Trial 22 pruned. 
[I 2026-03-18 16:35:25,752] Trial 5 finished with value: -2.7926982429925804 and parameters: {'n_layers_yyx': 1, 'hidden_size_yyx_l0': 5, 'context_size_yyx': 3, 'num_mix_components_yyx': 1, 'context_extractor_yyx': 'lstm', 'activation_func_yyx': 'Tanh', 'L2_weight_yyx': 7.472299657997252e-06, 'L_entropy_weight_yyx': 1.38993346706161e-09, 'L_sep_weight_yyx': 9.763271151116501e-09, 'L_scale_weight_yyx': 2.6755424844706325e-10, 'learning_rate_yyx': 0.007438909056529706}. Best is trial 5 with value: -2.7926982429925804.
[I 2026-03-18 16:35:25,911] Trial 39 finished with value: -0.43937692553635355 and parameters: {'n_layers_yyx': 2, 'hidden_size_yyx_l0': 4, 'hidden_size_yyx_l1': 3, 'context_size_yyx': 4, 'num_mix_components_yyx': 4, 'context_extractor_yyx': 'gru', 'activation_func_yyx': 'Tanh', 'L2_weight_yyx': 1.009701104235812e-10, 'L_entropy_weight_yyx': 2.7600501978094966e-10, 'L_sep_weight_yyx': 2.4180653716725904e-06, 'L_scale_weight_yyx': 4.906305982396795e-10, 'learning_rate_yyx': 0.009931933757909541}. Best is trial 39 with value: -0.43937692553635355.
[I 2026-03-18 16:35:26,002] Trial 36 pruned. 
[I 2026-03-18 16:35:26,506] Trial 49 pruned. 

Source events: 1783
Target events: 3403
Full model ln_yyx : 10.87118 nats/sec, 2.87513 nats/event
Full model Log loss : -0.41403
Full model ln_yyx : 11.22000 nats/sec, 2.96738 nats/event
Full model Log loss : -0.35784
Full model ln_yyx : 11.38823 nats/sec, 3.01188 nats/event
Full model Log loss : -0.43762
Full model ln_yyx : 11.29552 nats/sec, 2.98736 nats/event
Full model Log loss : -0.42445
Full model ln_yyx : 11.41710 nats/sec, 3.01951 nats/event
Full model Log loss : -0.42998
Full model ln_yyx : 11.35527 nats/sec, 3.00316 nats/event
Full model Log loss : -0.37495
Full model ln_yyx : 11.52614 nats/sec, 3.04835 nats/event
Full model Log loss : -0.40995
Full model ln_yyx : 11.50434 nats/sec, 3.04258 nats/event
Full model Log loss : -0.37555
Optimization finished. Config saved to results/opt-full/opt_full_20_best_config.txt
[I 2026-03-18 16:35:27,937] Trial 40 finished with value: -0.4348042963459027 and parameters: {'n_layers_yyx': 2, 'hidden_size_yyx_l0': 5, 'hidden_size_yyx_l1': 4, 'context_size_yyx': 3, 'num_mix_components_yyx': 2, 'context_extractor_yyx': 'gru', 'activation_func_yyx': 'GELU', 'L2_weight_yyx': 6.979055311649675e-09, 'L_entropy_weight_yyx': 1.6636717807297577e-05, 'L_sep_weight_yyx': 6.36492120696773e-07, 'L_scale_weight_yyx': 1.3785537144467096e-06, 'learning_rate_yyx': 0.009404771033859786}. Best is trial 40 with value: -0.4348042963459027.
[I 2026-03-18 16:35:28,059] Trial 28 finished with value: -0.4072473484665248 and parameters: {'n_layers_yyx': 1, 'hidden_size_yyx_l0': 4, 'context_size_yyx': 3, 'num_mix_components_yyx': 4, 'context_extractor_yyx': 'lstm', 'activation_func_yyx': 'ReLU', 'L2_weight_yyx': 2.1065511710269833e-07, 'L_entropy_weight_yyx': 1.088643460688968e-10, 'L_sep_weight_yyx': 5.5758364278122506e-08, 'L_scale_weight_yyx': 0.0009600868811529811, 'learning_rate_yyx': 0.005862903608255952}. Best is trial 5 with value: -0.44982475540586303.
[I 2026-03-18 16:35:29,190] Trial 2 finished with value: -2.792062201645854 and parameters: {'n_layers_yyx': 2, 'hidden_size_yyx_l0': 5, 'hidden_size_yyx_l1': 2, 'context_size_yyx': 2, 'num_mix_components_yyx': 5, 'context_extractor_yyx': 'gru', 'activation_func_yyx': 'Tanh', 'L2_weight_yyx': 6.221211759722141e-07, 'L_entropy_weight_yyx': 0.0006669322040318735, 'L_sep_weight_yyx': 8.500651336753057e-10, 'L_scale_weight_yyx': 0.00010724352925476405, 'learning_rate_yyx': 0.008777633588598652}. Best is trial 1 with value: -2.8037735806844215.
[I 2026-03-18 16:35:29,473] Trial 37 pruned. 
[I 2026-03-18 16:35:29,980] Trial 3 finished with value: -2.7914248238200217 and parameters: {'n_layers_yyx': 1, 'hidden_size_yyx_l0': 6, 'context_size_yyx': 4, 'num_mix_components_yyx': 2, 'context_extractor_yyx': 'gru', 'activation_func_yyx': 'ReLU', 'L2_weight_yyx': 0.0006073627398889953, 'L_entropy_weight_yyx': 2.8555221232027617e-07, 'L_sep_weight_yyx': 0.0008050552507216723, 'L_scale_weight_yyx': 0.00019306095144640864, 'learning_rate_yyx': 0.0027961086286698343}. Best is trial 1 with value: -2.794794619613311.
[I 2026-03-18 16:35:30,428] Trial 23 pruned. 
[I 2026-03-18 16:35:31,150] Trial 41 pruned. 
[I 2026-03-18 16:35:31,187] Trial 29 pruned. 
[I 2026-03-18 16:35:32,632] Trial 38 pruned. 
[I 2026-03-18 16:35:33,117] Trial 2 finished with value: -2.658798120297144 and parameters: {'n_layers_yyx': 1, 'hidden_size_yyx_l0': 3, 'context_size_yyx': 1, 'num_mix_components_yyx': 1, 'context_extractor_yyx': 'lstm', 'activation_func_yyx': 'ReLU', 'L2_weight_yyx': 2.016037682779096e-07, 'L_entropy_weight_yyx': 4.566962398887983e-10, 'L_sep_weight_yyx': 9.453141421373382e-08, 'L_scale_weight_yyx': 2.0462026463605332e-08, 'learning_rate_yyx': 0.005154047737433053}. Best is trial 0 with value: -2.79162831599355.
[I 2026-03-18 16:35:33,126] Trial 34 finished with value: -0.4537457445457624 and parameters: {'n_layers_yyx': 1, 'hidden_size_yyx_l0': 5, 'context_size_yyx': 4, 'num_mix_components_yyx': 4, 'context_extractor_yyx': 'gru', 'activation_func_yyx': 'Tanh', 'L2_weight_yyx': 1.6210418740876533e-05, 'L_entropy_weight_yyx': 7.688545579014326e-08, 'L_sep_weight_yyx': 4.877250781441815e-06, 'L_scale_weight_yyx': 2.3126930962287222e-05, 'learning_rate_yyx': 0.004286366102176048}. Best is trial 34 with value: -0.4537457445457624.
[I 2026-03-18 16:35:33,299] Trial 36 pruned. 
[I 2026-03-18 16:35:33,892] Trial 6 pruned. 
[I 2026-03-18 16:35:34,177] Trial 8 finished with value: -2.8019612829963387 and parameters: {'n_layers_yyx': 2, 'hidden_size_yyx_l0': 2, 'hidden_size_yyx_l1': 6, 'context_size_yyx': 2, 'num_mix_components_yyx': 4, 'context_extractor_yyx': 'lstm', 'activation_func_yyx': 'Tanh', 'L2_weight_yyx': 6.417485696049738e-09, 'L_entropy_weight_yyx': 3.2269658673616955e-09, 'L_sep_weight_yyx': 1.7322771047776798e-10, 'L_scale_weight_yyx': 3.7168811898589545e-05, 'learning_rate_yyx': 0.0018580308520225594}. Best is trial 1 with value: -2.8044746609917057.
[I 2026-03-18 16:35:34,785] Trial 30 pruned. 
[I 2026-03-18 16:35:34,823] Trial 38 pruned. 
[I 2026-03-18 16:35:36,074] Trial 43 finished with value: -0.4258531033070095 and parameters: {'n_layers_yyx': 2, 'hidden_size_yyx_l0': 3, 'hidden_size_yyx_l1': 4, 'context_size_yyx': 4, 'num_mix_components_yyx': 2, 'context_extractor_yyx': 'gru', 'activation_func_yyx': 'Tanh', 'L2_weight_yyx': 4.545150634680917e-10, 'L_entropy_weight_yyx': 8.90213159276637e-07, 'L_sep_weight_yyx': 1.9179992718182144e-08, 'L_scale_weight_yyx': 9.258585186246402e-07, 'learning_rate_yyx': 0.009882265481795768}. Best is trial 35 with value: -0.4510425295992163.
[I 2026-03-18 16:35:36,712] Trial 24 pruned. 
[I 2026-03-18 16:35:37,014] Trial 38 pruned. 
[I 2026-03-18 16:35:37,575] Trial 3 pruned. 
[I 2026-03-18 16:35:38,769] Trial 2 finished with value: -2.7722441744413393 and parameters: {'n_layers_yyx': 2, 'hidden_size_yyx_l0': 6, 'hidden_size_yyx_l1': 5, 'context_size_yyx': 2, 'num_mix_components_yyx': 2, 'context_extractor_yyx': 'lstm', 'activation_func_yyx': 'Tanh', 'L2_weight_yyx': 0.00022787290879398717, 'L_entropy_weight_yyx': 1.33376957089994e-09, 'L_sep_weight_yyx': 0.00019319332443052358, 'L_scale_weight_yyx': 2.8906801648697233e-05, 'learning_rate_yyx': 0.0014184660864765438}. Best is trial 2 with value: -2.7722441744413393.
[I 2026-03-18 16:35:39,169] Trial 2 finished with value: -2.661197700576935 and parameters: {'n_layers_yyx': 2, 'hidden_size_yyx_l0': 3, 'hidden_size_yyx_l1': 5, 'context_size_yyx': 4, 'num_mix_components_yyx': 1, 'context_extractor_yyx': 'lstm', 'activation_func_yyx': 'GELU', 'L2_weight_yyx': 8.358841013723818e-09, 'L_entropy_weight_yyx': 0.00012427876945849065, 'L_sep_weight_yyx': 1.1713180611924697e-09, 'L_scale_weight_yyx': 2.4105475214982285e-08, 'learning_rate_yyx': 0.007681064855754556}. Best is trial 0 with value: -2.782248579189629.
[I 2026-03-18 16:35:39,840] Trial 20 finished with value: -0.40663855585151415 and parameters: {'n_layers_yyx': 2, 'hidden_size_yyx_l0': 5, 'hidden_size_yyx_l1': 5, 'context_size_yyx': 2, 'num_mix_components_yyx': 1, 'context_extractor_yyx': 'gru', 'activation_func_yyx': 'Tanh', 'L2_weight_yyx': 2.928468113990906e-09, 'L_entropy_weight_yyx': 2.797722934568177e-09, 'L_sep_weight_yyx': 9.382325815836697e-08, 'L_scale_weight_yyx': 1.1548953268249207e-09, 'learning_rate_yyx': 0.004520759316448147}. Best is trial 9 with value: -0.430995315221072.
[I 2026-03-18 16:35:41,286] Trial 39 pruned. 
[I 2026-03-18 16:35:42,411] Trial 44 pruned. 
[I 2026-03-18 16:35:42,784] Trial 39 pruned. 
[I 2026-03-18 16:35:43,096] Trial 9 pruned. 
[I 2026-03-18 16:35:43,205] Trial 25 pruned. 
[I 2026-03-18 16:35:44,634] Trial 40 pruned. 
[I 2026-03-18 16:35:46,145] Trial 4 pruned. 
[I 2026-03-18 16:35:46,343] Trial 3 pruned. 
[I 2026-03-18 16:35:46,344] Trial 26 pruned. 
[I 2026-03-18 16:35:46,583] Trial 32 finished with value: -0.42019360427147834 and parameters: {'n_layers_yyx': 1, 'hidden_size_yyx_l0': 6, 'context_size_yyx': 2, 'num_mix_components_yyx': 3, 'context_extractor_yyx': 'lstm', 'activation_func_yyx': 'Tanh', 'L2_weight_yyx': 1.3443840093357007e-09, 'L_entropy_weight_yyx': 1.1934988372068798e-09, 'L_sep_weight_yyx': 4.80749940565497e-07, 'L_scale_weight_yyx': 0.00031531431255665175, 'learning_rate_yyx': 0.007758240210445849}. Best is trial 2 with value: -0.4289537553816757.
[I 2026-03-18 16:35:47,055] Trial 3 pruned. 
[I 2026-03-18 16:35:47,321] Trial 39 pruned. 
[I 2026-03-18 16:35:48,046] Trial 14 pruned. 
[I 2026-03-18 16:35:48,054] Trial 41 pruned. 
[I 2026-03-18 16:35:48,848] Trial 40 pruned. 
[I 2026-03-18 16:35:49,093] Trial 27 pruned. 
[I 2026-03-18 16:35:49,522] Trial 43 finished with value: -0.4228591210332817 and parameters: {'n_layers_yyx': 2, 'hidden_size_yyx_l0': 3, 'hidden_size_yyx_l1': 6, 'context_size_yyx': 4, 'num_mix_components_yyx': 1, 'context_extractor_yyx': 'gru', 'activation_func_yyx': 'Tanh', 'L2_weight_yyx': 2.2465018788375226e-08, 'L_entropy_weight_yyx': 1.7635686703253428e-06, 'L_sep_weight_yyx': 1.1963251865537576e-09, 'L_scale_weight_yyx': 0.00044673461440362976, 'learning_rate_yyx': 0.0034583735183817575}. Best is trial 1 with value: -0.44267641427716237.
[I 2026-03-18 16:35:51,249] Trial 42 pruned. 
[I 2026-03-18 16:35:51,269] Trial 42 finished with value: -0.41265590419710235 and parameters: {'n_layers_yyx': 2, 'hidden_size_yyx_l0': 6, 'hidden_size_yyx_l1': 4, 'context_size_yyx': 3, 'num_mix_components_yyx': 2, 'context_extractor_yyx': 'gru', 'activation_func_yyx': 'GELU', 'L2_weight_yyx': 4.1571721771642415e-09, 'L_entropy_weight_yyx': 1.6713757631596885e-05, 'L_sep_weight_yyx': 0.00022039796705958944, 'L_scale_weight_yyx': 6.933233441230178e-07, 'learning_rate_yyx': 0.009803251048190614}. Best is trial 40 with value: -0.4348042963459027.
[I 2026-03-18 16:35:51,330] Trial 40 finished with value: -0.41700461183908183 and parameters: {'n_layers_yyx': 2, 'hidden_size_yyx_l0': 4, 'hidden_size_yyx_l1': 4, 'context_size_yyx': 4, 'num_mix_components_yyx': 4, 'context_extractor_yyx': 'gru', 'activation_func_yyx': 'Tanh', 'L2_weight_yyx': 1.331480295771483e-10, 'L_entropy_weight_yyx': 1.3085259674271195e-09, 'L_sep_weight_yyx': 2.5873629241339275e-06, 'L_scale_weight_yyx': 9.97614485936604e-09, 'learning_rate_yyx': 0.0068144531121155}. Best is trial 39 with value: -0.43937692553635355.
[I 2026-03-18 16:35:52,682] Trial 41 finished with value: -0.4025651677843218 and parameters: {'n_layers_yyx': 1, 'hidden_size_yyx_l0': 6, 'context_size_yyx': 1, 'num_mix_components_yyx': 4, 'context_extractor_yyx': 'gru', 'activation_func_yyx': 'ReLU', 'L2_weight_yyx': 6.170442846392066e-08, 'L_entropy_weight_yyx': 1.3435575112117775e-08, 'L_sep_weight_yyx': 1.5714389441193272e-07, 'L_scale_weight_yyx': 4.654569477650167e-07, 'learning_rate_yyx': 0.009172151645372264}. Best is trial 17 with value: -0.46708542200803016.
[I 2026-03-18 16:35:52,823] Trial 28 pruned. 
[I 2026-03-18 16:35:53,212] Trial 31 finished with value: -0.4284786070832527 and parameters: {'n_layers_yyx': 2, 'hidden_size_yyx_l0': 6, 'hidden_size_yyx_l1': 4, 'context_size_yyx': 4, 'num_mix_components_yyx': 5, 'context_extractor_yyx': 'lstm', 'activation_func_yyx': 'Tanh', 'L2_weight_yyx': 2.859196744804712e-09, 'L_entropy_weight_yyx': 6.870721309955769e-10, 'L_sep_weight_yyx': 7.318595468358852e-05, 'L_scale_weight_yyx': 0.00023827097174566173, 'learning_rate_yyx': 0.003629111112867764}. Best is trial 5 with value: -0.44982475540586303.
[I 2026-03-18 16:35:53,470] Trial 40 pruned. 
[I 2026-03-18 16:35:54,367] Trial 43 pruned. 
[I 2026-03-18 16:35:54,610] Trial 41 pruned. 
[I 2026-03-18 16:35:55,051] Trial 4 pruned. 
[I 2026-03-18 16:35:55,774] Trial 6 finished with value: -2.7950135081496006 and parameters: {'n_layers_yyx': 1, 'hidden_size_yyx_l0': 4, 'context_size_yyx': 4, 'num_mix_components_yyx': 3, 'context_extractor_yyx': 'lstm', 'activation_func_yyx': 'ReLU', 'L2_weight_yyx': 6.161054195362976e-09, 'L_entropy_weight_yyx': 2.3111887993530464e-06, 'L_sep_weight_yyx': 4.467784455144246e-09, 'L_scale_weight_yyx': 0.0005841621065459528, 'learning_rate_yyx': 0.0018652549940793247}. Best is trial 6 with value: -2.7950135081496006.
[I 2026-03-18 16:35:55,962] Trial 29 pruned. 
[I 2026-03-18 16:35:56,126] Trial 44 pruned. 
[I 2026-03-18 16:35:56,654] Trial 15 pruned. 
[I 2026-03-18 16:35:57,336] Trial 43 pruned. 
[I 2026-03-18 16:35:59,190] Trial 30 pruned. 
[I 2026-03-18 16:36:00,518] Trial 44 pruned. 
[I 2026-03-18 16:36:01,135] Trial 21 finished with value: -0.41174070753918346 and parameters: {'n_layers_yyx': 2, 'hidden_size_yyx_l0': 5, 'hidden_size_yyx_l1': 5, 'context_size_yyx': 2, 'num_mix_components_yyx': 1, 'context_extractor_yyx': 'gru', 'activation_func_yyx': 'Tanh', 'L2_weight_yyx': 4.06669841316575e-09, 'L_entropy_weight_yyx': 2.392496496365076e-09, 'L_sep_weight_yyx': 1.3093307786954072e-07, 'L_scale_weight_yyx': 3.4010493348982522e-09, 'learning_rate_yyx': 0.004302247782838389}. Best is trial 9 with value: -0.430995315221072.
[I 2026-03-18 16:36:01,404] Trial 42 pruned. 
[I 2026-03-18 16:36:03,522] Trial 7 pruned. 
[I 2026-03-18 16:36:04,076] Trial 35 finished with value: -0.4350403115476248 and parameters: {'n_layers_yyx': 1, 'hidden_size_yyx_l0': 5, 'context_size_yyx': 4, 'num_mix_components_yyx': 3, 'context_extractor_yyx': 'gru', 'activation_func_yyx': 'Tanh', 'L2_weight_yyx': 1.4322859262726365e-05, 'L_entropy_weight_yyx': 3.4225005798976735e-07, 'L_sep_weight_yyx': 4.483619840456256e-06, 'L_scale_weight_yyx': 0.00011780049153505977, 'learning_rate_yyx': 0.004219837596544593}. Best is trial 34 with value: -0.4537457445457624.
[I 2026-03-18 16:36:05,323] Trial 31 pruned. 
[I 2026-03-18 16:36:06,720] Trial 45 pruned. 
[I 2026-03-18 16:36:07,307] Trial 36 pruned. 
[I 2026-03-18 16:36:07,349] Trial 22 pruned. 
[I 2026-03-18 16:36:07,842] Trial 32 finished with value: -0.42122912333107587 and parameters: {'n_layers_yyx': 2, 'hidden_size_yyx_l0': 6, 'hidden_size_yyx_l1': 4, 'context_size_yyx': 4, 'num_mix_components_yyx': 5, 'context_extractor_yyx': 'lstm', 'activation_func_yyx': 'Tanh', 'L2_weight_yyx': 1.1121890559152015e-08, 'L_entropy_weight_yyx': 1.6818296219099056e-09, 'L_sep_weight_yyx': 0.00020298912364898115, 'L_scale_weight_yyx': 0.00011000522182161776, 'learning_rate_yyx': 0.00778346139983131}. Best is trial 5 with value: -0.44982475540586303.
[I 2026-03-18 16:36:08,317] Trial 41 pruned. 
[I 2026-03-18 16:36:08,561] Trial 32 pruned. 
[I 2026-03-18 16:36:09,413] Trial 41 finished with value: -0.43114733622170087 and parameters: {'n_layers_yyx': 1, 'hidden_size_yyx_l0': 5, 'context_size_yyx': 4, 'num_mix_components_yyx': 4, 'context_extractor_yyx': 'lstm', 'activation_func_yyx': 'Tanh', 'L2_weight_yyx': 0.0003575182777484405, 'L_entropy_weight_yyx': 1.7217292937344762e-09, 'L_sep_weight_yyx': 2.190073734374965e-06, 'L_scale_weight_yyx': 2.5831760254335033e-10, 'learning_rate_yyx': 0.008302823791483884}. Best is trial 25 with value: -0.44456373279677824.
[I 2026-03-18 16:36:09,870] Trial 46 pruned. 
[I 2026-03-18 16:36:11,383] Trial 45 pruned. 
[I 2026-03-18 16:36:11,785] Trial 8 pruned. 
[I 2026-03-18 16:36:11,801] Trial 42 pruned. 
[I 2026-03-18 16:36:13,138] Trial 47 pruned. 
[I 2026-03-18 16:36:14,273] Trial 23 pruned. 
[I 2026-03-18 16:36:14,541] Trial 33 pruned. 
[I 2026-03-18 16:36:14,790] Trial 46 pruned. 
[I 2026-03-18 16:36:15,102] Trial 44 finished with value: -0.42912882990881385 and parameters: {'n_layers_yyx': 2, 'hidden_size_yyx_l0': 4, 'hidden_size_yyx_l1': 4, 'context_size_yyx': 4, 'num_mix_components_yyx': 1, 'context_extractor_yyx': 'gru', 'activation_func_yyx': 'GELU', 'L2_weight_yyx': 3.574216184665053e-08, 'L_entropy_weight_yyx': 3.0642373800379868e-06, 'L_sep_weight_yyx': 8.869972701058103e-08, 'L_scale_weight_yyx': 1.1389457959333103e-06, 'learning_rate_yyx': 0.006067153944533825}. Best is trial 40 with value: -0.4348042963459027.
[I 2026-03-18 16:36:15,502] Trial 37 pruned. 
[I 2026-03-18 16:36:16,227] Trial 48 pruned. 
[I 2026-03-18 16:36:18,421] Trial 34 pruned. 
[I 2026-03-18 16:36:18,605] Trial 43 pruned. 
[I 2026-03-18 16:36:19,016] Trial 45 pruned. 
[I 2026-03-18 16:36:19,413] Trial 33 finished with value: -0.42012075890697564 and parameters: {'n_layers_yyx': 1, 'hidden_size_yyx_l0': 6, 'context_size_yyx': 2, 'num_mix_components_yyx': 3, 'context_extractor_yyx': 'lstm', 'activation_func_yyx': 'Tanh', 'L2_weight_yyx': 9.69260413976476e-10, 'L_entropy_weight_yyx': 7.227828655550023e-08, 'L_sep_weight_yyx': 3.5224499148327257e-07, 'L_scale_weight_yyx': 0.00028005367168233085, 'learning_rate_yyx': 0.007782545898307277}. Best is trial 2 with value: -0.4289537553816757.
[I 2026-03-18 16:36:20,232] Trial 42 finished with value: -0.4012485657683098 and parameters: {'n_layers_yyx': 1, 'hidden_size_yyx_l0': 6, 'context_size_yyx': 1, 'num_mix_components_yyx': 4, 'context_extractor_yyx': 'gru', 'activation_func_yyx': 'ReLU', 'L2_weight_yyx': 4.0051873167230624e-08, 'L_entropy_weight_yyx': 1.740987907353283e-08, 'L_sep_weight_yyx': 9.23411509502916e-07, 'L_scale_weight_yyx': 1.1479602468937146e-07, 'learning_rate_yyx': 0.009521341406976294}. Best is trial 17 with value: -0.46708542200803016.
[I 2026-03-18 16:36:21,463] Trial 47 pruned. 
[I 2026-03-18 16:36:22,319] Trial 44 pruned. 
[I 2026-03-18 16:36:23,557] Trial 3 finished with value: -2.765245976377006 and parameters: {'n_layers_yyx': 1, 'hidden_size_yyx_l0': 5, 'context_size_yyx': 1, 'num_mix_components_yyx': 5, 'context_extractor_yyx': 'lstm', 'activation_func_yyx': 'GELU', 'L2_weight_yyx': 7.905244179532948e-07, 'L_entropy_weight_yyx': 1.7716043216111506e-06, 'L_sep_weight_yyx': 8.560499189013092e-05, 'L_scale_weight_yyx': 1.0725740889745153e-07, 'learning_rate_yyx': 0.00828712779793353}. Best is trial 0 with value: -2.792252838699443.
[I 2026-03-18 16:36:24,090] Trial 7 pruned. 
[I 2026-03-18 16:36:24,483] Trial 48 pruned. 
[I 2026-03-18 16:36:25,076] Trial 43 finished with value: -0.40196520920508416 and parameters: {'n_layers_yyx': 2, 'hidden_size_yyx_l0': 4, 'hidden_size_yyx_l1': 3, 'context_size_yyx': 3, 'num_mix_components_yyx': 3, 'context_extractor_yyx': 'gru', 'activation_func_yyx': 'Tanh', 'L2_weight_yyx': 6.450937250391327e-09, 'L_entropy_weight_yyx': 4.89545500898838e-09, 'L_sep_weight_yyx': 1.5341017837476909e-06, 'L_scale_weight_yyx': 5.408985875097927e-10, 'learning_rate_yyx': 0.007230181655828383}. Best is trial 39 with value: -0.43937692553635355.
[I 2026-03-18 16:36:25,364] Trial 45 pruned. 
[I 2026-03-18 16:36:25,476] Trial 45 finished with value: -0.45107781850147544 and parameters: {'n_layers_yyx': 2, 'hidden_size_yyx_l0': 5, 'hidden_size_yyx_l1': 5, 'context_size_yyx': 4, 'num_mix_components_yyx': 1, 'context_extractor_yyx': 'gru', 'activation_func_yyx': 'Tanh', 'L2_weight_yyx': 1.1558495583839532e-07, 'L_entropy_weight_yyx': 3.5995006721907455e-08, 'L_sep_weight_yyx': 5.31891272329804e-09, 'L_scale_weight_yyx': 9.372880205858023e-05, 'learning_rate_yyx': 0.002284268752817153}. Best is trial 45 with value: -0.45107781850147544.
[I 2026-03-18 16:36:25,883] Trial 7 finished with value: -2.7863086169215863 and parameters: {'n_layers_yyx': 2, 'hidden_size_yyx_l0': 4, 'hidden_size_yyx_l1': 5, 'context_size_yyx': 1, 'num_mix_components_yyx': 5, 'context_extractor_yyx': 'lstm', 'activation_func_yyx': 'ReLU', 'L2_weight_yyx': 1.226427276712354e-06, 'L_entropy_weight_yyx': 0.0002413301572014236, 'L_sep_weight_yyx': 2.1616341021021309e-10, 'L_scale_weight_yyx': 6.055323503409647e-10, 'learning_rate_yyx': 0.004303791249682648}. Best is trial 1 with value: -2.804181999864486.
[I 2026-03-18 16:36:28,814] Trial 46 pruned. 
[I 2026-03-18 16:36:29,558] Trial 37 finished with value: -0.45712648751934987 and parameters: {'n_layers_yyx': 1, 'hidden_size_yyx_l0': 5, 'context_size_yyx': 4, 'num_mix_components_yyx': 4, 'context_extractor_yyx': 'gru', 'activation_func_yyx': 'Tanh', 'L2_weight_yyx': 6.315923202636452e-05, 'L_entropy_weight_yyx': 4.039723588571725e-07, 'L_sep_weight_yyx': 7.432942971184606e-07, 'L_scale_weight_yyx': 8.47269731865263e-05, 'learning_rate_yyx': 0.007702028724315537}. Best is trial 37 with value: -0.45712648751934987.
[I 2026-03-18 16:36:30,414] Trial 42 finished with value: -0.43201307172745745 and parameters: {'n_layers_yyx': 1, 'hidden_size_yyx_l0': 5, 'context_size_yyx': 4, 'num_mix_components_yyx': 4, 'context_extractor_yyx': 'lstm', 'activation_func_yyx': 'Tanh', 'L2_weight_yyx': 8.447359093112845e-05, 'L_entropy_weight_yyx': 1.7866544180930868e-09, 'L_sep_weight_yyx': 3.5029541184532443e-06, 'L_scale_weight_yyx': 1.200449491524547e-10, 'learning_rate_yyx': 0.008337227252444578}. Best is trial 25 with value: -0.44456373279677824.
[I 2026-03-18 16:36:30,581] Trial 24 pruned. 
[I 2026-03-18 16:36:32,311] Trial 8 pruned. 
[I 2026-03-18 16:36:32,587] Trial 44 pruned. 
[I 2026-03-18 16:36:32,750] Trial 47 pruned. 
[I 2026-03-18 16:36:33,922] Trial 5 finished with value: -2.805070761203844 and parameters: {'n_layers_yyx': 1, 'hidden_size_yyx_l0': 4, 'context_size_yyx': 4, 'num_mix_components_yyx': 3, 'context_extractor_yyx': 'gru', 'activation_func_yyx': 'Tanh', 'L2_weight_yyx': 4.411903515239152e-09, 'L_entropy_weight_yyx': 1.6191165912036509e-06, 'L_sep_weight_yyx': 3.534371365675712e-06, 'L_scale_weight_yyx': 4.902607650818045e-10, 'learning_rate_yyx': 0.007826385313337056}. Best is trial 5 with value: -2.805070761203844.
[I 2026-03-18 16:36:34,029] Trial 8 pruned. 
[I 2026-03-18 16:36:34,215] Trial 35 pruned. 
[I 2026-03-18 16:36:34,540] Trial 3 finished with value: -2.798843026726906 and parameters: {'n_layers_yyx': 2, 'hidden_size_yyx_l0': 3, 'hidden_size_yyx_l1': 6, 'context_size_yyx': 3, 'num_mix_components_yyx': 5, 'context_extractor_yyx': 'lstm', 'activation_func_yyx': 'ReLU', 'L2_weight_yyx': 1.942648977126674e-05, 'L_entropy_weight_yyx': 3.621320178747415e-07, 'L_sep_weight_yyx': 9.935615003598423e-06, 'L_scale_weight_yyx': 0.00010590964764478831, 'learning_rate_yyx': 0.003603517988607572}. Best is trial 1 with value: -2.8010403323029167.
[I 2026-03-18 16:36:35,327] Trial 46 pruned. 
[I 2026-03-18 16:36:36,057] Trial 48 pruned. 
[I 2026-03-18 16:36:37,268] Trial 2 finished with value: -2.7929117217936628 and parameters: {'n_layers_yyx': 1, 'hidden_size_yyx_l0': 4, 'context_size_yyx': 4, 'num_mix_components_yyx': 4, 'context_extractor_yyx': 'lstm', 'activation_func_yyx': 'ReLU', 'L2_weight_yyx': 8.964979062014113e-10, 'L_entropy_weight_yyx': 4.670780509710912e-07, 'L_sep_weight_yyx': 1.3485290405573503e-09, 'L_scale_weight_yyx': 7.665505792638986e-09, 'learning_rate_yyx': 0.0022183856537254095}. Best is trial 2 with value: -2.7929117217936628.
[I 2026-03-18 16:36:38,801] Trial 45 pruned. 
[I 2026-03-18 16:36:39,529] Trial 49 pruned. 

Source events: 1783
Target events: 8618
Full model ln_yyx : 28.60945 nats/sec, 2.98776 nats/event
Full model Log loss : -0.38061
Full model ln_yyx : 28.01775 nats/sec, 2.92597 nats/event
Full model Log loss : -0.44268
Full model ln_yyx : 28.19213 nats/sec, 2.94418 nats/event
Full model Log loss : -0.41989
Full model ln_yyx : 28.70386 nats/sec, 2.99762 nats/event
Full model Log loss : -0.43436
Full model ln_yyx : 27.44191 nats/sec, 2.86583 nats/event
Full model Log loss : -0.36754
Full model ln_yyx : 27.22594 nats/sec, 2.84327 nats/event
Full model Log loss : -0.38980
Full model ln_yyx : 28.74562 nats/sec, 3.00198 nats/event
Full model Log loss : -0.42526
Full model ln_yyx : 27.94685 nats/sec, 2.91856 nats/event
Full model Log loss : -0.38599
Full model ln_yyx : 27.35827 nats/sec, 2.85709 nats/event
Full model Log loss : -0.39439
Full model ln_yyx : 27.88502 nats/sec, 2.91210 nats/event
Full model Log loss : -0.42286
Optimization finished. Config saved to results/opt-full/opt_full_29_best_config.txt
[I 2026-03-18 16:36:40,317] Trial 36 pruned. 
[I 2026-03-18 16:36:42,147] Trial 6 pruned. 
[I 2026-03-18 16:36:42,147] Trial 49 finished with value: -0.4271888851012239 and parameters: {'n_layers_yyx': 1, 'hidden_size_yyx_l0': 6, 'context_size_yyx': 2, 'num_mix_components_yyx': 3, 'context_extractor_yyx': 'lstm', 'activation_func_yyx': 'Tanh', 'L2_weight_yyx': 8.852880569891763e-08, 'L_entropy_weight_yyx': 5.580606369994391e-09, 'L_sep_weight_yyx': 1.3489722058340811e-09, 'L_scale_weight_yyx': 8.706098470242482e-07, 'learning_rate_yyx': 0.004841776636799254}. Best is trial 1 with value: -0.43281404005115615.

Source events: 1783
Target events: 18269
Full model ln_yyx : 59.60029 nats/sec, 2.93614 nats/event
Full model Log loss : -0.41803
Full model ln_yyx : 59.31195 nats/sec, 2.92193 nats/event
Full model Log loss : -0.43281
Full model ln_yyx : 60.38787 nats/sec, 2.97493 nats/event
Full model Log loss : -0.41751
Full model ln_yyx : 57.11822 nats/sec, 2.81386 nats/event
Full model Log loss : -0.33622
Full model ln_yyx : 60.44719 nats/sec, 2.97786 nats/event
Full model Log loss : -0.40423
Full model ln_yyx : 58.75925 nats/sec, 2.89470 nats/event
Full model Log loss : -0.37357
Full model ln_yyx : 59.37877 nats/sec, 2.92522 nats/event
Full model Log loss : -0.41677
Full model ln_yyx : 60.42636 nats/sec, 2.97683 nats/event
Full model Log loss : -0.42804
Full model ln_yyx : 56.44017 nats/sec, 2.78046 nats/event
Full model Log loss : -0.34856
Full model ln_yyx : 58.32154 nats/sec, 2.87314 nats/event
Full model Log loss : -0.42719
Optimization finished. Config saved to results/opt-full/opt_full_26_best_config.txt
[I 2026-03-18 16:36:42,374] Trial 9 pruned. 
[I 2026-03-18 16:36:42,862] Trial 49 pruned. 

Source events: 1783
Target events: 14713
Full model ln_yyx : 46.81145 nats/sec, 2.86347 nats/event
Full model Log loss : -0.40709
Full model ln_yyx : 49.77608 nats/sec, 3.04482 nats/event
Full model Log loss : -0.33863
Full model ln_yyx : 48.53651 nats/sec, 2.96900 nats/event
Full model Log loss : -0.44385
Full model ln_yyx : 47.73942 nats/sec, 2.92024 nats/event
Full model Log loss : -0.43584
Full model ln_yyx : 48.15517 nats/sec, 2.94567 nats/event
Full model Log loss : -0.44910
Full model ln_yyx : 48.97321 nats/sec, 2.99571 nats/event
Full model Log loss : -0.42760
Full model ln_yyx : 49.91644 nats/sec, 3.05341 nats/event
Full model Log loss : -0.45104
Full model ln_yyx : 49.17438 nats/sec, 3.00802 nats/event
Full model Log loss : -0.43303
Full model ln_yyx : 50.36253 nats/sec, 3.08070 nats/event
Full model Log loss : -0.42585
Full model ln_yyx : 48.92796 nats/sec, 2.99294 nats/event
Full model Log loss : -0.45108
Optimization finished. Config saved to results/opt-full/opt_full_19_best_config.txt
[I 2026-03-18 16:36:47,689] Trial 43 finished with value: -0.4027770901612084 and parameters: {'n_layers_yyx': 1, 'hidden_size_yyx_l0': 6, 'context_size_yyx': 1, 'num_mix_components_yyx': 4, 'context_extractor_yyx': 'gru', 'activation_func_yyx': 'ReLU', 'L2_weight_yyx': 4.172958464494447e-08, 'L_entropy_weight_yyx': 1.1341713033617789e-08, 'L_sep_weight_yyx': 7.62854730149468e-07, 'L_scale_weight_yyx': 1.228886179539274e-07, 'learning_rate_yyx': 0.00987655782057432}. Best is trial 17 with value: -0.46708542200803016.
[I 2026-03-18 16:36:47,906] Trial 25 finished with value: -0.3569411286628652 and parameters: {'n_layers_yyx': 2, 'hidden_size_yyx_l0': 5, 'hidden_size_yyx_l1': 6, 'context_size_yyx': 2, 'num_mix_components_yyx': 2, 'context_extractor_yyx': 'gru', 'activation_func_yyx': 'Tanh', 'L2_weight_yyx': 4.912252998415614e-10, 'L_entropy_weight_yyx': 2.392114842577355e-06, 'L_sep_weight_yyx': 6.7874113068546e-10, 'L_scale_weight_yyx': 4.649988211006657e-07, 'learning_rate_yyx': 0.0063250307188361206}. Best is trial 9 with value: -0.430995315221072.
[I 2026-03-18 16:36:50,283] Trial 7 pruned. 
[I 2026-03-18 16:36:50,918] Trial 43 finished with value: -0.4312773902349797 and parameters: {'n_layers_yyx': 1, 'hidden_size_yyx_l0': 5, 'context_size_yyx': 4, 'num_mix_components_yyx': 4, 'context_extractor_yyx': 'lstm', 'activation_func_yyx': 'Tanh', 'L2_weight_yyx': 0.0005486756091996383, 'L_entropy_weight_yyx': 3.1623828729411116e-09, 'L_sep_weight_yyx': 3.1905627125411205e-06, 'L_scale_weight_yyx': 2.3250577329568428e-10, 'learning_rate_yyx': 0.007957251148026775}. Best is trial 25 with value: -0.44456373279677824.
[I 2026-03-18 16:36:50,959] Trial 34 finished with value: -0.418735941128096 and parameters: {'n_layers_yyx': 1, 'hidden_size_yyx_l0': 6, 'context_size_yyx': 2, 'num_mix_components_yyx': 3, 'context_extractor_yyx': 'lstm', 'activation_func_yyx': 'Tanh', 'L2_weight_yyx': 3.2962498057904814e-10, 'L_entropy_weight_yyx': 9.249803425732763e-08, 'L_sep_weight_yyx': 2.9318215252002143e-07, 'L_scale_weight_yyx': 0.0002184419123024812, 'learning_rate_yyx': 0.008137315673741935}. Best is trial 2 with value: -0.4289537553816757.
[I 2026-03-18 16:36:51,558] Trial 33 pruned. 
[I 2026-03-18 16:36:53,036] Trial 44 pruned. 
[I 2026-03-18 16:36:53,472] Trial 38 finished with value: -0.44392702084945823 and parameters: {'n_layers_yyx': 1, 'hidden_size_yyx_l0': 4, 'context_size_yyx': 4, 'num_mix_components_yyx': 4, 'context_extractor_yyx': 'gru', 'activation_func_yyx': 'Tanh', 'L2_weight_yyx': 7.510365251474489e-05, 'L_entropy_weight_yyx': 3.7840917196416317e-07, 'L_sep_weight_yyx': 3.944465898176036e-06, 'L_scale_weight_yyx': 7.865907437362525e-05, 'learning_rate_yyx': 0.007822977948680426}. Best is trial 37 with value: -0.45712648751934987.
[I 2026-03-18 16:36:53,527] Trial 46 pruned. 
[I 2026-03-18 16:36:54,401] Trial 34 pruned. 
[I 2026-03-18 16:36:56,366] Trial 38 pruned. 
[I 2026-03-18 16:36:56,467] Trial 47 pruned. 
[I 2026-03-18 16:36:56,886] Trial 44 pruned. 
[I 2026-03-18 16:36:57,263] Trial 35 pruned. 
[I 2026-03-18 16:36:57,473] Trial 47 finished with value: -0.3951571674169771 and parameters: {'n_layers_yyx': 2, 'hidden_size_yyx_l0': 5, 'hidden_size_yyx_l1': 3, 'context_size_yyx': 4, 'num_mix_components_yyx': 1, 'context_extractor_yyx': 'lstm', 'activation_func_yyx': 'GELU', 'L2_weight_yyx': 2.4995696188688348e-08, 'L_entropy_weight_yyx': 5.40188378510688e-07, 'L_sep_weight_yyx': 2.0692506173236318e-07, 'L_scale_weight_yyx': 1.0722473921418556e-06, 'learning_rate_yyx': 0.008289873271510996}. Best is trial 40 with value: -0.4348042963459027.
[I 2026-03-18 16:36:59,349] Trial 48 pruned. 
[I 2026-03-18 16:37:00,130] Trial 36 pruned. 
[I 2026-03-18 16:37:00,488] Trial 48 pruned. 
[I 2026-03-18 16:37:02,135] Trial 39 pruned. 
[I 2026-03-18 16:37:05,373] Trial 37 pruned. 
[I 2026-03-18 16:37:07,751] Trial 40 pruned. 
[I 2026-03-18 16:37:08,011] Trial 39 pruned. 
[I 2026-03-18 16:37:08,123] Trial 37 finished with value: -0.44267438292134287 and parameters: {'n_layers_yyx': 2, 'hidden_size_yyx_l0': 5, 'hidden_size_yyx_l1': 4, 'context_size_yyx': 4, 'num_mix_components_yyx': 3, 'context_extractor_yyx': 'gru', 'activation_func_yyx': 'Tanh', 'L2_weight_yyx': 2.728982459489607e-10, 'L_entropy_weight_yyx': 4.942067515173988e-09, 'L_sep_weight_yyx': 1.5564065978201523e-06, 'L_scale_weight_yyx': 4.98709199507054e-05, 'learning_rate_yyx': 0.004780082619862717}. Best is trial 5 with value: -0.44982475540586303.
[I 2026-03-18 16:37:10,467] Trial 45 pruned. 
[I 2026-03-18 16:37:10,766] Trial 41 pruned. 
[I 2026-03-18 16:37:12,027] Trial 5 finished with value: -2.803729491226789 and parameters: {'n_layers_yyx': 2, 'hidden_size_yyx_l0': 4, 'hidden_size_yyx_l1': 4, 'context_size_yyx': 2, 'num_mix_components_yyx': 3, 'context_extractor_yyx': 'gru', 'activation_func_yyx': 'Tanh', 'L2_weight_yyx': 0.0002761570400180212, 'L_entropy_weight_yyx': 4.3720897030586275e-09, 'L_sep_weight_yyx': 4.687807503957829e-05, 'L_scale_weight_yyx': 6.359215683405751e-10, 'learning_rate_yyx': 0.004628494391365462}. Best is trial 5 with value: -2.803729491226789.
[I 2026-03-18 16:37:12,352] Trial 46 finished with value: -0.3873639416768455 and parameters: {'n_layers_yyx': 1, 'hidden_size_yyx_l0': 3, 'context_size_yyx': 4, 'num_mix_components_yyx': 4, 'context_extractor_yyx': 'gru', 'activation_func_yyx': 'ReLU', 'L2_weight_yyx': 0.000498565434889803, 'L_entropy_weight_yyx': 3.4907263883529927e-09, 'L_sep_weight_yyx': 4.875620699993383e-10, 'L_scale_weight_yyx': 2.199399176829336e-08, 'learning_rate_yyx': 0.0035131015053019316}. Best is trial 23 with value: -0.4237596257921343.
[I 2026-03-18 16:37:14,017] Trial 49 finished with value: -0.4280843350909443 and parameters: {'n_layers_yyx': 2, 'hidden_size_yyx_l0': 4, 'hidden_size_yyx_l1': 4, 'context_size_yyx': 4, 'num_mix_components_yyx': 1, 'context_extractor_yyx': 'gru', 'activation_func_yyx': 'GELU', 'L2_weight_yyx': 1.0062143142375447e-10, 'L_entropy_weight_yyx': 1.1091462134073257e-05, 'L_sep_weight_yyx': 1.0044044456998368e-06, 'L_scale_weight_yyx': 1.9136660924722528e-05, 'learning_rate_yyx': 0.008620847860205493}. Best is trial 40 with value: -0.4348042963459027.

Source events: 1783
Target events: 27060
Full model ln_yyx : 89.96788 nats/sec, 2.99228 nats/event
Full model Log loss : -0.41448
Full model ln_yyx : 80.75385 nats/sec, 2.68583 nats/event
Full model Log loss : -0.29747
Full model ln_yyx : 84.08802 nats/sec, 2.79672 nats/event
Full model Log loss : -0.33953
Full model ln_yyx : 86.48685 nats/sec, 2.87650 nats/event
Full model Log loss : -0.41365
Full model ln_yyx : 87.33161 nats/sec, 2.90460 nats/event
Full model Log loss : -0.37645
Full model ln_yyx : 85.62432 nats/sec, 2.84782 nats/event
Full model Log loss : -0.39725
Full model ln_yyx : 86.91484 nats/sec, 2.89074 nats/event
Full model Log loss : -0.41271
Full model ln_yyx : 86.96778 nats/sec, 2.89250 nats/event
Full model Log loss : -0.41209
Full model ln_yyx : 88.05537 nats/sec, 2.92867 nats/event
Full model Log loss : -0.41534
Full model ln_yyx : 88.76152 nats/sec, 2.95216 nats/event
Full model Log loss : -0.43480
Full model ln_yyx : 86.40757 nats/sec, 2.87387 nats/event
Full model Log loss : -0.41266
Full model ln_yyx : 89.61623 nats/sec, 2.98058 nats/event
Full model Log loss : -0.42913
Full model ln_yyx : 87.72361 nats/sec, 2.91764 nats/event
Full model Log loss : -0.39516
Full model ln_yyx : 89.77438 nats/sec, 2.98584 nats/event
Full model Log loss : -0.42808
Optimization finished. Config saved to results/opt-full/opt_full_24_best_config.txt
[I 2026-03-18 16:37:16,941] Trial 49 finished with value: -0.39873960512710427 and parameters: {'n_layers_yyx': 2, 'hidden_size_yyx_l0': 3, 'hidden_size_yyx_l1': 4, 'context_size_yyx': 4, 'num_mix_components_yyx': 5, 'context_extractor_yyx': 'gru', 'activation_func_yyx': 'ReLU', 'L2_weight_yyx': 3.1056857400672333e-10, 'L_entropy_weight_yyx': 3.4286198359096803e-10, 'L_sep_weight_yyx': 1.1158408276346449e-07, 'L_scale_weight_yyx': 4.1162992452411284e-10, 'learning_rate_yyx': 0.009825139985153638}. Best is trial 39 with value: -0.43937692553635355.

Source events: 1783
Target events: 38515
Full model ln_yyx : 129.37356 nats/sec, 3.02314 nats/event
Full model Log loss : -0.36289
Full model ln_yyx : 123.54336 nats/sec, 2.88690 nats/event
Full model Log loss : -0.31467
Full model ln_yyx : 124.61880 nats/sec, 2.91203 nats/event
Full model Log loss : -0.37083
Full model ln_yyx : 117.86993 nats/sec, 2.75433 nats/event
Full model Log loss : -0.38009
Full model ln_yyx : 126.31202 nats/sec, 2.95160 nats/event
Full model Log loss : -0.39146
Full model ln_yyx : 126.39396 nats/sec, 2.95351 nats/event
Full model Log loss : -0.42678
Full model ln_yyx : 126.25880 nats/sec, 2.95035 nats/event
Full model Log loss : -0.42308
Full model ln_yyx : 126.41572 nats/sec, 2.95402 nats/event
Full model Log loss : -0.42863
Full model ln_yyx : 126.23733 nats/sec, 2.94985 nats/event
Full model Log loss : -0.42261
Full model ln_yyx : 125.66017 nats/sec, 2.93637 nats/event
Full model Log loss : -0.40330
Full model ln_yyx : 125.19113 nats/sec, 2.92541 nats/event
Full model Log loss : -0.38840
Full model ln_yyx : 129.51736 nats/sec, 3.02650 nats/event
Full model Log loss : -0.43938
Full model ln_yyx : 127.27323 nats/sec, 2.97406 nats/event
Full model Log loss : -0.41700
Full model ln_yyx : 126.41832 nats/sec, 2.95408 nats/event
Full model Log loss : -0.40197
Full model ln_yyx : 128.03701 nats/sec, 2.99191 nats/event
Full model Log loss : -0.39874
Optimization finished. Config saved to results/opt-full/opt_full_23_best_config.txt
[I 2026-03-18 16:37:17,448] Trial 45 finished with value: -0.4006535674765383 and parameters: {'n_layers_yyx': 1, 'hidden_size_yyx_l0': 6, 'context_size_yyx': 1, 'num_mix_components_yyx': 4, 'context_extractor_yyx': 'gru', 'activation_func_yyx': 'ReLU', 'L2_weight_yyx': 1.654853254912558e-08, 'L_entropy_weight_yyx': 1.310116236544553e-07, 'L_sep_weight_yyx': 2.644188174330594e-08, 'L_scale_weight_yyx': 1.3911371071767643e-08, 'learning_rate_yyx': 0.007205850157772468}. Best is trial 17 with value: -0.46708542200803016.
[I 2026-03-18 16:37:17,858] Trial 47 pruned. 
[I 2026-03-18 16:37:18,550] Trial 38 pruned. 
[I 2026-03-18 16:37:19,917] Trial 6 pruned. 
[I 2026-03-18 16:37:20,287] Trial 9 pruned. 
[I 2026-03-18 16:37:20,500] Trial 48 pruned. 
[I 2026-03-18 16:37:21,698] Trial 38 pruned. 
[I 2026-03-18 16:37:21,997] Trial 46 pruned. 
[I 2026-03-18 16:37:24,141] Trial 39 pruned. 
[I 2026-03-18 16:37:24,555] Trial 47 pruned. 
[I 2026-03-18 16:37:26,901] Trial 3 pruned. 
[I 2026-03-18 16:37:27,428] Trial 35 finished with value: -0.4098671361019737 and parameters: {'n_layers_yyx': 1, 'hidden_size_yyx_l0': 5, 'context_size_yyx': 1, 'num_mix_components_yyx': 3, 'context_extractor_yyx': 'lstm', 'activation_func_yyx': 'Tanh', 'L2_weight_yyx': 3.352879631210816e-09, 'L_entropy_weight_yyx': 1.5104102838253126e-06, 'L_sep_weight_yyx': 4.448671390384508e-08, 'L_scale_weight_yyx': 0.0008569335540482276, 'learning_rate_yyx': 0.006494297157284296}. Best is trial 2 with value: -0.4289537553816757.
[I 2026-03-18 16:37:28,615] Trial 40 finished with value: -0.45545099689495455 and parameters: {'n_layers_yyx': 1, 'hidden_size_yyx_l0': 5, 'context_size_yyx': 4, 'num_mix_components_yyx': 4, 'context_extractor_yyx': 'gru', 'activation_func_yyx': 'Tanh', 'L2_weight_yyx': 6.385494823180245e-05, 'L_entropy_weight_yyx': 3.392589736527449e-06, 'L_sep_weight_yyx': 7.30324539365512e-06, 'L_scale_weight_yyx': 1.2049927192792945e-10, 'learning_rate_yyx': 0.007056574848895919}. Best is trial 37 with value: -0.45712648751934987.
[I 2026-03-18 16:37:30,060] Trial 39 pruned. 
[I 2026-03-18 16:37:32,461] Trial 46 finished with value: -0.4255640366498162 and parameters: {'n_layers_yyx': 1, 'hidden_size_yyx_l0': 5, 'context_size_yyx': 4, 'num_mix_components_yyx': 4, 'context_extractor_yyx': 'lstm', 'activation_func_yyx': 'GELU', 'L2_weight_yyx': 0.000394492476284533, 'L_entropy_weight_yyx': 3.2647008084638336e-10, 'L_sep_weight_yyx': 0.00018752392705301767, 'L_scale_weight_yyx': 6.19584687779169e-10, 'learning_rate_yyx': 0.009367535208053559}. Best is trial 25 with value: -0.44456373279677824.
[I 2026-03-18 16:37:32,812] Trial 40 pruned. 
[I 2026-03-18 16:37:32,920] Trial 4 finished with value: -2.777686147163457 and parameters: {'n_layers_yyx': 2, 'hidden_size_yyx_l0': 6, 'hidden_size_yyx_l1': 6, 'context_size_yyx': 3, 'num_mix_components_yyx': 5, 'context_extractor_yyx': 'lstm', 'activation_func_yyx': 'Tanh', 'L2_weight_yyx': 8.081076623304677e-09, 'L_entropy_weight_yyx': 0.0009675318537439636, 'L_sep_weight_yyx': 2.4940448738252266e-09, 'L_scale_weight_yyx': 0.00012975046480954213, 'learning_rate_yyx': 0.0026720491391945154}. Best is trial 4 with value: -2.777686147163457.
[I 2026-03-18 16:37:32,944] Trial 49 pruned. 

Source events: 1783
Target events: 13628
Full model ln_yyx : 45.03155 nats/sec, 2.97391 nats/event
Full model Log loss : -0.42020
Full model ln_yyx : 44.31641 nats/sec, 2.92668 nats/event
Full model Log loss : -0.36801
Full model ln_yyx : 43.83625 nats/sec, 2.89497 nats/event
Full model Log loss : -0.33849
Full model ln_yyx : 44.68806 nats/sec, 2.95122 nats/event
Full model Log loss : -0.41716
Full model ln_yyx : 44.18342 nats/sec, 2.91790 nats/event
Full model Log loss : -0.41717
Full model ln_yyx : 43.18151 nats/sec, 2.85173 nats/event
Full model Log loss : -0.38942
Full model ln_yyx : 44.23886 nats/sec, 2.92156 nats/event
Full model Log loss : -0.42072
Full model ln_yyx : 44.36900 nats/sec, 2.93015 nats/event
Full model Log loss : -0.42376
Full model ln_yyx : 44.74952 nats/sec, 2.95528 nats/event
Full model Log loss : -0.41350
Full model ln_yyx : 43.14846 nats/sec, 2.84955 nats/event
Full model Log loss : -0.38736
Optimization finished. Config saved to results/opt-full/opt_full_27_best_config.txt
[I 2026-03-18 16:37:35,421] Trial 41 pruned. 
[I 2026-03-18 16:37:37,450] Trial 10 pruned. 
[I 2026-03-18 16:37:37,596] Trial 42 pruned. 
[I 2026-03-18 16:37:37,616] Trial 47 pruned. 
[I 2026-03-18 16:37:38,291] Trial 48 finished with value: -0.384558686530996 and parameters: {'n_layers_yyx': 1, 'hidden_size_yyx_l0': 6, 'context_size_yyx': 4, 'num_mix_components_yyx': 3, 'context_extractor_yyx': 'gru', 'activation_func_yyx': 'Tanh', 'L2_weight_yyx': 7.322475699083883e-10, 'L_entropy_weight_yyx': 0.00032449754022765545, 'L_sep_weight_yyx': 9.046876087166475e-07, 'L_scale_weight_yyx': 3.183719493202349e-07, 'learning_rate_yyx': 0.006150259476468011}. Best is trial 17 with value: -0.46708542200803016.
[I 2026-03-18 16:37:39,676] Trial 36 pruned. 
[I 2026-03-18 16:37:39,775] Trial 5 pruned. 
[I 2026-03-18 16:37:39,856] Trial 43 pruned. 
[I 2026-03-18 16:37:41,771] Trial 37 pruned. 
[I 2026-03-18 16:37:42,226] Trial 44 pruned. 
[I 2026-03-18 16:37:42,669] Trial 40 finished with value: -0.40687367347740905 and parameters: {'n_layers_yyx': 2, 'hidden_size_yyx_l0': 4, 'hidden_size_yyx_l1': 5, 'context_size_yyx': 4, 'num_mix_components_yyx': 4, 'context_extractor_yyx': 'gru', 'activation_func_yyx': 'ReLU', 'L2_weight_yyx': 2.9189676079274357e-06, 'L_entropy_weight_yyx': 1.354233368925462e-07, 'L_sep_weight_yyx': 2.0279369098166315e-08, 'L_scale_weight_yyx': 6.839608321570394e-08, 'learning_rate_yyx': 0.005010690674385285}. Best is trial 5 with value: -0.44982475540586303.
[I 2026-03-18 16:37:43,138] Trial 49 pruned. 

Source events: 1783
Target events: 12539
Full model ln_yyx : 16.85854 nats/sec, 1.21004 nats/event
Full model Log loss : -0.10152
Full model ln_yyx : 41.95316 nats/sec, 3.01123 nats/event
Full model Log loss : -0.42041
Full model ln_yyx : 36.56980 nats/sec, 2.62484 nats/event
Full model Log loss : -0.35702
Full model ln_yyx : 40.85535 nats/sec, 2.93244 nats/event
Full model Log loss : -0.39666
Full model ln_yyx : 43.10677 nats/sec, 3.09403 nats/event
Full model Log loss : -0.44637
Full model ln_yyx : 43.60536 nats/sec, 3.12982 nats/event
Full model Log loss : -0.46709
Full model ln_yyx : 40.94172 nats/sec, 2.93864 nats/event
Full model Log loss : -0.39564
Full model ln_yyx : 41.43457 nats/sec, 2.97401 nats/event
Full model Log loss : -0.40257
Full model ln_yyx : 41.37285 nats/sec, 2.96958 nats/event
Full model Log loss : -0.40125
Full model ln_yyx : 41.29858 nats/sec, 2.96425 nats/event
Full model Log loss : -0.40278
Full model ln_yyx : 40.77731 nats/sec, 2.92683 nats/event
Full model Log loss : -0.40065
Full model ln_yyx : 40.53769 nats/sec, 2.90964 nats/event
Full model Log loss : -0.38456
Optimization finished. Config saved to results/opt-full/opt_full_31_best_config.txt
[I 2026-03-18 16:37:44,190] Trial 42 pruned. 
[I 2026-03-18 16:37:44,677] Trial 45 pruned. 
[I 2026-03-18 16:37:46,768] Trial 41 finished with value: -0.45540451191527187 and parameters: {'n_layers_yyx': 1, 'hidden_size_yyx_l0': 5, 'context_size_yyx': 4, 'num_mix_components_yyx': 4, 'context_extractor_yyx': 'gru', 'activation_func_yyx': 'Tanh', 'L2_weight_yyx': 5.837223031238945e-05, 'L_entropy_weight_yyx': 4.150686904940326e-06, 'L_sep_weight_yyx': 9.41666954188797e-06, 'L_scale_weight_yyx': 1.1391419246795313e-10, 'learning_rate_yyx': 0.007150257836707363}. Best is trial 37 with value: -0.45712648751934987.
[I 2026-03-18 16:37:47,259] Trial 6 pruned. 
[I 2026-03-18 16:37:48,434] Trial 43 pruned. 
[I 2026-03-18 16:37:50,280] Trial 9 finished with value: -2.777970626891366 and parameters: {'n_layers_yyx': 1, 'hidden_size_yyx_l0': 5, 'context_size_yyx': 1, 'num_mix_components_yyx': 5, 'context_extractor_yyx': 'lstm', 'activation_func_yyx': 'Tanh', 'L2_weight_yyx': 3.1449003262586993e-08, 'L_entropy_weight_yyx': 2.0053982755811926e-08, 'L_sep_weight_yyx': 4.603858755100098e-08, 'L_scale_weight_yyx': 1.6819450079015833e-07, 'learning_rate_yyx': 0.00919831474778867}. Best is trial 6 with value: -2.7950135081496006.
[I 2026-03-18 16:37:50,629] Trial 44 pruned. 
[I 2026-03-18 16:37:51,775] Trial 4 finished with value: -2.7856611908213673 and parameters: {'n_layers_yyx': 1, 'hidden_size_yyx_l0': 4, 'context_size_yyx': 2, 'num_mix_components_yyx': 4, 'context_extractor_yyx': 'lstm', 'activation_func_yyx': 'GELU', 'L2_weight_yyx': 5.880395190682976e-05, 'L_entropy_weight_yyx': 0.0005297506700800491, 'L_sep_weight_yyx': 2.665902264501619e-05, 'L_scale_weight_yyx': 4.78642953755467e-07, 'learning_rate_yyx': 0.0007161759464854025}. Best is trial 2 with value: -2.802563464577197.
[I 2026-03-18 16:37:51,815] Trial 41 finished with value: -0.41115940908898513 and parameters: {'n_layers_yyx': 2, 'hidden_size_yyx_l0': 6, 'hidden_size_yyx_l1': 4, 'context_size_yyx': 4, 'num_mix_components_yyx': 4, 'context_extractor_yyx': 'gru', 'activation_func_yyx': 'Tanh', 'L2_weight_yyx': 9.8468083561466e-10, 'L_entropy_weight_yyx': 2.7022156446458196e-09, 'L_sep_weight_yyx': 3.5261657091513743e-06, 'L_scale_weight_yyx': 0.0001524961242847334, 'learning_rate_yyx': 0.005763093721644032}. Best is trial 5 with value: -0.44982475540586303.
[I 2026-03-18 16:37:52,704] Trial 5 finished with value: -2.8051328142627483 and parameters: {'n_layers_yyx': 2, 'hidden_size_yyx_l0': 3, 'hidden_size_yyx_l1': 4, 'context_size_yyx': 4, 'num_mix_components_yyx': 4, 'context_extractor_yyx': 'lstm', 'activation_func_yyx': 'Tanh', 'L2_weight_yyx': 5.069665816410846e-09, 'L_entropy_weight_yyx': 8.343052475576762e-08, 'L_sep_weight_yyx': 1.0842346514744064e-08, 'L_scale_weight_yyx': 8.382911809695921e-05, 'learning_rate_yyx': 0.0037600752191295737}. Best is trial 5 with value: -2.8051328142627483.
[I 2026-03-18 16:37:53,841] Trial 11 pruned. 
[I 2026-03-18 16:37:53,877] Trial 7 pruned. 
[I 2026-03-18 16:37:53,885] Trial 4 finished with value: -2.7785759065864477 and parameters: {'n_layers_yyx': 2, 'hidden_size_yyx_l0': 3, 'hidden_size_yyx_l1': 4, 'context_size_yyx': 1, 'num_mix_components_yyx': 4, 'context_extractor_yyx': 'gru', 'activation_func_yyx': 'GELU', 'L2_weight_yyx': 0.0007822658204084088, 'L_entropy_weight_yyx': 2.8196299648605932e-05, 'L_sep_weight_yyx': 8.01178630422819e-10, 'L_scale_weight_yyx': 0.00010806219300306757, 'learning_rate_yyx': 0.007027977707007606}. Best is trial 0 with value: -2.792252838699443.
[I 2026-03-18 16:37:54,846] Trial 26 finished with value: -0.43197839695602747 and parameters: {'n_layers_yyx': 1, 'hidden_size_yyx_l0': 5, 'context_size_yyx': 1, 'num_mix_components_yyx': 1, 'context_extractor_yyx': 'lstm', 'activation_func_yyx': 'Tanh', 'L2_weight_yyx': 5.700795302910876e-09, 'L_entropy_weight_yyx': 1.7430675599664974e-10, 'L_sep_weight_yyx': 6.8144416506916384e-06, 'L_scale_weight_yyx': 6.891561331956727e-10, 'learning_rate_yyx': 0.003410545634039886}. Best is trial 26 with value: -0.43197839695602747.
[I 2026-03-18 16:37:55,055] Trial 46 pruned. 
[I 2026-03-18 16:37:55,867] Trial 48 finished with value: -0.40154793092709945 and parameters: {'n_layers_yyx': 1, 'hidden_size_yyx_l0': 4, 'context_size_yyx': 3, 'num_mix_components_yyx': 4, 'context_extractor_yyx': 'gru', 'activation_func_yyx': 'Tanh', 'L2_weight_yyx': 5.40651982864163e-06, 'L_entropy_weight_yyx': 7.81295788111939e-09, 'L_sep_weight_yyx': 2.882366714520021e-05, 'L_scale_weight_yyx': 1.9669792772919524e-06, 'learning_rate_yyx': 0.006172399392194373}. Best is trial 25 with value: -0.44456373279677824.
[I 2026-03-18 16:37:56,906] Trial 3 finished with value: -2.7991263324759417 and parameters: {'n_layers_yyx': 2, 'hidden_size_yyx_l0': 6, 'hidden_size_yyx_l1': 6, 'context_size_yyx': 3, 'num_mix_components_yyx': 5, 'context_extractor_yyx': 'lstm', 'activation_func_yyx': 'Tanh', 'L2_weight_yyx': 2.6283068633710388e-05, 'L_entropy_weight_yyx': 1.434418990969941e-07, 'L_sep_weight_yyx': 0.0003930022553034395, 'L_scale_weight_yyx': 1.0413810052655144e-08, 'learning_rate_yyx': 0.002025317701487016}. Best is trial 3 with value: -2.7991263324759417.
[I 2026-03-18 16:37:59,267] Trial 27 pruned. 
[I 2026-03-18 16:37:59,289] Trial 47 pruned. 
[I 2026-03-18 16:38:00,207] Trial 6 pruned. 
[I 2026-03-18 16:38:00,920] Trial 5 pruned. 
[I 2026-03-18 16:38:01,522] Trial 42 finished with value: -0.4120061065390383 and parameters: {'n_layers_yyx': 2, 'hidden_size_yyx_l0': 5, 'hidden_size_yyx_l1': 4, 'context_size_yyx': 4, 'num_mix_components_yyx': 5, 'context_extractor_yyx': 'gru', 'activation_func_yyx': 'Tanh', 'L2_weight_yyx': 4.549065154683657e-09, 'L_entropy_weight_yyx': 2.1285278230824198e-08, 'L_sep_weight_yyx': 3.977419085251118e-05, 'L_scale_weight_yyx': 1.0954773892889991e-05, 'learning_rate_yyx': 0.00417814712001741}. Best is trial 5 with value: -0.44982475540586303.
[I 2026-03-18 16:38:03,557] Trial 48 pruned. 
[I 2026-03-18 16:38:04,075] Trial 5 finished with value: -2.8058216093098 and parameters: {'n_layers_yyx': 1, 'hidden_size_yyx_l0': 4, 'context_size_yyx': 4, 'num_mix_components_yyx': 5, 'context_extractor_yyx': 'lstm', 'activation_func_yyx': 'Tanh', 'L2_weight_yyx': 1.4830380178823188e-06, 'L_entropy_weight_yyx': 0.0008552529968099523, 'L_sep_weight_yyx': 3.391290789218034e-08, 'L_scale_weight_yyx': 2.0032013948434537e-05, 'learning_rate_yyx': 0.0072988620962422725}. Best is trial 5 with value: -2.8058216093098.
[I 2026-03-18 16:38:04,087] Trial 42 finished with value: -0.4442221815741099 and parameters: {'n_layers_yyx': 1, 'hidden_size_yyx_l0': 4, 'context_size_yyx': 4, 'num_mix_components_yyx': 4, 'context_extractor_yyx': 'gru', 'activation_func_yyx': 'Tanh', 'L2_weight_yyx': 7.06029231595862e-05, 'L_entropy_weight_yyx': 4.4138915572005045e-06, 'L_sep_weight_yyx': 0.0007329075554028634, 'L_scale_weight_yyx': 1.848792056046449e-10, 'learning_rate_yyx': 0.007690457509904951}. Best is trial 37 with value: -0.45712648751934987.
[I 2026-03-18 16:38:06,146] Trial 4 finished with value: -2.783566160581989 and parameters: {'n_layers_yyx': 1, 'hidden_size_yyx_l0': 5, 'context_size_yyx': 1, 'num_mix_components_yyx': 5, 'context_extractor_yyx': 'gru', 'activation_func_yyx': 'ReLU', 'L2_weight_yyx': 2.993392315559969e-06, 'L_entropy_weight_yyx': 9.04538840545661e-09, 'L_sep_weight_yyx': 3.1593575833125913e-06, 'L_scale_weight_yyx': 3.438673361219735e-05, 'learning_rate_yyx': 0.007701796255984365}. Best is trial 1 with value: -2.794794619613311.
[I 2026-03-18 16:38:06,545] Trial 43 pruned. 
[I 2026-03-18 16:38:06,831] Trial 7 pruned. 
[I 2026-03-18 16:38:07,550] Trial 49 pruned. 

Source events: 1783
Target events: 20800
Full model ln_yyx : 35.40109 nats/sec, 1.53178 nats/event
Full model Log loss : -0.20029
Full model ln_yyx : 68.77558 nats/sec, 2.97587 nats/event
Full model Log loss : -0.45912
Full model ln_yyx : 71.75398 nats/sec, 3.10474 nats/event
Full model Log loss : -0.43231
Full model ln_yyx : 70.62084 nats/sec, 3.05571 nats/event
Full model Log loss : -0.44565
Full model ln_yyx : 68.34402 nats/sec, 2.95719 nats/event
Full model Log loss : -0.42893
Full model ln_yyx : 68.05575 nats/sec, 2.94472 nats/event
Full model Log loss : -0.43565
Full model ln_yyx : 69.04418 nats/sec, 2.98749 nats/event
Full model Log loss : -0.41269
Full model ln_yyx : 68.67791 nats/sec, 2.97164 nats/event
Full model Log loss : -0.42921
Full model ln_yyx : 68.61688 nats/sec, 2.96900 nats/event
Full model Log loss : -0.42764
Optimization finished. Config saved to results/opt-full/opt_full_17_best_config.txt
[I 2026-03-18 16:38:07,715] Trial 6 pruned. 
[I 2026-03-18 16:38:09,697] Trial 12 pruned. 
[I 2026-03-18 16:38:09,964] Trial 8 pruned. 
[I 2026-03-18 16:38:10,293] Trial 4 finished with value: -2.7975229055123445 and parameters: {'n_layers_yyx': 1, 'hidden_size_yyx_l0': 6, 'context_size_yyx': 3, 'num_mix_components_yyx': 4, 'context_extractor_yyx': 'gru', 'activation_func_yyx': 'ReLU', 'L2_weight_yyx': 1.3315835399303537e-07, 'L_entropy_weight_yyx': 0.00021353541272602086, 'L_sep_weight_yyx': 9.644376060352032e-07, 'L_scale_weight_yyx': 2.7383847605649196e-07, 'learning_rate_yyx': 0.006528984651985165}. Best is trial 1 with value: -2.8010403323029167.
[I 2026-03-18 16:38:10,452] Trial 28 pruned. 
[I 2026-03-18 16:38:10,926] Trial 6 pruned. 
[I 2026-03-18 16:38:11,420] Trial 10 finished with value: -2.8029779762863587 and parameters: {'n_layers_yyx': 2, 'hidden_size_yyx_l0': 3, 'hidden_size_yyx_l1': 2, 'context_size_yyx': 4, 'num_mix_components_yyx': 1, 'context_extractor_yyx': 'gru', 'activation_func_yyx': 'ReLU', 'L2_weight_yyx': 1.5540657175425394e-10, 'L_entropy_weight_yyx': 0.0001456456142148155, 'L_sep_weight_yyx': 2.6449863028280686e-10, 'L_scale_weight_yyx': 1.291369429621596e-10, 'learning_rate_yyx': 0.004122247267499989}. Best is trial 1 with value: -2.8044746609917057.
[I 2026-03-18 16:38:12,188] Trial 4 pruned. 
[I 2026-03-18 16:38:12,409] Trial 29 pruned. 
[I 2026-03-18 16:38:13,098] Trial 4 pruned. 
[I 2026-03-18 16:38:13,969] Trial 5 finished with value: -2.773387534346036 and parameters: {'n_layers_yyx': 1, 'hidden_size_yyx_l0': 6, 'context_size_yyx': 1, 'num_mix_components_yyx': 5, 'context_extractor_yyx': 'lstm', 'activation_func_yyx': 'Tanh', 'L2_weight_yyx': 3.63965014973278e-07, 'L_entropy_weight_yyx': 3.409220177897744e-05, 'L_sep_weight_yyx': 4.588362134933934e-05, 'L_scale_weight_yyx': 7.232440662496119e-07, 'learning_rate_yyx': 0.004941750464995151}. Best is trial 0 with value: -2.782248579189629.
[I 2026-03-18 16:38:14,460] Trial 30 pruned. 
[I 2026-03-18 16:38:16,443] Trial 43 finished with value: -0.4251734966833156 and parameters: {'n_layers_yyx': 2, 'hidden_size_yyx_l0': 2, 'hidden_size_yyx_l1': 4, 'context_size_yyx': 4, 'num_mix_components_yyx': 4, 'context_extractor_yyx': 'lstm', 'activation_func_yyx': 'Tanh', 'L2_weight_yyx': 2.1564377816388628e-10, 'L_entropy_weight_yyx': 0.0007766084231915796, 'L_sep_weight_yyx': 9.802640735950371e-06, 'L_scale_weight_yyx': 6.043512614164224e-05, 'learning_rate_yyx': 0.008422700037930093}. Best is trial 5 with value: -0.44982475540586303.
[I 2026-03-18 16:38:17,442] Trial 9 pruned. 
[I 2026-03-18 16:38:18,179] Trial 49 finished with value: -0.44763065491667475 and parameters: {'n_layers_yyx': 1, 'hidden_size_yyx_l0': 4, 'context_size_yyx': 2, 'num_mix_components_yyx': 5, 'context_extractor_yyx': 'lstm', 'activation_func_yyx': 'Tanh', 'L2_weight_yyx': 8.882337092264245e-05, 'L_entropy_weight_yyx': 1.5037313454349294e-06, 'L_sep_weight_yyx': 7.260341671713129e-07, 'L_scale_weight_yyx': 1.8090568110459813e-05, 'learning_rate_yyx': 0.008004951112478235}. Best is trial 49 with value: -0.44763065491667475.

Source events: 1783
Target events: 40082
Full model ln_yyx : 133.16723 nats/sec, 2.99013 nats/event
Full model Log loss : -0.42318
Full model ln_yyx : 132.84343 nats/sec, 2.98286 nats/event
Full model Log loss : -0.44041
Full model ln_yyx : 132.82113 nats/sec, 2.98236 nats/event
Full model Log loss : -0.39676
Full model ln_yyx : 130.73517 nats/sec, 2.93552 nats/event
Full model Log loss : -0.41401
Full model ln_yyx : 135.84214 nats/sec, 3.05020 nats/event
Full model Log loss : -0.42545
Full model ln_yyx : 134.42821 nats/sec, 3.01845 nats/event
Full model Log loss : -0.42191
Full model ln_yyx : 129.03095 nats/sec, 2.89726 nats/event
Full model Log loss : -0.44456
Full model ln_yyx : 133.57816 nats/sec, 2.99936 nats/event
Full model Log loss : -0.40451
Full model ln_yyx : 133.40904 nats/sec, 2.99556 nats/event
Full model Log loss : -0.43291
Full model ln_yyx : 133.73565 nats/sec, 3.00290 nats/event
Full model Log loss : -0.43115
Full model ln_yyx : 133.82976 nats/sec, 3.00501 nats/event
Full model Log loss : -0.43201
Full model ln_yyx : 132.68002 nats/sec, 2.97919 nats/event
Full model Log loss : -0.43128
Full model ln_yyx : 133.04378 nats/sec, 2.98736 nats/event
Full model Log loss : -0.42556
Full model ln_yyx : 130.12858 nats/sec, 2.92190 nats/event
Full model Log loss : -0.40155
Full model ln_yyx : 134.29553 nats/sec, 3.01547 nats/event
Full model Log loss : -0.44763
Optimization finished. Config saved to results/opt-full/opt_full_22_best_config.txt
[I 2026-03-18 16:38:18,433] Trial 31 pruned. 
[I 2026-03-18 16:38:18,640] Trial 45 pruned. 
[I 2026-03-18 16:38:21,120] Trial 32 pruned. 
[I 2026-03-18 16:38:21,341] Trial 6 pruned. 
[I 2026-03-18 16:38:22,287] Trial 44 finished with value: -0.4605777138157895 and parameters: {'n_layers_yyx': 1, 'hidden_size_yyx_l0': 5, 'context_size_yyx': 4, 'num_mix_components_yyx': 4, 'context_extractor_yyx': 'gru', 'activation_func_yyx': 'Tanh', 'L2_weight_yyx': 0.00014430052432762189, 'L_entropy_weight_yyx': 4.628333499766747e-06, 'L_sep_weight_yyx': 1.959126585690152e-06, 'L_scale_weight_yyx': 5.294998891402406e-10, 'learning_rate_yyx': 0.008789199021310711}. Best is trial 44 with value: -0.4605777138157895.
[I 2026-03-18 16:38:23,265] Trial 33 pruned. 
[I 2026-03-18 16:38:25,223] Trial 13 pruned. 
[I 2026-03-18 16:38:25,458] Trial 34 pruned. 
[I 2026-03-18 16:38:26,514] Trial 44 pruned. 
[I 2026-03-18 16:38:27,700] Trial 11 pruned. 
[I 2026-03-18 16:38:27,920] Trial 7 pruned. 
[I 2026-03-18 16:38:27,920] Trial 7 pruned. 
[I 2026-03-18 16:38:28,729] Trial 5 pruned. 
[I 2026-03-18 16:38:29,474] Trial 35 pruned. 
[I 2026-03-18 16:38:30,578] Trial 45 pruned. 
[I 2026-03-18 16:38:31,788] Trial 36 pruned. 
[I 2026-03-18 16:38:31,870] Trial 14 pruned. 
[I 2026-03-18 16:38:33,887] Trial 38 finished with value: -0.4296416763919795 and parameters: {'n_layers_yyx': 1, 'hidden_size_yyx_l0': 3, 'context_size_yyx': 1, 'num_mix_components_yyx': 3, 'context_extractor_yyx': 'gru', 'activation_func_yyx': 'Tanh', 'L2_weight_yyx': 6.237466137444327e-10, 'L_entropy_weight_yyx': 6.48685527122465e-08, 'L_sep_weight_yyx': 1.1410071837208342e-08, 'L_scale_weight_yyx': 2.923293708251986e-05, 'learning_rate_yyx': 0.006904254815853417}. Best is trial 38 with value: -0.4296416763919795.
[I 2026-03-18 16:38:34,471] Trial 12 pruned. 
[I 2026-03-18 16:38:34,695] Trial 46 pruned. 
[I 2026-03-18 16:38:35,703] Trial 37 pruned. 
[I 2026-03-18 16:38:37,071] Trial 45 finished with value: -0.46048861760473103 and parameters: {'n_layers_yyx': 1, 'hidden_size_yyx_l0': 5, 'context_size_yyx': 4, 'num_mix_components_yyx': 4, 'context_extractor_yyx': 'gru', 'activation_func_yyx': 'Tanh', 'L2_weight_yyx': 0.0001493221122554962, 'L_entropy_weight_yyx': 3.2872825765229037e-06, 'L_sep_weight_yyx': 2.136118844941524e-06, 'L_scale_weight_yyx': 5.029112110527017e-10, 'learning_rate_yyx': 0.008732028605434162}. Best is trial 44 with value: -0.4605777138157895.
[I 2026-03-18 16:38:37,797] Trial 38 pruned. 
[I 2026-03-18 16:38:38,330] Trial 47 pruned. 
[I 2026-03-18 16:38:38,571] Trial 15 pruned. 
[I 2026-03-18 16:38:39,946] Trial 46 pruned. 
[I 2026-03-18 16:38:40,254] Trial 39 pruned. 
[I 2026-03-18 16:38:42,173] Trial 48 pruned. 
[I 2026-03-18 16:38:42,423] Trial 40 pruned. 
[I 2026-03-18 16:38:43,895] Trial 39 pruned. 
[I 2026-03-18 16:38:43,989] Trial 10 finished with value: -2.7995713136723226 and parameters: {'n_layers_yyx': 1, 'hidden_size_yyx_l0': 6, 'context_size_yyx': 3, 'num_mix_components_yyx': 4, 'context_extractor_yyx': 'lstm', 'activation_func_yyx': 'ReLU', 'L2_weight_yyx': 3.5163966083232286e-10, 'L_entropy_weight_yyx': 1.0228250070553591e-10, 'L_sep_weight_yyx': 0.0007439352187923328, 'L_scale_weight_yyx': 8.42004613742396e-09, 'learning_rate_yyx': 0.007278218768174172}. Best is trial 1 with value: -2.804181999864486.
[I 2026-03-18 16:38:44,285] Trial 49 pruned. 

Source events: 1783
Target events: 1872
Full model ln_yyx : 5.89974 nats/sec, 2.83642 nats/event
Full model Log loss : -0.42013
Full model ln_yyx : 6.05170 nats/sec, 2.90947 nats/event
Full model Log loss : -0.43080
Full model ln_yyx : 6.13926 nats/sec, 2.95157 nats/event
Full model Log loss : -0.38655
Full model ln_yyx : 5.88349 nats/sec, 2.82860 nats/event
Full model Log loss : -0.38704
Full model ln_yyx : 6.04866 nats/sec, 2.90801 nats/event
Full model Log loss : -0.44982
Full model ln_yyx : 6.04575 nats/sec, 2.90661 nats/event
Full model Log loss : -0.44105
Full model ln_yyx : 6.04565 nats/sec, 2.90656 nats/event
Full model Log loss : -0.42865
Full model ln_yyx : 6.21450 nats/sec, 2.98774 nats/event
Full model Log loss : -0.40725
Full model ln_yyx : 6.04867 nats/sec, 2.90801 nats/event
Full model Log loss : -0.42848
Full model ln_yyx : 6.07141 nats/sec, 2.91895 nats/event
Full model Log loss : -0.42123
Full model ln_yyx : 5.95844 nats/sec, 2.86464 nats/event
Full model Log loss : -0.44267
Full model ln_yyx : 5.90895 nats/sec, 2.84084 nats/event
Full model Log loss : -0.40687
Full model ln_yyx : 5.93832 nats/sec, 2.85496 nats/event
Full model Log loss : -0.41116
Full model ln_yyx : 5.89477 nats/sec, 2.83402 nats/event
Full model Log loss : -0.41201
Full model ln_yyx : 5.92237 nats/sec, 2.84729 nats/event
Full model Log loss : -0.42517
Optimization finished. Config saved to results/opt-full/opt_full_28_best_config.txt
[I 2026-03-18 16:38:45,921] Trial 46 pruned. 
[I 2026-03-18 16:38:47,628] Trial 40 pruned. 
[I 2026-03-18 16:38:47,885] Trial 47 pruned. 
[I 2026-03-18 16:38:49,956] Trial 47 pruned. 
[I 2026-03-18 16:38:51,831] Trial 48 pruned. 
[I 2026-03-18 16:38:53,886] Trial 49 pruned. 

Source events: 1783
Target events: 9421
Full model ln_yyx : 31.77639 nats/sec, 3.03564 nats/event
Full model Log loss : -0.41437
Full model ln_yyx : 30.69115 nats/sec, 2.93196 nats/event
Full model Log loss : -0.37988
Full model ln_yyx : 28.95553 nats/sec, 2.76616 nats/event
Full model Log loss : -0.31565
Full model ln_yyx : 30.90475 nats/sec, 2.95237 nats/event
Full model Log loss : -0.44963
Full model ln_yyx : 30.66096 nats/sec, 2.92908 nats/event
Full model Log loss : -0.30518
Full model ln_yyx : 30.65404 nats/sec, 2.92842 nats/event
Full model Log loss : -0.43067
Full model ln_yyx : 30.97563 nats/sec, 2.95914 nats/event
Full model Log loss : -0.44001
Full model ln_yyx : 31.21817 nats/sec, 2.98231 nats/event
Full model Log loss : -0.40878
Full model ln_yyx : 30.50327 nats/sec, 2.91402 nats/event
Full model Log loss : -0.40543
Full model ln_yyx : 31.02230 nats/sec, 2.96360 nats/event
Full model Log loss : -0.44402
Full model ln_yyx : 31.11650 nats/sec, 2.97260 nats/event
Full model Log loss : -0.44059
Full model ln_yyx : 30.26847 nats/sec, 2.89158 nats/event
Full model Log loss : -0.45375
Full model ln_yyx : 31.04314 nats/sec, 2.96559 nats/event
Full model Log loss : -0.43504
Full model ln_yyx : 30.57732 nats/sec, 2.92109 nats/event
Full model Log loss : -0.45713
Full model ln_yyx : 30.56295 nats/sec, 2.91972 nats/event
Full model Log loss : -0.44393
Full model ln_yyx : 30.25809 nats/sec, 2.89059 nats/event
Full model Log loss : -0.45545
Full model ln_yyx : 30.56895 nats/sec, 2.92029 nats/event
Full model Log loss : -0.45540
Full model ln_yyx : 30.72586 nats/sec, 2.93528 nats/event
Full model Log loss : -0.44422
Full model ln_yyx : 30.71166 nats/sec, 2.93392 nats/event
Full model Log loss : -0.46058
Full model ln_yyx : 30.70551 nats/sec, 2.93334 nats/event
Full model Log loss : -0.46049
Optimization finished. Config saved to results/opt-full/opt_full_30_best_config.txt
[I 2026-03-18 16:38:55,426] Trial 41 finished with value: -0.41139887287151705 and parameters: {'n_layers_yyx': 2, 'hidden_size_yyx_l0': 5, 'hidden_size_yyx_l1': 5, 'context_size_yyx': 2, 'num_mix_components_yyx': 1, 'context_extractor_yyx': 'gru', 'activation_func_yyx': 'Tanh', 'L2_weight_yyx': 1.6385687790838327e-09, 'L_entropy_weight_yyx': 2.0202584607530383e-09, 'L_sep_weight_yyx': 4.530389289418973e-08, 'L_scale_weight_yyx': 1.9001926183671486e-10, 'learning_rate_yyx': 0.004280446176025554}. Best is trial 26 with value: -0.43197839695602747.
[I 2026-03-18 16:38:58,950] Trial 42 pruned. 
[I 2026-03-18 16:39:00,084] Trial 11 pruned. 
[I 2026-03-18 16:39:01,904] Trial 48 finished with value: -0.41732977049269543 and parameters: {'n_layers_yyx': 2, 'hidden_size_yyx_l0': 3, 'hidden_size_yyx_l1': 5, 'context_size_yyx': 4, 'num_mix_components_yyx': 2, 'context_extractor_yyx': 'lstm', 'activation_func_yyx': 'Tanh', 'L2_weight_yyx': 4.4451652183877874e-09, 'L_entropy_weight_yyx': 1.4398264425525968e-07, 'L_sep_weight_yyx': 0.0008090862924397661, 'L_scale_weight_yyx': 4.148106096333724e-06, 'learning_rate_yyx': 0.005931814626209273}. Best is trial 9 with value: -0.4271615326589106.
[I 2026-03-18 16:39:05,693] Trial 49 pruned. 

Source events: 1783
Target events: 29032
Full model ln_yyx : 96.72132 nats/sec, 2.99839 nats/event
Full model Log loss : -0.37375
Full model ln_yyx : 96.34513 nats/sec, 2.98673 nats/event
Full model Log loss : -0.36081
Full model ln_yyx : 95.71455 nats/sec, 2.96718 nats/event
Full model Log loss : -0.42374
Full model ln_yyx : 95.84365 nats/sec, 2.97118 nats/event
Full model Log loss : -0.42240
Full model ln_yyx : 96.08158 nats/sec, 2.97856 nats/event
Full model Log loss : -0.32092
Full model ln_yyx : 96.62614 nats/sec, 2.99544 nats/event
Full model Log loss : -0.42178
Full model ln_yyx : 96.61384 nats/sec, 2.99506 nats/event
Full model Log loss : -0.42716
Full model ln_yyx : 93.97476 nats/sec, 2.91324 nats/event
Full model Log loss : -0.39536
Full model ln_yyx : 95.89858 nats/sec, 2.97288 nats/event
Full model Log loss : -0.41624
Full model ln_yyx : 96.50950 nats/sec, 2.99182 nats/event
Full model Log loss : -0.42454
Full model ln_yyx : 96.48205 nats/sec, 2.99097 nats/event
Full model Log loss : -0.41733
Optimization finished. Config saved to results/opt-full/opt_full_21_best_config.txt
[I 2026-03-18 16:39:07,845] Trial 43 pruned. 
[I 2026-03-18 16:39:08,333] Trial 10 finished with value: -2.774143289624226 and parameters: {'n_layers_yyx': 2, 'hidden_size_yyx_l0': 5, 'hidden_size_yyx_l1': 6, 'context_size_yyx': 4, 'num_mix_components_yyx': 4, 'context_extractor_yyx': 'lstm', 'activation_func_yyx': 'Tanh', 'L2_weight_yyx': 7.669332808716168e-07, 'L_entropy_weight_yyx': 0.0009412485855406051, 'L_sep_weight_yyx': 5.532433410357588e-08, 'L_scale_weight_yyx': 2.2223425441938318e-08, 'learning_rate_yyx': 0.00902148420333975}. Best is trial 4 with value: -2.777686147163457.
[I 2026-03-18 16:39:08,513] Trial 7 finished with value: -2.80084571769578 and parameters: {'n_layers_yyx': 2, 'hidden_size_yyx_l0': 6, 'hidden_size_yyx_l1': 4, 'context_size_yyx': 3, 'num_mix_components_yyx': 4, 'context_extractor_yyx': 'gru', 'activation_func_yyx': 'GELU', 'L2_weight_yyx': 3.730641652379745e-05, 'L_entropy_weight_yyx': 6.037414386295791e-10, 'L_sep_weight_yyx': 2.908181606500123e-08, 'L_scale_weight_yyx': 2.0879700273480028e-07, 'learning_rate_yyx': 0.006217938928891682}. Best is trial 5 with value: -2.803729491226789.
[I 2026-03-18 16:39:11,509] Trial 44 pruned. 
[I 2026-03-18 16:39:11,912] Trial 41 pruned. 
[I 2026-03-18 16:39:15,112] Trial 12 pruned. 
[I 2026-03-18 16:39:15,328] Trial 42 pruned. 
[I 2026-03-18 16:39:19,574] Trial 45 pruned. 
[I 2026-03-18 16:39:21,406] Trial 46 pruned. 
[I 2026-03-18 16:39:22,103] Trial 16 finished with value: -2.8015090775087956 and parameters: {'n_layers_yyx': 2, 'hidden_size_yyx_l0': 6, 'hidden_size_yyx_l1': 2, 'context_size_yyx': 2, 'num_mix_components_yyx': 3, 'context_extractor_yyx': 'gru', 'activation_func_yyx': 'GELU', 'L2_weight_yyx': 4.373478613958903e-05, 'L_entropy_weight_yyx': 2.046275774696291e-09, 'L_sep_weight_yyx': 2.966293282479281e-05, 'L_scale_weight_yyx': 4.038784994413115e-05, 'learning_rate_yyx': 0.007463830030158957}. Best is trial 0 with value: -2.8067502106217272.
[I 2026-03-18 16:39:22,717] Trial 8 pruned. 
[I 2026-03-18 16:39:23,447] Trial 43 pruned. 
[I 2026-03-18 16:39:27,139] Trial 44 pruned. 
[I 2026-03-18 16:39:28,499] Trial 45 pruned. 
[I 2026-03-18 16:39:29,502] Trial 13 pruned. 
[I 2026-03-18 16:39:29,722] Trial 47 pruned. 
[I 2026-03-18 16:39:31,652] Trial 48 pruned. 
[I 2026-03-18 16:39:33,639] Trial 49 pruned. 

Source events: 1783
Target events: 10752
Full model ln_yyx : 35.45960 nats/sec, 2.96816 nats/event
Full model Log loss : -0.42366
Full model ln_yyx : 34.62847 nats/sec, 2.89859 nats/event
Full model Log loss : -0.38540
Full model ln_yyx : 35.10160 nats/sec, 2.93819 nats/event
Full model Log loss : -0.34490
Full model ln_yyx : 36.10079 nats/sec, 3.02183 nats/event
Full model Log loss : -0.39156
Full model ln_yyx : 35.20292 nats/sec, 2.94667 nats/event
Full model Log loss : -0.36131
Full model ln_yyx : 35.17255 nats/sec, 2.94413 nats/event
Full model Log loss : -0.40076
Full model ln_yyx : 35.30716 nats/sec, 2.95540 nats/event
Full model Log loss : -0.43100
Full model ln_yyx : 33.15642 nats/sec, 2.77537 nats/event
Full model Log loss : -0.38793
Full model ln_yyx : 35.56996 nats/sec, 2.97740 nats/event
Full model Log loss : -0.39276
Full model ln_yyx : 35.33208 nats/sec, 2.95748 nats/event
Full model Log loss : -0.40664
Full model ln_yyx : 35.35156 nats/sec, 2.95912 nats/event
Full model Log loss : -0.41174
Full model ln_yyx : 34.21081 nats/sec, 2.86363 nats/event
Full model Log loss : -0.35694
Full model ln_yyx : 35.55950 nats/sec, 2.97652 nats/event
Full model Log loss : -0.43198
Full model ln_yyx : 35.34474 nats/sec, 2.95854 nats/event
Full model Log loss : -0.41140
Optimization finished. Config saved to results/opt-full/opt_full_25_best_config.txt
[I 2026-03-18 16:39:36,587] Trial 17 pruned. 
[I 2026-03-18 16:39:36,720] Trial 46 pruned. 
[I 2026-03-18 16:39:37,754] Trial 47 pruned. 
[I 2026-03-18 16:39:41,441] Trial 48 pruned. 
[I 2026-03-18 16:39:43,077] Trial 49 pruned. 

Source events: 1783
Target events: 12731
Full model ln_yyx : 41.99624 nats/sec, 2.96886 nats/event
Full model Log loss : -0.38956
Full model ln_yyx : 40.93498 nats/sec, 2.89384 nats/event
Full model Log loss : -0.39807
Full model ln_yyx : 42.15032 nats/sec, 2.97976 nats/event
Full model Log loss : -0.42895
Full model ln_yyx : 39.59858 nats/sec, 2.79937 nats/event
Full model Log loss : -0.33751
Full model ln_yyx : 40.11604 nats/sec, 2.83595 nats/event
Full model Log loss : -0.36682
Full model ln_yyx : 43.64263 nats/sec, 3.08525 nats/event
Full model Log loss : -0.38308
Full model ln_yyx : 41.46124 nats/sec, 2.93104 nats/event
Full model Log loss : -0.40602
Full model ln_yyx : 40.68541 nats/sec, 2.87620 nats/event
Full model Log loss : -0.39297
Full model ln_yyx : 42.31915 nats/sec, 2.99169 nats/event
Full model Log loss : -0.42046
Full model ln_yyx : 42.30437 nats/sec, 2.99065 nats/event
Full model Log loss : -0.41958
Full model ln_yyx : 42.31508 nats/sec, 2.99140 nats/event
Full model Log loss : -0.42019
Full model ln_yyx : 42.31410 nats/sec, 2.99134 nats/event
Full model Log loss : -0.42012
Full model ln_yyx : 42.28550 nats/sec, 2.98931 nats/event
Full model Log loss : -0.41874
Full model ln_yyx : 41.61882 nats/sec, 2.94218 nats/event
Full model Log loss : -0.40987
Full model ln_yyx : 41.88806 nats/sec, 2.96122 nats/event
Full model Log loss : -0.42964
Optimization finished. Config saved to results/opt-full/opt_full_18_best_config.txt
[I 2026-03-18 16:39:48,778] Trial 5 pruned. 
[I 2026-03-18 16:39:54,689] Trial 11 finished with value: -2.7741674975814106 and parameters: {'n_layers_yyx': 2, 'hidden_size_yyx_l0': 5, 'hidden_size_yyx_l1': 6, 'context_size_yyx': 4, 'num_mix_components_yyx': 4, 'context_extractor_yyx': 'lstm', 'activation_func_yyx': 'Tanh', 'L2_weight_yyx': 8.464233488335727e-07, 'L_entropy_weight_yyx': 0.0007692530987786537, 'L_sep_weight_yyx': 3.8218325619509256e-08, 'L_scale_weight_yyx': 6.2489959366060125e-09, 'learning_rate_yyx': 0.009518413746684492}. Best is trial 4 with value: -2.777686147163457.
[I 2026-03-18 16:39:57,884] Trial 8 finished with value: -2.791748086852178 and parameters: {'n_layers_yyx': 2, 'hidden_size_yyx_l0': 3, 'hidden_size_yyx_l1': 6, 'context_size_yyx': 1, 'num_mix_components_yyx': 1, 'context_extractor_yyx': 'gru', 'activation_func_yyx': 'Tanh', 'L2_weight_yyx': 0.0002097098613357691, 'L_entropy_weight_yyx': 0.0006966093023056644, 'L_sep_weight_yyx': 4.9479730671696045e-06, 'L_scale_weight_yyx': 3.904236331673118e-07, 'learning_rate_yyx': 0.004730181671797404}. Best is trial 5 with value: -2.805070761203844.
[I 2026-03-18 16:40:09,769] Trial 14 pruned. 
[I 2026-03-18 16:40:11,532] Trial 5 finished with value: -2.7937609118555207 and parameters: {'n_layers_yyx': 1, 'hidden_size_yyx_l0': 5, 'context_size_yyx': 4, 'num_mix_components_yyx': 4, 'context_extractor_yyx': 'lstm', 'activation_func_yyx': 'GELU', 'L2_weight_yyx': 9.070649500453783e-09, 'L_entropy_weight_yyx': 2.2064500020379803e-09, 'L_sep_weight_yyx': 8.542372960238488e-09, 'L_scale_weight_yyx': 0.00018615588841077666, 'learning_rate_yyx': 0.0028466061160164853}. Best is trial 5 with value: -2.7937609118555207.
[I 2026-03-18 16:40:19,476] Trial 16 finished with value: -2.795719508385717 and parameters: {'n_layers_yyx': 1, 'hidden_size_yyx_l0': 5, 'context_size_yyx': 4, 'num_mix_components_yyx': 4, 'context_extractor_yyx': 'lstm', 'activation_func_yyx': 'Tanh', 'L2_weight_yyx': 3.687493848933565e-07, 'L_entropy_weight_yyx': 4.4206512608990104e-10, 'L_sep_weight_yyx': 4.6333273473204465e-08, 'L_scale_weight_yyx': 0.0007061288303503577, 'learning_rate_yyx': 0.004155357248630771}. Best is trial 16 with value: -2.795719508385717.
[I 2026-03-18 16:40:23,655] Trial 15 pruned. 
[I 2026-03-18 16:40:32,729] Trial 13 finished with value: -2.8082553050147787 and parameters: {'n_layers_yyx': 1, 'hidden_size_yyx_l0': 6, 'context_size_yyx': 4, 'num_mix_components_yyx': 2, 'context_extractor_yyx': 'gru', 'activation_func_yyx': 'Tanh', 'L2_weight_yyx': 4.289032541472715e-09, 'L_entropy_weight_yyx': 6.676939990949199e-09, 'L_sep_weight_yyx': 4.387626974024814e-09, 'L_scale_weight_yyx': 3.576276727954351e-09, 'learning_rate_yyx': 0.005567762669825836}. Best is trial 13 with value: -2.8082553050147787.
[I 2026-03-18 16:40:37,676] Trial 16 pruned. 
[I 2026-03-18 16:40:38,892] Trial 14 pruned. 
[I 2026-03-18 16:40:39,045] Trial 8 finished with value: -2.8015930756686904 and parameters: {'n_layers_yyx': 2, 'hidden_size_yyx_l0': 4, 'hidden_size_yyx_l1': 6, 'context_size_yyx': 4, 'num_mix_components_yyx': 2, 'context_extractor_yyx': 'gru', 'activation_func_yyx': 'GELU', 'L2_weight_yyx': 7.02967914216001e-05, 'L_entropy_weight_yyx': 1.5670011951421695e-07, 'L_sep_weight_yyx': 1.6103592357735572e-09, 'L_scale_weight_yyx': 1.9548017807611092e-10, 'learning_rate_yyx': 0.00259631930147189}. Best is trial 5 with value: -2.8051328142627483.
[I 2026-03-18 16:40:43,506] Trial 17 pruned. 
[I 2026-03-18 16:40:49,483] Trial 6 pruned. 
[I 2026-03-18 16:40:57,274] Trial 18 pruned. 
[I 2026-03-18 16:41:04,038] Trial 7 pruned. 
[I 2026-03-18 16:41:05,599] Trial 10 finished with value: -2.780549000374413 and parameters: {'n_layers_yyx': 1, 'hidden_size_yyx_l0': 2, 'context_size_yyx': 3, 'num_mix_components_yyx': 3, 'context_extractor_yyx': 'gru', 'activation_func_yyx': 'ReLU', 'L2_weight_yyx': 0.0006953362908742847, 'L_entropy_weight_yyx': 1.1265156835023776e-10, 'L_sep_weight_yyx': 1.4929984912561916e-10, 'L_scale_weight_yyx': 9.570894230253574e-10, 'learning_rate_yyx': 0.0034531614772554276}. Best is trial 6 with value: -2.7950135081496006.
[I 2026-03-18 16:41:07,596] Trial 12 finished with value: -2.780667498216409 and parameters: {'n_layers_yyx': 2, 'hidden_size_yyx_l0': 5, 'hidden_size_yyx_l1': 6, 'context_size_yyx': 3, 'num_mix_components_yyx': 4, 'context_extractor_yyx': 'lstm', 'activation_func_yyx': 'Tanh', 'L2_weight_yyx': 1.046012574431257e-06, 'L_entropy_weight_yyx': 0.0009916755188484918, 'L_sep_weight_yyx': 1.9877920569777027e-07, 'L_scale_weight_yyx': 3.7966161168925723e-10, 'learning_rate_yyx': 0.009201643354335163}. Best is trial 12 with value: -2.780667498216409.
[I 2026-03-18 16:41:08,781] Trial 17 finished with value: -2.791473635227741 and parameters: {'n_layers_yyx': 1, 'hidden_size_yyx_l0': 5, 'context_size_yyx': 4, 'num_mix_components_yyx': 4, 'context_extractor_yyx': 'lstm', 'activation_func_yyx': 'Tanh', 'L2_weight_yyx': 8.252566049809128e-07, 'L_entropy_weight_yyx': 3.780980796608189e-05, 'L_sep_weight_yyx': 2.5409075154090596e-08, 'L_scale_weight_yyx': 0.0006032468278833323, 'learning_rate_yyx': 0.009359842361696845}. Best is trial 16 with value: -2.795719508385717.
[I 2026-03-18 16:41:09,829] Trial 8 pruned. 
[I 2026-03-18 16:41:10,878] Trial 7 finished with value: -2.802945514464702 and parameters: {'n_layers_yyx': 2, 'hidden_size_yyx_l0': 6, 'hidden_size_yyx_l1': 2, 'context_size_yyx': 4, 'num_mix_components_yyx': 2, 'context_extractor_yyx': 'lstm', 'activation_func_yyx': 'GELU', 'L2_weight_yyx': 6.875778817880087e-07, 'L_entropy_weight_yyx': 0.0005749314678812164, 'L_sep_weight_yyx': 7.845034245964372e-10, 'L_scale_weight_yyx': 2.4255369785023617e-06, 'learning_rate_yyx': 0.0010215174529293548}. Best is trial 7 with value: -2.802945514464702.
[I 2026-03-18 16:41:11,161] Trial 19 pruned. 
[I 2026-03-18 16:41:13,698] Trial 5 finished with value: -2.794410140333028 and parameters: {'n_layers_yyx': 2, 'hidden_size_yyx_l0': 2, 'hidden_size_yyx_l1': 3, 'context_size_yyx': 4, 'num_mix_components_yyx': 4, 'context_extractor_yyx': 'lstm', 'activation_func_yyx': 'ReLU', 'L2_weight_yyx': 5.487277835716662e-10, 'L_entropy_weight_yyx': 0.0008852354265749271, 'L_sep_weight_yyx': 0.0004042551706949131, 'L_scale_weight_yyx': 2.2125990391382518e-08, 'learning_rate_yyx': 0.0019893975383493954}. Best is trial 1 with value: -2.794794619613311.
[I 2026-03-18 16:41:15,639] Trial 18 finished with value: -2.799426411357337 and parameters: {'n_layers_yyx': 2, 'hidden_size_yyx_l0': 5, 'hidden_size_yyx_l1': 6, 'context_size_yyx': 4, 'num_mix_components_yyx': 1, 'context_extractor_yyx': 'lstm', 'activation_func_yyx': 'ReLU', 'L2_weight_yyx': 3.95478204781794e-09, 'L_entropy_weight_yyx': 5.627260170147115e-07, 'L_sep_weight_yyx': 2.8064225550526028e-08, 'L_scale_weight_yyx': 3.680733487542394e-07, 'learning_rate_yyx': 0.006594677922101546}. Best is trial 0 with value: -2.8067502106217272.
[I 2026-03-18 16:41:19,778] Trial 6 pruned. 
[I 2026-03-18 16:41:21,115] Trial 13 pruned. 
[I 2026-03-18 16:41:24,210] Trial 9 pruned. 
[I 2026-03-18 16:41:25,483] Trial 8 pruned. 
[I 2026-03-18 16:41:27,153] Trial 8 finished with value: -2.775107404750908 and parameters: {'n_layers_yyx': 1, 'hidden_size_yyx_l0': 5, 'context_size_yyx': 2, 'num_mix_components_yyx': 5, 'context_extractor_yyx': 'gru', 'activation_func_yyx': 'GELU', 'L2_weight_yyx': 0.00029635367275537204, 'L_entropy_weight_yyx': 0.0001931996652636306, 'L_sep_weight_yyx': 4.601010220588581e-10, 'L_scale_weight_yyx': 0.0004661547985778085, 'learning_rate_yyx': 0.0019175811214377256}. Best is trial 0 with value: -2.782248579189629.
[I 2026-03-18 16:41:32,832] Trial 9 pruned. 
[I 2026-03-18 16:41:41,414] Trial 5 finished with value: -2.7916290927413168 and parameters: {'n_layers_yyx': 2, 'hidden_size_yyx_l0': 6, 'hidden_size_yyx_l1': 6, 'context_size_yyx': 2, 'num_mix_components_yyx': 2, 'context_extractor_yyx': 'gru', 'activation_func_yyx': 'GELU', 'L2_weight_yyx': 4.033315176062587e-09, 'L_entropy_weight_yyx': 8.286165379733247e-08, 'L_sep_weight_yyx': 2.4696208028684886e-06, 'L_scale_weight_yyx': 3.159298089390603e-08, 'learning_rate_yyx': 0.0005167420331078638}. Best is trial 1 with value: -2.8010403323029167.
[I 2026-03-18 16:41:42,749] Trial 8 finished with value: -2.8037041658037247 and parameters: {'n_layers_yyx': 1, 'hidden_size_yyx_l0': 2, 'context_size_yyx': 3, 'num_mix_components_yyx': 2, 'context_extractor_yyx': 'lstm', 'activation_func_yyx': 'GELU', 'L2_weight_yyx': 6.349695395375351e-06, 'L_entropy_weight_yyx': 8.929237352158904e-08, 'L_sep_weight_yyx': 1.5675522669018763e-08, 'L_scale_weight_yyx': 1.7033129933882245e-05, 'learning_rate_yyx': 0.009317159544246854}. Best is trial 5 with value: -2.8058216093098.
[I 2026-03-18 16:41:46,401] Trial 18 pruned. 
[I 2026-03-18 16:41:48,239] Trial 11 pruned. 
[I 2026-03-18 16:41:49,295] Trial 9 pruned. 
[I 2026-03-18 16:41:52,359] Trial 19 pruned. 
[I 2026-03-18 16:41:54,661] Trial 9 finished with value: -2.797726868096437 and parameters: {'n_layers_yyx': 1, 'hidden_size_yyx_l0': 4, 'context_size_yyx': 4, 'num_mix_components_yyx': 4, 'context_extractor_yyx': 'lstm', 'activation_func_yyx': 'ReLU', 'L2_weight_yyx': 1.0339693816960507e-07, 'L_entropy_weight_yyx': 3.164633078022588e-08, 'L_sep_weight_yyx': 2.3882502161525483e-08, 'L_scale_weight_yyx': 4.9085651381226566e-06, 'learning_rate_yyx': 0.006942438713582217}. Best is trial 5 with value: -2.8051328142627483.
[I 2026-03-18 16:41:55,506] Trial 6 finished with value: -2.776034488412418 and parameters: {'n_layers_yyx': 1, 'hidden_size_yyx_l0': 2, 'context_size_yyx': 3, 'num_mix_components_yyx': 5, 'context_extractor_yyx': 'lstm', 'activation_func_yyx': 'GELU', 'L2_weight_yyx': 1.0743186338393893e-05, 'L_entropy_weight_yyx': 4.370407477253691e-07, 'L_sep_weight_yyx': 1.632775615335231e-10, 'L_scale_weight_yyx': 6.878301794546324e-06, 'learning_rate_yyx': 0.0006758321475396057}. Best is trial 3 with value: -2.7991263324759417.
[I 2026-03-18 16:41:57,719] Trial 9 finished with value: -2.803433792457011 and parameters: {'n_layers_yyx': 2, 'hidden_size_yyx_l0': 4, 'hidden_size_yyx_l1': 5, 'context_size_yyx': 3, 'num_mix_components_yyx': 5, 'context_extractor_yyx': 'gru', 'activation_func_yyx': 'Tanh', 'L2_weight_yyx': 2.5987345215249953e-07, 'L_entropy_weight_yyx': 1.3934525841751068e-10, 'L_sep_weight_yyx': 1.263782994486203e-05, 'L_scale_weight_yyx': 4.3507433623698657e-10, 'learning_rate_yyx': 0.0012341097041193851}. Best is trial 5 with value: -2.803729491226789.
[I 2026-03-18 16:41:58,273] Trial 20 pruned. 
[I 2026-03-18 16:41:59,879] Trial 15 finished with value: -2.803256794388449 and parameters: {'n_layers_yyx': 1, 'hidden_size_yyx_l0': 6, 'context_size_yyx': 4, 'num_mix_components_yyx': 2, 'context_extractor_yyx': 'gru', 'activation_func_yyx': 'ReLU', 'L2_weight_yyx': 9.354240125537267e-10, 'L_entropy_weight_yyx': 6.82776581570806e-06, 'L_sep_weight_yyx': 6.24066633778697e-09, 'L_scale_weight_yyx': 8.11226952782829e-10, 'learning_rate_yyx': 0.005134304330987224}. Best is trial 13 with value: -2.8082553050147787.
[I 2026-03-18 16:42:01,405] Trial 7 pruned. 
[I 2026-03-18 16:42:01,968] Trial 12 pruned. 
[I 2026-03-18 16:42:04,034] Trial 10 pruned. 
[I 2026-03-18 16:42:04,132] Trial 10 pruned. 
[I 2026-03-18 16:42:07,744] Trial 8 pruned. 
[I 2026-03-18 16:42:07,856] Trial 13 pruned. 
[I 2026-03-18 16:42:10,116] Trial 11 pruned. 
[I 2026-03-18 16:42:10,595] Trial 11 pruned. 
[I 2026-03-18 16:42:14,053] Trial 9 pruned. 
[I 2026-03-18 16:42:15,116] Trial 16 pruned. 
[I 2026-03-18 16:42:16,776] Trial 12 pruned. 
[I 2026-03-18 16:42:21,859] Trial 17 pruned. 
[I 2026-03-18 16:42:21,975] Trial 14 pruned. 
[I 2026-03-18 16:42:25,177] Trial 12 pruned. 
[I 2026-03-18 16:42:27,210] Trial 6 finished with value: -2.799622790549317 and parameters: {'n_layers_yyx': 1, 'hidden_size_yyx_l0': 5, 'context_size_yyx': 4, 'num_mix_components_yyx': 1, 'context_extractor_yyx': 'lstm', 'activation_func_yyx': 'Tanh', 'L2_weight_yyx': 0.00011302034233330711, 'L_entropy_weight_yyx': 3.751764466770172e-09, 'L_sep_weight_yyx': 1.385853627298599e-06, 'L_scale_weight_yyx': 6.579875152449702e-06, 'learning_rate_yyx': 0.0006477242886895749}. Best is trial 2 with value: -2.802563464577197.
[I 2026-03-18 16:42:27,733] Trial 15 pruned. 
[I 2026-03-18 16:42:31,021] Trial 13 pruned. 
[I 2026-03-18 16:42:31,635] Trial 13 pruned. 
[I 2026-03-18 16:42:33,807] Trial 16 pruned. 
[I 2026-03-18 16:42:34,869] Trial 14 finished with value: -2.775905036690836 and parameters: {'n_layers_yyx': 2, 'hidden_size_yyx_l0': 6, 'hidden_size_yyx_l1': 6, 'context_size_yyx': 3, 'num_mix_components_yyx': 4, 'context_extractor_yyx': 'lstm', 'activation_func_yyx': 'Tanh', 'L2_weight_yyx': 4.482108870932658e-06, 'L_entropy_weight_yyx': 7.574151822539648e-05, 'L_sep_weight_yyx': 5.246889907821633e-09, 'L_scale_weight_yyx': 0.0008780777648500404, 'learning_rate_yyx': 0.005960166124830839}. Best is trial 12 with value: -2.780667498216409.
[I 2026-03-18 16:42:36,121] Trial 18 pruned. 
[I 2026-03-18 16:42:46,449] Trial 14 pruned. 
[I 2026-03-18 16:42:47,416] Trial 17 pruned. 
[I 2026-03-18 16:42:50,834] Trial 19 pruned. 
[I 2026-03-18 16:42:53,155] Trial 9 finished with value: -2.8012427265522657 and parameters: {'n_layers_yyx': 2, 'hidden_size_yyx_l0': 3, 'hidden_size_yyx_l1': 4, 'context_size_yyx': 4, 'num_mix_components_yyx': 5, 'context_extractor_yyx': 'lstm', 'activation_func_yyx': 'ReLU', 'L2_weight_yyx': 0.000379017922903716, 'L_entropy_weight_yyx': 0.0003490889274008485, 'L_sep_weight_yyx': 8.880294731122825e-10, 'L_scale_weight_yyx': 1.3823758839330571e-08, 'learning_rate_yyx': 0.0011032459370365517}. Best is trial 5 with value: -2.805070761203844.
[I 2026-03-18 16:42:53,649] Trial 18 pruned. 
[I 2026-03-18 16:43:00,256] Trial 19 pruned. 
[I 2026-03-18 16:43:09,782] Trial 20 pruned. 
[I 2026-03-18 16:43:12,448] Trial 7 pruned. 
[I 2026-03-18 16:43:15,536] Trial 6 finished with value: -2.805382927239302 and parameters: {'n_layers_yyx': 1, 'hidden_size_yyx_l0': 5, 'context_size_yyx': 3, 'num_mix_components_yyx': 5, 'context_extractor_yyx': 'gru', 'activation_func_yyx': 'GELU', 'L2_weight_yyx': 1.3504791005059508e-08, 'L_entropy_weight_yyx': 6.019619970957316e-09, 'L_sep_weight_yyx': 3.8042751461367266e-05, 'L_scale_weight_yyx': 7.144259604809999e-06, 'learning_rate_yyx': 0.008007559910501736}. Best is trial 6 with value: -2.805382927239302.
[I 2026-03-18 16:43:19,997] Trial 20 pruned. 
[I 2026-03-18 16:43:20,378] Trial 10 finished with value: -2.7964817927433896 and parameters: {'n_layers_yyx': 1, 'hidden_size_yyx_l0': 6, 'context_size_yyx': 4, 'num_mix_components_yyx': 3, 'context_extractor_yyx': 'lstm', 'activation_func_yyx': 'GELU', 'L2_weight_yyx': 9.873920122272621e-06, 'L_entropy_weight_yyx': 0.0004843487777104329, 'L_sep_weight_yyx': 3.609184211491655e-09, 'L_scale_weight_yyx': 4.0403377610469466e-10, 'learning_rate_yyx': 0.009742228446750855}. Best is trial 10 with value: -2.7964817927433896.
[I 2026-03-18 16:43:23,191] Trial 21 finished with value: -2.7963082234130257 and parameters: {'n_layers_yyx': 1, 'hidden_size_yyx_l0': 5, 'context_size_yyx': 4, 'num_mix_components_yyx': 4, 'context_extractor_yyx': 'lstm', 'activation_func_yyx': 'Tanh', 'L2_weight_yyx': 3.5272110766383586e-07, 'L_entropy_weight_yyx': 9.737025577740677e-05, 'L_sep_weight_yyx': 5.425492064109367e-08, 'L_scale_weight_yyx': 0.0004801594195460993, 'learning_rate_yyx': 0.008989508067852254}. Best is trial 21 with value: -2.7963082234130257.
[I 2026-03-18 16:43:29,033] Trial 21 pruned. 
[I 2026-03-18 16:43:30,431] Trial 20 pruned. 
[I 2026-03-18 16:43:34,166] Trial 19 finished with value: -2.79497425077473 and parameters: {'n_layers_yyx': 2, 'hidden_size_yyx_l0': 2, 'hidden_size_yyx_l1': 3, 'context_size_yyx': 3, 'num_mix_components_yyx': 4, 'context_extractor_yyx': 'gru', 'activation_func_yyx': 'Tanh', 'L2_weight_yyx': 0.00019988876636695515, 'L_entropy_weight_yyx': 7.187555104892838e-08, 'L_sep_weight_yyx': 8.889961516877628e-07, 'L_scale_weight_yyx': 1.0999254854314973e-06, 'learning_rate_yyx': 0.004589819367391451}. Best is trial 0 with value: -2.8067502106217272.
[I 2026-03-18 16:43:37,731] Trial 22 pruned. 
[I 2026-03-18 16:43:39,220] Trial 10 finished with value: -2.801164416813831 and parameters: {'n_layers_yyx': 2, 'hidden_size_yyx_l0': 6, 'hidden_size_yyx_l1': 6, 'context_size_yyx': 4, 'num_mix_components_yyx': 4, 'context_extractor_yyx': 'lstm', 'activation_func_yyx': 'Tanh', 'L2_weight_yyx': 1.5415944027678143e-05, 'L_entropy_weight_yyx': 2.3685170077664403e-08, 'L_sep_weight_yyx': 0.0007848287449336877, 'L_scale_weight_yyx': 3.072679350144776e-10, 'learning_rate_yyx': 0.002242168971962644}. Best is trial 10 with value: -2.801164416813831.
[I 2026-03-18 16:43:40,116] Trial 20 pruned. 
[I 2026-03-18 16:43:47,497] Trial 23 pruned. 
[I 2026-03-18 16:43:57,465] Trial 24 pruned. 
[I 2026-03-18 16:44:00,896] Trial 9 finished with value: -2.8084722793451675 and parameters: {'n_layers_yyx': 2, 'hidden_size_yyx_l0': 3, 'hidden_size_yyx_l1': 6, 'context_size_yyx': 4, 'num_mix_components_yyx': 4, 'context_extractor_yyx': 'lstm', 'activation_func_yyx': 'GELU', 'L2_weight_yyx': 1.700191722988903e-08, 'L_entropy_weight_yyx': 2.4028218412497636e-08, 'L_sep_weight_yyx': 1.0721102745544063e-09, 'L_scale_weight_yyx': 4.89851216606011e-10, 'learning_rate_yyx': 0.0029261548002064326}. Best is trial 9 with value: -2.8084722793451675.
[I 2026-03-18 16:44:01,315] Trial 22 pruned. 
[I 2026-03-18 16:44:07,161] Trial 23 pruned. 
[I 2026-03-18 16:44:07,949] Trial 10 finished with value: -2.798106716837492 and parameters: {'n_layers_yyx': 1, 'hidden_size_yyx_l0': 6, 'context_size_yyx': 3, 'num_mix_components_yyx': 3, 'context_extractor_yyx': 'gru', 'activation_func_yyx': 'Tanh', 'L2_weight_yyx': 7.214583048875591e-08, 'L_entropy_weight_yyx': 7.902083765941482e-10, 'L_sep_weight_yyx': 4.8117576733103705e-08, 'L_scale_weight_yyx': 1.0446514778247411e-10, 'learning_rate_yyx': 0.00939121739524505}. Best is trial 5 with value: -2.805070761203844.
[I 2026-03-18 16:44:13,656] Trial 11 pruned. 
[I 2026-03-18 16:44:18,555] Trial 21 pruned. 
[I 2026-03-18 16:44:19,326] Trial 25 pruned. 
[I 2026-03-18 16:44:20,430] Trial 7 finished with value: -2.8073737460176833 and parameters: {'n_layers_yyx': 1, 'hidden_size_yyx_l0': 3, 'context_size_yyx': 2, 'num_mix_components_yyx': 5, 'context_extractor_yyx': 'lstm', 'activation_func_yyx': 'ReLU', 'L2_weight_yyx': 2.156272970059869e-08, 'L_entropy_weight_yyx': 7.646981038291994e-08, 'L_sep_weight_yyx': 3.714534489173377e-05, 'L_scale_weight_yyx': 9.292425163754986e-05, 'learning_rate_yyx': 0.00872396863390485}. Best is trial 7 with value: -2.8073737460176833.
[I 2026-03-18 16:44:24,516] Trial 22 pruned. 
[I 2026-03-18 16:44:24,760] Trial 11 finished with value: -2.794205015470874 and parameters: {'n_layers_yyx': 1, 'hidden_size_yyx_l0': 6, 'context_size_yyx': 4, 'num_mix_components_yyx': 3, 'context_extractor_yyx': 'lstm', 'activation_func_yyx': 'GELU', 'L2_weight_yyx': 4.153451065973505e-06, 'L_entropy_weight_yyx': 0.0006533978180324886, 'L_sep_weight_yyx': 6.305805442491031e-09, 'L_scale_weight_yyx': 2.1610965948936533e-10, 'learning_rate_yyx': 0.009560386419160266}. Best is trial 10 with value: -2.7964817927433896.
[I 2026-03-18 16:44:26,359] Trial 8 pruned. 
[I 2026-03-18 16:44:27,571] Trial 14 finished with value: -2.8039510630484474 and parameters: {'n_layers_yyx': 1, 'hidden_size_yyx_l0': 5, 'context_size_yyx': 4, 'num_mix_components_yyx': 3, 'context_extractor_yyx': 'gru', 'activation_func_yyx': 'ReLU', 'L2_weight_yyx': 5.8765049335333525e-06, 'L_entropy_weight_yyx': 3.6038712658529496e-05, 'L_sep_weight_yyx': 7.5203931150712615e-06, 'L_scale_weight_yyx': 2.030732006762967e-06, 'learning_rate_yyx': 0.0060173855657554235}. Best is trial 5 with value: -2.8058216093098.
[I 2026-03-18 16:44:28,188] Trial 12 pruned. 
[I 2026-03-18 16:44:32,008] Trial 9 pruned. 
[I 2026-03-18 16:44:33,612] Trial 21 finished with value: -2.8006804935515874 and parameters: {'n_layers_yyx': 1, 'hidden_size_yyx_l0': 6, 'context_size_yyx': 3, 'num_mix_components_yyx': 4, 'context_extractor_yyx': 'lstm', 'activation_func_yyx': 'ReLU', 'L2_weight_yyx': 4.1711292255331434e-10, 'L_entropy_weight_yyx': 4.1127554696364065e-10, 'L_sep_weight_yyx': 0.0006184659209907377, 'L_scale_weight_yyx': 1.2870088330279989e-08, 'learning_rate_yyx': 0.008392574270881312}. Best is trial 1 with value: -2.804181999864486.
[I 2026-03-18 16:44:33,913] Trial 10 finished with value: -2.776277612190527 and parameters: {'n_layers_yyx': 1, 'hidden_size_yyx_l0': 4, 'context_size_yyx': 4, 'num_mix_components_yyx': 1, 'context_extractor_yyx': 'gru', 'activation_func_yyx': 'ReLU', 'L2_weight_yyx': 2.884253822005112e-07, 'L_entropy_weight_yyx': 5.395015910065596e-08, 'L_sep_weight_yyx': 6.342470443491098e-08, 'L_scale_weight_yyx': 5.301977603889688e-09, 'learning_rate_yyx': 0.0009647889345444675}. Best is trial 0 with value: -2.782248579189629.
[I 2026-03-18 16:44:34,021] Trial 13 pruned. 
[I 2026-03-18 16:44:39,787] Trial 11 pruned. 
[I 2026-03-18 16:44:40,774] Trial 15 finished with value: -2.801416820220272 and parameters: {'n_layers_yyx': 2, 'hidden_size_yyx_l0': 5, 'hidden_size_yyx_l1': 5, 'context_size_yyx': 4, 'num_mix_components_yyx': 4, 'context_extractor_yyx': 'gru', 'activation_func_yyx': 'ReLU', 'L2_weight_yyx': 0.0008599259173693772, 'L_entropy_weight_yyx': 8.696402518556755e-07, 'L_sep_weight_yyx': 1.424519938164281e-06, 'L_scale_weight_yyx': 5.414316679051094e-06, 'learning_rate_yyx': 0.002062390122866175}. Best is trial 5 with value: -2.803729491226789.
[I 2026-03-18 16:44:45,315] Trial 10 finished with value: -2.789951646214514 and parameters: {'n_layers_yyx': 2, 'hidden_size_yyx_l0': 2, 'hidden_size_yyx_l1': 4, 'context_size_yyx': 3, 'num_mix_components_yyx': 5, 'context_extractor_yyx': 'lstm', 'activation_func_yyx': 'Tanh', 'L2_weight_yyx': 1.0086833356089826e-10, 'L_entropy_weight_yyx': 1.9102990437418963e-10, 'L_sep_weight_yyx': 2.353592417436168e-05, 'L_scale_weight_yyx': 0.0004940216225310058, 'learning_rate_yyx': 0.000776411440640838}. Best is trial 5 with value: -2.8051328142627483.
[I 2026-03-18 16:44:45,776] Trial 10 pruned. 
[I 2026-03-18 16:44:45,809] Trial 12 pruned. 
[I 2026-03-18 16:44:48,414] Trial 8 finished with value: -2.7912823347657536 and parameters: {'n_layers_yyx': 2, 'hidden_size_yyx_l0': 3, 'hidden_size_yyx_l1': 6, 'context_size_yyx': 4, 'num_mix_components_yyx': 3, 'context_extractor_yyx': 'gru', 'activation_func_yyx': 'ReLU', 'L2_weight_yyx': 7.293697114980961e-05, 'L_entropy_weight_yyx': 1.6933152881579705e-07, 'L_sep_weight_yyx': 2.214295292852741e-05, 'L_scale_weight_yyx': 1.579283202990566e-10, 'learning_rate_yyx': 0.007065956500818118}. Best is trial 1 with value: -2.794794619613311.
[I 2026-03-18 16:44:48,921] Trial 14 pruned. 
[I 2026-03-18 16:44:54,736] Trial 9 pruned. 
[I 2026-03-18 16:44:56,596] Trial 15 finished with value: -2.780911484127889 and parameters: {'n_layers_yyx': 2, 'hidden_size_yyx_l0': 5, 'hidden_size_yyx_l1': 4, 'context_size_yyx': 3, 'num_mix_components_yyx': 5, 'context_extractor_yyx': 'lstm', 'activation_func_yyx': 'Tanh', 'L2_weight_yyx': 2.0446791092450546e-09, 'L_entropy_weight_yyx': 1.0231938572805664e-08, 'L_sep_weight_yyx': 1.279594208551184e-10, 'L_scale_weight_yyx': 1.2036952998066632e-07, 'learning_rate_yyx': 0.002436091738424352}. Best is trial 15 with value: -2.780911484127889.
[I 2026-03-18 16:44:59,201] Trial 11 pruned. 
[I 2026-03-18 16:44:59,474] Trial 11 pruned. 
[I 2026-03-18 16:45:02,953] Trial 23 pruned. 
[I 2026-03-18 16:45:03,162] Trial 15 pruned. 
[I 2026-03-18 16:45:08,448] Trial 11 finished with value: -2.8017587322763102 and parameters: {'n_layers_yyx': 2, 'hidden_size_yyx_l0': 6, 'hidden_size_yyx_l1': 6, 'context_size_yyx': 4, 'num_mix_components_yyx': 4, 'context_extractor_yyx': 'lstm', 'activation_func_yyx': 'Tanh', 'L2_weight_yyx': 2.268467557716358e-05, 'L_entropy_weight_yyx': 1.6389676251623114e-08, 'L_sep_weight_yyx': 0.0008733723223031105, 'L_scale_weight_yyx': 2.405033732120061e-10, 'learning_rate_yyx': 0.0018005108801495613}. Best is trial 11 with value: -2.8017587322763102.
[I 2026-03-18 16:45:09,241] Trial 16 pruned. 
[I 2026-03-18 16:45:09,792] Trial 16 pruned. 
[I 2026-03-18 16:45:12,077] Trial 22 pruned. 
[I 2026-03-18 16:45:16,852] Trial 24 pruned. 
[I 2026-03-18 16:45:17,003] Trial 26 pruned. 
[I 2026-03-18 16:45:20,028] Trial 16 pruned. 
[I 2026-03-18 16:45:22,505] Trial 17 pruned. 
[I 2026-03-18 16:45:23,070] Trial 25 pruned. 
[I 2026-03-18 16:45:23,982] Trial 21 finished with value: -2.806654048539519 and parameters: {'n_layers_yyx': 1, 'hidden_size_yyx_l0': 6, 'context_size_yyx': 4, 'num_mix_components_yyx': 2, 'context_extractor_yyx': 'gru', 'activation_func_yyx': 'ReLU', 'L2_weight_yyx': 1.4280026107317155e-10, 'L_entropy_weight_yyx': 3.0490054809663963e-06, 'L_sep_weight_yyx': 8.315124431899814e-09, 'L_scale_weight_yyx': 5.991667447912286e-10, 'learning_rate_yyx': 0.005275093325096213}. Best is trial 13 with value: -2.8082553050147787.
[I 2026-03-18 16:45:27,546] Trial 27 pruned. 
[I 2026-03-18 16:45:27,844] Trial 18 pruned. 
[I 2026-03-18 16:45:29,677] Trial 12 finished with value: -2.7942098926169803 and parameters: {'n_layers_yyx': 1, 'hidden_size_yyx_l0': 6, 'context_size_yyx': 4, 'num_mix_components_yyx': 3, 'context_extractor_yyx': 'lstm', 'activation_func_yyx': 'GELU', 'L2_weight_yyx': 1.1472642836576187e-05, 'L_entropy_weight_yyx': 0.0009836692471834566, 'L_sep_weight_yyx': 7.449228263422485e-09, 'L_scale_weight_yyx': 1.2217290977160756e-10, 'learning_rate_yyx': 0.009835414068233777}. Best is trial 10 with value: -2.7964817927433896.
[I 2026-03-18 16:45:32,856] Trial 10 pruned. 
[I 2026-03-18 16:45:38,355] Trial 24 finished with value: -2.798767703717539 and parameters: {'n_layers_yyx': 1, 'hidden_size_yyx_l0': 5, 'context_size_yyx': 4, 'num_mix_components_yyx': 5, 'context_extractor_yyx': 'lstm', 'activation_func_yyx': 'Tanh', 'L2_weight_yyx': 9.646016918612799e-06, 'L_entropy_weight_yyx': 1.8313863482396821e-06, 'L_sep_weight_yyx': 8.698596040883199e-07, 'L_scale_weight_yyx': 4.0663291704526596e-05, 'learning_rate_yyx': 0.007124859747245845}. Best is trial 24 with value: -2.798767703717539.
[I 2026-03-18 16:45:41,105] Trial 10 finished with value: -2.802766876445575 and parameters: {'n_layers_yyx': 2, 'hidden_size_yyx_l0': 2, 'hidden_size_yyx_l1': 6, 'context_size_yyx': 4, 'num_mix_components_yyx': 3, 'context_extractor_yyx': 'lstm', 'activation_func_yyx': 'Tanh', 'L2_weight_yyx': 1.1840441457199692e-08, 'L_entropy_weight_yyx': 3.414576843274966e-08, 'L_sep_weight_yyx': 1.769956539574125e-07, 'L_scale_weight_yyx': 2.060508087707878e-10, 'learning_rate_yyx': 0.004083494156648047}. Best is trial 9 with value: -2.8084722793451675.
[I 2026-03-18 16:45:43,189] Trial 13 pruned. 
[I 2026-03-18 16:45:46,564] Trial 11 pruned. 
[I 2026-03-18 16:45:48,919] Trial 28 pruned. 
[I 2026-03-18 16:45:56,708] Trial 14 pruned. 
[I 2026-03-18 16:45:57,325] Trial 12 finished with value: -2.8040485834650117 and parameters: {'n_layers_yyx': 1, 'hidden_size_yyx_l0': 6, 'context_size_yyx': 4, 'num_mix_components_yyx': 2, 'context_extractor_yyx': 'lstm', 'activation_func_yyx': 'ReLU', 'L2_weight_yyx': 5.22104190553142e-07, 'L_entropy_weight_yyx': 2.4846698789122225e-09, 'L_sep_weight_yyx': 1.0242715708716019e-07, 'L_scale_weight_yyx': 3.202807868441506e-05, 'learning_rate_yyx': 0.009550453717490333}. Best is trial 7 with value: -2.8073737460176833.
[I 2026-03-18 16:46:04,037] Trial 19 pruned. 
[I 2026-03-18 16:46:10,973] Trial 13 pruned. 
[I 2026-03-18 16:46:31,248] Trial 7 finished with value: -2.792293338216945 and parameters: {'n_layers_yyx': 1, 'hidden_size_yyx_l0': 3, 'context_size_yyx': 1, 'num_mix_components_yyx': 4, 'context_extractor_yyx': 'lstm', 'activation_func_yyx': 'Tanh', 'L2_weight_yyx': 1.1771644048261462e-05, 'L_entropy_weight_yyx': 1.9606521823181113e-10, 'L_sep_weight_yyx': 6.119776209042071e-06, 'L_scale_weight_yyx': 1.4619122559996996e-08, 'learning_rate_yyx': 0.0015041297513002875}. Best is trial 6 with value: -2.805382927239302.
[I 2026-03-18 16:46:33,109] Trial 15 finished with value: -2.7976778555064636 and parameters: {'n_layers_yyx': 1, 'hidden_size_yyx_l0': 6, 'context_size_yyx': 4, 'num_mix_components_yyx': 4, 'context_extractor_yyx': 'lstm', 'activation_func_yyx': 'ReLU', 'L2_weight_yyx': 1.355179677351417e-07, 'L_entropy_weight_yyx': 9.048556744481128e-05, 'L_sep_weight_yyx': 9.273201447526541e-06, 'L_scale_weight_yyx': 1.6745788805182267e-06, 'learning_rate_yyx': 0.0034723492953914006}. Best is trial 5 with value: -2.8058216093098.
[I 2026-03-18 16:46:35,602] Trial 15 pruned. 
[I 2026-03-18 16:46:37,227] Trial 8 pruned. 
[I 2026-03-18 16:46:38,768] Trial 29 pruned. 
[I 2026-03-18 16:46:40,325] Trial 22 finished with value: -2.8044397637840572 and parameters: {'n_layers_yyx': 1, 'hidden_size_yyx_l0': 6, 'context_size_yyx': 4, 'num_mix_components_yyx': 2, 'context_extractor_yyx': 'gru', 'activation_func_yyx': 'ReLU', 'L2_weight_yyx': 2.1060589118209598e-10, 'L_entropy_weight_yyx': 0.00010181274553933305, 'L_sep_weight_yyx': 1.519324465453742e-08, 'L_scale_weight_yyx': 3.657978417328914e-10, 'learning_rate_yyx': 0.007040115503299679}. Best is trial 13 with value: -2.8082553050147787.
[I 2026-03-18 16:46:41,425] Trial 16 pruned. 
[I 2026-03-18 16:46:43,044] Trial 9 pruned. 
[I 2026-03-18 16:46:46,171] Trial 30 pruned. 
[I 2026-03-18 16:46:47,313] Trial 17 pruned. 
[I 2026-03-18 16:46:48,700] Trial 14 pruned. 
[I 2026-03-18 16:46:49,064] Trial 12 finished with value: -2.80029438840474 and parameters: {'n_layers_yyx': 2, 'hidden_size_yyx_l0': 5, 'hidden_size_yyx_l1': 6, 'context_size_yyx': 4, 'num_mix_components_yyx': 4, 'context_extractor_yyx': 'lstm', 'activation_func_yyx': 'Tanh', 'L2_weight_yyx': 9.139665509134304e-06, 'L_entropy_weight_yyx': 6.5475669300960635e-09, 'L_sep_weight_yyx': 0.0009866007789426643, 'L_scale_weight_yyx': 1.1103609615923788e-10, 'learning_rate_yyx': 0.0016077596074981421}. Best is trial 11 with value: -2.8017587322763102.
[I 2026-03-18 16:46:54,821] Trial 12 finished with value: -2.8040045752930647 and parameters: {'n_layers_yyx': 2, 'hidden_size_yyx_l0': 3, 'hidden_size_yyx_l1': 4, 'context_size_yyx': 4, 'num_mix_components_yyx': 4, 'context_extractor_yyx': 'lstm', 'activation_func_yyx': 'Tanh', 'L2_weight_yyx': 6.108082313103386e-06, 'L_entropy_weight_yyx': 0.0005915081429319264, 'L_sep_weight_yyx': 1.2703607703471293e-06, 'L_scale_weight_yyx': 0.0009723284060093595, 'learning_rate_yyx': 0.003878030236851009}. Best is trial 5 with value: -2.8051328142627483.
[I 2026-03-18 16:46:55,483] Trial 23 finished with value: -2.7952290982705366 and parameters: {'n_layers_yyx': 1, 'hidden_size_yyx_l0': 6, 'context_size_yyx': 2, 'num_mix_components_yyx': 4, 'context_extractor_yyx': 'lstm', 'activation_func_yyx': 'ReLU', 'L2_weight_yyx': 6.248997550861564e-10, 'L_entropy_weight_yyx': 3.3732862912395675e-10, 'L_sep_weight_yyx': 0.00012091911473985157, 'L_scale_weight_yyx': 2.583009107734007e-09, 'learning_rate_yyx': 0.007363260800836639}. Best is trial 1 with value: -2.804181999864486.
[I 2026-03-18 16:46:56,334] Trial 23 pruned. 
[I 2026-03-18 16:47:01,905] Trial 18 pruned. 
[I 2026-03-18 16:47:02,766] Trial 15 pruned. 
[I 2026-03-18 16:47:04,853] Trial 25 finished with value: -2.7965797367709193 and parameters: {'n_layers_yyx': 1, 'hidden_size_yyx_l0': 6, 'context_size_yyx': 4, 'num_mix_components_yyx': 5, 'context_extractor_yyx': 'lstm', 'activation_func_yyx': 'Tanh', 'L2_weight_yyx': 0.00011554436919172854, 'L_entropy_weight_yyx': 1.8484562240268499e-06, 'L_sep_weight_yyx': 1.2669912455819267e-06, 'L_scale_weight_yyx': 0.0008569734372021721, 'learning_rate_yyx': 0.00964065812473651}. Best is trial 24 with value: -2.798767703717539.
[I 2026-03-18 16:47:08,413] Trial 19 pruned. 
[I 2026-03-18 16:47:14,656] Trial 20 pruned. 
[I 2026-03-18 16:47:16,132] Trial 26 pruned. 
[I 2026-03-18 16:47:16,912] Trial 17 finished with value: -2.7919369790174184 and parameters: {'n_layers_yyx': 2, 'hidden_size_yyx_l0': 2, 'hidden_size_yyx_l1': 4, 'context_size_yyx': 3, 'num_mix_components_yyx': 4, 'context_extractor_yyx': 'gru', 'activation_func_yyx': 'ReLU', 'L2_weight_yyx': 1.488412615503853e-06, 'L_entropy_weight_yyx': 3.756570637170838e-09, 'L_sep_weight_yyx': 3.502306639280469e-09, 'L_scale_weight_yyx': 3.589733208050755e-08, 'learning_rate_yyx': 0.0030139630157198114}. Best is trial 5 with value: -2.805070761203844.
[I 2026-03-18 16:47:17,110] Trial 16 pruned. 
[I 2026-03-18 16:47:22,605] Trial 10 pruned. 
[I 2026-03-18 16:47:23,901] Trial 31 pruned. 
[I 2026-03-18 16:47:28,978] Trial 11 pruned. 
[I 2026-03-18 16:47:29,633] Trial 21 pruned. 
[I 2026-03-18 16:47:33,041] Trial 17 finished with value: -2.796054773163377 and parameters: {'n_layers_yyx': 2, 'hidden_size_yyx_l0': 4, 'hidden_size_yyx_l1': 3, 'context_size_yyx': 2, 'num_mix_components_yyx': 2, 'context_extractor_yyx': 'gru', 'activation_func_yyx': 'Tanh', 'L2_weight_yyx': 7.205665317768507e-07, 'L_entropy_weight_yyx': 8.952317437161471e-09, 'L_sep_weight_yyx': 9.608881264073048e-08, 'L_scale_weight_yyx': 4.416371494397865e-08, 'learning_rate_yyx': 0.004012435883935396}. Best is trial 5 with value: -2.803729491226789.
[I 2026-03-18 16:47:34,580] Trial 13 pruned. 
[I 2026-03-18 16:47:35,194] Trial 12 pruned. 
[I 2026-03-18 16:47:35,685] Trial 11 pruned. 
[I 2026-03-18 16:47:35,941] Trial 22 pruned. 
[I 2026-03-18 16:47:35,959] Trial 13 finished with value: -2.7639764392065382 and parameters: {'n_layers_yyx': 1, 'hidden_size_yyx_l0': 2, 'context_size_yyx': 4, 'num_mix_components_yyx': 1, 'context_extractor_yyx': 'gru', 'activation_func_yyx': 'ReLU', 'L2_weight_yyx': 2.258096334131436e-06, 'L_entropy_weight_yyx': 2.000404074596072e-06, 'L_sep_weight_yyx': 1.945597543253548e-06, 'L_scale_weight_yyx': 1.0391280101205144e-10, 'learning_rate_yyx': 0.0010221627045514726}. Best is trial 0 with value: -2.782248579189629.
[I 2026-03-18 16:47:38,217] Trial 12 pruned. 
[I 2026-03-18 16:47:39,180] Trial 18 pruned. 
[I 2026-03-18 16:47:41,259] Trial 24 pruned. 
[I 2026-03-18 16:47:41,298] Trial 13 pruned. 
[I 2026-03-18 16:47:41,938] Trial 12 pruned. 
[I 2026-03-18 16:47:43,885] Trial 13 pruned. 
[I 2026-03-18 16:47:49,020] Trial 25 pruned. 
[I 2026-03-18 16:47:49,477] Trial 14 pruned. 
[I 2026-03-18 16:47:51,081] Trial 23 pruned. 
[I 2026-03-18 16:47:53,160] Trial 19 pruned. 
[I 2026-03-18 16:47:55,841] Trial 14 pruned. 
[I 2026-03-18 16:47:56,338] Trial 20 finished with value: -2.779396556248175 and parameters: {'n_layers_yyx': 2, 'hidden_size_yyx_l0': 5, 'hidden_size_yyx_l1': 5, 'context_size_yyx': 4, 'num_mix_components_yyx': 2, 'context_extractor_yyx': 'lstm', 'activation_func_yyx': 'Tanh', 'L2_weight_yyx': 2.1474144308500537e-08, 'L_entropy_weight_yyx': 3.395757161197428e-06, 'L_sep_weight_yyx': 1.179019402234018e-10, 'L_scale_weight_yyx': 1.3333480943323124e-07, 'learning_rate_yyx': 0.0019201007024354383}. Best is trial 15 with value: -2.780911484127889.
[I 2026-03-18 16:47:56,389] Trial 26 pruned. 
[I 2026-03-18 16:47:56,511] Trial 13 pruned. 
[I 2026-03-18 16:47:56,957] Trial 24 pruned. 
[I 2026-03-18 16:47:59,903] Trial 32 pruned. 
[I 2026-03-18 16:48:02,619] Trial 24 finished with value: -2.8035538701023257 and parameters: {'n_layers_yyx': 1, 'hidden_size_yyx_l0': 6, 'context_size_yyx': 4, 'num_mix_components_yyx': 5, 'context_extractor_yyx': 'lstm', 'activation_func_yyx': 'ReLU', 'L2_weight_yyx': 6.484046284560863e-09, 'L_entropy_weight_yyx': 4.693044428290852e-09, 'L_sep_weight_yyx': 2.4882896165458587e-07, 'L_scale_weight_yyx': 2.495181902379368e-07, 'learning_rate_yyx': 0.009959083847752204}. Best is trial 1 with value: -2.804181999864486.
[I 2026-03-18 16:48:04,008] Trial 15 pruned. 
[I 2026-03-18 16:48:04,841] Trial 26 finished with value: -2.792684113831925 and parameters: {'n_layers_yyx': 1, 'hidden_size_yyx_l0': 6, 'context_size_yyx': 4, 'num_mix_components_yyx': 5, 'context_extractor_yyx': 'lstm', 'activation_func_yyx': 'Tanh', 'L2_weight_yyx': 0.0008482852173190321, 'L_entropy_weight_yyx': 4.234903280086548e-06, 'L_sep_weight_yyx': 1.1626741480458915e-06, 'L_scale_weight_yyx': 4.0734601492563934e-05, 'learning_rate_yyx': 0.009723106365474795}. Best is trial 24 with value: -2.798767703717539.
[I 2026-03-18 16:48:09,993] Trial 21 pruned. 
[I 2026-03-18 16:48:11,209] Trial 14 pruned. 
[I 2026-03-18 16:48:11,777] Trial 25 pruned. 
[I 2026-03-18 16:48:18,111] Trial 26 pruned. 
[I 2026-03-18 16:48:18,443] Trial 16 pruned. 
[I 2026-03-18 16:48:18,739] Trial 27 pruned. 
[I 2026-03-18 16:48:19,683] Trial 13 finished with value: -2.801389102170352 and parameters: {'n_layers_yyx': 2, 'hidden_size_yyx_l0': 6, 'hidden_size_yyx_l1': 5, 'context_size_yyx': 4, 'num_mix_components_yyx': 4, 'context_extractor_yyx': 'lstm', 'activation_func_yyx': 'Tanh', 'L2_weight_yyx': 0.0002466478227219588, 'L_entropy_weight_yyx': 4.640803969943474e-09, 'L_sep_weight_yyx': 4.327824958010231e-05, 'L_scale_weight_yyx': 1.2070774878970717e-09, 'learning_rate_yyx': 0.003312975812615828}. Best is trial 11 with value: -2.8017587322763102.
[I 2026-03-18 16:48:24,076] Trial 22 pruned. 
[I 2026-03-18 16:48:24,294] Trial 17 pruned. 
[I 2026-03-18 16:48:32,819] Trial 28 pruned. 
[I 2026-03-18 16:48:33,825] Trial 15 pruned. 
[I 2026-03-18 16:48:38,347] Trial 18 pruned. 
[I 2026-03-18 16:48:39,072] Trial 29 pruned. 
[I 2026-03-18 16:48:40,118] Trial 16 pruned. 
[I 2026-03-18 16:48:41,946] Trial 16 finished with value: -2.8021124975709784 and parameters: {'n_layers_yyx': 1, 'hidden_size_yyx_l0': 5, 'context_size_yyx': 3, 'num_mix_components_yyx': 4, 'context_extractor_yyx': 'gru', 'activation_func_yyx': 'ReLU', 'L2_weight_yyx': 2.327400241132151e-06, 'L_entropy_weight_yyx': 2.8623463338842788e-05, 'L_sep_weight_yyx': 0.0006643289614742938, 'L_scale_weight_yyx': 0.0009156641909315385, 'learning_rate_yyx': 0.0064669832951137355}. Best is trial 5 with value: -2.8058216093098.
[I 2026-03-18 16:48:42,885] Trial 25 pruned. 
[I 2026-03-18 16:48:42,925] Trial 18 finished with value: -2.799105446682598 and parameters: {'n_layers_yyx': 2, 'hidden_size_yyx_l0': 6, 'hidden_size_yyx_l1': 3, 'context_size_yyx': 4, 'num_mix_components_yyx': 4, 'context_extractor_yyx': 'lstm', 'activation_func_yyx': 'Tanh', 'L2_weight_yyx': 1.5511328331804185e-07, 'L_entropy_weight_yyx': 9.07456039334253e-05, 'L_sep_weight_yyx': 6.57890897311324e-05, 'L_scale_weight_yyx': 1.1946138650448247e-06, 'learning_rate_yyx': 0.006455742675021369}. Best is trial 5 with value: -2.805070761203844.
[I 2026-03-18 16:48:44,283] Trial 19 pruned. 
[I 2026-03-18 16:48:48,549] Trial 17 pruned. 
[I 2026-03-18 16:48:58,600] Trial 14 pruned. 
[I 2026-03-18 16:49:01,395] Trial 17 finished with value: -2.7973592861489527 and parameters: {'n_layers_yyx': 1, 'hidden_size_yyx_l0': 4, 'context_size_yyx': 3, 'num_mix_components_yyx': 3, 'context_extractor_yyx': 'lstm', 'activation_func_yyx': 'ReLU', 'L2_weight_yyx': 1.3674813538094902e-08, 'L_entropy_weight_yyx': 1.56320172583669e-08, 'L_sep_weight_yyx': 0.00013669862107767468, 'L_scale_weight_yyx': 7.040009441092039e-06, 'learning_rate_yyx': 0.00998461376293171}. Best is trial 7 with value: -2.8073737460176833.
[I 2026-03-18 16:49:03,005] Trial 18 pruned. 
[I 2026-03-18 16:49:07,531] Trial 18 pruned. 
[I 2026-03-18 16:49:13,065] Trial 15 pruned. 
[I 2026-03-18 16:49:19,530] Trial 16 pruned. 
[I 2026-03-18 16:49:24,262] Trial 27 finished with value: -2.804467549711841 and parameters: {'n_layers_yyx': 1, 'hidden_size_yyx_l0': 6, 'context_size_yyx': 4, 'num_mix_components_yyx': 2, 'context_extractor_yyx': 'gru', 'activation_func_yyx': 'ReLU', 'L2_weight_yyx': 2.427233016896246e-09, 'L_entropy_weight_yyx': 4.920462265988517e-08, 'L_sep_weight_yyx': 1.0718891814488233e-10, 'L_scale_weight_yyx': 1.5130096830362995e-07, 'learning_rate_yyx': 0.006795150157080798}. Best is trial 13 with value: -2.8082553050147787.
[I 2026-03-18 16:49:24,274] Trial 14 finished with value: -2.8039784145073536 and parameters: {'n_layers_yyx': 2, 'hidden_size_yyx_l0': 4, 'hidden_size_yyx_l1': 5, 'context_size_yyx': 4, 'num_mix_components_yyx': 4, 'context_extractor_yyx': 'lstm', 'activation_func_yyx': 'Tanh', 'L2_weight_yyx': 1.1336238480584618e-05, 'L_entropy_weight_yyx': 1.4619352775775171e-06, 'L_sep_weight_yyx': 2.190660626891863e-09, 'L_scale_weight_yyx': 4.8406463423510175e-05, 'learning_rate_yyx': 0.004065203964313768}. Best is trial 5 with value: -2.8051328142627483.
[I 2026-03-18 16:49:25,715] Trial 17 pruned. 
[I 2026-03-18 16:49:37,925] Trial 27 finished with value: -2.792197236061252 and parameters: {'n_layers_yyx': 2, 'hidden_size_yyx_l0': 6, 'hidden_size_yyx_l1': 2, 'context_size_yyx': 1, 'num_mix_components_yyx': 1, 'context_extractor_yyx': 'gru', 'activation_func_yyx': 'GELU', 'L2_weight_yyx': 0.0002783427172551903, 'L_entropy_weight_yyx': 6.252098884943018e-10, 'L_sep_weight_yyx': 7.480099261827388e-07, 'L_scale_weight_yyx': 6.118559068172733e-09, 'learning_rate_yyx': 0.009936576925007948}. Best is trial 0 with value: -2.8067502106217272.
[I 2026-03-18 16:49:38,922] Trial 15 pruned. 
[I 2026-03-18 16:49:41,342] Trial 28 pruned. 
[I 2026-03-18 16:49:41,362] Trial 14 finished with value: -2.7995943704403503 and parameters: {'n_layers_yyx': 2, 'hidden_size_yyx_l0': 4, 'hidden_size_yyx_l1': 3, 'context_size_yyx': 3, 'num_mix_components_yyx': 5, 'context_extractor_yyx': 'lstm', 'activation_func_yyx': 'Tanh', 'L2_weight_yyx': 5.040192131615031e-08, 'L_entropy_weight_yyx': 5.819811822974317e-06, 'L_sep_weight_yyx': 8.331371774378156e-07, 'L_scale_weight_yyx': 8.470645691393838e-08, 'learning_rate_yyx': 0.009786289873096746}. Best is trial 14 with value: -2.7995943704403503.
[I 2026-03-18 16:49:45,291] Trial 16 pruned. 
[I 2026-03-18 16:49:46,875] Trial 20 pruned. 
[I 2026-03-18 16:49:52,391] Trial 28 pruned. 
[I 2026-03-18 16:49:53,316] Trial 21 pruned. 
[I 2026-03-18 16:49:53,430] Trial 30 finished with value: -2.794295945132162 and parameters: {'n_layers_yyx': 1, 'hidden_size_yyx_l0': 5, 'context_size_yyx': 4, 'num_mix_components_yyx': 5, 'context_extractor_yyx': 'lstm', 'activation_func_yyx': 'ReLU', 'L2_weight_yyx': 1.3669421633644486e-05, 'L_entropy_weight_yyx': 0.00013707203865940336, 'L_sep_weight_yyx': 2.3997755611285473e-05, 'L_scale_weight_yyx': 0.00016606879934380543, 'learning_rate_yyx': 0.008300892174982009}. Best is trial 24 with value: -2.798767703717539.
[I 2026-03-18 16:49:54,876] Trial 15 pruned. 
[I 2026-03-18 16:49:57,156] Trial 29 pruned. 
[I 2026-03-18 16:49:59,373] Trial 22 pruned. 
[I 2026-03-18 16:49:59,747] Trial 31 pruned. 
[I 2026-03-18 16:50:09,305] Trial 16 pruned. 
[I 2026-03-18 16:50:14,026] Trial 23 pruned. 
[I 2026-03-18 16:50:14,167] Trial 32 pruned. 
[I 2026-03-18 16:50:14,262] Trial 30 pruned. 
[I 2026-03-18 16:50:16,988] Trial 19 finished with value: -2.802385642629582 and parameters: {'n_layers_yyx': 1, 'hidden_size_yyx_l0': 5, 'context_size_yyx': 4, 'num_mix_components_yyx': 3, 'context_extractor_yyx': 'gru', 'activation_func_yyx': 'ReLU', 'L2_weight_yyx': 1.3196278279567517e-07, 'L_entropy_weight_yyx': 9.51414667459441e-05, 'L_sep_weight_yyx': 5.704911141706527e-07, 'L_scale_weight_yyx': 5.131710390872008e-07, 'learning_rate_yyx': 0.006606973982168421}. Best is trial 5 with value: -2.8058216093098.
[I 2026-03-18 16:50:20,066] Trial 24 pruned. 
[I 2026-03-18 16:50:20,332] Trial 33 pruned. 
[I 2026-03-18 16:50:25,132] Trial 23 finished with value: -2.7772577750243497 and parameters: {'n_layers_yyx': 2, 'hidden_size_yyx_l0': 5, 'hidden_size_yyx_l1': 5, 'context_size_yyx': 3, 'num_mix_components_yyx': 3, 'context_extractor_yyx': 'lstm', 'activation_func_yyx': 'Tanh', 'L2_weight_yyx': 8.639879585453335e-10, 'L_entropy_weight_yyx': 6.0769300870467375e-09, 'L_sep_weight_yyx': 2.572108812604757e-08, 'L_scale_weight_yyx': 2.330530582633558e-08, 'learning_rate_yyx': 0.0017556102669152923}. Best is trial 15 with value: -2.780911484127889.
[I 2026-03-18 16:50:26,380] Trial 17 pruned. 
[I 2026-03-18 16:50:30,674] Trial 20 finished with value: -2.784672739032753 and parameters: {'n_layers_yyx': 2, 'hidden_size_yyx_l0': 4, 'hidden_size_yyx_l1': 6, 'context_size_yyx': 3, 'num_mix_components_yyx': 1, 'context_extractor_yyx': 'gru', 'activation_func_yyx': 'Tanh', 'L2_weight_yyx': 1.037771581799523e-06, 'L_entropy_weight_yyx': 2.4474817905209573e-09, 'L_sep_weight_yyx': 5.7705814438505935e-09, 'L_scale_weight_yyx': 5.261069395085258e-09, 'learning_rate_yyx': 0.006885348970669002}. Best is trial 20 with value: -2.784672739032753.
[I 2026-03-18 16:50:30,929] Trial 29 pruned. 
[I 2026-03-18 16:50:32,770] Trial 18 pruned. 
[I 2026-03-18 16:50:34,051] Trial 34 pruned. 
[I 2026-03-18 16:50:38,287] Trial 19 pruned. 
[I 2026-03-18 16:50:39,038] Trial 26 finished with value: -2.8070715765499714 and parameters: {'n_layers_yyx': 1, 'hidden_size_yyx_l0': 4, 'context_size_yyx': 4, 'num_mix_components_yyx': 5, 'context_extractor_yyx': 'lstm', 'activation_func_yyx': 'ReLU', 'L2_weight_yyx': 3.902620155263329e-08, 'L_entropy_weight_yyx': 7.341732779650861e-07, 'L_sep_weight_yyx': 3.574939464682534e-09, 'L_scale_weight_yyx': 9.274246688636832e-06, 'learning_rate_yyx': 0.006169261311770145}. Best is trial 26 with value: -2.8070715765499714.
[I 2026-03-18 16:50:40,559] Trial 35 pruned. 
[I 2026-03-18 16:50:44,475] Trial 20 pruned. 
[I 2026-03-18 16:50:44,990] Trial 27 pruned. 
[I 2026-03-18 16:50:45,898] Trial 30 pruned. 
[I 2026-03-18 16:50:47,324] Trial 19 pruned. 
[I 2026-03-18 16:50:50,844] Trial 28 pruned. 
[I 2026-03-18 16:50:55,065] Trial 36 pruned. 
[I 2026-03-18 16:50:58,820] Trial 27 finished with value: -2.791248412600247 and parameters: {'n_layers_yyx': 1, 'hidden_size_yyx_l0': 5, 'context_size_yyx': 3, 'num_mix_components_yyx': 2, 'context_extractor_yyx': 'lstm', 'activation_func_yyx': 'GELU', 'L2_weight_yyx': 2.5318695944488104e-06, 'L_entropy_weight_yyx': 0.00025611948877373857, 'L_sep_weight_yyx': 4.120074802746577e-09, 'L_scale_weight_yyx': 7.086257769430478e-09, 'learning_rate_yyx': 0.00523256383497556}. Best is trial 10 with value: -2.7964817927433896.
[I 2026-03-18 16:51:04,994] Trial 28 pruned. 
[I 2026-03-18 16:51:08,731] Trial 33 finished with value: -2.7944744446846177 and parameters: {'n_layers_yyx': 1, 'hidden_size_yyx_l0': 5, 'context_size_yyx': 2, 'num_mix_components_yyx': 3, 'context_extractor_yyx': 'lstm', 'activation_func_yyx': 'Tanh', 'L2_weight_yyx': 2.5509284686120333e-08, 'L_entropy_weight_yyx': 4.164732834348308e-08, 'L_sep_weight_yyx': 1.5958355835303722e-09, 'L_scale_weight_yyx': 8.219548599054395e-05, 'learning_rate_yyx': 0.006895800124263256}. Best is trial 6 with value: -2.7950135081496006.
[I 2026-03-18 16:51:13,863] Trial 15 finished with value: -2.8055978602935157 and parameters: {'n_layers_yyx': 2, 'hidden_size_yyx_l0': 3, 'hidden_size_yyx_l1': 3, 'context_size_yyx': 3, 'num_mix_components_yyx': 4, 'context_extractor_yyx': 'lstm', 'activation_func_yyx': 'ReLU', 'L2_weight_yyx': 1.5736527011838893e-05, 'L_entropy_weight_yyx': 1.6279752219840456e-07, 'L_sep_weight_yyx': 1.8184720475507577e-06, 'L_scale_weight_yyx': 5.623959295446294e-09, 'learning_rate_yyx': 0.0031717214355666554}. Best is trial 9 with value: -2.8084722793451675.
[I 2026-03-18 16:51:19,993] Trial 16 pruned. 
[I 2026-03-18 16:51:24,338] Trial 21 pruned. 
[I 2026-03-18 16:51:25,029] Trial 17 finished with value: -2.804520504776223 and parameters: {'n_layers_yyx': 2, 'hidden_size_yyx_l0': 4, 'hidden_size_yyx_l1': 2, 'context_size_yyx': 3, 'num_mix_components_yyx': 3, 'context_extractor_yyx': 'gru', 'activation_func_yyx': 'ReLU', 'L2_weight_yyx': 2.7586063959957776e-10, 'L_entropy_weight_yyx': 4.8724076758682975e-08, 'L_sep_weight_yyx': 4.086224411415772e-08, 'L_scale_weight_yyx': 1.1201864920050322e-09, 'learning_rate_yyx': 0.0045778303423925975}. Best is trial 6 with value: -2.805382927239302.
[I 2026-03-18 16:51:26,002] Trial 17 pruned. 
[I 2026-03-18 16:51:26,135] Trial 17 finished with value: -2.796926931130639 and parameters: {'n_layers_yyx': 2, 'hidden_size_yyx_l0': 5, 'hidden_size_yyx_l1': 5, 'context_size_yyx': 2, 'num_mix_components_yyx': 5, 'context_extractor_yyx': 'lstm', 'activation_func_yyx': 'Tanh', 'L2_weight_yyx': 6.394588897729226e-07, 'L_entropy_weight_yyx': 1.5126864331249235e-06, 'L_sep_weight_yyx': 1.0721290149595514e-07, 'L_scale_weight_yyx': 6.679252262428484e-05, 'learning_rate_yyx': 0.00929415438310474}. Best is trial 14 with value: -2.7995943704403503.
[I 2026-03-18 16:51:30,878] Trial 18 pruned. 
[I 2026-03-18 16:51:33,062] Trial 37 pruned. 
[I 2026-03-18 16:51:40,126] Trial 18 pruned. 
[I 2026-03-18 16:51:40,544] Trial 25 finished with value: -2.798419282521981 and parameters: {'n_layers_yyx': 2, 'hidden_size_yyx_l0': 5, 'hidden_size_yyx_l1': 5, 'context_size_yyx': 3, 'num_mix_components_yyx': 5, 'context_extractor_yyx': 'gru', 'activation_func_yyx': 'ReLU', 'L2_weight_yyx': 3.774877730345191e-06, 'L_entropy_weight_yyx': 2.0893458543926452e-07, 'L_sep_weight_yyx': 1.4940658471513773e-05, 'L_scale_weight_yyx': 5.232064284790377e-08, 'learning_rate_yyx': 0.004721186701463655}. Best is trial 5 with value: -2.803729491226789.
[I 2026-03-18 16:51:45,070] Trial 19 pruned. 
[I 2026-03-18 16:51:46,030] Trial 19 pruned. 
[I 2026-03-18 16:51:46,466] Trial 26 pruned. 
[I 2026-03-18 16:51:46,728] Trial 38 pruned. 
[I 2026-03-18 16:51:52,060] Trial 20 pruned. 
[I 2026-03-18 16:51:52,579] Trial 31 finished with value: -2.8053162490028227 and parameters: {'n_layers_yyx': 1, 'hidden_size_yyx_l0': 6, 'context_size_yyx': 4, 'num_mix_components_yyx': 2, 'context_extractor_yyx': 'gru', 'activation_func_yyx': 'ReLU', 'L2_weight_yyx': 4.882854694046883e-09, 'L_entropy_weight_yyx': 6.293283432356806e-08, 'L_sep_weight_yyx': 1.6655617121667977e-10, 'L_scale_weight_yyx': 9.644180201753176e-08, 'learning_rate_yyx': 0.006235204683884471}. Best is trial 13 with value: -2.8082553050147787.
[I 2026-03-18 16:51:57,968] Trial 21 pruned. 
[I 2026-03-18 16:52:03,147] Trial 34 pruned. 
[I 2026-03-18 16:52:03,903] Trial 22 pruned. 
[I 2026-03-18 16:52:12,238] Trial 24 pruned. 
[I 2026-03-18 16:52:12,241] Trial 19 finished with value: -2.78319763173606 and parameters: {'n_layers_yyx': 1, 'hidden_size_yyx_l0': 2, 'context_size_yyx': 1, 'num_mix_components_yyx': 1, 'context_extractor_yyx': 'lstm', 'activation_func_yyx': 'ReLU', 'L2_weight_yyx': 2.8084120358170627e-07, 'L_entropy_weight_yyx': 2.5825184316067076e-07, 'L_sep_weight_yyx': 3.1216825460002318e-06, 'L_scale_weight_yyx': 0.0008891972456642834, 'learning_rate_yyx': 0.001490478474984692}. Best is trial 7 with value: -2.8073737460176833.
[I 2026-03-18 16:52:16,074] Trial 29 finished with value: -2.801567825469696 and parameters: {'n_layers_yyx': 1, 'hidden_size_yyx_l0': 5, 'context_size_yyx': 4, 'num_mix_components_yyx': 5, 'context_extractor_yyx': 'lstm', 'activation_func_yyx': 'ReLU', 'L2_weight_yyx': 4.11362488286309e-08, 'L_entropy_weight_yyx': 2.759451663855593e-09, 'L_sep_weight_yyx': 1.2822605621320628e-07, 'L_scale_weight_yyx': 7.290665000257795e-06, 'learning_rate_yyx': 0.00527927171523434}. Best is trial 26 with value: -2.8070715765499714.
[I 2026-03-18 16:52:18,443] Trial 23 pruned. 
[I 2026-03-18 16:52:19,790] Trial 20 finished with value: -2.804499290789662 and parameters: {'n_layers_yyx': 2, 'hidden_size_yyx_l0': 5, 'hidden_size_yyx_l1': 4, 'context_size_yyx': 3, 'num_mix_components_yyx': 5, 'context_extractor_yyx': 'lstm', 'activation_func_yyx': 'Tanh', 'L2_weight_yyx': 0.0001962757802089945, 'L_entropy_weight_yyx': 9.092536908762625e-07, 'L_sep_weight_yyx': 9.834999491843078e-05, 'L_scale_weight_yyx': 6.856032677841846e-06, 'learning_rate_yyx': 0.004351680356993306}. Best is trial 5 with value: -2.8058216093098.
[I 2026-03-18 16:52:23,375] Trial 35 pruned. 
[I 2026-03-18 16:52:24,379] Trial 20 pruned. 
[I 2026-03-18 16:52:24,806] Trial 24 pruned. 
[I 2026-03-18 16:52:25,180] Trial 39 pruned. 
[I 2026-03-18 16:52:26,033] Trial 21 pruned. 
[I 2026-03-18 16:52:26,263] Trial 20 pruned. 
[I 2026-03-18 16:52:27,445] Trial 21 finished with value: -2.786583013031271 and parameters: {'n_layers_yyx': 2, 'hidden_size_yyx_l0': 4, 'hidden_size_yyx_l1': 6, 'context_size_yyx': 3, 'num_mix_components_yyx': 1, 'context_extractor_yyx': 'gru', 'activation_func_yyx': 'Tanh', 'L2_weight_yyx': 1.4401639309171586e-06, 'L_entropy_weight_yyx': 1.3069826133631588e-09, 'L_sep_weight_yyx': 6.135894663947648e-09, 'L_scale_weight_yyx': 7.460661947229058e-09, 'learning_rate_yyx': 0.006180079535409514}. Best is trial 21 with value: -2.786583013031271.
[I 2026-03-18 16:52:28,692] Trial 18 finished with value: -2.792082504257388 and parameters: {'n_layers_yyx': 2, 'hidden_size_yyx_l0': 5, 'hidden_size_yyx_l1': 6, 'context_size_yyx': 3, 'num_mix_components_yyx': 5, 'context_extractor_yyx': 'lstm', 'activation_func_yyx': 'Tanh', 'L2_weight_yyx': 2.1916987143179206e-06, 'L_entropy_weight_yyx': 2.1143196056248923e-06, 'L_sep_weight_yyx': 8.982283337068992e-09, 'L_scale_weight_yyx': 1.5224061120742612e-07, 'learning_rate_yyx': 0.009896003462007771}. Best is trial 14 with value: -2.7995943704403503.
[I 2026-03-18 16:52:30,506] Trial 21 pruned. 
[I 2026-03-18 16:52:30,741] Trial 36 pruned. 
[I 2026-03-18 16:52:31,180] Trial 32 pruned. 
[I 2026-03-18 16:52:32,050] Trial 21 pruned. 
[I 2026-03-18 16:52:36,675] Trial 22 pruned. 
[I 2026-03-18 16:52:37,284] Trial 20 pruned. 
[I 2026-03-18 16:52:38,028] Trial 22 pruned. 
[I 2026-03-18 16:52:39,460] Trial 18 finished with value: -2.795632322219236 and parameters: {'n_layers_yyx': 2, 'hidden_size_yyx_l0': 6, 'hidden_size_yyx_l1': 4, 'context_size_yyx': 2, 'num_mix_components_yyx': 5, 'context_extractor_yyx': 'lstm', 'activation_func_yyx': 'Tanh', 'L2_weight_yyx': 1.3893756237002885e-06, 'L_entropy_weight_yyx': 8.588927110757592e-07, 'L_sep_weight_yyx': 4.228583771453751e-06, 'L_scale_weight_yyx': 2.4314362731731746e-09, 'learning_rate_yyx': 0.001109762773392549}. Best is trial 11 with value: -2.8017587322763102.
[I 2026-03-18 16:52:39,701] Trial 25 pruned. 
[I 2026-03-18 16:52:44,182] Trial 23 pruned. 
[I 2026-03-18 16:52:45,364] Trial 19 pruned. 
[I 2026-03-18 16:52:45,368] Trial 33 pruned. 
[I 2026-03-18 16:52:45,999] Trial 26 pruned. 
[I 2026-03-18 16:52:46,943] Trial 31 finished with value: -2.7992072201383773 and parameters: {'n_layers_yyx': 2, 'hidden_size_yyx_l0': 5, 'hidden_size_yyx_l1': 6, 'context_size_yyx': 4, 'num_mix_components_yyx': 1, 'context_extractor_yyx': 'lstm', 'activation_func_yyx': 'ReLU', 'L2_weight_yyx': 6.062543925186064e-09, 'L_entropy_weight_yyx': 6.964017475853286e-07, 'L_sep_weight_yyx': 7.530741549835574e-08, 'L_scale_weight_yyx': 2.1890611153814655e-07, 'learning_rate_yyx': 0.006410694908375914}. Best is trial 0 with value: -2.8067502106217272.
[I 2026-03-18 16:52:49,593] Trial 25 pruned. 
[I 2026-03-18 16:52:51,043] Trial 21 pruned. 
[I 2026-03-18 16:52:51,385] Trial 34 pruned. 
[I 2026-03-18 16:52:52,351] Trial 27 pruned. 
[I 2026-03-18 16:52:55,608] Trial 30 pruned. 
[I 2026-03-18 16:52:57,146] Trial 35 pruned. 
[I 2026-03-18 16:52:58,722] Trial 20 pruned. 
[I 2026-03-18 16:53:00,536] Trial 22 finished with value: -2.800225986988548 and parameters: {'n_layers_yyx': 2, 'hidden_size_yyx_l0': 5, 'hidden_size_yyx_l1': 5, 'context_size_yyx': 2, 'num_mix_components_yyx': 3, 'context_extractor_yyx': 'lstm', 'activation_func_yyx': 'Tanh', 'L2_weight_yyx': 6.929920214083678e-09, 'L_entropy_weight_yyx': 6.763007841619517e-08, 'L_sep_weight_yyx': 8.31753217389189e-07, 'L_scale_weight_yyx': 3.220320580958529e-08, 'learning_rate_yyx': 0.0059609016960575}. Best is trial 5 with value: -2.805070761203844.
[I 2026-03-18 16:53:00,571] Trial 29 pruned. 
[I 2026-03-18 16:53:03,288] Trial 40 pruned. 
[I 2026-03-18 16:53:08,507] Trial 19 pruned. 
[I 2026-03-18 16:53:10,944] Trial 36 pruned. 
[I 2026-03-18 16:53:11,409] Trial 37 pruned. 
[I 2026-03-18 16:53:12,575] Trial 21 pruned. 
[I 2026-03-18 16:53:14,954] Trial 23 pruned. 
[I 2026-03-18 16:53:17,276] Trial 41 pruned. 
[I 2026-03-18 16:53:18,413] Trial 22 pruned. 
[I 2026-03-18 16:53:20,954] Trial 24 pruned. 
[I 2026-03-18 16:53:23,350] Trial 20 pruned. 
[I 2026-03-18 16:53:28,950] Trial 26 pruned. 
[I 2026-03-18 16:53:30,905] Trial 42 pruned. 
[I 2026-03-18 16:53:35,069] Trial 25 pruned. 
[I 2026-03-18 16:53:35,086] Trial 27 pruned. 
[I 2026-03-18 16:53:38,797] Trial 21 pruned. 
[I 2026-03-18 16:53:49,382] Trial 37 pruned. 
[I 2026-03-18 16:53:52,663] Trial 32 finished with value: -2.802289260816816 and parameters: {'n_layers_yyx': 2, 'hidden_size_yyx_l0': 6, 'hidden_size_yyx_l1': 6, 'context_size_yyx': 4, 'num_mix_components_yyx': 1, 'context_extractor_yyx': 'lstm', 'activation_func_yyx': 'ReLU', 'L2_weight_yyx': 1.0732764333387926e-08, 'L_entropy_weight_yyx': 9.371465238715474e-08, 'L_sep_weight_yyx': 1.5635358818757875e-08, 'L_scale_weight_yyx': 1.8407656051233144e-09, 'learning_rate_yyx': 0.007989179885328598}. Best is trial 0 with value: -2.8067502106217272.
[I 2026-03-18 16:53:53,896] Trial 22 pruned. 
[I 2026-03-18 16:54:00,453] Trial 23 pruned. 
[I 2026-03-18 16:54:03,935] Trial 38 pruned. 
[I 2026-03-18 16:54:05,252] Trial 22 finished with value: -2.7851124408648027 and parameters: {'n_layers_yyx': 2, 'hidden_size_yyx_l0': 4, 'hidden_size_yyx_l1': 6, 'context_size_yyx': 3, 'num_mix_components_yyx': 1, 'context_extractor_yyx': 'gru', 'activation_func_yyx': 'Tanh', 'L2_weight_yyx': 1.2984499283194866e-06, 'L_entropy_weight_yyx': 6.734267890058599e-10, 'L_sep_weight_yyx': 5.437371987535548e-09, 'L_scale_weight_yyx': 5.378979148852335e-08, 'learning_rate_yyx': 0.00912489344500329}. Best is trial 21 with value: -2.786583013031271.
[I 2026-03-18 16:54:09,179] Trial 33 pruned. 
[I 2026-03-18 16:54:09,773] Trial 43 pruned. 
[I 2026-03-18 16:54:12,020] Trial 22 finished with value: -2.8024177213242534 and parameters: {'n_layers_yyx': 2, 'hidden_size_yyx_l0': 4, 'hidden_size_yyx_l1': 5, 'context_size_yyx': 4, 'num_mix_components_yyx': 4, 'context_extractor_yyx': 'lstm', 'activation_func_yyx': 'Tanh', 'L2_weight_yyx': 4.110898480253448e-06, 'L_entropy_weight_yyx': 0.00015616813740708418, 'L_sep_weight_yyx': 1.1723153688255832e-09, 'L_scale_weight_yyx': 0.0009034125673131638, 'learning_rate_yyx': 0.004696984546799309}. Best is trial 5 with value: -2.8051328142627483.
[I 2026-03-18 16:54:13,845] Trial 22 finished with value: -2.804460418456472 and parameters: {'n_layers_yyx': 2, 'hidden_size_yyx_l0': 4, 'hidden_size_yyx_l1': 4, 'context_size_yyx': 4, 'num_mix_components_yyx': 5, 'context_extractor_yyx': 'lstm', 'activation_func_yyx': 'Tanh', 'L2_weight_yyx': 4.9133922219664145e-06, 'L_entropy_weight_yyx': 0.0001563879501009643, 'L_sep_weight_yyx': 0.0008185411139400328, 'L_scale_weight_yyx': 4.818579797163307e-05, 'learning_rate_yyx': 0.006964653679457977}. Best is trial 5 with value: -2.8058216093098.
[I 2026-03-18 16:54:15,157] Trial 28 pruned. 
[I 2026-03-18 16:54:15,520] Trial 24 pruned. 
[I 2026-03-18 16:54:18,278] Trial 39 pruned. 
[I 2026-03-18 16:54:19,049] Trial 27 finished with value: -2.804336680449664 and parameters: {'n_layers_yyx': 2, 'hidden_size_yyx_l0': 4, 'hidden_size_yyx_l1': 6, 'context_size_yyx': 3, 'num_mix_components_yyx': 3, 'context_extractor_yyx': 'gru', 'activation_func_yyx': 'Tanh', 'L2_weight_yyx': 1.034560126086329e-06, 'L_entropy_weight_yyx': 0.0009708218470286218, 'L_sep_weight_yyx': 2.089245908411342e-07, 'L_scale_weight_yyx': 2.879343979232884e-06, 'learning_rate_yyx': 0.0014474697267916645}. Best is trial 27 with value: -2.804336680449664.
[I 2026-03-18 16:54:20,236] Trial 23 pruned. 
[I 2026-03-18 16:54:21,018] Trial 29 pruned. 
[I 2026-03-18 16:54:24,380] Trial 40 pruned. 
[I 2026-03-18 16:54:26,324] Trial 23 pruned. 
[I 2026-03-18 16:54:27,069] Trial 30 pruned. 
[I 2026-03-18 16:54:31,022] Trial 25 pruned. 
[I 2026-03-18 16:54:31,987] Trial 38 finished with value: -2.7960579209962226 and parameters: {'n_layers_yyx': 1, 'hidden_size_yyx_l0': 5, 'context_size_yyx': 4, 'num_mix_components_yyx': 4, 'context_extractor_yyx': 'lstm', 'activation_func_yyx': 'Tanh', 'L2_weight_yyx': 5.5638112031643075e-05, 'L_entropy_weight_yyx': 4.712892884182522e-08, 'L_sep_weight_yyx': 7.507396774679887e-10, 'L_scale_weight_yyx': 0.0008444388209843671, 'learning_rate_yyx': 0.006229909226531618}. Best is trial 38 with value: -2.7960579209962226.
[I 2026-03-18 16:54:32,243] Trial 24 pruned. 
[I 2026-03-18 16:54:33,432] Trial 28 pruned. 
[I 2026-03-18 16:54:37,822] Trial 26 pruned. 
[I 2026-03-18 16:54:38,836] Trial 31 finished with value: -2.8073570664708107 and parameters: {'n_layers_yyx': 1, 'hidden_size_yyx_l0': 3, 'context_size_yyx': 4, 'num_mix_components_yyx': 5, 'context_extractor_yyx': 'lstm', 'activation_func_yyx': 'ReLU', 'L2_weight_yyx': 1.899145634864698e-08, 'L_entropy_weight_yyx': 1.9293802381013816e-06, 'L_sep_weight_yyx': 1.1900609665830986e-09, 'L_scale_weight_yyx': 1.131494830224656e-06, 'learning_rate_yyx': 0.009909044472605497}. Best is trial 31 with value: -2.8073570664708107.
[I 2026-03-18 16:54:39,363] Trial 29 pruned. 
[I 2026-03-18 16:54:40,021] Trial 26 finished with value: -2.8015693835591047 and parameters: {'n_layers_yyx': 2, 'hidden_size_yyx_l0': 5, 'hidden_size_yyx_l1': 3, 'context_size_yyx': 4, 'num_mix_components_yyx': 5, 'context_extractor_yyx': 'lstm', 'activation_func_yyx': 'ReLU', 'L2_weight_yyx': 8.390816232973863e-10, 'L_entropy_weight_yyx': 3.414776215747367e-07, 'L_sep_weight_yyx': 1.0714633616771728e-06, 'L_scale_weight_yyx': 0.0001254035782198172, 'learning_rate_yyx': 0.005228940527384451}. Best is trial 6 with value: -2.805382927239302.
[I 2026-03-18 16:54:41,380] Trial 31 pruned. 
[I 2026-03-18 16:54:44,615] Trial 27 pruned. 
[I 2026-03-18 16:54:45,320] Trial 30 pruned. 
[I 2026-03-18 16:54:46,281] Trial 25 pruned. 
[I 2026-03-18 16:54:47,251] Trial 32 pruned. 
[I 2026-03-18 16:54:47,298] Trial 39 pruned. 
[I 2026-03-18 16:54:50,776] Trial 28 pruned. 
[I 2026-03-18 16:54:51,293] Trial 31 pruned. 
[I 2026-03-18 16:54:52,321] Trial 26 pruned. 
[I 2026-03-18 16:54:53,323] Trial 33 pruned. 
[I 2026-03-18 16:54:57,232] Trial 32 pruned. 
[I 2026-03-18 16:55:00,598] Trial 30 pruned. 
[I 2026-03-18 16:55:02,901] Trial 40 pruned. 
[I 2026-03-18 16:55:03,379] Trial 41 pruned. 
[I 2026-03-18 16:55:03,645] Trial 23 finished with value: -2.787004594816911 and parameters: {'n_layers_yyx': 2, 'hidden_size_yyx_l0': 4, 'hidden_size_yyx_l1': 6, 'context_size_yyx': 1, 'num_mix_components_yyx': 2, 'context_extractor_yyx': 'lstm', 'activation_func_yyx': 'Tanh', 'L2_weight_yyx': 1.949128997877615e-08, 'L_entropy_weight_yyx': 4.6594590248789236e-08, 'L_sep_weight_yyx': 6.750179304959095e-07, 'L_scale_weight_yyx': 7.158612215620145e-08, 'learning_rate_yyx': 0.004977039234399806}. Best is trial 5 with value: -2.805070761203844.
[I 2026-03-18 16:55:05,306] Trial 29 pruned. 
[I 2026-03-18 16:55:06,577] Trial 27 pruned. 
[I 2026-03-18 16:55:08,231] Trial 31 pruned. 
[I 2026-03-18 16:55:08,238] Trial 34 pruned. 
[I 2026-03-18 16:55:09,827] Trial 24 pruned. 
[I 2026-03-18 16:55:11,039] Trial 30 pruned. 
[I 2026-03-18 16:55:11,073] Trial 33 pruned. 
[I 2026-03-18 16:55:12,326] Trial 28 pruned. 
[I 2026-03-18 16:55:13,714] Trial 35 pruned. 
[I 2026-03-18 16:55:15,476] Trial 23 finished with value: -2.80552417652027 and parameters: {'n_layers_yyx': 2, 'hidden_size_yyx_l0': 6, 'hidden_size_yyx_l1': 5, 'context_size_yyx': 4, 'num_mix_components_yyx': 3, 'context_extractor_yyx': 'lstm', 'activation_func_yyx': 'Tanh', 'L2_weight_yyx': 0.00024754714517564606, 'L_entropy_weight_yyx': 5.539450863649663e-10, 'L_sep_weight_yyx': 0.0009863462813769434, 'L_scale_weight_yyx': 4.984244859217902e-10, 'learning_rate_yyx': 0.0027493856319421523}. Best is trial 23 with value: -2.80552417652027.
[I 2026-03-18 16:55:17,278] Trial 31 pruned. 
[I 2026-03-18 16:55:18,803] Trial 29 pruned. 
[I 2026-03-18 16:55:24,201] Trial 32 pruned. 
[I 2026-03-18 16:55:24,853] Trial 44 finished with value: -2.793021885305029 and parameters: {'n_layers_yyx': 1, 'hidden_size_yyx_l0': 4, 'context_size_yyx': 4, 'num_mix_components_yyx': 4, 'context_extractor_yyx': 'lstm', 'activation_func_yyx': 'ReLU', 'L2_weight_yyx': 3.6071400578995195e-07, 'L_entropy_weight_yyx': 1.0364034629416999e-05, 'L_sep_weight_yyx': 5.0421277421007286e-05, 'L_scale_weight_yyx': 6.0590632777099044e-05, 'learning_rate_yyx': 0.0056334628108271655}. Best is trial 24 with value: -2.798767703717539.
[I 2026-03-18 16:55:30,743] Trial 45 pruned. 
[I 2026-03-18 16:55:31,816] Trial 34 finished with value: -2.8000319687985806 and parameters: {'n_layers_yyx': 2, 'hidden_size_yyx_l0': 6, 'hidden_size_yyx_l1': 5, 'context_size_yyx': 4, 'num_mix_components_yyx': 2, 'context_extractor_yyx': 'lstm', 'activation_func_yyx': 'ReLU', 'L2_weight_yyx': 1.8887538337525863e-08, 'L_entropy_weight_yyx': 2.2477109736210123e-08, 'L_sep_weight_yyx': 1.2335239679115112e-09, 'L_scale_weight_yyx': 2.1432040089981222e-09, 'learning_rate_yyx': 0.005081722529553149}. Best is trial 0 with value: -2.8067502106217272.
[I 2026-03-18 16:55:33,229] Trial 30 pruned. 
[I 2026-03-18 16:55:37,658] Trial 28 finished with value: -2.802260945271563 and parameters: {'n_layers_yyx': 2, 'hidden_size_yyx_l0': 4, 'hidden_size_yyx_l1': 3, 'context_size_yyx': 3, 'num_mix_components_yyx': 5, 'context_extractor_yyx': 'lstm', 'activation_func_yyx': 'Tanh', 'L2_weight_yyx': 7.16127183306903e-09, 'L_entropy_weight_yyx': 1.6310594396676852e-05, 'L_sep_weight_yyx': 5.816337383986403e-07, 'L_scale_weight_yyx': 7.269739380484604e-07, 'learning_rate_yyx': 0.0043928174891360765}. Best is trial 9 with value: -2.8084722793451675.
[I 2026-03-18 16:55:39,115] Trial 33 pruned. 
[I 2026-03-18 16:55:42,952] Trial 42 pruned. 
[I 2026-03-18 16:55:44,357] Trial 29 pruned. 
[I 2026-03-18 16:55:45,009] Trial 34 pruned. 
[I 2026-03-18 16:55:46,085] Trial 35 pruned. 
[I 2026-03-18 16:55:46,121] Trial 23 finished with value: -2.7857480198841693 and parameters: {'n_layers_yyx': 2, 'hidden_size_yyx_l0': 4, 'hidden_size_yyx_l1': 6, 'context_size_yyx': 3, 'num_mix_components_yyx': 1, 'context_extractor_yyx': 'gru', 'activation_func_yyx': 'Tanh', 'L2_weight_yyx': 5.494004169733349e-05, 'L_entropy_weight_yyx': 6.843052787452708e-10, 'L_sep_weight_yyx': 6.711135780369148e-09, 'L_scale_weight_yyx': 7.774963411445925e-08, 'learning_rate_yyx': 0.009940567580884978}. Best is trial 21 with value: -2.786583013031271.
[I 2026-03-18 16:55:48,617] Trial 24 finished with value: -2.803136382042884 and parameters: {'n_layers_yyx': 2, 'hidden_size_yyx_l0': 5, 'hidden_size_yyx_l1': 2, 'context_size_yyx': 4, 'num_mix_components_yyx': 2, 'context_extractor_yyx': 'lstm', 'activation_func_yyx': 'ReLU', 'L2_weight_yyx': 2.0401575190345598e-08, 'L_entropy_weight_yyx': 2.1871053253633502e-08, 'L_sep_weight_yyx': 4.756259181276097e-09, 'L_scale_weight_yyx': 0.00017578834819219387, 'learning_rate_yyx': 0.0018633226555957747}. Best is trial 7 with value: -2.8073737460176833.
[I 2026-03-18 16:55:48,911] Trial 43 pruned. 
[I 2026-03-18 16:55:51,748] Trial 25 pruned. 
[I 2026-03-18 16:55:51,773] Trial 36 pruned. 
[I 2026-03-18 16:55:54,416] Trial 25 pruned. 
[I 2026-03-18 16:55:54,422] Trial 32 pruned. 
[I 2026-03-18 16:55:57,537] Trial 37 pruned. 
[I 2026-03-18 16:55:58,881] Trial 30 pruned. 
[I 2026-03-18 16:56:00,028] Trial 24 pruned. 
[I 2026-03-18 16:56:00,660] Trial 26 pruned. 
[I 2026-03-18 16:56:00,755] Trial 33 pruned. 
[I 2026-03-18 16:56:01,166] Trial 27 finished with value: -2.8024681414662083 and parameters: {'n_layers_yyx': 2, 'hidden_size_yyx_l0': 6, 'hidden_size_yyx_l1': 3, 'context_size_yyx': 4, 'num_mix_components_yyx': 5, 'context_extractor_yyx': 'lstm', 'activation_func_yyx': 'ReLU', 'L2_weight_yyx': 4.558370482162976e-10, 'L_entropy_weight_yyx': 4.2582931438693815e-09, 'L_sep_weight_yyx': 8.907648161343931e-07, 'L_scale_weight_yyx': 0.00013715484193008837, 'learning_rate_yyx': 0.005359713391287581}. Best is trial 6 with value: -2.805382927239302.
[I 2026-03-18 16:56:06,443] Trial 26 pruned. 
[I 2026-03-18 16:56:07,977] Trial 34 pruned. 
[I 2026-03-18 16:56:10,825] Trial 46 pruned. 
[I 2026-03-18 16:56:14,668] Trial 24 finished with value: -2.8041825392031274 and parameters: {'n_layers_yyx': 2, 'hidden_size_yyx_l0': 4, 'hidden_size_yyx_l1': 4, 'context_size_yyx': 4, 'num_mix_components_yyx': 5, 'context_extractor_yyx': 'lstm', 'activation_func_yyx': 'Tanh', 'L2_weight_yyx': 2.787064391042966e-07, 'L_entropy_weight_yyx': 8.369154506502792e-08, 'L_sep_weight_yyx': 0.00014579628201683804, 'L_scale_weight_yyx': 7.287769410210439e-05, 'learning_rate_yyx': 0.007478736094139471}. Best is trial 5 with value: -2.8058216093098.
[I 2026-03-18 16:56:14,716] Trial 25 pruned. 
[I 2026-03-18 16:56:23,220] Trial 32 finished with value: -2.8073595833844704 and parameters: {'n_layers_yyx': 1, 'hidden_size_yyx_l0': 3, 'context_size_yyx': 4, 'num_mix_components_yyx': 5, 'context_extractor_yyx': 'lstm', 'activation_func_yyx': 'ReLU', 'L2_weight_yyx': 1.4573001088131878e-08, 'L_entropy_weight_yyx': 1.4454225513588363e-06, 'L_sep_weight_yyx': 2.1767648192687465e-09, 'L_scale_weight_yyx': 1.1457313602680272e-06, 'learning_rate_yyx': 0.009862571931632995}. Best is trial 32 with value: -2.8073595833844704.
[I 2026-03-18 16:56:24,682] Trial 35 pruned. 
[I 2026-03-18 16:56:28,084] Trial 35 pruned. 
[I 2026-03-18 16:56:37,339] Trial 36 pruned. 
[I 2026-03-18 16:56:38,826] Trial 36 pruned. 
[I 2026-03-18 16:56:45,765] Trial 27 pruned. 
[I 2026-03-18 16:56:47,370] Trial 44 finished with value: -2.806502993768921 and parameters: {'n_layers_yyx': 1, 'hidden_size_yyx_l0': 6, 'context_size_yyx': 4, 'num_mix_components_yyx': 1, 'context_extractor_yyx': 'lstm', 'activation_func_yyx': 'ReLU', 'L2_weight_yyx': 4.5373641622532113e-08, 'L_entropy_weight_yyx': 7.34439145036521e-07, 'L_sep_weight_yyx': 1.054506220961291e-09, 'L_scale_weight_yyx': 5.548939975585156e-07, 'learning_rate_yyx': 0.007076757281031916}. Best is trial 13 with value: -2.8082553050147787.
[I 2026-03-18 16:56:49,229] Trial 47 pruned. 
[I 2026-03-18 16:56:55,730] Trial 31 finished with value: -2.802554554652886 and parameters: {'n_layers_yyx': 2, 'hidden_size_yyx_l0': 4, 'hidden_size_yyx_l1': 5, 'context_size_yyx': 4, 'num_mix_components_yyx': 4, 'context_extractor_yyx': 'lstm', 'activation_func_yyx': 'Tanh', 'L2_weight_yyx': 3.894396634355343e-06, 'L_entropy_weight_yyx': 0.00012026861323393052, 'L_sep_weight_yyx': 8.215471051807308e-10, 'L_scale_weight_yyx': 0.0006801810590140868, 'learning_rate_yyx': 0.00493896006490575}. Best is trial 5 with value: -2.8051328142627483.
[I 2026-03-18 16:56:56,377] Trial 41 finished with value: -2.7979303694211133 and parameters: {'n_layers_yyx': 1, 'hidden_size_yyx_l0': 5, 'context_size_yyx': 4, 'num_mix_components_yyx': 3, 'context_extractor_yyx': 'lstm', 'activation_func_yyx': 'Tanh', 'L2_weight_yyx': 0.00030375225725165576, 'L_entropy_weight_yyx': 8.625301798251603e-07, 'L_sep_weight_yyx': 1.6725420386094377e-10, 'L_scale_weight_yyx': 0.0001823670545639816, 'learning_rate_yyx': 0.007910129203029068}. Best is trial 41 with value: -2.7979303694211133.
[I 2026-03-18 16:57:00,437] Trial 24 finished with value: -2.806529472032402 and parameters: {'n_layers_yyx': 2, 'hidden_size_yyx_l0': 5, 'hidden_size_yyx_l1': 5, 'context_size_yyx': 3, 'num_mix_components_yyx': 3, 'context_extractor_yyx': 'lstm', 'activation_func_yyx': 'Tanh', 'L2_weight_yyx': 0.0002638057742246434, 'L_entropy_weight_yyx': 1.1461424004968227e-10, 'L_sep_weight_yyx': 0.0001695896140652463, 'L_scale_weight_yyx': 4.946861499682392e-09, 'learning_rate_yyx': 0.007627415607385959}. Best is trial 24 with value: -2.806529472032402.
[I 2026-03-18 16:57:02,505] Trial 33 pruned. 
[I 2026-03-18 16:57:05,069] Trial 34 pruned. 
[I 2026-03-18 16:57:10,583] Trial 32 pruned. 
[I 2026-03-18 16:57:10,779] Trial 36 finished with value: -2.8014575207297803 and parameters: {'n_layers_yyx': 2, 'hidden_size_yyx_l0': 6, 'hidden_size_yyx_l1': 6, 'context_size_yyx': 4, 'num_mix_components_yyx': 1, 'context_extractor_yyx': 'lstm', 'activation_func_yyx': 'ReLU', 'L2_weight_yyx': 1.3543260493939767e-06, 'L_entropy_weight_yyx': 5.534225492772109e-09, 'L_sep_weight_yyx': 1.5540134958870918e-07, 'L_scale_weight_yyx': 4.756809952213623e-10, 'learning_rate_yyx': 0.00275589637166069}. Best is trial 0 with value: -2.8067502106217272.
[I 2026-03-18 16:57:16,824] Trial 37 pruned. 
[I 2026-03-18 16:57:18,479] Trial 35 pruned. 
[I 2026-03-18 16:57:24,857] Trial 33 pruned. 
[I 2026-03-18 16:57:26,366] Trial 48 pruned. 
[I 2026-03-18 16:57:30,476] Trial 38 pruned. 
[I 2026-03-18 16:57:30,931] Trial 34 pruned. 
[I 2026-03-18 16:57:32,192] Trial 28 finished with value: -2.7890431437354257 and parameters: {'n_layers_yyx': 2, 'hidden_size_yyx_l0': 6, 'hidden_size_yyx_l1': 2, 'context_size_yyx': 4, 'num_mix_components_yyx': 5, 'context_extractor_yyx': 'lstm', 'activation_func_yyx': 'Tanh', 'L2_weight_yyx': 3.734499403920363e-10, 'L_entropy_weight_yyx': 4.810797164821424e-10, 'L_sep_weight_yyx': 3.927590660664159e-09, 'L_scale_weight_yyx': 0.0008354939689172519, 'learning_rate_yyx': 0.009295415570021871}. Best is trial 6 with value: -2.805382927239302.
[I 2026-03-18 16:57:33,258] Trial 36 pruned. 
[I 2026-03-18 16:57:38,963] Trial 37 pruned. 
[I 2026-03-18 16:57:40,585] Trial 49 pruned. 

Source events: 31112
Target events: 9421
Full model ln_yyx : 1329.23223 nats/sec, 126.98323 nats/event
Full model Log loss : -2.78047
Full model ln_yyx : 1332.06758 nats/sec, 127.25409 nats/event
Full model Log loss : -2.77030
Full model ln_yyx : 1342.45898 nats/sec, 128.24680 nats/event
Full model Log loss : -2.78249
Full model ln_yyx : 1346.98814 nats/sec, 128.67947 nats/event
Full model Log loss : -2.79270
Full model ln_yyx : 1348.98382 nats/sec, 128.87012 nats/event
Full model Log loss : -2.79572
Full model ln_yyx : 1347.75127 nats/sec, 128.75238 nats/event
Full model Log loss : -2.79147
Full model ln_yyx : 1341.77319 nats/sec, 128.18128 nats/event
Full model Log loss : -2.79631
Full model ln_yyx : 1352.48060 nats/sec, 129.20418 nats/event
Full model Log loss : -2.79877
Full model ln_yyx : 1354.69358 nats/sec, 129.41558 nats/event
Full model Log loss : -2.79658
Full model ln_yyx : 1349.72271 nats/sec, 128.94071 nats/event
Full model Log loss : -2.79268
Full model ln_yyx : 1353.89908 nats/sec, 129.33968 nats/event
Full model Log loss : -2.79430
Full model ln_yyx : 1351.58268 nats/sec, 129.11840 nats/event
Full model Log loss : -2.79302
Optimization finished. Config saved to results/opt-full/opt_full_13_best_config.txt
[I 2026-03-18 16:57:41,318] Trial 31 finished with value: -2.8023617677140473 and parameters: {'n_layers_yyx': 2, 'hidden_size_yyx_l0': 2, 'hidden_size_yyx_l1': 6, 'context_size_yyx': 4, 'num_mix_components_yyx': 3, 'context_extractor_yyx': 'lstm', 'activation_func_yyx': 'Tanh', 'L2_weight_yyx': 3.547787250833316e-09, 'L_entropy_weight_yyx': 3.8339350051670375e-08, 'L_sep_weight_yyx': 1.5912028654996088e-07, 'L_scale_weight_yyx': 1.2261457863377353e-10, 'learning_rate_yyx': 0.003798641662060846}. Best is trial 9 with value: -2.8084722793451675.
[I 2026-03-18 16:57:44,095] Trial 26 finished with value: -2.7859203514450774 and parameters: {'n_layers_yyx': 2, 'hidden_size_yyx_l0': 4, 'hidden_size_yyx_l1': 5, 'context_size_yyx': 3, 'num_mix_components_yyx': 2, 'context_extractor_yyx': 'lstm', 'activation_func_yyx': 'Tanh', 'L2_weight_yyx': 3.9259891633444105e-05, 'L_entropy_weight_yyx': 7.159505172892638e-10, 'L_sep_weight_yyx': 2.312649684398847e-08, 'L_scale_weight_yyx': 3.3092167636770435e-07, 'learning_rate_yyx': 0.009718668485745423}. Best is trial 21 with value: -2.786583013031271.
[I 2026-03-18 16:57:44,958] Trial 38 pruned. 
[I 2026-03-18 16:57:45,064] Trial 38 pruned. 
[I 2026-03-18 16:57:45,235] Trial 35 pruned. 
[I 2026-03-18 16:57:51,148] Trial 45 finished with value: -2.8054103136569815 and parameters: {'n_layers_yyx': 1, 'hidden_size_yyx_l0': 6, 'context_size_yyx': 4, 'num_mix_components_yyx': 1, 'context_extractor_yyx': 'lstm', 'activation_func_yyx': 'Tanh', 'L2_weight_yyx': 3.947359551901709e-08, 'L_entropy_weight_yyx': 3.901396550049078e-07, 'L_sep_weight_yyx': 8.403295070493413e-09, 'L_scale_weight_yyx': 0.0009982237285038587, 'learning_rate_yyx': 0.008958717668160766}. Best is trial 13 with value: -2.8082553050147787.
[I 2026-03-18 16:57:56,530] Trial 25 finished with value: -2.8023396590165275 and parameters: {'n_layers_yyx': 2, 'hidden_size_yyx_l0': 4, 'hidden_size_yyx_l1': 5, 'context_size_yyx': 3, 'num_mix_components_yyx': 5, 'context_extractor_yyx': 'lstm', 'activation_func_yyx': 'Tanh', 'L2_weight_yyx': 2.0939738915557502e-05, 'L_entropy_weight_yyx': 1.1786738258418818e-05, 'L_sep_weight_yyx': 0.0003388683441677978, 'L_scale_weight_yyx': 0.00047043321923860955, 'learning_rate_yyx': 0.007677593842479643}. Best is trial 5 with value: -2.8058216093098.
[I 2026-03-18 16:57:58,379] Trial 39 pruned. 
[I 2026-03-18 16:57:59,367] Trial 36 pruned. 
[I 2026-03-18 16:57:59,387] Trial 39 pruned. 
[I 2026-03-18 16:58:02,372] Trial 26 pruned. 
[I 2026-03-18 16:58:03,871] Trial 27 finished with value: -2.805455058788711 and parameters: {'n_layers_yyx': 1, 'hidden_size_yyx_l0': 5, 'context_size_yyx': 4, 'num_mix_components_yyx': 2, 'context_extractor_yyx': 'lstm', 'activation_func_yyx': 'ReLU', 'L2_weight_yyx': 3.0707478677159476e-10, 'L_entropy_weight_yyx': 1.7357390525003535e-07, 'L_sep_weight_yyx': 1.7432945480795687e-08, 'L_scale_weight_yyx': 0.0002927977796413093, 'learning_rate_yyx': 0.0030386993684568737}. Best is trial 7 with value: -2.8073737460176833.
[I 2026-03-18 16:58:05,043] Trial 25 finished with value: -2.801874004242168 and parameters: {'n_layers_yyx': 2, 'hidden_size_yyx_l0': 5, 'hidden_size_yyx_l1': 5, 'context_size_yyx': 3, 'num_mix_components_yyx': 2, 'context_extractor_yyx': 'lstm', 'activation_func_yyx': 'Tanh', 'L2_weight_yyx': 5.607148584192093e-05, 'L_entropy_weight_yyx': 2.4385108987449777e-10, 'L_sep_weight_yyx': 0.0002951882565366728, 'L_scale_weight_yyx': 4.1089451620218125e-09, 'learning_rate_yyx': 0.009878759093505492}. Best is trial 24 with value: -2.806529472032402.
[I 2026-03-18 16:58:05,145] Trial 37 pruned. 
[I 2026-03-18 16:58:11,125] Trial 38 pruned. 
[I 2026-03-18 16:58:16,452] Trial 27 pruned. 
[I 2026-03-18 16:58:17,008] Trial 39 pruned. 
[I 2026-03-18 16:58:22,389] Trial 34 finished with value: -2.802237404405222 and parameters: {'n_layers_yyx': 1, 'hidden_size_yyx_l0': 3, 'context_size_yyx': 4, 'num_mix_components_yyx': 4, 'context_extractor_yyx': 'lstm', 'activation_func_yyx': 'ReLU', 'L2_weight_yyx': 2.4657992022498928e-08, 'L_entropy_weight_yyx': 4.632218544380629e-06, 'L_sep_weight_yyx': 2.2754022662980315e-09, 'L_scale_weight_yyx': 1.5947397329078453e-06, 'learning_rate_yyx': 0.0067807658668665475}. Best is trial 32 with value: -2.8073595833844704.
[I 2026-03-18 16:58:23,024] Trial 40 pruned. 
[I 2026-03-18 16:58:27,869] Trial 35 pruned. 
[I 2026-03-18 16:58:30,443] Trial 28 pruned. 
[I 2026-03-18 16:58:35,285] Trial 37 pruned. 
[I 2026-03-18 16:58:36,767] Trial 40 pruned. 
[I 2026-03-18 16:58:36,887] Trial 29 finished with value: -2.8004279032878725 and parameters: {'n_layers_yyx': 2, 'hidden_size_yyx_l0': 6, 'hidden_size_yyx_l1': 3, 'context_size_yyx': 4, 'num_mix_components_yyx': 5, 'context_extractor_yyx': 'lstm', 'activation_func_yyx': 'GELU', 'L2_weight_yyx': 1.6890584469725234e-09, 'L_entropy_weight_yyx': 5.418980990377754e-09, 'L_sep_weight_yyx': 3.1838580318968893e-06, 'L_scale_weight_yyx': 9.561192517144045e-05, 'learning_rate_yyx': 0.0074945213476604235}. Best is trial 6 with value: -2.805382927239302.
[I 2026-03-18 16:58:41,485] Trial 28 pruned. 
[I 2026-03-18 16:58:47,655] Trial 42 finished with value: -2.7974416458873725 and parameters: {'n_layers_yyx': 1, 'hidden_size_yyx_l0': 5, 'context_size_yyx': 4, 'num_mix_components_yyx': 4, 'context_extractor_yyx': 'lstm', 'activation_func_yyx': 'Tanh', 'L2_weight_yyx': 0.0002744960452114439, 'L_entropy_weight_yyx': 5.108411885708393e-07, 'L_sep_weight_yyx': 1.015235911659051e-09, 'L_scale_weight_yyx': 0.00016971455949230368, 'learning_rate_yyx': 0.008212698337123058}. Best is trial 41 with value: -2.7979303694211133.
[I 2026-03-18 16:58:49,117] Trial 38 pruned. 
[I 2026-03-18 16:58:52,784] Trial 37 finished with value: -2.796764404134978 and parameters: {'n_layers_yyx': 1, 'hidden_size_yyx_l0': 4, 'context_size_yyx': 4, 'num_mix_components_yyx': 4, 'context_extractor_yyx': 'lstm', 'activation_func_yyx': 'GELU', 'L2_weight_yyx': 1.111862345068173e-07, 'L_entropy_weight_yyx': 1.3856566223418713e-09, 'L_sep_weight_yyx': 3.3284560621188033e-07, 'L_scale_weight_yyx': 9.609344859486642e-08, 'learning_rate_yyx': 0.008941851131131417}. Best is trial 37 with value: -2.796764404134978.
[I 2026-03-18 16:58:54,721] Trial 46 finished with value: -2.805319804642755 and parameters: {'n_layers_yyx': 1, 'hidden_size_yyx_l0': 6, 'context_size_yyx': 4, 'num_mix_components_yyx': 1, 'context_extractor_yyx': 'lstm', 'activation_func_yyx': 'Tanh', 'L2_weight_yyx': 5.969886047775344e-08, 'L_entropy_weight_yyx': 5.066954849281921e-07, 'L_sep_weight_yyx': 7.110063423746214e-09, 'L_scale_weight_yyx': 6.255875632622292e-05, 'learning_rate_yyx': 0.008788829407049137}. Best is trial 13 with value: -2.8082553050147787.
[I 2026-03-18 16:58:58,640] Trial 38 pruned. 
[I 2026-03-18 16:58:59,923] Trial 39 finished with value: -2.8011782032400587 and parameters: {'n_layers_yyx': 2, 'hidden_size_yyx_l0': 4, 'hidden_size_yyx_l1': 5, 'context_size_yyx': 4, 'num_mix_components_yyx': 2, 'context_extractor_yyx': 'gru', 'activation_func_yyx': 'ReLU', 'L2_weight_yyx': 5.930041247308266e-07, 'L_entropy_weight_yyx': 1.009282194395621e-07, 'L_sep_weight_yyx': 1.1025785840958702e-08, 'L_scale_weight_yyx': 5.274895472292088e-07, 'learning_rate_yyx': 0.006586393770571513}. Best is trial 0 with value: -2.8067502106217272.
[I 2026-03-18 16:59:05,811] Trial 40 pruned. 
[I 2026-03-18 16:59:05,917] Trial 36 pruned. 
[I 2026-03-18 16:59:06,062] Trial 27 finished with value: -2.777335728178362 and parameters: {'n_layers_yyx': 2, 'hidden_size_yyx_l0': 4, 'hidden_size_yyx_l1': 5, 'context_size_yyx': 2, 'num_mix_components_yyx': 2, 'context_extractor_yyx': 'lstm', 'activation_func_yyx': 'Tanh', 'L2_weight_yyx': 2.7670164493364548e-05, 'L_entropy_weight_yyx': 1.292657274245462e-08, 'L_sep_weight_yyx': 1.2138846565207169e-07, 'L_scale_weight_yyx': 2.793520677261685e-07, 'learning_rate_yyx': 0.007142258112402276}. Best is trial 21 with value: -2.786583013031271.
[I 2026-03-18 16:59:11,417] Trial 41 pruned. 
[I 2026-03-18 16:59:12,209] Trial 39 pruned. 
[I 2026-03-18 16:59:14,498] Trial 30 pruned. 
[I 2026-03-18 16:59:14,508] Trial 41 pruned. 
[I 2026-03-18 16:59:18,729] Trial 29 pruned. 
[I 2026-03-18 16:59:22,473] Trial 32 finished with value: -2.8071907109669234 and parameters: {'n_layers_yyx': 2, 'hidden_size_yyx_l0': 2, 'hidden_size_yyx_l1': 6, 'context_size_yyx': 4, 'num_mix_components_yyx': 3, 'context_extractor_yyx': 'lstm', 'activation_func_yyx': 'Tanh', 'L2_weight_yyx': 1.1705999851818935e-08, 'L_entropy_weight_yyx': 2.684700692884646e-08, 'L_sep_weight_yyx': 1.006637112884477e-06, 'L_scale_weight_yyx': 3.409205168528526e-10, 'learning_rate_yyx': 0.006172540553644353}. Best is trial 9 with value: -2.8084722793451675.
[I 2026-03-18 16:59:24,319] Trial 43 pruned. 
[I 2026-03-18 16:59:24,365] Trial 30 pruned. 
[I 2026-03-18 16:59:25,351] Trial 42 pruned. 
[I 2026-03-18 16:59:27,425] Trial 26 finished with value: -2.802098289695946 and parameters: {'n_layers_yyx': 2, 'hidden_size_yyx_l0': 5, 'hidden_size_yyx_l1': 5, 'context_size_yyx': 2, 'num_mix_components_yyx': 2, 'context_extractor_yyx': 'lstm', 'activation_func_yyx': 'Tanh', 'L2_weight_yyx': 0.00029881956270340105, 'L_entropy_weight_yyx': 1.4149995303909012e-10, 'L_sep_weight_yyx': 1.0586996932483877e-05, 'L_scale_weight_yyx': 6.586546893636048e-08, 'learning_rate_yyx': 0.009927190087856202}. Best is trial 24 with value: -2.806529472032402.
[I 2026-03-18 16:59:30,102] Trial 31 pruned. 
[I 2026-03-18 16:59:31,225] Trial 43 pruned. 
[I 2026-03-18 16:59:35,846] Trial 32 pruned. 
[I 2026-03-18 16:59:37,101] Trial 44 pruned. 
[I 2026-03-18 16:59:41,337] Trial 40 pruned. 
[I 2026-03-18 16:59:41,486] Trial 27 pruned. 
[I 2026-03-18 16:59:41,766] Trial 33 pruned. 
[I 2026-03-18 16:59:43,665] Trial 41 finished with value: -2.802406864397871 and parameters: {'n_layers_yyx': 2, 'hidden_size_yyx_l0': 4, 'hidden_size_yyx_l1': 5, 'context_size_yyx': 4, 'num_mix_components_yyx': 4, 'context_extractor_yyx': 'lstm', 'activation_func_yyx': 'Tanh', 'L2_weight_yyx': 4.7349567674419665e-06, 'L_entropy_weight_yyx': 0.00021252872022959596, 'L_sep_weight_yyx': 1.1289393332721668e-09, 'L_scale_weight_yyx': 0.0008121855505779027, 'learning_rate_yyx': 0.004695942665444633}. Best is trial 5 with value: -2.8051328142627483.
[I 2026-03-18 16:59:43,719] Trial 37 pruned. 
[I 2026-03-18 16:59:49,551] Trial 38 pruned. 
[I 2026-03-18 16:59:50,692] Trial 40 pruned. 
[I 2026-03-18 16:59:53,175] Trial 42 pruned. 
[I 2026-03-18 16:59:55,935] Trial 28 pruned. 
[I 2026-03-18 16:59:58,052] Trial 47 finished with value: -2.8053490288069156 and parameters: {'n_layers_yyx': 1, 'hidden_size_yyx_l0': 6, 'context_size_yyx': 4, 'num_mix_components_yyx': 1, 'context_extractor_yyx': 'lstm', 'activation_func_yyx': 'Tanh', 'L2_weight_yyx': 4.1481442849174585e-08, 'L_entropy_weight_yyx': 6.87118391515102e-07, 'L_sep_weight_yyx': 8.869580122782827e-09, 'L_scale_weight_yyx': 0.0008345248813493411, 'learning_rate_yyx': 0.008812051204822218}. Best is trial 13 with value: -2.8082553050147787.
[I 2026-03-18 17:00:01,362] Trial 39 finished with value: -2.7986918660736335 and parameters: {'n_layers_yyx': 1, 'hidden_size_yyx_l0': 6, 'context_size_yyx': 4, 'num_mix_components_yyx': 4, 'context_extractor_yyx': 'lstm', 'activation_func_yyx': 'Tanh', 'L2_weight_yyx': 1.9532656216861458e-08, 'L_entropy_weight_yyx': 7.165722657503416e-05, 'L_sep_weight_yyx': 0.0004183307276052536, 'L_scale_weight_yyx': 6.73403883802962e-07, 'learning_rate_yyx': 0.0065317542384198376}. Best is trial 14 with value: -2.7995943704403503.
[I 2026-03-18 17:00:06,868] Trial 43 pruned. 
[I 2026-03-18 17:00:09,930] Trial 29 pruned. 
[I 2026-03-18 17:00:11,636] Trial 28 finished with value: -2.7836583404439086 and parameters: {'n_layers_yyx': 2, 'hidden_size_yyx_l0': 5, 'hidden_size_yyx_l1': 5, 'context_size_yyx': 3, 'num_mix_components_yyx': 2, 'context_extractor_yyx': 'lstm', 'activation_func_yyx': 'Tanh', 'L2_weight_yyx': 9.221399212322494e-05, 'L_entropy_weight_yyx': 1.2896185828625417e-09, 'L_sep_weight_yyx': 1.7962216162420578e-08, 'L_scale_weight_yyx': 6.612380581123685e-06, 'learning_rate_yyx': 0.005750956077569564}. Best is trial 21 with value: -2.786583013031271.
[I 2026-03-18 17:00:15,459] Trial 28 finished with value: -2.8006749706727425 and parameters: {'n_layers_yyx': 1, 'hidden_size_yyx_l0': 4, 'context_size_yyx': 3, 'num_mix_components_yyx': 3, 'context_extractor_yyx': 'gru', 'activation_func_yyx': 'GELU', 'L2_weight_yyx': 5.231092947238904e-10, 'L_entropy_weight_yyx': 6.260112095882775e-08, 'L_sep_weight_yyx': 1.2692365726550383e-06, 'L_scale_weight_yyx': 0.0009965626240479371, 'learning_rate_yyx': 0.0015957874411917177}. Best is trial 5 with value: -2.805070761203844.
[I 2026-03-18 17:00:16,392] Trial 30 pruned. 
[I 2026-03-18 17:00:20,043] Trial 34 pruned. 
[I 2026-03-18 17:00:21,465] Trial 29 pruned. 
[I 2026-03-18 17:00:21,967] Trial 29 pruned. 
[I 2026-03-18 17:00:27,229] Trial 30 pruned. 
[I 2026-03-18 17:00:27,559] Trial 39 pruned. 
[I 2026-03-18 17:00:27,902] Trial 30 pruned. 
[I 2026-03-18 17:00:33,291] Trial 31 pruned. 
[I 2026-03-18 17:00:33,459] Trial 40 pruned. 
[I 2026-03-18 17:00:33,723] Trial 35 pruned. 
[I 2026-03-18 17:00:39,905] Trial 40 pruned. 
[I 2026-03-18 17:00:40,924] Trial 44 finished with value: -2.799169708774652 and parameters: {'n_layers_yyx': 1, 'hidden_size_yyx_l0': 5, 'context_size_yyx': 4, 'num_mix_components_yyx': 4, 'context_extractor_yyx': 'lstm', 'activation_func_yyx': 'Tanh', 'L2_weight_yyx': 3.645785436554307e-05, 'L_entropy_weight_yyx': 2.1948626705654464e-06, 'L_sep_weight_yyx': 2.536446397148159e-10, 'L_scale_weight_yyx': 2.2036575668770987e-05, 'learning_rate_yyx': 0.009898515165348743}. Best is trial 44 with value: -2.799169708774652.
[I 2026-03-18 17:00:41,248] Trial 31 finished with value: -2.80386722585297 and parameters: {'n_layers_yyx': 2, 'hidden_size_yyx_l0': 5, 'hidden_size_yyx_l1': 3, 'context_size_yyx': 4, 'num_mix_components_yyx': 5, 'context_extractor_yyx': 'lstm', 'activation_func_yyx': 'ReLU', 'L2_weight_yyx': 4.609712411283837e-10, 'L_entropy_weight_yyx': 3.4625309952368234e-07, 'L_sep_weight_yyx': 8.039574089934866e-07, 'L_scale_weight_yyx': 0.00013466328871856385, 'learning_rate_yyx': 0.005395143368542406}. Best is trial 6 with value: -2.805382927239302.
[I 2026-03-18 17:01:02,305] Trial 48 finished with value: -2.8055184410668264 and parameters: {'n_layers_yyx': 1, 'hidden_size_yyx_l0': 6, 'context_size_yyx': 4, 'num_mix_components_yyx': 1, 'context_extractor_yyx': 'lstm', 'activation_func_yyx': 'Tanh', 'L2_weight_yyx': 6.664051236070386e-08, 'L_entropy_weight_yyx': 7.942414734095649e-07, 'L_sep_weight_yyx': 7.282427357704653e-08, 'L_scale_weight_yyx': 0.0007732993968364854, 'learning_rate_yyx': 0.009311747710077494}. Best is trial 13 with value: -2.8082553050147787.
[I 2026-03-18 17:01:04,207] Trial 42 finished with value: -2.803477012802039 and parameters: {'n_layers_yyx': 2, 'hidden_size_yyx_l0': 4, 'hidden_size_yyx_l1': 5, 'context_size_yyx': 4, 'num_mix_components_yyx': 4, 'context_extractor_yyx': 'lstm', 'activation_func_yyx': 'Tanh', 'L2_weight_yyx': 9.67708771337022e-05, 'L_entropy_weight_yyx': 0.000151047863714591, 'L_sep_weight_yyx': 1.891328451627684e-09, 'L_scale_weight_yyx': 0.0001896212828636042, 'learning_rate_yyx': 0.00633945077559004}. Best is trial 5 with value: -2.8051328142627483.
[I 2026-03-18 17:01:07,192] Trial 31 pruned. 
[I 2026-03-18 17:01:08,281] Trial 49 pruned. 

Source events: 31112
Target events: 38515
Full model ln_yyx : 5489.24981 nats/sec, 128.27015 nats/event
Full model Log loss : -2.79809
Full model ln_yyx : 5541.64781 nats/sec, 129.49456 nats/event
Full model Log loss : -2.80447
Full model ln_yyx : 5534.28620 nats/sec, 129.32254 nats/event
Full model Log loss : -2.80310
Full model ln_yyx : 5507.32908 nats/sec, 128.69262 nats/event
Full model Log loss : -2.80196
Full model ln_yyx : 5532.42028 nats/sec, 129.27894 nats/event
Full model Log loss : -2.80298
Full model ln_yyx : 5550.72801 nats/sec, 129.70674 nats/event
Full model Log loss : -2.80826
Full model ln_yyx : 5507.00364 nats/sec, 128.68501 nats/event
Full model Log loss : -2.80326
Full model ln_yyx : 5535.81970 nats/sec, 129.35837 nats/event
Full model Log loss : -2.80665
Full model ln_yyx : 5530.03681 nats/sec, 129.22324 nats/event
Full model Log loss : -2.80444
Full model ln_yyx : 5534.49788 nats/sec, 129.32749 nats/event
Full model Log loss : -2.80447
Full model ln_yyx : 5526.24201 nats/sec, 129.13457 nats/event
Full model Log loss : -2.80532
Full model ln_yyx : 5535.82063 nats/sec, 129.35839 nats/event
Full model Log loss : -2.80650
Full model ln_yyx : 5549.16701 nats/sec, 129.67027 nats/event
Full model Log loss : -2.80541
Full model ln_yyx : 5546.96119 nats/sec, 129.61872 nats/event
Full model Log loss : -2.80532
Full model ln_yyx : 5547.58130 nats/sec, 129.63321 nats/event
Full model Log loss : -2.80535
Full model ln_yyx : 5552.36734 nats/sec, 129.74505 nats/event
Full model Log loss : -2.80552
Optimization finished. Config saved to results/opt-full/opt_full_6_best_config.txt
[I 2026-03-18 17:01:12,208] Trial 32 pruned. 
[I 2026-03-18 17:01:13,803] Trial 36 pruned. 
[I 2026-03-18 17:01:15,220] Trial 45 finished with value: -2.8037207654485763 and parameters: {'n_layers_yyx': 2, 'hidden_size_yyx_l0': 5, 'hidden_size_yyx_l1': 6, 'context_size_yyx': 4, 'num_mix_components_yyx': 2, 'context_extractor_yyx': 'lstm', 'activation_func_yyx': 'ReLU', 'L2_weight_yyx': 0.0001215821642100397, 'L_entropy_weight_yyx': 1.1450198275820468e-09, 'L_sep_weight_yyx': 5.06608138143263e-07, 'L_scale_weight_yyx': 1.1135648596480906e-08, 'learning_rate_yyx': 0.008514226910473656}. Best is trial 0 with value: -2.8067502106217272.
[I 2026-03-18 17:01:17,202] Trial 33 finished with value: -2.8073687293397946 and parameters: {'n_layers_yyx': 2, 'hidden_size_yyx_l0': 2, 'hidden_size_yyx_l1': 5, 'context_size_yyx': 4, 'num_mix_components_yyx': 4, 'context_extractor_yyx': 'lstm', 'activation_func_yyx': 'Tanh', 'L2_weight_yyx': 9.3932023598353e-10, 'L_entropy_weight_yyx': 4.371628299348363e-09, 'L_sep_weight_yyx': 1.07029456175299e-06, 'L_scale_weight_yyx': 5.312184723000125e-10, 'learning_rate_yyx': 0.0051285956774008296}. Best is trial 9 with value: -2.8084722793451675.
[I 2026-03-18 17:01:18,022] Trial 33 pruned. 
[I 2026-03-18 17:01:20,829] Trial 32 pruned. 
[I 2026-03-18 17:01:21,475] Trial 32 pruned. 
[I 2026-03-18 17:01:21,832] Trial 31 finished with value: -2.8004576686949734 and parameters: {'n_layers_yyx': 2, 'hidden_size_yyx_l0': 5, 'hidden_size_yyx_l1': 5, 'context_size_yyx': 3, 'num_mix_components_yyx': 2, 'context_extractor_yyx': 'lstm', 'activation_func_yyx': 'Tanh', 'L2_weight_yyx': 6.490434046324023e-05, 'L_entropy_weight_yyx': 3.384687127499029e-10, 'L_sep_weight_yyx': 0.00021982661789348812, 'L_scale_weight_yyx': 3.0580786569381795e-09, 'learning_rate_yyx': 0.009663736567982592}. Best is trial 24 with value: -2.806529472032402.
[I 2026-03-18 17:01:23,817] Trial 34 pruned. 
[I 2026-03-18 17:01:24,887] Trial 44 finished with value: -2.8031088720679107 and parameters: {'n_layers_yyx': 1, 'hidden_size_yyx_l0': 6, 'context_size_yyx': 4, 'num_mix_components_yyx': 5, 'context_extractor_yyx': 'lstm', 'activation_func_yyx': 'GELU', 'L2_weight_yyx': 1.8142497224431323e-08, 'L_entropy_weight_yyx': 1.3508504034891237e-05, 'L_sep_weight_yyx': 4.431320772450073e-10, 'L_scale_weight_yyx': 4.7334430574350496e-07, 'learning_rate_yyx': 0.008681726585610054}. Best is trial 27 with value: -2.804336680449664.
[I 2026-03-18 17:01:26,076] Trial 41 finished with value: -2.7955750335703407 and parameters: {'n_layers_yyx': 1, 'hidden_size_yyx_l0': 6, 'context_size_yyx': 4, 'num_mix_components_yyx': 4, 'context_extractor_yyx': 'lstm', 'activation_func_yyx': 'Tanh', 'L2_weight_yyx': 7.861223254285207e-08, 'L_entropy_weight_yyx': 8.336515717688479e-05, 'L_sep_weight_yyx': 8.878940708837432e-05, 'L_scale_weight_yyx': 6.9994588247853125e-09, 'learning_rate_yyx': 0.008835296295631786}. Best is trial 14 with value: -2.7995943704403503.
[I 2026-03-18 17:01:28,863] Trial 41 pruned. 
[I 2026-03-18 17:01:29,115] Trial 46 pruned. 
[I 2026-03-18 17:01:29,374] Trial 35 pruned. 
[I 2026-03-18 17:01:34,954] Trial 33 pruned. 
[I 2026-03-18 17:01:41,457] Trial 41 finished with value: -2.794259756882564 and parameters: {'n_layers_yyx': 1, 'hidden_size_yyx_l0': 4, 'context_size_yyx': 4, 'num_mix_components_yyx': 4, 'context_extractor_yyx': 'lstm', 'activation_func_yyx': 'GELU', 'L2_weight_yyx': 1.3688507854088306e-08, 'L_entropy_weight_yyx': 2.647565264448569e-09, 'L_sep_weight_yyx': 1.8356867062403727e-07, 'L_scale_weight_yyx': 4.305641657935839e-06, 'learning_rate_yyx': 0.004782398307789513}. Best is trial 37 with value: -2.796764404134978.
[I 2026-03-18 17:01:42,927] Trial 43 pruned. 
[I 2026-03-18 17:01:43,658] Trial 36 pruned. 
[I 2026-03-18 17:01:50,845] Trial 37 pruned. 
[I 2026-03-18 17:01:53,282] Trial 29 finished with value: -2.781238512588328 and parameters: {'n_layers_yyx': 2, 'hidden_size_yyx_l0': 3, 'hidden_size_yyx_l1': 5, 'context_size_yyx': 2, 'num_mix_components_yyx': 2, 'context_extractor_yyx': 'lstm', 'activation_func_yyx': 'Tanh', 'L2_weight_yyx': 8.036552487965963e-06, 'L_entropy_weight_yyx': 2.6854583441826897e-10, 'L_sep_weight_yyx': 2.8080444955157378e-08, 'L_scale_weight_yyx': 2.531707288051424e-07, 'learning_rate_yyx': 0.009705041774912174}. Best is trial 21 with value: -2.786583013031271.
[I 2026-03-18 17:01:56,659] Trial 34 pruned. 
[I 2026-03-18 17:01:57,060] Trial 44 pruned. 
[I 2026-03-18 17:02:02,192] Trial 45 finished with value: -2.7996897741425806 and parameters: {'n_layers_yyx': 1, 'hidden_size_yyx_l0': 5, 'context_size_yyx': 4, 'num_mix_components_yyx': 4, 'context_extractor_yyx': 'lstm', 'activation_func_yyx': 'Tanh', 'L2_weight_yyx': 3.9304886164770784e-05, 'L_entropy_weight_yyx': 3.061109630897904e-06, 'L_sep_weight_yyx': 2.044132316409823e-10, 'L_scale_weight_yyx': 3.8538996027792846e-05, 'learning_rate_yyx': 0.00799017856871788}. Best is trial 45 with value: -2.7996897741425806.
[I 2026-03-18 17:02:04,844] Trial 42 pruned. 
[I 2026-03-18 17:02:07,235] Trial 30 pruned. 
[I 2026-03-18 17:02:10,938] Trial 35 pruned. 
[I 2026-03-18 17:02:11,790] Trial 41 finished with value: -2.8073655760360414 and parameters: {'n_layers_yyx': 1, 'hidden_size_yyx_l0': 3, 'context_size_yyx': 4, 'num_mix_components_yyx': 5, 'context_extractor_yyx': 'lstm', 'activation_func_yyx': 'ReLU', 'L2_weight_yyx': 4.9057570693561576e-09, 'L_entropy_weight_yyx': 1.3944389941956028e-09, 'L_sep_weight_yyx': 3.3486852590456146e-05, 'L_scale_weight_yyx': 2.1739364073055997e-07, 'learning_rate_yyx': 0.009953700223310684}. Best is trial 41 with value: -2.8073655760360414.
[I 2026-03-18 17:02:21,706] Trial 37 pruned. 
[I 2026-03-18 17:02:26,020] Trial 45 finished with value: -2.7992780778931485 and parameters: {'n_layers_yyx': 1, 'hidden_size_yyx_l0': 5, 'context_size_yyx': 4, 'num_mix_components_yyx': 5, 'context_extractor_yyx': 'lstm', 'activation_func_yyx': 'GELU', 'L2_weight_yyx': 1.799972263999135e-08, 'L_entropy_weight_yyx': 3.976644895824532e-06, 'L_sep_weight_yyx': 3.9809341066777516e-10, 'L_scale_weight_yyx': 4.781715035778812e-07, 'learning_rate_yyx': 0.009606353882636786}. Best is trial 27 with value: -2.804336680449664.
[I 2026-03-18 17:02:34,299] Trial 42 finished with value: -2.799544951458059 and parameters: {'n_layers_yyx': 1, 'hidden_size_yyx_l0': 6, 'context_size_yyx': 4, 'num_mix_components_yyx': 4, 'context_extractor_yyx': 'lstm', 'activation_func_yyx': 'Tanh', 'L2_weight_yyx': 7.405500057005134e-08, 'L_entropy_weight_yyx': 8.173291260112485e-05, 'L_sep_weight_yyx': 0.0004228302926345853, 'L_scale_weight_yyx': 3.427946015946956e-09, 'learning_rate_yyx': 0.008649912220002493}. Best is trial 14 with value: -2.7995943704403503.
[I 2026-03-18 17:02:35,610] Trial 45 pruned. 
[I 2026-03-18 17:02:41,261] Trial 46 pruned. 
[I 2026-03-18 17:02:41,605] Trial 34 finished with value: -2.8043707484134655 and parameters: {'n_layers_yyx': 2, 'hidden_size_yyx_l0': 5, 'hidden_size_yyx_l1': 3, 'context_size_yyx': 4, 'num_mix_components_yyx': 5, 'context_extractor_yyx': 'lstm', 'activation_func_yyx': 'ReLU', 'L2_weight_yyx': 2.301747952867069e-10, 'L_entropy_weight_yyx': 9.045619973706111e-07, 'L_sep_weight_yyx': 2.9570507917854595e-06, 'L_scale_weight_yyx': 5.0760987991177104e-06, 'learning_rate_yyx': 0.007765245873309595}. Best is trial 6 with value: -2.805382927239302.
[I 2026-03-18 17:02:45,888] Trial 31 pruned. 
[I 2026-03-18 17:02:47,011] Trial 47 pruned. 
[I 2026-03-18 17:02:49,591] Trial 42 pruned. 
[I 2026-03-18 17:02:50,497] Trial 36 pruned. 
[I 2026-03-18 17:03:00,764] Trial 48 pruned. 
[I 2026-03-18 17:03:03,496] Trial 43 pruned. 
[I 2026-03-18 17:03:03,966] Trial 32 finished with value: -2.806106134987971 and parameters: {'n_layers_yyx': 2, 'hidden_size_yyx_l0': 5, 'hidden_size_yyx_l1': 5, 'context_size_yyx': 3, 'num_mix_components_yyx': 3, 'context_extractor_yyx': 'lstm', 'activation_func_yyx': 'Tanh', 'L2_weight_yyx': 4.719667180389675e-05, 'L_entropy_weight_yyx': 3.007066540297588e-10, 'L_sep_weight_yyx': 5.1611452961997586e-05, 'L_scale_weight_yyx': 7.366822695621047e-09, 'learning_rate_yyx': 0.008463638724602651}. Best is trial 24 with value: -2.806529472032402.
[I 2026-03-18 17:03:04,494] Trial 46 pruned. 
[I 2026-03-18 17:03:06,493] Trial 33 finished with value: -2.804840652198648 and parameters: {'n_layers_yyx': 2, 'hidden_size_yyx_l0': 4, 'hidden_size_yyx_l1': 4, 'context_size_yyx': 4, 'num_mix_components_yyx': 5, 'context_extractor_yyx': 'lstm', 'activation_func_yyx': 'Tanh', 'L2_weight_yyx': 3.7719830642867984e-07, 'L_entropy_weight_yyx': 3.5750189394555216e-08, 'L_sep_weight_yyx': 2.0651364300248502e-05, 'L_scale_weight_yyx': 0.0003430163991992134, 'learning_rate_yyx': 0.008133121587570265}. Best is trial 5 with value: -2.8058216093098.
[I 2026-03-18 17:03:10,452] Trial 47 pruned. 
[I 2026-03-18 17:03:14,610] Trial 49 pruned. 

Source events: 31112
Target events: 13628
Full model ln_yyx : 1919.33996 nats/sec, 126.75418 nats/event
Full model Log loss : -2.77514
Full model ln_yyx : 1949.64089 nats/sec, 128.75527 nats/event
Full model Log loss : -2.80242
Full model ln_yyx : 1947.93376 nats/sec, 128.64253 nats/event
Full model Log loss : -2.79920
Full model ln_yyx : 1946.43722 nats/sec, 128.54370 nats/event
Full model Log loss : -2.80513
Full model ln_yyx : 1952.14824 nats/sec, 128.92086 nats/event
Full model Log loss : -2.80159
Full model ln_yyx : 1938.84371 nats/sec, 128.04222 nats/event
Full model Log loss : -2.79773
Full model ln_yyx : 1940.45456 nats/sec, 128.14860 nats/event
Full model Log loss : -2.78995
Full model ln_yyx : 1943.35333 nats/sec, 128.34004 nats/event
Full model Log loss : -2.80400
Full model ln_yyx : 1953.39050 nats/sec, 129.00289 nats/event
Full model Log loss : -2.80398
Full model ln_yyx : 1949.39092 nats/sec, 128.73876 nats/event
Full model Log loss : -2.80242
Full model ln_yyx : 1949.90493 nats/sec, 128.77271 nats/event
Full model Log loss : -2.80255
Full model ln_yyx : 1949.34989 nats/sec, 128.73605 nats/event
Full model Log loss : -2.80241
Full model ln_yyx : 1951.57418 nats/sec, 128.88294 nats/event
Full model Log loss : -2.80348
Optimization finished. Config saved to results/opt-full/opt_full_10_best_config.txt
[I 2026-03-18 17:03:16,456] Trial 48 pruned. 
[I 2026-03-18 17:03:17,173] Trial 44 pruned. 
[I 2026-03-18 17:03:18,081] Trial 33 pruned. 
[I 2026-03-18 17:03:19,289] Trial 43 finished with value: -2.795633757550111 and parameters: {'n_layers_yyx': 1, 'hidden_size_yyx_l0': 6, 'context_size_yyx': 4, 'num_mix_components_yyx': 4, 'context_extractor_yyx': 'lstm', 'activation_func_yyx': 'Tanh', 'L2_weight_yyx': 5.7156248511770986e-08, 'L_entropy_weight_yyx': 8.61300235457485e-05, 'L_sep_weight_yyx': 0.00047043928097125084, 'L_scale_weight_yyx': 2.3959401131985025e-09, 'learning_rate_yyx': 0.008955350257909755}. Best is trial 14 with value: -2.7995943704403503.
[I 2026-03-18 17:03:20,320] Trial 34 pruned. 
[I 2026-03-18 17:03:21,595] Trial 49 pruned. 

Source events: 31112
Target events: 18269
Full model ln_yyx : 2579.68441 nats/sec, 127.08501 nats/event
Full model Log loss : -2.78216
Full model ln_yyx : 2613.32249 nats/sec, 128.74214 nats/event
Full model Log loss : -2.79557
Full model ln_yyx : 2619.02054 nats/sec, 129.02285 nats/event
Full model Log loss : -2.80141
Full model ln_yyx : 2614.01585 nats/sec, 128.77630 nats/event
Full model Log loss : -2.80373
Full model ln_yyx : 2623.93459 nats/sec, 129.26494 nats/event
Full model Log loss : -2.80085
Full model ln_yyx : 2600.23010 nats/sec, 128.09716 nats/event
Full model Log loss : -2.80343
Full model ln_yyx : 2603.27567 nats/sec, 128.24720 nats/event
Full model Log loss : -2.80142
Full model ln_yyx : 2602.45622 nats/sec, 128.20683 nats/event
Full model Log loss : -2.79605
Full model ln_yyx : 2620.50876 nats/sec, 129.09617 nats/event
Full model Log loss : -2.79842
Full model ln_yyx : 2604.75459 nats/sec, 128.32006 nats/event
Full model Log loss : -2.80434
Full model ln_yyx : 2615.81896 nats/sec, 128.86513 nats/event
Full model Log loss : -2.80311
Full model ln_yyx : 2602.68491 nats/sec, 128.21810 nats/event
Full model Log loss : -2.79928
Optimization finished. Config saved to results/opt-full/opt_full_9_best_config.txt
[I 2026-03-18 17:03:23,653] Trial 34 pruned. 
[I 2026-03-18 17:03:26,219] Trial 35 pruned. 
[I 2026-03-18 17:03:29,181] Trial 37 pruned. 
[I 2026-03-18 17:03:29,432] Trial 46 finished with value: -2.7997979326210474 and parameters: {'n_layers_yyx': 1, 'hidden_size_yyx_l0': 5, 'context_size_yyx': 4, 'num_mix_components_yyx': 4, 'context_extractor_yyx': 'lstm', 'activation_func_yyx': 'Tanh', 'L2_weight_yyx': 2.6217109313139608e-05, 'L_entropy_weight_yyx': 1.8638798245036627e-06, 'L_sep_weight_yyx': 2.3844244467307164e-10, 'L_scale_weight_yyx': 2.3980477835262265e-05, 'learning_rate_yyx': 0.007909517260637842}. Best is trial 46 with value: -2.7997979326210474.
[I 2026-03-18 17:03:30,388] Trial 42 finished with value: -2.7950189524683458 and parameters: {'n_layers_yyx': 1, 'hidden_size_yyx_l0': 4, 'context_size_yyx': 4, 'num_mix_components_yyx': 4, 'context_extractor_yyx': 'lstm', 'activation_func_yyx': 'GELU', 'L2_weight_yyx': 2.0322503418588128e-08, 'L_entropy_weight_yyx': 9.362310934243527e-10, 'L_sep_weight_yyx': 2.476485484183998e-07, 'L_scale_weight_yyx': 6.109714557397501e-06, 'learning_rate_yyx': 0.004828587427722819}. Best is trial 37 with value: -2.796764404134978.
[I 2026-03-18 17:03:37,211] Trial 35 pruned. 
[I 2026-03-18 17:03:47,604] Trial 32 finished with value: -2.7803865788217057 and parameters: {'n_layers_yyx': 2, 'hidden_size_yyx_l0': 4, 'hidden_size_yyx_l1': 6, 'context_size_yyx': 3, 'num_mix_components_yyx': 1, 'context_extractor_yyx': 'lstm', 'activation_func_yyx': 'Tanh', 'L2_weight_yyx': 8.198307266651736e-07, 'L_entropy_weight_yyx': 1.8432288300335993e-09, 'L_sep_weight_yyx': 8.931543020888378e-09, 'L_scale_weight_yyx': 7.899932054653479e-08, 'learning_rate_yyx': 0.00976744062883271}. Best is trial 21 with value: -2.786583013031271.
[I 2026-03-18 17:03:48,547] Trial 43 pruned. 
[I 2026-03-18 17:03:50,810] Trial 36 pruned. 
[I 2026-03-18 17:03:53,359] Trial 33 pruned. 
[I 2026-03-18 17:03:53,644] Trial 44 pruned. 
[I 2026-03-18 17:03:54,244] Trial 45 pruned. 
[I 2026-03-18 17:03:55,953] Trial 44 pruned. 
[I 2026-03-18 17:03:56,434] Trial 37 pruned. 
[I 2026-03-18 17:03:59,778] Trial 47 finished with value: -2.8064091088943095 and parameters: {'n_layers_yyx': 2, 'hidden_size_yyx_l0': 4, 'hidden_size_yyx_l1': 5, 'context_size_yyx': 3, 'num_mix_components_yyx': 3, 'context_extractor_yyx': 'gru', 'activation_func_yyx': 'GELU', 'L2_weight_yyx': 0.00010690513291058612, 'L_entropy_weight_yyx': 3.1537711626198657e-10, 'L_sep_weight_yyx': 5.12201821050108e-09, 'L_scale_weight_yyx': 5.0329138261546706e-08, 'learning_rate_yyx': 0.005824603972017089}. Best is trial 0 with value: -2.8067502106217272.
[I 2026-03-18 17:04:01,882] Trial 38 pruned. 
[I 2026-03-18 17:04:05,351] Trial 48 pruned. 
[I 2026-03-18 17:04:07,179] Trial 38 finished with value: -2.795466424127794 and parameters: {'n_layers_yyx': 2, 'hidden_size_yyx_l0': 5, 'hidden_size_yyx_l1': 4, 'context_size_yyx': 3, 'num_mix_components_yyx': 1, 'context_extractor_yyx': 'gru', 'activation_func_yyx': 'ReLU', 'L2_weight_yyx': 3.3676830428201672e-09, 'L_entropy_weight_yyx': 1.4167878087275014e-07, 'L_sep_weight_yyx': 2.8246703298342874e-08, 'L_scale_weight_yyx': 6.706004198761085e-08, 'learning_rate_yyx': 0.005560748512265695}. Best is trial 5 with value: -2.805070761203844.
[I 2026-03-18 17:04:07,424] Trial 38 pruned. 
[I 2026-03-18 17:04:19,286] Trial 47 finished with value: -2.7935033504199605 and parameters: {'n_layers_yyx': 1, 'hidden_size_yyx_l0': 6, 'context_size_yyx': 4, 'num_mix_components_yyx': 4, 'context_extractor_yyx': 'lstm', 'activation_func_yyx': 'Tanh', 'L2_weight_yyx': 3.805793091635147e-05, 'L_entropy_weight_yyx': 2.0048011223370872e-06, 'L_sep_weight_yyx': 2.481527079351925e-10, 'L_scale_weight_yyx': 2.5460126888373595e-05, 'learning_rate_yyx': 0.00827785239524178}. Best is trial 46 with value: -2.7997979326210474.
[I 2026-03-18 17:04:20,560] Trial 39 pruned. 
[I 2026-03-18 17:04:29,002] Trial 45 pruned. 
[I 2026-03-18 17:04:30,797] Trial 34 pruned. 
[I 2026-03-18 17:04:32,967] Trial 38 finished with value: -2.802642387798386 and parameters: {'n_layers_yyx': 1, 'hidden_size_yyx_l0': 6, 'context_size_yyx': 4, 'num_mix_components_yyx': 1, 'context_extractor_yyx': 'lstm', 'activation_func_yyx': 'ReLU', 'L2_weight_yyx': 1.7671025420953383e-06, 'L_entropy_weight_yyx': 2.8753199181781573e-05, 'L_sep_weight_yyx': 5.871570162579431e-07, 'L_scale_weight_yyx': 3.5485856863821577e-06, 'learning_rate_yyx': 0.0008478288138002367}. Best is trial 7 with value: -2.8073737460176833.
[I 2026-03-18 17:04:40,327] Trial 35 finished with value: -2.800542123226814 and parameters: {'n_layers_yyx': 2, 'hidden_size_yyx_l0': 5, 'hidden_size_yyx_l1': 2, 'context_size_yyx': 3, 'num_mix_components_yyx': 4, 'context_extractor_yyx': 'lstm', 'activation_func_yyx': 'ReLU', 'L2_weight_yyx': 1.1083551236893432e-10, 'L_entropy_weight_yyx': 4.811706905557436e-06, 'L_sep_weight_yyx': 2.149464016077005e-06, 'L_scale_weight_yyx': 7.2168424872979885e-06, 'learning_rate_yyx': 0.007014676033676565}. Best is trial 6 with value: -2.805382927239302.
[I 2026-03-18 17:04:41,532] Trial 46 pruned. 
[I 2026-03-18 17:04:44,070] Trial 39 pruned. 
[I 2026-03-18 17:04:44,325] Trial 35 pruned. 
[I 2026-03-18 17:04:46,358] Trial 39 pruned. 
[I 2026-03-18 17:04:49,761] Trial 36 pruned. 
[I 2026-03-18 17:04:52,039] Trial 40 pruned. 
[I 2026-03-18 17:04:54,306] Trial 47 pruned. 
[I 2026-03-18 17:04:54,404] Trial 48 pruned. 
[I 2026-03-18 17:04:57,551] Trial 40 pruned. 
[I 2026-03-18 17:04:57,773] Trial 40 pruned. 
[I 2026-03-18 17:05:05,194] Trial 41 pruned. 
[I 2026-03-18 17:05:07,396] Trial 48 pruned. 
[I 2026-03-18 17:05:08,969] Trial 49 finished with value: -2.7961457542303325 and parameters: {'n_layers_yyx': 2, 'hidden_size_yyx_l0': 4, 'hidden_size_yyx_l1': 6, 'context_size_yyx': 4, 'num_mix_components_yyx': 2, 'context_extractor_yyx': 'lstm', 'activation_func_yyx': 'ReLU', 'L2_weight_yyx': 0.00010263092103820196, 'L_entropy_weight_yyx': 0.00028737591359839966, 'L_sep_weight_yyx': 6.254835101594444e-09, 'L_scale_weight_yyx': 4.761697913154921e-08, 'learning_rate_yyx': 0.008776030846209086}. Best is trial 0 with value: -2.8067502106217272.

Source events: 31112
Target events: 12539
Full model ln_yyx : 1796.87871 nats/sec, 128.97287 nats/event
Full model Log loss : -2.80675
Full model ln_yyx : 1768.63995 nats/sec, 126.94600 nats/event
Full model Log loss : -2.76613
Full model ln_yyx : 1800.88179 nats/sec, 129.26020 nats/event
Full model Log loss : -2.80194
Full model ln_yyx : 1800.79390 nats/sec, 129.25389 nats/event
Full model Log loss : -2.80151
Full model ln_yyx : 1798.28310 nats/sec, 129.07367 nats/event
Full model Log loss : -2.79943
Full model ln_yyx : 1790.31671 nats/sec, 128.50188 nats/event
Full model Log loss : -2.79497
Full model ln_yyx : 1789.52557 nats/sec, 128.44509 nats/event
Full model Log loss : -2.79220
Full model ln_yyx : 1799.00442 nats/sec, 129.12545 nats/event
Full model Log loss : -2.79921
Full model ln_yyx : 1798.12417 nats/sec, 129.06227 nats/event
Full model Log loss : -2.80229
Full model ln_yyx : 1794.92377 nats/sec, 128.83255 nats/event
Full model Log loss : -2.80003
Full model ln_yyx : 1791.82037 nats/sec, 128.60980 nats/event
Full model Log loss : -2.80146
Full model ln_yyx : 1803.26737 nats/sec, 129.43142 nats/event
Full model Log loss : -2.80118
Full model ln_yyx : 1805.69119 nats/sec, 129.60540 nats/event
Full model Log loss : -2.80372
Full model ln_yyx : 1795.80949 nats/sec, 128.89613 nats/event
Full model Log loss : -2.80641
Full model ln_yyx : 1783.03157 nats/sec, 127.97898 nats/event
Full model Log loss : -2.79615
Optimization finished. Config saved to results/opt-full/opt_full_14_best_config.txt
[I 2026-03-18 17:05:11,262] Trial 41 pruned. 
[I 2026-03-18 17:05:11,735] Trial 41 pruned. 
[I 2026-03-18 17:05:12,183] Trial 36 finished with value: -2.8057050921877558 and parameters: {'n_layers_yyx': 2, 'hidden_size_yyx_l0': 5, 'hidden_size_yyx_l1': 3, 'context_size_yyx': 4, 'num_mix_components_yyx': 5, 'context_extractor_yyx': 'lstm', 'activation_func_yyx': 'Tanh', 'L2_weight_yyx': 1.335498723555387e-05, 'L_entropy_weight_yyx': 2.2782513728321008e-07, 'L_sep_weight_yyx': 1.4195443362197535e-09, 'L_scale_weight_yyx': 1.949521259523379e-05, 'learning_rate_yyx': 0.008314358074941387}. Best is trial 5 with value: -2.8058216093098.
[I 2026-03-18 17:05:17,138] Trial 43 pruned. 
[I 2026-03-18 17:05:17,401] Trial 45 finished with value: -2.8009245027473657 and parameters: {'n_layers_yyx': 1, 'hidden_size_yyx_l0': 6, 'context_size_yyx': 4, 'num_mix_components_yyx': 5, 'context_extractor_yyx': 'lstm', 'activation_func_yyx': 'Tanh', 'L2_weight_yyx': 3.7053124962817954e-07, 'L_entropy_weight_yyx': 6.502350281001809e-05, 'L_sep_weight_yyx': 0.0005052736234717712, 'L_scale_weight_yyx': 2.0784739007201134e-09, 'learning_rate_yyx': 0.008698663808660084}. Best is trial 45 with value: -2.8009245027473657.
[I 2026-03-18 17:05:18,338] Trial 42 pruned. 
[I 2026-03-18 17:05:20,052] Trial 49 pruned. 

Source events: 31112
Target events: 1872
Full model ln_yyx : 263.12195 nats/sec, 126.50094 nats/event
Full model Log loss : -2.76903
Full model ln_yyx : 265.06461 nats/sec, 127.43491 nats/event
Full model Log loss : -2.77224
Full model ln_yyx : 267.21453 nats/sec, 128.46852 nats/event
Full model Log loss : -2.77769
Full model ln_yyx : 265.60242 nats/sec, 127.69347 nats/event
Full model Log loss : -2.77414
Full model ln_yyx : 265.91057 nats/sec, 127.84162 nats/event
Full model Log loss : -2.77417
Full model ln_yyx : 264.80454 nats/sec, 127.30988 nats/event
Full model Log loss : -2.78067
Full model ln_yyx : 264.94356 nats/sec, 127.37671 nats/event
Full model Log loss : -2.77591
Full model ln_yyx : 264.52298 nats/sec, 127.17451 nats/event
Full model Log loss : -2.78091
Full model ln_yyx : 264.95314 nats/sec, 127.38132 nats/event
Full model Log loss : -2.77940
Full model ln_yyx : 265.21458 nats/sec, 127.50701 nats/event
Full model Log loss : -2.77726
Optimization finished. Config saved to results/opt-full/opt_full_11_best_config.txt
[I 2026-03-18 17:05:22,668] Trial 44 pruned. 
[I 2026-03-18 17:05:23,825] Trial 43 pruned. 
[I 2026-03-18 17:05:24,662] Trial 46 finished with value: -2.8008878193204363 and parameters: {'n_layers_yyx': 1, 'hidden_size_yyx_l0': 3, 'context_size_yyx': 4, 'num_mix_components_yyx': 4, 'context_extractor_yyx': 'gru', 'activation_func_yyx': 'ReLU', 'L2_weight_yyx': 3.0076414582290646e-08, 'L_entropy_weight_yyx': 2.5526834853593696e-05, 'L_sep_weight_yyx': 2.860655172778311e-09, 'L_scale_weight_yyx': 3.3493540715401487e-06, 'learning_rate_yyx': 0.008133811749059201}. Best is trial 41 with value: -2.8073655760360414.
[I 2026-03-18 17:05:25,127] Trial 42 pruned. 
[I 2026-03-18 17:05:25,286] Trial 37 pruned. 
[I 2026-03-18 17:05:26,941] Trial 39 finished with value: -2.8034032323338964 and parameters: {'n_layers_yyx': 1, 'hidden_size_yyx_l0': 6, 'context_size_yyx': 3, 'num_mix_components_yyx': 3, 'context_extractor_yyx': 'lstm', 'activation_func_yyx': 'Tanh', 'L2_weight_yyx': 0.0002746852476719621, 'L_entropy_weight_yyx': 5.286838420090471e-10, 'L_sep_weight_yyx': 1.8356321052364284e-06, 'L_scale_weight_yyx': 6.360287681256223e-09, 'learning_rate_yyx': 0.006713305396181413}. Best is trial 24 with value: -2.806529472032402.
[I 2026-03-18 17:05:29,114] Trial 44 pruned. 
[I 2026-03-18 17:05:30,862] Trial 38 pruned. 
[I 2026-03-18 17:05:35,540] Trial 45 pruned. 
[I 2026-03-18 17:05:36,313] Trial 39 pruned. 
[I 2026-03-18 17:05:38,207] Trial 43 pruned. 
[I 2026-03-18 17:05:41,087] Trial 46 pruned. 
[I 2026-03-18 17:05:41,632] Trial 40 pruned. 
[I 2026-03-18 17:05:46,583] Trial 36 finished with value: -2.805114955836555 and parameters: {'n_layers_yyx': 2, 'hidden_size_yyx_l0': 5, 'hidden_size_yyx_l1': 3, 'context_size_yyx': 4, 'num_mix_components_yyx': 5, 'context_extractor_yyx': 'lstm', 'activation_func_yyx': 'ReLU', 'L2_weight_yyx': 1.338719811901439e-08, 'L_entropy_weight_yyx': 9.903185526949512e-07, 'L_sep_weight_yyx': 5.210399301382449e-06, 'L_scale_weight_yyx': 8.353363365444591e-07, 'learning_rate_yyx': 0.009588297269419035}. Best is trial 6 with value: -2.805382927239302.
[I 2026-03-18 17:05:52,697] Trial 46 pruned. 
[I 2026-03-18 17:05:53,149] Trial 47 pruned. 
[I 2026-03-18 17:05:58,447] Trial 48 pruned. 
[I 2026-03-18 17:06:00,206] Trial 47 pruned. 
[I 2026-03-18 17:06:06,208] Trial 49 finished with value: -2.799173347563612 and parameters: {'n_layers_yyx': 1, 'hidden_size_yyx_l0': 5, 'context_size_yyx': 4, 'num_mix_components_yyx': 4, 'context_extractor_yyx': 'lstm', 'activation_func_yyx': 'Tanh', 'L2_weight_yyx': 1.9030968758880958e-05, 'L_entropy_weight_yyx': 8.015128636522086e-07, 'L_sep_weight_yyx': 1.90411500157023e-10, 'L_scale_weight_yyx': 5.665425077135966e-05, 'learning_rate_yyx': 0.00980796760180417}. Best is trial 46 with value: -2.7997979326210474.

Source events: 31112
Target events: 10752
Full model ln_yyx : 1529.57460 nats/sec, 128.03359 nats/event
Full model Log loss : -2.79457
Full model ln_yyx : 1515.48677 nats/sec, 126.85436 nats/event
Full model Log loss : -2.77082
Full model ln_yyx : 1522.99350 nats/sec, 127.48271 nats/event
Full model Log loss : -2.77586
Full model ln_yyx : 1535.10119 nats/sec, 128.49619 nats/event
Full model Log loss : -2.79501
Full model ln_yyx : 1518.17258 nats/sec, 127.07918 nats/event
Full model Log loss : -2.77797
Full model ln_yyx : 1521.82200 nats/sec, 127.38465 nats/event
Full model Log loss : -2.78055
Full model ln_yyx : 1528.72169 nats/sec, 127.96219 nats/event
Full model Log loss : -2.79447
Full model ln_yyx : 1527.72848 nats/sec, 127.87906 nats/event
Full model Log loss : -2.79606
Full model ln_yyx : 1529.17506 nats/sec, 128.00014 nats/event
Full model Log loss : -2.79793
Full model ln_yyx : 1547.06125 nats/sec, 129.49731 nats/event
Full model Log loss : -2.79744
Full model ln_yyx : 1547.32049 nats/sec, 129.51901 nats/event
Full model Log loss : -2.79917
Full model ln_yyx : 1540.13942 nats/sec, 128.91792 nats/event
Full model Log loss : -2.79969
Full model ln_yyx : 1540.44989 nats/sec, 128.94391 nats/event
Full model Log loss : -2.79980
Full model ln_yyx : 1533.12276 nats/sec, 128.33059 nats/event
Full model Log loss : -2.79350
Full model ln_yyx : 1546.99117 nats/sec, 129.49145 nats/event
Full model Log loss : -2.79917
Optimization finished. Config saved to results/opt-full/opt_full_8_best_config.txt
[I 2026-03-18 17:06:09,440] Trial 37 finished with value: -2.6619668984779454 and parameters: {'n_layers_yyx': 2, 'hidden_size_yyx_l0': 5, 'hidden_size_yyx_l1': 6, 'context_size_yyx': 3, 'num_mix_components_yyx': 1, 'context_extractor_yyx': 'lstm', 'activation_func_yyx': 'Tanh', 'L2_weight_yyx': 1.9497863793476783e-05, 'L_entropy_weight_yyx': 1.238294408244547e-09, 'L_sep_weight_yyx': 2.9126505479635004e-09, 'L_scale_weight_yyx': 1.048368697241904e-09, 'learning_rate_yyx': 0.006478014333065639}. Best is trial 21 with value: -2.786583013031271.
[I 2026-03-18 17:06:11,121] Trial 49 pruned. 

Source events: 31112
Target events: 8618
Full model ln_yyx : 1224.48665 nats/sec, 127.87630 nats/event
Full model Log loss : -2.79159
Full model ln_yyx : 1216.73207 nats/sec, 127.06647 nats/event
Full model Log loss : -2.77191
Full model ln_yyx : 1231.86517 nats/sec, 128.64686 nats/event
Full model Log loss : -2.79291
Full model ln_yyx : 1226.27962 nats/sec, 128.06355 nats/event
Full model Log loss : -2.79376
Full model ln_yyx : 1233.25958 nats/sec, 128.79248 nats/event
Full model Log loss : -2.79648
Full model ln_yyx : 1225.09628 nats/sec, 127.93997 nats/event
Full model Log loss : -2.79421
Full model ln_yyx : 1225.63807 nats/sec, 127.99655 nats/event
Full model Log loss : -2.79421
Full model ln_yyx : 1227.45260 nats/sec, 128.18605 nats/event
Full model Log loss : -2.79125
Full model ln_yyx : 1232.78142 nats/sec, 128.74255 nats/event
Full model Log loss : -2.79676
Full model ln_yyx : 1226.54988 nats/sec, 128.09177 nats/event
Full model Log loss : -2.79426
Full model ln_yyx : 1231.86168 nats/sec, 128.64650 nats/event
Full model Log loss : -2.79502
Optimization finished. Config saved to results/opt-full/opt_full_12_best_config.txt
[I 2026-03-18 17:06:13,523] Trial 48 pruned. 
[I 2026-03-18 17:06:14,021] Trial 44 pruned. 
[I 2026-03-18 17:06:17,058] Trial 41 pruned. 
[I 2026-03-18 17:06:19,163] Trial 45 pruned. 
[I 2026-03-18 17:06:21,904] Trial 38 pruned. 
[I 2026-03-18 17:06:24,579] Trial 46 pruned. 
[I 2026-03-18 17:06:25,800] Trial 49 pruned. 

Source events: 31112
Target events: 12731
Full model ln_yyx : 1814.73179 nats/sec, 128.28989 nats/event
Full model Log loss : -2.80272
Full model ln_yyx : 1819.73335 nats/sec, 128.64347 nats/event
Full model Log loss : -2.80418
Full model ln_yyx : 1811.01095 nats/sec, 128.02685 nats/event
Full model Log loss : -2.78777
Full model ln_yyx : 1818.26585 nats/sec, 128.53973 nats/event
Full model Log loss : -2.78631
Full model ln_yyx : 1817.93866 nats/sec, 128.51660 nats/event
Full model Log loss : -2.79957
Full model ln_yyx : 1815.59115 nats/sec, 128.35064 nats/event
Full model Log loss : -2.80068
Full model ln_yyx : 1823.23674 nats/sec, 128.89114 nats/event
Full model Log loss : -2.79523
Full model ln_yyx : 1824.09718 nats/sec, 128.95196 nats/event
Full model Log loss : -2.80355
Full model ln_yyx : 1821.73919 nats/sec, 128.78527 nats/event
Full model Log loss : -2.80707
Full model ln_yyx : 1818.17230 nats/sec, 128.53311 nats/event
Full model Log loss : -2.80157
Full model ln_yyx : 1826.06540 nats/sec, 129.09111 nats/event
Full model Log loss : -2.80736
Full model ln_yyx : 1825.97478 nats/sec, 129.08470 nats/event
Full model Log loss : -2.80736
Full model ln_yyx : 1810.56848 nats/sec, 127.99557 nats/event
Full model Log loss : -2.80224
Full model ln_yyx : 1826.20735 nats/sec, 129.10114 nats/event
Full model Log loss : -2.80737
Full model ln_yyx : 1813.36739 nats/sec, 128.19344 nats/event
Full model Log loss : -2.80089
Optimization finished. Config saved to results/opt-full/opt_full_1_best_config.txt
[I 2026-03-18 17:06:26,889] Trial 39 pruned. 
[I 2026-03-18 17:06:27,945] Trial 42 finished with value: -2.8016457164933684 and parameters: {'n_layers_yyx': 2, 'hidden_size_yyx_l0': 5, 'hidden_size_yyx_l1': 5, 'context_size_yyx': 2, 'num_mix_components_yyx': 3, 'context_extractor_yyx': 'lstm', 'activation_func_yyx': 'Tanh', 'L2_weight_yyx': 3.5300027357328323e-09, 'L_entropy_weight_yyx': 2.6936435310295453e-06, 'L_sep_weight_yyx': 8.877964892579801e-06, 'L_scale_weight_yyx': 5.84228630111912e-09, 'learning_rate_yyx': 0.008314165672034194}. Best is trial 5 with value: -2.805070761203844.
[I 2026-03-18 17:06:29,456] Trial 42 pruned. 
[I 2026-03-18 17:06:32,061] Trial 40 pruned. 
[I 2026-03-18 17:06:34,634] Trial 43 pruned. 
[I 2026-03-18 17:06:36,865] Trial 47 pruned. 
[I 2026-03-18 17:06:44,571] Trial 41 pruned. 
[I 2026-03-18 17:06:52,626] Trial 37 finished with value: -2.7988339378720237 and parameters: {'n_layers_yyx': 2, 'hidden_size_yyx_l0': 5, 'hidden_size_yyx_l1': 4, 'context_size_yyx': 3, 'num_mix_components_yyx': 4, 'context_extractor_yyx': 'lstm', 'activation_func_yyx': 'ReLU', 'L2_weight_yyx': 7.977052304247107e-09, 'L_entropy_weight_yyx': 1.7573655639764206e-05, 'L_sep_weight_yyx': 6.331976574079224e-06, 'L_scale_weight_yyx': 1.2236807159622333e-06, 'learning_rate_yyx': 0.009893782871945417}. Best is trial 6 with value: -2.805382927239302.
[I 2026-03-18 17:07:01,426] Trial 43 pruned. 
[I 2026-03-18 17:07:05,900] Trial 47 finished with value: -2.7992702028175933 and parameters: {'n_layers_yyx': 1, 'hidden_size_yyx_l0': 5, 'context_size_yyx': 4, 'num_mix_components_yyx': 5, 'context_extractor_yyx': 'gru', 'activation_func_yyx': 'Tanh', 'L2_weight_yyx': 3.9007434696001924e-07, 'L_entropy_weight_yyx': 4.6549012671911214e-05, 'L_sep_weight_yyx': 0.0004255612441156922, 'L_scale_weight_yyx': 1.3837039080587307e-10, 'learning_rate_yyx': 0.00750163708015177}. Best is trial 45 with value: -2.8009245027473657.
[I 2026-03-18 17:07:06,548] Trial 40 finished with value: -2.8002283644617627 and parameters: {'n_layers_yyx': 1, 'hidden_size_yyx_l0': 6, 'context_size_yyx': 3, 'num_mix_components_yyx': 3, 'context_extractor_yyx': 'gru', 'activation_func_yyx': 'ReLU', 'L2_weight_yyx': 3.601213060739176e-05, 'L_entropy_weight_yyx': 3.392377673920811e-10, 'L_sep_weight_yyx': 3.570850539132699e-08, 'L_scale_weight_yyx': 6.24558664847969e-09, 'learning_rate_yyx': 0.0063370440821122875}. Best is trial 24 with value: -2.806529472032402.
[I 2026-03-18 17:07:07,729] Trial 45 pruned. 
[I 2026-03-18 17:07:10,911] Trial 48 pruned. 
[I 2026-03-18 17:07:13,573] Trial 44 pruned. 
[I 2026-03-18 17:07:19,617] Trial 46 pruned. 
[I 2026-03-18 17:07:24,642] Trial 47 pruned. 
[I 2026-03-18 17:07:29,554] Trial 48 pruned. 
[I 2026-03-18 17:07:39,651] Trial 48 pruned. 
[I 2026-03-18 17:07:41,709] Trial 49 pruned. 

Source events: 31112
Target events: 14713
Full model ln_yyx : 2087.57078 nats/sec, 127.69753 nats/event
Full model Log loss : -2.79640
Full model ln_yyx : 2101.31627 nats/sec, 128.53834 nats/event
Full model Log loss : -2.80256
Full model ln_yyx : 2070.58955 nats/sec, 126.65878 nats/event
Full model Log loss : -2.78566
Full model ln_yyx : 2095.58272 nats/sec, 128.18762 nats/event
Full model Log loss : -2.79962
Full model ln_yyx : 2099.38645 nats/sec, 128.42030 nats/event
Full model Log loss : -2.80737
Full model ln_yyx : 2093.84988 nats/sec, 128.08162 nats/event
Full model Log loss : -2.80405
Full model ln_yyx : 2092.98302 nats/sec, 128.02860 nats/event
Full model Log loss : -2.79736
Full model ln_yyx : 2079.92646 nats/sec, 127.22992 nats/event
Full model Log loss : -2.78320
Full model ln_yyx : 2097.65931 nats/sec, 128.31465 nats/event
Full model Log loss : -2.80314
Full model ln_yyx : 2117.25609 nats/sec, 129.51339 nats/event
Full model Log loss : -2.80546
Full model ln_yyx : 2101.21653 nats/sec, 128.53224 nats/event
Full model Log loss : -2.80264
Optimization finished. Config saved to results/opt-full/opt_full_2_best_config.txt
[I 2026-03-18 17:07:44,868] Trial 49 pruned. 

Source events: 31112
Target events: 29032
Full model ln_yyx : 4130.21610 nats/sec, 128.03784 nats/event
Full model Log loss : -2.79225
Full model ln_yyx : 4123.79545 nats/sec, 127.83880 nats/event
Full model Log loss : -2.78891
Full model ln_yyx : 3887.46801 nats/sec, 120.51258 nats/event
Full model Log loss : -2.65369
Full model ln_yyx : 4068.24632 nats/sec, 126.11676 nats/event
Full model Log loss : -2.76525
Full model ln_yyx : 4063.79122 nats/sec, 125.97865 nats/event
Full model Log loss : -2.77858
Full model ln_yyx : 4158.75786 nats/sec, 128.92264 nats/event
Full model Log loss : -2.80295
Full model ln_yyx : 4163.30615 nats/sec, 129.06364 nats/event
Full model Log loss : -2.80847
Full model ln_yyx : 4156.43465 nats/sec, 128.85062 nats/event
Full model Log loss : -2.80277
Full model ln_yyx : 4136.23161 nats/sec, 128.22432 nats/event
Full model Log loss : -2.80560
Full model ln_yyx : 4152.89076 nats/sec, 128.74076 nats/event
Full model Log loss : -2.80226
Full model ln_yyx : 4160.62705 nats/sec, 128.98058 nats/event
Full model Log loss : -2.80236
Full model ln_yyx : 4154.21871 nats/sec, 128.78192 nats/event
Full model Log loss : -2.80719
Full model ln_yyx : 4149.43338 nats/sec, 128.63358 nats/event
Full model Log loss : -2.80737
Optimization finished. Config saved to results/opt-full/opt_full_4_best_config.txt
[I 2026-03-18 17:07:55,963] Trial 44 finished with value: -2.8067996499971875 and parameters: {'n_layers_yyx': 2, 'hidden_size_yyx_l0': 4, 'hidden_size_yyx_l1': 4, 'context_size_yyx': 4, 'num_mix_components_yyx': 5, 'context_extractor_yyx': 'lstm', 'activation_func_yyx': 'Tanh', 'L2_weight_yyx': 1.1733754106738027e-06, 'L_entropy_weight_yyx': 0.00044723123647516684, 'L_sep_weight_yyx': 7.921142201519912e-05, 'L_scale_weight_yyx': 9.926674822910852e-05, 'learning_rate_yyx': 0.008675829017764359}. Best is trial 44 with value: -2.8067996499971875.
[I 2026-03-18 17:08:08,237] Trial 45 pruned. 
[I 2026-03-18 17:08:13,485] Trial 46 pruned. 
[I 2026-03-18 17:08:13,751] Trial 49 pruned. 

Source events: 31112
Target events: 11540
Full model ln_yyx : 1605.48331 nats/sec, 125.21100 nats/event
Full model Log loss : -2.75602
Full model ln_yyx : 1647.86340 nats/sec, 128.51621 nats/event
Full model Log loss : -2.79479
Full model ln_yyx : 1654.72478 nats/sec, 129.05133 nats/event
Full model Log loss : -2.79142
Full model ln_yyx : 1640.56618 nats/sec, 127.94710 nats/event
Full model Log loss : -2.78357
Full model ln_yyx : 1644.24550 nats/sec, 128.23405 nats/event
Full model Log loss : -2.79441
Full model ln_yyx : 1646.43766 nats/sec, 128.40502 nats/event
Full model Log loss : -2.79128
Full model ln_yyx : 1660.53035 nats/sec, 129.50410 nats/event
Full model Log loss : -2.79959
Full model ln_yyx : 1646.46324 nats/sec, 128.40701 nats/event
Full model Log loss : -2.79693
Full model ln_yyx : 1654.48177 nats/sec, 129.03237 nats/event
Full model Log loss : -2.79208
Full model ln_yyx : 1659.39751 nats/sec, 129.41575 nats/event
Full model Log loss : -2.79869
Full model ln_yyx : 1646.67505 nats/sec, 128.42353 nats/event
Full model Log loss : -2.79558
Full model ln_yyx : 1654.30257 nats/sec, 129.01840 nats/event
Full model Log loss : -2.79954
Full model ln_yyx : 1646.84301 nats/sec, 128.43663 nats/event
Full model Log loss : -2.79563
Full model ln_yyx : 1657.30866 nats/sec, 129.25284 nats/event
Full model Log loss : -2.80092
Full model ln_yyx : 1648.64809 nats/sec, 128.57741 nats/event
Full model Log loss : -2.79927
Optimization finished. Config saved to results/opt-full/opt_full_15_best_config.txt
[I 2026-03-18 17:08:15,439] Trial 42 finished with value: -2.784642221454628 and parameters: {'n_layers_yyx': 2, 'hidden_size_yyx_l0': 4, 'hidden_size_yyx_l1': 6, 'context_size_yyx': 3, 'num_mix_components_yyx': 1, 'context_extractor_yyx': 'gru', 'activation_func_yyx': 'Tanh', 'L2_weight_yyx': 1.4616983615699335e-06, 'L_entropy_weight_yyx': 2.8722667529411704e-09, 'L_sep_weight_yyx': 1.738168677161662e-09, 'L_scale_weight_yyx': 1.5953300926655497e-08, 'learning_rate_yyx': 0.007030716614771418}. Best is trial 21 with value: -2.786583013031271.
[I 2026-03-18 17:08:24,918] Trial 47 pruned. 
[I 2026-03-18 17:08:27,418] Trial 43 pruned. 
[I 2026-03-18 17:08:30,054] Trial 48 pruned. 
[I 2026-03-18 17:08:34,900] Trial 38 finished with value: -2.794122035794827 and parameters: {'n_layers_yyx': 2, 'hidden_size_yyx_l0': 4, 'hidden_size_yyx_l1': 5, 'context_size_yyx': 1, 'num_mix_components_yyx': 5, 'context_extractor_yyx': 'lstm', 'activation_func_yyx': 'ReLU', 'L2_weight_yyx': 7.430205640177437e-08, 'L_entropy_weight_yyx': 9.992796465506082e-07, 'L_sep_weight_yyx': 2.5970506401841437e-05, 'L_scale_weight_yyx': 3.526886679558542e-07, 'learning_rate_yyx': 0.008076122168134062}. Best is trial 6 with value: -2.805382927239302.
[I 2026-03-18 17:08:36,833] Trial 41 finished with value: -2.8074335121698404 and parameters: {'n_layers_yyx': 1, 'hidden_size_yyx_l0': 6, 'context_size_yyx': 3, 'num_mix_components_yyx': 3, 'context_extractor_yyx': 'lstm', 'activation_func_yyx': 'Tanh', 'L2_weight_yyx': 0.00022384420087120179, 'L_entropy_weight_yyx': 2.4179739441373487e-10, 'L_sep_weight_yyx': 1.2884061366093028e-06, 'L_scale_weight_yyx': 1.9762387187382385e-08, 'learning_rate_yyx': 0.009016650386000802}. Best is trial 41 with value: -2.8074335121698404.
[I 2026-03-18 17:08:37,183] Trial 45 finished with value: -2.804040049616475 and parameters: {'n_layers_yyx': 2, 'hidden_size_yyx_l0': 6, 'hidden_size_yyx_l1': 5, 'context_size_yyx': 3, 'num_mix_components_yyx': 3, 'context_extractor_yyx': 'lstm', 'activation_func_yyx': 'Tanh', 'L2_weight_yyx': 3.803136101396857e-10, 'L_entropy_weight_yyx': 1.0133819446344046e-07, 'L_sep_weight_yyx': 6.265942546937936e-07, 'L_scale_weight_yyx': 2.0955484799232092e-10, 'learning_rate_yyx': 0.008902716925889276}. Best is trial 5 with value: -2.805070761203844.
[I 2026-03-18 17:08:39,287] Trial 44 pruned. 
[I 2026-03-18 17:08:40,071] Trial 39 pruned. 
[I 2026-03-18 17:08:44,405] Trial 45 pruned. 
[I 2026-03-18 17:08:51,667] Trial 40 pruned. 
[I 2026-03-18 17:09:01,354] Trial 49 pruned. 

Source events: 31112
Target events: 27060
Full model ln_yyx : 3833.76856 nats/sec, 127.50893 nats/event
Full model Log loss : -2.79015
Full model ln_yyx : 3882.61254 nats/sec, 129.13345 nats/event
Full model Log loss : -2.80377
Full model ln_yyx : 3831.96753 nats/sec, 127.44903 nats/event
Full model Log loss : -2.79206
Full model ln_yyx : 3867.76502 nats/sec, 128.63963 nats/event
Full model Log loss : -2.80582
Full model ln_yyx : 3856.13859 nats/sec, 128.25295 nats/event
Full model Log loss : -2.80370
Full model ln_yyx : 3868.86012 nats/sec, 128.67606 nats/event
Full model Log loss : -2.80395
Full model ln_yyx : 3849.16641 nats/sec, 128.02106 nats/event
Full model Log loss : -2.79768
Full model ln_yyx : 3894.61077 nats/sec, 129.53251 nats/event
Full model Log loss : -2.80211
Full model ln_yyx : 3890.67458 nats/sec, 129.40159 nats/event
Full model Log loss : -2.80239
Full model ln_yyx : 3850.96743 nats/sec, 128.08096 nats/event
Full model Log loss : -2.80450
Full model ln_yyx : 3841.21410 nats/sec, 127.75657 nats/event
Full model Log loss : -2.80446
Full model ln_yyx : 3842.19815 nats/sec, 127.78930 nats/event
Full model Log loss : -2.80418
Full model ln_yyx : 3867.03256 nats/sec, 128.61527 nats/event
Full model Log loss : -2.80234
Full model ln_yyx : 3866.34726 nats/sec, 128.59248 nats/event
Full model Log loss : -2.80484
Full model ln_yyx : 3860.86621 nats/sec, 128.41018 nats/event
Full model Log loss : -2.80571
Full model ln_yyx : 3881.86467 nats/sec, 129.10858 nats/event
Full model Log loss : -2.80680
Optimization finished. Config saved to results/opt-full/opt_full_7_best_config.txt
[I 2026-03-18 17:09:17,351] Trial 46 pruned. 
[I 2026-03-18 17:09:22,353] Trial 47 pruned. 
[I 2026-03-18 17:09:51,818] Trial 46 finished with value: -2.8011825209224557 and parameters: {'n_layers_yyx': 2, 'hidden_size_yyx_l0': 6, 'hidden_size_yyx_l1': 5, 'context_size_yyx': 3, 'num_mix_components_yyx': 2, 'context_extractor_yyx': 'lstm', 'activation_func_yyx': 'ReLU', 'L2_weight_yyx': 3.915352492054815e-10, 'L_entropy_weight_yyx': 2.2452356842232674e-05, 'L_sep_weight_yyx': 2.2167922957383686e-07, 'L_scale_weight_yyx': 1.7929086823368402e-10, 'learning_rate_yyx': 0.008771796313835673}. Best is trial 5 with value: -2.805070761203844.
[I 2026-03-18 17:09:51,967] Trial 41 finished with value: -2.8033849971810567 and parameters: {'n_layers_yyx': 2, 'hidden_size_yyx_l0': 5, 'hidden_size_yyx_l1': 3, 'context_size_yyx': 4, 'num_mix_components_yyx': 5, 'context_extractor_yyx': 'lstm', 'activation_func_yyx': 'ReLU', 'L2_weight_yyx': 1.5648183191738667e-08, 'L_entropy_weight_yyx': 4.950008572560942e-07, 'L_sep_weight_yyx': 1.2187979496703173e-07, 'L_scale_weight_yyx': 4.130651089768708e-08, 'learning_rate_yyx': 0.006496979984385901}. Best is trial 6 with value: -2.805382927239302.
[I 2026-03-18 17:10:15,384] Trial 42 finished with value: -2.8074211351799243 and parameters: {'n_layers_yyx': 1, 'hidden_size_yyx_l0': 6, 'context_size_yyx': 3, 'num_mix_components_yyx': 3, 'context_extractor_yyx': 'lstm', 'activation_func_yyx': 'Tanh', 'L2_weight_yyx': 0.00016170416609065074, 'L_entropy_weight_yyx': 2.721407421522685e-09, 'L_sep_weight_yyx': 1.6056022198031783e-07, 'L_scale_weight_yyx': 1.1880431588939822e-08, 'learning_rate_yyx': 0.007058652557756449}. Best is trial 41 with value: -2.8074335121698404.
[I 2026-03-18 17:10:23,665] Trial 47 pruned. 
[I 2026-03-18 17:10:32,425] Trial 48 finished with value: -2.7852564870952845 and parameters: {'n_layers_yyx': 2, 'hidden_size_yyx_l0': 3, 'hidden_size_yyx_l1': 6, 'context_size_yyx': 4, 'num_mix_components_yyx': 4, 'context_extractor_yyx': 'gru', 'activation_func_yyx': 'Tanh', 'L2_weight_yyx': 1.530922947341742e-08, 'L_entropy_weight_yyx': 1.0221624343041503e-09, 'L_sep_weight_yyx': 6.840064396656998e-06, 'L_scale_weight_yyx': 5.07284295100889e-09, 'learning_rate_yyx': 0.009860203833651588}. Best is trial 21 with value: -2.786583013031271.
[I 2026-03-18 17:10:35,366] Trial 48 pruned. 
[I 2026-03-18 17:10:47,134] Trial 49 pruned. 

Source events: 31112
Target events: 16159
Full model ln_yyx : 2314.60205 nats/sec, 128.91527 nats/event
Full model Log loss : -2.79816
Full model ln_yyx : 2311.39225 nats/sec, 128.73650 nats/event
Full model Log loss : -2.79972
Full model ln_yyx : 2295.58774 nats/sec, 127.85624 nats/event
Full model Log loss : -2.78719
Full model ln_yyx : 2307.98964 nats/sec, 128.54698 nats/event
Full model Log loss : -2.80507
Full model ln_yyx : 2320.70063 nats/sec, 129.25494 nats/event
Full model Log loss : -2.79175
Full model ln_yyx : 2319.71193 nats/sec, 129.19987 nats/event
Full model Log loss : -2.80124
Full model ln_yyx : 2310.23795 nats/sec, 128.67220 nats/event
Full model Log loss : -2.79811
Full model ln_yyx : 2295.20075 nats/sec, 127.83469 nats/event
Full model Log loss : -2.79194
Full model ln_yyx : 2302.64115 nats/sec, 128.24909 nats/event
Full model Log loss : -2.79911
Full model ln_yyx : 2321.84396 nats/sec, 129.31862 nats/event
Full model Log loss : -2.80023
Full model ln_yyx : 2300.66317 nats/sec, 128.13892 nats/event
Full model Log loss : -2.78700
Full model ln_yyx : 2308.88165 nats/sec, 128.59666 nats/event
Full model Log loss : -2.80067
Full model ln_yyx : 2297.76147 nats/sec, 127.97731 nats/event
Full model Log loss : -2.79547
Full model ln_yyx : 2336.58441 nats/sec, 130.13961 nats/event
Full model Log loss : -2.80165
Full model ln_yyx : 2307.71462 nats/sec, 128.53166 nats/event
Full model Log loss : -2.80404
Full model ln_yyx : 2312.28856 nats/sec, 128.78642 nats/event
Full model Log loss : -2.80118
Optimization finished. Config saved to results/opt-full/opt_full_16_best_config.txt
[I 2026-03-18 17:10:47,699] Trial 43 pruned. 
[I 2026-03-18 17:10:49,040] Trial 42 finished with value: -2.805434603871349 and parameters: {'n_layers_yyx': 2, 'hidden_size_yyx_l0': 5, 'hidden_size_yyx_l1': 3, 'context_size_yyx': 4, 'num_mix_components_yyx': 5, 'context_extractor_yyx': 'lstm', 'activation_func_yyx': 'ReLU', 'L2_weight_yyx': 2.5717352415733735e-10, 'L_entropy_weight_yyx': 2.2750661538932803e-07, 'L_sep_weight_yyx': 1.1714984490733146e-05, 'L_scale_weight_yyx': 4.770619759785749e-07, 'learning_rate_yyx': 0.009364883169060355}. Best is trial 42 with value: -2.805434603871349.
[I 2026-03-18 17:11:05,055] Trial 49 pruned. 

Source events: 31112
Target events: 3403
Full model ln_yyx : 484.34746 nats/sec, 128.09660 nats/event
Full model Log loss : -2.78225
Full model ln_yyx : 480.31343 nats/sec, 127.02971 nats/event
Full model Log loss : -2.76822
Full model ln_yyx : 464.47896 nats/sec, 122.84192 nats/event
Full model Log loss : -2.66120
Full model ln_yyx : 482.41846 nats/sec, 127.58643 nats/event
Full model Log loss : -2.77339
Full model ln_yyx : 483.13800 nats/sec, 127.77673 nats/event
Full model Log loss : -2.77511
Full model ln_yyx : 482.26114 nats/sec, 127.54482 nats/event
Full model Log loss : -2.77628
Full model ln_yyx : 480.68029 nats/sec, 127.12673 nats/event
Full model Log loss : -2.76398
Full model ln_yyx : 482.88104 nats/sec, 127.70877 nats/event
Full model Log loss : -2.78467
Full model ln_yyx : 483.66012 nats/sec, 127.91481 nats/event
Full model Log loss : -2.78658
Full model ln_yyx : 483.37600 nats/sec, 127.83967 nats/event
Full model Log loss : -2.78511
Full model ln_yyx : 484.22104 nats/sec, 128.06316 nats/event
Full model Log loss : -2.78575
Full model ln_yyx : 483.41876 nats/sec, 127.85098 nats/event
Full model Log loss : -2.78592
Full model ln_yyx : 485.08954 nats/sec, 128.29285 nats/event
Full model Log loss : -2.77734
Full model ln_yyx : 483.51709 nats/sec, 127.87699 nats/event
Full model Log loss : -2.78366
Full model ln_yyx : 484.03181 nats/sec, 128.01311 nats/event
Full model Log loss : -2.78124
Full model ln_yyx : 485.19519 nats/sec, 128.32080 nats/event
Full model Log loss : -2.78039
Full model ln_yyx : 462.87667 nats/sec, 122.41816 nats/event
Full model Log loss : -2.66197
Full model ln_yyx : 482.80247 nats/sec, 127.68799 nats/event
Full model Log loss : -2.78464
Full model ln_yyx : 485.63457 nats/sec, 128.43700 nats/event
Full model Log loss : -2.78526
Optimization finished. Config saved to results/opt-full/opt_full_3_best_config.txt
[I 2026-03-18 17:11:19,032] Trial 44 pruned. 
[I 2026-03-18 17:11:56,859] Trial 43 finished with value: -2.807728091505073 and parameters: {'n_layers_yyx': 2, 'hidden_size_yyx_l0': 5, 'hidden_size_yyx_l1': 4, 'context_size_yyx': 4, 'num_mix_components_yyx': 5, 'context_extractor_yyx': 'lstm', 'activation_func_yyx': 'ReLU', 'L2_weight_yyx': 2.4051078334635973e-10, 'L_entropy_weight_yyx': 2.3462777949426143e-06, 'L_sep_weight_yyx': 1.4565574397580014e-05, 'L_scale_weight_yyx': 4.426971557326268e-07, 'learning_rate_yyx': 0.009768149178039904}. Best is trial 43 with value: -2.807728091505073.
[I 2026-03-18 17:12:31,402] Trial 45 finished with value: -2.8034494810862 and parameters: {'n_layers_yyx': 1, 'hidden_size_yyx_l0': 6, 'context_size_yyx': 3, 'num_mix_components_yyx': 3, 'context_extractor_yyx': 'lstm', 'activation_func_yyx': 'Tanh', 'L2_weight_yyx': 0.00046992378829484343, 'L_entropy_weight_yyx': 3.1266996949145857e-09, 'L_sep_weight_yyx': 4.788669901490697e-07, 'L_scale_weight_yyx': 2.6566915685041124e-08, 'learning_rate_yyx': 0.007137952153136854}. Best is trial 41 with value: -2.8074335121698404.
[I 2026-03-18 17:12:35,302] Trial 44 finished with value: -2.797755680074865 and parameters: {'n_layers_yyx': 2, 'hidden_size_yyx_l0': 6, 'hidden_size_yyx_l1': 5, 'context_size_yyx': 4, 'num_mix_components_yyx': 4, 'context_extractor_yyx': 'lstm', 'activation_func_yyx': 'ReLU', 'L2_weight_yyx': 1.475554323001122e-09, 'L_entropy_weight_yyx': 2.0977431201092916e-07, 'L_sep_weight_yyx': 1.97368957458547e-05, 'L_scale_weight_yyx': 3.5708607838917325e-07, 'learning_rate_yyx': 0.009830055323030303}. Best is trial 43 with value: -2.807728091505073.
[I 2026-03-18 17:12:43,055] Trial 46 pruned. 
[I 2026-03-18 17:12:46,639] Trial 45 pruned. 
[I 2026-03-18 17:14:03,158] Trial 46 finished with value: -2.8064147020357755 and parameters: {'n_layers_yyx': 2, 'hidden_size_yyx_l0': 4, 'hidden_size_yyx_l1': 5, 'context_size_yyx': 4, 'num_mix_components_yyx': 4, 'context_extractor_yyx': 'lstm', 'activation_func_yyx': 'Tanh', 'L2_weight_yyx': 2.5786252315820878e-08, 'L_entropy_weight_yyx': 7.994108971543998e-08, 'L_sep_weight_yyx': 9.960267929492089e-06, 'L_scale_weight_yyx': 8.897277043469342e-07, 'learning_rate_yyx': 0.008451010635168621}. Best is trial 43 with value: -2.807728091505073.
[I 2026-03-18 17:14:15,250] Trial 47 finished with value: -2.801308721718878 and parameters: {'n_layers_yyx': 1, 'hidden_size_yyx_l0': 6, 'context_size_yyx': 3, 'num_mix_components_yyx': 2, 'context_extractor_yyx': 'lstm', 'activation_func_yyx': 'GELU', 'L2_weight_yyx': 4.017757437175609e-05, 'L_entropy_weight_yyx': 9.60514847858774e-10, 'L_sep_weight_yyx': 1.890276837200247e-07, 'L_scale_weight_yyx': 7.036785092214624e-07, 'learning_rate_yyx': 0.008723238864034557}. Best is trial 41 with value: -2.8074335121698404.
[I 2026-03-18 17:14:20,008] Trial 48 pruned. 
[I 2026-03-18 17:14:31,186] Trial 49 pruned. 

Source events: 31112
Target events: 20800
Full model ln_yyx : 2971.18706 nats/sec, 128.56098 nats/event
Full model Log loss : -2.79163
Full model ln_yyx : 2945.62290 nats/sec, 127.45484 nats/event
Full model Log loss : -2.78751
Full model ln_yyx : 2798.53273 nats/sec, 121.09036 nats/event
Full model Log loss : -2.65880
Full model ln_yyx : 2967.90821 nats/sec, 128.41911 nats/event
Full model Log loss : -2.79913
Full model ln_yyx : 2896.76373 nats/sec, 125.34074 nats/event
Full model Log loss : -2.77603
Full model ln_yyx : 2968.78583 nats/sec, 128.45708 nats/event
Full model Log loss : -2.80116
Full model ln_yyx : 2984.49277 nats/sec, 129.13671 nats/event
Full model Log loss : -2.80176
Full model ln_yyx : 2976.75448 nats/sec, 128.80188 nats/event
Full model Log loss : -2.80029
Full model ln_yyx : 2960.50187 nats/sec, 128.09864 nats/event
Full model Log loss : -2.80139
Full model ln_yyx : 2955.66840 nats/sec, 127.88950 nats/event
Full model Log loss : -2.79563
Full model ln_yyx : 2959.18292 nats/sec, 128.04157 nats/event
Full model Log loss : -2.80552
Full model ln_yyx : 2980.65463 nats/sec, 128.97063 nats/event
Full model Log loss : -2.80653
Full model ln_yyx : 2989.33329 nats/sec, 129.34615 nats/event
Full model Log loss : -2.80187
Full model ln_yyx : 2999.30369 nats/sec, 129.77756 nats/event
Full model Log loss : -2.80210
Full model ln_yyx : 2951.41212 nats/sec, 127.70533 nats/event
Full model Log loss : -2.80046
Full model ln_yyx : 2975.58651 nats/sec, 128.75134 nats/event
Full model Log loss : -2.80611
Full model ln_yyx : 2967.96442 nats/sec, 128.42154 nats/event
Full model Log loss : -2.80340
Full model ln_yyx : 2952.87297 nats/sec, 127.76854 nats/event
Full model Log loss : -2.80023
Full model ln_yyx : 2987.58990 nats/sec, 129.27072 nats/event
Full model Log loss : -2.80743
Full model ln_yyx : 2985.67108 nats/sec, 129.18769 nats/event
Full model Log loss : -2.80742
Full model ln_yyx : 2961.92567 nats/sec, 128.16025 nats/event
Full model Log loss : -2.80345
Full model ln_yyx : 2980.74360 nats/sec, 128.97448 nats/event
Full model Log loss : -2.80131
Optimization finished. Config saved to results/opt-full/opt_full_0_best_config.txt
[I 2026-03-18 17:14:34,235] Trial 47 pruned. 
[I 2026-03-18 17:14:45,607] Trial 48 pruned. 
[I 2026-03-18 17:14:56,701] Trial 49 pruned. 

Source events: 31112
Target events: 40082
Full model ln_yyx : 5626.00240 nats/sec, 126.32609 nats/event
Full model Log loss : -2.78349
Full model ln_yyx : 5727.44318 nats/sec, 128.60383 nats/event
Full model Log loss : -2.80104
Full model ln_yyx : 5641.15626 nats/sec, 126.66635 nats/event
Full model Log loss : -2.77947
Full model ln_yyx : 5751.97826 nats/sec, 129.15474 nats/event
Full model Log loss : -2.79884
Full model ln_yyx : 5703.69318 nats/sec, 128.07055 nats/event
Full model Log loss : -2.79752
Full model ln_yyx : 5707.95486 nats/sec, 128.16624 nats/event
Full model Log loss : -2.79163
Full model ln_yyx : 5709.19605 nats/sec, 128.19411 nats/event
Full model Log loss : -2.80538
Full model ln_yyx : 5729.71109 nats/sec, 128.65476 nats/event
Full model Log loss : -2.79229
Full model ln_yyx : 5717.70678 nats/sec, 128.38521 nats/event
Full model Log loss : -2.80452
Full model ln_yyx : 5719.37399 nats/sec, 128.42265 nats/event
Full model Log loss : -2.80157
Full model ln_yyx : 5741.71540 nats/sec, 128.92430 nats/event
Full model Log loss : -2.80247
Full model ln_yyx : 5677.69323 nats/sec, 127.48675 nats/event
Full model Log loss : -2.78904
Full model ln_yyx : 5731.55929 nats/sec, 128.69626 nats/event
Full model Log loss : -2.80043
Full model ln_yyx : 5745.98096 nats/sec, 129.02008 nats/event
Full model Log loss : -2.80387
Full model ln_yyx : 5729.01820 nats/sec, 128.63920 nats/event
Full model Log loss : -2.80437
Full model ln_yyx : 5750.08639 nats/sec, 129.11226 nats/event
Full model Log loss : -2.80054
Full model ln_yyx : 5705.66463 nats/sec, 128.11482 nats/event
Full model Log loss : -2.80511
Full model ln_yyx : 5748.72633 nats/sec, 129.08172 nats/event
Full model Log loss : -2.79883
Full model ln_yyx : 5720.81509 nats/sec, 128.45501 nats/event
Full model Log loss : -2.79412
Full model ln_yyx : 5727.21464 nats/sec, 128.59870 nats/event
Full model Log loss : -2.80338
Full model ln_yyx : 5712.29514 nats/sec, 128.26370 nats/event
Full model Log loss : -2.80543
Full model ln_yyx : 5757.92850 nats/sec, 129.28835 nats/event
Full model Log loss : -2.80773
Full model ln_yyx : 5764.09077 nats/sec, 129.42672 nats/event
Full model Log loss : -2.79776
Full model ln_yyx : 5729.36222 nats/sec, 128.64692 nats/event
Full model Log loss : -2.80641
Optimization finished. Config saved to results/opt-full/opt_full_5_best_config.txt
