Warning: Failed writing log files to directory [/var/log/nvidia-mps]. No logs will be available.
[I 2026-03-18 18:55:46,919] A new study created in RDB with name: opt_full-model_seed=42_task=248
[I 2026-03-18 18:55:46,920] A new study created in RDB with name: opt_full-model_seed=42_task=236
[I 2026-03-18 18:55:47,374] A new study created in RDB with name: opt_full-model_seed=42_task=246
[I 2026-03-18 18:55:47,471] A new study created in RDB with name: opt_full-model_seed=42_task=230
[I 2026-03-18 18:55:47,477] A new study created in RDB with name: opt_full-model_seed=42_task=235
[I 2026-03-18 18:55:47,499] A new study created in RDB with name: opt_full-model_seed=42_task=243
[I 2026-03-18 18:55:47,499] A new study created in RDB with name: opt_full-model_seed=42_task=229
[I 2026-03-18 18:55:47,499] A new study created in RDB with name: opt_full-model_seed=42_task=249
[I 2026-03-18 18:55:47,499] A new study created in RDB with name: opt_full-model_seed=42_task=253
[I 2026-03-18 18:55:47,593] A new study created in RDB with name: opt_full-model_seed=42_task=251
[I 2026-03-18 18:55:47,593] A new study created in RDB with name: opt_full-model_seed=42_task=241
[I 2026-03-18 18:55:47,593] A new study created in RDB with name: opt_full-model_seed=42_task=224
[I 2026-03-18 18:55:47,593] A new study created in RDB with name: opt_full-model_seed=42_task=242
[I 2026-03-18 18:55:47,626] A new study created in RDB with name: opt_full-model_seed=42_task=232
[I 2026-03-18 18:55:47,626] A new study created in RDB with name: opt_full-model_seed=42_task=227
[I 2026-03-18 18:55:47,626] A new study created in RDB with name: opt_full-model_seed=42_task=244
[I 2026-03-18 18:55:47,626] A new study created in RDB with name: opt_full-model_seed=42_task=234
[I 2026-03-18 18:55:47,626] A new study created in RDB with name: opt_full-model_seed=42_task=250
[I 2026-03-18 18:55:47,626] A new study created in RDB with name: opt_full-model_seed=42_task=228
[I 2026-03-18 18:55:47,626] A new study created in RDB with name: opt_full-model_seed=42_task=225
[I 2026-03-18 18:55:47,627] A new study created in RDB with name: opt_full-model_seed=42_task=239
[I 2026-03-18 18:55:47,627] A new study created in RDB with name: opt_full-model_seed=42_task=233
[I 2026-03-18 18:55:47,627] A new study created in RDB with name: opt_full-model_seed=42_task=226
[I 2026-03-18 18:55:47,670] A new study created in RDB with name: opt_full-model_seed=42_task=245
[I 2026-03-18 18:55:47,670] A new study created in RDB with name: opt_full-model_seed=42_task=254
[I 2026-03-18 18:55:47,670] A new study created in RDB with name: opt_full-model_seed=42_task=231
[I 2026-03-18 18:55:47,914] A new study created in RDB with name: opt_full-model_seed=42_task=247
[I 2026-03-18 18:55:48,056] A new study created in RDB with name: opt_full-model_seed=42_task=255
[I 2026-03-18 18:55:48,106] A new study created in RDB with name: opt_full-model_seed=42_task=240
[I 2026-03-18 18:55:48,106] A new study created in RDB with name: opt_full-model_seed=42_task=237
[I 2026-03-18 18:55:48,130] A new study created in RDB with name: opt_full-model_seed=42_task=252
[I 2026-03-18 18:55:48,384] A new study created in RDB with name: opt_full-model_seed=42_task=238
[I 2026-03-18 19:02:48,610] Trial 0 finished with value: -1.5190498727266906 and parameters: {'n_layers_yyx': 2, 'hidden_size_yyx_l0': 5, 'hidden_size_yyx_l1': 4, 'context_size_yyx': 1, 'num_mix_components_yyx': 4, 'context_extractor_yyx': 'lstm', 'activation_func_yyx': 'ReLU', 'L2_weight_yyx': 9.670854712820307e-06, 'L_entropy_weight_yyx': 1.4565948681680082e-09, 'L_sep_weight_yyx': 4.308075797568176e-08, 'L_scale_weight_yyx': 5.741741903043395e-05, 'learning_rate_yyx': 0.008634364150909275}. Best is trial 0 with value: -1.5190498727266906.
[I 2026-03-18 19:02:53,435] Trial 0 finished with value: -2.4462359448940223 and parameters: {'n_layers_yyx': 1, 'hidden_size_yyx_l0': 2, 'context_size_yyx': 4, 'num_mix_components_yyx': 2, 'context_extractor_yyx': 'gru', 'activation_func_yyx': 'GELU', 'L2_weight_yyx': 1.6491616061114362e-05, 'L_entropy_weight_yyx': 1.4986625980602704e-06, 'L_sep_weight_yyx': 9.646698171574939e-08, 'L_scale_weight_yyx': 1.0116277121725793e-08, 'learning_rate_yyx': 0.007560934850354918}. Best is trial 0 with value: -2.4462359448940223.
[I 2026-03-18 19:03:13,481] Trial 0 finished with value: -1.2963861553485576 and parameters: {'n_layers_yyx': 2, 'hidden_size_yyx_l0': 6, 'hidden_size_yyx_l1': 2, 'context_size_yyx': 4, 'num_mix_components_yyx': 3, 'context_extractor_yyx': 'gru', 'activation_func_yyx': 'GELU', 'L2_weight_yyx': 4.231013647139595e-07, 'L_entropy_weight_yyx': 3.8162320830501924e-10, 'L_sep_weight_yyx': 3.3683148837154242e-06, 'L_scale_weight_yyx': 2.4374714347760266e-07, 'learning_rate_yyx': 0.00391245106140051}. Best is trial 0 with value: -1.2963861553485576.
[I 2026-03-18 19:03:30,787] Trial 0 finished with value: -1.342767052283654 and parameters: {'n_layers_yyx': 2, 'hidden_size_yyx_l0': 4, 'hidden_size_yyx_l1': 4, 'context_size_yyx': 3, 'num_mix_components_yyx': 1, 'context_extractor_yyx': 'lstm', 'activation_func_yyx': 'ReLU', 'L2_weight_yyx': 1.2325100376278975e-10, 'L_entropy_weight_yyx': 3.879490906528302e-09, 'L_sep_weight_yyx': 2.13492788853728e-09, 'L_scale_weight_yyx': 4.146637340849196e-09, 'learning_rate_yyx': 0.003838200858419705}. Best is trial 0 with value: -1.342767052283654.
[I 2026-03-18 19:04:01,972] Trial 1 pruned. 
[I 2026-03-18 19:04:29,106] Trial 0 finished with value: -1.8302220561029863 and parameters: {'n_layers_yyx': 2, 'hidden_size_yyx_l0': 6, 'hidden_size_yyx_l1': 4, 'context_size_yyx': 3, 'num_mix_components_yyx': 2, 'context_extractor_yyx': 'gru', 'activation_func_yyx': 'ReLU', 'L2_weight_yyx': 4.965051107041089e-07, 'L_entropy_weight_yyx': 1.8491402741734298e-10, 'L_sep_weight_yyx': 1.4692306105976517e-07, 'L_scale_weight_yyx': 1.3192086639056398e-07, 'learning_rate_yyx': 0.0020958275005572586}. Best is trial 0 with value: -1.8302220561029863.
[I 2026-03-18 19:04:29,128] Trial 0 finished with value: -1.3124835439828726 and parameters: {'n_layers_yyx': 1, 'hidden_size_yyx_l0': 4, 'context_size_yyx': 2, 'num_mix_components_yyx': 5, 'context_extractor_yyx': 'lstm', 'activation_func_yyx': 'Tanh', 'L2_weight_yyx': 4.817678433654221e-10, 'L_entropy_weight_yyx': 0.00011773347415344957, 'L_sep_weight_yyx': 8.400025343805838e-08, 'L_scale_weight_yyx': 5.024447369486496e-08, 'learning_rate_yyx': 0.0014621512535924824}. Best is trial 0 with value: -1.3124835439828726.
[I 2026-03-18 19:04:49,025] Trial 0 finished with value: -1.4467010977883008 and parameters: {'n_layers_yyx': 1, 'hidden_size_yyx_l0': 4, 'context_size_yyx': 3, 'num_mix_components_yyx': 3, 'context_extractor_yyx': 'gru', 'activation_func_yyx': 'Tanh', 'L2_weight_yyx': 2.8315062022311033e-05, 'L_entropy_weight_yyx': 2.648782853447937e-09, 'L_sep_weight_yyx': 6.716009637765265e-09, 'L_scale_weight_yyx': 3.0039576347754597e-09, 'learning_rate_yyx': 0.008333128603137148}. Best is trial 0 with value: -1.4467010977883008.
[I 2026-03-18 19:04:53,469] Trial 0 finished with value: -2.4573569585183157 and parameters: {'n_layers_yyx': 2, 'hidden_size_yyx_l0': 3, 'hidden_size_yyx_l1': 3, 'context_size_yyx': 3, 'num_mix_components_yyx': 4, 'context_extractor_yyx': 'gru', 'activation_func_yyx': 'Tanh', 'L2_weight_yyx': 0.0005870218907568577, 'L_entropy_weight_yyx': 5.2378351502601174e-05, 'L_sep_weight_yyx': 0.00061551584259553, 'L_scale_weight_yyx': 1.606150037169049e-06, 'learning_rate_yyx': 0.0024031817449448856}. Best is trial 0 with value: -2.4573569585183157.
[I 2026-03-18 19:05:27,004] Trial 0 finished with value: -1.7772347005208333 and parameters: {'n_layers_yyx': 1, 'hidden_size_yyx_l0': 5, 'context_size_yyx': 3, 'num_mix_components_yyx': 5, 'context_extractor_yyx': 'lstm', 'activation_func_yyx': 'ReLU', 'L2_weight_yyx': 7.657130363413767e-06, 'L_entropy_weight_yyx': 5.894764575667188e-05, 'L_sep_weight_yyx': 3.170290411899112e-09, 'L_scale_weight_yyx': 1.4526055226422373e-07, 'learning_rate_yyx': 0.001814886887144746}. Best is trial 0 with value: -1.7772347005208333.
[I 2026-03-18 19:05:28,849] Trial 1 pruned. 
[I 2026-03-18 19:05:55,361] Trial 0 finished with value: -1.2774384953425482 and parameters: {'n_layers_yyx': 1, 'hidden_size_yyx_l0': 6, 'context_size_yyx': 1, 'num_mix_components_yyx': 1, 'context_extractor_yyx': 'lstm', 'activation_func_yyx': 'Tanh', 'L2_weight_yyx': 4.398875408606918e-08, 'L_entropy_weight_yyx': 2.4666717716794755e-10, 'L_sep_weight_yyx': 1.540039908329344e-10, 'L_scale_weight_yyx': 1.8341373711294063e-10, 'learning_rate_yyx': 0.0007162482858605423}. Best is trial 0 with value: -1.2774384953425482.
[I 2026-03-18 19:06:19,504] Trial 0 finished with value: -1.9368961358079142 and parameters: {'n_layers_yyx': 2, 'hidden_size_yyx_l0': 2, 'hidden_size_yyx_l1': 4, 'context_size_yyx': 4, 'num_mix_components_yyx': 3, 'context_extractor_yyx': 'gru', 'activation_func_yyx': 'GELU', 'L2_weight_yyx': 0.00017963824986306937, 'L_entropy_weight_yyx': 1.7163719950880946e-07, 'L_sep_weight_yyx': 0.00012220585751845315, 'L_scale_weight_yyx': 1.4473075040851861e-06, 'learning_rate_yyx': 0.006541400383270626}. Best is trial 0 with value: -1.9368961358079142.
[I 2026-03-18 19:06:36,819] Trial 1 pruned. 
[I 2026-03-18 19:06:37,697] Trial 0 finished with value: -2.4805296636382916 and parameters: {'n_layers_yyx': 2, 'hidden_size_yyx_l0': 3, 'hidden_size_yyx_l1': 4, 'context_size_yyx': 4, 'num_mix_components_yyx': 4, 'context_extractor_yyx': 'lstm', 'activation_func_yyx': 'Tanh', 'L2_weight_yyx': 9.096335531563799e-10, 'L_entropy_weight_yyx': 2.8974853376057824e-07, 'L_sep_weight_yyx': 1.1986637738232466e-06, 'L_scale_weight_yyx': 0.000789450713683424, 'learning_rate_yyx': 0.001033399008688196}. Best is trial 0 with value: -2.4805296636382916.
[I 2026-03-18 19:06:45,882] Trial 2 pruned. 
[I 2026-03-18 19:07:02,190] Trial 0 finished with value: -1.837857802213271 and parameters: {'n_layers_yyx': 2, 'hidden_size_yyx_l0': 3, 'hidden_size_yyx_l1': 3, 'context_size_yyx': 3, 'num_mix_components_yyx': 3, 'context_extractor_yyx': 'gru', 'activation_func_yyx': 'GELU', 'L2_weight_yyx': 0.0003832809648945042, 'L_entropy_weight_yyx': 0.0003734225241406536, 'L_sep_weight_yyx': 9.175776386136518e-09, 'L_scale_weight_yyx': 2.8331920790067073e-08, 'learning_rate_yyx': 0.002970660021389536}. Best is trial 0 with value: -1.837857802213271.
[I 2026-03-18 19:08:25,479] Trial 0 finished with value: -1.867639598732223 and parameters: {'n_layers_yyx': 2, 'hidden_size_yyx_l0': 3, 'hidden_size_yyx_l1': 5, 'context_size_yyx': 1, 'num_mix_components_yyx': 3, 'context_extractor_yyx': 'lstm', 'activation_func_yyx': 'ReLU', 'L2_weight_yyx': 1.7154918562626338e-06, 'L_entropy_weight_yyx': 9.413560858417681e-06, 'L_sep_weight_yyx': 1.1250627249469872e-08, 'L_scale_weight_yyx': 6.0456475316855e-10, 'learning_rate_yyx': 0.0022180033810788257}. Best is trial 0 with value: -1.867639598732223.
[I 2026-03-18 19:08:42,946] Trial 1 pruned. 
[I 2026-03-18 19:09:03,497] Trial 0 finished with value: -1.8028399759194687 and parameters: {'n_layers_yyx': 1, 'hidden_size_yyx_l0': 4, 'context_size_yyx': 2, 'num_mix_components_yyx': 4, 'context_extractor_yyx': 'gru', 'activation_func_yyx': 'GELU', 'L2_weight_yyx': 1.6222551364850513e-09, 'L_entropy_weight_yyx': 1.0934521895801226e-08, 'L_sep_weight_yyx': 0.0009758141214827622, 'L_scale_weight_yyx': 1.2425793420566106e-08, 'learning_rate_yyx': 0.007746228240740283}. Best is trial 0 with value: -1.8028399759194687.
[I 2026-03-18 19:09:11,731] Trial 0 finished with value: -1.3248331862229568 and parameters: {'n_layers_yyx': 2, 'hidden_size_yyx_l0': 3, 'hidden_size_yyx_l1': 4, 'context_size_yyx': 3, 'num_mix_components_yyx': 4, 'context_extractor_yyx': 'lstm', 'activation_func_yyx': 'Tanh', 'L2_weight_yyx': 6.658554202122937e-07, 'L_entropy_weight_yyx': 2.0356460713027305e-05, 'L_sep_weight_yyx': 6.093863453130139e-07, 'L_scale_weight_yyx': 2.811768885416642e-10, 'learning_rate_yyx': 0.0007279100749362908}. Best is trial 0 with value: -1.3248331862229568.
[I 2026-03-18 19:09:16,132] Trial 0 finished with value: -1.8516305051550026 and parameters: {'n_layers_yyx': 2, 'hidden_size_yyx_l0': 3, 'hidden_size_yyx_l1': 2, 'context_size_yyx': 1, 'num_mix_components_yyx': 3, 'context_extractor_yyx': 'gru', 'activation_func_yyx': 'GELU', 'L2_weight_yyx': 9.856327416404536e-06, 'L_entropy_weight_yyx': 0.0003408787942352223, 'L_sep_weight_yyx': 1.4165396800827347e-10, 'L_scale_weight_yyx': 1.0744414650307604e-10, 'learning_rate_yyx': 0.008800490088620501}. Best is trial 0 with value: -1.8516305051550026.
[I 2026-03-18 19:09:18,181] Trial 0 finished with value: -1.287627939077524 and parameters: {'n_layers_yyx': 1, 'hidden_size_yyx_l0': 5, 'context_size_yyx': 1, 'num_mix_components_yyx': 5, 'context_extractor_yyx': 'gru', 'activation_func_yyx': 'ReLU', 'L2_weight_yyx': 1.5504675034114594e-08, 'L_entropy_weight_yyx': 0.00016152779898518852, 'L_sep_weight_yyx': 2.7512665735931938e-05, 'L_scale_weight_yyx': 2.3482835720095693e-05, 'learning_rate_yyx': 0.000835528586941578}. Best is trial 0 with value: -1.287627939077524.
[I 2026-03-18 19:09:28,669] Trial 0 finished with value: -1.9257698509991874 and parameters: {'n_layers_yyx': 1, 'hidden_size_yyx_l0': 2, 'context_size_yyx': 3, 'num_mix_components_yyx': 5, 'context_extractor_yyx': 'gru', 'activation_func_yyx': 'ReLU', 'L2_weight_yyx': 1.4604760971741429e-09, 'L_entropy_weight_yyx': 1.1537469893275285e-06, 'L_sep_weight_yyx': 0.00010417355945301, 'L_scale_weight_yyx': 1.2732165100214962e-09, 'learning_rate_yyx': 0.001791874940808149}. Best is trial 0 with value: -1.9257698509991874.
[I 2026-03-18 19:09:41,226] Trial 0 finished with value: -1.3208845872145432 and parameters: {'n_layers_yyx': 1, 'hidden_size_yyx_l0': 2, 'context_size_yyx': 3, 'num_mix_components_yyx': 4, 'context_extractor_yyx': 'gru', 'activation_func_yyx': 'ReLU', 'L2_weight_yyx': 8.011580869580484e-09, 'L_entropy_weight_yyx': 0.0003248422163458213, 'L_sep_weight_yyx': 2.457694764489347e-10, 'L_scale_weight_yyx': 5.54744734611268e-10, 'learning_rate_yyx': 0.0007110034732270047}. Best is trial 0 with value: -1.3208845872145432.
[I 2026-03-18 19:09:47,256] Trial 0 finished with value: -1.8953976247502469 and parameters: {'n_layers_yyx': 1, 'hidden_size_yyx_l0': 6, 'context_size_yyx': 3, 'num_mix_components_yyx': 5, 'context_extractor_yyx': 'lstm', 'activation_func_yyx': 'Tanh', 'L2_weight_yyx': 1.962979286049481e-06, 'L_entropy_weight_yyx': 4.517130347878077e-07, 'L_sep_weight_yyx': 1.2491413551034681e-09, 'L_scale_weight_yyx': 5.261135488651243e-09, 'learning_rate_yyx': 0.0011095728807636914}. Best is trial 0 with value: -1.8953976247502469.
[I 2026-03-18 19:09:49,469] Trial 0 finished with value: -1.319746586726262 and parameters: {'n_layers_yyx': 2, 'hidden_size_yyx_l0': 2, 'hidden_size_yyx_l1': 4, 'context_size_yyx': 1, 'num_mix_components_yyx': 4, 'context_extractor_yyx': 'gru', 'activation_func_yyx': 'ReLU', 'L2_weight_yyx': 8.169974928966567e-07, 'L_entropy_weight_yyx': 1.9751709082463245e-06, 'L_sep_weight_yyx': 3.8345851598236724e-09, 'L_scale_weight_yyx': 1.5486233193838095e-09, 'learning_rate_yyx': 0.0015499449165070763}. Best is trial 0 with value: -1.319746586726262.
[I 2026-03-18 19:10:25,592] Trial 1 finished with value: -1.3410127610426683 and parameters: {'n_layers_yyx': 2, 'hidden_size_yyx_l0': 5, 'hidden_size_yyx_l1': 5, 'context_size_yyx': 1, 'num_mix_components_yyx': 5, 'context_extractor_yyx': 'gru', 'activation_func_yyx': 'GELU', 'L2_weight_yyx': 6.571962711977541e-08, 'L_entropy_weight_yyx': 1.1591329509840951e-10, 'L_sep_weight_yyx': 4.38368757390637e-08, 'L_scale_weight_yyx': 0.00030817906568548787, 'learning_rate_yyx': 0.005078259118918099}. Best is trial 0 with value: -1.342767052283654.
[I 2026-03-18 19:10:50,834] Trial 0 finished with value: -1.8722783355929944 and parameters: {'n_layers_yyx': 1, 'hidden_size_yyx_l0': 5, 'context_size_yyx': 1, 'num_mix_components_yyx': 1, 'context_extractor_yyx': 'gru', 'activation_func_yyx': 'ReLU', 'L2_weight_yyx': 4.383350858937218e-09, 'L_entropy_weight_yyx': 0.00015005664627600822, 'L_sep_weight_yyx': 1.4891025982191976e-05, 'L_scale_weight_yyx': 1.5614052192727806e-06, 'learning_rate_yyx': 0.003056739670974359}. Best is trial 0 with value: -1.8722783355929944.
[I 2026-03-18 19:11:01,814] Trial 1 finished with value: -1.3107592069185696 and parameters: {'n_layers_yyx': 1, 'hidden_size_yyx_l0': 4, 'context_size_yyx': 2, 'num_mix_components_yyx': 5, 'context_extractor_yyx': 'lstm', 'activation_func_yyx': 'Tanh', 'L2_weight_yyx': 1.756149725198663e-07, 'L_entropy_weight_yyx': 1.891736851656502e-09, 'L_sep_weight_yyx': 1.6168652040781386e-08, 'L_scale_weight_yyx': 3.5507090103552346e-06, 'learning_rate_yyx': 0.003913106917458398}. Best is trial 0 with value: -1.3124835439828726.
[I 2026-03-18 19:11:05,017] Trial 1 pruned. 
[I 2026-03-18 19:11:20,400] Trial 1 pruned. 
[I 2026-03-18 19:12:20,856] Trial 2 pruned. 
[I 2026-03-18 19:12:42,832] Trial 0 finished with value: -1.8528113520484126 and parameters: {'n_layers_yyx': 2, 'hidden_size_yyx_l0': 2, 'hidden_size_yyx_l1': 2, 'context_size_yyx': 1, 'num_mix_components_yyx': 3, 'context_extractor_yyx': 'lstm', 'activation_func_yyx': 'Tanh', 'L2_weight_yyx': 0.00010757068814855378, 'L_entropy_weight_yyx': 1.996290010533053e-07, 'L_sep_weight_yyx': 4.233799256208882e-10, 'L_scale_weight_yyx': 4.7624810165955786e-07, 'learning_rate_yyx': 0.005707005633928365}. Best is trial 0 with value: -1.8528113520484126.
[I 2026-03-18 19:12:43,115] Trial 0 finished with value: -1.3586356295072115 and parameters: {'n_layers_yyx': 1, 'hidden_size_yyx_l0': 5, 'context_size_yyx': 4, 'num_mix_components_yyx': 1, 'context_extractor_yyx': 'lstm', 'activation_func_yyx': 'ReLU', 'L2_weight_yyx': 9.205848227272633e-05, 'L_entropy_weight_yyx': 1.008658908556208e-06, 'L_sep_weight_yyx': 8.010976567127675e-05, 'L_scale_weight_yyx': 5.1238710281413754e-06, 'learning_rate_yyx': 0.0017219951318102862}. Best is trial 0 with value: -1.3586356295072115.
[I 2026-03-18 19:12:53,584] Trial 2 pruned. 
[I 2026-03-18 19:12:57,628] Trial 0 finished with value: -1.7873705314867425 and parameters: {'n_layers_yyx': 2, 'hidden_size_yyx_l0': 6, 'hidden_size_yyx_l1': 3, 'context_size_yyx': 4, 'num_mix_components_yyx': 2, 'context_extractor_yyx': 'gru', 'activation_func_yyx': 'Tanh', 'L2_weight_yyx': 4.59094672281936e-06, 'L_entropy_weight_yyx': 6.084185685822783e-10, 'L_sep_weight_yyx': 2.3051860252069848e-07, 'L_scale_weight_yyx': 1.2281670060656174e-05, 'learning_rate_yyx': 0.004008596107796461}. Best is trial 0 with value: -1.7873705314867425.
[I 2026-03-18 19:12:59,754] Trial 0 finished with value: -1.5474254567427992 and parameters: {'n_layers_yyx': 1, 'hidden_size_yyx_l0': 5, 'context_size_yyx': 1, 'num_mix_components_yyx': 5, 'context_extractor_yyx': 'gru', 'activation_func_yyx': 'Tanh', 'L2_weight_yyx': 3.9154712522678484e-05, 'L_entropy_weight_yyx': 7.123786075086213e-10, 'L_sep_weight_yyx': 9.755588399368343e-09, 'L_scale_weight_yyx': 0.00023435949949786447, 'learning_rate_yyx': 0.0008627286637521054}. Best is trial 0 with value: -1.5474254567427992.
[I 2026-03-18 19:13:01,862] Trial 2 finished with value: -1.51813847276031 and parameters: {'n_layers_yyx': 1, 'hidden_size_yyx_l0': 5, 'context_size_yyx': 3, 'num_mix_components_yyx': 4, 'context_extractor_yyx': 'lstm', 'activation_func_yyx': 'Tanh', 'L2_weight_yyx': 1.240211874518553e-09, 'L_entropy_weight_yyx': 1.5579022661341416e-09, 'L_sep_weight_yyx': 0.00011007667538214837, 'L_scale_weight_yyx': 1.0301020396374314e-09, 'learning_rate_yyx': 0.006529072737898014}. Best is trial 0 with value: -1.5190498727266906.
[I 2026-03-18 19:13:45,469] Trial 1 pruned. 
[I 2026-03-18 19:14:18,624] Trial 1 finished with value: -2.4465525346781787 and parameters: {'n_layers_yyx': 2, 'hidden_size_yyx_l0': 3, 'hidden_size_yyx_l1': 3, 'context_size_yyx': 2, 'num_mix_components_yyx': 5, 'context_extractor_yyx': 'lstm', 'activation_func_yyx': 'ReLU', 'L2_weight_yyx': 5.3556821271557585e-09, 'L_entropy_weight_yyx': 2.1871877401886378e-07, 'L_sep_weight_yyx': 2.931440506131025e-05, 'L_scale_weight_yyx': 4.173223150644177e-09, 'learning_rate_yyx': 0.004069934461781118}. Best is trial 0 with value: -2.4573569585183157.
[I 2026-03-18 19:14:38,436] Trial 1 finished with value: -1.8341207206868828 and parameters: {'n_layers_yyx': 1, 'hidden_size_yyx_l0': 3, 'context_size_yyx': 3, 'num_mix_components_yyx': 1, 'context_extractor_yyx': 'gru', 'activation_func_yyx': 'GELU', 'L2_weight_yyx': 1.9790424613289823e-09, 'L_entropy_weight_yyx': 0.0004222200312819846, 'L_sep_weight_yyx': 0.000339310529292959, 'L_scale_weight_yyx': 2.508674811763295e-05, 'learning_rate_yyx': 0.0055477332054960195}. Best is trial 0 with value: -1.837857802213271.
[I 2026-03-18 19:14:38,465] Trial 0 finished with value: -1.8538678566449562 and parameters: {'n_layers_yyx': 1, 'hidden_size_yyx_l0': 4, 'context_size_yyx': 1, 'num_mix_components_yyx': 4, 'context_extractor_yyx': 'gru', 'activation_func_yyx': 'ReLU', 'L2_weight_yyx': 0.00021416414638843626, 'L_entropy_weight_yyx': 2.0134682702208868e-07, 'L_sep_weight_yyx': 0.0001284277748577226, 'L_scale_weight_yyx': 7.246209321678726e-07, 'learning_rate_yyx': 0.0024621022111314074}. Best is trial 0 with value: -1.8538678566449562.
[I 2026-03-18 19:14:44,042] Trial 2 pruned. 
[I 2026-03-18 19:14:50,678] Trial 2 pruned. 
[I 2026-03-18 19:15:28,840] Trial 1 finished with value: -1.4389243727463943 and parameters: {'n_layers_yyx': 1, 'hidden_size_yyx_l0': 4, 'context_size_yyx': 4, 'num_mix_components_yyx': 5, 'context_extractor_yyx': 'lstm', 'activation_func_yyx': 'GELU', 'L2_weight_yyx': 1.7206528653970303e-07, 'L_entropy_weight_yyx': 1.632940832215009e-07, 'L_sep_weight_yyx': 3.479205065405224e-05, 'L_scale_weight_yyx': 6.020480859585122e-08, 'learning_rate_yyx': 0.003163662476264144}. Best is trial 1 with value: -1.4389243727463943.
[I 2026-03-18 19:16:08,127] Trial 0 finished with value: -1.8605448616434945 and parameters: {'n_layers_yyx': 2, 'hidden_size_yyx_l0': 5, 'hidden_size_yyx_l1': 2, 'context_size_yyx': 4, 'num_mix_components_yyx': 3, 'context_extractor_yyx': 'lstm', 'activation_func_yyx': 'GELU', 'L2_weight_yyx': 5.827472468166913e-08, 'L_entropy_weight_yyx': 9.200308511412219e-08, 'L_sep_weight_yyx': 1.8116377924945932e-07, 'L_scale_weight_yyx': 9.077238312761591e-10, 'learning_rate_yyx': 0.002301680051556782}. Best is trial 0 with value: -1.8605448616434945.
[I 2026-03-18 19:16:53,501] Trial 1 pruned. 
[I 2026-03-18 19:16:58,572] Trial 0 finished with value: -1.783729309698548 and parameters: {'n_layers_yyx': 1, 'hidden_size_yyx_l0': 4, 'context_size_yyx': 4, 'num_mix_components_yyx': 2, 'context_extractor_yyx': 'gru', 'activation_func_yyx': 'Tanh', 'L2_weight_yyx': 0.00014820472860744638, 'L_entropy_weight_yyx': 1.5775150258854472e-10, 'L_sep_weight_yyx': 6.903238494456047e-05, 'L_scale_weight_yyx': 1.0205094904399573e-09, 'learning_rate_yyx': 0.0007387796722125922}. Best is trial 0 with value: -1.783729309698548.
[I 2026-03-18 19:17:47,888] Trial 0 finished with value: -1.7931441996383402 and parameters: {'n_layers_yyx': 2, 'hidden_size_yyx_l0': 2, 'hidden_size_yyx_l1': 2, 'context_size_yyx': 1, 'num_mix_components_yyx': 3, 'context_extractor_yyx': 'lstm', 'activation_func_yyx': 'GELU', 'L2_weight_yyx': 1.1059513192381415e-08, 'L_entropy_weight_yyx': 5.2923890378842445e-09, 'L_sep_weight_yyx': 0.0003301906785567878, 'L_scale_weight_yyx': 7.348410194519832e-07, 'learning_rate_yyx': 0.0012805155368662115}. Best is trial 0 with value: -1.7931441996383402.
[I 2026-03-18 19:19:33,635] Trial 0 finished with value: -2.488813529023287 and parameters: {'n_layers_yyx': 2, 'hidden_size_yyx_l0': 4, 'hidden_size_yyx_l1': 3, 'context_size_yyx': 3, 'num_mix_components_yyx': 3, 'context_extractor_yyx': 'lstm', 'activation_func_yyx': 'ReLU', 'L2_weight_yyx': 3.677149294556316e-05, 'L_entropy_weight_yyx': 0.0009221793015863868, 'L_sep_weight_yyx': 1.8016067042160582e-09, 'L_scale_weight_yyx': 6.897079446529416e-08, 'learning_rate_yyx': 0.0006564140560609651}. Best is trial 0 with value: -2.488813529023287.
[I 2026-03-18 19:21:45,773] Trial 1 finished with value: -2.4633966237885176 and parameters: {'n_layers_yyx': 2, 'hidden_size_yyx_l0': 3, 'hidden_size_yyx_l1': 3, 'context_size_yyx': 1, 'num_mix_components_yyx': 4, 'context_extractor_yyx': 'lstm', 'activation_func_yyx': 'GELU', 'L2_weight_yyx': 7.598400895894316e-07, 'L_entropy_weight_yyx': 3.104511716951451e-05, 'L_sep_weight_yyx': 1.6359467261564847e-08, 'L_scale_weight_yyx': 0.0007927235858919831, 'learning_rate_yyx': 0.0015968684700537888}. Best is trial 1 with value: -2.4633966237885176.
[I 2026-03-18 19:23:13,394] Trial 2 pruned. 
[I 2026-03-18 19:23:42,747] Trial 1 finished with value: -1.5403017335939237 and parameters: {'n_layers_yyx': 2, 'hidden_size_yyx_l0': 4, 'hidden_size_yyx_l1': 4, 'context_size_yyx': 2, 'num_mix_components_yyx': 5, 'context_extractor_yyx': 'gru', 'activation_func_yyx': 'Tanh', 'L2_weight_yyx': 4.7065370362299407e-05, 'L_entropy_weight_yyx': 2.6816027114748236e-10, 'L_sep_weight_yyx': 1.1720525364436925e-07, 'L_scale_weight_yyx': 4.37210284797459e-08, 'learning_rate_yyx': 0.0075348602688085735}. Best is trial 0 with value: -1.5474254567427992.
[I 2026-03-18 19:25:39,927] Trial 2 finished with value: -2.4485345578030278 and parameters: {'n_layers_yyx': 2, 'hidden_size_yyx_l0': 3, 'hidden_size_yyx_l1': 4, 'context_size_yyx': 4, 'num_mix_components_yyx': 1, 'context_extractor_yyx': 'gru', 'activation_func_yyx': 'GELU', 'L2_weight_yyx': 1.2540888483209214e-10, 'L_entropy_weight_yyx': 1.6117864483562308e-09, 'L_sep_weight_yyx': 2.3958143486160657e-07, 'L_scale_weight_yyx': 4.168769645460781e-05, 'learning_rate_yyx': 0.00796227786536252}. Best is trial 0 with value: -2.4573569585183157.
[I 2026-03-18 19:27:58,970] Trial 2 pruned. 
[I 2026-03-18 19:29:51,873] Trial 3 pruned. 
[I 2026-03-18 19:31:03,768] Trial 1 finished with value: -1.9300911785393273 and parameters: {'n_layers_yyx': 2, 'hidden_size_yyx_l0': 4, 'hidden_size_yyx_l1': 5, 'context_size_yyx': 2, 'num_mix_components_yyx': 2, 'context_extractor_yyx': 'lstm', 'activation_func_yyx': 'GELU', 'L2_weight_yyx': 2.935417031308214e-06, 'L_entropy_weight_yyx': 4.076334657984628e-08, 'L_sep_weight_yyx': 2.556791015956376e-06, 'L_scale_weight_yyx': 1.7917903074303134e-09, 'learning_rate_yyx': 0.002951663292388231}. Best is trial 1 with value: -1.9300911785393273.
[I 2026-03-18 19:31:39,793] Trial 1 pruned. 
[I 2026-03-18 19:31:57,684] Trial 3 pruned. 
[I 2026-03-18 19:32:12,604] Trial 1 finished with value: -1.84511113308576 and parameters: {'n_layers_yyx': 1, 'hidden_size_yyx_l0': 5, 'context_size_yyx': 4, 'num_mix_components_yyx': 4, 'context_extractor_yyx': 'lstm', 'activation_func_yyx': 'Tanh', 'L2_weight_yyx': 0.00017497425554038298, 'L_entropy_weight_yyx': 1.329011651982919e-08, 'L_sep_weight_yyx': 2.5314257370837618e-09, 'L_scale_weight_yyx': 1.3129966117323083e-10, 'learning_rate_yyx': 0.0005147336182055502}. Best is trial 1 with value: -1.84511113308576.
[I 2026-03-18 19:33:10,932] Trial 3 finished with value: -1.8453425281952338 and parameters: {'n_layers_yyx': 2, 'hidden_size_yyx_l0': 6, 'hidden_size_yyx_l1': 3, 'context_size_yyx': 2, 'num_mix_components_yyx': 4, 'context_extractor_yyx': 'lstm', 'activation_func_yyx': 'ReLU', 'L2_weight_yyx': 0.0008913121691581553, 'L_entropy_weight_yyx': 6.879254207427278e-06, 'L_sep_weight_yyx': 2.7564420226401566e-10, 'L_scale_weight_yyx': 2.3037153543287404e-08, 'learning_rate_yyx': 0.007046783444829955}. Best is trial 0 with value: -1.8516305051550026.
[I 2026-03-18 19:34:07,706] Trial 4 pruned. 
[I 2026-03-18 19:35:19,249] Trial 4 pruned. 
[I 2026-03-18 19:35:21,172] Trial 2 finished with value: -1.4047006695087139 and parameters: {'n_layers_yyx': 1, 'hidden_size_yyx_l0': 4, 'context_size_yyx': 3, 'num_mix_components_yyx': 2, 'context_extractor_yyx': 'gru', 'activation_func_yyx': 'Tanh', 'L2_weight_yyx': 5.660812418700951e-07, 'L_entropy_weight_yyx': 5.256437256682085e-06, 'L_sep_weight_yyx': 4.02846150416906e-10, 'L_scale_weight_yyx': 0.00011253255490942895, 'learning_rate_yyx': 0.00367481181805609}. Best is trial 2 with value: -1.4047006695087139.
[I 2026-03-18 19:35:28,303] Trial 1 pruned. 
[I 2026-03-18 19:35:51,482] Trial 2 pruned. 
[I 2026-03-18 19:35:58,681] Trial 2 finished with value: -1.8360736764972605 and parameters: {'n_layers_yyx': 2, 'hidden_size_yyx_l0': 3, 'hidden_size_yyx_l1': 3, 'context_size_yyx': 3, 'num_mix_components_yyx': 3, 'context_extractor_yyx': 'lstm', 'activation_func_yyx': 'ReLU', 'L2_weight_yyx': 3.1127875680436875e-08, 'L_entropy_weight_yyx': 1.4896964243863743e-06, 'L_sep_weight_yyx': 6.479146258310449e-07, 'L_scale_weight_yyx': 0.00032371647355571514, 'learning_rate_yyx': 0.007814385032699527}. Best is trial 0 with value: -1.837857802213271.
[I 2026-03-18 19:36:11,069] Trial 3 finished with value: -1.3322836303710937 and parameters: {'n_layers_yyx': 2, 'hidden_size_yyx_l0': 5, 'hidden_size_yyx_l1': 4, 'context_size_yyx': 3, 'num_mix_components_yyx': 1, 'context_extractor_yyx': 'gru', 'activation_func_yyx': 'ReLU', 'L2_weight_yyx': 1.388402253695743e-06, 'L_entropy_weight_yyx': 2.9997776231166803e-10, 'L_sep_weight_yyx': 2.6497754471691283e-05, 'L_scale_weight_yyx': 1.3238202251343879e-08, 'learning_rate_yyx': 0.004664518070795699}. Best is trial 0 with value: -1.342767052283654.
[I 2026-03-18 19:36:38,935] Trial 3 finished with value: -1.348492316479953 and parameters: {'n_layers_yyx': 1, 'hidden_size_yyx_l0': 2, 'context_size_yyx': 3, 'num_mix_components_yyx': 2, 'context_extractor_yyx': 'gru', 'activation_func_yyx': 'GELU', 'L2_weight_yyx': 1.9246583433270085e-10, 'L_entropy_weight_yyx': 5.2215069860824933e-08, 'L_sep_weight_yyx': 6.332900514932129e-09, 'L_scale_weight_yyx': 3.1684614215885363e-10, 'learning_rate_yyx': 0.0066135809184383375}. Best is trial 0 with value: -1.4467010977883008.
[I 2026-03-18 19:36:40,454] Trial 1 finished with value: -1.287462158203125 and parameters: {'n_layers_yyx': 1, 'hidden_size_yyx_l0': 5, 'context_size_yyx': 1, 'num_mix_components_yyx': 5, 'context_extractor_yyx': 'gru', 'activation_func_yyx': 'ReLU', 'L2_weight_yyx': 5.117781179466084e-07, 'L_entropy_weight_yyx': 7.089075721088931e-06, 'L_sep_weight_yyx': 0.0003119387160421534, 'L_scale_weight_yyx': 6.335264499404088e-05, 'learning_rate_yyx': 0.0008093773029954718}. Best is trial 0 with value: -1.287627939077524.
[I 2026-03-18 19:37:01,297] Trial 4 pruned. 
[I 2026-03-18 19:37:02,518] Trial 2 pruned. 
[I 2026-03-18 19:37:03,672] Trial 1 finished with value: -1.4345258507361778 and parameters: {'n_layers_yyx': 2, 'hidden_size_yyx_l0': 2, 'hidden_size_yyx_l1': 6, 'context_size_yyx': 2, 'num_mix_components_yyx': 3, 'context_extractor_yyx': 'gru', 'activation_func_yyx': 'GELU', 'L2_weight_yyx': 6.998755670426235e-10, 'L_entropy_weight_yyx': 3.834563052481372e-06, 'L_sep_weight_yyx': 2.966289395209315e-09, 'L_scale_weight_yyx': 2.439185417406112e-07, 'learning_rate_yyx': 0.006911938230162331}. Best is trial 1 with value: -1.4345258507361778.
[I 2026-03-18 19:38:40,330] Trial 2 finished with value: -1.4517343374399039 and parameters: {'n_layers_yyx': 2, 'hidden_size_yyx_l0': 5, 'hidden_size_yyx_l1': 6, 'context_size_yyx': 1, 'num_mix_components_yyx': 2, 'context_extractor_yyx': 'lstm', 'activation_func_yyx': 'Tanh', 'L2_weight_yyx': 3.748403204445236e-06, 'L_entropy_weight_yyx': 6.309257778081142e-08, 'L_sep_weight_yyx': 0.0001792612767295002, 'L_scale_weight_yyx': 1.9788021881175112e-05, 'learning_rate_yyx': 0.006663145436450633}. Best is trial 2 with value: -1.4517343374399039.
[I 2026-03-18 19:42:58,594] Trial 3 pruned. 
[I 2026-03-18 19:43:08,715] Trial 2 pruned. 
[I 2026-03-18 19:43:15,832] Trial 1 finished with value: -1.7457473909011996 and parameters: {'n_layers_yyx': 1, 'hidden_size_yyx_l0': 2, 'context_size_yyx': 2, 'num_mix_components_yyx': 3, 'context_extractor_yyx': 'gru', 'activation_func_yyx': 'ReLU', 'L2_weight_yyx': 0.00028904114581779087, 'L_entropy_weight_yyx': 2.7274225487504068e-08, 'L_sep_weight_yyx': 6.745659727575684e-08, 'L_scale_weight_yyx': 0.0004905171829259308, 'learning_rate_yyx': 0.0005324860246933445}. Best is trial 0 with value: -1.7772347005208333.
[I 2026-03-18 19:43:25,569] Trial 5 pruned. 
[I 2026-03-18 19:43:33,768] Trial 2 finished with value: -2.4564926161269796 and parameters: {'n_layers_yyx': 2, 'hidden_size_yyx_l0': 3, 'hidden_size_yyx_l1': 3, 'context_size_yyx': 2, 'num_mix_components_yyx': 3, 'context_extractor_yyx': 'lstm', 'activation_func_yyx': 'ReLU', 'L2_weight_yyx': 8.371298823239802e-08, 'L_entropy_weight_yyx': 3.3078198547873477e-07, 'L_sep_weight_yyx': 4.882345917422185e-10, 'L_scale_weight_yyx': 0.0004797412514140991, 'learning_rate_yyx': 0.0015401318845852453}. Best is trial 0 with value: -2.4805296636382916.
[I 2026-03-18 19:43:51,164] Trial 1 finished with value: -1.8963288822393307 and parameters: {'n_layers_yyx': 1, 'hidden_size_yyx_l0': 3, 'context_size_yyx': 2, 'num_mix_components_yyx': 4, 'context_extractor_yyx': 'lstm', 'activation_func_yyx': 'ReLU', 'L2_weight_yyx': 5.4314180939391774e-05, 'L_entropy_weight_yyx': 1.3872788579062032e-10, 'L_sep_weight_yyx': 3.837149581362725e-07, 'L_scale_weight_yyx': 1.4885353651367105e-09, 'learning_rate_yyx': 0.004609892776540566}. Best is trial 1 with value: -1.8963288822393307.
[I 2026-03-18 19:44:55,738] Trial 1 finished with value: -1.8872232450699569 and parameters: {'n_layers_yyx': 1, 'hidden_size_yyx_l0': 5, 'context_size_yyx': 2, 'num_mix_components_yyx': 2, 'context_extractor_yyx': 'gru', 'activation_func_yyx': 'Tanh', 'L2_weight_yyx': 3.892277050524103e-08, 'L_entropy_weight_yyx': 1.2346306779897222e-07, 'L_sep_weight_yyx': 5.2650310575826277e-08, 'L_scale_weight_yyx': 4.6206417292467487e-10, 'learning_rate_yyx': 0.0028653094891959783}. Best is trial 1 with value: -1.8872232450699569.
[I 2026-03-18 19:45:43,886] Trial 3 finished with value: -1.3983384804647476 and parameters: {'n_layers_yyx': 1, 'hidden_size_yyx_l0': 6, 'context_size_yyx': 2, 'num_mix_components_yyx': 3, 'context_extractor_yyx': 'lstm', 'activation_func_yyx': 'Tanh', 'L2_weight_yyx': 2.4303369078733444e-05, 'L_entropy_weight_yyx': 1.2934621153804e-10, 'L_sep_weight_yyx': 1.0225786310954472e-09, 'L_scale_weight_yyx': 0.0007352113263246418, 'learning_rate_yyx': 0.0010194276129040366}. Best is trial 0 with value: -1.5190498727266906.
[I 2026-03-18 19:46:04,917] Trial 3 pruned. 
[I 2026-03-18 19:47:14,618] Trial 4 pruned. 
[I 2026-03-18 19:47:28,374] Trial 3 pruned. 
[I 2026-03-18 19:47:45,271] Trial 6 pruned. 
[I 2026-03-18 19:48:01,035] Trial 3 pruned. 
[I 2026-03-18 19:48:27,010] Trial 1 finished with value: -1.3813042743389423 and parameters: {'n_layers_yyx': 1, 'hidden_size_yyx_l0': 3, 'context_size_yyx': 3, 'num_mix_components_yyx': 4, 'context_extractor_yyx': 'lstm', 'activation_func_yyx': 'ReLU', 'L2_weight_yyx': 1.2372507166391142e-10, 'L_entropy_weight_yyx': 4.241124702946578e-08, 'L_sep_weight_yyx': 7.24634478593396e-05, 'L_scale_weight_yyx': 7.70406647230353e-07, 'learning_rate_yyx': 0.0012504832029575327}. Best is trial 1 with value: -1.3813042743389423.
[I 2026-03-18 19:49:47,480] Trial 1 finished with value: -1.927048352414433 and parameters: {'n_layers_yyx': 2, 'hidden_size_yyx_l0': 6, 'hidden_size_yyx_l1': 6, 'context_size_yyx': 2, 'num_mix_components_yyx': 4, 'context_extractor_yyx': 'gru', 'activation_func_yyx': 'GELU', 'L2_weight_yyx': 3.6502346124040484e-05, 'L_entropy_weight_yyx': 1.156794144544751e-05, 'L_sep_weight_yyx': 2.911363413688999e-08, 'L_scale_weight_yyx': 4.538775445899841e-08, 'learning_rate_yyx': 0.0005939421765772352}. Best is trial 0 with value: -1.9368961358079142.
[I 2026-03-18 19:49:52,069] Trial 1 finished with value: -1.8555367853768732 and parameters: {'n_layers_yyx': 1, 'hidden_size_yyx_l0': 6, 'context_size_yyx': 1, 'num_mix_components_yyx': 1, 'context_extractor_yyx': 'lstm', 'activation_func_yyx': 'ReLU', 'L2_weight_yyx': 0.00010933100107313904, 'L_entropy_weight_yyx': 7.218350912495066e-06, 'L_sep_weight_yyx': 2.1799437555669294e-09, 'L_scale_weight_yyx': 1.0012532128203467e-07, 'learning_rate_yyx': 0.002553716995740031}. Best is trial 1 with value: -1.8555367853768732.
[I 2026-03-18 19:49:55,906] Trial 4 pruned. 
[I 2026-03-18 19:50:40,580] Trial 1 finished with value: -1.7830976759785353 and parameters: {'n_layers_yyx': 1, 'hidden_size_yyx_l0': 6, 'context_size_yyx': 1, 'num_mix_components_yyx': 1, 'context_extractor_yyx': 'lstm', 'activation_func_yyx': 'Tanh', 'L2_weight_yyx': 3.6231652909694794e-05, 'L_entropy_weight_yyx': 1.1173838960267358e-05, 'L_sep_weight_yyx': 3.8560594815339024e-07, 'L_scale_weight_yyx': 8.750363560274514e-08, 'learning_rate_yyx': 0.003938073714090967}. Best is trial 0 with value: -1.7873705314867425.
[I 2026-03-18 19:50:40,649] Trial 5 finished with value: -2.4735891998725372 and parameters: {'n_layers_yyx': 2, 'hidden_size_yyx_l0': 5, 'hidden_size_yyx_l1': 2, 'context_size_yyx': 4, 'num_mix_components_yyx': 4, 'context_extractor_yyx': 'gru', 'activation_func_yyx': 'ReLU', 'L2_weight_yyx': 2.698931406577997e-07, 'L_entropy_weight_yyx': 2.3276248419517938e-07, 'L_sep_weight_yyx': 2.8086566069780512e-05, 'L_scale_weight_yyx': 8.270328951420278e-08, 'learning_rate_yyx': 0.008720079277359393}. Best is trial 5 with value: -2.4735891998725372.
[I 2026-03-18 19:50:59,108] Trial 5 pruned. 
[I 2026-03-18 19:51:06,589] Trial 4 pruned. 
[I 2026-03-18 19:51:17,032] Trial 7 pruned. 
[I 2026-03-18 19:51:30,329] Trial 1 finished with value: -1.8536945853230034 and parameters: {'n_layers_yyx': 2, 'hidden_size_yyx_l0': 4, 'hidden_size_yyx_l1': 3, 'context_size_yyx': 2, 'num_mix_components_yyx': 4, 'context_extractor_yyx': 'lstm', 'activation_func_yyx': 'ReLU', 'L2_weight_yyx': 7.494383195425363e-08, 'L_entropy_weight_yyx': 2.943297582772636e-05, 'L_sep_weight_yyx': 2.5234597120245957e-09, 'L_scale_weight_yyx': 0.00027720234244143344, 'learning_rate_yyx': 0.0027386445826500976}. Best is trial 0 with value: -1.8605448616434945.
[I 2026-03-18 19:52:01,516] Trial 2 pruned. 
[I 2026-03-18 19:52:21,773] Trial 1 finished with value: -1.3744548856295071 and parameters: {'n_layers_yyx': 2, 'hidden_size_yyx_l0': 2, 'hidden_size_yyx_l1': 2, 'context_size_yyx': 2, 'num_mix_components_yyx': 3, 'context_extractor_yyx': 'lstm', 'activation_func_yyx': 'GELU', 'L2_weight_yyx': 8.628630886928588e-05, 'L_entropy_weight_yyx': 8.984428292312619e-09, 'L_sep_weight_yyx': 0.0001690366103396198, 'L_scale_weight_yyx': 6.621630934434746e-05, 'learning_rate_yyx': 0.0010143839779658914}. Best is trial 1 with value: -1.3744548856295071.
[I 2026-03-18 19:52:21,790] Trial 2 pruned. 
[I 2026-03-18 19:52:53,479] Trial 2 finished with value: -1.9070392725879137 and parameters: {'n_layers_yyx': 2, 'hidden_size_yyx_l0': 5, 'hidden_size_yyx_l1': 3, 'context_size_yyx': 1, 'num_mix_components_yyx': 1, 'context_extractor_yyx': 'lstm', 'activation_func_yyx': 'Tanh', 'L2_weight_yyx': 2.0878354889917483e-10, 'L_entropy_weight_yyx': 1.516115284256329e-10, 'L_sep_weight_yyx': 0.0001088025559183133, 'L_scale_weight_yyx': 7.073531970609259e-08, 'learning_rate_yyx': 0.009106867552203248}. Best is trial 1 with value: -1.9300911785393273.
[I 2026-03-18 19:53:16,902] Trial 4 pruned. 
[I 2026-03-18 19:53:47,748] Trial 2 finished with value: -1.4588211763822116 and parameters: {'n_layers_yyx': 2, 'hidden_size_yyx_l0': 3, 'hidden_size_yyx_l1': 4, 'context_size_yyx': 1, 'num_mix_components_yyx': 4, 'context_extractor_yyx': 'lstm', 'activation_func_yyx': 'Tanh', 'L2_weight_yyx': 5.128454180970618e-08, 'L_entropy_weight_yyx': 2.2648406953992304e-07, 'L_sep_weight_yyx': 2.01603545293508e-06, 'L_scale_weight_yyx': 8.257582951543775e-10, 'learning_rate_yyx': 0.0010136514991545412}. Best is trial 2 with value: -1.4588211763822116.
[I 2026-03-18 19:53:54,239] Trial 5 pruned. 
[I 2026-03-18 19:54:02,165] Trial 2 finished with value: -2.446029644234627 and parameters: {'n_layers_yyx': 1, 'hidden_size_yyx_l0': 5, 'context_size_yyx': 2, 'num_mix_components_yyx': 5, 'context_extractor_yyx': 'gru', 'activation_func_yyx': 'GELU', 'L2_weight_yyx': 7.86923417456247e-05, 'L_entropy_weight_yyx': 9.240854256655807e-08, 'L_sep_weight_yyx': 9.544415620330648e-09, 'L_scale_weight_yyx': 3.2510951951996365e-06, 'learning_rate_yyx': 0.0012190777065611289}. Best is trial 1 with value: -2.4633966237885176.
[I 2026-03-18 19:54:10,360] Trial 6 pruned. 
[I 2026-03-18 19:54:13,209] Trial 6 pruned. 
[I 2026-03-18 19:54:47,216] Trial 3 pruned. 
[I 2026-03-18 19:54:54,222] Trial 7 pruned. 
[I 2026-03-18 19:55:02,724] Trial 7 pruned. 
[I 2026-03-18 19:55:16,939] Trial 3 finished with value: -1.8520508658448112 and parameters: {'n_layers_yyx': 1, 'hidden_size_yyx_l0': 4, 'context_size_yyx': 4, 'num_mix_components_yyx': 5, 'context_extractor_yyx': 'lstm', 'activation_func_yyx': 'GELU', 'L2_weight_yyx': 0.0005496984528121972, 'L_entropy_weight_yyx': 3.4658065971999016e-07, 'L_sep_weight_yyx': 3.0554959367102976e-06, 'L_scale_weight_yyx': 4.763770154355578e-08, 'learning_rate_yyx': 0.0007303875546714639}. Best is trial 0 with value: -1.8528113520484126.
[I 2026-03-18 19:55:29,004] Trial 3 finished with value: -1.8039611117233905 and parameters: {'n_layers_yyx': 1, 'hidden_size_yyx_l0': 6, 'context_size_yyx': 3, 'num_mix_components_yyx': 5, 'context_extractor_yyx': 'gru', 'activation_func_yyx': 'GELU', 'L2_weight_yyx': 0.0004206081447362553, 'L_entropy_weight_yyx': 0.00025471622264197906, 'L_sep_weight_yyx': 0.00019705104508650347, 'L_scale_weight_yyx': 7.006850422094301e-06, 'learning_rate_yyx': 0.0010532678628505435}. Best is trial 3 with value: -1.8039611117233905.
[I 2026-03-18 19:56:01,914] Trial 4 pruned. 
[I 2026-03-18 19:56:07,423] Trial 5 finished with value: -1.430186098580683 and parameters: {'n_layers_yyx': 1, 'hidden_size_yyx_l0': 4, 'context_size_yyx': 1, 'num_mix_components_yyx': 1, 'context_extractor_yyx': 'gru', 'activation_func_yyx': 'Tanh', 'L2_weight_yyx': 3.901612428181401e-09, 'L_entropy_weight_yyx': 5.152684747988458e-07, 'L_sep_weight_yyx': 1.099703763596545e-06, 'L_scale_weight_yyx': 3.7992901664900145e-05, 'learning_rate_yyx': 0.0013604253429865024}. Best is trial 0 with value: -1.5474254567427992.
[I 2026-03-18 19:56:26,278] Trial 3 finished with value: -1.2805735426682692 and parameters: {'n_layers_yyx': 2, 'hidden_size_yyx_l0': 6, 'hidden_size_yyx_l1': 2, 'context_size_yyx': 4, 'num_mix_components_yyx': 2, 'context_extractor_yyx': 'gru', 'activation_func_yyx': 'ReLU', 'L2_weight_yyx': 2.7400149324665434e-05, 'L_entropy_weight_yyx': 1.5063173847841794e-08, 'L_sep_weight_yyx': 3.3820171800890057e-10, 'L_scale_weight_yyx': 5.3569046457824e-06, 'learning_rate_yyx': 0.003373610630416999}. Best is trial 2 with value: -1.4047006695087139.
[I 2026-03-18 19:56:48,718] Trial 6 pruned. 
[I 2026-03-18 19:56:48,719] Trial 4 pruned. 
[I 2026-03-18 19:57:15,608] Trial 3 finished with value: -1.286060532789964 and parameters: {'n_layers_yyx': 2, 'hidden_size_yyx_l0': 4, 'hidden_size_yyx_l1': 2, 'context_size_yyx': 1, 'num_mix_components_yyx': 1, 'context_extractor_yyx': 'gru', 'activation_func_yyx': 'Tanh', 'L2_weight_yyx': 4.858440786012111e-09, 'L_entropy_weight_yyx': 1.3980948094819715e-10, 'L_sep_weight_yyx': 9.321942537029049e-08, 'L_scale_weight_yyx': 6.341453271722147e-08, 'learning_rate_yyx': 0.0022543653189200765}. Best is trial 1 with value: -1.4389243727463943.
[I 2026-03-18 19:57:33,186] Trial 1 finished with value: -1.8501018013957466 and parameters: {'n_layers_yyx': 1, 'hidden_size_yyx_l0': 4, 'context_size_yyx': 1, 'num_mix_components_yyx': 1, 'context_extractor_yyx': 'gru', 'activation_func_yyx': 'GELU', 'L2_weight_yyx': 1.6485728244905388e-08, 'L_entropy_weight_yyx': 0.0005884133645173629, 'L_sep_weight_yyx': 0.00039233423189344676, 'L_scale_weight_yyx': 3.4459691122363322e-06, 'learning_rate_yyx': 0.0030919705992266265}. Best is trial 1 with value: -1.8501018013957466.
[I 2026-03-18 19:57:43,110] Trial 2 finished with value: -1.8732809527166958 and parameters: {'n_layers_yyx': 2, 'hidden_size_yyx_l0': 4, 'hidden_size_yyx_l1': 2, 'context_size_yyx': 2, 'num_mix_components_yyx': 5, 'context_extractor_yyx': 'lstm', 'activation_func_yyx': 'ReLU', 'L2_weight_yyx': 1.1827926927443489e-08, 'L_entropy_weight_yyx': 2.2305992981964844e-09, 'L_sep_weight_yyx': 0.00011586300132874964, 'L_scale_weight_yyx': 1.217405189604956e-07, 'learning_rate_yyx': 0.006959419779170393}. Best is trial 1 with value: -1.8963288822393307.
[I 2026-03-18 19:57:46,461] Trial 1 finished with value: -1.7612767568260732 and parameters: {'n_layers_yyx': 1, 'hidden_size_yyx_l0': 2, 'context_size_yyx': 3, 'num_mix_components_yyx': 1, 'context_extractor_yyx': 'gru', 'activation_func_yyx': 'Tanh', 'L2_weight_yyx': 3.1430221448594734e-05, 'L_entropy_weight_yyx': 3.6280762896103313e-10, 'L_sep_weight_yyx': 1.1138273238049305e-10, 'L_scale_weight_yyx': 2.0801636609781834e-05, 'learning_rate_yyx': 0.003272674694927672}. Best is trial 0 with value: -1.783729309698548.
[I 2026-03-18 19:57:48,430] Trial 4 finished with value: -1.8198218883552804 and parameters: {'n_layers_yyx': 2, 'hidden_size_yyx_l0': 2, 'hidden_size_yyx_l1': 6, 'context_size_yyx': 2, 'num_mix_components_yyx': 1, 'context_extractor_yyx': 'gru', 'activation_func_yyx': 'ReLU', 'L2_weight_yyx': 1.3449732489269544e-09, 'L_entropy_weight_yyx': 2.1274706530797165e-06, 'L_sep_weight_yyx': 2.1082771649253525e-06, 'L_scale_weight_yyx': 1.515188871845756e-06, 'learning_rate_yyx': 0.0012810294249545008}. Best is trial 0 with value: -1.8516305051550026.
[I 2026-03-18 19:58:07,276] Trial 7 pruned. 
[I 2026-03-18 19:58:48,998] Trial 8 pruned. 
[I 2026-03-18 19:58:51,043] Trial 2 finished with value: -2.4850003350561587 and parameters: {'n_layers_yyx': 2, 'hidden_size_yyx_l0': 5, 'hidden_size_yyx_l1': 2, 'context_size_yyx': 1, 'num_mix_components_yyx': 5, 'context_extractor_yyx': 'gru', 'activation_func_yyx': 'ReLU', 'L2_weight_yyx': 0.00018349725809427883, 'L_entropy_weight_yyx': 8.507365319225199e-10, 'L_sep_weight_yyx': 9.724062786161133e-09, 'L_scale_weight_yyx': 1.6760265050250137e-07, 'learning_rate_yyx': 0.0024791795339670114}. Best is trial 0 with value: -2.488813529023287.
[I 2026-03-18 19:59:03,903] Trial 2 finished with value: -1.9337386046757195 and parameters: {'n_layers_yyx': 2, 'hidden_size_yyx_l0': 6, 'hidden_size_yyx_l1': 4, 'context_size_yyx': 3, 'num_mix_components_yyx': 2, 'context_extractor_yyx': 'lstm', 'activation_func_yyx': 'GELU', 'L2_weight_yyx': 1.122656331073701e-09, 'L_entropy_weight_yyx': 5.659141581156568e-08, 'L_sep_weight_yyx': 2.595785465015544e-09, 'L_scale_weight_yyx': 2.2666255101845122e-08, 'learning_rate_yyx': 0.0030735872378849396}. Best is trial 0 with value: -1.9368961358079142.
[I 2026-03-18 19:59:19,222] Trial 4 finished with value: -2.474992576357466 and parameters: {'n_layers_yyx': 2, 'hidden_size_yyx_l0': 4, 'hidden_size_yyx_l1': 3, 'context_size_yyx': 1, 'num_mix_components_yyx': 4, 'context_extractor_yyx': 'gru', 'activation_func_yyx': 'GELU', 'L2_weight_yyx': 1.3079106923359115e-05, 'L_entropy_weight_yyx': 3.710759023795446e-07, 'L_sep_weight_yyx': 2.0323106065241958e-09, 'L_scale_weight_yyx': 9.2795092466984e-05, 'learning_rate_yyx': 0.004354095001666351}. Best is trial 0 with value: -2.4805296636382916.
[I 2026-03-18 19:59:30,364] Trial 9 pruned. 
[I 2026-03-18 19:59:39,692] Trial 3 pruned. 
[I 2026-03-18 19:59:52,313] Trial 3 finished with value: -1.4510111647385817 and parameters: {'n_layers_yyx': 2, 'hidden_size_yyx_l0': 6, 'hidden_size_yyx_l1': 4, 'context_size_yyx': 2, 'num_mix_components_yyx': 3, 'context_extractor_yyx': 'lstm', 'activation_func_yyx': 'Tanh', 'L2_weight_yyx': 2.5842006196903018e-05, 'L_entropy_weight_yyx': 1.577069571516597e-05, 'L_sep_weight_yyx': 4.756077823824709e-10, 'L_scale_weight_yyx': 3.244840166355398e-09, 'learning_rate_yyx': 0.00451858564483598}. Best is trial 3 with value: -1.4510111647385817.
[I 2026-03-18 19:59:55,695] Trial 3 finished with value: -1.4403052696814904 and parameters: {'n_layers_yyx': 2, 'hidden_size_yyx_l0': 5, 'hidden_size_yyx_l1': 5, 'context_size_yyx': 1, 'num_mix_components_yyx': 3, 'context_extractor_yyx': 'gru', 'activation_func_yyx': 'Tanh', 'L2_weight_yyx': 6.498924806726437e-09, 'L_entropy_weight_yyx': 4.014306098636578e-05, 'L_sep_weight_yyx': 4.644769124560351e-05, 'L_scale_weight_yyx': 1.1008154577651126e-07, 'learning_rate_yyx': 0.0073353413390082126}. Best is trial 2 with value: -1.4588211763822116.
[I 2026-03-18 20:00:32,238] Trial 4 pruned. 
[I 2026-03-18 20:00:37,115] Trial 4 pruned. 
[I 2026-03-18 20:01:13,888] Trial 5 pruned. 
[I 2026-03-18 20:01:20,695] Trial 5 pruned. 
[I 2026-03-18 20:01:38,184] Trial 3 pruned. 
[I 2026-03-18 20:01:38,807] Trial 8 finished with value: -2.441460319362192 and parameters: {'n_layers_yyx': 2, 'hidden_size_yyx_l0': 2, 'hidden_size_yyx_l1': 6, 'context_size_yyx': 1, 'num_mix_components_yyx': 1, 'context_extractor_yyx': 'lstm', 'activation_func_yyx': 'Tanh', 'L2_weight_yyx': 4.8242786625503914e-06, 'L_entropy_weight_yyx': 9.208223471494903e-05, 'L_sep_weight_yyx': 1.7774129281671184e-10, 'L_scale_weight_yyx': 1.1983864604072147e-05, 'learning_rate_yyx': 0.0020471158005376413}. Best is trial 5 with value: -2.4735891998725372.
[I 2026-03-18 20:02:44,477] Trial 2 finished with value: -1.7867607224589646 and parameters: {'n_layers_yyx': 2, 'hidden_size_yyx_l0': 6, 'hidden_size_yyx_l1': 6, 'context_size_yyx': 4, 'num_mix_components_yyx': 3, 'context_extractor_yyx': 'gru', 'activation_func_yyx': 'GELU', 'L2_weight_yyx': 7.586351470996414e-08, 'L_entropy_weight_yyx': 1.1709328316503165e-09, 'L_sep_weight_yyx': 3.861069746053093e-09, 'L_scale_weight_yyx': 0.0004929937333711399, 'learning_rate_yyx': 0.0024858211755571925}. Best is trial 0 with value: -1.7873705314867425.
[I 2026-03-18 20:02:59,542] Trial 9 pruned. 
[I 2026-03-18 20:03:29,907] Trial 6 pruned. 
[I 2026-03-18 20:03:30,758] Trial 2 finished with value: -1.848153517757683 and parameters: {'n_layers_yyx': 1, 'hidden_size_yyx_l0': 3, 'context_size_yyx': 2, 'num_mix_components_yyx': 1, 'context_extractor_yyx': 'lstm', 'activation_func_yyx': 'GELU', 'L2_weight_yyx': 5.999823067774477e-06, 'L_entropy_weight_yyx': 1.5275298020004706e-06, 'L_sep_weight_yyx': 1.4394148505502139e-10, 'L_scale_weight_yyx': 0.0003793928007283922, 'learning_rate_yyx': 0.0007450146616367909}. Best is trial 0 with value: -1.867639598732223.
[I 2026-03-18 20:03:39,589] Trial 4 finished with value: -1.3416039100060095 and parameters: {'n_layers_yyx': 1, 'hidden_size_yyx_l0': 3, 'context_size_yyx': 2, 'num_mix_components_yyx': 1, 'context_extractor_yyx': 'lstm', 'activation_func_yyx': 'Tanh', 'L2_weight_yyx': 2.487629857454331e-06, 'L_entropy_weight_yyx': 3.493674728266475e-08, 'L_sep_weight_yyx': 0.00026431369053843943, 'L_scale_weight_yyx': 1.4447895118739356e-07, 'learning_rate_yyx': 0.008333365427898764}. Best is trial 0 with value: -1.342767052283654.
[I 2026-03-18 20:04:48,343] Trial 7 pruned. 
[I 2026-03-18 20:04:48,344] Trial 5 pruned. 
[I 2026-03-18 20:04:59,720] Trial 2 finished with value: -1.8331531040881628 and parameters: {'n_layers_yyx': 2, 'hidden_size_yyx_l0': 3, 'hidden_size_yyx_l1': 5, 'context_size_yyx': 2, 'num_mix_components_yyx': 4, 'context_extractor_yyx': 'gru', 'activation_func_yyx': 'ReLU', 'L2_weight_yyx': 4.2316417913372664e-06, 'L_entropy_weight_yyx': 5.349901544016566e-07, 'L_sep_weight_yyx': 3.2230243672301955e-10, 'L_scale_weight_yyx': 2.7844004181815125e-08, 'learning_rate_yyx': 0.0018066723045048756}. Best is trial 1 with value: -1.8555367853768732.
[I 2026-03-18 20:05:03,884] Trial 2 finished with value: -1.27556640625 and parameters: {'n_layers_yyx': 2, 'hidden_size_yyx_l0': 4, 'hidden_size_yyx_l1': 2, 'context_size_yyx': 3, 'num_mix_components_yyx': 1, 'context_extractor_yyx': 'lstm', 'activation_func_yyx': 'ReLU', 'L2_weight_yyx': 7.633469907715866e-06, 'L_entropy_weight_yyx': 5.463426107554262e-08, 'L_sep_weight_yyx': 2.132841793361498e-09, 'L_scale_weight_yyx': 1.3713997686039753e-05, 'learning_rate_yyx': 0.0028610046048919645}. Best is trial 1 with value: -1.3744548856295071.
[I 2026-03-18 20:05:55,728] Trial 3 finished with value: -1.816115164181368 and parameters: {'n_layers_yyx': 1, 'hidden_size_yyx_l0': 2, 'context_size_yyx': 2, 'num_mix_components_yyx': 5, 'context_extractor_yyx': 'lstm', 'activation_func_yyx': 'Tanh', 'L2_weight_yyx': 5.449988005808488e-10, 'L_entropy_weight_yyx': 1.1581429062964355e-08, 'L_sep_weight_yyx': 6.404181028751023e-10, 'L_scale_weight_yyx': 0.0003574192090961668, 'learning_rate_yyx': 0.0009939153491771231}. Best is trial 1 with value: -1.84511113308576.
[I 2026-03-18 20:06:06,458] Trial 2 finished with value: -1.8471102750887907 and parameters: {'n_layers_yyx': 2, 'hidden_size_yyx_l0': 5, 'hidden_size_yyx_l1': 6, 'context_size_yyx': 2, 'num_mix_components_yyx': 5, 'context_extractor_yyx': 'gru', 'activation_func_yyx': 'Tanh', 'L2_weight_yyx': 8.28567713680158e-09, 'L_entropy_weight_yyx': 1.0634690690050587e-09, 'L_sep_weight_yyx': 1.0553632874880086e-10, 'L_scale_weight_yyx': 6.802992126133714e-05, 'learning_rate_yyx': 0.005510786677254326}. Best is trial 1 with value: -1.8501018013957466.
[I 2026-03-18 20:06:59,965] Trial 8 pruned. 
[I 2026-03-18 20:07:06,350] Trial 6 pruned. 
[I 2026-03-18 20:07:08,159] Trial 2 finished with value: -1.8520986407644122 and parameters: {'n_layers_yyx': 1, 'hidden_size_yyx_l0': 5, 'context_size_yyx': 2, 'num_mix_components_yyx': 4, 'context_extractor_yyx': 'gru', 'activation_func_yyx': 'ReLU', 'L2_weight_yyx': 1.595081617413203e-10, 'L_entropy_weight_yyx': 0.0002051823289915417, 'L_sep_weight_yyx': 7.718365774279292e-07, 'L_scale_weight_yyx': 0.0008390001910365723, 'learning_rate_yyx': 0.0035871561382210585}. Best is trial 0 with value: -1.8605448616434945.
[I 2026-03-18 20:07:26,446] Trial 3 pruned. 
[I 2026-03-18 20:07:44,117] Trial 3 finished with value: -1.91396588532089 and parameters: {'n_layers_yyx': 2, 'hidden_size_yyx_l0': 3, 'hidden_size_yyx_l1': 5, 'context_size_yyx': 1, 'num_mix_components_yyx': 3, 'context_extractor_yyx': 'lstm', 'activation_func_yyx': 'GELU', 'L2_weight_yyx': 8.423662455639668e-06, 'L_entropy_weight_yyx': 2.3250108174543954e-05, 'L_sep_weight_yyx': 3.652111159722789e-08, 'L_scale_weight_yyx': 5.7807458000907427e-05, 'learning_rate_yyx': 0.005323261402193024}. Best is trial 0 with value: -1.9368961358079142.
[I 2026-03-18 20:08:27,730] Trial 9 pruned. 
[I 2026-03-18 20:08:35,394] Trial 5 pruned. 
[I 2026-03-18 20:08:48,969] Trial 10 finished with value: -2.472539193557742 and parameters: {'n_layers_yyx': 1, 'hidden_size_yyx_l0': 6, 'context_size_yyx': 3, 'num_mix_components_yyx': 5, 'context_extractor_yyx': 'gru', 'activation_func_yyx': 'ReLU', 'L2_weight_yyx': 1.203488743521635e-07, 'L_entropy_weight_yyx': 7.809068976493586e-09, 'L_sep_weight_yyx': 1.1928555911977857e-05, 'L_scale_weight_yyx': 0.0004914141159933781, 'learning_rate_yyx': 0.008954585927112877}. Best is trial 5 with value: -2.4735891998725372.
[I 2026-03-18 20:08:50,601] Trial 4 pruned. 
[I 2026-03-18 20:08:57,255] Trial 6 finished with value: -1.499344835125032 and parameters: {'n_layers_yyx': 2, 'hidden_size_yyx_l0': 5, 'hidden_size_yyx_l1': 2, 'context_size_yyx': 2, 'num_mix_components_yyx': 2, 'context_extractor_yyx': 'lstm', 'activation_func_yyx': 'Tanh', 'L2_weight_yyx': 0.0004809099247036992, 'L_entropy_weight_yyx': 7.492999071659962e-05, 'L_sep_weight_yyx': 3.8241385191682807e-08, 'L_scale_weight_yyx': 1.3048698512824662e-06, 'learning_rate_yyx': 0.006861784607541045}. Best is trial 0 with value: -1.5190498727266906.
[I 2026-03-18 20:08:59,538] Trial 4 pruned. 
[I 2026-03-18 20:09:32,169] Trial 3 finished with value: -1.884195547524421 and parameters: {'n_layers_yyx': 2, 'hidden_size_yyx_l0': 6, 'hidden_size_yyx_l1': 5, 'context_size_yyx': 2, 'num_mix_components_yyx': 3, 'context_extractor_yyx': 'gru', 'activation_func_yyx': 'Tanh', 'L2_weight_yyx': 1.5514793172035885e-06, 'L_entropy_weight_yyx': 4.192262173461049e-09, 'L_sep_weight_yyx': 1.3076886599939138e-08, 'L_scale_weight_yyx': 4.32334888052951e-05, 'learning_rate_yyx': 0.0008737263061434847}. Best is trial 1 with value: -1.8872232450699569.
[I 2026-03-18 20:09:42,446] Trial 10 pruned. 
[I 2026-03-18 20:09:44,817] Trial 6 pruned. 
[I 2026-03-18 20:09:45,327] Trial 3 finished with value: -1.894522064033596 and parameters: {'n_layers_yyx': 1, 'hidden_size_yyx_l0': 6, 'context_size_yyx': 1, 'num_mix_components_yyx': 2, 'context_extractor_yyx': 'lstm', 'activation_func_yyx': 'ReLU', 'L2_weight_yyx': 1.1642170597235294e-07, 'L_entropy_weight_yyx': 3.2448140192621675e-09, 'L_sep_weight_yyx': 5.828539687194277e-07, 'L_scale_weight_yyx': 3.3493097744608614e-08, 'learning_rate_yyx': 0.004857742563504299}. Best is trial 1 with value: -1.8963288822393307.
[I 2026-03-18 20:09:45,399] Trial 8 finished with value: -1.44368484784972 and parameters: {'n_layers_yyx': 2, 'hidden_size_yyx_l0': 4, 'hidden_size_yyx_l1': 6, 'context_size_yyx': 4, 'num_mix_components_yyx': 4, 'context_extractor_yyx': 'lstm', 'activation_func_yyx': 'GELU', 'L2_weight_yyx': 0.00037095984258173824, 'L_entropy_weight_yyx': 9.099853135407589e-06, 'L_sep_weight_yyx': 1.5739408326830096e-06, 'L_scale_weight_yyx': 6.683818049169422e-05, 'learning_rate_yyx': 0.0007802923382339283}. Best is trial 0 with value: -1.4467010977883008.
[I 2026-03-18 20:10:12,965] Trial 5 pruned. 
[I 2026-03-18 20:10:16,365] Trial 2 pruned. 
[I 2026-03-18 20:10:20,253] Trial 7 pruned. 
[I 2026-03-18 20:10:28,489] Trial 5 finished with value: -1.846272270946774 and parameters: {'n_layers_yyx': 1, 'hidden_size_yyx_l0': 3, 'context_size_yyx': 3, 'num_mix_components_yyx': 5, 'context_extractor_yyx': 'gru', 'activation_func_yyx': 'ReLU', 'L2_weight_yyx': 1.5170039848581919e-05, 'L_entropy_weight_yyx': 8.353720295371116e-07, 'L_sep_weight_yyx': 1.4933609846049407e-06, 'L_scale_weight_yyx': 4.9698027485662095e-08, 'learning_rate_yyx': 0.0038193843542618836}. Best is trial 0 with value: -1.8516305051550026.
[I 2026-03-18 20:10:58,455] Trial 4 pruned. 
[I 2026-03-18 20:11:05,132] Trial 4 finished with value: -1.4390553870567908 and parameters: {'n_layers_yyx': 1, 'hidden_size_yyx_l0': 6, 'context_size_yyx': 1, 'num_mix_components_yyx': 4, 'context_extractor_yyx': 'lstm', 'activation_func_yyx': 'GELU', 'L2_weight_yyx': 1.095443188176722e-08, 'L_entropy_weight_yyx': 7.399336321786904e-09, 'L_sep_weight_yyx': 5.3376787218982896e-08, 'L_scale_weight_yyx': 1.0031906743243826e-05, 'learning_rate_yyx': 0.004438301340094735}. Best is trial 4 with value: -1.4390553870567908.
[I 2026-03-18 20:11:12,075] Trial 7 pruned. 
[I 2026-03-18 20:11:13,527] Trial 9 pruned. 
[I 2026-03-18 20:11:25,528] Trial 2 finished with value: -1.7659420868844697 and parameters: {'n_layers_yyx': 2, 'hidden_size_yyx_l0': 5, 'hidden_size_yyx_l1': 2, 'context_size_yyx': 1, 'num_mix_components_yyx': 1, 'context_extractor_yyx': 'lstm', 'activation_func_yyx': 'Tanh', 'L2_weight_yyx': 1.4534667242036075e-05, 'L_entropy_weight_yyx': 0.0002532727825434566, 'L_sep_weight_yyx': 1.7272281277754597e-10, 'L_scale_weight_yyx': 1.4057210921227872e-08, 'learning_rate_yyx': 0.000985291945227459}. Best is trial 0 with value: -1.7772347005208333.
[I 2026-03-18 20:11:29,633] Trial 3 pruned. 
[I 2026-03-18 20:12:24,244] Trial 8 pruned. 
[I 2026-03-18 20:12:29,225] Trial 4 finished with value: -2.444135434965005 and parameters: {'n_layers_yyx': 1, 'hidden_size_yyx_l0': 3, 'context_size_yyx': 3, 'num_mix_components_yyx': 3, 'context_extractor_yyx': 'lstm', 'activation_func_yyx': 'GELU', 'L2_weight_yyx': 3.202267599220937e-09, 'L_entropy_weight_yyx': 2.273484244044398e-05, 'L_sep_weight_yyx': 3.796656141843916e-05, 'L_scale_weight_yyx': 1.0311348389048146e-08, 'learning_rate_yyx': 0.0011632370814129397}. Best is trial 1 with value: -2.4633966237885176.
[I 2026-03-18 20:12:44,669] Trial 5 finished with value: -2.4528247401725114 and parameters: {'n_layers_yyx': 1, 'hidden_size_yyx_l0': 5, 'context_size_yyx': 3, 'num_mix_components_yyx': 4, 'context_extractor_yyx': 'gru', 'activation_func_yyx': 'GELU', 'L2_weight_yyx': 3.396762602255725e-07, 'L_entropy_weight_yyx': 7.225485664486228e-05, 'L_sep_weight_yyx': 0.0007691194451270155, 'L_scale_weight_yyx': 3.979811533680482e-08, 'learning_rate_yyx': 0.0013341329224253336}. Best is trial 0 with value: -2.4805296636382916.
[I 2026-03-18 20:12:51,811] Trial 6 pruned. 
[I 2026-03-18 20:13:01,600] Trial 5 finished with value: -1.4022024301382212 and parameters: {'n_layers_yyx': 2, 'hidden_size_yyx_l0': 5, 'hidden_size_yyx_l1': 6, 'context_size_yyx': 2, 'num_mix_components_yyx': 3, 'context_extractor_yyx': 'gru', 'activation_func_yyx': 'Tanh', 'L2_weight_yyx': 5.127595904822669e-10, 'L_entropy_weight_yyx': 3.137937098777025e-07, 'L_sep_weight_yyx': 1.8297412101152001e-09, 'L_scale_weight_yyx': 3.381360277893867e-10, 'learning_rate_yyx': 0.0012380616833701928}. Best is trial 1 with value: -1.4345258507361778.
[I 2026-03-18 20:13:04,669] Trial 3 finished with value: -1.40271482027494 and parameters: {'n_layers_yyx': 2, 'hidden_size_yyx_l0': 2, 'hidden_size_yyx_l1': 5, 'context_size_yyx': 1, 'num_mix_components_yyx': 2, 'context_extractor_yyx': 'gru', 'activation_func_yyx': 'ReLU', 'L2_weight_yyx': 0.0007498580363948868, 'L_entropy_weight_yyx': 5.645553239815003e-06, 'L_sep_weight_yyx': 1.5679381917928336e-09, 'L_scale_weight_yyx': 0.0009288310030430562, 'learning_rate_yyx': 0.001377634885471125}. Best is trial 3 with value: -1.40271482027494.
[I 2026-03-18 20:13:27,296] Trial 10 pruned. 
[I 2026-03-18 20:14:10,858] Trial 4 finished with value: -2.49523174750643 and parameters: {'n_layers_yyx': 1, 'hidden_size_yyx_l0': 4, 'context_size_yyx': 1, 'num_mix_components_yyx': 5, 'context_extractor_yyx': 'gru', 'activation_func_yyx': 'GELU', 'L2_weight_yyx': 9.610755044749778e-09, 'L_entropy_weight_yyx': 0.0001249702886685597, 'L_sep_weight_yyx': 2.1984074085574415e-07, 'L_scale_weight_yyx': 2.286482190887181e-08, 'learning_rate_yyx': 0.008880145441692652}. Best is trial 4 with value: -2.49523174750643.
[I 2026-03-18 20:14:14,269] Trial 7 pruned. 
[I 2026-03-18 20:14:27,314] Trial 4 pruned. 
[I 2026-03-18 20:14:28,292] Trial 4 finished with value: -1.4257766958383413 and parameters: {'n_layers_yyx': 2, 'hidden_size_yyx_l0': 6, 'hidden_size_yyx_l1': 6, 'context_size_yyx': 1, 'num_mix_components_yyx': 2, 'context_extractor_yyx': 'gru', 'activation_func_yyx': 'GELU', 'L2_weight_yyx': 0.00023758643252029405, 'L_entropy_weight_yyx': 2.6125463027100404e-05, 'L_sep_weight_yyx': 2.7820259604166383e-08, 'L_scale_weight_yyx': 0.000514158693622417, 'learning_rate_yyx': 0.0032087373571948086}. Best is trial 1 with value: -1.4389243727463943.
[I 2026-03-18 20:14:43,072] Trial 11 finished with value: -2.472736010755057 and parameters: {'n_layers_yyx': 1, 'hidden_size_yyx_l0': 6, 'context_size_yyx': 3, 'num_mix_components_yyx': 5, 'context_extractor_yyx': 'gru', 'activation_func_yyx': 'ReLU', 'L2_weight_yyx': 6.454182247144926e-08, 'L_entropy_weight_yyx': 1.6433397760724687e-08, 'L_sep_weight_yyx': 1.6426079828971475e-05, 'L_scale_weight_yyx': 0.0009725429183758775, 'learning_rate_yyx': 0.009958080241602158}. Best is trial 5 with value: -2.4735891998725372.
[I 2026-03-18 20:14:48,973] Trial 3 finished with value: -1.8336437539928752 and parameters: {'n_layers_yyx': 1, 'hidden_size_yyx_l0': 6, 'context_size_yyx': 2, 'num_mix_components_yyx': 1, 'context_extractor_yyx': 'lstm', 'activation_func_yyx': 'GELU', 'L2_weight_yyx': 0.000369861705083536, 'L_entropy_weight_yyx': 1.0772633917780926e-08, 'L_sep_weight_yyx': 5.512249186386646e-08, 'L_scale_weight_yyx': 2.932451119963077e-09, 'learning_rate_yyx': 0.00633312528655813}. Best is trial 1 with value: -1.8555367853768732.
[I 2026-03-18 20:14:49,832] Trial 11 pruned. 
[I 2026-03-18 20:14:53,818] Trial 9 pruned. 
[I 2026-03-18 20:15:31,225] Trial 6 pruned. 
[I 2026-03-18 20:15:32,862] Trial 5 finished with value: -1.8368031164051672 and parameters: {'n_layers_yyx': 2, 'hidden_size_yyx_l0': 3, 'hidden_size_yyx_l1': 2, 'context_size_yyx': 3, 'num_mix_components_yyx': 1, 'context_extractor_yyx': 'gru', 'activation_func_yyx': 'Tanh', 'L2_weight_yyx': 3.4951301394884872e-06, 'L_entropy_weight_yyx': 3.0765288814191717e-07, 'L_sep_weight_yyx': 1.5378880728021319e-09, 'L_scale_weight_yyx': 3.9799456495626174e-09, 'learning_rate_yyx': 0.0009273485557408685}. Best is trial 0 with value: -1.837857802213271.
[I 2026-03-18 20:15:55,128] Trial 5 pruned. 
[I 2026-03-18 20:16:15,923] Trial 12 pruned. 
[I 2026-03-18 20:16:25,387] Trial 5 finished with value: -1.8524068619588638 and parameters: {'n_layers_yyx': 2, 'hidden_size_yyx_l0': 5, 'hidden_size_yyx_l1': 2, 'context_size_yyx': 4, 'num_mix_components_yyx': 5, 'context_extractor_yyx': 'gru', 'activation_func_yyx': 'GELU', 'L2_weight_yyx': 1.2191522192545184e-08, 'L_entropy_weight_yyx': 3.481905366697189e-05, 'L_sep_weight_yyx': 6.92783904302366e-05, 'L_scale_weight_yyx': 3.945870679704206e-10, 'learning_rate_yyx': 0.0007443446878341422}. Best is trial 0 with value: -1.8528113520484126.
[I 2026-03-18 20:16:28,854] Trial 10 pruned. 
[I 2026-03-18 20:16:41,396] Trial 5 pruned. 
[I 2026-03-18 20:16:46,829] Trial 8 finished with value: -1.304496319110577 and parameters: {'n_layers_yyx': 2, 'hidden_size_yyx_l0': 2, 'hidden_size_yyx_l1': 2, 'context_size_yyx': 1, 'num_mix_components_yyx': 3, 'context_extractor_yyx': 'lstm', 'activation_func_yyx': 'Tanh', 'L2_weight_yyx': 1.7471621776655668e-09, 'L_entropy_weight_yyx': 4.499780944806082e-09, 'L_sep_weight_yyx': 5.727247965052753e-05, 'L_scale_weight_yyx': 8.423335006407895e-07, 'learning_rate_yyx': 0.0010515280849164726}. Best is trial 2 with value: -1.4517343374399039.
[I 2026-03-18 20:17:00,573] Trial 5 pruned. 
[I 2026-03-18 20:17:24,467] Trial 12 pruned. 
[I 2026-03-18 20:17:40,720] Trial 6 pruned. 
[I 2026-03-18 20:17:42,915] Trial 11 pruned. 
[I 2026-03-18 20:17:58,819] Trial 6 finished with value: -1.4129290301983173 and parameters: {'n_layers_yyx': 2, 'hidden_size_yyx_l0': 6, 'hidden_size_yyx_l1': 6, 'context_size_yyx': 4, 'num_mix_components_yyx': 5, 'context_extractor_yyx': 'gru', 'activation_func_yyx': 'ReLU', 'L2_weight_yyx': 0.0009164612651092147, 'L_entropy_weight_yyx': 1.961950387361294e-09, 'L_sep_weight_yyx': 5.09002004855312e-05, 'L_scale_weight_yyx': 0.0005460371805936216, 'learning_rate_yyx': 0.0006301402433161273}. Best is trial 3 with value: -1.4510111647385817.
[I 2026-03-18 20:18:06,806] Trial 6 pruned. 
[I 2026-03-18 20:18:14,962] Trial 3 finished with value: -1.8548018891036469 and parameters: {'n_layers_yyx': 1, 'hidden_size_yyx_l0': 5, 'context_size_yyx': 2, 'num_mix_components_yyx': 5, 'context_extractor_yyx': 'lstm', 'activation_func_yyx': 'ReLU', 'L2_weight_yyx': 2.3162853149022265e-08, 'L_entropy_weight_yyx': 2.7550679089894287e-06, 'L_sep_weight_yyx': 3.302108488713038e-05, 'L_scale_weight_yyx': 4.672885235817768e-10, 'learning_rate_yyx': 0.007974521814658722}. Best is trial 0 with value: -1.8605448616434945.
[I 2026-03-18 20:18:39,141] Trial 7 finished with value: -1.4538350266676683 and parameters: {'n_layers_yyx': 1, 'hidden_size_yyx_l0': 5, 'context_size_yyx': 2, 'num_mix_components_yyx': 4, 'context_extractor_yyx': 'lstm', 'activation_func_yyx': 'ReLU', 'L2_weight_yyx': 0.00013764728291511277, 'L_entropy_weight_yyx': 5.485293429282311e-08, 'L_sep_weight_yyx': 1.1088880779668577e-07, 'L_scale_weight_yyx': 2.34931033298669e-09, 'learning_rate_yyx': 0.009334127384067671}. Best is trial 7 with value: -1.4538350266676683.
[I 2026-03-18 20:18:52,369] Trial 4 finished with value: -1.8468073937975473 and parameters: {'n_layers_yyx': 2, 'hidden_size_yyx_l0': 2, 'hidden_size_yyx_l1': 4, 'context_size_yyx': 4, 'num_mix_components_yyx': 5, 'context_extractor_yyx': 'lstm', 'activation_func_yyx': 'GELU', 'L2_weight_yyx': 2.761827029759231e-08, 'L_entropy_weight_yyx': 7.514469160952355e-05, 'L_sep_weight_yyx': 6.262253376485974e-05, 'L_scale_weight_yyx': 6.496818001148227e-08, 'learning_rate_yyx': 0.008733970714184193}. Best is trial 4 with value: -1.8468073937975473.
[I 2026-03-18 20:18:54,050] Trial 3 finished with value: -1.7860129616477274 and parameters: {'n_layers_yyx': 1, 'hidden_size_yyx_l0': 4, 'context_size_yyx': 3, 'num_mix_components_yyx': 4, 'context_extractor_yyx': 'gru', 'activation_func_yyx': 'Tanh', 'L2_weight_yyx': 3.207924618125519e-05, 'L_entropy_weight_yyx': 4.313141993694628e-09, 'L_sep_weight_yyx': 1.9229870949864106e-06, 'L_scale_weight_yyx': 4.1471284786084635e-10, 'learning_rate_yyx': 0.007282843123799434}. Best is trial 0 with value: -1.7873705314867425.
[I 2026-03-18 20:18:55,499] Trial 13 pruned. 
[I 2026-03-18 20:19:03,927] Trial 7 pruned. 
[I 2026-03-18 20:19:14,102] Trial 9 pruned. 
[I 2026-03-18 20:19:17,463] Trial 4 finished with value: -1.896486501584108 and parameters: {'n_layers_yyx': 2, 'hidden_size_yyx_l0': 5, 'hidden_size_yyx_l1': 6, 'context_size_yyx': 4, 'num_mix_components_yyx': 5, 'context_extractor_yyx': 'lstm', 'activation_func_yyx': 'ReLU', 'L2_weight_yyx': 0.00015331669956511425, 'L_entropy_weight_yyx': 9.05024419639729e-08, 'L_sep_weight_yyx': 4.4839809115944323e-08, 'L_scale_weight_yyx': 3.1847392300164726e-08, 'learning_rate_yyx': 0.0032203862013022856}. Best is trial 4 with value: -1.896486501584108.
[I 2026-03-18 20:19:35,154] Trial 4 pruned. 
[I 2026-03-18 20:19:45,694] Trial 13 pruned. 
[I 2026-03-18 20:19:53,694] Trial 8 pruned. 
[I 2026-03-18 20:20:17,668] Trial 4 pruned. 
[I 2026-03-18 20:20:20,946] Trial 5 pruned. 
[I 2026-03-18 20:20:25,651] Trial 4 finished with value: -1.9284182429031842 and parameters: {'n_layers_yyx': 2, 'hidden_size_yyx_l0': 4, 'hidden_size_yyx_l1': 4, 'context_size_yyx': 3, 'num_mix_components_yyx': 2, 'context_extractor_yyx': 'lstm', 'activation_func_yyx': 'ReLU', 'L2_weight_yyx': 2.5468148723220906e-09, 'L_entropy_weight_yyx': 2.6176024647295526e-06, 'L_sep_weight_yyx': 7.583213986617552e-09, 'L_scale_weight_yyx': 4.1375276766091744e-05, 'learning_rate_yyx': 0.004283212073041504}. Best is trial 1 with value: -1.9300911785393273.
[I 2026-03-18 20:20:28,809] Trial 14 pruned. 
[I 2026-03-18 20:21:38,366] Trial 6 pruned. 
[I 2026-03-18 20:21:42,092] Trial 5 pruned. 
[I 2026-03-18 20:21:43,576] Trial 5 pruned. 
[I 2026-03-18 20:21:46,164] Trial 15 pruned. 
[I 2026-03-18 20:21:52,033] Trial 3 finished with value: -1.8531461032438798 and parameters: {'n_layers_yyx': 2, 'hidden_size_yyx_l0': 4, 'hidden_size_yyx_l1': 6, 'context_size_yyx': 3, 'num_mix_components_yyx': 2, 'context_extractor_yyx': 'gru', 'activation_func_yyx': 'GELU', 'L2_weight_yyx': 3.441734259254581e-06, 'L_entropy_weight_yyx': 4.8379404130096045e-05, 'L_sep_weight_yyx': 5.828364941673014e-08, 'L_scale_weight_yyx': 0.00038017919285602414, 'learning_rate_yyx': 0.0017623263254904532}. Best is trial 0 with value: -1.867639598732223.
[I 2026-03-18 20:22:37,558] Trial 6 pruned. 
[I 2026-03-18 20:23:06,727] Trial 7 pruned. 
[I 2026-03-18 20:23:13,856] Trial 6 pruned. 
[I 2026-03-18 20:23:17,547] Trial 16 pruned. 
[I 2026-03-18 20:23:46,503] Trial 6 finished with value: -2.4539701905401583 and parameters: {'n_layers_yyx': 2, 'hidden_size_yyx_l0': 2, 'hidden_size_yyx_l1': 6, 'context_size_yyx': 1, 'num_mix_components_yyx': 1, 'context_extractor_yyx': 'lstm', 'activation_func_yyx': 'Tanh', 'L2_weight_yyx': 1.681753480500508e-10, 'L_entropy_weight_yyx': 9.374786022366277e-07, 'L_sep_weight_yyx': 2.7706590880179023e-09, 'L_scale_weight_yyx': 6.037682199827269e-09, 'learning_rate_yyx': 0.002808812404418269}. Best is trial 0 with value: -2.4805296636382916.
[I 2026-03-18 20:23:53,326] Trial 7 pruned. 
[I 2026-03-18 20:24:02,478] Trial 5 finished with value: -1.8557040462514942 and parameters: {'n_layers_yyx': 2, 'hidden_size_yyx_l0': 2, 'hidden_size_yyx_l1': 4, 'context_size_yyx': 1, 'num_mix_components_yyx': 2, 'context_extractor_yyx': 'lstm', 'activation_func_yyx': 'GELU', 'L2_weight_yyx': 2.1598313991979648e-10, 'L_entropy_weight_yyx': 0.0007770986089356151, 'L_sep_weight_yyx': 4.139556270955805e-07, 'L_scale_weight_yyx': 2.3709664484802296e-08, 'learning_rate_yyx': 0.003421781815085399}. Best is trial 0 with value: -1.9368961358079142.
[I 2026-03-18 20:24:02,717] Trial 11 finished with value: -1.4558827092097355 and parameters: {'n_layers_yyx': 2, 'hidden_size_yyx_l0': 3, 'hidden_size_yyx_l1': 4, 'context_size_yyx': 2, 'num_mix_components_yyx': 3, 'context_extractor_yyx': 'gru', 'activation_func_yyx': 'Tanh', 'L2_weight_yyx': 7.059155023074509e-09, 'L_entropy_weight_yyx': 1.1719901493114366e-05, 'L_sep_weight_yyx': 1.709874233944235e-05, 'L_scale_weight_yyx': 3.6214423105179164e-09, 'learning_rate_yyx': 0.009290758127303018}. Best is trial 2 with value: -1.4588211763822116.
[I 2026-03-18 20:24:10,234] Trial 7 pruned. 
[I 2026-03-18 20:24:10,625] Trial 10 finished with value: -1.5115451473358263 and parameters: {'n_layers_yyx': 2, 'hidden_size_yyx_l0': 5, 'hidden_size_yyx_l1': 6, 'context_size_yyx': 2, 'num_mix_components_yyx': 3, 'context_extractor_yyx': 'lstm', 'activation_func_yyx': 'Tanh', 'L2_weight_yyx': 1.0904410876746254e-06, 'L_entropy_weight_yyx': 2.996150421167904e-08, 'L_sep_weight_yyx': 2.148863707849499e-08, 'L_scale_weight_yyx': 0.0008924601449379796, 'learning_rate_yyx': 0.0006282831527498569}. Best is trial 0 with value: -1.5474254567427992.
[I 2026-03-18 20:24:20,029] Trial 7 pruned. 
[I 2026-03-18 20:24:34,086] Trial 8 pruned. 
[I 2026-03-18 20:24:42,552] Trial 7 pruned. 
[I 2026-03-18 20:25:14,842] Trial 8 pruned. 
[I 2026-03-18 20:25:21,534] Trial 8 pruned. 
[I 2026-03-18 20:25:29,297] Trial 5 finished with value: -2.444277072937464 and parameters: {'n_layers_yyx': 2, 'hidden_size_yyx_l0': 5, 'hidden_size_yyx_l1': 4, 'context_size_yyx': 2, 'num_mix_components_yyx': 1, 'context_extractor_yyx': 'gru', 'activation_func_yyx': 'GELU', 'L2_weight_yyx': 5.587899742390019e-08, 'L_entropy_weight_yyx': 1.2701576968979711e-05, 'L_sep_weight_yyx': 2.8460073355114546e-05, 'L_scale_weight_yyx': 1.3826721206279059e-05, 'learning_rate_yyx': 0.0027036837961960285}. Best is trial 1 with value: -2.4633966237885176.
[I 2026-03-18 20:25:44,361] Trial 8 pruned. 
[I 2026-03-18 20:25:44,402] Trial 9 pruned. 
[I 2026-03-18 20:25:52,356] Trial 5 pruned. 
[I 2026-03-18 20:25:53,144] Trial 8 finished with value: -1.8480679036345344 and parameters: {'n_layers_yyx': 1, 'hidden_size_yyx_l0': 5, 'context_size_yyx': 4, 'num_mix_components_yyx': 5, 'context_extractor_yyx': 'gru', 'activation_func_yyx': 'Tanh', 'L2_weight_yyx': 6.422294564821378e-07, 'L_entropy_weight_yyx': 7.140793353501286e-06, 'L_sep_weight_yyx': 0.0006148374606350967, 'L_scale_weight_yyx': 3.220720811007874e-09, 'learning_rate_yyx': 0.007748424013927148}. Best is trial 0 with value: -1.8516305051550026.
[I 2026-03-18 20:26:08,101] Trial 17 pruned. 
[I 2026-03-18 20:26:11,243] Trial 9 pruned. 
[I 2026-03-18 20:26:19,371] Trial 6 finished with value: -1.8523442406499047 and parameters: {'n_layers_yyx': 2, 'hidden_size_yyx_l0': 3, 'hidden_size_yyx_l1': 3, 'context_size_yyx': 3, 'num_mix_components_yyx': 5, 'context_extractor_yyx': 'lstm', 'activation_func_yyx': 'Tanh', 'L2_weight_yyx': 2.2291495839788583e-10, 'L_entropy_weight_yyx': 7.772551811449746e-08, 'L_sep_weight_yyx': 2.3042985622706494e-08, 'L_scale_weight_yyx': 0.0002006973837148077, 'learning_rate_yyx': 0.005181258811645666}. Best is trial 6 with value: -1.8523442406499047.
[I 2026-03-18 20:26:35,458] Trial 12 pruned. 
[I 2026-03-18 20:26:39,634] Trial 4 finished with value: -1.7875800731928662 and parameters: {'n_layers_yyx': 2, 'hidden_size_yyx_l0': 5, 'hidden_size_yyx_l1': 5, 'context_size_yyx': 1, 'num_mix_components_yyx': 5, 'context_extractor_yyx': 'gru', 'activation_func_yyx': 'GELU', 'L2_weight_yyx': 2.357937031494135e-09, 'L_entropy_weight_yyx': 4.436909879587486e-06, 'L_sep_weight_yyx': 1.4778779214007513e-06, 'L_scale_weight_yyx': 7.196077607899103e-10, 'learning_rate_yyx': 0.008432777000986647}. Best is trial 4 with value: -1.7875800731928662.
[I 2026-03-18 20:26:46,806] Trial 9 pruned. 
[I 2026-03-18 20:27:05,352] Trial 6 pruned. 
[I 2026-03-18 20:27:09,706] Trial 10 pruned. 
[I 2026-03-18 20:27:22,976] Trial 6 pruned. 
[I 2026-03-18 20:27:41,244] Trial 7 pruned. 
[I 2026-03-18 20:27:44,105] Trial 18 pruned. 
[I 2026-03-18 20:28:00,826] Trial 9 pruned. 
[I 2026-03-18 20:28:05,540] Trial 13 pruned. 
[I 2026-03-18 20:28:25,512] Trial 4 pruned. 
[I 2026-03-18 20:28:25,869] Trial 5 finished with value: -1.89157565728699 and parameters: {'n_layers_yyx': 2, 'hidden_size_yyx_l0': 4, 'hidden_size_yyx_l1': 6, 'context_size_yyx': 1, 'num_mix_components_yyx': 4, 'context_extractor_yyx': 'lstm', 'activation_func_yyx': 'Tanh', 'L2_weight_yyx': 5.8329745763535016e-06, 'L_entropy_weight_yyx': 0.00015038536683015266, 'L_sep_weight_yyx': 1.4860590431523876e-09, 'L_scale_weight_yyx': 3.850044224936366e-06, 'learning_rate_yyx': 0.0032348749758274575}. Best is trial 5 with value: -1.89157565728699.
[I 2026-03-18 20:28:36,532] Trial 9 pruned. 
[I 2026-03-18 20:29:06,636] Trial 8 pruned. 
[I 2026-03-18 20:29:08,875] Trial 19 pruned. 
[I 2026-03-18 20:29:35,750] Trial 6 pruned. 
[I 2026-03-18 20:29:36,650] Trial 5 finished with value: -1.3172767521784856 and parameters: {'n_layers_yyx': 2, 'hidden_size_yyx_l0': 5, 'hidden_size_yyx_l1': 2, 'context_size_yyx': 3, 'num_mix_components_yyx': 2, 'context_extractor_yyx': 'lstm', 'activation_func_yyx': 'ReLU', 'L2_weight_yyx': 3.1933355853532284e-05, 'L_entropy_weight_yyx': 1.0969847267505341e-07, 'L_sep_weight_yyx': 3.7082786677302044e-10, 'L_scale_weight_yyx': 0.0005550236682997841, 'learning_rate_yyx': 0.002571930947832545}. Best is trial 3 with value: -1.40271482027494.
[I 2026-03-18 20:29:39,496] Trial 5 pruned. 
[I 2026-03-18 20:29:45,708] Trial 7 pruned. 
[I 2026-03-18 20:29:56,733] Trial 11 pruned. 
[I 2026-03-18 20:30:03,307] Trial 8 finished with value: -1.3715953889440318 and parameters: {'n_layers_yyx': 2, 'hidden_size_yyx_l0': 3, 'hidden_size_yyx_l1': 6, 'context_size_yyx': 3, 'num_mix_components_yyx': 2, 'context_extractor_yyx': 'gru', 'activation_func_yyx': 'Tanh', 'L2_weight_yyx': 1.3186120468584046e-05, 'L_entropy_weight_yyx': 1.5290676146669618e-09, 'L_sep_weight_yyx': 6.922164375183082e-08, 'L_scale_weight_yyx': 1.3072766748712761e-05, 'learning_rate_yyx': 0.0006133452806947369}. Best is trial 0 with value: -1.5190498727266906.
[I 2026-03-18 20:30:11,953] Trial 10 pruned. 
[I 2026-03-18 20:30:16,302] Trial 14 pruned. 
[I 2026-03-18 20:30:23,756] Trial 20 pruned. 
[I 2026-03-18 20:30:43,070] Trial 6 pruned. 
[I 2026-03-18 20:30:50,271] Trial 6 pruned. 
[I 2026-03-18 20:30:57,986] Trial 8 pruned. 
[I 2026-03-18 20:31:13,061] Trial 12 pruned. 
[I 2026-03-18 20:31:19,403] Trial 6 finished with value: -1.321272911658654 and parameters: {'n_layers_yyx': 2, 'hidden_size_yyx_l0': 4, 'hidden_size_yyx_l1': 3, 'context_size_yyx': 2, 'num_mix_components_yyx': 2, 'context_extractor_yyx': 'lstm', 'activation_func_yyx': 'ReLU', 'L2_weight_yyx': 1.3508214205339818e-07, 'L_entropy_weight_yyx': 1.2830496849687401e-10, 'L_sep_weight_yyx': 4.734111571367018e-05, 'L_scale_weight_yyx': 2.7799680497138427e-09, 'learning_rate_yyx': 0.0034116468938132044}. Best is trial 1 with value: -1.4389243727463943.
[I 2026-03-18 20:31:26,413] Trial 11 pruned. 
[I 2026-03-18 20:31:40,253] Trial 3 finished with value: -1.7796306324968434 and parameters: {'n_layers_yyx': 1, 'hidden_size_yyx_l0': 5, 'context_size_yyx': 1, 'num_mix_components_yyx': 3, 'context_extractor_yyx': 'gru', 'activation_func_yyx': 'Tanh', 'L2_weight_yyx': 8.498006299925224e-08, 'L_entropy_weight_yyx': 0.00026609052456542264, 'L_sep_weight_yyx': 1.3306776256850427e-08, 'L_scale_weight_yyx': 0.00045021114934083365, 'learning_rate_yyx': 0.006255177380906758}. Best is trial 3 with value: -1.7796306324968434.
[I 2026-03-18 20:31:49,101] Trial 7 pruned. 
[I 2026-03-18 20:31:59,708] Trial 12 finished with value: -1.8020206236161567 and parameters: {'n_layers_yyx': 1, 'hidden_size_yyx_l0': 3, 'context_size_yyx': 3, 'num_mix_components_yyx': 5, 'context_extractor_yyx': 'gru', 'activation_func_yyx': 'GELU', 'L2_weight_yyx': 9.881406101375956e-08, 'L_entropy_weight_yyx': 9.071008131733633e-09, 'L_sep_weight_yyx': 0.0009563949665752008, 'L_scale_weight_yyx': 3.2457501817191105e-08, 'learning_rate_yyx': 0.004822324500895271}. Best is trial 3 with value: -1.8039611117233905.
[I 2026-03-18 20:32:09,963] Trial 9 pruned. 
[I 2026-03-18 20:32:09,979] Trial 8 finished with value: -1.8326095189803686 and parameters: {'n_layers_yyx': 2, 'hidden_size_yyx_l0': 2, 'hidden_size_yyx_l1': 4, 'context_size_yyx': 4, 'num_mix_components_yyx': 1, 'context_extractor_yyx': 'gru', 'activation_func_yyx': 'ReLU', 'L2_weight_yyx': 2.888523112876989e-10, 'L_entropy_weight_yyx': 0.0001105443106161663, 'L_sep_weight_yyx': 3.744550516607391e-06, 'L_scale_weight_yyx': 4.5946308259024686e-08, 'learning_rate_yyx': 0.0039556979759030495}. Best is trial 0 with value: -1.8528113520484126.
[I 2026-03-18 20:32:11,522] Trial 7 finished with value: -2.4847766941812783 and parameters: {'n_layers_yyx': 1, 'hidden_size_yyx_l0': 5, 'context_size_yyx': 4, 'num_mix_components_yyx': 3, 'context_extractor_yyx': 'lstm', 'activation_func_yyx': 'ReLU', 'L2_weight_yyx': 5.045147360529414e-10, 'L_entropy_weight_yyx': 1.414098006722226e-06, 'L_sep_weight_yyx': 1.696546047549811e-05, 'L_scale_weight_yyx': 1.314605141495828e-08, 'learning_rate_yyx': 0.009574166923240616}. Best is trial 7 with value: -2.4847766941812783.
[I 2026-03-18 20:32:29,064] Trial 7 pruned. 
[I 2026-03-18 20:32:29,190] Trial 12 pruned. 
[I 2026-03-18 20:32:29,589] Trial 15 pruned. 
[I 2026-03-18 20:32:49,757] Trial 21 pruned. 
[I 2026-03-18 20:32:53,354] Trial 4 pruned. 
[I 2026-03-18 20:33:00,688] Trial 3 finished with value: -1.319349365234375 and parameters: {'n_layers_yyx': 2, 'hidden_size_yyx_l0': 3, 'hidden_size_yyx_l1': 4, 'context_size_yyx': 3, 'num_mix_components_yyx': 2, 'context_extractor_yyx': 'lstm', 'activation_func_yyx': 'Tanh', 'L2_weight_yyx': 7.558150323446135e-07, 'L_entropy_weight_yyx': 0.00022054872466087562, 'L_sep_weight_yyx': 5.104888521372072e-09, 'L_scale_weight_yyx': 1.9552017807879312e-05, 'learning_rate_yyx': 0.0008984160274106177}. Best is trial 1 with value: -1.3744548856295071.
[I 2026-03-18 20:33:10,532] Trial 13 pruned. 
[I 2026-03-18 20:33:14,062] Trial 9 pruned. 
[I 2026-03-18 20:33:21,372] Trial 10 pruned. 
[I 2026-03-18 20:33:26,338] Trial 8 pruned. 
[I 2026-03-18 20:33:33,371] Trial 8 pruned. 
[I 2026-03-18 20:33:40,561] Trial 10 pruned. 
[I 2026-03-18 20:33:44,704] Trial 4 finished with value: -1.8487364834410733 and parameters: {'n_layers_yyx': 1, 'hidden_size_yyx_l0': 5, 'context_size_yyx': 3, 'num_mix_components_yyx': 4, 'context_extractor_yyx': 'gru', 'activation_func_yyx': 'ReLU', 'L2_weight_yyx': 2.042180407477171e-07, 'L_entropy_weight_yyx': 1.112845216005585e-07, 'L_sep_weight_yyx': 2.85400236676865e-05, 'L_scale_weight_yyx': 0.0004200326219598224, 'learning_rate_yyx': 0.0012712326353682228}. Best is trial 1 with value: -1.8555367853768732.
[I 2026-03-18 20:34:00,765] Trial 8 pruned. 
[I 2026-03-18 20:34:04,123] Trial 10 finished with value: -1.4553572904146634 and parameters: {'n_layers_yyx': 2, 'hidden_size_yyx_l0': 6, 'hidden_size_yyx_l1': 6, 'context_size_yyx': 3, 'num_mix_components_yyx': 5, 'context_extractor_yyx': 'lstm', 'activation_func_yyx': 'GELU', 'L2_weight_yyx': 0.0006944848428063875, 'L_entropy_weight_yyx': 4.734415268137677e-08, 'L_sep_weight_yyx': 7.913610697812845e-07, 'L_scale_weight_yyx': 0.0005787287552598677, 'learning_rate_yyx': 0.004335754599806673}. Best is trial 10 with value: -1.4553572904146634.
[I 2026-03-18 20:34:07,504] Trial 4 pruned. 
[I 2026-03-18 20:34:25,066] Trial 14 pruned. 
[I 2026-03-18 20:34:33,724] Trial 16 pruned. 
[I 2026-03-18 20:34:45,241] Trial 9 pruned. 
[I 2026-03-18 20:34:47,627] Trial 6 finished with value: -2.4936845131005474 and parameters: {'n_layers_yyx': 1, 'hidden_size_yyx_l0': 6, 'context_size_yyx': 3, 'num_mix_components_yyx': 3, 'context_extractor_yyx': 'gru', 'activation_func_yyx': 'Tanh', 'L2_weight_yyx': 1.0656412184440262e-05, 'L_entropy_weight_yyx': 1.7712742093885644e-07, 'L_sep_weight_yyx': 2.1771398101218458e-06, 'L_scale_weight_yyx': 0.00046597592837167184, 'learning_rate_yyx': 0.002685023626487399}. Best is trial 4 with value: -2.49523174750643.
[I 2026-03-18 20:34:49,850] Trial 5 pruned. 
[I 2026-03-18 20:34:51,878] Trial 5 pruned. 
[I 2026-03-18 20:35:01,577] Trial 9 pruned. 
[I 2026-03-18 20:35:02,598] Trial 11 pruned. 
[I 2026-03-18 20:35:03,412] Trial 22 pruned. 
[I 2026-03-18 20:35:08,715] Trial 5 pruned. 
[I 2026-03-18 20:35:22,378] Trial 15 pruned. 
[I 2026-03-18 20:35:37,208] Trial 10 pruned. 
[I 2026-03-18 20:35:39,610] Trial 9 pruned. 
[I 2026-03-18 20:35:42,191] Trial 7 pruned. 
[I 2026-03-18 20:36:04,106] Trial 12 pruned. 
[I 2026-03-18 20:36:08,248] Trial 6 pruned. 
[I 2026-03-18 20:36:14,572] Trial 6 finished with value: -1.9187365381451993 and parameters: {'n_layers_yyx': 2, 'hidden_size_yyx_l0': 5, 'hidden_size_yyx_l1': 5, 'context_size_yyx': 4, 'num_mix_components_yyx': 4, 'context_extractor_yyx': 'lstm', 'activation_func_yyx': 'Tanh', 'L2_weight_yyx': 8.692854562476326e-07, 'L_entropy_weight_yyx': 1.629330407307881e-08, 'L_sep_weight_yyx': 3.248352111542271e-08, 'L_scale_weight_yyx': 0.000338965391798323, 'learning_rate_yyx': 0.001398861131098399}. Best is trial 0 with value: -1.9368961358079142.
[I 2026-03-18 20:36:26,902] Trial 17 pruned. 
[I 2026-03-18 20:37:02,241] Trial 13 pruned. 
[I 2026-03-18 20:37:09,234] Trial 13 pruned. 
[I 2026-03-18 20:37:12,868] Trial 5 finished with value: -1.7632971314709596 and parameters: {'n_layers_yyx': 1, 'hidden_size_yyx_l0': 4, 'context_size_yyx': 3, 'num_mix_components_yyx': 2, 'context_extractor_yyx': 'gru', 'activation_func_yyx': 'ReLU', 'L2_weight_yyx': 1.2998096866955026e-07, 'L_entropy_weight_yyx': 3.821038964778091e-05, 'L_sep_weight_yyx': 5.187084330827102e-06, 'L_scale_weight_yyx': 2.415455696044987e-10, 'learning_rate_yyx': 0.00796398041843822}. Best is trial 4 with value: -1.7875800731928662.
[I 2026-03-18 20:37:15,620] Trial 16 pruned. 
[I 2026-03-18 20:37:16,638] Trial 7 pruned. 
[I 2026-03-18 20:37:17,777] Trial 7 finished with value: -1.2616848050631009 and parameters: {'n_layers_yyx': 1, 'hidden_size_yyx_l0': 2, 'context_size_yyx': 2, 'num_mix_components_yyx': 1, 'context_extractor_yyx': 'lstm', 'activation_func_yyx': 'GELU', 'L2_weight_yyx': 2.7794726454764974e-10, 'L_entropy_weight_yyx': 3.663102910819462e-07, 'L_sep_weight_yyx': 4.1591523222885155e-10, 'L_scale_weight_yyx': 0.0002393167941459964, 'learning_rate_yyx': 0.001111922712853711}. Best is trial 1 with value: -1.4345258507361778.
[I 2026-03-18 20:37:45,034] Trial 8 pruned. 
[I 2026-03-18 20:38:13,162] Trial 6 pruned. 
[I 2026-03-18 20:38:14,679] Trial 10 pruned. 
[I 2026-03-18 20:38:17,910] Trial 8 pruned. 
[I 2026-03-18 20:38:17,911] Trial 8 pruned. 
[I 2026-03-18 20:38:46,207] Trial 14 pruned. 
[I 2026-03-18 20:39:04,602] Trial 10 finished with value: -1.847941422304018 and parameters: {'n_layers_yyx': 2, 'hidden_size_yyx_l0': 3, 'hidden_size_yyx_l1': 6, 'context_size_yyx': 1, 'num_mix_components_yyx': 4, 'context_extractor_yyx': 'lstm', 'activation_func_yyx': 'GELU', 'L2_weight_yyx': 4.181056884402421e-09, 'L_entropy_weight_yyx': 0.0004047298154168428, 'L_sep_weight_yyx': 0.0002525179695225354, 'L_scale_weight_yyx': 5.7662063912881445e-06, 'learning_rate_yyx': 0.009678833667006986}. Best is trial 10 with value: -1.847941422304018.
[I 2026-03-18 20:39:20,380] Trial 9 pruned. 
[I 2026-03-18 20:39:23,439] Trial 9 pruned. 
[I 2026-03-18 20:39:47,940] Trial 15 pruned. 
[I 2026-03-18 20:40:02,911] Trial 9 pruned. 
[I 2026-03-18 20:40:03,141] Trial 11 pruned. 
[I 2026-03-18 20:40:10,010] Trial 7 pruned. 
[I 2026-03-18 20:40:17,545] Trial 23 finished with value: -2.47258758947104 and parameters: {'n_layers_yyx': 1, 'hidden_size_yyx_l0': 6, 'context_size_yyx': 3, 'num_mix_components_yyx': 5, 'context_extractor_yyx': 'gru', 'activation_func_yyx': 'ReLU', 'L2_weight_yyx': 1.0839068145573685e-06, 'L_entropy_weight_yyx': 1.0346547944420427e-08, 'L_sep_weight_yyx': 5.8520352079903984e-05, 'L_scale_weight_yyx': 0.00010330814390511269, 'learning_rate_yyx': 0.009799662777890704}. Best is trial 5 with value: -2.4735891998725372.
[I 2026-03-18 20:40:29,233] Trial 10 pruned. 
[I 2026-03-18 20:40:47,664] Trial 18 pruned. 
[I 2026-03-18 20:41:08,072] Trial 7 finished with value: -1.2919777268629808 and parameters: {'n_layers_yyx': 2, 'hidden_size_yyx_l0': 2, 'hidden_size_yyx_l1': 4, 'context_size_yyx': 1, 'num_mix_components_yyx': 2, 'context_extractor_yyx': 'lstm', 'activation_func_yyx': 'Tanh', 'L2_weight_yyx': 0.00047644972319127937, 'L_entropy_weight_yyx': 5.944264116864294e-10, 'L_sep_weight_yyx': 5.343766648554444e-09, 'L_scale_weight_yyx': 2.9529702977724674e-05, 'learning_rate_yyx': 0.003122503436693776}. Best is trial 3 with value: -1.40271482027494.
[I 2026-03-18 20:41:21,228] Trial 24 pruned. 
[I 2026-03-18 20:41:28,049] Trial 11 finished with value: -1.8327220637365498 and parameters: {'n_layers_yyx': 1, 'hidden_size_yyx_l0': 6, 'context_size_yyx': 4, 'num_mix_components_yyx': 3, 'context_extractor_yyx': 'gru', 'activation_func_yyx': 'Tanh', 'L2_weight_yyx': 4.6395329261848837e-07, 'L_entropy_weight_yyx': 3.709772334591215e-05, 'L_sep_weight_yyx': 2.9566176463697576e-09, 'L_scale_weight_yyx': 1.5754658319534197e-09, 'learning_rate_yyx': 0.006025842381366893}. Best is trial 0 with value: -1.8516305051550026.
[I 2026-03-18 20:41:36,886] Trial 10 finished with value: -1.4455062161959134 and parameters: {'n_layers_yyx': 2, 'hidden_size_yyx_l0': 4, 'hidden_size_yyx_l1': 4, 'context_size_yyx': 2, 'num_mix_components_yyx': 3, 'context_extractor_yyx': 'lstm', 'activation_func_yyx': 'Tanh', 'L2_weight_yyx': 2.1828009106082375e-05, 'L_entropy_weight_yyx': 2.4444422053662427e-07, 'L_sep_weight_yyx': 1.1694011919163328e-10, 'L_scale_weight_yyx': 3.6076879016647297e-10, 'learning_rate_yyx': 0.005147779782702167}. Best is trial 3 with value: -1.4510111647385817.
[I 2026-03-18 20:41:46,662] Trial 12 pruned. 
[I 2026-03-18 20:41:46,989] Trial 11 finished with value: -1.4780598874951973 and parameters: {'n_layers_yyx': 1, 'hidden_size_yyx_l0': 5, 'context_size_yyx': 4, 'num_mix_components_yyx': 5, 'context_extractor_yyx': 'lstm', 'activation_func_yyx': 'ReLU', 'L2_weight_yyx': 2.394534332818569e-10, 'L_entropy_weight_yyx': 4.0236148070998225e-09, 'L_sep_weight_yyx': 0.00012635816299876927, 'L_scale_weight_yyx': 2.6010033890897313e-08, 'learning_rate_yyx': 0.009651956471117128}. Best is trial 0 with value: -1.5190498727266906.
[I 2026-03-18 20:41:56,297] Trial 8 pruned. 
[I 2026-03-18 20:42:02,855] Trial 11 finished with value: -1.4247115149864784 and parameters: {'n_layers_yyx': 1, 'hidden_size_yyx_l0': 6, 'context_size_yyx': 3, 'num_mix_components_yyx': 3, 'context_extractor_yyx': 'lstm', 'activation_func_yyx': 'ReLU', 'L2_weight_yyx': 4.0860099213969123e-10, 'L_entropy_weight_yyx': 5.8673232389789914e-09, 'L_sep_weight_yyx': 2.6589416471571663e-10, 'L_scale_weight_yyx': 4.377317365095152e-10, 'learning_rate_yyx': 0.0017004307916107981}. Best is trial 7 with value: -1.4538350266676683.
[I 2026-03-18 20:42:04,526] Trial 8 finished with value: -1.7881631007339016 and parameters: {'n_layers_yyx': 1, 'hidden_size_yyx_l0': 5, 'context_size_yyx': 4, 'num_mix_components_yyx': 5, 'context_extractor_yyx': 'gru', 'activation_func_yyx': 'Tanh', 'L2_weight_yyx': 0.0002885510337709957, 'L_entropy_weight_yyx': 2.611466519376745e-06, 'L_sep_weight_yyx': 6.494426508134187e-10, 'L_scale_weight_yyx': 2.1694431222287873e-07, 'learning_rate_yyx': 0.0018257936092339238}. Best is trial 8 with value: -1.7881631007339016.
[I 2026-03-18 20:42:06,233] Trial 10 finished with value: -2.484296875 and parameters: {'n_layers_yyx': 1, 'hidden_size_yyx_l0': 6, 'context_size_yyx': 4, 'num_mix_components_yyx': 5, 'context_extractor_yyx': 'gru', 'activation_func_yyx': 'ReLU', 'L2_weight_yyx': 3.2333155064415097e-06, 'L_entropy_weight_yyx': 0.0008095437371157374, 'L_sep_weight_yyx': 6.81430456825769e-06, 'L_scale_weight_yyx': 2.473190247291398e-07, 'learning_rate_yyx': 0.009133135567356359}. Best is trial 7 with value: -2.4847766941812783.
[I 2026-03-18 20:42:25,025] Trial 11 pruned. 
[I 2026-03-18 20:42:40,114] Trial 13 pruned. 
[I 2026-03-18 20:42:48,364] Trial 9 pruned. 
[I 2026-03-18 20:42:51,632] Trial 9 pruned. 
[I 2026-03-18 20:43:04,948] Trial 11 pruned. 
[I 2026-03-18 20:43:08,995] Trial 12 pruned. 
[I 2026-03-18 20:43:10,050] Trial 7 finished with value: -1.853951857601433 and parameters: {'n_layers_yyx': 1, 'hidden_size_yyx_l0': 6, 'context_size_yyx': 4, 'num_mix_components_yyx': 4, 'context_extractor_yyx': 'lstm', 'activation_func_yyx': 'GELU', 'L2_weight_yyx': 1.7658340763356896e-06, 'L_entropy_weight_yyx': 2.6112606229139913e-05, 'L_sep_weight_yyx': 3.6136833455503946e-09, 'L_scale_weight_yyx': 1.2358874119641306e-09, 'learning_rate_yyx': 0.0008280026412112927}. Best is trial 0 with value: -1.867639598732223.
[I 2026-03-18 20:43:15,418] Trial 14 pruned. 
[I 2026-03-18 20:43:34,953] Trial 14 finished with value: -1.4023474927218456 and parameters: {'n_layers_yyx': 1, 'hidden_size_yyx_l0': 3, 'context_size_yyx': 3, 'num_mix_components_yyx': 3, 'context_extractor_yyx': 'gru', 'activation_func_yyx': 'Tanh', 'L2_weight_yyx': 2.119911711165271e-08, 'L_entropy_weight_yyx': 0.00035848286490288724, 'L_sep_weight_yyx': 2.907474658580594e-08, 'L_scale_weight_yyx': 6.77027908601432e-07, 'learning_rate_yyx': 0.0032875151179978805}. Best is trial 0 with value: -1.4467010977883008.
[I 2026-03-18 20:43:34,966] Trial 10 pruned. 
[I 2026-03-18 20:43:44,258] Trial 9 finished with value: -1.8570869006965198 and parameters: {'n_layers_yyx': 2, 'hidden_size_yyx_l0': 5, 'hidden_size_yyx_l1': 4, 'context_size_yyx': 2, 'num_mix_components_yyx': 4, 'context_extractor_yyx': 'gru', 'activation_func_yyx': 'Tanh', 'L2_weight_yyx': 0.0001563616853632172, 'L_entropy_weight_yyx': 9.337227397361023e-07, 'L_sep_weight_yyx': 1.0886571474422762e-10, 'L_scale_weight_yyx': 7.907798621119364e-10, 'learning_rate_yyx': 0.006048104685494409}. Best is trial 9 with value: -1.8570869006965198.
[I 2026-03-18 20:43:57,886] Trial 7 finished with value: -2.4440851558277306 and parameters: {'n_layers_yyx': 2, 'hidden_size_yyx_l0': 5, 'hidden_size_yyx_l1': 2, 'context_size_yyx': 1, 'num_mix_components_yyx': 4, 'context_extractor_yyx': 'lstm', 'activation_func_yyx': 'ReLU', 'L2_weight_yyx': 1.3302999166134467e-05, 'L_entropy_weight_yyx': 1.8746263106980494e-05, 'L_sep_weight_yyx': 5.339621441955455e-07, 'L_scale_weight_yyx': 1.8608404709318086e-09, 'learning_rate_yyx': 0.0012671686748269037}. Best is trial 1 with value: -2.4633966237885176.
[I 2026-03-18 20:44:00,143] Trial 8 pruned. 
[I 2026-03-18 20:44:00,145] Trial 10 finished with value: -1.8881648729739453 and parameters: {'n_layers_yyx': 2, 'hidden_size_yyx_l0': 2, 'hidden_size_yyx_l1': 6, 'context_size_yyx': 1, 'num_mix_components_yyx': 5, 'context_extractor_yyx': 'lstm', 'activation_func_yyx': 'ReLU', 'L2_weight_yyx': 1.4339236455496831e-05, 'L_entropy_weight_yyx': 0.0009638568511056928, 'L_sep_weight_yyx': 2.350159607120021e-10, 'L_scale_weight_yyx': 2.8382307290942507e-08, 'learning_rate_yyx': 0.007646081083469967}. Best is trial 5 with value: -1.89157565728699.
[I 2026-03-18 20:44:00,225] Trial 15 pruned. 
[I 2026-03-18 20:44:14,971] Trial 7 finished with value: -1.9305760003749655 and parameters: {'n_layers_yyx': 2, 'hidden_size_yyx_l0': 6, 'hidden_size_yyx_l1': 3, 'context_size_yyx': 3, 'num_mix_components_yyx': 4, 'context_extractor_yyx': 'lstm', 'activation_func_yyx': 'ReLU', 'L2_weight_yyx': 2.512001064854393e-06, 'L_entropy_weight_yyx': 0.00012177035607271224, 'L_sep_weight_yyx': 0.00010430631904483905, 'L_scale_weight_yyx': 2.7616374907254257e-08, 'learning_rate_yyx': 0.0047251539172853615}. Best is trial 0 with value: -1.9368961358079142.
[I 2026-03-18 20:44:14,975] Trial 13 finished with value: -1.5658462904526245 and parameters: {'n_layers_yyx': 2, 'hidden_size_yyx_l0': 5, 'hidden_size_yyx_l1': 4, 'context_size_yyx': 2, 'num_mix_components_yyx': 4, 'context_extractor_yyx': 'gru', 'activation_func_yyx': 'Tanh', 'L2_weight_yyx': 1.5800827962567465e-07, 'L_entropy_weight_yyx': 9.02232250291077e-09, 'L_sep_weight_yyx': 1.5982725583371284e-08, 'L_scale_weight_yyx': 2.1588966118717863e-08, 'learning_rate_yyx': 0.001600225766589033}. Best is trial 13 with value: -1.5658462904526245.
[I 2026-03-18 20:44:25,264] Trial 11 pruned. 
[I 2026-03-18 20:44:32,040] Trial 13 pruned. 
[I 2026-03-18 20:44:37,500] Trial 11 finished with value: -1.8610449438696508 and parameters: {'n_layers_yyx': 2, 'hidden_size_yyx_l0': 5, 'hidden_size_yyx_l1': 5, 'context_size_yyx': 3, 'num_mix_components_yyx': 3, 'context_extractor_yyx': 'lstm', 'activation_func_yyx': 'ReLU', 'L2_weight_yyx': 3.5800372403905953e-06, 'L_entropy_weight_yyx': 4.466585007229166e-06, 'L_sep_weight_yyx': 1.389845954804851e-05, 'L_scale_weight_yyx': 1.0672295728103664e-10, 'learning_rate_yyx': 0.009548567536037937}. Best is trial 11 with value: -1.8610449438696508.
[I 2026-03-18 20:44:49,045] Trial 6 finished with value: -1.8550709006031272 and parameters: {'n_layers_yyx': 2, 'hidden_size_yyx_l0': 5, 'hidden_size_yyx_l1': 5, 'context_size_yyx': 1, 'num_mix_components_yyx': 3, 'context_extractor_yyx': 'lstm', 'activation_func_yyx': 'ReLU', 'L2_weight_yyx': 3.280243734430963e-08, 'L_entropy_weight_yyx': 2.3622031695908235e-07, 'L_sep_weight_yyx': 6.777685164138847e-06, 'L_scale_weight_yyx': 2.422810450578437e-06, 'learning_rate_yyx': 0.006744181784934415}. Best is trial 1 with value: -1.8555367853768732.
[I 2026-03-18 20:44:49,117] Trial 16 pruned. 
[I 2026-03-18 20:44:54,858] Trial 14 pruned. 
[I 2026-03-18 20:44:56,278] Trial 9 finished with value: -1.853392962523822 and parameters: {'n_layers_yyx': 2, 'hidden_size_yyx_l0': 5, 'hidden_size_yyx_l1': 2, 'context_size_yyx': 3, 'num_mix_components_yyx': 1, 'context_extractor_yyx': 'gru', 'activation_func_yyx': 'Tanh', 'L2_weight_yyx': 6.970327309121481e-10, 'L_entropy_weight_yyx': 1.0377346929164393e-10, 'L_sep_weight_yyx': 1.8910158891735375e-08, 'L_scale_weight_yyx': 2.124778462427687e-09, 'learning_rate_yyx': 0.0061705123120687645}. Best is trial 9 with value: -1.853392962523822.
[I 2026-03-18 20:45:00,235] Trial 12 pruned. 
[I 2026-03-18 20:45:02,671] Trial 12 pruned. 
[I 2026-03-18 20:45:05,726] Trial 12 pruned. 
[I 2026-03-18 20:45:25,866] Trial 10 finished with value: -1.4242164494441105 and parameters: {'n_layers_yyx': 2, 'hidden_size_yyx_l0': 4, 'hidden_size_yyx_l1': 2, 'context_size_yyx': 1, 'num_mix_components_yyx': 4, 'context_extractor_yyx': 'gru', 'activation_func_yyx': 'GELU', 'L2_weight_yyx': 1.223173332162325e-06, 'L_entropy_weight_yyx': 3.801497169932615e-05, 'L_sep_weight_yyx': 5.6896641510775007e-08, 'L_scale_weight_yyx': 3.2566005703382466e-08, 'learning_rate_yyx': 0.009106311859092036}. Best is trial 1 with value: -1.4345258507361778.
[I 2026-03-18 20:45:25,916] Trial 14 finished with value: -1.4535509549654446 and parameters: {'n_layers_yyx': 2, 'hidden_size_yyx_l0': 5, 'hidden_size_yyx_l1': 5, 'context_size_yyx': 3, 'num_mix_components_yyx': 4, 'context_extractor_yyx': 'lstm', 'activation_func_yyx': 'Tanh', 'L2_weight_yyx': 1.6872472627277482e-07, 'L_entropy_weight_yyx': 9.670422839148903e-06, 'L_sep_weight_yyx': 1.7633111478647778e-07, 'L_scale_weight_yyx': 6.618823310112845e-08, 'learning_rate_yyx': 0.0041782324396796924}. Best is trial 10 with value: -1.4553572904146634.
[I 2026-03-18 20:45:35,458] Trial 15 pruned. 
[I 2026-03-18 20:45:42,132] Trial 6 finished with value: -1.9042502449101777 and parameters: {'n_layers_yyx': 2, 'hidden_size_yyx_l0': 6, 'hidden_size_yyx_l1': 2, 'context_size_yyx': 4, 'num_mix_components_yyx': 1, 'context_extractor_yyx': 'gru', 'activation_func_yyx': 'Tanh', 'L2_weight_yyx': 3.320124474398036e-10, 'L_entropy_weight_yyx': 9.944022979063998e-09, 'L_sep_weight_yyx': 4.651948668678951e-10, 'L_scale_weight_yyx': 8.662630932032264e-08, 'learning_rate_yyx': 0.0005689822151256015}. Best is trial 1 with value: -1.9300911785393273.
[I 2026-03-18 20:45:47,028] Trial 13 pruned. 
[I 2026-03-18 20:45:53,641] Trial 11 pruned. 
[I 2026-03-18 20:45:57,571] Trial 7 pruned. 
[I 2026-03-18 20:46:00,590] Trial 15 pruned. 
[I 2026-03-18 20:46:01,038] Trial 11 pruned. 
[I 2026-03-18 20:46:02,838] Trial 25 finished with value: -2.4764732316599813 and parameters: {'n_layers_yyx': 1, 'hidden_size_yyx_l0': 6, 'context_size_yyx': 4, 'num_mix_components_yyx': 5, 'context_extractor_yyx': 'gru', 'activation_func_yyx': 'ReLU', 'L2_weight_yyx': 2.2442590363284632e-08, 'L_entropy_weight_yyx': 3.855285447717428e-07, 'L_sep_weight_yyx': 0.00017155785065882422, 'L_scale_weight_yyx': 0.00015176492483768406, 'learning_rate_yyx': 0.009912034190511416}. Best is trial 25 with value: -2.4764732316599813.
[I 2026-03-18 20:46:13,425] Trial 13 pruned. 
[I 2026-03-18 20:46:14,367] Trial 13 pruned. 
[I 2026-03-18 20:46:19,704] Trial 14 pruned. 
[I 2026-03-18 20:46:37,229] Trial 9 finished with value: -2.48986224985113 and parameters: {'n_layers_yyx': 1, 'hidden_size_yyx_l0': 3, 'context_size_yyx': 3, 'num_mix_components_yyx': 4, 'context_extractor_yyx': 'lstm', 'activation_func_yyx': 'GELU', 'L2_weight_yyx': 4.774819363293697e-10, 'L_entropy_weight_yyx': 3.9333805041354983e-10, 'L_sep_weight_yyx': 9.657331906960133e-09, 'L_scale_weight_yyx': 7.496546638542625e-10, 'learning_rate_yyx': 0.005412048582539042}. Best is trial 4 with value: -2.49523174750643.
[I 2026-03-18 20:46:42,559] Trial 12 pruned. 
[I 2026-03-18 20:47:16,797] Trial 14 pruned. 
[I 2026-03-18 20:47:19,981] Trial 17 pruned. 
[I 2026-03-18 20:47:21,262] Trial 26 pruned. 
[I 2026-03-18 20:47:24,183] Trial 14 pruned. 
[I 2026-03-18 20:47:38,399] Trial 19 finished with value: -1.4628589806189904 and parameters: {'n_layers_yyx': 2, 'hidden_size_yyx_l0': 3, 'hidden_size_yyx_l1': 4, 'context_size_yyx': 2, 'num_mix_components_yyx': 3, 'context_extractor_yyx': 'lstm', 'activation_func_yyx': 'GELU', 'L2_weight_yyx': 1.0243990281238773e-06, 'L_entropy_weight_yyx': 8.240113208292851e-07, 'L_sep_weight_yyx': 0.0001508595390808669, 'L_scale_weight_yyx': 5.6280866844258554e-08, 'learning_rate_yyx': 0.009731660986949208}. Best is trial 19 with value: -1.4628589806189904.
[I 2026-03-18 20:48:01,549] Trial 11 finished with value: -1.8480407565404753 and parameters: {'n_layers_yyx': 2, 'hidden_size_yyx_l0': 3, 'hidden_size_yyx_l1': 6, 'context_size_yyx': 1, 'num_mix_components_yyx': 4, 'context_extractor_yyx': 'lstm', 'activation_func_yyx': 'GELU', 'L2_weight_yyx': 6.632440535023899e-09, 'L_entropy_weight_yyx': 0.0006719198008550529, 'L_sep_weight_yyx': 0.00042258182973884675, 'L_scale_weight_yyx': 1.0493802649568627e-05, 'learning_rate_yyx': 0.009943897630575025}. Best is trial 11 with value: -1.8480407565404753.
[I 2026-03-18 20:48:06,030] Trial 16 pruned. 
[I 2026-03-18 20:48:09,844] Trial 17 finished with value: -1.804705005203914 and parameters: {'n_layers_yyx': 2, 'hidden_size_yyx_l0': 5, 'hidden_size_yyx_l1': 4, 'context_size_yyx': 3, 'num_mix_components_yyx': 3, 'context_extractor_yyx': 'gru', 'activation_func_yyx': 'GELU', 'L2_weight_yyx': 9.087820372264117e-10, 'L_entropy_weight_yyx': 1.871943050687547e-06, 'L_sep_weight_yyx': 0.00029064112134584284, 'L_scale_weight_yyx': 0.000984751531871655, 'learning_rate_yyx': 0.005136651512843263}. Best is trial 17 with value: -1.804705005203914.
[I 2026-03-18 20:48:17,356] Trial 6 finished with value: -1.781502870501894 and parameters: {'n_layers_yyx': 2, 'hidden_size_yyx_l0': 6, 'hidden_size_yyx_l1': 2, 'context_size_yyx': 3, 'num_mix_components_yyx': 2, 'context_extractor_yyx': 'gru', 'activation_func_yyx': 'GELU', 'L2_weight_yyx': 3.3890191672353114e-08, 'L_entropy_weight_yyx': 1.358815881046267e-10, 'L_sep_weight_yyx': 5.7797744519355385e-09, 'L_scale_weight_yyx': 5.392747207356458e-07, 'learning_rate_yyx': 0.005759527799863893}. Best is trial 6 with value: -1.781502870501894.
[I 2026-03-18 20:48:17,612] Trial 15 pruned. 
[I 2026-03-18 20:48:19,399] Trial 8 finished with value: -2.442726673862768 and parameters: {'n_layers_yyx': 2, 'hidden_size_yyx_l0': 6, 'hidden_size_yyx_l1': 2, 'context_size_yyx': 3, 'num_mix_components_yyx': 5, 'context_extractor_yyx': 'lstm', 'activation_func_yyx': 'Tanh', 'L2_weight_yyx': 0.00048623646440496904, 'L_entropy_weight_yyx': 1.5296259931888463e-10, 'L_sep_weight_yyx': 2.4933219257151666e-06, 'L_scale_weight_yyx': 8.629188925518071e-05, 'learning_rate_yyx': 0.009595044809604042}. Best is trial 1 with value: -2.4633966237885176.
[I 2026-03-18 20:48:25,787] Trial 7 pruned. 
[I 2026-03-18 20:48:44,758] Trial 17 pruned. 
[I 2026-03-18 20:48:46,165] Trial 18 pruned. 
[I 2026-03-18 20:49:00,819] Trial 8 pruned. 
[I 2026-03-18 20:49:01,217] Trial 12 pruned. 
[I 2026-03-18 20:49:05,690] Trial 10 finished with value: -1.7854601680871212 and parameters: {'n_layers_yyx': 2, 'hidden_size_yyx_l0': 6, 'hidden_size_yyx_l1': 6, 'context_size_yyx': 2, 'num_mix_components_yyx': 5, 'context_extractor_yyx': 'gru', 'activation_func_yyx': 'GELU', 'L2_weight_yyx': 1.7323065564467768e-09, 'L_entropy_weight_yyx': 0.0006156532214426643, 'L_sep_weight_yyx': 0.00026051258501610486, 'L_scale_weight_yyx': 1.1802018166241466e-06, 'learning_rate_yyx': 0.009975552746953597}. Best is trial 4 with value: -1.7875800731928662.
[I 2026-03-18 20:49:07,800] Trial 15 pruned. 
[I 2026-03-18 20:49:20,558] Trial 12 pruned. 
[I 2026-03-18 20:49:30,783] Trial 19 pruned. 
[I 2026-03-18 20:49:41,958] Trial 12 finished with value: -1.856298646246156 and parameters: {'n_layers_yyx': 2, 'hidden_size_yyx_l0': 5, 'hidden_size_yyx_l1': 5, 'context_size_yyx': 3, 'num_mix_components_yyx': 3, 'context_extractor_yyx': 'lstm', 'activation_func_yyx': 'GELU', 'L2_weight_yyx': 4.831434846477813e-06, 'L_entropy_weight_yyx': 5.8859981827844936e-06, 'L_sep_weight_yyx': 2.26244495322538e-10, 'L_scale_weight_yyx': 9.307411868061265e-09, 'learning_rate_yyx': 0.009354739037812839}. Best is trial 11 with value: -1.8610449438696508.
[I 2026-03-18 20:49:43,413] Trial 12 finished with value: -1.895511660082587 and parameters: {'n_layers_yyx': 2, 'hidden_size_yyx_l0': 3, 'hidden_size_yyx_l1': 6, 'context_size_yyx': 3, 'num_mix_components_yyx': 4, 'context_extractor_yyx': 'lstm', 'activation_func_yyx': 'ReLU', 'L2_weight_yyx': 2.7611976331388105e-05, 'L_entropy_weight_yyx': 5.970004502691607e-06, 'L_sep_weight_yyx': 4.304148231160338e-08, 'L_scale_weight_yyx': 1.1896067856664443e-10, 'learning_rate_yyx': 0.009812259044911809}. Best is trial 4 with value: -1.896486501584108.
[I 2026-03-18 20:49:43,923] Trial 14 finished with value: -1.5086317218717982 and parameters: {'n_layers_yyx': 2, 'hidden_size_yyx_l0': 5, 'hidden_size_yyx_l1': 4, 'context_size_yyx': 1, 'num_mix_components_yyx': 5, 'context_extractor_yyx': 'lstm', 'activation_func_yyx': 'GELU', 'L2_weight_yyx': 1.1766764694195342e-07, 'L_entropy_weight_yyx': 1.501508657813635e-08, 'L_sep_weight_yyx': 1.1426788486738886e-08, 'L_scale_weight_yyx': 3.848022334049471e-08, 'learning_rate_yyx': 0.00986807548688628}. Best is trial 0 with value: -1.5190498727266906.
[I 2026-03-18 20:49:46,190] Trial 9 pruned. 
[I 2026-03-18 20:50:06,166] Trial 8 finished with value: -1.8355990573092624 and parameters: {'n_layers_yyx': 1, 'hidden_size_yyx_l0': 6, 'context_size_yyx': 4, 'num_mix_components_yyx': 1, 'context_extractor_yyx': 'lstm', 'activation_func_yyx': 'GELU', 'L2_weight_yyx': 2.2780857815048924e-06, 'L_entropy_weight_yyx': 1.334084137682674e-06, 'L_sep_weight_yyx': 1.6579693896274016e-07, 'L_scale_weight_yyx': 1.4735886362146267e-09, 'learning_rate_yyx': 0.0050104172176018095}. Best is trial 1 with value: -1.8555367853768732.
[I 2026-03-18 20:50:19,222] Trial 15 pruned. 
[I 2026-03-18 20:50:19,225] Trial 15 pruned. 
[I 2026-03-18 20:50:21,844] Trial 13 pruned. 
[I 2026-03-18 20:50:26,669] Trial 8 finished with value: -1.9352732942840025 and parameters: {'n_layers_yyx': 2, 'hidden_size_yyx_l0': 2, 'hidden_size_yyx_l1': 4, 'context_size_yyx': 4, 'num_mix_components_yyx': 4, 'context_extractor_yyx': 'gru', 'activation_func_yyx': 'Tanh', 'L2_weight_yyx': 0.00035615918469789315, 'L_entropy_weight_yyx': 3.7215612725830295e-06, 'L_sep_weight_yyx': 4.032630195754593e-07, 'L_scale_weight_yyx': 3.240860655385202e-10, 'learning_rate_yyx': 0.006519325326044455}. Best is trial 0 with value: -1.9368961358079142.
[I 2026-03-18 20:50:35,578] Trial 13 pruned. 
[I 2026-03-18 20:50:42,569] Trial 16 finished with value: -1.444310560960036 and parameters: {'n_layers_yyx': 2, 'hidden_size_yyx_l0': 5, 'hidden_size_yyx_l1': 3, 'context_size_yyx': 4, 'num_mix_components_yyx': 5, 'context_extractor_yyx': 'lstm', 'activation_func_yyx': 'Tanh', 'L2_weight_yyx': 1.6500690608210938e-07, 'L_entropy_weight_yyx': 9.184142748779869e-06, 'L_sep_weight_yyx': 1.2092360874556255e-06, 'L_scale_weight_yyx': 4.1503231560837166e-08, 'learning_rate_yyx': 0.004959784901333275}. Best is trial 10 with value: -1.4553572904146634.
[I 2026-03-18 20:50:42,651] Trial 11 finished with value: -1.889158745408906 and parameters: {'n_layers_yyx': 2, 'hidden_size_yyx_l0': 2, 'hidden_size_yyx_l1': 6, 'context_size_yyx': 1, 'num_mix_components_yyx': 5, 'context_extractor_yyx': 'lstm', 'activation_func_yyx': 'ReLU', 'L2_weight_yyx': 1.6739299679397895e-05, 'L_entropy_weight_yyx': 0.0007176540805478159, 'L_sep_weight_yyx': 1.0114211791123096e-10, 'L_scale_weight_yyx': 2.7347810972477508e-08, 'learning_rate_yyx': 0.00926470459401689}. Best is trial 5 with value: -1.89157565728699.
[I 2026-03-18 20:50:45,394] Trial 27 pruned. 
[I 2026-03-18 20:50:48,907] Trial 15 pruned. 
[I 2026-03-18 20:50:50,019] Trial 5 finished with value: -1.3238758967472957 and parameters: {'n_layers_yyx': 2, 'hidden_size_yyx_l0': 3, 'hidden_size_yyx_l1': 2, 'context_size_yyx': 4, 'num_mix_components_yyx': 2, 'context_extractor_yyx': 'lstm', 'activation_func_yyx': 'ReLU', 'L2_weight_yyx': 6.378371051985607e-06, 'L_entropy_weight_yyx': 7.289091310785315e-10, 'L_sep_weight_yyx': 0.0006085335542406737, 'L_scale_weight_yyx': 2.2105198116516373e-05, 'learning_rate_yyx': 0.0014149516259591274}. Best is trial 1 with value: -1.3744548856295071.
[I 2026-03-18 20:50:57,437] Trial 16 pruned. 
[I 2026-03-18 20:50:57,529] Trial 10 pruned. 
[I 2026-03-18 20:51:01,468] Trial 14 pruned. 
[I 2026-03-18 20:51:01,573] Trial 16 pruned. 
[I 2026-03-18 20:51:06,510] Trial 9 pruned. 
[I 2026-03-18 20:51:06,512] Trial 10 finished with value: -1.8544678241943866 and parameters: {'n_layers_yyx': 1, 'hidden_size_yyx_l0': 6, 'context_size_yyx': 2, 'num_mix_components_yyx': 2, 'context_extractor_yyx': 'lstm', 'activation_func_yyx': 'Tanh', 'L2_weight_yyx': 2.036247932899307e-05, 'L_entropy_weight_yyx': 8.41564258249768e-07, 'L_sep_weight_yyx': 1.76650385374323e-10, 'L_scale_weight_yyx': 5.225539769839226e-10, 'learning_rate_yyx': 0.009901279082364668}. Best is trial 9 with value: -1.8570869006965198.
[I 2026-03-18 20:51:16,962] Trial 14 pruned. 
[I 2026-03-18 20:51:19,645] Trial 17 pruned. 
[I 2026-03-18 20:51:20,926] Trial 9 pruned. 
[I 2026-03-18 20:51:24,310] Trial 12 pruned. 
[I 2026-03-18 20:51:29,572] Trial 28 pruned. 
[I 2026-03-18 20:51:41,167] Trial 15 pruned. 
[I 2026-03-18 20:51:55,958] Trial 15 pruned. 
[I 2026-03-18 20:51:58,305] Trial 10 finished with value: -1.8505365129815814 and parameters: {'n_layers_yyx': 2, 'hidden_size_yyx_l0': 6, 'hidden_size_yyx_l1': 4, 'context_size_yyx': 3, 'num_mix_components_yyx': 2, 'context_extractor_yyx': 'gru', 'activation_func_yyx': 'Tanh', 'L2_weight_yyx': 7.545348298339291e-07, 'L_entropy_weight_yyx': 1.3477752847941503e-10, 'L_sep_weight_yyx': 6.585419995081909e-09, 'L_scale_weight_yyx': 2.494583095979905e-10, 'learning_rate_yyx': 0.006241929763743781}. Best is trial 9 with value: -1.853392962523822.
[I 2026-03-18 20:52:02,196] Trial 13 pruned. 
[I 2026-03-18 20:52:05,329] Trial 17 pruned. 
[I 2026-03-18 20:52:07,058] Trial 9 finished with value: -1.8693153029304443 and parameters: {'n_layers_yyx': 1, 'hidden_size_yyx_l0': 5, 'context_size_yyx': 3, 'num_mix_components_yyx': 5, 'context_extractor_yyx': 'lstm', 'activation_func_yyx': 'ReLU', 'L2_weight_yyx': 4.3963697768877735e-08, 'L_entropy_weight_yyx': 3.6248629730074506e-05, 'L_sep_weight_yyx': 0.0007195850000989471, 'L_scale_weight_yyx': 6.058287044026464e-07, 'learning_rate_yyx': 0.004906100454804033}. Best is trial 9 with value: -1.8693153029304443.
[I 2026-03-18 20:52:16,231] Trial 10 finished with value: -2.4827629443527646 and parameters: {'n_layers_yyx': 1, 'hidden_size_yyx_l0': 2, 'context_size_yyx': 1, 'num_mix_components_yyx': 5, 'context_extractor_yyx': 'gru', 'activation_func_yyx': 'GELU', 'L2_weight_yyx': 1.69706708111644e-08, 'L_entropy_weight_yyx': 0.0008585310988690431, 'L_sep_weight_yyx': 0.00033620539278404423, 'L_scale_weight_yyx': 6.304397908520541e-06, 'learning_rate_yyx': 0.009818489793480106}. Best is trial 4 with value: -2.49523174750643.
[I 2026-03-18 20:52:18,806] Trial 8 finished with value: -1.3261802086463341 and parameters: {'n_layers_yyx': 2, 'hidden_size_yyx_l0': 3, 'hidden_size_yyx_l1': 3, 'context_size_yyx': 3, 'num_mix_components_yyx': 2, 'context_extractor_yyx': 'gru', 'activation_func_yyx': 'GELU', 'L2_weight_yyx': 9.227661755418194e-06, 'L_entropy_weight_yyx': 5.912593777105958e-09, 'L_sep_weight_yyx': 7.602299905654298e-07, 'L_scale_weight_yyx': 8.493061730468543e-10, 'learning_rate_yyx': 0.0030826847832615993}. Best is trial 3 with value: -1.40271482027494.
[I 2026-03-18 20:52:21,843] Trial 16 pruned. 
[I 2026-03-18 20:52:39,212] Trial 18 finished with value: -1.404575406588041 and parameters: {'n_layers_yyx': 1, 'hidden_size_yyx_l0': 5, 'context_size_yyx': 3, 'num_mix_components_yyx': 4, 'context_extractor_yyx': 'gru', 'activation_func_yyx': 'ReLU', 'L2_weight_yyx': 2.001357490765565e-06, 'L_entropy_weight_yyx': 2.2333736741355522e-05, 'L_sep_weight_yyx': 9.2540783870307e-10, 'L_scale_weight_yyx': 1.4583411389732844e-10, 'learning_rate_yyx': 0.006335744491050364}. Best is trial 1 with value: -1.4389243727463943.
[I 2026-03-18 20:52:45,276] Trial 29 pruned. 
[I 2026-03-18 20:52:48,885] Trial 9 pruned. 
[I 2026-03-18 20:52:59,174] Trial 9 finished with value: -2.447373198654977 and parameters: {'n_layers_yyx': 1, 'hidden_size_yyx_l0': 6, 'context_size_yyx': 3, 'num_mix_components_yyx': 2, 'context_extractor_yyx': 'gru', 'activation_func_yyx': 'GELU', 'L2_weight_yyx': 3.10898695364583e-07, 'L_entropy_weight_yyx': 1.3446932505413596e-09, 'L_sep_weight_yyx': 1.1197670157504785e-05, 'L_scale_weight_yyx': 6.2381129685404e-08, 'learning_rate_yyx': 0.006170215572359907}. Best is trial 1 with value: -2.4633966237885176.
[I 2026-03-18 20:53:02,700] Trial 10 finished with value: -1.8553232469248093 and parameters: {'n_layers_yyx': 2, 'hidden_size_yyx_l0': 6, 'hidden_size_yyx_l1': 5, 'context_size_yyx': 1, 'num_mix_components_yyx': 2, 'context_extractor_yyx': 'gru', 'activation_func_yyx': 'GELU', 'L2_weight_yyx': 1.3843186790595174e-05, 'L_entropy_weight_yyx': 5.154401708408001e-10, 'L_sep_weight_yyx': 3.789053419098039e-06, 'L_scale_weight_yyx': 8.83209951456599e-08, 'learning_rate_yyx': 0.002108244580967631}. Best is trial 10 with value: -1.8553232469248093.
[I 2026-03-18 20:53:09,635] Trial 19 pruned. 
[I 2026-03-18 20:53:09,884] Trial 14 pruned. 
[I 2026-03-18 20:53:20,999] Trial 17 pruned. 
[I 2026-03-18 20:53:46,110] Trial 17 pruned. 
[I 2026-03-18 20:53:48,867] Trial 11 pruned. 
[I 2026-03-18 20:53:56,105] Trial 30 pruned. 
[I 2026-03-18 20:53:58,457] Trial 10 pruned. 
[I 2026-03-18 20:54:02,267] Trial 11 pruned. 
[I 2026-03-18 20:54:02,275] Trial 12 finished with value: -1.4532693716195912 and parameters: {'n_layers_yyx': 2, 'hidden_size_yyx_l0': 4, 'hidden_size_yyx_l1': 4, 'context_size_yyx': 2, 'num_mix_components_yyx': 3, 'context_extractor_yyx': 'lstm', 'activation_func_yyx': 'Tanh', 'L2_weight_yyx': 3.113541695956134e-05, 'L_entropy_weight_yyx': 3.85944174051035e-07, 'L_sep_weight_yyx': 2.2326760607933816e-09, 'L_scale_weight_yyx': 3.8545204888003677e-10, 'learning_rate_yyx': 0.003916822116808921}. Best is trial 12 with value: -1.4532693716195912.
[I 2026-03-18 20:54:09,639] Trial 18 finished with value: -1.4460073383037861 and parameters: {'n_layers_yyx': 1, 'hidden_size_yyx_l0': 5, 'context_size_yyx': 3, 'num_mix_components_yyx': 5, 'context_extractor_yyx': 'lstm', 'activation_func_yyx': 'Tanh', 'L2_weight_yyx': 0.0004009447237785503, 'L_entropy_weight_yyx': 9.250087201897844e-07, 'L_sep_weight_yyx': 0.0009957955344505013, 'L_scale_weight_yyx': 0.00020844204085511368, 'learning_rate_yyx': 0.0029600226317835136}. Best is trial 18 with value: -1.4460073383037861.
[I 2026-03-18 20:54:19,047] Trial 18 pruned. 
[I 2026-03-18 20:54:19,048] Trial 18 pruned. 
[I 2026-03-18 20:54:20,223] Trial 12 pruned. 
[I 2026-03-18 20:54:27,105] Trial 11 pruned. 
[I 2026-03-18 20:54:40,840] Trial 11 finished with value: -1.7859603851010102 and parameters: {'n_layers_yyx': 2, 'hidden_size_yyx_l0': 6, 'hidden_size_yyx_l1': 6, 'context_size_yyx': 2, 'num_mix_components_yyx': 5, 'context_extractor_yyx': 'gru', 'activation_func_yyx': 'GELU', 'L2_weight_yyx': 1.7322135832989083e-09, 'L_entropy_weight_yyx': 0.0003656354307693331, 'L_sep_weight_yyx': 0.0004512364209111971, 'L_scale_weight_yyx': 1.1401546954064333e-06, 'learning_rate_yyx': 0.009764788501299046}. Best is trial 4 with value: -1.7875800731928662.
[I 2026-03-18 20:54:57,356] Trial 13 pruned. 
[I 2026-03-18 20:54:57,356] Trial 11 pruned. 
[I 2026-03-18 20:54:57,537] Trial 20 finished with value: -1.779244540655163 and parameters: {'n_layers_yyx': 2, 'hidden_size_yyx_l0': 5, 'hidden_size_yyx_l1': 5, 'context_size_yyx': 3, 'num_mix_components_yyx': 1, 'context_extractor_yyx': 'gru', 'activation_func_yyx': 'GELU', 'L2_weight_yyx': 0.00010152352624424833, 'L_entropy_weight_yyx': 6.509811768491248e-05, 'L_sep_weight_yyx': 0.00018605676927773682, 'L_scale_weight_yyx': 8.137018250138368e-06, 'learning_rate_yyx': 0.004818988381412428}. Best is trial 17 with value: -1.804705005203914.
[I 2026-03-18 20:54:59,527] Trial 10 pruned. 
[I 2026-03-18 20:55:02,888] Trial 18 finished with value: -1.4290843525870902 and parameters: {'n_layers_yyx': 1, 'hidden_size_yyx_l0': 6, 'context_size_yyx': 3, 'num_mix_components_yyx': 5, 'context_extractor_yyx': 'gru', 'activation_func_yyx': 'Tanh', 'L2_weight_yyx': 2.674713482267613e-06, 'L_entropy_weight_yyx': 5.306282613640225e-10, 'L_sep_weight_yyx': 0.0009712937867364946, 'L_scale_weight_yyx': 0.0001010634465866792, 'learning_rate_yyx': 0.007983579403920001}. Best is trial 0 with value: -1.5190498727266906.
[I 2026-03-18 20:55:04,000] Trial 13 finished with value: -2.4850502863404977 and parameters: {'n_layers_yyx': 1, 'hidden_size_yyx_l0': 6, 'context_size_yyx': 3, 'num_mix_components_yyx': 2, 'context_extractor_yyx': 'gru', 'activation_func_yyx': 'ReLU', 'L2_weight_yyx': 2.151878797501103e-06, 'L_entropy_weight_yyx': 0.00019262625781991924, 'L_sep_weight_yyx': 8.920483931008454e-05, 'L_scale_weight_yyx': 3.7218886703033153e-07, 'learning_rate_yyx': 0.0051812156347401704}. Best is trial 13 with value: -2.4850502863404977.
[I 2026-03-18 20:55:05,042] Trial 31 pruned. 
[I 2026-03-18 20:55:09,803] Trial 19 pruned. 
[I 2026-03-18 20:55:15,004] Trial 12 pruned. 
[I 2026-03-18 20:55:21,609] Trial 19 pruned. 
[I 2026-03-18 20:55:22,713] Trial 13 pruned. 
[I 2026-03-18 20:55:29,772] Trial 21 pruned. 
[I 2026-03-18 20:55:29,915] Trial 11 pruned. 
[I 2026-03-18 20:55:39,100] Trial 14 pruned. 
[I 2026-03-18 20:55:40,450] Trial 20 pruned. 
[I 2026-03-18 20:55:41,163] Trial 18 finished with value: -1.3811345731295073 and parameters: {'n_layers_yyx': 2, 'hidden_size_yyx_l0': 5, 'hidden_size_yyx_l1': 5, 'context_size_yyx': 2, 'num_mix_components_yyx': 5, 'context_extractor_yyx': 'gru', 'activation_func_yyx': 'Tanh', 'L2_weight_yyx': 8.972993198053788e-07, 'L_entropy_weight_yyx': 4.6387979287012956e-07, 'L_sep_weight_yyx': 4.080657752402473e-06, 'L_scale_weight_yyx': 8.816654611897494e-09, 'learning_rate_yyx': 0.004554870070411589}. Best is trial 10 with value: -1.4553572904146634.
[I 2026-03-18 20:55:41,617] Trial 16 finished with value: -1.4138428673377403 and parameters: {'n_layers_yyx': 1, 'hidden_size_yyx_l0': 6, 'context_size_yyx': 4, 'num_mix_components_yyx': 2, 'context_extractor_yyx': 'lstm', 'activation_func_yyx': 'Tanh', 'L2_weight_yyx': 5.685258085239097e-05, 'L_entropy_weight_yyx': 0.00027236394889235897, 'L_sep_weight_yyx': 1.4482581428896105e-10, 'L_scale_weight_yyx': 1.6280399384785632e-06, 'learning_rate_yyx': 0.0061692252768892}. Best is trial 7 with value: -1.4538350266676683.
[I 2026-03-18 20:55:41,683] Trial 11 finished with value: -1.9049259122663638 and parameters: {'n_layers_yyx': 2, 'hidden_size_yyx_l0': 3, 'hidden_size_yyx_l1': 5, 'context_size_yyx': 3, 'num_mix_components_yyx': 2, 'context_extractor_yyx': 'lstm', 'activation_func_yyx': 'ReLU', 'L2_weight_yyx': 2.4796964416349558e-08, 'L_entropy_weight_yyx': 9.399350525572392e-06, 'L_sep_weight_yyx': 5.612294435641813e-07, 'L_scale_weight_yyx': 8.719467667008386e-06, 'learning_rate_yyx': 0.0034547523282826443}. Best is trial 1 with value: -1.9300911785393273.
[I 2026-03-18 20:55:52,434] Trial 20 pruned. 
[I 2026-03-18 20:55:52,858] Trial 14 pruned. 
[I 2026-03-18 20:55:58,798] Trial 22 pruned. 
[I 2026-03-18 20:55:59,309] Trial 19 pruned. 
[I 2026-03-18 20:56:08,635] Trial 17 pruned. 
[I 2026-03-18 20:56:15,309] Trial 13 pruned. 
[I 2026-03-18 20:56:22,189] Trial 15 pruned. 
[I 2026-03-18 20:56:26,804] Trial 23 pruned. 
[I 2026-03-18 20:56:26,804] Trial 20 pruned. 
[I 2026-03-18 20:56:29,147] Trial 13 finished with value: -1.4421805044320914 and parameters: {'n_layers_yyx': 2, 'hidden_size_yyx_l0': 3, 'hidden_size_yyx_l1': 4, 'context_size_yyx': 1, 'num_mix_components_yyx': 3, 'context_extractor_yyx': 'gru', 'activation_func_yyx': 'GELU', 'L2_weight_yyx': 8.260034194148678e-05, 'L_entropy_weight_yyx': 0.0007482848756078987, 'L_sep_weight_yyx': 4.102657636563164e-08, 'L_scale_weight_yyx': 2.5608546062139484e-06, 'learning_rate_yyx': 0.004540722132625401}. Best is trial 13 with value: -1.4421805044320914.
[I 2026-03-18 20:56:30,925] Trial 10 finished with value: -1.9395614910230956 and parameters: {'n_layers_yyx': 1, 'hidden_size_yyx_l0': 3, 'context_size_yyx': 4, 'num_mix_components_yyx': 1, 'context_extractor_yyx': 'gru', 'activation_func_yyx': 'ReLU', 'L2_weight_yyx': 2.1538344416371375e-08, 'L_entropy_weight_yyx': 5.29351455276505e-10, 'L_sep_weight_yyx': 0.0008334076713824911, 'L_scale_weight_yyx': 4.4165262406998e-06, 'learning_rate_yyx': 0.009712265094760761}. Best is trial 10 with value: -1.9395614910230956.
[I 2026-03-18 20:56:35,385] Trial 21 pruned. 
[I 2026-03-18 20:56:36,276] Trial 12 pruned. 
[I 2026-03-18 20:56:36,337] Trial 18 pruned. 
[I 2026-03-18 20:56:39,274] Trial 10 finished with value: -1.8629833408206564 and parameters: {'n_layers_yyx': 1, 'hidden_size_yyx_l0': 5, 'context_size_yyx': 3, 'num_mix_components_yyx': 5, 'context_extractor_yyx': 'gru', 'activation_func_yyx': 'ReLU', 'L2_weight_yyx': 2.1424755298705373e-10, 'L_entropy_weight_yyx': 0.0009521720510028677, 'L_sep_weight_yyx': 0.0008794296904248074, 'L_scale_weight_yyx': 8.722538646320087e-08, 'learning_rate_yyx': 0.008605187275340159}. Best is trial 9 with value: -1.8693153029304443.
[I 2026-03-18 20:56:42,848] Trial 19 pruned. 
[I 2026-03-18 20:56:45,980] Trial 14 pruned. 
[I 2026-03-18 20:56:53,439] Trial 16 pruned. 
[I 2026-03-18 20:56:54,794] Trial 21 pruned. 
[I 2026-03-18 20:57:13,126] Trial 20 pruned. 
[I 2026-03-18 20:57:13,925] Trial 7 finished with value: -1.7817573439472854 and parameters: {'n_layers_yyx': 2, 'hidden_size_yyx_l0': 6, 'hidden_size_yyx_l1': 2, 'context_size_yyx': 1, 'num_mix_components_yyx': 3, 'context_extractor_yyx': 'lstm', 'activation_func_yyx': 'ReLU', 'L2_weight_yyx': 5.006866913045636e-07, 'L_entropy_weight_yyx': 2.1184014021701877e-06, 'L_sep_weight_yyx': 3.055344176260145e-07, 'L_scale_weight_yyx': 3.476541463655007e-08, 'learning_rate_yyx': 0.009623373406373243}. Best is trial 7 with value: -1.7817573439472854.
[I 2026-03-18 20:57:16,769] Trial 15 pruned. 
[I 2026-03-18 20:57:17,673] Trial 16 finished with value: -1.516329904468034 and parameters: {'n_layers_yyx': 2, 'hidden_size_yyx_l0': 6, 'hidden_size_yyx_l1': 2, 'context_size_yyx': 2, 'num_mix_components_yyx': 4, 'context_extractor_yyx': 'gru', 'activation_func_yyx': 'Tanh', 'L2_weight_yyx': 2.1642574873772656e-08, 'L_entropy_weight_yyx': 2.9361626331901625e-06, 'L_sep_weight_yyx': 1.3360579182455088e-08, 'L_scale_weight_yyx': 0.00011953067396837669, 'learning_rate_yyx': 0.0007638322113520125}. Best is trial 13 with value: -1.5658462904526245.
[I 2026-03-18 20:57:19,377] Trial 14 pruned. 
[I 2026-03-18 20:57:20,498] Trial 6 finished with value: -1.4463800753079927 and parameters: {'n_layers_yyx': 1, 'hidden_size_yyx_l0': 4, 'context_size_yyx': 4, 'num_mix_components_yyx': 5, 'context_extractor_yyx': 'lstm', 'activation_func_yyx': 'Tanh', 'L2_weight_yyx': 2.4892080778993154e-08, 'L_entropy_weight_yyx': 2.372515117277461e-10, 'L_sep_weight_yyx': 6.328528441861214e-06, 'L_scale_weight_yyx': 1.1889133219493506e-05, 'learning_rate_yyx': 0.004425881579228917}. Best is trial 6 with value: -1.4463800753079927.
[I 2026-03-18 20:57:21,157] Trial 22 pruned. 
[I 2026-03-18 20:57:22,185] Trial 20 finished with value: -1.447952364408053 and parameters: {'n_layers_yyx': 1, 'hidden_size_yyx_l0': 4, 'context_size_yyx': 3, 'num_mix_components_yyx': 4, 'context_extractor_yyx': 'lstm', 'activation_func_yyx': 'GELU', 'L2_weight_yyx': 3.61356489746756e-05, 'L_entropy_weight_yyx': 7.025580454442417e-07, 'L_sep_weight_yyx': 0.00022909972045442468, 'L_scale_weight_yyx': 1.6886736569858034e-07, 'learning_rate_yyx': 0.000981894609693632}. Best is trial 19 with value: -1.4628589806189904.
[I 2026-03-18 20:57:22,705] Trial 22 pruned. 
[I 2026-03-18 20:57:24,098] Trial 12 pruned. 
[I 2026-03-18 20:57:24,932] Trial 13 pruned. 
[I 2026-03-18 20:57:25,694] Trial 20 finished with value: -1.417362060546875 and parameters: {'n_layers_yyx': 2, 'hidden_size_yyx_l0': 6, 'hidden_size_yyx_l1': 5, 'context_size_yyx': 4, 'num_mix_components_yyx': 2, 'context_extractor_yyx': 'gru', 'activation_func_yyx': 'GELU', 'L2_weight_yyx': 3.67647519557107e-08, 'L_entropy_weight_yyx': 0.0001280562988240101, 'L_sep_weight_yyx': 3.634886048472147e-07, 'L_scale_weight_yyx': 9.533013600905825e-10, 'learning_rate_yyx': 0.009374133020489714}. Best is trial 1 with value: -1.4389243727463943.
[I 2026-03-18 20:57:30,143] Trial 12 pruned. 
[I 2026-03-18 20:57:36,482] Trial 16 finished with value: -1.790272919625947 and parameters: {'n_layers_yyx': 2, 'hidden_size_yyx_l0': 4, 'hidden_size_yyx_l1': 4, 'context_size_yyx': 4, 'num_mix_components_yyx': 2, 'context_extractor_yyx': 'gru', 'activation_func_yyx': 'Tanh', 'L2_weight_yyx': 2.499133503442908e-08, 'L_entropy_weight_yyx': 2.0399678227611365e-10, 'L_sep_weight_yyx': 5.0452474432171776e-05, 'L_scale_weight_yyx': 4.1002341747040464e-07, 'learning_rate_yyx': 0.0052706676445479885}. Best is trial 16 with value: -1.790272919625947.
[I 2026-03-18 20:57:37,175] Trial 15 pruned. 
[I 2026-03-18 20:57:37,513] Trial 23 pruned. 
[I 2026-03-18 20:57:41,225] Trial 21 pruned. 
[I 2026-03-18 20:57:41,367] Trial 17 pruned. 
[I 2026-03-18 20:57:42,131] Trial 11 finished with value: -1.8524833145194473 and parameters: {'n_layers_yyx': 2, 'hidden_size_yyx_l0': 5, 'hidden_size_yyx_l1': 6, 'context_size_yyx': 1, 'num_mix_components_yyx': 5, 'context_extractor_yyx': 'lstm', 'activation_func_yyx': 'Tanh', 'L2_weight_yyx': 4.9925885040470076e-09, 'L_entropy_weight_yyx': 1.0053062642924001e-10, 'L_sep_weight_yyx': 3.402501567915152e-06, 'L_scale_weight_yyx': 2.2343712703585546e-05, 'learning_rate_yyx': 0.009859978453181545}. Best is trial 1 with value: -1.8555367853768732.
[I 2026-03-18 20:57:45,860] Trial 16 finished with value: -1.8488733665890609 and parameters: {'n_layers_yyx': 2, 'hidden_size_yyx_l0': 3, 'hidden_size_yyx_l1': 5, 'context_size_yyx': 2, 'num_mix_components_yyx': 4, 'context_extractor_yyx': 'lstm', 'activation_func_yyx': 'GELU', 'L2_weight_yyx': 6.443649319758862e-08, 'L_entropy_weight_yyx': 6.809102786274259e-06, 'L_sep_weight_yyx': 4.54939108534696e-06, 'L_scale_weight_yyx': 1.7505139447544923e-06, 'learning_rate_yyx': 0.009839663599125583}. Best is trial 16 with value: -1.8488733665890609.
[I 2026-03-18 20:57:50,710] Trial 17 pruned. 
[I 2026-03-18 20:57:52,807] Trial 8 pruned. 
[I 2026-03-18 20:57:54,160] Trial 13 pruned. 
[I 2026-03-18 20:57:54,917] Trial 21 pruned. 
[I 2026-03-18 20:58:00,393] Trial 24 pruned. 
[I 2026-03-18 20:58:04,277] Trial 16 finished with value: -1.3548605097164899 and parameters: {'n_layers_yyx': 1, 'hidden_size_yyx_l0': 4, 'context_size_yyx': 4, 'num_mix_components_yyx': 1, 'context_extractor_yyx': 'gru', 'activation_func_yyx': 'Tanh', 'L2_weight_yyx': 7.35146832232429e-08, 'L_entropy_weight_yyx': 7.3829781540746215e-06, 'L_sep_weight_yyx': 5.815945761871686e-08, 'L_scale_weight_yyx': 2.7654009176136844e-09, 'learning_rate_yyx': 0.0087230366943681}. Best is trial 0 with value: -1.4467010977883008.
[I 2026-03-18 20:58:06,633] Trial 12 pruned. 
[I 2026-03-18 20:58:09,457] Trial 17 pruned. 
[I 2026-03-18 20:58:10,990] Trial 14 finished with value: -1.438593515249399 and parameters: {'n_layers_yyx': 2, 'hidden_size_yyx_l0': 3, 'hidden_size_yyx_l1': 5, 'context_size_yyx': 2, 'num_mix_components_yyx': 4, 'context_extractor_yyx': 'lstm', 'activation_func_yyx': 'Tanh', 'L2_weight_yyx': 5.872107267905368e-06, 'L_entropy_weight_yyx': 1.4758732057291141e-06, 'L_sep_weight_yyx': 8.777508789804949e-09, 'L_scale_weight_yyx': 2.8904433710273216e-09, 'learning_rate_yyx': 0.009482802461453683}. Best is trial 12 with value: -1.4532693716195912.
[I 2026-03-18 20:58:14,949] Trial 18 pruned. 
[I 2026-03-18 20:58:15,702] Trial 19 finished with value: -1.451357961801382 and parameters: {'n_layers_yyx': 2, 'hidden_size_yyx_l0': 6, 'hidden_size_yyx_l1': 5, 'context_size_yyx': 4, 'num_mix_components_yyx': 4, 'context_extractor_yyx': 'lstm', 'activation_func_yyx': 'GELU', 'L2_weight_yyx': 9.33509936525752e-08, 'L_entropy_weight_yyx': 2.7312697131912322e-06, 'L_sep_weight_yyx': 1.5060045135230522e-08, 'L_scale_weight_yyx': 2.84224005720957e-07, 'learning_rate_yyx': 0.009754200254302951}. Best is trial 10 with value: -1.4553572904146634.
[I 2026-03-18 20:58:20,252] Trial 22 pruned. 
[I 2026-03-18 20:58:23,401] Trial 24 pruned. 
[I 2026-03-18 20:58:23,763] Trial 17 pruned. 
[I 2026-03-18 20:58:24,886] Trial 25 pruned. 
[I 2026-03-18 20:58:26,525] Trial 32 finished with value: -2.472016665160897 and parameters: {'n_layers_yyx': 1, 'hidden_size_yyx_l0': 6, 'context_size_yyx': 2, 'num_mix_components_yyx': 5, 'context_extractor_yyx': 'gru', 'activation_func_yyx': 'ReLU', 'L2_weight_yyx': 1.3100949679999711e-06, 'L_entropy_weight_yyx': 7.82135849661762e-09, 'L_sep_weight_yyx': 0.00012170889211303708, 'L_scale_weight_yyx': 2.102924560070744e-06, 'learning_rate_yyx': 0.009930295036273655}. Best is trial 25 with value: -2.4764732316599813.
[I 2026-03-18 20:58:29,722] Trial 17 pruned. 
[I 2026-03-18 20:58:40,074] Trial 19 pruned. 
[I 2026-03-18 20:58:40,584] Trial 20 pruned. 
[I 2026-03-18 20:58:43,536] Trial 9 pruned. 
[I 2026-03-18 20:58:45,790] Trial 23 pruned. 
[I 2026-03-18 20:58:49,571] Trial 25 pruned. 
[I 2026-03-18 20:58:49,601] Trial 14 pruned. 
[I 2026-03-18 20:58:52,449] Trial 18 pruned. 
[I 2026-03-18 20:58:57,677] Trial 33 pruned. 
[I 2026-03-18 20:58:58,944] Trial 13 pruned. 
[I 2026-03-18 20:58:59,106] Trial 15 pruned. 
[I 2026-03-18 20:59:09,334] Trial 15 finished with value: -1.8882862704237697 and parameters: {'n_layers_yyx': 2, 'hidden_size_yyx_l0': 4, 'hidden_size_yyx_l1': 5, 'context_size_yyx': 4, 'num_mix_components_yyx': 5, 'context_extractor_yyx': 'lstm', 'activation_func_yyx': 'Tanh', 'L2_weight_yyx': 2.2356137651768627e-06, 'L_entropy_weight_yyx': 7.223685915562544e-06, 'L_sep_weight_yyx': 6.10627325248575e-07, 'L_scale_weight_yyx': 6.223669517731888e-09, 'learning_rate_yyx': 0.001614280840246616}. Best is trial 5 with value: -1.89157565728699.
[I 2026-03-18 20:59:12,363] Trial 10 finished with value: -2.473193107036748 and parameters: {'n_layers_yyx': 2, 'hidden_size_yyx_l0': 2, 'hidden_size_yyx_l1': 4, 'context_size_yyx': 1, 'num_mix_components_yyx': 4, 'context_extractor_yyx': 'lstm', 'activation_func_yyx': 'Tanh', 'L2_weight_yyx': 1.2443752994821686e-10, 'L_entropy_weight_yyx': 0.0008167312102172096, 'L_sep_weight_yyx': 3.123106584480898e-10, 'L_scale_weight_yyx': 0.0007890620775971396, 'learning_rate_yyx': 0.0026892762852651886}. Best is trial 10 with value: -2.473193107036748.
[I 2026-03-18 20:59:14,434] Trial 26 pruned. 
[I 2026-03-18 20:59:16,298] Trial 26 pruned. 
[I 2026-03-18 20:59:16,804] Trial 19 pruned. 
[I 2026-03-18 20:59:17,335] Trial 13 finished with value: -1.858157596072635 and parameters: {'n_layers_yyx': 2, 'hidden_size_yyx_l0': 4, 'hidden_size_yyx_l1': 4, 'context_size_yyx': 4, 'num_mix_components_yyx': 3, 'context_extractor_yyx': 'lstm', 'activation_func_yyx': 'ReLU', 'L2_weight_yyx': 3.5294735679869414e-06, 'L_entropy_weight_yyx': 1.8421158095458897e-08, 'L_sep_weight_yyx': 8.868396209637717e-06, 'L_scale_weight_yyx': 1.2601814622350337e-10, 'learning_rate_yyx': 0.000501934484981452}. Best is trial 11 with value: -1.8610449438696508.
[I 2026-03-18 20:59:21,442] Trial 16 pruned. 
[I 2026-03-18 20:59:26,322] Trial 20 pruned. 
[I 2026-03-18 20:59:27,200] Trial 34 pruned. 
[I 2026-03-18 20:59:36,258] Trial 12 finished with value: -1.852954951740352 and parameters: {'n_layers_yyx': 2, 'hidden_size_yyx_l0': 5, 'hidden_size_yyx_l1': 3, 'context_size_yyx': 3, 'num_mix_components_yyx': 2, 'context_extractor_yyx': 'gru', 'activation_func_yyx': 'Tanh', 'L2_weight_yyx': 3.097527549146417e-05, 'L_entropy_weight_yyx': 0.0008465411952698084, 'L_sep_weight_yyx': 1.7636038703319943e-08, 'L_scale_weight_yyx': 5.359631151402918e-09, 'learning_rate_yyx': 0.008955478387765147}. Best is trial 9 with value: -1.853392962523822.
[I 2026-03-18 20:59:42,507] Trial 20 pruned. 
[I 2026-03-18 20:59:43,918] Trial 14 pruned. 
[I 2026-03-18 20:59:57,141] Trial 15 finished with value: -2.4843601969032805 and parameters: {'n_layers_yyx': 1, 'hidden_size_yyx_l0': 6, 'context_size_yyx': 3, 'num_mix_components_yyx': 2, 'context_extractor_yyx': 'gru', 'activation_func_yyx': 'ReLU', 'L2_weight_yyx': 1.267857161872788e-10, 'L_entropy_weight_yyx': 2.9241781462339555e-08, 'L_sep_weight_yyx': 6.665203284933066e-05, 'L_scale_weight_yyx': 2.088220887721651e-09, 'learning_rate_yyx': 0.00546162282519827}. Best is trial 13 with value: -2.4850502863404977.
[I 2026-03-18 20:59:58,441] Trial 35 pruned. 
[I 2026-03-18 21:00:02,817] Trial 16 pruned. 
[I 2026-03-18 21:00:09,855] Trial 15 pruned. 
[I 2026-03-18 21:00:15,642] Trial 18 pruned. 
[I 2026-03-18 21:00:25,554] Trial 36 pruned. 
[I 2026-03-18 21:00:25,587] Trial 16 pruned. 
[I 2026-03-18 21:00:27,983] Trial 21 pruned. 
[I 2026-03-18 21:00:28,701] Trial 21 pruned. 
[I 2026-03-18 21:00:31,438] Trial 13 pruned. 
[I 2026-03-18 21:00:35,790] Trial 22 finished with value: -1.3272908841646636 and parameters: {'n_layers_yyx': 2, 'hidden_size_yyx_l0': 3, 'hidden_size_yyx_l1': 4, 'context_size_yyx': 2, 'num_mix_components_yyx': 2, 'context_extractor_yyx': 'lstm', 'activation_func_yyx': 'GELU', 'L2_weight_yyx': 4.685718047051548e-08, 'L_entropy_weight_yyx': 1.913361706454357e-06, 'L_sep_weight_yyx': 0.00014712126565397576, 'L_scale_weight_yyx': 5.179365567507369e-09, 'learning_rate_yyx': 0.0072078135852123104}. Best is trial 19 with value: -1.4628589806189904.
[I 2026-03-18 21:00:41,005] Trial 19 pruned. 
[I 2026-03-18 21:00:41,774] Trial 21 finished with value: -1.8931661803146889 and parameters: {'n_layers_yyx': 2, 'hidden_size_yyx_l0': 3, 'hidden_size_yyx_l1': 6, 'context_size_yyx': 3, 'num_mix_components_yyx': 4, 'context_extractor_yyx': 'lstm', 'activation_func_yyx': 'ReLU', 'L2_weight_yyx': 2.5995728840250533e-05, 'L_entropy_weight_yyx': 2.446970637621797e-06, 'L_sep_weight_yyx': 3.3982967622460125e-07, 'L_scale_weight_yyx': 1.02194735096776e-10, 'learning_rate_yyx': 0.00990387244051647}. Best is trial 4 with value: -1.896486501584108.
[I 2026-03-18 21:00:52,398] Trial 37 pruned. 
[I 2026-03-18 21:00:59,227] Trial 11 finished with value: -1.9393307291965969 and parameters: {'n_layers_yyx': 1, 'hidden_size_yyx_l0': 3, 'context_size_yyx': 4, 'num_mix_components_yyx': 1, 'context_extractor_yyx': 'gru', 'activation_func_yyx': 'ReLU', 'L2_weight_yyx': 2.0340379152788823e-08, 'L_entropy_weight_yyx': 2.985209698902273e-10, 'L_sep_weight_yyx': 0.000944199988462787, 'L_scale_weight_yyx': 4.7798201841308665e-06, 'learning_rate_yyx': 0.009091187865188874}. Best is trial 10 with value: -1.9395614910230956.
[I 2026-03-18 21:00:59,721] Trial 27 pruned. 
[I 2026-03-18 21:01:01,834] Trial 21 finished with value: -1.4174630502554086 and parameters: {'n_layers_yyx': 2, 'hidden_size_yyx_l0': 6, 'hidden_size_yyx_l1': 5, 'context_size_yyx': 4, 'num_mix_components_yyx': 2, 'context_extractor_yyx': 'gru', 'activation_func_yyx': 'GELU', 'L2_weight_yyx': 4.8499545735426915e-08, 'L_entropy_weight_yyx': 0.00010582166790412715, 'L_sep_weight_yyx': 1.794484049914104e-07, 'L_scale_weight_yyx': 1.0011463309044815e-09, 'learning_rate_yyx': 0.009370145260720188}. Best is trial 1 with value: -1.4389243727463943.
[I 2026-03-18 21:01:06,401] Trial 20 pruned. 
[I 2026-03-18 21:01:07,276] Trial 13 finished with value: -1.4490255267803485 and parameters: {'n_layers_yyx': 1, 'hidden_size_yyx_l0': 4, 'context_size_yyx': 3, 'num_mix_components_yyx': 4, 'context_extractor_yyx': 'lstm', 'activation_func_yyx': 'ReLU', 'L2_weight_yyx': 2.452368237467495e-06, 'L_entropy_weight_yyx': 3.404772752105146e-07, 'L_sep_weight_yyx': 8.299530422090498e-06, 'L_scale_weight_yyx': 2.569094714365138e-06, 'learning_rate_yyx': 0.005372760222476147}. Best is trial 13 with value: -1.4490255267803485.
[I 2026-03-18 21:01:09,956] Trial 17 pruned. 
[I 2026-03-18 21:01:11,199] Trial 23 finished with value: -1.3940486731896033 and parameters: {'n_layers_yyx': 1, 'hidden_size_yyx_l0': 6, 'context_size_yyx': 3, 'num_mix_components_yyx': 4, 'context_extractor_yyx': 'gru', 'activation_func_yyx': 'Tanh', 'L2_weight_yyx': 8.783817612388231e-10, 'L_entropy_weight_yyx': 5.3717141838289694e-08, 'L_sep_weight_yyx': 1.1552902790388739e-09, 'L_scale_weight_yyx': 2.6202270337582087e-05, 'learning_rate_yyx': 0.004637138391610735}. Best is trial 18 with value: -1.4460073383037861.
[I 2026-03-18 21:01:11,512] Trial 22 pruned. 
[I 2026-03-18 21:01:12,256] Trial 21 pruned. 
[I 2026-03-18 21:01:17,517] Trial 23 pruned. 
[I 2026-03-18 21:01:18,341] Trial 14 pruned. 
[I 2026-03-18 21:01:23,742] Trial 18 finished with value: -1.8513545659541752 and parameters: {'n_layers_yyx': 2, 'hidden_size_yyx_l0': 4, 'hidden_size_yyx_l1': 5, 'context_size_yyx': 3, 'num_mix_components_yyx': 4, 'context_extractor_yyx': 'gru', 'activation_func_yyx': 'Tanh', 'L2_weight_yyx': 1.4749221792244265e-07, 'L_entropy_weight_yyx': 5.483073358164622e-08, 'L_sep_weight_yyx': 5.6497943365242095e-09, 'L_scale_weight_yyx': 7.661338232275556e-10, 'learning_rate_yyx': 0.00776153958799773}. Best is trial 9 with value: -1.8570869006965198.
[I 2026-03-18 21:01:28,863] Trial 22 pruned. 
[I 2026-03-18 21:01:36,905] Trial 28 pruned. 
[I 2026-03-18 21:01:37,206] Trial 24 pruned. 
[I 2026-03-18 21:01:40,838] Trial 12 pruned. 
[I 2026-03-18 21:01:42,258] Trial 38 pruned. 
[I 2026-03-18 21:01:43,122] Trial 19 finished with value: -1.3244935021033655 and parameters: {'n_layers_yyx': 1, 'hidden_size_yyx_l0': 5, 'context_size_yyx': 3, 'num_mix_components_yyx': 4, 'context_extractor_yyx': 'lstm', 'activation_func_yyx': 'Tanh', 'L2_weight_yyx': 1.1796170246973195e-05, 'L_entropy_weight_yyx': 3.002610636152977e-05, 'L_sep_weight_yyx': 1.379490188787151e-06, 'L_scale_weight_yyx': 1.3953103604003145e-05, 'learning_rate_yyx': 0.0009045608390994119}. Best is trial 7 with value: -1.4538350266676683.
[I 2026-03-18 21:01:53,132] Trial 17 finished with value: -2.457395649215215 and parameters: {'n_layers_yyx': 1, 'hidden_size_yyx_l0': 6, 'context_size_yyx': 4, 'num_mix_components_yyx': 2, 'context_extractor_yyx': 'lstm', 'activation_func_yyx': 'ReLU', 'L2_weight_yyx': 2.2440592799567403e-08, 'L_entropy_weight_yyx': 3.2001304121750935e-08, 'L_sep_weight_yyx': 4.3358158771374335e-07, 'L_scale_weight_yyx': 1.257774904033305e-06, 'learning_rate_yyx': 0.007164719889401456}. Best is trial 13 with value: -2.4850502863404977.
[I 2026-03-18 21:01:59,314] Trial 25 pruned. 
[I 2026-03-18 21:02:03,195] Trial 16 pruned. 
[I 2026-03-18 21:02:05,670] Trial 19 pruned. 
[I 2026-03-18 21:02:13,582] Trial 29 pruned. 
[I 2026-03-18 21:02:17,580] Trial 18 pruned. 
[I 2026-03-18 21:02:21,725] Trial 15 finished with value: -2.493036362551154 and parameters: {'n_layers_yyx': 1, 'hidden_size_yyx_l0': 6, 'context_size_yyx': 4, 'num_mix_components_yyx': 5, 'context_extractor_yyx': 'gru', 'activation_func_yyx': 'GELU', 'L2_weight_yyx': 9.558911431338048e-09, 'L_entropy_weight_yyx': 2.166284453818925e-06, 'L_sep_weight_yyx': 1.0946380510042282e-10, 'L_scale_weight_yyx': 1.3117295081546123e-06, 'learning_rate_yyx': 0.007294630936050253}. Best is trial 4 with value: -2.49523174750643.
[I 2026-03-18 21:02:21,943] Trial 13 pruned. 
[I 2026-03-18 21:02:29,285] Trial 22 pruned. 
[I 2026-03-18 21:02:32,236] Trial 39 pruned. 
[I 2026-03-18 21:02:34,184] Trial 23 pruned. 
[I 2026-03-18 21:02:34,255] Trial 24 pruned. 
[I 2026-03-18 21:02:35,139] Trial 16 finished with value: -1.4314359224759616 and parameters: {'n_layers_yyx': 2, 'hidden_size_yyx_l0': 2, 'hidden_size_yyx_l1': 5, 'context_size_yyx': 4, 'num_mix_components_yyx': 2, 'context_extractor_yyx': 'gru', 'activation_func_yyx': 'Tanh', 'L2_weight_yyx': 5.606020794355155e-05, 'L_entropy_weight_yyx': 9.862649778039762e-05, 'L_sep_weight_yyx': 3.381533210515898e-06, 'L_scale_weight_yyx': 5.543845187580329e-07, 'learning_rate_yyx': 0.006087240599409628}. Best is trial 13 with value: -1.4421805044320914.
[I 2026-03-18 21:02:42,745] Trial 17 pruned. 
[I 2026-03-18 21:02:43,086] Trial 20 pruned. 
[I 2026-03-18 21:02:45,404] Trial 22 finished with value: -1.3347314922626201 and parameters: {'n_layers_yyx': 2, 'hidden_size_yyx_l0': 5, 'hidden_size_yyx_l1': 6, 'context_size_yyx': 3, 'num_mix_components_yyx': 2, 'context_extractor_yyx': 'lstm', 'activation_func_yyx': 'Tanh', 'L2_weight_yyx': 0.00019919766918698731, 'L_entropy_weight_yyx': 2.3912155524845495e-07, 'L_sep_weight_yyx': 2.707540105816809e-05, 'L_scale_weight_yyx': 0.000816116955017255, 'learning_rate_yyx': 0.00641264593621678}. Best is trial 10 with value: -1.4553572904146634.
[I 2026-03-18 21:02:45,756] Trial 12 finished with value: -1.8566309981104903 and parameters: {'n_layers_yyx': 2, 'hidden_size_yyx_l0': 6, 'hidden_size_yyx_l1': 5, 'context_size_yyx': 1, 'num_mix_components_yyx': 2, 'context_extractor_yyx': 'gru', 'activation_func_yyx': 'GELU', 'L2_weight_yyx': 1.886999828182015e-05, 'L_entropy_weight_yyx': 1.0857038360081363e-10, 'L_sep_weight_yyx': 1.2353107603242224e-10, 'L_scale_weight_yyx': 1.230335732172245e-07, 'learning_rate_yyx': 0.0030783228617025367}. Best is trial 12 with value: -1.8566309981104903.
[I 2026-03-18 21:02:49,301] Trial 30 pruned. 
[I 2026-03-18 21:02:53,157] Trial 21 pruned. 
[I 2026-03-18 21:02:57,177] Trial 40 pruned. 
[I 2026-03-18 21:03:00,010] Trial 10 finished with value: -1.7781765407986112 and parameters: {'n_layers_yyx': 2, 'hidden_size_yyx_l0': 6, 'hidden_size_yyx_l1': 6, 'context_size_yyx': 4, 'num_mix_components_yyx': 5, 'context_extractor_yyx': 'gru', 'activation_func_yyx': 'ReLU', 'L2_weight_yyx': 5.6789882158660135e-09, 'L_entropy_weight_yyx': 2.3530358445735817e-06, 'L_sep_weight_yyx': 7.108706239550772e-06, 'L_scale_weight_yyx': 4.309465867866504e-10, 'learning_rate_yyx': 0.0024836682862355414}. Best is trial 7 with value: -1.7817573439472854.
[I 2026-03-18 21:03:02,579] Trial 15 pruned. 
[I 2026-03-18 21:03:07,722] Trial 7 finished with value: -1.4535823880709136 and parameters: {'n_layers_yyx': 1, 'hidden_size_yyx_l0': 6, 'context_size_yyx': 3, 'num_mix_components_yyx': 2, 'context_extractor_yyx': 'lstm', 'activation_func_yyx': 'ReLU', 'L2_weight_yyx': 0.0002804794046662363, 'L_entropy_weight_yyx': 1.583472438814564e-09, 'L_sep_weight_yyx': 4.462035035012796e-08, 'L_scale_weight_yyx': 0.00027036721125690583, 'learning_rate_yyx': 0.0017673316240262933}. Best is trial 7 with value: -1.4535823880709136.
[I 2026-03-18 21:03:09,676] Trial 18 pruned. 
[I 2026-03-18 21:03:13,217] Trial 20 pruned. 
[I 2026-03-18 21:03:15,733] Trial 17 pruned. 
[I 2026-03-18 21:03:15,754] Trial 25 pruned. 
[I 2026-03-18 21:03:16,464] Trial 27 finished with value: -1.8062570642302185 and parameters: {'n_layers_yyx': 1, 'hidden_size_yyx_l0': 5, 'context_size_yyx': 4, 'num_mix_components_yyx': 3, 'context_extractor_yyx': 'gru', 'activation_func_yyx': 'GELU', 'L2_weight_yyx': 5.148720096321342e-09, 'L_entropy_weight_yyx': 7.422264263349895e-06, 'L_sep_weight_yyx': 1.1711782664769595e-05, 'L_scale_weight_yyx': 8.707220555543346e-09, 'learning_rate_yyx': 0.009479879860902077}. Best is trial 27 with value: -1.8062570642302185.
[I 2026-03-18 21:03:23,916] Trial 11 pruned. 
[I 2026-03-18 21:03:25,602] Trial 18 pruned. 
[I 2026-03-18 21:03:26,693] Trial 23 pruned. 
[I 2026-03-18 21:03:27,555] Trial 26 pruned. 
[I 2026-03-18 21:03:29,065] Trial 8 pruned. 
[I 2026-03-18 21:03:29,861] Trial 11 finished with value: -1.8678091384441595 and parameters: {'n_layers_yyx': 1, 'hidden_size_yyx_l0': 5, 'context_size_yyx': 2, 'num_mix_components_yyx': 3, 'context_extractor_yyx': 'lstm', 'activation_func_yyx': 'ReLU', 'L2_weight_yyx': 3.0429135136872154e-08, 'L_entropy_weight_yyx': 3.038681691498349e-05, 'L_sep_weight_yyx': 0.0001638301794759551, 'L_scale_weight_yyx': 4.916771743190199e-08, 'learning_rate_yyx': 0.0035880231942364456}. Best is trial 9 with value: -1.8693153029304443.
[I 2026-03-18 21:03:38,682] Trial 14 finished with value: -1.445308603140024 and parameters: {'n_layers_yyx': 2, 'hidden_size_yyx_l0': 4, 'hidden_size_yyx_l1': 6, 'context_size_yyx': 2, 'num_mix_components_yyx': 3, 'context_extractor_yyx': 'lstm', 'activation_func_yyx': 'ReLU', 'L2_weight_yyx': 1.775908215096511e-05, 'L_entropy_weight_yyx': 9.864914875120176e-07, 'L_sep_weight_yyx': 5.36294851323033e-06, 'L_scale_weight_yyx': 8.323521767799062e-05, 'learning_rate_yyx': 0.006411385036362981}. Best is trial 13 with value: -1.4490255267803485.
[I 2026-03-18 21:03:39,005] Trial 22 pruned. 
[I 2026-03-18 21:03:43,644] Trial 14 finished with value: -1.8529119564275813 and parameters: {'n_layers_yyx': 1, 'hidden_size_yyx_l0': 5, 'context_size_yyx': 2, 'num_mix_components_yyx': 2, 'context_extractor_yyx': 'lstm', 'activation_func_yyx': 'ReLU', 'L2_weight_yyx': 3.6620072295594755e-05, 'L_entropy_weight_yyx': 2.6048732701466796e-09, 'L_sep_weight_yyx': 3.7150796296987964e-09, 'L_scale_weight_yyx': 0.0001235305800381704, 'learning_rate_yyx': 0.009805159467669144}. Best is trial 1 with value: -1.8555367853768732.
[I 2026-03-18 21:03:46,137] Trial 11 finished with value: -2.472929883499765 and parameters: {'n_layers_yyx': 2, 'hidden_size_yyx_l0': 2, 'hidden_size_yyx_l1': 4, 'context_size_yyx': 1, 'num_mix_components_yyx': 4, 'context_extractor_yyx': 'lstm', 'activation_func_yyx': 'Tanh', 'L2_weight_yyx': 1.1249652932268598e-10, 'L_entropy_weight_yyx': 0.0009320121843120337, 'L_sep_weight_yyx': 2.0231202747551042e-10, 'L_scale_weight_yyx': 0.000285270818028071, 'learning_rate_yyx': 0.0033027164499749846}. Best is trial 10 with value: -2.473193107036748.
[I 2026-03-18 21:03:48,390] Trial 19 pruned. 
[I 2026-03-18 21:03:48,454] Trial 16 pruned. 
[I 2026-03-18 21:03:48,595] Trial 24 finished with value: -1.8481194689140599 and parameters: {'n_layers_yyx': 1, 'hidden_size_yyx_l0': 2, 'context_size_yyx': 4, 'num_mix_components_yyx': 4, 'context_extractor_yyx': 'gru', 'activation_func_yyx': 'ReLU', 'L2_weight_yyx': 1.6158982467014773e-05, 'L_entropy_weight_yyx': 6.056539117241506e-07, 'L_sep_weight_yyx': 0.00020595525534682833, 'L_scale_weight_yyx': 9.442131861253433e-06, 'learning_rate_yyx': 0.006092285984393609}. Best is trial 0 with value: -1.8516305051550026.
[I 2026-03-18 21:03:54,919] Trial 12 pruned. 
[I 2026-03-18 21:03:58,669] Trial 15 pruned. 
[I 2026-03-18 21:04:05,329] Trial 14 pruned. 
[I 2026-03-18 21:04:11,025] Trial 17 pruned. 
[I 2026-03-18 21:04:16,159] Trial 19 pruned. 
[I 2026-03-18 21:04:16,371] Trial 13 pruned. 
[I 2026-03-18 21:04:21,717] Trial 22 finished with value: -1.5596884730871887 and parameters: {'n_layers_yyx': 2, 'hidden_size_yyx_l0': 4, 'hidden_size_yyx_l1': 5, 'context_size_yyx': 2, 'num_mix_components_yyx': 4, 'context_extractor_yyx': 'gru', 'activation_func_yyx': 'Tanh', 'L2_weight_yyx': 2.0221948217320507e-05, 'L_entropy_weight_yyx': 1.4327832526110652e-10, 'L_sep_weight_yyx': 8.58990774660792e-09, 'L_scale_weight_yyx': 5.56585506782511e-08, 'learning_rate_yyx': 0.005460691278666836}. Best is trial 13 with value: -1.5658462904526245.
[I 2026-03-18 21:04:22,410] Trial 14 finished with value: -1.9337542258067992 and parameters: {'n_layers_yyx': 2, 'hidden_size_yyx_l0': 4, 'hidden_size_yyx_l1': 5, 'context_size_yyx': 2, 'num_mix_components_yyx': 3, 'context_extractor_yyx': 'gru', 'activation_func_yyx': 'GELU', 'L2_weight_yyx': 1.0435844955086417e-05, 'L_entropy_weight_yyx': 0.0001674677946194936, 'L_sep_weight_yyx': 3.036859271390668e-06, 'L_scale_weight_yyx': 1.0149416397921044e-08, 'learning_rate_yyx': 0.008885284104647263}. Best is trial 14 with value: -1.9337542258067992.
[I 2026-03-18 21:04:23,689] Trial 31 pruned. 
[I 2026-03-18 21:04:23,927] Trial 23 pruned. 
[I 2026-03-18 21:04:25,435] Trial 15 pruned. 
[I 2026-03-18 21:04:29,117] Trial 21 pruned. 
[I 2026-03-18 21:04:31,892] Trial 25 pruned. 
[I 2026-03-18 21:04:32,442] Trial 18 pruned. 
[I 2026-03-18 21:04:34,124] Trial 16 pruned. 
[I 2026-03-18 21:04:34,355] Trial 13 pruned. 
[I 2026-03-18 21:04:38,373] Trial 14 pruned. 
[I 2026-03-18 21:04:42,048] Trial 20 pruned. 
[I 2026-03-18 21:04:48,361] Trial 15 pruned. 
[I 2026-03-18 21:04:52,285] Trial 23 finished with value: -1.890364339981956 and parameters: {'n_layers_yyx': 2, 'hidden_size_yyx_l0': 3, 'hidden_size_yyx_l1': 6, 'context_size_yyx': 2, 'num_mix_components_yyx': 5, 'context_extractor_yyx': 'lstm', 'activation_func_yyx': 'ReLU', 'L2_weight_yyx': 0.00011050206748598182, 'L_entropy_weight_yyx': 0.00015215628101963882, 'L_sep_weight_yyx': 1.2444160997977271e-08, 'L_scale_weight_yyx': 1.3515600372670508e-10, 'learning_rate_yyx': 0.005110933250898717}. Best is trial 4 with value: -1.896486501584108.
[I 2026-03-18 21:04:53,795] Trial 16 finished with value: -1.7806213008996212 and parameters: {'n_layers_yyx': 2, 'hidden_size_yyx_l0': 6, 'hidden_size_yyx_l1': 5, 'context_size_yyx': 2, 'num_mix_components_yyx': 5, 'context_extractor_yyx': 'gru', 'activation_func_yyx': 'ReLU', 'L2_weight_yyx': 2.5536744286961773e-08, 'L_entropy_weight_yyx': 3.0037736209417392e-06, 'L_sep_weight_yyx': 3.8149580819413625e-05, 'L_scale_weight_yyx': 1.0754152327850374e-10, 'learning_rate_yyx': 0.002243013618220602}. Best is trial 4 with value: -1.7875800731928662.
[I 2026-03-18 21:04:56,647] Trial 41 finished with value: -2.472346918336999 and parameters: {'n_layers_yyx': 1, 'hidden_size_yyx_l0': 6, 'context_size_yyx': 3, 'num_mix_components_yyx': 5, 'context_extractor_yyx': 'gru', 'activation_func_yyx': 'ReLU', 'L2_weight_yyx': 7.106045006942935e-08, 'L_entropy_weight_yyx': 8.98826669152075e-09, 'L_sep_weight_yyx': 7.20368466114741e-05, 'L_scale_weight_yyx': 0.00011733481206296142, 'learning_rate_yyx': 0.008263799608356825}. Best is trial 25 with value: -2.4764732316599813.
[I 2026-03-18 21:04:56,674] Trial 17 pruned. 
[I 2026-03-18 21:04:56,889] Trial 22 pruned. 
[I 2026-03-18 21:04:58,149] Trial 19 pruned. 
[I 2026-03-18 21:05:02,019] Trial 23 pruned. 
[I 2026-03-18 21:05:09,352] Trial 24 pruned. 
[I 2026-03-18 21:05:09,425] Trial 16 pruned. 
[I 2026-03-18 21:05:10,426] Trial 16 pruned. 
[I 2026-03-18 21:05:13,702] Trial 18 pruned. 
[I 2026-03-18 21:05:17,616] Trial 17 pruned. 
[I 2026-03-18 21:05:17,704] Trial 26 pruned. 
[I 2026-03-18 21:05:19,522] Trial 23 pruned. 
[I 2026-03-18 21:05:21,553] Trial 24 pruned. 
[I 2026-03-18 21:05:30,909] Trial 21 pruned. 
[I 2026-03-18 21:05:31,805] Trial 25 pruned. 
[I 2026-03-18 21:05:31,897] Trial 17 pruned. 
[I 2026-03-18 21:05:32,483] Trial 17 pruned. 
[I 2026-03-18 21:05:38,400] Trial 17 finished with value: -1.8903958034379722 and parameters: {'n_layers_yyx': 2, 'hidden_size_yyx_l0': 3, 'hidden_size_yyx_l1': 2, 'context_size_yyx': 1, 'num_mix_components_yyx': 5, 'context_extractor_yyx': 'lstm', 'activation_func_yyx': 'ReLU', 'L2_weight_yyx': 9.666503348626753e-05, 'L_entropy_weight_yyx': 1.446278691586069e-06, 'L_sep_weight_yyx': 2.84798230241716e-08, 'L_scale_weight_yyx': 0.00018657452474169962, 'learning_rate_yyx': 0.0042042539527110765}. Best is trial 5 with value: -1.89157565728699.
[I 2026-03-18 21:05:39,497] Trial 18 pruned. 
[I 2026-03-18 21:05:41,209] Trial 20 pruned. 
[I 2026-03-18 21:05:42,357] Trial 25 pruned. 
[I 2026-03-18 21:05:48,552] Trial 18 finished with value: -1.4155259587214544 and parameters: {'n_layers_yyx': 2, 'hidden_size_yyx_l0': 2, 'hidden_size_yyx_l1': 5, 'context_size_yyx': 2, 'num_mix_components_yyx': 4, 'context_extractor_yyx': 'lstm', 'activation_func_yyx': 'GELU', 'L2_weight_yyx': 3.039559440384525e-09, 'L_entropy_weight_yyx': 0.00014533859280575022, 'L_sep_weight_yyx': 1.7113185446612314e-08, 'L_scale_weight_yyx': 2.047680383969448e-05, 'learning_rate_yyx': 0.006877698217042266}. Best is trial 13 with value: -1.4421805044320914.
[I 2026-03-18 21:05:54,042] Trial 18 pruned. 
[I 2026-03-18 21:05:59,064] Trial 27 pruned. 
[I 2026-03-18 21:06:00,966] Trial 19 pruned. 
[I 2026-03-18 21:06:01,715] Trial 23 finished with value: -1.347415748009315 and parameters: {'n_layers_yyx': 2, 'hidden_size_yyx_l0': 5, 'hidden_size_yyx_l1': 6, 'context_size_yyx': 4, 'num_mix_components_yyx': 1, 'context_extractor_yyx': 'gru', 'activation_func_yyx': 'GELU', 'L2_weight_yyx': 7.686814296387914e-09, 'L_entropy_weight_yyx': 5.323412261169101e-07, 'L_sep_weight_yyx': 1.673421669442945e-08, 'L_scale_weight_yyx': 1.948162210478516e-08, 'learning_rate_yyx': 0.006901717155269119}. Best is trial 1 with value: -1.4389243727463943.
[I 2026-03-18 21:06:16,535] Trial 12 finished with value: -1.779120058001894 and parameters: {'n_layers_yyx': 2, 'hidden_size_yyx_l0': 6, 'hidden_size_yyx_l1': 5, 'context_size_yyx': 4, 'num_mix_components_yyx': 3, 'context_extractor_yyx': 'gru', 'activation_func_yyx': 'GELU', 'L2_weight_yyx': 1.3048377640947113e-08, 'L_entropy_weight_yyx': 1.1873929146907365e-06, 'L_sep_weight_yyx': 1.4308176795462062e-06, 'L_scale_weight_yyx': 6.6157806803759645e-06, 'learning_rate_yyx': 0.00929525602499733}. Best is trial 7 with value: -1.7817573439472854.
[I 2026-03-18 21:06:19,184] Trial 14 pruned. 
[I 2026-03-18 21:06:21,556] Trial 24 pruned. 
[I 2026-03-18 21:06:24,093] Trial 21 pruned. 
[I 2026-03-18 21:06:35,673] Trial 19 pruned. 
[I 2026-03-18 21:06:35,680] Trial 26 finished with value: -1.4555079064002403 and parameters: {'n_layers_yyx': 1, 'hidden_size_yyx_l0': 4, 'context_size_yyx': 4, 'num_mix_components_yyx': 5, 'context_extractor_yyx': 'gru', 'activation_func_yyx': 'Tanh', 'L2_weight_yyx': 1.9713760395302654e-07, 'L_entropy_weight_yyx': 1.2080548034513057e-05, 'L_sep_weight_yyx': 3.314184523135511e-08, 'L_scale_weight_yyx': 6.816059995810504e-06, 'learning_rate_yyx': 0.007183867471166355}. Best is trial 26 with value: -1.4555079064002403.
[I 2026-03-18 21:06:41,524] Trial 25 pruned. 
[I 2026-03-18 21:06:41,702] Trial 15 pruned. 
[I 2026-03-18 21:06:41,702] Trial 20 pruned. 
[I 2026-03-18 21:06:43,642] Trial 19 finished with value: -1.859626754158004 and parameters: {'n_layers_yyx': 2, 'hidden_size_yyx_l0': 5, 'hidden_size_yyx_l1': 5, 'context_size_yyx': 4, 'num_mix_components_yyx': 2, 'context_extractor_yyx': 'lstm', 'activation_func_yyx': 'Tanh', 'L2_weight_yyx': 6.596852813678142e-05, 'L_entropy_weight_yyx': 4.328523932465701e-09, 'L_sep_weight_yyx': 2.214175041448276e-08, 'L_scale_weight_yyx': 1.0339199480105637e-06, 'learning_rate_yyx': 0.006464867303992798}. Best is trial 11 with value: -1.8610449438696508.
[I 2026-03-18 21:06:44,556] Trial 19 pruned. 
[I 2026-03-18 21:06:45,724] Trial 28 finished with value: -1.794672322263139 and parameters: {'n_layers_yyx': 2, 'hidden_size_yyx_l0': 6, 'hidden_size_yyx_l1': 5, 'context_size_yyx': 4, 'num_mix_components_yyx': 3, 'context_extractor_yyx': 'gru', 'activation_func_yyx': 'ReLU', 'L2_weight_yyx': 6.503831774652803e-09, 'L_entropy_weight_yyx': 6.779673012620341e-06, 'L_sep_weight_yyx': 5.853134101539795e-06, 'L_scale_weight_yyx': 6.660004733540619e-07, 'learning_rate_yyx': 0.009782842141718514}. Best is trial 27 with value: -1.8062570642302185.
[I 2026-03-18 21:06:45,904] Trial 22 pruned. 
[I 2026-03-18 21:06:47,945] Trial 24 finished with value: -1.4451058725210337 and parameters: {'n_layers_yyx': 2, 'hidden_size_yyx_l0': 6, 'hidden_size_yyx_l1': 5, 'context_size_yyx': 3, 'num_mix_components_yyx': 4, 'context_extractor_yyx': 'lstm', 'activation_func_yyx': 'Tanh', 'L2_weight_yyx': 8.596419827346238e-07, 'L_entropy_weight_yyx': 1.4762314980787148e-08, 'L_sep_weight_yyx': 0.00022443617762775853, 'L_scale_weight_yyx': 8.020001521708629e-08, 'learning_rate_yyx': 0.007685755921224613}. Best is trial 10 with value: -1.4553572904146634.
[I 2026-03-18 21:06:59,442] Trial 26 pruned. 
[I 2026-03-18 21:07:03,418] Trial 24 finished with value: -1.4518791534615763 and parameters: {'n_layers_yyx': 1, 'hidden_size_yyx_l0': 4, 'context_size_yyx': 4, 'num_mix_components_yyx': 3, 'context_extractor_yyx': 'gru', 'activation_func_yyx': 'Tanh', 'L2_weight_yyx': 1.3353357890721314e-07, 'L_entropy_weight_yyx': 4.219590946351401e-06, 'L_sep_weight_yyx': 2.7920321756381407e-06, 'L_scale_weight_yyx': 8.785706413909686e-08, 'learning_rate_yyx': 0.0060615708228167605}. Best is trial 24 with value: -1.4518791534615763.
[I 2026-03-18 21:07:08,288] Trial 25 pruned. 
[I 2026-03-18 21:07:14,759] Trial 19 pruned. 
[I 2026-03-18 21:07:14,950] Trial 20 pruned. 
[I 2026-03-18 21:07:18,286] Trial 20 pruned. 
[I 2026-03-18 21:07:18,463] Trial 18 pruned. 
[I 2026-03-18 21:07:22,741] Trial 21 pruned. 
[I 2026-03-18 21:07:24,213] Trial 9 finished with value: -1.3204298753004808 and parameters: {'n_layers_yyx': 2, 'hidden_size_yyx_l0': 5, 'hidden_size_yyx_l1': 6, 'context_size_yyx': 3, 'num_mix_components_yyx': 1, 'context_extractor_yyx': 'gru', 'activation_func_yyx': 'ReLU', 'L2_weight_yyx': 2.401140982554976e-10, 'L_entropy_weight_yyx': 1.9517902537224034e-07, 'L_sep_weight_yyx': 2.696322307306097e-07, 'L_scale_weight_yyx': 5.041839499213881e-10, 'learning_rate_yyx': 0.0028201818510750635}. Best is trial 7 with value: -1.4535823880709136.
[I 2026-03-18 21:07:24,820] Trial 22 pruned. 
[I 2026-03-18 21:07:25,331] Trial 29 pruned. 
[I 2026-03-18 21:07:25,593] Trial 20 pruned. 
[I 2026-03-18 21:07:25,596] Trial 20 finished with value: -1.7865039802320075 and parameters: {'n_layers_yyx': 2, 'hidden_size_yyx_l0': 2, 'hidden_size_yyx_l1': 5, 'context_size_yyx': 4, 'num_mix_components_yyx': 2, 'context_extractor_yyx': 'gru', 'activation_func_yyx': 'Tanh', 'L2_weight_yyx': 5.822090268420519e-10, 'L_entropy_weight_yyx': 1.193705196679586e-06, 'L_sep_weight_yyx': 0.0006597173089247231, 'L_scale_weight_yyx': 2.6047694662515685e-07, 'learning_rate_yyx': 0.009831511962813426}. Best is trial 16 with value: -1.790272919625947.
[I 2026-03-18 21:07:26,671] Trial 12 finished with value: -2.4732728871279206 and parameters: {'n_layers_yyx': 2, 'hidden_size_yyx_l0': 2, 'hidden_size_yyx_l1': 6, 'context_size_yyx': 1, 'num_mix_components_yyx': 4, 'context_extractor_yyx': 'lstm', 'activation_func_yyx': 'Tanh', 'L2_weight_yyx': 1.989865763907743e-10, 'L_entropy_weight_yyx': 0.000850673606501156, 'L_sep_weight_yyx': 1.4801287301700522e-10, 'L_scale_weight_yyx': 0.0005696351324867941, 'learning_rate_yyx': 0.0034571020028417968}. Best is trial 12 with value: -2.4732728871279206.
[I 2026-03-18 21:07:27,569] Trial 27 finished with value: -1.4411741286057693 and parameters: {'n_layers_yyx': 2, 'hidden_size_yyx_l0': 4, 'hidden_size_yyx_l1': 5, 'context_size_yyx': 1, 'num_mix_components_yyx': 2, 'context_extractor_yyx': 'lstm', 'activation_func_yyx': 'ReLU', 'L2_weight_yyx': 1.8102011105780484e-08, 'L_entropy_weight_yyx': 5.30550091637724e-05, 'L_sep_weight_yyx': 5.195514893097815e-07, 'L_scale_weight_yyx': 1.7651441470302703e-09, 'learning_rate_yyx': 0.0064317973907498435}. Best is trial 19 with value: -1.4628589806189904.
[I 2026-03-18 21:07:28,825] Trial 23 pruned. 
[I 2026-03-18 21:07:33,313] Trial 15 finished with value: -1.8695785775072098 and parameters: {'n_layers_yyx': 1, 'hidden_size_yyx_l0': 5, 'context_size_yyx': 4, 'num_mix_components_yyx': 4, 'context_extractor_yyx': 'lstm', 'activation_func_yyx': 'ReLU', 'L2_weight_yyx': 1.681624948280058e-09, 'L_entropy_weight_yyx': 1.020287151532632e-05, 'L_sep_weight_yyx': 3.623831130109419e-05, 'L_scale_weight_yyx': 1.1654475985040013e-08, 'learning_rate_yyx': 0.009800664663175283}. Best is trial 15 with value: -1.8695785775072098.
[I 2026-03-18 21:07:40,187] Trial 28 pruned. 
[I 2026-03-18 21:07:42,025] Trial 21 finished with value: -1.4141503201998198 and parameters: {'n_layers_yyx': 1, 'hidden_size_yyx_l0': 6, 'context_size_yyx': 4, 'num_mix_components_yyx': 2, 'context_extractor_yyx': 'lstm', 'activation_func_yyx': 'Tanh', 'L2_weight_yyx': 0.0001082806803558554, 'L_entropy_weight_yyx': 0.0003236861028866095, 'L_sep_weight_yyx': 1.2305137216523175e-10, 'L_scale_weight_yyx': 2.6270767294085697e-06, 'learning_rate_yyx': 0.006297357900315718}. Best is trial 7 with value: -1.4538350266676683.
[I 2026-03-18 21:07:44,347] Trial 18 finished with value: -1.4371488600510818 and parameters: {'n_layers_yyx': 2, 'hidden_size_yyx_l0': 6, 'hidden_size_yyx_l1': 5, 'context_size_yyx': 2, 'num_mix_components_yyx': 3, 'context_extractor_yyx': 'lstm', 'activation_func_yyx': 'ReLU', 'L2_weight_yyx': 2.718547121642368e-06, 'L_entropy_weight_yyx': 6.361708765785353e-05, 'L_sep_weight_yyx': 2.6985185762103764e-06, 'L_scale_weight_yyx': 0.00010258245526534188, 'learning_rate_yyx': 0.009383292731284009}. Best is trial 13 with value: -1.4490255267803485.
[I 2026-03-18 21:07:49,042] Trial 28 pruned. 
[I 2026-03-18 21:07:52,307] Trial 24 pruned. 
[I 2026-03-18 21:07:54,704] Trial 13 pruned. 
[I 2026-03-18 21:07:54,911] Trial 16 finished with value: -2.486508458955472 and parameters: {'n_layers_yyx': 1, 'hidden_size_yyx_l0': 4, 'context_size_yyx': 1, 'num_mix_components_yyx': 4, 'context_extractor_yyx': 'gru', 'activation_func_yyx': 'Tanh', 'L2_weight_yyx': 1.2100714184546184e-06, 'L_entropy_weight_yyx': 4.289351257320714e-08, 'L_sep_weight_yyx': 8.201627507037797e-06, 'L_scale_weight_yyx': 4.717409846334656e-09, 'learning_rate_yyx': 0.001581526869022992}. Best is trial 4 with value: -2.49523174750643.
[I 2026-03-18 21:07:57,289] Trial 21 pruned. 
[I 2026-03-18 21:08:10,641] Trial 24 finished with value: -1.896696364742586 and parameters: {'n_layers_yyx': 2, 'hidden_size_yyx_l0': 4, 'hidden_size_yyx_l1': 5, 'context_size_yyx': 4, 'num_mix_components_yyx': 4, 'context_extractor_yyx': 'lstm', 'activation_func_yyx': 'ReLU', 'L2_weight_yyx': 1.500590123749613e-06, 'L_entropy_weight_yyx': 1.1461219945264224e-06, 'L_sep_weight_yyx': 2.966315279959134e-06, 'L_scale_weight_yyx': 4.751395960305108e-09, 'learning_rate_yyx': 0.008066512228716433}. Best is trial 24 with value: -1.896696364742586.
[I 2026-03-18 21:08:18,001] Trial 17 pruned. 
[I 2026-03-18 21:08:22,102] Trial 19 pruned. 
[I 2026-03-18 21:08:32,590] Trial 25 pruned. 
[I 2026-03-18 21:08:36,449] Trial 26 pruned. 
[I 2026-03-18 21:08:42,611] Trial 20 pruned. 
[I 2026-03-18 21:08:47,292] Trial 21 pruned. 
[I 2026-03-18 21:08:48,874] Trial 18 finished with value: -1.9380675214491772 and parameters: {'n_layers_yyx': 1, 'hidden_size_yyx_l0': 5, 'context_size_yyx': 4, 'num_mix_components_yyx': 2, 'context_extractor_yyx': 'gru', 'activation_func_yyx': 'ReLU', 'L2_weight_yyx': 1.9551129668892798e-10, 'L_entropy_weight_yyx': 4.314578046493396e-10, 'L_sep_weight_yyx': 0.0006774106795132552, 'L_scale_weight_yyx': 7.067821826419169e-05, 'learning_rate_yyx': 0.009790620311010712}. Best is trial 10 with value: -1.9395614910230956.
[I 2026-03-18 21:08:50,996] Trial 42 finished with value: -2.4748586099316627 and parameters: {'n_layers_yyx': 1, 'hidden_size_yyx_l0': 6, 'context_size_yyx': 2, 'num_mix_components_yyx': 5, 'context_extractor_yyx': 'gru', 'activation_func_yyx': 'ReLU', 'L2_weight_yyx': 1.477128367780892e-07, 'L_entropy_weight_yyx': 4.084091874348717e-09, 'L_sep_weight_yyx': 2.1351033750379884e-05, 'L_scale_weight_yyx': 0.00040614186971572424, 'learning_rate_yyx': 0.008878210283349763}. Best is trial 25 with value: -2.4764732316599813.
[I 2026-03-18 21:09:00,909] Trial 22 pruned. 
[I 2026-03-18 21:09:01,627] Trial 20 pruned. 
[I 2026-03-18 21:09:03,291] Trial 30 pruned. 
[I 2026-03-18 21:09:05,348] Trial 15 finished with value: -1.9301682781102245 and parameters: {'n_layers_yyx': 2, 'hidden_size_yyx_l0': 5, 'hidden_size_yyx_l1': 6, 'context_size_yyx': 2, 'num_mix_components_yyx': 4, 'context_extractor_yyx': 'gru', 'activation_func_yyx': 'GELU', 'L2_weight_yyx': 2.9304516896213145e-05, 'L_entropy_weight_yyx': 0.0005614028001815383, 'L_sep_weight_yyx': 7.074968806163881e-06, 'L_scale_weight_yyx': 1.0244744980557235e-08, 'learning_rate_yyx': 0.007544469581892143}. Best is trial 14 with value: -1.9337542258067992.
[I 2026-03-18 21:09:06,088] Trial 18 pruned. 
[I 2026-03-18 21:09:15,918] Trial 27 pruned. 
[I 2026-03-18 21:09:16,937] Trial 26 pruned. 
[I 2026-03-18 21:09:20,461] Trial 27 finished with value: -1.4666833965594952 and parameters: {'n_layers_yyx': 1, 'hidden_size_yyx_l0': 4, 'context_size_yyx': 4, 'num_mix_components_yyx': 5, 'context_extractor_yyx': 'lstm', 'activation_func_yyx': 'Tanh', 'L2_weight_yyx': 1.2635503805058642e-07, 'L_entropy_weight_yyx': 5.561534162847354e-08, 'L_sep_weight_yyx': 4.038677454762662e-08, 'L_scale_weight_yyx': 6.347062894374202e-06, 'learning_rate_yyx': 0.007529839362358873}. Best is trial 27 with value: -1.4666833965594952.
[I 2026-03-18 21:09:23,451] Trial 16 finished with value: -1.869386829511932 and parameters: {'n_layers_yyx': 1, 'hidden_size_yyx_l0': 6, 'context_size_yyx': 4, 'num_mix_components_yyx': 5, 'context_extractor_yyx': 'lstm', 'activation_func_yyx': 'ReLU', 'L2_weight_yyx': 2.3818568805008856e-09, 'L_entropy_weight_yyx': 4.905350926359548e-06, 'L_sep_weight_yyx': 6.460717464786129e-06, 'L_scale_weight_yyx': 6.6665971887324e-09, 'learning_rate_yyx': 0.009929668723584029}. Best is trial 15 with value: -1.8695785775072098.
[I 2026-03-18 21:09:25,342] Trial 31 pruned. 
[I 2026-03-18 21:09:26,890] Trial 22 pruned. 
[I 2026-03-18 21:09:28,233] Trial 25 finished with value: -1.3241790435599081 and parameters: {'n_layers_yyx': 1, 'hidden_size_yyx_l0': 4, 'context_size_yyx': 4, 'num_mix_components_yyx': 2, 'context_extractor_yyx': 'gru', 'activation_func_yyx': 'Tanh', 'L2_weight_yyx': 1.358772284052856e-06, 'L_entropy_weight_yyx': 2.928519093507835e-06, 'L_sep_weight_yyx': 4.580462606254837e-06, 'L_scale_weight_yyx': 6.372628955030438e-08, 'learning_rate_yyx': 0.006970244655409609}. Best is trial 24 with value: -1.4518791534615763.
[I 2026-03-18 21:09:30,588] Trial 19 pruned. 
[I 2026-03-18 21:09:31,459] Trial 19 pruned. 
[I 2026-03-18 21:09:34,777] Trial 26 finished with value: -1.8452544877811845 and parameters: {'n_layers_yyx': 2, 'hidden_size_yyx_l0': 3, 'hidden_size_yyx_l1': 6, 'context_size_yyx': 3, 'num_mix_components_yyx': 3, 'context_extractor_yyx': 'gru', 'activation_func_yyx': 'GELU', 'L2_weight_yyx': 2.020324261057052e-07, 'L_entropy_weight_yyx': 1.6718250559991698e-05, 'L_sep_weight_yyx': 0.0009438898852875164, 'L_scale_weight_yyx': 0.0006916238874363952, 'learning_rate_yyx': 0.007548569585427139}. Best is trial 16 with value: -1.8488733665890609.
[I 2026-03-18 21:09:35,229] Trial 14 pruned. 
[I 2026-03-18 21:09:37,369] Trial 25 pruned. 
[I 2026-03-18 21:09:41,371] Trial 24 finished with value: -1.8519287109375 and parameters: {'n_layers_yyx': 2, 'hidden_size_yyx_l0': 4, 'hidden_size_yyx_l1': 3, 'context_size_yyx': 2, 'num_mix_components_yyx': 5, 'context_extractor_yyx': 'lstm', 'activation_func_yyx': 'Tanh', 'L2_weight_yyx': 5.085256940645272e-05, 'L_entropy_weight_yyx': 5.693652752192465e-08, 'L_sep_weight_yyx': 4.10787091796717e-09, 'L_scale_weight_yyx': 1.5287393232800426e-07, 'learning_rate_yyx': 0.00853962694437021}. Best is trial 9 with value: -1.8570869006965198.
[I 2026-03-18 21:09:42,565] Trial 32 finished with value: -1.5064781063892803 and parameters: {'n_layers_yyx': 2, 'hidden_size_yyx_l0': 5, 'hidden_size_yyx_l1': 2, 'context_size_yyx': 2, 'num_mix_components_yyx': 2, 'context_extractor_yyx': 'lstm', 'activation_func_yyx': 'Tanh', 'L2_weight_yyx': 0.00020216852398509709, 'L_entropy_weight_yyx': 8.103525863976518e-06, 'L_sep_weight_yyx': 3.6195987866720634e-08, 'L_scale_weight_yyx': 6.548376939440467e-06, 'learning_rate_yyx': 0.008567875114123774}. Best is trial 0 with value: -1.5190498727266906.
[I 2026-03-18 21:09:44,840] Trial 23 pruned. 
[I 2026-03-18 21:09:46,991] Trial 32 pruned. 
[I 2026-03-18 21:09:47,823] Trial 23 pruned. 
[I 2026-03-18 21:09:54,178] Trial 28 pruned. 
[I 2026-03-18 21:09:58,257] Trial 27 pruned. 
[I 2026-03-18 21:09:58,402] Trial 15 pruned. 
[I 2026-03-18 21:10:01,869] Trial 26 pruned. 
[I 2026-03-18 21:10:04,509] Trial 22 finished with value: -1.4182231727013221 and parameters: {'n_layers_yyx': 1, 'hidden_size_yyx_l0': 6, 'context_size_yyx': 4, 'num_mix_components_yyx': 3, 'context_extractor_yyx': 'lstm', 'activation_func_yyx': 'Tanh', 'L2_weight_yyx': 5.053331537493188e-06, 'L_entropy_weight_yyx': 3.903324849011272e-05, 'L_sep_weight_yyx': 7.877288966813828e-10, 'L_scale_weight_yyx': 2.674990659205889e-05, 'learning_rate_yyx': 0.009769386598304428}. Best is trial 7 with value: -1.4538350266676683.
[I 2026-03-18 21:10:13,262] Trial 20 pruned. 
[I 2026-03-18 21:10:13,825] Trial 29 pruned. 
[I 2026-03-18 21:10:15,001] Trial 27 finished with value: -1.3316302490234375 and parameters: {'n_layers_yyx': 2, 'hidden_size_yyx_l0': 6, 'hidden_size_yyx_l1': 4, 'context_size_yyx': 1, 'num_mix_components_yyx': 2, 'context_extractor_yyx': 'gru', 'activation_func_yyx': 'GELU', 'L2_weight_yyx': 1.3725028234906398e-08, 'L_entropy_weight_yyx': 0.0009272149932058663, 'L_sep_weight_yyx': 1.1531706204615608e-07, 'L_scale_weight_yyx': 1.337594531902042e-07, 'learning_rate_yyx': 0.0036355906760117958}. Best is trial 1 with value: -1.4389243727463943.
[I 2026-03-18 21:10:17,220] Trial 20 pruned. 
[I 2026-03-18 21:10:19,187] Trial 16 pruned. 
[I 2026-03-18 21:10:25,209] Trial 24 pruned. 
[I 2026-03-18 21:10:25,210] Trial 27 pruned. 
[I 2026-03-18 21:10:25,354] Trial 10 finished with value: -1.4183243032602164 and parameters: {'n_layers_yyx': 1, 'hidden_size_yyx_l0': 6, 'context_size_yyx': 2, 'num_mix_components_yyx': 3, 'context_extractor_yyx': 'gru', 'activation_func_yyx': 'ReLU', 'L2_weight_yyx': 0.0005406911025129685, 'L_entropy_weight_yyx': 4.37524014587389e-09, 'L_sep_weight_yyx': 1.2688842571904937e-10, 'L_scale_weight_yyx': 0.0008885097281946593, 'learning_rate_yyx': 0.009769370283540224}. Best is trial 7 with value: -1.4535823880709136.
[I 2026-03-18 21:10:26,164] Trial 26 finished with value: -1.584650032885134 and parameters: {'n_layers_yyx': 1, 'hidden_size_yyx_l0': 5, 'context_size_yyx': 1, 'num_mix_components_yyx': 2, 'context_extractor_yyx': 'lstm', 'activation_func_yyx': 'Tanh', 'L2_weight_yyx': 0.0007287334071213496, 'L_entropy_weight_yyx': 9.10236011061037e-10, 'L_sep_weight_yyx': 3.1878821883733973e-09, 'L_scale_weight_yyx': 6.519803156247812e-09, 'learning_rate_yyx': 0.002927833912258709}. Best is trial 26 with value: -1.584650032885134.
[I 2026-03-18 21:10:28,409] Trial 24 pruned. 
[I 2026-03-18 21:10:35,288] Trial 28 pruned. 
[I 2026-03-18 21:10:38,800] Trial 16 finished with value: -1.8559013678642584 and parameters: {'n_layers_yyx': 2, 'hidden_size_yyx_l0': 5, 'hidden_size_yyx_l1': 6, 'context_size_yyx': 2, 'num_mix_components_yyx': 3, 'context_extractor_yyx': 'gru', 'activation_func_yyx': 'GELU', 'L2_weight_yyx': 5.720542588505992e-05, 'L_entropy_weight_yyx': 9.57751744336264e-10, 'L_sep_weight_yyx': 3.21067045567406e-07, 'L_scale_weight_yyx': 1.1086291888906046e-06, 'learning_rate_yyx': 0.00834329126207162}. Best is trial 12 with value: -1.8566309981104903.
[I 2026-03-18 21:10:39,250] Trial 23 finished with value: -2.482644341240102 and parameters: {'n_layers_yyx': 1, 'hidden_size_yyx_l0': 6, 'context_size_yyx': 3, 'num_mix_components_yyx': 3, 'context_extractor_yyx': 'gru', 'activation_func_yyx': 'ReLU', 'L2_weight_yyx': 1.0756971284658503e-10, 'L_entropy_weight_yyx': 5.26327269497136e-10, 'L_sep_weight_yyx': 0.00019604982099122783, 'L_scale_weight_yyx': 1.0407984795857661e-10, 'learning_rate_yyx': 0.007323253356058865}. Best is trial 13 with value: -2.4850502863404977.
[I 2026-03-18 21:10:40,305] Trial 28 pruned. 
[I 2026-03-18 21:10:45,221] Trial 27 pruned. 
[I 2026-03-18 21:10:46,050] Trial 28 pruned. 
[I 2026-03-18 21:10:48,338] Trial 43 pruned. 
[I 2026-03-18 21:10:54,435] Trial 21 finished with value: -1.8595880520318997 and parameters: {'n_layers_yyx': 2, 'hidden_size_yyx_l0': 5, 'hidden_size_yyx_l1': 5, 'context_size_yyx': 4, 'num_mix_components_yyx': 2, 'context_extractor_yyx': 'lstm', 'activation_func_yyx': 'Tanh', 'L2_weight_yyx': 8.028985792525222e-05, 'L_entropy_weight_yyx': 3.78061880941244e-09, 'L_sep_weight_yyx': 2.124694568935905e-08, 'L_scale_weight_yyx': 1.2627157755800858e-06, 'learning_rate_yyx': 0.006471946703515722}. Best is trial 11 with value: -1.8610449438696508.
[I 2026-03-18 21:10:54,454] Trial 27 pruned. 
[I 2026-03-18 21:11:01,639] Trial 25 pruned. 
[I 2026-03-18 21:11:02,260] Trial 29 pruned. 
[I 2026-03-18 21:11:07,662] Trial 28 pruned. 
[I 2026-03-18 21:11:10,439] Trial 33 pruned. 
[I 2026-03-18 21:11:16,327] Trial 13 finished with value: -2.4726551633566207 and parameters: {'n_layers_yyx': 2, 'hidden_size_yyx_l0': 2, 'hidden_size_yyx_l1': 6, 'context_size_yyx': 1, 'num_mix_components_yyx': 3, 'context_extractor_yyx': 'lstm', 'activation_func_yyx': 'Tanh', 'L2_weight_yyx': 1.2261750300048302e-10, 'L_entropy_weight_yyx': 0.0006016965857044804, 'L_sep_weight_yyx': 1.0167544524246391e-10, 'L_scale_weight_yyx': 1.000401937944222e-10, 'learning_rate_yyx': 0.004381029943614385}. Best is trial 12 with value: -2.4732728871279206.
[I 2026-03-18 21:11:20,324] Trial 28 pruned. 
[I 2026-03-18 21:11:21,580] Trial 33 pruned. 
[I 2026-03-18 21:11:24,064] Trial 24 pruned. 
[I 2026-03-18 21:11:37,149] Trial 44 pruned. 
[I 2026-03-18 21:11:46,987] Trial 29 pruned. 
[I 2026-03-18 21:11:47,051] Trial 19 finished with value: -1.8705803991890224 and parameters: {'n_layers_yyx': 2, 'hidden_size_yyx_l0': 4, 'hidden_size_yyx_l1': 3, 'context_size_yyx': 2, 'num_mix_components_yyx': 2, 'context_extractor_yyx': 'lstm', 'activation_func_yyx': 'ReLU', 'L2_weight_yyx': 0.0001321560310327717, 'L_entropy_weight_yyx': 1.7703464127200728e-07, 'L_sep_weight_yyx': 1.1579565766665388e-08, 'L_scale_weight_yyx': 9.563517752935033e-05, 'learning_rate_yyx': 0.0037475152318952416}. Best is trial 5 with value: -1.89157565728699.
[I 2026-03-18 21:11:47,197] Trial 21 finished with value: -1.436468529334435 and parameters: {'n_layers_yyx': 2, 'hidden_size_yyx_l0': 6, 'hidden_size_yyx_l1': 5, 'context_size_yyx': 2, 'num_mix_components_yyx': 3, 'context_extractor_yyx': 'lstm', 'activation_func_yyx': 'ReLU', 'L2_weight_yyx': 4.021791006355094e-06, 'L_entropy_weight_yyx': 0.00010498331862023871, 'L_sep_weight_yyx': 2.123046625975669e-06, 'L_scale_weight_yyx': 0.00013135124345462257, 'learning_rate_yyx': 0.009599776488215117}. Best is trial 13 with value: -1.4490255267803485.
[I 2026-03-18 21:11:49,257] Trial 34 pruned. 
[I 2026-03-18 21:11:52,254] Trial 26 finished with value: -1.4476281891828813 and parameters: {'n_layers_yyx': 1, 'hidden_size_yyx_l0': 5, 'context_size_yyx': 4, 'num_mix_components_yyx': 4, 'context_extractor_yyx': 'lstm', 'activation_func_yyx': 'Tanh', 'L2_weight_yyx': 2.2567996801543324e-07, 'L_entropy_weight_yyx': 9.904839918760226e-07, 'L_sep_weight_yyx': 1.2495067426947455e-06, 'L_scale_weight_yyx': 2.800187098751821e-09, 'learning_rate_yyx': 0.009175300519847808}. Best is trial 24 with value: -1.4518791534615763.
[I 2026-03-18 21:11:58,044] Trial 17 pruned. 
[I 2026-03-18 21:12:01,466] Trial 29 pruned. 
[I 2026-03-18 21:12:03,547] Trial 45 pruned. 
[I 2026-03-18 21:12:03,718] Trial 21 pruned. 
[I 2026-03-18 21:12:05,007] Trial 34 pruned. 
[I 2026-03-18 21:12:08,463] Trial 29 pruned. 
[I 2026-03-18 21:12:11,457] Trial 35 pruned. 
[I 2026-03-18 21:12:22,124] Trial 30 pruned. 
[I 2026-03-18 21:12:22,850] Trial 18 pruned. 
[I 2026-03-18 21:12:23,553] Trial 17 finished with value: -1.8683336237107586 and parameters: {'n_layers_yyx': 1, 'hidden_size_yyx_l0': 6, 'context_size_yyx': 4, 'num_mix_components_yyx': 4, 'context_extractor_yyx': 'lstm', 'activation_func_yyx': 'ReLU', 'L2_weight_yyx': 1.573044588104349e-09, 'L_entropy_weight_yyx': 1.3343606514920062e-07, 'L_sep_weight_yyx': 1.9023250027493582e-06, 'L_scale_weight_yyx': 6.497500356181911e-09, 'learning_rate_yyx': 0.00851099780120506}. Best is trial 15 with value: -1.8695785775072098.
[I 2026-03-18 21:12:33,164] Trial 36 pruned. 
[I 2026-03-18 21:12:34,763] Trial 30 finished with value: -1.359998779296875 and parameters: {'n_layers_yyx': 2, 'hidden_size_yyx_l0': 6, 'hidden_size_yyx_l1': 6, 'context_size_yyx': 3, 'num_mix_components_yyx': 5, 'context_extractor_yyx': 'lstm', 'activation_func_yyx': 'ReLU', 'L2_weight_yyx': 1.7855190428707048e-05, 'L_entropy_weight_yyx': 2.5193913918273878e-05, 'L_sep_weight_yyx': 0.00033885475123910904, 'L_scale_weight_yyx': 1.3281459423188908e-07, 'learning_rate_yyx': 0.007938958938690246}. Best is trial 10 with value: -1.4553572904146634.
[I 2026-03-18 21:12:42,838] Trial 22 pruned. 
[I 2026-03-18 21:12:48,192] Trial 35 pruned. 
[I 2026-03-18 21:12:48,618] Trial 30 pruned. 
[I 2026-03-18 21:12:49,271] Trial 30 pruned. 
[I 2026-03-18 21:12:50,603] Trial 29 pruned. 
[I 2026-03-18 21:12:53,020] Trial 46 pruned. 
[I 2026-03-18 21:12:53,389] Trial 11 finished with value: -1.4385918250450722 and parameters: {'n_layers_yyx': 1, 'hidden_size_yyx_l0': 6, 'context_size_yyx': 4, 'num_mix_components_yyx': 5, 'context_extractor_yyx': 'lstm', 'activation_func_yyx': 'Tanh', 'L2_weight_yyx': 1.166023163536778e-08, 'L_entropy_weight_yyx': 3.198301423237905e-10, 'L_sep_weight_yyx': 4.0374657032216445e-06, 'L_scale_weight_yyx': 1.0554256094737805e-07, 'learning_rate_yyx': 0.0070444909436614194}. Best is trial 7 with value: -1.4535823880709136.
[I 2026-03-18 21:12:55,437] Trial 31 pruned. 
[I 2026-03-18 21:12:58,493] Trial 31 pruned. 
[I 2026-03-18 21:13:04,334] Trial 18 pruned. 
[I 2026-03-18 21:13:08,076] Trial 36 pruned. 
[I 2026-03-18 21:13:08,298] Trial 21 finished with value: -1.4320289024939903 and parameters: {'n_layers_yyx': 2, 'hidden_size_yyx_l0': 2, 'hidden_size_yyx_l1': 5, 'context_size_yyx': 4, 'num_mix_components_yyx': 2, 'context_extractor_yyx': 'gru', 'activation_func_yyx': 'Tanh', 'L2_weight_yyx': 8.811480896020533e-05, 'L_entropy_weight_yyx': 0.00030570768449786454, 'L_sep_weight_yyx': 3.6565154809481224e-06, 'L_scale_weight_yyx': 5.365588272024297e-07, 'learning_rate_yyx': 0.0059439315601484775}. Best is trial 13 with value: -1.4421805044320914.
[I 2026-03-18 21:13:11,394] Trial 29 finished with value: -1.8442264809785556 and parameters: {'n_layers_yyx': 1, 'hidden_size_yyx_l0': 5, 'context_size_yyx': 2, 'num_mix_components_yyx': 5, 'context_extractor_yyx': 'gru', 'activation_func_yyx': 'ReLU', 'L2_weight_yyx': 3.552814943498161e-05, 'L_entropy_weight_yyx': 0.0003213254037996054, 'L_sep_weight_yyx': 0.0009719183904617349, 'L_scale_weight_yyx': 2.7067935955536047e-10, 'learning_rate_yyx': 0.002805267788292688}. Best is trial 0 with value: -1.8516305051550026.
[I 2026-03-18 21:13:18,309] Trial 23 finished with value: -1.4352173321063701 and parameters: {'n_layers_yyx': 1, 'hidden_size_yyx_l0': 5, 'context_size_yyx': 4, 'num_mix_components_yyx': 3, 'context_extractor_yyx': 'lstm', 'activation_func_yyx': 'Tanh', 'L2_weight_yyx': 1.1984653280712025e-05, 'L_entropy_weight_yyx': 3.5034555374590294e-05, 'L_sep_weight_yyx': 8.586020143475848e-10, 'L_scale_weight_yyx': 4.1165037983049814e-05, 'learning_rate_yyx': 0.009754321294520252}. Best is trial 7 with value: -1.4538350266676683.
[I 2026-03-18 21:13:21,149] Trial 27 pruned. 
[I 2026-03-18 21:13:24,997] Trial 23 pruned. 
[I 2026-03-18 21:13:29,746] Trial 37 pruned. 
[I 2026-03-18 21:13:32,585] Trial 21 finished with value: -1.9380270034436489 and parameters: {'n_layers_yyx': 1, 'hidden_size_yyx_l0': 5, 'context_size_yyx': 4, 'num_mix_components_yyx': 2, 'context_extractor_yyx': 'gru', 'activation_func_yyx': 'ReLU', 'L2_weight_yyx': 2.70725263402469e-10, 'L_entropy_weight_yyx': 3.503668045668089e-10, 'L_sep_weight_yyx': 0.0006536382371652874, 'L_scale_weight_yyx': 7.447898677412793e-05, 'learning_rate_yyx': 0.00992607974867243}. Best is trial 10 with value: -1.9395614910230956.
[I 2026-03-18 21:13:32,973] Trial 30 pruned. 
[I 2026-03-18 21:13:35,266] Trial 29 finished with value: -1.4683670278695913 and parameters: {'n_layers_yyx': 1, 'hidden_size_yyx_l0': 4, 'context_size_yyx': 4, 'num_mix_components_yyx': 5, 'context_extractor_yyx': 'lstm', 'activation_func_yyx': 'Tanh', 'L2_weight_yyx': 4.362572898540418e-06, 'L_entropy_weight_yyx': 4.937018293885581e-08, 'L_sep_weight_yyx': 9.845669962266927e-07, 'L_scale_weight_yyx': 5.481542618924194e-10, 'learning_rate_yyx': 0.007114463102552461}. Best is trial 29 with value: -1.4683670278695913.
[I 2026-03-18 21:13:36,408] Trial 24 pruned. 
[I 2026-03-18 21:13:42,745] Trial 22 pruned. 
[I 2026-03-18 21:13:52,321] Trial 16 finished with value: -1.9310169746032186 and parameters: {'n_layers_yyx': 2, 'hidden_size_yyx_l0': 5, 'hidden_size_yyx_l1': 6, 'context_size_yyx': 2, 'num_mix_components_yyx': 4, 'context_extractor_yyx': 'gru', 'activation_func_yyx': 'GELU', 'L2_weight_yyx': 4.645144439127319e-05, 'L_entropy_weight_yyx': 0.0005177460149726677, 'L_sep_weight_yyx': 7.624504381183527e-06, 'L_scale_weight_yyx': 1.2812070611405337e-08, 'learning_rate_yyx': 0.00800304939370631}. Best is trial 14 with value: -1.9337542258067992.
[I 2026-03-18 21:13:52,849] Trial 30 pruned. 
[I 2026-03-18 21:13:57,339] Trial 37 pruned. 
[I 2026-03-18 21:14:05,294] Trial 24 pruned. 
[I 2026-03-18 21:14:05,569] Trial 21 finished with value: -2.4936595199897376 and parameters: {'n_layers_yyx': 1, 'hidden_size_yyx_l0': 6, 'context_size_yyx': 4, 'num_mix_components_yyx': 5, 'context_extractor_yyx': 'gru', 'activation_func_yyx': 'GELU', 'L2_weight_yyx': 4.607468196458495e-09, 'L_entropy_weight_yyx': 4.070407076001674e-06, 'L_sep_weight_yyx': 1.8378887380376857e-10, 'L_scale_weight_yyx': 1.1013825911675715e-06, 'learning_rate_yyx': 0.007062261544200205}. Best is trial 4 with value: -2.49523174750643.
[I 2026-03-18 21:14:06,100] Trial 25 finished with value: -1.7829087012705176 and parameters: {'n_layers_yyx': 2, 'hidden_size_yyx_l0': 6, 'hidden_size_yyx_l1': 6, 'context_size_yyx': 2, 'num_mix_components_yyx': 5, 'context_extractor_yyx': 'gru', 'activation_func_yyx': 'GELU', 'L2_weight_yyx': 4.276212150647746e-10, 'L_entropy_weight_yyx': 0.00014368738257307867, 'L_sep_weight_yyx': 2.1845371196051346e-09, 'L_scale_weight_yyx': 1.5598558826947842e-07, 'learning_rate_yyx': 0.0071458157579752865}. Best is trial 4 with value: -1.7875800731928662.
[I 2026-03-18 21:14:08,413] Trial 38 pruned. 
[I 2026-03-18 21:14:10,378] Trial 25 pruned. 
[I 2026-03-18 21:14:11,434] Trial 17 pruned. 
[I 2026-03-18 21:14:12,556] Trial 22 pruned. 
[I 2026-03-18 21:14:19,795] Trial 17 finished with value: -1.8506774690856722 and parameters: {'n_layers_yyx': 2, 'hidden_size_yyx_l0': 5, 'hidden_size_yyx_l1': 6, 'context_size_yyx': 2, 'num_mix_components_yyx': 4, 'context_extractor_yyx': 'gru', 'activation_func_yyx': 'GELU', 'L2_weight_yyx': 7.298934113130726e-05, 'L_entropy_weight_yyx': 6.212727751022853e-08, 'L_sep_weight_yyx': 1.9340364180180477e-07, 'L_scale_weight_yyx': 0.00010110885800135185, 'learning_rate_yyx': 0.009820884517041092}. Best is trial 12 with value: -1.8566309981104903.
[I 2026-03-18 21:14:20,688] Trial 25 pruned. 
[I 2026-03-18 21:14:20,943] Trial 22 finished with value: -1.2962911517803486 and parameters: {'n_layers_yyx': 2, 'hidden_size_yyx_l0': 4, 'hidden_size_yyx_l1': 5, 'context_size_yyx': 2, 'num_mix_components_yyx': 4, 'context_extractor_yyx': 'lstm', 'activation_func_yyx': 'ReLU', 'L2_weight_yyx': 1.3025221292813246e-06, 'L_entropy_weight_yyx': 3.6269979837584036e-05, 'L_sep_weight_yyx': 2.356184184769188e-06, 'L_scale_weight_yyx': 1.4998895064716964e-05, 'learning_rate_yyx': 0.009799618507749314}. Best is trial 13 with value: -1.4490255267803485.
[I 2026-03-18 21:14:21,516] Trial 23 pruned. 
[I 2026-03-18 21:14:25,152] Trial 26 pruned. 
[I 2026-03-18 21:14:29,098] Trial 22 pruned. 
[I 2026-03-18 21:14:31,860] Trial 18 pruned. 
[I 2026-03-18 21:14:40,768] Trial 23 pruned. 
[I 2026-03-18 21:14:42,117] Trial 25 finished with value: -2.4861018806561086 and parameters: {'n_layers_yyx': 1, 'hidden_size_yyx_l0': 6, 'context_size_yyx': 4, 'num_mix_components_yyx': 3, 'context_extractor_yyx': 'gru', 'activation_func_yyx': 'ReLU', 'L2_weight_yyx': 5.938218916377812e-10, 'L_entropy_weight_yyx': 1.7776931371563525e-06, 'L_sep_weight_yyx': 3.0443341208516034e-06, 'L_scale_weight_yyx': 7.217080270796658e-07, 'learning_rate_yyx': 0.007431242586957068}. Best is trial 25 with value: -2.4861018806561086.
[I 2026-03-18 21:14:51,578] Trial 26 pruned. 
[I 2026-03-18 21:14:58,676] Trial 26 pruned. 
[I 2026-03-18 21:15:02,553] Trial 14 finished with value: -2.473233498661837 and parameters: {'n_layers_yyx': 2, 'hidden_size_yyx_l0': 3, 'hidden_size_yyx_l1': 6, 'context_size_yyx': 1, 'num_mix_components_yyx': 4, 'context_extractor_yyx': 'lstm', 'activation_func_yyx': 'Tanh', 'L2_weight_yyx': 2.131142315427649e-09, 'L_entropy_weight_yyx': 0.00019519125707275826, 'L_sep_weight_yyx': 1.2660459429238325e-09, 'L_scale_weight_yyx': 3.271566885615783e-05, 'learning_rate_yyx': 0.002144592890405733}. Best is trial 12 with value: -2.4732728871279206.
[I 2026-03-18 21:15:06,122] Trial 28 finished with value: -1.895019399708715 and parameters: {'n_layers_yyx': 1, 'hidden_size_yyx_l0': 4, 'context_size_yyx': 3, 'num_mix_components_yyx': 4, 'context_extractor_yyx': 'lstm', 'activation_func_yyx': 'GELU', 'L2_weight_yyx': 5.442535591916623e-06, 'L_entropy_weight_yyx': 8.684037729674046e-07, 'L_sep_weight_yyx': 4.471229771035486e-06, 'L_scale_weight_yyx': 3.0355923124881134e-08, 'learning_rate_yyx': 0.005456966465616104}. Best is trial 24 with value: -1.896696364742586.
[I 2026-03-18 21:15:07,279] Trial 31 pruned. 
[I 2026-03-18 21:15:09,466] Trial 19 pruned. 
[I 2026-03-18 21:15:11,667] Trial 12 finished with value: -1.460441659780649 and parameters: {'n_layers_yyx': 1, 'hidden_size_yyx_l0': 5, 'context_size_yyx': 4, 'num_mix_components_yyx': 5, 'context_extractor_yyx': 'lstm', 'activation_func_yyx': 'Tanh', 'L2_weight_yyx': 3.6313831217938906e-09, 'L_entropy_weight_yyx': 1.0106987889712083e-10, 'L_sep_weight_yyx': 5.923887409161124e-06, 'L_scale_weight_yyx': 0.00038560443937752536, 'learning_rate_yyx': 0.004617362079712865}. Best is trial 12 with value: -1.460441659780649.
[I 2026-03-18 21:15:13,771] Trial 32 finished with value: -1.569730548247748 and parameters: {'n_layers_yyx': 1, 'hidden_size_yyx_l0': 5, 'context_size_yyx': 2, 'num_mix_components_yyx': 5, 'context_extractor_yyx': 'lstm', 'activation_func_yyx': 'Tanh', 'L2_weight_yyx': 8.404247497129438e-05, 'L_entropy_weight_yyx': 1.2658866735320206e-09, 'L_sep_weight_yyx': 3.5657282649796935e-08, 'L_scale_weight_yyx': 0.0002385674703494777, 'learning_rate_yyx': 0.007479283280943759}. Best is trial 26 with value: -1.584650032885134.
[I 2026-03-18 21:15:14,618] Trial 32 finished with value: -1.4672450138972355 and parameters: {'n_layers_yyx': 2, 'hidden_size_yyx_l0': 6, 'hidden_size_yyx_l1': 5, 'context_size_yyx': 4, 'num_mix_components_yyx': 4, 'context_extractor_yyx': 'lstm', 'activation_func_yyx': 'GELU', 'L2_weight_yyx': 3.6925445494506935e-07, 'L_entropy_weight_yyx': 2.0538035363011446e-06, 'L_sep_weight_yyx': 2.3283081251044226e-06, 'L_scale_weight_yyx': 3.283340747837208e-07, 'learning_rate_yyx': 0.00839080466993694}. Best is trial 32 with value: -1.4672450138972355.
[I 2026-03-18 21:15:18,437] Trial 19 finished with value: -1.8538088689349244 and parameters: {'n_layers_yyx': 1, 'hidden_size_yyx_l0': 6, 'context_size_yyx': 4, 'num_mix_components_yyx': 4, 'context_extractor_yyx': 'lstm', 'activation_func_yyx': 'GELU', 'L2_weight_yyx': 1.0080053112254286e-10, 'L_entropy_weight_yyx': 0.0002338897965333468, 'L_sep_weight_yyx': 3.535154375349984e-05, 'L_scale_weight_yyx': 7.303662452390942e-09, 'learning_rate_yyx': 0.006563710392268118}. Best is trial 15 with value: -1.8695785775072098.
[I 2026-03-18 21:15:19,379] Trial 31 finished with value: -1.418523888221154 and parameters: {'n_layers_yyx': 2, 'hidden_size_yyx_l0': 6, 'hidden_size_yyx_l1': 5, 'context_size_yyx': 4, 'num_mix_components_yyx': 2, 'context_extractor_yyx': 'gru', 'activation_func_yyx': 'GELU', 'L2_weight_yyx': 2.7400403429030863e-08, 'L_entropy_weight_yyx': 0.00010574604098078605, 'L_sep_weight_yyx': 2.6378608426713364e-07, 'L_scale_weight_yyx': 5.930248615077827e-10, 'learning_rate_yyx': 0.008680747204310989}. Best is trial 1 with value: -1.4389243727463943.
[I 2026-03-18 21:15:20,657] Trial 27 pruned. 
[I 2026-03-18 21:15:24,850] Trial 30 finished with value: -1.8333077131150208 and parameters: {'n_layers_yyx': 2, 'hidden_size_yyx_l0': 2, 'hidden_size_yyx_l1': 5, 'context_size_yyx': 3, 'num_mix_components_yyx': 3, 'context_extractor_yyx': 'gru', 'activation_func_yyx': 'GELU', 'L2_weight_yyx': 1.8855511175513319e-06, 'L_entropy_weight_yyx': 3.852071232596171e-06, 'L_sep_weight_yyx': 1.5343749142679713e-05, 'L_scale_weight_yyx': 7.234202337427897e-05, 'learning_rate_yyx': 0.0074351241127183195}. Best is trial 0 with value: -1.8516305051550026.
[I 2026-03-18 21:15:27,377] Trial 15 pruned. 
[I 2026-03-18 21:15:29,163] Trial 26 pruned. 
[I 2026-03-18 21:15:30,318] Trial 26 pruned. 
[I 2026-03-18 21:15:33,995] Trial 22 finished with value: -1.855450075695437 and parameters: {'n_layers_yyx': 1, 'hidden_size_yyx_l0': 5, 'context_size_yyx': 1, 'num_mix_components_yyx': 5, 'context_extractor_yyx': 'gru', 'activation_func_yyx': 'ReLU', 'L2_weight_yyx': 8.511168297265105e-06, 'L_entropy_weight_yyx': 1.201569237423021e-06, 'L_sep_weight_yyx': 7.670472164147958e-05, 'L_scale_weight_yyx': 1.2292319108527391e-06, 'learning_rate_yyx': 0.0018048000679584664}. Best is trial 1 with value: -1.8555367853768732.
[I 2026-03-18 21:15:34,584] Trial 33 pruned. 
[I 2026-03-18 21:15:35,938] Trial 28 finished with value: -1.441301165886645 and parameters: {'n_layers_yyx': 1, 'hidden_size_yyx_l0': 5, 'context_size_yyx': 4, 'num_mix_components_yyx': 5, 'context_extractor_yyx': 'lstm', 'activation_func_yyx': 'Tanh', 'L2_weight_yyx': 5.329908738192594e-08, 'L_entropy_weight_yyx': 3.5328166547787174e-07, 'L_sep_weight_yyx': 0.00019910373378909, 'L_scale_weight_yyx': 1.0289419315249551e-09, 'learning_rate_yyx': 0.005558729865736019}. Best is trial 24 with value: -1.4518791534615763.
[I 2026-03-18 21:15:39,467] Trial 20 pruned. 
[I 2026-03-18 21:15:42,107] Trial 25 pruned. 
[I 2026-03-18 21:15:53,364] Trial 34 pruned. 
[I 2026-03-18 21:15:54,502] Trial 31 finished with value: -1.8475551865408577 and parameters: {'n_layers_yyx': 2, 'hidden_size_yyx_l0': 2, 'hidden_size_yyx_l1': 4, 'context_size_yyx': 3, 'num_mix_components_yyx': 5, 'context_extractor_yyx': 'lstm', 'activation_func_yyx': 'GELU', 'L2_weight_yyx': 2.009824318686866e-08, 'L_entropy_weight_yyx': 0.00011962433524349153, 'L_sep_weight_yyx': 5.4470352474587886e-05, 'L_scale_weight_yyx': 9.409896719318955e-08, 'learning_rate_yyx': 0.008833039386984431}. Best is trial 16 with value: -1.8488733665890609.
[I 2026-03-18 21:15:55,144] Trial 23 pruned. 
[I 2026-03-18 21:16:03,200] Trial 24 pruned. 
[I 2026-03-18 21:16:04,800] Trial 27 pruned. 
[I 2026-03-18 21:16:11,490] Trial 35 pruned. 
[I 2026-03-18 21:16:12,756] Trial 27 pruned. 
[I 2026-03-18 21:16:13,164] Trial 24 pruned. 
[I 2026-03-18 21:16:13,910] Trial 20 finished with value: -1.8913814712893404 and parameters: {'n_layers_yyx': 2, 'hidden_size_yyx_l0': 4, 'hidden_size_yyx_l1': 3, 'context_size_yyx': 1, 'num_mix_components_yyx': 5, 'context_extractor_yyx': 'lstm', 'activation_func_yyx': 'Tanh', 'L2_weight_yyx': 3.2239119857131843e-06, 'L_entropy_weight_yyx': 3.9832392550485443e-08, 'L_sep_weight_yyx': 9.98646422895726e-08, 'L_scale_weight_yyx': 9.239445853213966e-05, 'learning_rate_yyx': 0.006431086847738502}. Best is trial 5 with value: -1.89157565728699.
[I 2026-03-18 21:16:15,876] Trial 21 pruned. 
[I 2026-03-18 21:16:21,629] Trial 26 pruned. 
[I 2026-03-18 21:16:22,906] Trial 28 pruned. 
[I 2026-03-18 21:16:25,009] Trial 30 finished with value: -1.4419484299879808 and parameters: {'n_layers_yyx': 2, 'hidden_size_yyx_l0': 3, 'hidden_size_yyx_l1': 4, 'context_size_yyx': 2, 'num_mix_components_yyx': 4, 'context_extractor_yyx': 'lstm', 'activation_func_yyx': 'Tanh', 'L2_weight_yyx': 5.129208561202034e-10, 'L_entropy_weight_yyx': 1.374554662608421e-09, 'L_sep_weight_yyx': 9.496748691557965e-05, 'L_scale_weight_yyx': 1.4974050355587963e-08, 'learning_rate_yyx': 0.004563052357284242}. Best is trial 19 with value: -1.4628589806189904.
[I 2026-03-18 21:16:25,628] Trial 31 finished with value: -1.4651866736778847 and parameters: {'n_layers_yyx': 1, 'hidden_size_yyx_l0': 4, 'context_size_yyx': 4, 'num_mix_components_yyx': 5, 'context_extractor_yyx': 'lstm', 'activation_func_yyx': 'Tanh', 'L2_weight_yyx': 0.00019703067079932253, 'L_entropy_weight_yyx': 4.4817326166235604e-07, 'L_sep_weight_yyx': 5.859010639975673e-07, 'L_scale_weight_yyx': 2.215295268339247e-10, 'learning_rate_yyx': 0.008272651449075996}. Best is trial 29 with value: -1.4683670278695913.
[I 2026-03-18 21:16:30,526] Trial 28 pruned. 
[I 2026-03-18 21:16:31,992] Trial 21 pruned. 
[I 2026-03-18 21:16:36,203] Trial 25 pruned. 
[I 2026-03-18 21:16:40,377] Trial 29 pruned. 
[I 2026-03-18 21:16:41,107] Trial 27 pruned. 
[I 2026-03-18 21:16:41,753] Trial 32 pruned. 
[I 2026-03-18 21:16:41,962] Trial 32 pruned. 
[I 2026-03-18 21:16:44,397] Trial 36 pruned. 
[I 2026-03-18 21:16:47,073] Trial 29 pruned. 
[I 2026-03-18 21:16:49,812] Trial 39 finished with value: -1.8021400526109064 and parameters: {'n_layers_yyx': 2, 'hidden_size_yyx_l0': 5, 'hidden_size_yyx_l1': 3, 'context_size_yyx': 4, 'num_mix_components_yyx': 4, 'context_extractor_yyx': 'lstm', 'activation_func_yyx': 'GELU', 'L2_weight_yyx': 0.00024495489273912066, 'L_entropy_weight_yyx': 2.164665690650061e-06, 'L_sep_weight_yyx': 3.8076438261898404e-05, 'L_scale_weight_yyx': 6.030245167720086e-07, 'learning_rate_yyx': 0.006895733681995538}. Best is trial 27 with value: -1.8062570642302185.
[I 2026-03-18 21:16:50,174] Trial 25 pruned. 
[I 2026-03-18 21:16:51,940] Trial 29 pruned. 
[I 2026-03-18 21:16:56,666] Trial 19 finished with value: -1.7803325737847222 and parameters: {'n_layers_yyx': 2, 'hidden_size_yyx_l0': 3, 'hidden_size_yyx_l1': 5, 'context_size_yyx': 4, 'num_mix_components_yyx': 4, 'context_extractor_yyx': 'lstm', 'activation_func_yyx': 'ReLU', 'L2_weight_yyx': 9.73777358307183e-09, 'L_entropy_weight_yyx': 2.3172035470081327e-05, 'L_sep_weight_yyx': 3.6188389951269947e-10, 'L_scale_weight_yyx': 4.0809521919340084e-05, 'learning_rate_yyx': 0.004269777476149918}. Best is trial 7 with value: -1.7817573439472854.
[I 2026-03-18 21:16:59,969] Trial 33 pruned. 
[I 2026-03-18 21:17:02,361] Trial 37 pruned. 
[I 2026-03-18 21:17:08,789] Trial 26 pruned. 
[I 2026-03-18 21:17:09,613] Trial 22 finished with value: -2.493565894806818 and parameters: {'n_layers_yyx': 1, 'hidden_size_yyx_l0': 6, 'context_size_yyx': 4, 'num_mix_components_yyx': 5, 'context_extractor_yyx': 'gru', 'activation_func_yyx': 'GELU', 'L2_weight_yyx': 2.4565137787656618e-09, 'L_entropy_weight_yyx': 0.0002295588856119021, 'L_sep_weight_yyx': 1.242093620723138e-10, 'L_scale_weight_yyx': 4.208033557822789e-07, 'learning_rate_yyx': 0.006719804434220734}. Best is trial 4 with value: -2.49523174750643.
[I 2026-03-18 21:17:11,288] Trial 26 pruned. 
[I 2026-03-18 21:17:12,728] Trial 30 pruned. 
[I 2026-03-18 21:17:12,802] Trial 23 finished with value: -1.9385180906497104 and parameters: {'n_layers_yyx': 1, 'hidden_size_yyx_l0': 4, 'context_size_yyx': 4, 'num_mix_components_yyx': 2, 'context_extractor_yyx': 'gru', 'activation_func_yyx': 'ReLU', 'L2_weight_yyx': 6.703058495348277e-08, 'L_entropy_weight_yyx': 1.3392405149142206e-08, 'L_sep_weight_yyx': 2.534918958497594e-05, 'L_scale_weight_yyx': 1.9327176339145054e-05, 'learning_rate_yyx': 0.005591383529959121}. Best is trial 10 with value: -1.9395614910230956.
[I 2026-03-18 21:17:15,574] Trial 20 pruned. 
[I 2026-03-18 21:17:17,148] Trial 16 pruned. 
[I 2026-03-18 21:17:18,693] Trial 28 pruned. 
[I 2026-03-18 21:17:19,338] Trial 33 pruned. 
[I 2026-03-18 21:17:19,385] Trial 27 pruned. 
[I 2026-03-18 21:17:20,491] Trial 30 pruned. 
[I 2026-03-18 21:17:21,522] Trial 29 finished with value: -1.8970592542626392 and parameters: {'n_layers_yyx': 2, 'hidden_size_yyx_l0': 4, 'hidden_size_yyx_l1': 5, 'context_size_yyx': 4, 'num_mix_components_yyx': 5, 'context_extractor_yyx': 'lstm', 'activation_func_yyx': 'Tanh', 'L2_weight_yyx': 2.1189454946870003e-06, 'L_entropy_weight_yyx': 2.0250171191661938e-07, 'L_sep_weight_yyx': 2.4959826394548364e-09, 'L_scale_weight_yyx': 4.801301336833327e-09, 'learning_rate_yyx': 0.007285581735818003}. Best is trial 29 with value: -1.8970592542626392.
[I 2026-03-18 21:17:30,365] Trial 24 pruned. 
[I 2026-03-18 21:17:40,564] Trial 30 pruned. 
[I 2026-03-18 21:17:40,622] Trial 38 finished with value: -1.3993723134525486 and parameters: {'n_layers_yyx': 1, 'hidden_size_yyx_l0': 3, 'context_size_yyx': 2, 'num_mix_components_yyx': 2, 'context_extractor_yyx': 'gru', 'activation_func_yyx': 'Tanh', 'L2_weight_yyx': 4.199290978198782e-08, 'L_entropy_weight_yyx': 2.3820793683736186e-10, 'L_sep_weight_yyx': 2.0495008464532053e-09, 'L_scale_weight_yyx': 9.762247105081327e-09, 'learning_rate_yyx': 0.008605813017249562}. Best is trial 0 with value: -1.5190498727266906.
[I 2026-03-18 21:17:40,630] Trial 28 pruned. 
[I 2026-03-18 21:17:48,645] Trial 28 finished with value: -1.8519393910324087 and parameters: {'n_layers_yyx': 1, 'hidden_size_yyx_l0': 5, 'context_size_yyx': 4, 'num_mix_components_yyx': 4, 'context_extractor_yyx': 'gru', 'activation_func_yyx': 'ReLU', 'L2_weight_yyx': 8.925695623141179e-08, 'L_entropy_weight_yyx': 9.159799573303534e-09, 'L_sep_weight_yyx': 2.632913688676319e-07, 'L_scale_weight_yyx': 1.0327669360121054e-08, 'learning_rate_yyx': 0.005635169066144476}. Best is trial 9 with value: -1.8570869006965198.
[I 2026-03-18 21:17:49,200] Trial 23 pruned. 
[I 2026-03-18 21:17:49,759] Trial 25 pruned. 
[I 2026-03-18 21:17:53,189] Trial 32 finished with value: -1.41792726956881 and parameters: {'n_layers_yyx': 2, 'hidden_size_yyx_l0': 6, 'hidden_size_yyx_l1': 5, 'context_size_yyx': 4, 'num_mix_components_yyx': 2, 'context_extractor_yyx': 'gru', 'activation_func_yyx': 'GELU', 'L2_weight_yyx': 9.327579681515254e-07, 'L_entropy_weight_yyx': 0.00017759143185270927, 'L_sep_weight_yyx': 5.7478954970043525e-08, 'L_scale_weight_yyx': 6.059818553775973e-10, 'learning_rate_yyx': 0.009864430965493677}. Best is trial 1 with value: -1.4389243727463943.
[I 2026-03-18 21:17:53,922] Trial 31 pruned. 
[I 2026-03-18 21:17:54,849] Trial 13 finished with value: -1.4471351506159855 and parameters: {'n_layers_yyx': 1, 'hidden_size_yyx_l0': 5, 'context_size_yyx': 4, 'num_mix_components_yyx': 4, 'context_extractor_yyx': 'lstm', 'activation_func_yyx': 'Tanh', 'L2_weight_yyx': 4.81381438430086e-10, 'L_entropy_weight_yyx': 1.0482170101773745e-10, 'L_sep_weight_yyx': 6.549559397745092e-06, 'L_scale_weight_yyx': 0.0009915008970633162, 'learning_rate_yyx': 0.0038954281332735075}. Best is trial 12 with value: -1.460441659780649.
[I 2026-03-18 21:17:55,410] Trial 27 finished with value: -1.7822843424479167 and parameters: {'n_layers_yyx': 2, 'hidden_size_yyx_l0': 6, 'hidden_size_yyx_l1': 6, 'context_size_yyx': 2, 'num_mix_components_yyx': 5, 'context_extractor_yyx': 'gru', 'activation_func_yyx': 'GELU', 'L2_weight_yyx': 1.0246132641884815e-10, 'L_entropy_weight_yyx': 2.3578362234847302e-05, 'L_sep_weight_yyx': 1.5742247501967122e-05, 'L_scale_weight_yyx': 9.133571058324515e-07, 'learning_rate_yyx': 0.0076943970331773545}. Best is trial 4 with value: -1.7875800731928662.
[I 2026-03-18 21:18:02,038] Trial 17 pruned. 
[I 2026-03-18 21:18:10,703] Trial 29 pruned. 
[I 2026-03-18 21:18:11,224] Trial 18 finished with value: -1.8560232055410277 and parameters: {'n_layers_yyx': 2, 'hidden_size_yyx_l0': 5, 'hidden_size_yyx_l1': 6, 'context_size_yyx': 2, 'num_mix_components_yyx': 5, 'context_extractor_yyx': 'gru', 'activation_func_yyx': 'GELU', 'L2_weight_yyx': 5.28617410497325e-07, 'L_entropy_weight_yyx': 1.1669786306204317e-09, 'L_sep_weight_yyx': 1.817556587036877e-08, 'L_scale_weight_yyx': 1.0857976429356863e-06, 'learning_rate_yyx': 0.006484895696548204}. Best is trial 12 with value: -1.8566309981104903.
[I 2026-03-18 21:18:11,659] Trial 26 pruned. 
[I 2026-03-18 21:18:13,115] Trial 33 pruned. 
[I 2026-03-18 21:18:15,267] Trial 39 pruned. 
[I 2026-03-18 21:18:17,919] Trial 40 pruned. 
[I 2026-03-18 21:18:30,567] Trial 14 pruned. 
[I 2026-03-18 21:18:30,695] Trial 27 pruned. 
[I 2026-03-18 21:18:30,695] Trial 34 pruned. 
[I 2026-03-18 21:18:31,350] Trial 30 pruned. 
[I 2026-03-18 21:18:34,157] Trial 40 pruned. 
[I 2026-03-18 21:18:35,688] Trial 28 pruned. 
[I 2026-03-18 21:18:42,412] Trial 27 pruned. 
[I 2026-03-18 21:18:44,267] Trial 33 finished with value: -1.5644134304277413 and parameters: {'n_layers_yyx': 1, 'hidden_size_yyx_l0': 5, 'context_size_yyx': 2, 'num_mix_components_yyx': 2, 'context_extractor_yyx': 'lstm', 'activation_func_yyx': 'Tanh', 'L2_weight_yyx': 0.0001494092645905965, 'L_entropy_weight_yyx': 1.6010309237319275e-09, 'L_sep_weight_yyx': 6.513745180307353e-08, 'L_scale_weight_yyx': 1.755655247298702e-07, 'learning_rate_yyx': 0.009734746313252107}. Best is trial 26 with value: -1.584650032885134.
[I 2026-03-18 21:18:47,286] Trial 21 pruned. 
[I 2026-03-18 21:18:49,186] Trial 15 pruned. 
[I 2026-03-18 21:18:55,396] Trial 23 finished with value: -1.437370370718149 and parameters: {'n_layers_yyx': 2, 'hidden_size_yyx_l0': 2, 'hidden_size_yyx_l1': 5, 'context_size_yyx': 3, 'num_mix_components_yyx': 3, 'context_extractor_yyx': 'gru', 'activation_func_yyx': 'Tanh', 'L2_weight_yyx': 5.6767962541977676e-06, 'L_entropy_weight_yyx': 0.00025016327554650724, 'L_sep_weight_yyx': 1.1909626663307762e-05, 'L_scale_weight_yyx': 1.3221527748596358e-07, 'learning_rate_yyx': 0.00503948566302627}. Best is trial 13 with value: -1.4421805044320914.
[I 2026-03-18 21:18:55,829] Trial 22 finished with value: -1.86742463200896 and parameters: {'n_layers_yyx': 1, 'hidden_size_yyx_l0': 5, 'context_size_yyx': 4, 'num_mix_components_yyx': 5, 'context_extractor_yyx': 'lstm', 'activation_func_yyx': 'ReLU', 'L2_weight_yyx': 1.2622885943899204e-09, 'L_entropy_weight_yyx': 3.021665055684134e-07, 'L_sep_weight_yyx': 6.141216546695785e-06, 'L_scale_weight_yyx': 2.4886512931915138e-05, 'learning_rate_yyx': 0.009510104289435637}. Best is trial 15 with value: -1.8695785775072098.
[I 2026-03-18 21:18:56,947] Trial 41 pruned. 
[I 2026-03-18 21:18:57,167] Trial 29 pruned. 
[I 2026-03-18 21:19:03,803] Trial 28 pruned. 
[I 2026-03-18 21:19:08,923] Trial 41 pruned. 
[I 2026-03-18 21:19:08,945] Trial 28 pruned. 
[I 2026-03-18 21:19:17,379] Trial 42 pruned. 
[I 2026-03-18 21:19:18,355] Trial 20 pruned. 
[I 2026-03-18 21:19:25,097] Trial 22 pruned. 
[I 2026-03-18 21:19:25,650] Trial 38 finished with value: -1.4223504873422477 and parameters: {'n_layers_yyx': 2, 'hidden_size_yyx_l0': 5, 'hidden_size_yyx_l1': 5, 'context_size_yyx': 1, 'num_mix_components_yyx': 4, 'context_extractor_yyx': 'lstm', 'activation_func_yyx': 'ReLU', 'L2_weight_yyx': 3.6611828647570787e-07, 'L_entropy_weight_yyx': 0.00011875609253549471, 'L_sep_weight_yyx': 9.183366672707492e-08, 'L_scale_weight_yyx': 1.6454993299599955e-06, 'learning_rate_yyx': 0.008034428367043968}. Best is trial 32 with value: -1.4672450138972355.
[I 2026-03-18 21:19:26,723] Trial 31 finished with value: -1.4314755249023436 and parameters: {'n_layers_yyx': 1, 'hidden_size_yyx_l0': 6, 'context_size_yyx': 4, 'num_mix_components_yyx': 3, 'context_extractor_yyx': 'lstm', 'activation_func_yyx': 'Tanh', 'L2_weight_yyx': 5.626449149964421e-06, 'L_entropy_weight_yyx': 7.624337867449242e-05, 'L_sep_weight_yyx': 9.715191107428214e-10, 'L_scale_weight_yyx': 2.6034373938587877e-05, 'learning_rate_yyx': 0.009269379290468742}. Best is trial 7 with value: -1.4538350266676683.
[I 2026-03-18 21:19:30,893] Trial 29 pruned. 
[I 2026-03-18 21:19:31,938] Trial 31 finished with value: -1.8933903266643655 and parameters: {'n_layers_yyx': 2, 'hidden_size_yyx_l0': 3, 'hidden_size_yyx_l1': 5, 'context_size_yyx': 4, 'num_mix_components_yyx': 5, 'context_extractor_yyx': 'lstm', 'activation_func_yyx': 'Tanh', 'L2_weight_yyx': 5.481893372680532e-07, 'L_entropy_weight_yyx': 5.006281740100927e-07, 'L_sep_weight_yyx': 1.2184095891310498e-09, 'L_scale_weight_yyx': 4.520322327332365e-09, 'learning_rate_yyx': 0.007738783167113937}. Best is trial 29 with value: -1.8970592542626392.
[I 2026-03-18 21:19:37,151] Trial 30 pruned. 
[I 2026-03-18 21:19:37,784] Trial 43 pruned. 
[I 2026-03-18 21:19:40,746] Trial 30 finished with value: -1.3683214967355788 and parameters: {'n_layers_yyx': 1, 'hidden_size_yyx_l0': 6, 'context_size_yyx': 2, 'num_mix_components_yyx': 3, 'context_extractor_yyx': 'gru', 'activation_func_yyx': 'Tanh', 'L2_weight_yyx': 2.556396098155994e-06, 'L_entropy_weight_yyx': 3.072680942142215e-08, 'L_sep_weight_yyx': 1.5303017341973516e-06, 'L_scale_weight_yyx': 5.429753209318901e-10, 'learning_rate_yyx': 0.007657834774826537}. Best is trial 24 with value: -1.4518791534615763.
[I 2026-03-18 21:19:42,107] Trial 29 pruned. 
[I 2026-03-18 21:19:44,340] Trial 23 pruned. 
[I 2026-03-18 21:19:44,426] Trial 39 pruned. 
[I 2026-03-18 21:19:46,231] Trial 32 finished with value: -1.8482694195550236 and parameters: {'n_layers_yyx': 2, 'hidden_size_yyx_l0': 2, 'hidden_size_yyx_l1': 3, 'context_size_yyx': 3, 'num_mix_components_yyx': 5, 'context_extractor_yyx': 'lstm', 'activation_func_yyx': 'GELU', 'L2_weight_yyx': 3.5817785625136565e-09, 'L_entropy_weight_yyx': 0.000348743090746842, 'L_sep_weight_yyx': 4.2680163601198863e-05, 'L_scale_weight_yyx': 9.530075651221022e-10, 'learning_rate_yyx': 0.009196677188970524}. Best is trial 16 with value: -1.8488733665890609.
[I 2026-03-18 21:19:46,351] Trial 47 finished with value: -2.462787988126812 and parameters: {'n_layers_yyx': 1, 'hidden_size_yyx_l0': 5, 'context_size_yyx': 1, 'num_mix_components_yyx': 4, 'context_extractor_yyx': 'gru', 'activation_func_yyx': 'ReLU', 'L2_weight_yyx': 5.887400010099365e-07, 'L_entropy_weight_yyx': 4.0861091626781783e-07, 'L_sep_weight_yyx': 0.00015784609562962494, 'L_scale_weight_yyx': 0.0004382931486545828, 'learning_rate_yyx': 0.001052286864657406}. Best is trial 25 with value: -2.4764732316599813.
[I 2026-03-18 21:19:48,367] Trial 34 finished with value: -1.4460007887620192 and parameters: {'n_layers_yyx': 1, 'hidden_size_yyx_l0': 4, 'context_size_yyx': 4, 'num_mix_components_yyx': 4, 'context_extractor_yyx': 'lstm', 'activation_func_yyx': 'Tanh', 'L2_weight_yyx': 6.632835705754559e-05, 'L_entropy_weight_yyx': 3.258399581097074e-07, 'L_sep_weight_yyx': 3.2839895239161156e-07, 'L_scale_weight_yyx': 1.274307038013996e-09, 'learning_rate_yyx': 0.009621870060274498}. Best is trial 29 with value: -1.4683670278695913.
[I 2026-03-18 21:19:54,096] Trial 31 pruned. 
[I 2026-03-18 21:19:59,467] Trial 30 pruned. 
[I 2026-03-18 21:20:00,145] Trial 31 finished with value: -1.8452557527700342 and parameters: {'n_layers_yyx': 1, 'hidden_size_yyx_l0': 3, 'context_size_yyx': 3, 'num_mix_components_yyx': 5, 'context_extractor_yyx': 'gru', 'activation_func_yyx': 'ReLU', 'L2_weight_yyx': 1.3161587815508807e-05, 'L_entropy_weight_yyx': 4.660560772578654e-07, 'L_sep_weight_yyx': 7.129516952470528e-05, 'L_scale_weight_yyx': 2.0917816562383057e-07, 'learning_rate_yyx': 0.004035183523544773}. Best is trial 0 with value: -1.8516305051550026.
[I 2026-03-18 21:20:01,901] Trial 24 pruned. 
[I 2026-03-18 21:20:09,612] Trial 31 pruned. 
[I 2026-03-18 21:20:09,882] Trial 32 pruned. 
[I 2026-03-18 21:20:10,763] Trial 24 pruned. 
[I 2026-03-18 21:20:11,758] Trial 24 finished with value: -1.788416686395202 and parameters: {'n_layers_yyx': 2, 'hidden_size_yyx_l0': 6, 'hidden_size_yyx_l1': 3, 'context_size_yyx': 4, 'num_mix_components_yyx': 2, 'context_extractor_yyx': 'gru', 'activation_func_yyx': 'Tanh', 'L2_weight_yyx': 6.195704180216288e-06, 'L_entropy_weight_yyx': 3.9558888609244924e-10, 'L_sep_weight_yyx': 1.0784241492440653e-10, 'L_scale_weight_yyx': 8.193961913710715e-07, 'learning_rate_yyx': 0.004993728371680099}. Best is trial 16 with value: -1.790272919625947.
[I 2026-03-18 21:20:12,608] Trial 30 pruned. 
[I 2026-03-18 21:20:14,638] Trial 40 pruned. 
[I 2026-03-18 21:20:21,118] Trial 25 pruned. 
[I 2026-03-18 21:20:25,496] Trial 32 finished with value: -1.4612882173978365 and parameters: {'n_layers_yyx': 2, 'hidden_size_yyx_l0': 3, 'hidden_size_yyx_l1': 5, 'context_size_yyx': 2, 'num_mix_components_yyx': 3, 'context_extractor_yyx': 'lstm', 'activation_func_yyx': 'Tanh', 'L2_weight_yyx': 1.127674796790998e-07, 'L_entropy_weight_yyx': 2.077236172671179e-06, 'L_sep_weight_yyx': 9.308766714666409e-10, 'L_scale_weight_yyx': 4.4530693748873265e-10, 'learning_rate_yyx': 0.008897782571768955}. Best is trial 32 with value: -1.4612882173978365.
[I 2026-03-18 21:20:32,154] Trial 41 pruned. 
[I 2026-03-18 21:20:35,590] Trial 31 pruned. 
[I 2026-03-18 21:20:38,239] Trial 18 finished with value: -2.469174130241483 and parameters: {'n_layers_yyx': 2, 'hidden_size_yyx_l0': 3, 'hidden_size_yyx_l1': 5, 'context_size_yyx': 1, 'num_mix_components_yyx': 5, 'context_extractor_yyx': 'gru', 'activation_func_yyx': 'Tanh', 'L2_weight_yyx': 1.533719518404724e-08, 'L_entropy_weight_yyx': 7.461811223907995e-09, 'L_sep_weight_yyx': 2.7912816135652298e-08, 'L_scale_weight_yyx': 7.634641273910458e-07, 'learning_rate_yyx': 0.004888267284012355}. Best is trial 12 with value: -2.4732728871279206.
[I 2026-03-18 21:20:40,882] Trial 29 pruned. 
[I 2026-03-18 21:20:42,232] Trial 32 pruned. 
[I 2026-03-18 21:20:49,265] Trial 26 pruned. 
[I 2026-03-18 21:20:55,958] Trial 33 pruned. 
[I 2026-03-18 21:20:57,965] Trial 32 pruned. 
[I 2026-03-18 21:21:01,349] Trial 27 finished with value: -1.4597027822641226 and parameters: {'n_layers_yyx': 2, 'hidden_size_yyx_l0': 4, 'hidden_size_yyx_l1': 3, 'context_size_yyx': 3, 'num_mix_components_yyx': 4, 'context_extractor_yyx': 'lstm', 'activation_func_yyx': 'ReLU', 'L2_weight_yyx': 3.228738592794337e-06, 'L_entropy_weight_yyx': 1.4012111297708482e-07, 'L_sep_weight_yyx': 0.00012520927108290703, 'L_scale_weight_yyx': 4.18421713239558e-06, 'learning_rate_yyx': 0.00823701534569103}. Best is trial 27 with value: -1.4597027822641226.
[I 2026-03-18 21:21:17,748] Trial 19 pruned. 
[I 2026-03-18 21:21:21,605] Trial 31 finished with value: -1.8520417084565033 and parameters: {'n_layers_yyx': 1, 'hidden_size_yyx_l0': 5, 'context_size_yyx': 4, 'num_mix_components_yyx': 4, 'context_extractor_yyx': 'gru', 'activation_func_yyx': 'ReLU', 'L2_weight_yyx': 1.335818517351325e-07, 'L_entropy_weight_yyx': 1.1586105329402549e-10, 'L_sep_weight_yyx': 2.729705335200328e-07, 'L_scale_weight_yyx': 7.462953032487964e-09, 'learning_rate_yyx': 0.005735605585616128}. Best is trial 9 with value: -1.8570869006965198.
[I 2026-03-18 21:21:26,154] Trial 16 finished with value: -1.45559814453125 and parameters: {'n_layers_yyx': 1, 'hidden_size_yyx_l0': 5, 'context_size_yyx': 4, 'num_mix_components_yyx': 5, 'context_extractor_yyx': 'lstm', 'activation_func_yyx': 'Tanh', 'L2_weight_yyx': 2.366097468921596e-07, 'L_entropy_weight_yyx': 2.304823434443265e-08, 'L_sep_weight_yyx': 1.5192608054557012e-06, 'L_scale_weight_yyx': 1.1263066245790802e-06, 'learning_rate_yyx': 0.006501181529886178}. Best is trial 12 with value: -1.460441659780649.
[I 2026-03-18 21:21:30,377] Trial 34 pruned. 
[I 2026-03-18 21:21:36,748] Trial 35 pruned. 
[I 2026-03-18 21:21:38,856] Trial 28 pruned. 
[I 2026-03-18 21:21:44,217] Trial 42 pruned. 
[I 2026-03-18 21:21:50,443] Trial 29 finished with value: -1.8560032623142975 and parameters: {'n_layers_yyx': 2, 'hidden_size_yyx_l0': 4, 'hidden_size_yyx_l1': 4, 'context_size_yyx': 2, 'num_mix_components_yyx': 4, 'context_extractor_yyx': 'lstm', 'activation_func_yyx': 'ReLU', 'L2_weight_yyx': 2.1588912247240995e-05, 'L_entropy_weight_yyx': 1.4813465227703665e-05, 'L_sep_weight_yyx': 2.289238358819023e-07, 'L_scale_weight_yyx': 2.836957492441684e-07, 'learning_rate_yyx': 0.005674576315289253}. Best is trial 11 with value: -1.8610449438696508.
[I 2026-03-18 21:21:53,565] Trial 23 finished with value: -1.8474350701171187 and parameters: {'n_layers_yyx': 1, 'hidden_size_yyx_l0': 6, 'context_size_yyx': 3, 'num_mix_components_yyx': 4, 'context_extractor_yyx': 'lstm', 'activation_func_yyx': 'ReLU', 'L2_weight_yyx': 1.7303260454045705e-07, 'L_entropy_weight_yyx': 0.0001764240864023806, 'L_sep_weight_yyx': 0.00017975100573271296, 'L_scale_weight_yyx': 2.9114990701682355e-07, 'learning_rate_yyx': 0.00525314899602453}. Best is trial 15 with value: -1.8695785775072098.
[I 2026-03-18 21:21:53,630] Trial 22 finished with value: -1.8903964328901528 and parameters: {'n_layers_yyx': 2, 'hidden_size_yyx_l0': 3, 'hidden_size_yyx_l1': 3, 'context_size_yyx': 1, 'num_mix_components_yyx': 5, 'context_extractor_yyx': 'lstm', 'activation_func_yyx': 'Tanh', 'L2_weight_yyx': 5.105682510553787e-07, 'L_entropy_weight_yyx': 1.217171463082565e-06, 'L_sep_weight_yyx': 2.2607073663154106e-06, 'L_scale_weight_yyx': 0.000810242544615858, 'learning_rate_yyx': 0.003984791992266254}. Best is trial 5 with value: -1.89157565728699.
[I 2026-03-18 21:21:58,555] Trial 33 pruned. 
[I 2026-03-18 21:22:01,588] Trial 33 pruned. 
[I 2026-03-18 21:22:04,833] Trial 32 pruned. 
[I 2026-03-18 21:22:06,789] Trial 27 pruned. 
[I 2026-03-18 21:22:13,110] Trial 35 pruned. 
[I 2026-03-18 21:22:27,591] Trial 43 pruned. 
[I 2026-03-18 21:22:31,451] Trial 31 pruned. 
[I 2026-03-18 21:22:37,460] Trial 24 pruned. 
[I 2026-03-18 21:22:41,822] Trial 25 pruned. 
[I 2026-03-18 21:22:41,822] Trial 34 pruned. 
slurmstepd: error: *** JOB 12215379 ON p02c02 CANCELLED AT 2026-03-18T21:22:51 DUE TO TIME LIMIT ***
