Warning: Failed writing log files to directory [/var/log/nvidia-mps]. No logs will be available.
[I 2026-03-18 19:07:03,121] A new study created in RDB with name: opt_full-model_seed=42_task=298
[I 2026-03-18 19:07:03,652] A new study created in RDB with name: opt_full-model_seed=42_task=300
[I 2026-03-18 19:07:03,928] A new study created in RDB with name: opt_full-model_seed=42_task=293
[I 2026-03-18 19:07:04,021] A new study created in RDB with name: opt_full-model_seed=42_task=301
[I 2026-03-18 19:07:04,141] A new study created in RDB with name: opt_full-model_seed=42_task=304
[I 2026-03-18 19:07:04,207] A new study created in RDB with name: opt_full-model_seed=42_task=299
[I 2026-03-18 19:07:04,243] A new study created in RDB with name: opt_full-model_seed=42_task=313
[I 2026-03-18 19:07:04,251] A new study created in RDB with name: opt_full-model_seed=42_task=306
[I 2026-03-18 19:07:04,260] A new study created in RDB with name: opt_full-model_seed=42_task=318
[I 2026-03-18 19:07:04,261] A new study created in RDB with name: opt_full-model_seed=42_task=311
[I 2026-03-18 19:07:04,261] A new study created in RDB with name: opt_full-model_seed=42_task=289
[I 2026-03-18 19:07:04,261] A new study created in RDB with name: opt_full-model_seed=42_task=317
[I 2026-03-18 19:07:04,268] A new study created in RDB with name: opt_full-model_seed=42_task=312
[I 2026-03-18 19:07:04,318] A new study created in RDB with name: opt_full-model_seed=42_task=302
[I 2026-03-18 19:07:04,322] A new study created in RDB with name: opt_full-model_seed=42_task=310
[I 2026-03-18 19:07:04,323] A new study created in RDB with name: opt_full-model_seed=42_task=291
[I 2026-03-18 19:07:04,342] A new study created in RDB with name: opt_full-model_seed=42_task=308
[I 2026-03-18 19:07:04,357] A new study created in RDB with name: opt_full-model_seed=42_task=305
[I 2026-03-18 19:07:04,358] A new study created in RDB with name: opt_full-model_seed=42_task=316
[I 2026-03-18 19:07:04,359] A new study created in RDB with name: opt_full-model_seed=42_task=295
[I 2026-03-18 19:07:04,359] A new study created in RDB with name: opt_full-model_seed=42_task=314
[I 2026-03-18 19:07:04,360] A new study created in RDB with name: opt_full-model_seed=42_task=294
[I 2026-03-18 19:07:04,365] A new study created in RDB with name: opt_full-model_seed=42_task=319
[I 2026-03-18 19:07:04,366] A new study created in RDB with name: opt_full-model_seed=42_task=307
[I 2026-03-18 19:07:04,366] A new study created in RDB with name: opt_full-model_seed=42_task=297
[I 2026-03-18 19:07:04,414] A new study created in RDB with name: opt_full-model_seed=42_task=309
[I 2026-03-18 19:07:04,415] A new study created in RDB with name: opt_full-model_seed=42_task=290
[I 2026-03-18 19:07:04,423] A new study created in RDB with name: opt_full-model_seed=42_task=315
[I 2026-03-18 19:07:04,832] A new study created in RDB with name: opt_full-model_seed=42_task=296
[I 2026-03-18 19:07:04,879] A new study created in RDB with name: opt_full-model_seed=42_task=288
[I 2026-03-18 19:07:04,880] A new study created in RDB with name: opt_full-model_seed=42_task=292
[I 2026-03-18 19:07:05,197] A new study created in RDB with name: opt_full-model_seed=42_task=303
[I 2026-03-18 19:08:51,580] Trial 0 finished with value: -1.9523362432398137 and parameters: {'n_layers_yyx': 1, 'hidden_size_yyx_l0': 6, 'context_size_yyx': 1, 'num_mix_components_yyx': 1, 'context_extractor_yyx': 'lstm', 'activation_func_yyx': 'GELU', 'L2_weight_yyx': 0.0006737933631638242, 'L_entropy_weight_yyx': 0.0002427408793608197, 'L_sep_weight_yyx': 5.345105043548221e-07, 'L_scale_weight_yyx': 1.6509945449326146e-10, 'learning_rate_yyx': 0.005903267406455868}. Best is trial 0 with value: -1.9523362432398137.
[I 2026-03-18 19:08:53,517] Trial 0 finished with value: -1.6893632543368602 and parameters: {'n_layers_yyx': 2, 'hidden_size_yyx_l0': 4, 'hidden_size_yyx_l1': 3, 'context_size_yyx': 2, 'num_mix_components_yyx': 2, 'context_extractor_yyx': 'lstm', 'activation_func_yyx': 'Tanh', 'L2_weight_yyx': 3.609631509466445e-05, 'L_entropy_weight_yyx': 1.4792950952379931e-09, 'L_sep_weight_yyx': 9.93683808446648e-09, 'L_scale_weight_yyx': 3.936513964353872e-08, 'learning_rate_yyx': 0.009230641315899185}. Best is trial 0 with value: -1.6893632543368602.
[I 2026-03-18 19:08:55,810] Trial 0 finished with value: -1.6885144001225116 and parameters: {'n_layers_yyx': 2, 'hidden_size_yyx_l0': 5, 'hidden_size_yyx_l1': 6, 'context_size_yyx': 1, 'num_mix_components_yyx': 2, 'context_extractor_yyx': 'gru', 'activation_func_yyx': 'ReLU', 'L2_weight_yyx': 7.575172252747107e-05, 'L_entropy_weight_yyx': 1.904250207670127e-06, 'L_sep_weight_yyx': 1.177886968993585e-08, 'L_scale_weight_yyx': 6.099311087044576e-07, 'learning_rate_yyx': 0.00881142835704151}. Best is trial 0 with value: -1.6885144001225116.
[I 2026-03-18 19:09:00,284] Trial 1 pruned. 
[I 2026-03-18 19:09:00,785] Trial 1 pruned. 
[I 2026-03-18 19:09:06,594] Trial 0 finished with value: -2.511745534136428 and parameters: {'n_layers_yyx': 1, 'hidden_size_yyx_l0': 5, 'context_size_yyx': 3, 'num_mix_components_yyx': 4, 'context_extractor_yyx': 'gru', 'activation_func_yyx': 'ReLU', 'L2_weight_yyx': 5.817988013006978e-10, 'L_entropy_weight_yyx': 5.345362887770188e-07, 'L_sep_weight_yyx': 2.7893417794723485e-05, 'L_scale_weight_yyx': 3.898263261547579e-09, 'learning_rate_yyx': 0.007978967708777075}. Best is trial 0 with value: -2.511745534136428.
[I 2026-03-18 19:09:08,143] Trial 0 finished with value: -1.6630848632988477 and parameters: {'n_layers_yyx': 1, 'hidden_size_yyx_l0': 3, 'context_size_yyx': 3, 'num_mix_components_yyx': 1, 'context_extractor_yyx': 'lstm', 'activation_func_yyx': 'ReLU', 'L2_weight_yyx': 1.0763817678640194e-05, 'L_entropy_weight_yyx': 4.932788172324632e-06, 'L_sep_weight_yyx': 5.097276571982175e-05, 'L_scale_weight_yyx': 1.0484005962434257e-07, 'learning_rate_yyx': 0.0016049559763769497}. Best is trial 0 with value: -1.6630848632988477.
[I 2026-03-18 19:09:15,906] Trial 0 finished with value: -1.7166840796377145 and parameters: {'n_layers_yyx': 1, 'hidden_size_yyx_l0': 4, 'context_size_yyx': 4, 'num_mix_components_yyx': 4, 'context_extractor_yyx': 'lstm', 'activation_func_yyx': 'ReLU', 'L2_weight_yyx': 4.80371050410376e-10, 'L_entropy_weight_yyx': 3.358036900265574e-08, 'L_sep_weight_yyx': 3.947963183253582e-08, 'L_scale_weight_yyx': 1.2025540244786072e-07, 'learning_rate_yyx': 0.0017197658093381413}. Best is trial 0 with value: -1.7166840796377145.
[I 2026-03-18 19:09:16,233] Trial 0 finished with value: -1.6761095192729139 and parameters: {'n_layers_yyx': 1, 'hidden_size_yyx_l0': 5, 'context_size_yyx': 4, 'num_mix_components_yyx': 2, 'context_extractor_yyx': 'lstm', 'activation_func_yyx': 'GELU', 'L2_weight_yyx': 5.583416279771522e-05, 'L_entropy_weight_yyx': 3.604169488894367e-09, 'L_sep_weight_yyx': 0.00017961790787329168, 'L_scale_weight_yyx': 2.046972517257745e-06, 'learning_rate_yyx': 0.0071799445749234705}. Best is trial 0 with value: -1.6761095192729139.
[I 2026-03-18 19:09:17,298] Trial 1 pruned. 
[I 2026-03-18 19:09:19,340] Trial 0 finished with value: -2.008555632877679 and parameters: {'n_layers_yyx': 1, 'hidden_size_yyx_l0': 3, 'context_size_yyx': 4, 'num_mix_components_yyx': 1, 'context_extractor_yyx': 'gru', 'activation_func_yyx': 'GELU', 'L2_weight_yyx': 2.1630035446111498e-05, 'L_entropy_weight_yyx': 7.036381009052675e-05, 'L_sep_weight_yyx': 0.0007399332455663769, 'L_scale_weight_yyx': 1.134643500837151e-10, 'learning_rate_yyx': 0.00313063352851128}. Best is trial 0 with value: -2.008555632877679.
[I 2026-03-18 19:09:22,077] Trial 0 finished with value: -1.6685281118368198 and parameters: {'n_layers_yyx': 2, 'hidden_size_yyx_l0': 6, 'hidden_size_yyx_l1': 6, 'context_size_yyx': 2, 'num_mix_components_yyx': 4, 'context_extractor_yyx': 'lstm', 'activation_func_yyx': 'ReLU', 'L2_weight_yyx': 2.0024768740980536e-09, 'L_entropy_weight_yyx': 8.868090191414883e-07, 'L_sep_weight_yyx': 2.4409987874378677e-05, 'L_scale_weight_yyx': 1.871230495888123e-09, 'learning_rate_yyx': 0.0018065348229626174}. Best is trial 0 with value: -1.6685281118368198.
[I 2026-03-18 19:09:24,161] Trial 1 pruned. 
[I 2026-03-18 19:09:28,140] Trial 2 pruned. 
[I 2026-03-18 19:09:29,694] Trial 1 pruned. 
[I 2026-03-18 19:09:30,855] Trial 2 pruned. 
[I 2026-03-18 19:09:37,757] Trial 3 pruned. 
[I 2026-03-18 19:09:39,954] Trial 3 pruned. 
[I 2026-03-18 19:09:41,556] Trial 0 finished with value: -2.1143376288427875 and parameters: {'n_layers_yyx': 1, 'hidden_size_yyx_l0': 4, 'context_size_yyx': 1, 'num_mix_components_yyx': 3, 'context_extractor_yyx': 'gru', 'activation_func_yyx': 'ReLU', 'L2_weight_yyx': 0.000371113555597443, 'L_entropy_weight_yyx': 9.817515663407494e-10, 'L_sep_weight_yyx': 1.2846469934797593e-08, 'L_scale_weight_yyx': 4.749460643213331e-10, 'learning_rate_yyx': 0.006803629494172267}. Best is trial 0 with value: -2.1143376288427875.
[I 2026-03-18 19:09:42,119] Trial 0 finished with value: -1.6784554536041303 and parameters: {'n_layers_yyx': 1, 'hidden_size_yyx_l0': 3, 'context_size_yyx': 3, 'num_mix_components_yyx': 5, 'context_extractor_yyx': 'gru', 'activation_func_yyx': 'GELU', 'L2_weight_yyx': 2.613697152753719e-09, 'L_entropy_weight_yyx': 6.648508000715266e-09, 'L_sep_weight_yyx': 1.7293089473895418e-10, 'L_scale_weight_yyx': 2.796645255560228e-07, 'learning_rate_yyx': 0.0033188032696185705}. Best is trial 0 with value: -1.6784554536041303.
[I 2026-03-18 19:09:48,648] Trial 1 pruned. 
[I 2026-03-18 19:09:52,437] Trial 0 finished with value: -1.7281774506604581 and parameters: {'n_layers_yyx': 1, 'hidden_size_yyx_l0': 2, 'context_size_yyx': 3, 'num_mix_components_yyx': 2, 'context_extractor_yyx': 'gru', 'activation_func_yyx': 'ReLU', 'L2_weight_yyx': 1.9905361895794545e-06, 'L_entropy_weight_yyx': 1.8568326932215258e-07, 'L_sep_weight_yyx': 2.9551623037244133e-05, 'L_scale_weight_yyx': 1.4141251338075776e-05, 'learning_rate_yyx': 0.007834398856575955}. Best is trial 0 with value: -1.7281774506604581.
[I 2026-03-18 19:09:52,832] Trial 0 finished with value: -2.4520858513292416 and parameters: {'n_layers_yyx': 1, 'hidden_size_yyx_l0': 5, 'context_size_yyx': 1, 'num_mix_components_yyx': 2, 'context_extractor_yyx': 'lstm', 'activation_func_yyx': 'GELU', 'L2_weight_yyx': 2.9684064229683565e-08, 'L_entropy_weight_yyx': 7.5468749549820755e-06, 'L_sep_weight_yyx': 6.384275847686143e-06, 'L_scale_weight_yyx': 0.00027513027518715724, 'learning_rate_yyx': 0.0028398398012047196}. Best is trial 0 with value: -2.4520858513292416.
[I 2026-03-18 19:09:55,762] Trial 2 pruned. 
[I 2026-03-18 19:09:56,341] Trial 0 finished with value: -1.6628499528155825 and parameters: {'n_layers_yyx': 2, 'hidden_size_yyx_l0': 4, 'hidden_size_yyx_l1': 2, 'context_size_yyx': 1, 'num_mix_components_yyx': 1, 'context_extractor_yyx': 'lstm', 'activation_func_yyx': 'Tanh', 'L2_weight_yyx': 5.300145796718791e-05, 'L_entropy_weight_yyx': 2.790237675450311e-07, 'L_sep_weight_yyx': 0.0002970366011971541, 'L_scale_weight_yyx': 0.00011447248147717753, 'learning_rate_yyx': 0.00909242142810211}. Best is trial 0 with value: -1.6628499528155825.
[I 2026-03-18 19:10:01,869] Trial 0 finished with value: -1.9571107956782938 and parameters: {'n_layers_yyx': 2, 'hidden_size_yyx_l0': 4, 'hidden_size_yyx_l1': 3, 'context_size_yyx': 3, 'num_mix_components_yyx': 1, 'context_extractor_yyx': 'gru', 'activation_func_yyx': 'GELU', 'L2_weight_yyx': 4.211983127542687e-06, 'L_entropy_weight_yyx': 5.951979720094565e-08, 'L_sep_weight_yyx': 3.5355340168029058e-09, 'L_scale_weight_yyx': 7.871811042448101e-10, 'learning_rate_yyx': 0.002269314767912374}. Best is trial 0 with value: -1.9571107956782938.
[I 2026-03-18 19:10:02,910] Trial 3 pruned. 
[I 2026-03-18 19:10:10,575] Trial 1 pruned. 
[I 2026-03-18 19:10:11,311] Trial 4 pruned. 
[I 2026-03-18 19:10:12,653] Trial 0 finished with value: -1.9690375628772083 and parameters: {'n_layers_yyx': 2, 'hidden_size_yyx_l0': 3, 'hidden_size_yyx_l1': 5, 'context_size_yyx': 2, 'num_mix_components_yyx': 1, 'context_extractor_yyx': 'gru', 'activation_func_yyx': 'Tanh', 'L2_weight_yyx': 5.835341809638954e-07, 'L_entropy_weight_yyx': 1.8918573959146978e-08, 'L_sep_weight_yyx': 1.9362634417183953e-07, 'L_scale_weight_yyx': 9.076378526255019e-06, 'learning_rate_yyx': 0.005280054333093501}. Best is trial 0 with value: -1.9690375628772083.
[I 2026-03-18 19:10:17,472] Trial 5 pruned. 
[I 2026-03-18 19:10:19,494] Trial 2 pruned. 
[I 2026-03-18 19:10:27,846] Trial 3 pruned. 
[I 2026-03-18 19:10:42,830] Trial 0 finished with value: -1.6662548089015947 and parameters: {'n_layers_yyx': 1, 'hidden_size_yyx_l0': 3, 'context_size_yyx': 3, 'num_mix_components_yyx': 3, 'context_extractor_yyx': 'lstm', 'activation_func_yyx': 'Tanh', 'L2_weight_yyx': 1.1296252870002487e-06, 'L_entropy_weight_yyx': 1.681690726689773e-06, 'L_sep_weight_yyx': 0.00031160422740428805, 'L_scale_weight_yyx': 1.2086176201525009e-05, 'learning_rate_yyx': 0.0005552408455251588}. Best is trial 0 with value: -1.6662548089015947.
[I 2026-03-18 19:10:44,210] Trial 0 finished with value: -1.971623403890498 and parameters: {'n_layers_yyx': 1, 'hidden_size_yyx_l0': 2, 'context_size_yyx': 2, 'num_mix_components_yyx': 1, 'context_extractor_yyx': 'gru', 'activation_func_yyx': 'GELU', 'L2_weight_yyx': 6.25443527650887e-09, 'L_entropy_weight_yyx': 2.212739595869409e-07, 'L_sep_weight_yyx': 4.884917647055243e-10, 'L_scale_weight_yyx': 2.9454424531736803e-07, 'learning_rate_yyx': 0.002030245860404195}. Best is trial 0 with value: -1.971623403890498.
[I 2026-03-18 19:10:47,209] Trial 2 finished with value: -1.9828319095557092 and parameters: {'n_layers_yyx': 1, 'hidden_size_yyx_l0': 4, 'context_size_yyx': 4, 'num_mix_components_yyx': 5, 'context_extractor_yyx': 'lstm', 'activation_func_yyx': 'Tanh', 'L2_weight_yyx': 0.00010819345632509097, 'L_entropy_weight_yyx': 4.698172357795093e-05, 'L_sep_weight_yyx': 3.0695227424680805e-09, 'L_scale_weight_yyx': 2.360854700583045e-05, 'learning_rate_yyx': 0.00966844762991659}. Best is trial 2 with value: -1.9828319095557092.
[I 2026-03-18 19:10:52,669] Trial 0 finished with value: -1.6755450137356964 and parameters: {'n_layers_yyx': 2, 'hidden_size_yyx_l0': 3, 'hidden_size_yyx_l1': 4, 'context_size_yyx': 4, 'num_mix_components_yyx': 3, 'context_extractor_yyx': 'gru', 'activation_func_yyx': 'ReLU', 'L2_weight_yyx': 1.2794573922432742e-06, 'L_entropy_weight_yyx': 2.736909421444785e-08, 'L_sep_weight_yyx': 2.672686903046649e-10, 'L_scale_weight_yyx': 8.236247518400952e-07, 'learning_rate_yyx': 0.0005925624731336436}. Best is trial 0 with value: -1.6755450137356964.
[I 2026-03-18 19:10:57,767] Trial 1 pruned. 
[I 2026-03-18 19:10:58,207] Trial 0 finished with value: -2.5120178855442976 and parameters: {'n_layers_yyx': 1, 'hidden_size_yyx_l0': 2, 'context_size_yyx': 3, 'num_mix_components_yyx': 4, 'context_extractor_yyx': 'gru', 'activation_func_yyx': 'GELU', 'L2_weight_yyx': 4.865971186270363e-10, 'L_entropy_weight_yyx': 7.140652407373332e-05, 'L_sep_weight_yyx': 1.0681179729055959e-10, 'L_scale_weight_yyx': 5.750873537198026e-10, 'learning_rate_yyx': 0.007121993086234927}. Best is trial 0 with value: -2.5120178855442976.
[I 2026-03-18 19:10:59,186] Trial 0 finished with value: -2.018971523147818 and parameters: {'n_layers_yyx': 1, 'hidden_size_yyx_l0': 3, 'context_size_yyx': 3, 'num_mix_components_yyx': 4, 'context_extractor_yyx': 'gru', 'activation_func_yyx': 'Tanh', 'L2_weight_yyx': 2.943157386831397e-07, 'L_entropy_weight_yyx': 1.772653169556252e-09, 'L_sep_weight_yyx': 3.2948322314221713e-09, 'L_scale_weight_yyx': 9.452248150903213e-08, 'learning_rate_yyx': 0.0013213598446898964}. Best is trial 0 with value: -2.018971523147818.
[I 2026-03-18 19:11:06,930] Trial 2 finished with value: -1.7032745841919907 and parameters: {'n_layers_yyx': 2, 'hidden_size_yyx_l0': 5, 'hidden_size_yyx_l1': 4, 'context_size_yyx': 1, 'num_mix_components_yyx': 2, 'context_extractor_yyx': 'gru', 'activation_func_yyx': 'ReLU', 'L2_weight_yyx': 0.00023549516372077146, 'L_entropy_weight_yyx': 4.322056400069982e-09, 'L_sep_weight_yyx': 0.00014272785567641204, 'L_scale_weight_yyx': 1.6756455815915892e-05, 'learning_rate_yyx': 0.0046047055542960385}. Best is trial 2 with value: -1.7032745841919907.
[I 2026-03-18 19:11:08,325] Trial 1 finished with value: -2.0346981000296678 and parameters: {'n_layers_yyx': 1, 'hidden_size_yyx_l0': 6, 'context_size_yyx': 3, 'num_mix_components_yyx': 5, 'context_extractor_yyx': 'lstm', 'activation_func_yyx': 'Tanh', 'L2_weight_yyx': 1.8951011470183022e-07, 'L_entropy_weight_yyx': 6.51387905441539e-08, 'L_sep_weight_yyx': 8.278282110339496e-06, 'L_scale_weight_yyx': 1.9321055601454798e-07, 'learning_rate_yyx': 0.009830626723871187}. Best is trial 1 with value: -2.0346981000296678.
[I 2026-03-18 19:11:10,981] Trial 0 finished with value: -1.6753394453643549 and parameters: {'n_layers_yyx': 2, 'hidden_size_yyx_l0': 4, 'hidden_size_yyx_l1': 2, 'context_size_yyx': 3, 'num_mix_components_yyx': 4, 'context_extractor_yyx': 'lstm', 'activation_func_yyx': 'Tanh', 'L2_weight_yyx': 4.078984330151649e-09, 'L_entropy_weight_yyx': 8.80632117958534e-05, 'L_sep_weight_yyx': 3.852290848188558e-08, 'L_scale_weight_yyx': 0.0009606148826972203, 'learning_rate_yyx': 0.002226989875168493}. Best is trial 0 with value: -1.6753394453643549.
[I 2026-03-18 19:11:15,721] Trial 0 finished with value: -2.498029528813278 and parameters: {'n_layers_yyx': 2, 'hidden_size_yyx_l0': 6, 'hidden_size_yyx_l1': 2, 'context_size_yyx': 1, 'num_mix_components_yyx': 3, 'context_extractor_yyx': 'gru', 'activation_func_yyx': 'GELU', 'L2_weight_yyx': 4.643017758179674e-06, 'L_entropy_weight_yyx': 4.00705946483936e-08, 'L_sep_weight_yyx': 4.5491737699016296e-05, 'L_scale_weight_yyx': 5.072881663721231e-08, 'learning_rate_yyx': 0.005500103965889781}. Best is trial 0 with value: -2.498029528813278.
[I 2026-03-18 19:11:16,452] Trial 1 finished with value: -1.9540290488853111 and parameters: {'n_layers_yyx': 1, 'hidden_size_yyx_l0': 5, 'context_size_yyx': 4, 'num_mix_components_yyx': 1, 'context_extractor_yyx': 'lstm', 'activation_func_yyx': 'GELU', 'L2_weight_yyx': 0.0007471310872518861, 'L_entropy_weight_yyx': 6.59096541148701e-08, 'L_sep_weight_yyx': 1.9921458598196739e-10, 'L_scale_weight_yyx': 1.8589676731910862e-08, 'learning_rate_yyx': 0.0030566481437381446}. Best is trial 0 with value: -1.9690375628772083.
[I 2026-03-18 19:11:20,843] Trial 0 finished with value: -2.0138799336866504 and parameters: {'n_layers_yyx': 1, 'hidden_size_yyx_l0': 5, 'context_size_yyx': 4, 'num_mix_components_yyx': 5, 'context_extractor_yyx': 'lstm', 'activation_func_yyx': 'GELU', 'L2_weight_yyx': 4.437500735419452e-08, 'L_entropy_weight_yyx': 1.4874589600179104e-10, 'L_sep_weight_yyx': 1.0600923245184888e-07, 'L_scale_weight_yyx': 1.2415848816651468e-06, 'learning_rate_yyx': 0.0009259440270619987}. Best is trial 0 with value: -2.0138799336866504.
[I 2026-03-18 19:11:21,546] Trial 3 pruned. 
[I 2026-03-18 19:11:23,951] Trial 0 finished with value: -2.510808245268653 and parameters: {'n_layers_yyx': 1, 'hidden_size_yyx_l0': 5, 'context_size_yyx': 3, 'num_mix_components_yyx': 1, 'context_extractor_yyx': 'gru', 'activation_func_yyx': 'ReLU', 'L2_weight_yyx': 4.424076402447567e-05, 'L_entropy_weight_yyx': 1.0010637675033783e-07, 'L_sep_weight_yyx': 1.603757024520771e-05, 'L_scale_weight_yyx': 0.000777946577947823, 'learning_rate_yyx': 0.0010026679547442037}. Best is trial 0 with value: -2.510808245268653.
[I 2026-03-18 19:11:25,318] Trial 2 pruned. 
[I 2026-03-18 19:11:28,103] Trial 4 pruned. 
[I 2026-03-18 19:11:33,685] Trial 1 finished with value: -1.7124108369213684 and parameters: {'n_layers_yyx': 1, 'hidden_size_yyx_l0': 4, 'context_size_yyx': 3, 'num_mix_components_yyx': 2, 'context_extractor_yyx': 'gru', 'activation_func_yyx': 'ReLU', 'L2_weight_yyx': 1.1857589529614403e-07, 'L_entropy_weight_yyx': 0.0006525788122196545, 'L_sep_weight_yyx': 0.00015010559536074702, 'L_scale_weight_yyx': 2.1420545277388202e-05, 'learning_rate_yyx': 0.007943538953321484}. Best is trial 0 with value: -1.7281774506604581.
[I 2026-03-18 19:11:33,761] Trial 0 finished with value: -2.4792033627986814 and parameters: {'n_layers_yyx': 2, 'hidden_size_yyx_l0': 4, 'hidden_size_yyx_l1': 3, 'context_size_yyx': 4, 'num_mix_components_yyx': 2, 'context_extractor_yyx': 'lstm', 'activation_func_yyx': 'Tanh', 'L2_weight_yyx': 1.238812746548059e-09, 'L_entropy_weight_yyx': 5.895569330387049e-09, 'L_sep_weight_yyx': 4.792606992828932e-08, 'L_scale_weight_yyx': 5.247886511655511e-06, 'learning_rate_yyx': 0.0014133989525771252}. Best is trial 0 with value: -2.4792033627986814.
[I 2026-03-18 19:11:38,462] Trial 1 pruned. 
[I 2026-03-18 19:11:39,183] Trial 4 finished with value: -1.6695399249992022 and parameters: {'n_layers_yyx': 2, 'hidden_size_yyx_l0': 3, 'hidden_size_yyx_l1': 4, 'context_size_yyx': 3, 'num_mix_components_yyx': 3, 'context_extractor_yyx': 'gru', 'activation_func_yyx': 'ReLU', 'L2_weight_yyx': 5.095892939398382e-10, 'L_entropy_weight_yyx': 3.7658293737175507e-10, 'L_sep_weight_yyx': 6.017435673869291e-08, 'L_scale_weight_yyx': 0.000938816586687694, 'learning_rate_yyx': 0.002532496437287209}. Best is trial 0 with value: -1.6761095192729139.
[I 2026-03-18 19:11:48,001] Trial 0 finished with value: -2.5448031658892867 and parameters: {'n_layers_yyx': 1, 'hidden_size_yyx_l0': 4, 'context_size_yyx': 4, 'num_mix_components_yyx': 5, 'context_extractor_yyx': 'gru', 'activation_func_yyx': 'Tanh', 'L2_weight_yyx': 3.077257763739825e-05, 'L_entropy_weight_yyx': 1.7341983172422474e-10, 'L_sep_weight_yyx': 0.0001747658654788715, 'L_scale_weight_yyx': 3.4113263997634914e-06, 'learning_rate_yyx': 0.000634513695571822}. Best is trial 0 with value: -2.5448031658892867.
[I 2026-03-18 19:12:00,630] Trial 0 finished with value: -2.512397478376116 and parameters: {'n_layers_yyx': 1, 'hidden_size_yyx_l0': 2, 'context_size_yyx': 1, 'num_mix_components_yyx': 3, 'context_extractor_yyx': 'gru', 'activation_func_yyx': 'GELU', 'L2_weight_yyx': 1.4882719239314341e-08, 'L_entropy_weight_yyx': 0.000526044351920457, 'L_sep_weight_yyx': 5.277716933984515e-06, 'L_scale_weight_yyx': 1.2441733352185754e-06, 'learning_rate_yyx': 0.004243714681826175}. Best is trial 0 with value: -2.512397478376116.
[I 2026-03-18 19:12:08,242] Trial 1 finished with value: -2.0874493411163124 and parameters: {'n_layers_yyx': 2, 'hidden_size_yyx_l0': 3, 'hidden_size_yyx_l1': 3, 'context_size_yyx': 2, 'num_mix_components_yyx': 1, 'context_extractor_yyx': 'lstm', 'activation_func_yyx': 'ReLU', 'L2_weight_yyx': 1.6733357337190813e-10, 'L_entropy_weight_yyx': 0.0007601036501130634, 'L_sep_weight_yyx': 5.783818758853897e-07, 'L_scale_weight_yyx': 9.436844648240322e-05, 'learning_rate_yyx': 0.008137176509046213}. Best is trial 0 with value: -2.1143376288427875.
[I 2026-03-18 19:12:11,923] Trial 2 pruned. 
[I 2026-03-18 19:12:18,807] Trial 3 pruned. 
[I 2026-03-18 19:12:19,269] Trial 0 finished with value: -2.5120461423480207 and parameters: {'n_layers_yyx': 1, 'hidden_size_yyx_l0': 4, 'context_size_yyx': 2, 'num_mix_components_yyx': 5, 'context_extractor_yyx': 'lstm', 'activation_func_yyx': 'ReLU', 'L2_weight_yyx': 8.426519050200548e-07, 'L_entropy_weight_yyx': 1.7528832994740845e-07, 'L_sep_weight_yyx': 5.042320951034047e-08, 'L_scale_weight_yyx': 4.970211000739982e-10, 'learning_rate_yyx': 0.0019742446257960886}. Best is trial 0 with value: -2.5120461423480207.
[I 2026-03-18 19:12:25,936] Trial 4 pruned. 
[I 2026-03-18 19:12:25,944] Trial 1 finished with value: -1.6815051967246275 and parameters: {'n_layers_yyx': 2, 'hidden_size_yyx_l0': 5, 'hidden_size_yyx_l1': 5, 'context_size_yyx': 2, 'num_mix_components_yyx': 1, 'context_extractor_yyx': 'lstm', 'activation_func_yyx': 'ReLU', 'L2_weight_yyx': 1.7173854778158435e-07, 'L_entropy_weight_yyx': 1.827534978131892e-05, 'L_sep_weight_yyx': 0.000987366456929262, 'L_scale_weight_yyx': 0.0008360316354076985, 'learning_rate_yyx': 0.0007835361952146591}. Best is trial 0 with value: -1.6885144001225116.
[I 2026-03-18 19:12:26,076] Trial 2 pruned. 
[I 2026-03-18 19:12:29,520] Trial 3 finished with value: -1.9930066460961695 and parameters: {'n_layers_yyx': 2, 'hidden_size_yyx_l0': 5, 'hidden_size_yyx_l1': 6, 'context_size_yyx': 4, 'num_mix_components_yyx': 5, 'context_extractor_yyx': 'lstm', 'activation_func_yyx': 'ReLU', 'L2_weight_yyx': 1.3804505530535935e-07, 'L_entropy_weight_yyx': 1.6887607521202335e-07, 'L_sep_weight_yyx': 2.2106109776631208e-10, 'L_scale_weight_yyx': 6.217071357439366e-10, 'learning_rate_yyx': 0.009167630368699019}. Best is trial 3 with value: -1.9930066460961695.
[I 2026-03-18 19:12:32,830] Trial 1 finished with value: -1.713800251613775 and parameters: {'n_layers_yyx': 1, 'hidden_size_yyx_l0': 2, 'context_size_yyx': 4, 'num_mix_components_yyx': 2, 'context_extractor_yyx': 'lstm', 'activation_func_yyx': 'Tanh', 'L2_weight_yyx': 5.696215078308987e-07, 'L_entropy_weight_yyx': 2.9292661565901785e-05, 'L_sep_weight_yyx': 1.3191074444133534e-10, 'L_scale_weight_yyx': 4.216115356086618e-05, 'learning_rate_yyx': 0.0030736081500019933}. Best is trial 0 with value: -1.7166840796377145.
[I 2026-03-18 19:12:37,771] Trial 4 pruned. 
[I 2026-03-18 19:12:40,266] Trial 5 pruned. 
[I 2026-03-18 19:12:42,791] Trial 0 finished with value: -2.4955396216934647 and parameters: {'n_layers_yyx': 1, 'hidden_size_yyx_l0': 3, 'context_size_yyx': 4, 'num_mix_components_yyx': 1, 'context_extractor_yyx': 'gru', 'activation_func_yyx': 'ReLU', 'L2_weight_yyx': 1.1564236369659198e-08, 'L_entropy_weight_yyx': 8.282954338351148e-09, 'L_sep_weight_yyx': 0.0003188358357170486, 'L_scale_weight_yyx': 0.00014925135886653863, 'learning_rate_yyx': 0.0005109672629265184}. Best is trial 0 with value: -2.4955396216934647.
[I 2026-03-18 19:12:42,797] Trial 0 finished with value: -2.510351792604265 and parameters: {'n_layers_yyx': 1, 'hidden_size_yyx_l0': 2, 'context_size_yyx': 2, 'num_mix_components_yyx': 5, 'context_extractor_yyx': 'gru', 'activation_func_yyx': 'GELU', 'L2_weight_yyx': 2.037430257698363e-06, 'L_entropy_weight_yyx': 0.0002244875271802167, 'L_sep_weight_yyx': 1.7591310769885828e-09, 'L_scale_weight_yyx': 1.2038776198682701e-08, 'learning_rate_yyx': 0.005697591263382661}. Best is trial 0 with value: -2.510351792604265.
[I 2026-03-18 19:12:44,762] Trial 1 finished with value: -1.6767316357210702 and parameters: {'n_layers_yyx': 1, 'hidden_size_yyx_l0': 2, 'context_size_yyx': 4, 'num_mix_components_yyx': 5, 'context_extractor_yyx': 'lstm', 'activation_func_yyx': 'Tanh', 'L2_weight_yyx': 2.745064586202872e-07, 'L_entropy_weight_yyx': 0.0005825668331069134, 'L_sep_weight_yyx': 1.3926125163999405e-06, 'L_scale_weight_yyx': 3.0181442448459433e-09, 'learning_rate_yyx': 0.0012698647929172066}. Best is trial 0 with value: -1.6784554536041303.
[I 2026-03-18 19:12:46,847] Trial 6 pruned. 
[I 2026-03-18 19:12:46,888] Trial 5 pruned. 
[I 2026-03-18 19:12:48,091] Trial 2 pruned. 
[I 2026-03-18 19:12:54,908] Trial 6 finished with value: -1.674548906640672 and parameters: {'n_layers_yyx': 1, 'hidden_size_yyx_l0': 5, 'context_size_yyx': 4, 'num_mix_components_yyx': 2, 'context_extractor_yyx': 'gru', 'activation_func_yyx': 'Tanh', 'L2_weight_yyx': 3.0333248856778925e-10, 'L_entropy_weight_yyx': 1.589357538418865e-06, 'L_sep_weight_yyx': 1.337868025368281e-08, 'L_scale_weight_yyx': 3.33804503838473e-06, 'learning_rate_yyx': 0.001968110354840756}. Best is trial 6 with value: -1.674548906640672.
[I 2026-03-18 19:12:57,500] Trial 0 finished with value: -2.5064611091577818 and parameters: {'n_layers_yyx': 2, 'hidden_size_yyx_l0': 3, 'hidden_size_yyx_l1': 2, 'context_size_yyx': 2, 'num_mix_components_yyx': 2, 'context_extractor_yyx': 'lstm', 'activation_func_yyx': 'GELU', 'L2_weight_yyx': 7.152182159161604e-09, 'L_entropy_weight_yyx': 0.00017123754375133145, 'L_sep_weight_yyx': 1.4738857047084033e-06, 'L_scale_weight_yyx': 8.316652725375827e-05, 'learning_rate_yyx': 0.001612439313681294}. Best is trial 0 with value: -2.5064611091577818.
[I 2026-03-18 19:13:01,338] Trial 7 pruned. 
[I 2026-03-18 19:13:02,513] Trial 2 finished with value: -1.6635388910970912 and parameters: {'n_layers_yyx': 1, 'hidden_size_yyx_l0': 2, 'context_size_yyx': 4, 'num_mix_components_yyx': 5, 'context_extractor_yyx': 'gru', 'activation_func_yyx': 'Tanh', 'L2_weight_yyx': 0.00039496636674704177, 'L_entropy_weight_yyx': 1.9952651198132876e-06, 'L_sep_weight_yyx': 3.960459121895443e-07, 'L_scale_weight_yyx': 9.014702382773908e-06, 'learning_rate_yyx': 0.0005733887446075436}. Best is trial 0 with value: -1.6685281118368198.
[I 2026-03-18 19:13:04,431] Trial 1 pruned. 
[I 2026-03-18 19:13:05,016] Trial 3 finished with value: -1.9793726467879271 and parameters: {'n_layers_yyx': 2, 'hidden_size_yyx_l0': 2, 'hidden_size_yyx_l1': 4, 'context_size_yyx': 2, 'num_mix_components_yyx': 2, 'context_extractor_yyx': 'lstm', 'activation_func_yyx': 'ReLU', 'L2_weight_yyx': 3.30018911156598e-06, 'L_entropy_weight_yyx': 0.0009335348237993359, 'L_sep_weight_yyx': 0.00019021185844959767, 'L_scale_weight_yyx': 2.055105570321056e-05, 'learning_rate_yyx': 0.008473983640590784}. Best is trial 2 with value: -1.9828319095557092.
[I 2026-03-18 19:13:08,331] Trial 1 finished with value: -1.9828018961884801 and parameters: {'n_layers_yyx': 1, 'hidden_size_yyx_l0': 4, 'context_size_yyx': 2, 'num_mix_components_yyx': 5, 'context_extractor_yyx': 'lstm', 'activation_func_yyx': 'ReLU', 'L2_weight_yyx': 3.572680206349136e-06, 'L_entropy_weight_yyx': 4.9417143649923445e-08, 'L_sep_weight_yyx': 2.0798454015207804e-09, 'L_scale_weight_yyx': 2.8419884589673473e-07, 'learning_rate_yyx': 0.009034605348866659}. Best is trial 1 with value: -1.9828018961884801.
[I 2026-03-18 19:13:11,267] Trial 1 finished with value: -1.9859949036863145 and parameters: {'n_layers_yyx': 2, 'hidden_size_yyx_l0': 3, 'hidden_size_yyx_l1': 3, 'context_size_yyx': 1, 'num_mix_components_yyx': 3, 'context_extractor_yyx': 'gru', 'activation_func_yyx': 'Tanh', 'L2_weight_yyx': 1.1990758187524264e-07, 'L_entropy_weight_yyx': 2.0597652273441465e-10, 'L_sep_weight_yyx': 1.3082830295128179e-06, 'L_scale_weight_yyx': 0.00016195484250585993, 'learning_rate_yyx': 0.006328590105046373}. Best is trial 0 with value: -2.018971523147818.
[I 2026-03-18 19:13:12,365] Trial 5 finished with value: -1.704671424204909 and parameters: {'n_layers_yyx': 2, 'hidden_size_yyx_l0': 6, 'hidden_size_yyx_l1': 5, 'context_size_yyx': 2, 'num_mix_components_yyx': 2, 'context_extractor_yyx': 'lstm', 'activation_func_yyx': 'GELU', 'L2_weight_yyx': 2.3587523069370894e-10, 'L_entropy_weight_yyx': 4.261347926206884e-08, 'L_sep_weight_yyx': 2.9319320981013923e-09, 'L_scale_weight_yyx': 3.9789104893456985e-10, 'learning_rate_yyx': 0.00935222780860124}. Best is trial 5 with value: -1.704671424204909.
[I 2026-03-18 19:13:18,357] Trial 1 finished with value: -1.968093923912178 and parameters: {'n_layers_yyx': 1, 'hidden_size_yyx_l0': 4, 'context_size_yyx': 1, 'num_mix_components_yyx': 2, 'context_extractor_yyx': 'lstm', 'activation_func_yyx': 'GELU', 'L2_weight_yyx': 6.426996355250616e-10, 'L_entropy_weight_yyx': 0.000398947701142039, 'L_sep_weight_yyx': 4.368916360014808e-07, 'L_scale_weight_yyx': 0.0003220134752516605, 'learning_rate_yyx': 0.0025025333915897}. Best is trial 0 with value: -2.0138799336866504.
[I 2026-03-18 19:13:24,668] Trial 1 finished with value: -1.6388965131693365 and parameters: {'n_layers_yyx': 1, 'hidden_size_yyx_l0': 3, 'context_size_yyx': 2, 'num_mix_components_yyx': 2, 'context_extractor_yyx': 'lstm', 'activation_func_yyx': 'GELU', 'L2_weight_yyx': 0.00043140281159000554, 'L_entropy_weight_yyx': 4.108525658133014e-09, 'L_sep_weight_yyx': 2.4333085601302634e-10, 'L_scale_weight_yyx': 5.045623821679672e-05, 'learning_rate_yyx': 0.0005305803205776434}. Best is trial 0 with value: -1.6628499528155825.
[I 2026-03-18 19:13:25,402] Trial 2 pruned. 
[I 2026-03-18 19:13:27,075] Trial 6 pruned. 
[I 2026-03-18 19:13:29,710] Trial 2 pruned. 
[I 2026-03-18 19:13:33,006] Trial 3 pruned. 
[I 2026-03-18 19:13:33,408] Trial 5 pruned. 
[I 2026-03-18 19:13:38,153] Trial 3 pruned. 
[I 2026-03-18 19:13:40,405] Trial 1 finished with value: -2.488616099098856 and parameters: {'n_layers_yyx': 2, 'hidden_size_yyx_l0': 5, 'hidden_size_yyx_l1': 2, 'context_size_yyx': 3, 'num_mix_components_yyx': 1, 'context_extractor_yyx': 'lstm', 'activation_func_yyx': 'GELU', 'L2_weight_yyx': 2.3368986949572473e-09, 'L_entropy_weight_yyx': 3.309710925336863e-09, 'L_sep_weight_yyx': 6.016779605504518e-08, 'L_scale_weight_yyx': 1.7745077712754997e-05, 'learning_rate_yyx': 0.0032095330419906745}. Best is trial 1 with value: -2.488616099098856.
[I 2026-03-18 19:13:50,513] Trial 2 pruned. 
[I 2026-03-18 19:14:13,693] Trial 2 finished with value: -1.680426359749482 and parameters: {'n_layers_yyx': 2, 'hidden_size_yyx_l0': 3, 'hidden_size_yyx_l1': 2, 'context_size_yyx': 2, 'num_mix_components_yyx': 4, 'context_extractor_yyx': 'gru', 'activation_func_yyx': 'Tanh', 'L2_weight_yyx': 2.77589597595092e-07, 'L_entropy_weight_yyx': 1.649260414514068e-10, 'L_sep_weight_yyx': 6.0861173607703245e-05, 'L_scale_weight_yyx': 6.10918433613832e-06, 'learning_rate_yyx': 0.0027818386283871917}. Best is trial 2 with value: -1.680426359749482.
[I 2026-03-18 19:14:20,728] Trial 3 pruned. 
[I 2026-03-18 19:14:21,320] Trial 4 finished with value: -2.491023264461593 and parameters: {'n_layers_yyx': 2, 'hidden_size_yyx_l0': 3, 'hidden_size_yyx_l1': 5, 'context_size_yyx': 3, 'num_mix_components_yyx': 2, 'context_extractor_yyx': 'gru', 'activation_func_yyx': 'Tanh', 'L2_weight_yyx': 1.4838675646768864e-05, 'L_entropy_weight_yyx': 1.3463417877839104e-10, 'L_sep_weight_yyx': 0.0002918337492519928, 'L_scale_weight_yyx': 8.566048470765003e-06, 'learning_rate_yyx': 0.0005816602128781265}. Best is trial 0 with value: -2.511745534136428.
[I 2026-03-18 19:14:21,414] Trial 1 finished with value: -1.6713062306541138 and parameters: {'n_layers_yyx': 1, 'hidden_size_yyx_l0': 3, 'context_size_yyx': 4, 'num_mix_components_yyx': 2, 'context_extractor_yyx': 'lstm', 'activation_func_yyx': 'Tanh', 'L2_weight_yyx': 8.663690427858061e-09, 'L_entropy_weight_yyx': 1.1324458099492855e-08, 'L_sep_weight_yyx': 8.088803710847306e-07, 'L_scale_weight_yyx': 9.509419589603509e-05, 'learning_rate_yyx': 0.0017569059856425526}. Best is trial 0 with value: -1.6755450137356964.
[I 2026-03-18 19:14:25,305] Trial 1 pruned. 
[I 2026-03-18 19:14:29,473] Trial 4 finished with value: -1.6640185420757185 and parameters: {'n_layers_yyx': 2, 'hidden_size_yyx_l0': 5, 'hidden_size_yyx_l1': 6, 'context_size_yyx': 2, 'num_mix_components_yyx': 4, 'context_extractor_yyx': 'gru', 'activation_func_yyx': 'Tanh', 'L2_weight_yyx': 2.6342110490504293e-08, 'L_entropy_weight_yyx': 1.853165852977368e-07, 'L_sep_weight_yyx': 4.4887224325660276e-07, 'L_scale_weight_yyx': 0.0002898952063885384, 'learning_rate_yyx': 0.007452742028818832}. Best is trial 0 with value: -1.6784554536041303.
[I 2026-03-18 19:14:31,333] Trial 5 pruned. 
[I 2026-03-18 19:14:34,068] Trial 8 finished with value: -1.7294919135267302 and parameters: {'n_layers_yyx': 1, 'hidden_size_yyx_l0': 5, 'context_size_yyx': 3, 'num_mix_components_yyx': 3, 'context_extractor_yyx': 'gru', 'activation_func_yyx': 'ReLU', 'L2_weight_yyx': 6.476902724448622e-07, 'L_entropy_weight_yyx': 1.0944063681265982e-09, 'L_sep_weight_yyx': 4.3602482389501e-10, 'L_scale_weight_yyx': 1.3949725443860246e-06, 'learning_rate_yyx': 0.009302276686750459}. Best is trial 8 with value: -1.7294919135267302.
[I 2026-03-18 19:14:35,361] Trial 2 pruned. 
[I 2026-03-18 19:14:37,077] Trial 5 pruned. 
[I 2026-03-18 19:14:37,116] Trial 1 finished with value: -2.5092641587756246 and parameters: {'n_layers_yyx': 2, 'hidden_size_yyx_l0': 3, 'hidden_size_yyx_l1': 5, 'context_size_yyx': 3, 'num_mix_components_yyx': 2, 'context_extractor_yyx': 'lstm', 'activation_func_yyx': 'ReLU', 'L2_weight_yyx': 8.802370053932244e-05, 'L_entropy_weight_yyx': 0.00010700723970420115, 'L_sep_weight_yyx': 2.0765629972551677e-07, 'L_scale_weight_yyx': 3.2195049360396694e-08, 'learning_rate_yyx': 0.002372192132891457}. Best is trial 0 with value: -2.5120178855442976.
[I 2026-03-18 19:14:37,993] Trial 4 pruned. 
[I 2026-03-18 19:14:39,652] Trial 1 finished with value: -2.4902220299951665 and parameters: {'n_layers_yyx': 2, 'hidden_size_yyx_l0': 6, 'hidden_size_yyx_l1': 6, 'context_size_yyx': 2, 'num_mix_components_yyx': 5, 'context_extractor_yyx': 'lstm', 'activation_func_yyx': 'Tanh', 'L2_weight_yyx': 3.891648850194226e-10, 'L_entropy_weight_yyx': 7.979694067568594e-05, 'L_sep_weight_yyx': 7.564574595507737e-07, 'L_scale_weight_yyx': 0.00018658931044908189, 'learning_rate_yyx': 0.0020117488766846787}. Best is trial 1 with value: -2.4902220299951665.
[I 2026-03-18 19:14:42,178] Trial 6 pruned. 
[I 2026-03-18 19:14:43,339] Trial 1 finished with value: -1.654917326986303 and parameters: {'n_layers_yyx': 2, 'hidden_size_yyx_l0': 5, 'hidden_size_yyx_l1': 3, 'context_size_yyx': 1, 'num_mix_components_yyx': 4, 'context_extractor_yyx': 'gru', 'activation_func_yyx': 'ReLU', 'L2_weight_yyx': 3.80761245055579e-10, 'L_entropy_weight_yyx': 5.023342446713572e-08, 'L_sep_weight_yyx': 2.4476470246483023e-05, 'L_scale_weight_yyx': 6.831588524582047e-10, 'learning_rate_yyx': 0.0007713498110314642}. Best is trial 0 with value: -1.6753394453643549.
[I 2026-03-18 19:14:44,686] Trial 6 pruned. 
[I 2026-03-18 19:14:45,390] Trial 5 pruned. 
[I 2026-03-18 19:14:51,821] Trial 2 finished with value: -1.6965485290020457 and parameters: {'n_layers_yyx': 2, 'hidden_size_yyx_l0': 5, 'hidden_size_yyx_l1': 2, 'context_size_yyx': 3, 'num_mix_components_yyx': 4, 'context_extractor_yyx': 'gru', 'activation_func_yyx': 'Tanh', 'L2_weight_yyx': 4.9898694780408245e-08, 'L_entropy_weight_yyx': 1.145279408286234e-06, 'L_sep_weight_yyx': 6.6394246576448905e-06, 'L_scale_weight_yyx': 1.7285840589004215e-06, 'learning_rate_yyx': 0.005997669675207427}. Best is trial 2 with value: -1.6965485290020457.
[I 2026-03-18 19:14:55,469] Trial 4 finished with value: -1.9790352698769165 and parameters: {'n_layers_yyx': 2, 'hidden_size_yyx_l0': 5, 'hidden_size_yyx_l1': 2, 'context_size_yyx': 3, 'num_mix_components_yyx': 5, 'context_extractor_yyx': 'lstm', 'activation_func_yyx': 'GELU', 'L2_weight_yyx': 3.617406745415872e-06, 'L_entropy_weight_yyx': 1.085144120783767e-08, 'L_sep_weight_yyx': 1.1932972534517992e-08, 'L_scale_weight_yyx': 2.5609039337414445e-06, 'learning_rate_yyx': 0.001154773071499154}. Best is trial 4 with value: -1.9790352698769165.
[I 2026-03-18 19:15:01,630] Trial 2 finished with value: -1.981469582990584 and parameters: {'n_layers_yyx': 2, 'hidden_size_yyx_l0': 6, 'hidden_size_yyx_l1': 5, 'context_size_yyx': 2, 'num_mix_components_yyx': 4, 'context_extractor_yyx': 'lstm', 'activation_func_yyx': 'Tanh', 'L2_weight_yyx': 2.3148829173651895e-10, 'L_entropy_weight_yyx': 9.054472399901921e-08, 'L_sep_weight_yyx': 6.114697178763124e-07, 'L_scale_weight_yyx': 0.00017514934911998318, 'learning_rate_yyx': 0.005645262654812664}. Best is trial 1 with value: -1.9828018961884801.
[I 2026-03-18 19:15:05,606] Trial 1 finished with value: -2.54628860366928 and parameters: {'n_layers_yyx': 1, 'hidden_size_yyx_l0': 4, 'context_size_yyx': 1, 'num_mix_components_yyx': 5, 'context_extractor_yyx': 'lstm', 'activation_func_yyx': 'Tanh', 'L2_weight_yyx': 0.00015341286386562, 'L_entropy_weight_yyx': 9.131747257465283e-07, 'L_sep_weight_yyx': 2.368021343936652e-05, 'L_scale_weight_yyx': 4.767810417260356e-07, 'learning_rate_yyx': 0.002420761779798036}. Best is trial 1 with value: -2.54628860366928.
[I 2026-03-18 19:15:09,754] Trial 1 finished with value: -2.5125601952756833 and parameters: {'n_layers_yyx': 2, 'hidden_size_yyx_l0': 3, 'hidden_size_yyx_l1': 6, 'context_size_yyx': 4, 'num_mix_components_yyx': 5, 'context_extractor_yyx': 'lstm', 'activation_func_yyx': 'ReLU', 'L2_weight_yyx': 3.169979955997292e-07, 'L_entropy_weight_yyx': 2.344867411627175e-07, 'L_sep_weight_yyx': 9.497799628060934e-06, 'L_scale_weight_yyx': 2.3891386876944864e-09, 'learning_rate_yyx': 0.006363816328980663}. Best is trial 1 with value: -2.5125601952756833.
[I 2026-03-18 19:15:13,106] Trial 9 pruned. 
[I 2026-03-18 19:15:20,317] Trial 1 finished with value: -2.508543311145146 and parameters: {'n_layers_yyx': 2, 'hidden_size_yyx_l0': 6, 'hidden_size_yyx_l1': 2, 'context_size_yyx': 3, 'num_mix_components_yyx': 4, 'context_extractor_yyx': 'lstm', 'activation_func_yyx': 'GELU', 'L2_weight_yyx': 1.1313646176089598e-09, 'L_entropy_weight_yyx': 0.0007473371237115403, 'L_sep_weight_yyx': 0.0006823149733483612, 'L_scale_weight_yyx': 1.1094231000394028e-07, 'learning_rate_yyx': 0.008167018911946234}. Best is trial 1 with value: -2.508543311145146.
[I 2026-03-18 19:15:20,904] Trial 3 pruned. 
[I 2026-03-18 19:15:22,309] Trial 7 finished with value: -1.6723661848927047 and parameters: {'n_layers_yyx': 2, 'hidden_size_yyx_l0': 2, 'hidden_size_yyx_l1': 6, 'context_size_yyx': 4, 'num_mix_components_yyx': 5, 'context_extractor_yyx': 'gru', 'activation_func_yyx': 'Tanh', 'L2_weight_yyx': 2.0643384400095014e-09, 'L_entropy_weight_yyx': 1.3122692834855594e-08, 'L_sep_weight_yyx': 1.306321744342726e-05, 'L_scale_weight_yyx': 0.000567481321710804, 'learning_rate_yyx': 0.0013642987740780446}. Best is trial 6 with value: -1.674548906640672.
[I 2026-03-18 19:15:24,384] Trial 3 finished with value: -1.6593932298901333 and parameters: {'n_layers_yyx': 1, 'hidden_size_yyx_l0': 6, 'context_size_yyx': 1, 'num_mix_components_yyx': 1, 'context_extractor_yyx': 'gru', 'activation_func_yyx': 'Tanh', 'L2_weight_yyx': 1.1759211804145234e-07, 'L_entropy_weight_yyx': 1.308009046259588e-07, 'L_sep_weight_yyx': 0.00018988828406684755, 'L_scale_weight_yyx': 1.3443179302991708e-06, 'learning_rate_yyx': 0.003410554989683391}. Best is trial 0 with value: -1.6685281118368198.
[I 2026-03-18 19:15:31,243] Trial 8 pruned. 
[I 2026-03-18 19:15:32,430] Trial 3 pruned. 
[I 2026-03-18 19:15:34,423] Trial 1 finished with value: -2.511856338115334 and parameters: {'n_layers_yyx': 2, 'hidden_size_yyx_l0': 3, 'hidden_size_yyx_l1': 3, 'context_size_yyx': 3, 'num_mix_components_yyx': 4, 'context_extractor_yyx': 'gru', 'activation_func_yyx': 'Tanh', 'L2_weight_yyx': 3.465780536623839e-10, 'L_entropy_weight_yyx': 1.8015037404685626e-07, 'L_sep_weight_yyx': 7.554481038800045e-07, 'L_scale_weight_yyx': 4.2500453657578674e-10, 'learning_rate_yyx': 0.006916609386896689}. Best is trial 1 with value: -2.511856338115334.
[I 2026-03-18 19:15:35,354] Trial 4 finished with value: -1.9831584331135361 and parameters: {'n_layers_yyx': 1, 'hidden_size_yyx_l0': 4, 'context_size_yyx': 3, 'num_mix_components_yyx': 5, 'context_extractor_yyx': 'gru', 'activation_func_yyx': 'ReLU', 'L2_weight_yyx': 2.6550648471417584e-06, 'L_entropy_weight_yyx': 2.687189843815114e-10, 'L_sep_weight_yyx': 0.00031226490773759026, 'L_scale_weight_yyx': 2.4031609392954078e-05, 'learning_rate_yyx': 0.004712900867501283}. Best is trial 4 with value: -1.9831584331135361.
[I 2026-03-18 19:15:38,331] Trial 2 finished with value: -2.026610098993545 and parameters: {'n_layers_yyx': 1, 'hidden_size_yyx_l0': 4, 'context_size_yyx': 1, 'num_mix_components_yyx': 3, 'context_extractor_yyx': 'gru', 'activation_func_yyx': 'Tanh', 'L2_weight_yyx': 4.126934934377395e-06, 'L_entropy_weight_yyx': 2.0267756897351772e-09, 'L_sep_weight_yyx': 1.2421372698294114e-06, 'L_scale_weight_yyx': 9.193631429983555e-09, 'learning_rate_yyx': 0.001462981231598002}. Best is trial 1 with value: -2.0346981000296678.
[I 2026-03-18 19:15:40,515] Trial 2 finished with value: -2.513158018005324 and parameters: {'n_layers_yyx': 1, 'hidden_size_yyx_l0': 5, 'context_size_yyx': 1, 'num_mix_components_yyx': 5, 'context_extractor_yyx': 'lstm', 'activation_func_yyx': 'ReLU', 'L2_weight_yyx': 0.00039836983759236394, 'L_entropy_weight_yyx': 1.2188526950155673e-05, 'L_sep_weight_yyx': 9.412489964240578e-10, 'L_scale_weight_yyx': 2.959380114116545e-09, 'learning_rate_yyx': 0.004607654489391168}. Best is trial 2 with value: -2.513158018005324.
[I 2026-03-18 19:15:41,554] Trial 4 pruned. 
[I 2026-03-18 19:15:45,521] Trial 7 pruned. 
[I 2026-03-18 19:15:45,558] Trial 5 pruned. 
[I 2026-03-18 19:15:54,916] Trial 6 pruned. 
[I 2026-03-18 19:15:55,376] Trial 10 pruned. 
[I 2026-03-18 19:16:03,650] Trial 5 pruned. 
[I 2026-03-18 19:16:05,624] Trial 7 finished with value: -1.699586793193667 and parameters: {'n_layers_yyx': 2, 'hidden_size_yyx_l0': 4, 'hidden_size_yyx_l1': 6, 'context_size_yyx': 2, 'num_mix_components_yyx': 1, 'context_extractor_yyx': 'gru', 'activation_func_yyx': 'GELU', 'L2_weight_yyx': 9.574444913868466e-06, 'L_entropy_weight_yyx': 4.821142040934006e-08, 'L_sep_weight_yyx': 1.8796215498394773e-08, 'L_scale_weight_yyx': 6.005179690936388e-10, 'learning_rate_yyx': 0.0023891594365898607}. Best is trial 5 with value: -1.704671424204909.
[I 2026-03-18 19:16:13,523] Trial 6 pruned. 
[I 2026-03-18 19:16:13,771] Trial 3 finished with value: -1.7164732822925177 and parameters: {'n_layers_yyx': 2, 'hidden_size_yyx_l0': 6, 'hidden_size_yyx_l1': 3, 'context_size_yyx': 1, 'num_mix_components_yyx': 3, 'context_extractor_yyx': 'gru', 'activation_func_yyx': 'Tanh', 'L2_weight_yyx': 8.191994177774803e-08, 'L_entropy_weight_yyx': 0.0005482574169996366, 'L_sep_weight_yyx': 2.540115832582414e-05, 'L_scale_weight_yyx': 0.0008419193617686075, 'learning_rate_yyx': 0.0028341921675373045}. Best is trial 0 with value: -1.7166840796377145.
[I 2026-03-18 19:16:16,204] Trial 7 pruned. 
[I 2026-03-18 19:16:20,341] Trial 4 finished with value: -2.021612486156544 and parameters: {'n_layers_yyx': 2, 'hidden_size_yyx_l0': 2, 'hidden_size_yyx_l1': 5, 'context_size_yyx': 1, 'num_mix_components_yyx': 5, 'context_extractor_yyx': 'gru', 'activation_func_yyx': 'ReLU', 'L2_weight_yyx': 1.7812556915530133e-07, 'L_entropy_weight_yyx': 0.00020820294354255216, 'L_sep_weight_yyx': 2.0195239956444097e-07, 'L_scale_weight_yyx': 0.00020678238153639203, 'learning_rate_yyx': 0.006634628962740444}. Best is trial 4 with value: -2.021612486156544.
[I 2026-03-18 19:16:23,531] Trial 7 pruned. 
[I 2026-03-18 19:16:23,911] Trial 3 finished with value: -2.1138287904075233 and parameters: {'n_layers_yyx': 1, 'hidden_size_yyx_l0': 4, 'context_size_yyx': 3, 'num_mix_components_yyx': 4, 'context_extractor_yyx': 'gru', 'activation_func_yyx': 'Tanh', 'L2_weight_yyx': 9.255743079659542e-09, 'L_entropy_weight_yyx': 2.340286747238958e-10, 'L_sep_weight_yyx': 9.975860506959063e-06, 'L_scale_weight_yyx': 2.2529130934960234e-06, 'learning_rate_yyx': 0.0016152816867552916}. Best is trial 0 with value: -2.1143376288427875.
[I 2026-03-18 19:16:25,526] Trial 8 pruned. 
[I 2026-03-18 19:16:25,745] Trial 2 finished with value: -1.6769895759813491 and parameters: {'n_layers_yyx': 1, 'hidden_size_yyx_l0': 5, 'context_size_yyx': 3, 'num_mix_components_yyx': 1, 'context_extractor_yyx': 'lstm', 'activation_func_yyx': 'Tanh', 'L2_weight_yyx': 5.028055210489446e-06, 'L_entropy_weight_yyx': 2.7279406193289513e-08, 'L_sep_weight_yyx': 1.0636146705949648e-07, 'L_scale_weight_yyx': 1.0948867098162115e-08, 'learning_rate_yyx': 0.006271096336353393}. Best is trial 2 with value: -1.6769895759813491.
[I 2026-03-18 19:16:30,650] Trial 4 pruned. 
[I 2026-03-18 19:16:32,987] Trial 3 pruned. 
[I 2026-03-18 19:16:34,161] Trial 9 pruned. 
[I 2026-03-18 19:16:35,909] Trial 6 finished with value: -1.670439353990532 and parameters: {'n_layers_yyx': 1, 'hidden_size_yyx_l0': 3, 'context_size_yyx': 2, 'num_mix_components_yyx': 2, 'context_extractor_yyx': 'lstm', 'activation_func_yyx': 'Tanh', 'L2_weight_yyx': 6.465889013167901e-10, 'L_entropy_weight_yyx': 7.411025314728724e-07, 'L_sep_weight_yyx': 1.0600943314759721e-08, 'L_scale_weight_yyx': 3.714604279472016e-05, 'learning_rate_yyx': 0.0029733236515404257}. Best is trial 0 with value: -1.6761095192729139.
[I 2026-03-18 19:16:41,647] Trial 5 pruned. 
[I 2026-03-18 19:16:43,101] Trial 10 pruned. 
[I 2026-03-18 19:16:43,868] Trial 8 pruned. 
[I 2026-03-18 19:16:46,896] Trial 5 finished with value: -1.980981746129848 and parameters: {'n_layers_yyx': 2, 'hidden_size_yyx_l0': 6, 'hidden_size_yyx_l1': 5, 'context_size_yyx': 3, 'num_mix_components_yyx': 5, 'context_extractor_yyx': 'gru', 'activation_func_yyx': 'Tanh', 'L2_weight_yyx': 4.7791297271122984e-05, 'L_entropy_weight_yyx': 1.961549429358311e-09, 'L_sep_weight_yyx': 0.00043216891672662855, 'L_scale_weight_yyx': 0.0003645171297279371, 'learning_rate_yyx': 0.0039789813387573775}. Best is trial 5 with value: -1.980981746129848.
[I 2026-03-18 19:16:47,492] Trial 8 pruned. 
[I 2026-03-18 19:16:48,645] Trial 3 finished with value: -2.4890964034915894 and parameters: {'n_layers_yyx': 2, 'hidden_size_yyx_l0': 4, 'hidden_size_yyx_l1': 3, 'context_size_yyx': 2, 'num_mix_components_yyx': 2, 'context_extractor_yyx': 'lstm', 'activation_func_yyx': 'GELU', 'L2_weight_yyx': 2.933654232735396e-08, 'L_entropy_weight_yyx': 5.291636750089759e-10, 'L_sep_weight_yyx': 1.450281366721736e-09, 'L_scale_weight_yyx': 0.00035632227404522446, 'learning_rate_yyx': 0.004254450172078483}. Best is trial 3 with value: -2.4890964034915894.
[I 2026-03-18 19:16:49,694] Trial 7 finished with value: -1.669005541088832 and parameters: {'n_layers_yyx': 2, 'hidden_size_yyx_l0': 5, 'hidden_size_yyx_l1': 5, 'context_size_yyx': 3, 'num_mix_components_yyx': 3, 'context_extractor_yyx': 'gru', 'activation_func_yyx': 'Tanh', 'L2_weight_yyx': 0.00015802324005274345, 'L_entropy_weight_yyx': 2.650594905207593e-10, 'L_sep_weight_yyx': 8.32195900473785e-08, 'L_scale_weight_yyx': 7.470358993660301e-06, 'learning_rate_yyx': 0.0016650887539278536}. Best is trial 0 with value: -1.6784554536041303.
[I 2026-03-18 19:16:50,163] Trial 6 finished with value: -1.992500064609287 and parameters: {'n_layers_yyx': 1, 'hidden_size_yyx_l0': 3, 'context_size_yyx': 2, 'num_mix_components_yyx': 5, 'context_extractor_yyx': 'gru', 'activation_func_yyx': 'ReLU', 'L2_weight_yyx': 4.70958078604798e-10, 'L_entropy_weight_yyx': 4.280799415186437e-08, 'L_sep_weight_yyx': 2.7756865938841972e-09, 'L_scale_weight_yyx': 5.174608945676984e-09, 'learning_rate_yyx': 0.0028827997097703464}. Best is trial 3 with value: -1.9930066460961695.
[I 2026-03-18 19:16:50,278] Trial 6 pruned. 
[I 2026-03-18 19:16:53,076] Trial 7 pruned. 
[I 2026-03-18 19:16:59,666] Trial 8 pruned. 
[I 2026-03-18 19:17:03,089] Trial 7 pruned. 
[I 2026-03-18 19:17:06,184] Trial 2 finished with value: -1.664362500533174 and parameters: {'n_layers_yyx': 1, 'hidden_size_yyx_l0': 4, 'context_size_yyx': 2, 'num_mix_components_yyx': 3, 'context_extractor_yyx': 'lstm', 'activation_func_yyx': 'ReLU', 'L2_weight_yyx': 7.443012681353053e-05, 'L_entropy_weight_yyx': 1.558951722853279e-09, 'L_sep_weight_yyx': 0.0008082733722307903, 'L_scale_weight_yyx': 2.4451283282938124e-06, 'learning_rate_yyx': 0.0008877830131645983}. Best is trial 2 with value: -1.664362500533174.
[I 2026-03-18 19:17:06,980] Trial 9 pruned. 
[I 2026-03-18 19:17:08,503] Trial 4 finished with value: -1.673415532769749 and parameters: {'n_layers_yyx': 1, 'hidden_size_yyx_l0': 5, 'context_size_yyx': 4, 'num_mix_components_yyx': 5, 'context_extractor_yyx': 'lstm', 'activation_func_yyx': 'Tanh', 'L2_weight_yyx': 1.245254521609416e-10, 'L_entropy_weight_yyx': 1.3455651732625456e-09, 'L_sep_weight_yyx': 1.3635557991171324e-05, 'L_scale_weight_yyx': 6.292627291263872e-07, 'learning_rate_yyx': 0.003789360540095756}. Best is trial 4 with value: -1.673415532769749.
[I 2026-03-18 19:17:12,710] Trial 7 pruned. 
[I 2026-03-18 19:17:13,203] Trial 3 pruned. 
[I 2026-03-18 19:17:17,281] Trial 2 finished with value: -2.5467595987386638 and parameters: {'n_layers_yyx': 2, 'hidden_size_yyx_l0': 5, 'hidden_size_yyx_l1': 3, 'context_size_yyx': 4, 'num_mix_components_yyx': 4, 'context_extractor_yyx': 'gru', 'activation_func_yyx': 'Tanh', 'L2_weight_yyx': 2.7547706836576786e-09, 'L_entropy_weight_yyx': 0.0004857456604453458, 'L_sep_weight_yyx': 3.851587372200559e-08, 'L_scale_weight_yyx': 3.2299726831465534e-09, 'learning_rate_yyx': 0.008337368807834412}. Best is trial 2 with value: -2.5467595987386638.
[I 2026-03-18 19:17:17,891] Trial 9 finished with value: -1.6755619223217504 and parameters: {'n_layers_yyx': 1, 'hidden_size_yyx_l0': 6, 'context_size_yyx': 2, 'num_mix_components_yyx': 5, 'context_extractor_yyx': 'lstm', 'activation_func_yyx': 'Tanh', 'L2_weight_yyx': 1.4112578685634088e-05, 'L_entropy_weight_yyx': 4.234102440966794e-08, 'L_sep_weight_yyx': 2.124605145396603e-06, 'L_scale_weight_yyx': 1.5292077582504218e-05, 'learning_rate_yyx': 0.006989540855347581}. Best is trial 9 with value: -1.6755619223217504.
[I 2026-03-18 19:17:18,835] Trial 2 finished with value: -2.008324196492559 and parameters: {'n_layers_yyx': 2, 'hidden_size_yyx_l0': 3, 'hidden_size_yyx_l1': 3, 'context_size_yyx': 3, 'num_mix_components_yyx': 5, 'context_extractor_yyx': 'gru', 'activation_func_yyx': 'ReLU', 'L2_weight_yyx': 5.59328457711883e-06, 'L_entropy_weight_yyx': 1.012492290800521e-06, 'L_sep_weight_yyx': 4.6357044132427173e-10, 'L_scale_weight_yyx': 2.9515566205908268e-08, 'learning_rate_yyx': 0.0008966027236235482}. Best is trial 0 with value: -2.0138799336866504.
[I 2026-03-18 19:17:22,613] Trial 10 pruned. 
[I 2026-03-18 19:17:23,657] Trial 8 pruned. 
[I 2026-03-18 19:17:27,695] Trial 3 pruned. 
[I 2026-03-18 19:17:29,735] Trial 2 finished with value: -2.4965531416595486 and parameters: {'n_layers_yyx': 1, 'hidden_size_yyx_l0': 4, 'context_size_yyx': 3, 'num_mix_components_yyx': 1, 'context_extractor_yyx': 'gru', 'activation_func_yyx': 'Tanh', 'L2_weight_yyx': 7.1576692449203e-08, 'L_entropy_weight_yyx': 3.443331626416766e-07, 'L_sep_weight_yyx': 0.00026698193794187777, 'L_scale_weight_yyx': 4.424926776898846e-05, 'learning_rate_yyx': 0.0056450049951590996}. Best is trial 0 with value: -2.5120178855442976.
[I 2026-03-18 19:17:30,679] Trial 11 pruned. 
[I 2026-03-18 19:17:31,421] Trial 4 pruned. 
[I 2026-03-18 19:17:33,420] Trial 8 pruned. 
[I 2026-03-18 19:17:33,523] Trial 9 pruned. 
[I 2026-03-18 19:17:41,385] Trial 9 pruned. 
[I 2026-03-18 19:17:42,009] Trial 9 pruned. 
[I 2026-03-18 19:17:43,497] Trial 11 finished with value: -1.7102992944883884 and parameters: {'n_layers_yyx': 2, 'hidden_size_yyx_l0': 4, 'hidden_size_yyx_l1': 4, 'context_size_yyx': 4, 'num_mix_components_yyx': 2, 'context_extractor_yyx': 'gru', 'activation_func_yyx': 'ReLU', 'L2_weight_yyx': 1.1541158723149445e-05, 'L_entropy_weight_yyx': 1.2001365238012355e-08, 'L_sep_weight_yyx': 4.708667747753914e-10, 'L_scale_weight_yyx': 0.0007179580586967442, 'learning_rate_yyx': 0.004311652087309168}. Best is trial 8 with value: -1.7294919135267302.
[I 2026-03-18 19:17:47,443] Trial 5 pruned. 
[I 2026-03-18 19:17:48,878] Trial 3 finished with value: -2.458127488014063 and parameters: {'n_layers_yyx': 2, 'hidden_size_yyx_l0': 3, 'hidden_size_yyx_l1': 3, 'context_size_yyx': 1, 'num_mix_components_yyx': 5, 'context_extractor_yyx': 'lstm', 'activation_func_yyx': 'ReLU', 'L2_weight_yyx': 1.0788952188688199e-06, 'L_entropy_weight_yyx': 5.667304097855767e-05, 'L_sep_weight_yyx': 6.251963843229233e-08, 'L_scale_weight_yyx': 1.8134245842260648e-09, 'learning_rate_yyx': 0.004247976255553562}. Best is trial 2 with value: -2.513158018005324.
[I 2026-03-18 19:17:54,316] Trial 2 finished with value: -2.4919030323592106 and parameters: {'n_layers_yyx': 2, 'hidden_size_yyx_l0': 4, 'hidden_size_yyx_l1': 3, 'context_size_yyx': 2, 'num_mix_components_yyx': 1, 'context_extractor_yyx': 'lstm', 'activation_func_yyx': 'ReLU', 'L2_weight_yyx': 1.2974275778924244e-06, 'L_entropy_weight_yyx': 2.2662507790739376e-06, 'L_sep_weight_yyx': 1.8952407589908862e-06, 'L_scale_weight_yyx': 4.7158225631204724e-05, 'learning_rate_yyx': 0.004936092068053859}. Best is trial 2 with value: -2.4919030323592106.
[I 2026-03-18 19:17:54,509] Trial 10 pruned. 
[I 2026-03-18 19:17:56,222] Trial 4 finished with value: -1.6735272428496732 and parameters: {'n_layers_yyx': 2, 'hidden_size_yyx_l0': 6, 'hidden_size_yyx_l1': 5, 'context_size_yyx': 1, 'num_mix_components_yyx': 1, 'context_extractor_yyx': 'lstm', 'activation_func_yyx': 'ReLU', 'L2_weight_yyx': 4.9931157412198485e-09, 'L_entropy_weight_yyx': 0.0008820576274933526, 'L_sep_weight_yyx': 8.674510834936866e-09, 'L_scale_weight_yyx': 7.104949661322115e-06, 'learning_rate_yyx': 0.0016969520950253364}. Best is trial 2 with value: -1.6965485290020457.
[I 2026-03-18 19:17:56,740] Trial 1 finished with value: -2.508642106411257 and parameters: {'n_layers_yyx': 1, 'hidden_size_yyx_l0': 3, 'context_size_yyx': 1, 'num_mix_components_yyx': 2, 'context_extractor_yyx': 'lstm', 'activation_func_yyx': 'ReLU', 'L2_weight_yyx': 1.2039197988371926e-05, 'L_entropy_weight_yyx': 3.2809847793166013e-07, 'L_sep_weight_yyx': 7.345752370159378e-09, 'L_scale_weight_yyx': 2.7729174938878413e-09, 'learning_rate_yyx': 0.0011597130611276005}. Best is trial 0 with value: -2.5120461423480207.
[I 2026-03-18 19:18:00,176] Trial 12 pruned. 
[I 2026-03-18 19:18:01,904] Trial 10 pruned. 
[I 2026-03-18 19:18:07,889] Trial 2 finished with value: -1.6776522224422603 and parameters: {'n_layers_yyx': 2, 'hidden_size_yyx_l0': 5, 'hidden_size_yyx_l1': 4, 'context_size_yyx': 4, 'num_mix_components_yyx': 4, 'context_extractor_yyx': 'lstm', 'activation_func_yyx': 'Tanh', 'L2_weight_yyx': 7.390034516443757e-10, 'L_entropy_weight_yyx': 5.708977072425861e-06, 'L_sep_weight_yyx': 1.999423192797491e-10, 'L_scale_weight_yyx': 4.791228334037378e-06, 'learning_rate_yyx': 0.0010986864963087545}. Best is trial 2 with value: -1.6776522224422603.
[I 2026-03-18 19:18:10,236] Trial 3 pruned. 
[I 2026-03-18 19:18:12,534] Trial 5 pruned. 
[I 2026-03-18 19:18:12,534] Trial 4 pruned. 
[I 2026-03-18 19:18:17,785] Trial 3 pruned. 
[I 2026-03-18 19:18:19,896] Trial 4 pruned. 
[I 2026-03-18 19:18:28,433] Trial 5 pruned. 
[I 2026-03-18 19:18:28,685] Trial 3 finished with value: -2.5106750881757796 and parameters: {'n_layers_yyx': 2, 'hidden_size_yyx_l0': 5, 'hidden_size_yyx_l1': 2, 'context_size_yyx': 4, 'num_mix_components_yyx': 4, 'context_extractor_yyx': 'lstm', 'activation_func_yyx': 'Tanh', 'L2_weight_yyx': 2.0833532236879547e-09, 'L_entropy_weight_yyx': 1.8762472490128608e-06, 'L_sep_weight_yyx': 2.632136462188776e-09, 'L_scale_weight_yyx': 8.400402477541337e-10, 'learning_rate_yyx': 0.0061355087404097956}. Best is trial 0 with value: -2.510808245268653.
[I 2026-03-18 19:18:28,690] Trial 3 finished with value: -1.6796541081088945 and parameters: {'n_layers_yyx': 1, 'hidden_size_yyx_l0': 5, 'context_size_yyx': 4, 'num_mix_components_yyx': 4, 'context_extractor_yyx': 'gru', 'activation_func_yyx': 'ReLU', 'L2_weight_yyx': 6.184630069133207e-08, 'L_entropy_weight_yyx': 4.0136690491292605e-05, 'L_sep_weight_yyx': 2.488178884378488e-10, 'L_scale_weight_yyx': 2.8023206601468324e-08, 'learning_rate_yyx': 0.0033227913248744536}. Best is trial 3 with value: -1.6796541081088945.
[I 2026-03-18 19:18:30,091] Trial 6 finished with value: -1.6708868302616118 and parameters: {'n_layers_yyx': 1, 'hidden_size_yyx_l0': 2, 'context_size_yyx': 1, 'num_mix_components_yyx': 1, 'context_extractor_yyx': 'gru', 'activation_func_yyx': 'ReLU', 'L2_weight_yyx': 2.4076388005661617e-06, 'L_entropy_weight_yyx': 5.429334185581048e-06, 'L_sep_weight_yyx': 2.5253171495901066e-10, 'L_scale_weight_yyx': 2.8921524015783608e-08, 'learning_rate_yyx': 0.0025961686426804026}. Best is trial 2 with value: -1.680426359749482.
[I 2026-03-18 19:18:33,674] Trial 2 finished with value: -2.5078118838355654 and parameters: {'n_layers_yyx': 2, 'hidden_size_yyx_l0': 2, 'hidden_size_yyx_l1': 4, 'context_size_yyx': 2, 'num_mix_components_yyx': 5, 'context_extractor_yyx': 'lstm', 'activation_func_yyx': 'Tanh', 'L2_weight_yyx': 3.919560995017288e-05, 'L_entropy_weight_yyx': 1.2505350953019418e-07, 'L_sep_weight_yyx': 1.6740983427385191e-07, 'L_scale_weight_yyx': 6.401679672432059e-10, 'learning_rate_yyx': 0.0010074513614785775}. Best is trial 0 with value: -2.512397478376116.
[I 2026-03-18 19:18:35,095] Trial 6 pruned. 
[I 2026-03-18 19:18:40,158] Trial 4 pruned. 
[I 2026-03-18 19:18:42,383] Trial 7 pruned. 
[I 2026-03-18 19:18:43,665] Trial 5 pruned. 
[I 2026-03-18 19:18:45,717] Trial 3 pruned. 
[I 2026-03-18 19:18:46,544] Trial 11 finished with value: -1.9852781357200364 and parameters: {'n_layers_yyx': 1, 'hidden_size_yyx_l0': 4, 'context_size_yyx': 4, 'num_mix_components_yyx': 5, 'context_extractor_yyx': 'gru', 'activation_func_yyx': 'Tanh', 'L2_weight_yyx': 2.7362663881949028e-05, 'L_entropy_weight_yyx': 5.0711034557473515e-06, 'L_sep_weight_yyx': 8.699424693118549e-06, 'L_scale_weight_yyx': 3.347145729057696e-06, 'learning_rate_yyx': 0.00991177464392241}. Best is trial 11 with value: -1.9852781357200364.
[I 2026-03-18 19:18:51,190] Trial 11 pruned. 
[I 2026-03-18 19:18:51,548] Trial 6 pruned. 
[I 2026-03-18 19:18:55,522] Trial 8 finished with value: -1.6504343226229783 and parameters: {'n_layers_yyx': 2, 'hidden_size_yyx_l0': 4, 'hidden_size_yyx_l1': 2, 'context_size_yyx': 1, 'num_mix_components_yyx': 1, 'context_extractor_yyx': 'gru', 'activation_func_yyx': 'GELU', 'L2_weight_yyx': 1.1016780145970014e-07, 'L_entropy_weight_yyx': 0.00016783042561744664, 'L_sep_weight_yyx': 0.00016987666563949655, 'L_scale_weight_yyx': 2.5527689162219563e-06, 'learning_rate_yyx': 0.009025872960697618}. Best is trial 0 with value: -1.6761095192729139.
[I 2026-03-18 19:19:02,087] Trial 12 pruned. 
[I 2026-03-18 19:19:10,657] Trial 2 finished with value: -2.506383276390198 and parameters: {'n_layers_yyx': 1, 'hidden_size_yyx_l0': 4, 'context_size_yyx': 3, 'num_mix_components_yyx': 3, 'context_extractor_yyx': 'lstm', 'activation_func_yyx': 'ReLU', 'L2_weight_yyx': 5.6570050902717414e-05, 'L_entropy_weight_yyx': 3.0723026455159795e-09, 'L_sep_weight_yyx': 3.2686744606911566e-10, 'L_scale_weight_yyx': 1.3509043639283925e-10, 'learning_rate_yyx': 0.0014728712461616021}. Best is trial 1 with value: -2.508543311145146.
[I 2026-03-18 19:19:11,585] Trial 13 pruned. 
[I 2026-03-18 19:19:13,272] Trial 9 pruned. 
[I 2026-03-18 19:19:21,775] Trial 10 pruned. 
[I 2026-03-18 19:19:22,133] Trial 3 pruned. 
[I 2026-03-18 19:19:26,775] Trial 6 finished with value: -1.6656622665729302 and parameters: {'n_layers_yyx': 2, 'hidden_size_yyx_l0': 2, 'hidden_size_yyx_l1': 6, 'context_size_yyx': 4, 'num_mix_components_yyx': 3, 'context_extractor_yyx': 'gru', 'activation_func_yyx': 'Tanh', 'L2_weight_yyx': 3.377980539355636e-05, 'L_entropy_weight_yyx': 2.717883347838271e-06, 'L_sep_weight_yyx': 7.511696045354674e-09, 'L_scale_weight_yyx': 2.1902102726478852e-10, 'learning_rate_yyx': 0.006533336517626727}. Best is trial 6 with value: -1.6656622665729302.
[I 2026-03-18 19:19:28,867] Trial 8 pruned. 
[I 2026-03-18 19:19:31,264] Trial 14 pruned. 
[I 2026-03-18 19:19:32,818] Trial 4 pruned. 
[I 2026-03-18 19:19:35,882] Trial 7 pruned. 
[I 2026-03-18 19:19:37,682] Trial 9 pruned. 
[I 2026-03-18 19:19:40,208] Trial 12 pruned. 
[I 2026-03-18 19:19:43,989] Trial 5 pruned. 
[I 2026-03-18 19:19:46,621] Trial 10 pruned. 
[I 2026-03-18 19:19:55,108] Trial 8 pruned. 
[I 2026-03-18 19:19:56,416] Trial 6 pruned. 
[I 2026-03-18 19:19:58,212] Trial 9 finished with value: -1.701336267426258 and parameters: {'n_layers_yyx': 2, 'hidden_size_yyx_l0': 2, 'hidden_size_yyx_l1': 6, 'context_size_yyx': 3, 'num_mix_components_yyx': 5, 'context_extractor_yyx': 'gru', 'activation_func_yyx': 'Tanh', 'L2_weight_yyx': 1.7301199888346314e-06, 'L_entropy_weight_yyx': 9.42586319491217e-09, 'L_sep_weight_yyx': 0.00013740721652762776, 'L_scale_weight_yyx': 6.721875385781789e-08, 'learning_rate_yyx': 0.0006068506072987463}. Best is trial 5 with value: -1.704671424204909.
[I 2026-03-18 19:19:59,585] Trial 10 finished with value: -1.6769862653887198 and parameters: {'n_layers_yyx': 1, 'hidden_size_yyx_l0': 6, 'context_size_yyx': 1, 'num_mix_components_yyx': 3, 'context_extractor_yyx': 'lstm', 'activation_func_yyx': 'Tanh', 'L2_weight_yyx': 1.0155481100790046e-07, 'L_entropy_weight_yyx': 1.314162420736617e-10, 'L_sep_weight_yyx': 2.0538611944332388e-07, 'L_scale_weight_yyx': 2.4951971311008396e-05, 'learning_rate_yyx': 0.004417705812290013}. Best is trial 10 with value: -1.6769862653887198.
[I 2026-03-18 19:19:59,624] Trial 4 finished with value: -1.676351555490196 and parameters: {'n_layers_yyx': 1, 'hidden_size_yyx_l0': 5, 'context_size_yyx': 3, 'num_mix_components_yyx': 5, 'context_extractor_yyx': 'gru', 'activation_func_yyx': 'GELU', 'L2_weight_yyx': 1.2046939968016021e-10, 'L_entropy_weight_yyx': 3.794037457031334e-09, 'L_sep_weight_yyx': 2.629346766215583e-10, 'L_scale_weight_yyx': 9.786157100148952e-10, 'learning_rate_yyx': 0.009057626044248705}. Best is trial 2 with value: -1.6776522224422603.
[I 2026-03-18 19:20:00,116] Trial 4 finished with value: -1.6738805152200151 and parameters: {'n_layers_yyx': 2, 'hidden_size_yyx_l0': 6, 'hidden_size_yyx_l1': 5, 'context_size_yyx': 3, 'num_mix_components_yyx': 5, 'context_extractor_yyx': 'gru', 'activation_func_yyx': 'GELU', 'L2_weight_yyx': 0.000594862846484481, 'L_entropy_weight_yyx': 1.6479387460958963e-09, 'L_sep_weight_yyx': 6.583410111199003e-09, 'L_scale_weight_yyx': 1.2480134692355556e-07, 'learning_rate_yyx': 0.003892158109236098}. Best is trial 3 with value: -1.6796541081088945.
[I 2026-03-18 19:20:01,240] Trial 13 pruned. 
[I 2026-03-18 19:20:02,092] Trial 5 finished with value: -2.489891709004743 and parameters: {'n_layers_yyx': 2, 'hidden_size_yyx_l0': 2, 'hidden_size_yyx_l1': 6, 'context_size_yyx': 2, 'num_mix_components_yyx': 2, 'context_extractor_yyx': 'lstm', 'activation_func_yyx': 'ReLU', 'L2_weight_yyx': 6.605769808284331e-08, 'L_entropy_weight_yyx': 2.0317568325646674e-10, 'L_sep_weight_yyx': 1.009032476208772e-09, 'L_scale_weight_yyx': 2.015472273411015e-07, 'learning_rate_yyx': 0.005041200495712548}. Best is trial 0 with value: -2.510808245268653.
[I 2026-03-18 19:20:03,849] Trial 11 pruned. 
[I 2026-03-18 19:20:03,850] Trial 9 pruned. 
[I 2026-03-18 19:20:03,951] Trial 11 finished with value: -1.9821340133081595 and parameters: {'n_layers_yyx': 2, 'hidden_size_yyx_l0': 4, 'hidden_size_yyx_l1': 6, 'context_size_yyx': 2, 'num_mix_components_yyx': 4, 'context_extractor_yyx': 'lstm', 'activation_func_yyx': 'Tanh', 'L2_weight_yyx': 6.088879140741881e-07, 'L_entropy_weight_yyx': 1.874384980911263e-08, 'L_sep_weight_yyx': 4.6294632702719046e-07, 'L_scale_weight_yyx': 3.278493103605286e-06, 'learning_rate_yyx': 0.009567194102146471}. Best is trial 1 with value: -1.9828018961884801.
[I 2026-03-18 19:20:06,163] Trial 6 finished with value: -1.9801872806768062 and parameters: {'n_layers_yyx': 2, 'hidden_size_yyx_l0': 2, 'hidden_size_yyx_l1': 6, 'context_size_yyx': 1, 'num_mix_components_yyx': 1, 'context_extractor_yyx': 'lstm', 'activation_func_yyx': 'Tanh', 'L2_weight_yyx': 0.00031821095155622014, 'L_entropy_weight_yyx': 1.4198452364918959e-06, 'L_sep_weight_yyx': 3.98887897342474e-06, 'L_scale_weight_yyx': 2.3414646827029944e-08, 'learning_rate_yyx': 0.003135063851113547}. Best is trial 5 with value: -1.980981746129848.
[I 2026-03-18 19:20:08,821] Trial 3 finished with value: -2.5104539358874294 and parameters: {'n_layers_yyx': 2, 'hidden_size_yyx_l0': 5, 'hidden_size_yyx_l1': 3, 'context_size_yyx': 1, 'num_mix_components_yyx': 5, 'context_extractor_yyx': 'gru', 'activation_func_yyx': 'Tanh', 'L2_weight_yyx': 4.577929668762281e-09, 'L_entropy_weight_yyx': 5.428387420376848e-09, 'L_sep_weight_yyx': 4.90203113333268e-10, 'L_scale_weight_yyx': 4.901413253089353e-09, 'learning_rate_yyx': 0.00894004260195424}. Best is trial 0 with value: -2.5120178855442976.
[I 2026-03-18 19:20:11,195] Trial 10 finished with value: -2.018302208072991 and parameters: {'n_layers_yyx': 2, 'hidden_size_yyx_l0': 5, 'hidden_size_yyx_l1': 6, 'context_size_yyx': 1, 'num_mix_components_yyx': 5, 'context_extractor_yyx': 'gru', 'activation_func_yyx': 'ReLU', 'L2_weight_yyx': 3.2398124633885227e-10, 'L_entropy_weight_yyx': 0.0007179252680814713, 'L_sep_weight_yyx': 2.9678961074566052e-08, 'L_scale_weight_yyx': 8.443738898674038e-06, 'learning_rate_yyx': 0.009757945871027525}. Best is trial 4 with value: -2.021612486156544.
[I 2026-03-18 19:20:16,830] Trial 12 finished with value: -1.6796893990996478 and parameters: {'n_layers_yyx': 1, 'hidden_size_yyx_l0': 2, 'context_size_yyx': 4, 'num_mix_components_yyx': 5, 'context_extractor_yyx': 'lstm', 'activation_func_yyx': 'GELU', 'L2_weight_yyx': 5.873087308239574e-07, 'L_entropy_weight_yyx': 7.719927623592062e-09, 'L_sep_weight_yyx': 1.1348499893510617e-08, 'L_scale_weight_yyx': 2.1221454680252677e-08, 'learning_rate_yyx': 0.005778225908018196}. Best is trial 12 with value: -1.6796893990996478.
[I 2026-03-18 19:20:16,875] Trial 11 pruned. 
[I 2026-03-18 19:20:20,602] Trial 4 pruned. 
[I 2026-03-18 19:20:21,175] Trial 11 pruned. 
[I 2026-03-18 19:20:21,598] Trial 4 finished with value: -2.0325711582829133 and parameters: {'n_layers_yyx': 2, 'hidden_size_yyx_l0': 4, 'hidden_size_yyx_l1': 2, 'context_size_yyx': 3, 'num_mix_components_yyx': 3, 'context_extractor_yyx': 'lstm', 'activation_func_yyx': 'ReLU', 'L2_weight_yyx': 2.0485568465587075e-07, 'L_entropy_weight_yyx': 1.3092171704385117e-05, 'L_sep_weight_yyx': 9.1096113976791e-05, 'L_scale_weight_yyx': 4.487074596313741e-06, 'learning_rate_yyx': 0.0024204574233939887}. Best is trial 1 with value: -2.0346981000296678.
[I 2026-03-18 19:20:21,602] Trial 12 pruned. 
[I 2026-03-18 19:20:21,608] Trial 14 pruned. 
[I 2026-03-18 19:20:22,590] Trial 10 pruned. 
[I 2026-03-18 19:20:23,594] Trial 5 finished with value: -1.6722906315229307 and parameters: {'n_layers_yyx': 2, 'hidden_size_yyx_l0': 4, 'hidden_size_yyx_l1': 3, 'context_size_yyx': 2, 'num_mix_components_yyx': 2, 'context_extractor_yyx': 'gru', 'activation_func_yyx': 'ReLU', 'L2_weight_yyx': 1.4981951770247961e-06, 'L_entropy_weight_yyx': 0.0001007326950406359, 'L_sep_weight_yyx': 8.29199338047766e-09, 'L_scale_weight_yyx': 1.1050274273814978e-05, 'learning_rate_yyx': 0.00556434769841686}. Best is trial 4 with value: -1.673415532769749.
[I 2026-03-18 19:20:26,366] Trial 12 pruned. 
[I 2026-03-18 19:20:31,004] Trial 13 pruned. 
[I 2026-03-18 19:20:32,163] Trial 11 pruned. 
[I 2026-03-18 19:20:35,016] Trial 2 finished with value: -2.510844146832121 and parameters: {'n_layers_yyx': 2, 'hidden_size_yyx_l0': 5, 'hidden_size_yyx_l1': 3, 'context_size_yyx': 2, 'num_mix_components_yyx': 1, 'context_extractor_yyx': 'lstm', 'activation_func_yyx': 'ReLU', 'L2_weight_yyx': 9.310029751698755e-10, 'L_entropy_weight_yyx': 3.247127174500252e-08, 'L_sep_weight_yyx': 6.862638045680031e-07, 'L_scale_weight_yyx': 2.8123259395896727e-08, 'learning_rate_yyx': 0.0021087526320327085}. Best is trial 1 with value: -2.511856338115334.
[I 2026-03-18 19:20:42,421] Trial 14 pruned. 
[I 2026-03-18 19:20:43,695] Trial 12 pruned. 
[I 2026-03-18 19:20:45,371] Trial 4 finished with value: -2.0852915754296655 and parameters: {'n_layers_yyx': 1, 'hidden_size_yyx_l0': 5, 'context_size_yyx': 4, 'num_mix_components_yyx': 2, 'context_extractor_yyx': 'gru', 'activation_func_yyx': 'GELU', 'L2_weight_yyx': 8.357693339459227e-06, 'L_entropy_weight_yyx': 8.689137521915988e-09, 'L_sep_weight_yyx': 1.5058571636384276e-07, 'L_scale_weight_yyx': 8.447795007626088e-08, 'learning_rate_yyx': 0.0008143958659268534}. Best is trial 0 with value: -2.1143376288427875.
[I 2026-03-18 19:20:45,898] Trial 6 pruned. 
[I 2026-03-18 19:20:46,415] Trial 10 pruned. 
[I 2026-03-18 19:20:46,797] Trial 15 pruned. 
[I 2026-03-18 19:20:48,527] Trial 3 pruned. 
[I 2026-03-18 19:20:49,341] Trial 5 pruned. 
[I 2026-03-18 19:20:54,382] Trial 15 pruned. 
[I 2026-03-18 19:20:54,988] Trial 7 finished with value: -1.6571876492882966 and parameters: {'n_layers_yyx': 1, 'hidden_size_yyx_l0': 6, 'context_size_yyx': 1, 'num_mix_components_yyx': 1, 'context_extractor_yyx': 'lstm', 'activation_func_yyx': 'Tanh', 'L2_weight_yyx': 1.8269471528772703e-06, 'L_entropy_weight_yyx': 5.393586296903399e-10, 'L_sep_weight_yyx': 3.046821228439405e-05, 'L_scale_weight_yyx': 2.5445686968955084e-05, 'learning_rate_yyx': 0.0021728800825753566}. Best is trial 2 with value: -1.680426359749482.
[I 2026-03-18 19:20:55,865] Trial 2 finished with value: -2.5084870391471785 and parameters: {'n_layers_yyx': 2, 'hidden_size_yyx_l0': 3, 'hidden_size_yyx_l1': 4, 'context_size_yyx': 2, 'num_mix_components_yyx': 2, 'context_extractor_yyx': 'lstm', 'activation_func_yyx': 'GELU', 'L2_weight_yyx': 1.065817986158645e-09, 'L_entropy_weight_yyx': 3.0234574495032606e-08, 'L_sep_weight_yyx': 6.66828409195369e-08, 'L_scale_weight_yyx': 7.81710278028246e-10, 'learning_rate_yyx': 0.0008706461158279748}. Best is trial 1 with value: -2.5125601952756833.
[I 2026-03-18 19:21:03,231] Trial 13 pruned. 
[I 2026-03-18 19:21:03,327] Trial 8 pruned. 
[I 2026-03-18 19:21:03,612] Trial 16 pruned. 
[I 2026-03-18 19:21:03,793] Trial 6 pruned. 
[I 2026-03-18 19:21:06,785] Trial 5 pruned. 
[I 2026-03-18 19:21:07,682] Trial 7 pruned. 
[I 2026-03-18 19:21:20,162] Trial 14 pruned. 
[I 2026-03-18 19:21:20,958] Trial 11 finished with value: -1.669701616103004 and parameters: {'n_layers_yyx': 1, 'hidden_size_yyx_l0': 6, 'context_size_yyx': 4, 'num_mix_components_yyx': 1, 'context_extractor_yyx': 'lstm', 'activation_func_yyx': 'ReLU', 'L2_weight_yyx': 5.691348216367372e-06, 'L_entropy_weight_yyx': 2.8308517572222422e-08, 'L_sep_weight_yyx': 5.841440688834885e-06, 'L_scale_weight_yyx': 8.24444369429519e-06, 'learning_rate_yyx': 0.005177648658892556}. Best is trial 0 with value: -1.6761095192729139.
[I 2026-03-18 19:21:21,331] Trial 9 pruned. 
[I 2026-03-18 19:21:24,277] Trial 4 finished with value: -2.4897580139396727 and parameters: {'n_layers_yyx': 2, 'hidden_size_yyx_l0': 6, 'hidden_size_yyx_l1': 5, 'context_size_yyx': 3, 'num_mix_components_yyx': 3, 'context_extractor_yyx': 'gru', 'activation_func_yyx': 'GELU', 'L2_weight_yyx': 1.5985662915827328e-05, 'L_entropy_weight_yyx': 5.378939862732359e-10, 'L_sep_weight_yyx': 6.375661594333741e-10, 'L_scale_weight_yyx': 3.1571539259552475e-10, 'learning_rate_yyx': 0.0006002420309895686}. Best is trial 4 with value: -2.4897580139396727.
[I 2026-03-18 19:21:26,043] Trial 5 finished with value: -2.0113605918322657 and parameters: {'n_layers_yyx': 2, 'hidden_size_yyx_l0': 2, 'hidden_size_yyx_l1': 3, 'context_size_yyx': 2, 'num_mix_components_yyx': 3, 'context_extractor_yyx': 'gru', 'activation_func_yyx': 'ReLU', 'L2_weight_yyx': 6.226579446558639e-06, 'L_entropy_weight_yyx': 5.249299153315164e-09, 'L_sep_weight_yyx': 3.6474934004969984e-07, 'L_scale_weight_yyx': 0.00012334304630219316, 'learning_rate_yyx': 0.00750192576664836}. Best is trial 0 with value: -2.0138799336866504.
[I 2026-03-18 19:21:30,590] Trial 10 pruned. 
[I 2026-03-18 19:21:30,848] Trial 12 pruned. 
[I 2026-03-18 19:21:34,847] Trial 13 finished with value: -1.7208678133767146 and parameters: {'n_layers_yyx': 1, 'hidden_size_yyx_l0': 5, 'context_size_yyx': 4, 'num_mix_components_yyx': 3, 'context_extractor_yyx': 'gru', 'activation_func_yyx': 'ReLU', 'L2_weight_yyx': 0.0008929858922634257, 'L_entropy_weight_yyx': 2.915722867625933e-09, 'L_sep_weight_yyx': 3.119967671858247e-09, 'L_scale_weight_yyx': 3.0108190537446543e-09, 'learning_rate_yyx': 0.0005888172627025774}. Best is trial 8 with value: -1.7294919135267302.
[I 2026-03-18 19:21:38,678] Trial 5 pruned. 
[I 2026-03-18 19:21:38,737] Trial 2 finished with value: -2.508588848779159 and parameters: {'n_layers_yyx': 2, 'hidden_size_yyx_l0': 5, 'hidden_size_yyx_l1': 2, 'context_size_yyx': 3, 'num_mix_components_yyx': 2, 'context_extractor_yyx': 'gru', 'activation_func_yyx': 'ReLU', 'L2_weight_yyx': 8.343073957724945e-05, 'L_entropy_weight_yyx': 2.4465863435922845e-06, 'L_sep_weight_yyx': 4.020767307616187e-06, 'L_scale_weight_yyx': 0.00047792887359273046, 'learning_rate_yyx': 0.0043349678677023105}. Best is trial 0 with value: -2.5120461423480207.
[I 2026-03-18 19:21:40,458] Trial 4 finished with value: -2.547155606996763 and parameters: {'n_layers_yyx': 2, 'hidden_size_yyx_l0': 3, 'hidden_size_yyx_l1': 4, 'context_size_yyx': 3, 'num_mix_components_yyx': 3, 'context_extractor_yyx': 'lstm', 'activation_func_yyx': 'Tanh', 'L2_weight_yyx': 2.6712456011115137e-09, 'L_entropy_weight_yyx': 9.503016787165415e-05, 'L_sep_weight_yyx': 1.348856577488765e-06, 'L_scale_weight_yyx': 4.665177664296996e-10, 'learning_rate_yyx': 0.0019414455326233788}. Best is trial 4 with value: -2.547155606996763.
[I 2026-03-18 19:21:45,493] Trial 16 pruned. 
[I 2026-03-18 19:21:46,853] Trial 14 pruned. 
[I 2026-03-18 19:21:49,913] Trial 8 finished with value: -2.504671967962123 and parameters: {'n_layers_yyx': 1, 'hidden_size_yyx_l0': 2, 'context_size_yyx': 4, 'num_mix_components_yyx': 3, 'context_extractor_yyx': 'gru', 'activation_func_yyx': 'GELU', 'L2_weight_yyx': 5.094017857603697e-06, 'L_entropy_weight_yyx': 5.6672151519916665e-05, 'L_sep_weight_yyx': 0.0002653037238158385, 'L_scale_weight_yyx': 1.4950328419562527e-08, 'learning_rate_yyx': 0.0005438681171438404}. Best is trial 0 with value: -2.511745534136428.
[I 2026-03-18 19:21:56,328] Trial 6 pruned. 
[I 2026-03-18 19:21:56,426] Trial 3 finished with value: -2.4933646083138137 and parameters: {'n_layers_yyx': 2, 'hidden_size_yyx_l0': 2, 'hidden_size_yyx_l1': 6, 'context_size_yyx': 2, 'num_mix_components_yyx': 5, 'context_extractor_yyx': 'lstm', 'activation_func_yyx': 'GELU', 'L2_weight_yyx': 2.609865636064298e-10, 'L_entropy_weight_yyx': 2.3353394707473907e-06, 'L_sep_weight_yyx': 5.545427329093374e-05, 'L_scale_weight_yyx': 0.0002569626573433095, 'learning_rate_yyx': 0.002167693408567146}. Best is trial 3 with value: -2.4933646083138137.
[I 2026-03-18 19:21:58,973] Trial 15 pruned. 
[I 2026-03-18 19:22:06,572] Trial 12 finished with value: -1.9806638027031993 and parameters: {'n_layers_yyx': 2, 'hidden_size_yyx_l0': 4, 'hidden_size_yyx_l1': 6, 'context_size_yyx': 1, 'num_mix_components_yyx': 4, 'context_extractor_yyx': 'lstm', 'activation_func_yyx': 'Tanh', 'L2_weight_yyx': 4.701334493010773e-07, 'L_entropy_weight_yyx': 1.0304406209396058e-08, 'L_sep_weight_yyx': 7.199958852321823e-07, 'L_scale_weight_yyx': 1.1813122842922665e-06, 'learning_rate_yyx': 0.007113873757471365}. Best is trial 1 with value: -1.9828018961884801.
[I 2026-03-18 19:22:07,710] Trial 9 pruned. 
[I 2026-03-18 19:22:11,200] Trial 4 pruned. 
[I 2026-03-18 19:22:11,259] Trial 7 finished with value: -1.7093179241504544 and parameters: {'n_layers_yyx': 2, 'hidden_size_yyx_l0': 6, 'hidden_size_yyx_l1': 4, 'context_size_yyx': 2, 'num_mix_components_yyx': 5, 'context_extractor_yyx': 'gru', 'activation_func_yyx': 'Tanh', 'L2_weight_yyx': 2.8616011558887413e-08, 'L_entropy_weight_yyx': 0.0007490430634375329, 'L_sep_weight_yyx': 9.543448091798522e-10, 'L_scale_weight_yyx': 0.00029528548254169427, 'learning_rate_yyx': 0.0008948221406830843}. Best is trial 0 with value: -1.7166840796377145.
[I 2026-03-18 19:22:12,455] Trial 16 pruned. 
[I 2026-03-18 19:22:15,725] Trial 3 pruned. 
[I 2026-03-18 19:22:20,294] Trial 5 finished with value: -1.6751211332278089 and parameters: {'n_layers_yyx': 2, 'hidden_size_yyx_l0': 6, 'hidden_size_yyx_l1': 5, 'context_size_yyx': 2, 'num_mix_components_yyx': 4, 'context_extractor_yyx': 'gru', 'activation_func_yyx': 'GELU', 'L2_weight_yyx': 6.411780404084168e-10, 'L_entropy_weight_yyx': 0.00012331932048996206, 'L_sep_weight_yyx': 4.369896172436773e-08, 'L_scale_weight_yyx': 2.878826355029152e-06, 'learning_rate_yyx': 0.007517432353892202}. Best is trial 3 with value: -1.6796541081088945.
[I 2026-03-18 19:22:22,505] Trial 15 pruned. 
[I 2026-03-18 19:22:25,859] Trial 8 pruned. 
[I 2026-03-18 19:22:30,991] Trial 4 pruned. 
[I 2026-03-18 19:22:33,791] Trial 6 pruned. 
[I 2026-03-18 19:22:36,567] Trial 16 pruned. 
[I 2026-03-18 19:22:37,648] Trial 8 finished with value: -1.656861561413627 and parameters: {'n_layers_yyx': 2, 'hidden_size_yyx_l0': 5, 'hidden_size_yyx_l1': 5, 'context_size_yyx': 2, 'num_mix_components_yyx': 1, 'context_extractor_yyx': 'gru', 'activation_func_yyx': 'Tanh', 'L2_weight_yyx': 2.1355124691165894e-06, 'L_entropy_weight_yyx': 1.763238973998162e-08, 'L_sep_weight_yyx': 4.181556111555512e-05, 'L_scale_weight_yyx': 1.1783111422712201e-06, 'learning_rate_yyx': 0.009291728940653367}. Best is trial 4 with value: -1.673415532769749.
[I 2026-03-18 19:22:41,719] Trial 4 finished with value: -2.5120768112909224 and parameters: {'n_layers_yyx': 2, 'hidden_size_yyx_l0': 5, 'hidden_size_yyx_l1': 3, 'context_size_yyx': 1, 'num_mix_components_yyx': 5, 'context_extractor_yyx': 'lstm', 'activation_func_yyx': 'ReLU', 'L2_weight_yyx': 2.3597858429678626e-10, 'L_entropy_weight_yyx': 2.6844738476529902e-05, 'L_sep_weight_yyx': 2.265656094803677e-10, 'L_scale_weight_yyx': 4.108870403746099e-07, 'learning_rate_yyx': 0.004936376229290137}. Best is trial 0 with value: -2.512397478376116.
[I 2026-03-18 19:22:41,733] Trial 7 finished with value: -1.9813599213936923 and parameters: {'n_layers_yyx': 2, 'hidden_size_yyx_l0': 3, 'hidden_size_yyx_l1': 3, 'context_size_yyx': 2, 'num_mix_components_yyx': 3, 'context_extractor_yyx': 'lstm', 'activation_func_yyx': 'GELU', 'L2_weight_yyx': 8.639387707091337e-06, 'L_entropy_weight_yyx': 4.787024431581484e-07, 'L_sep_weight_yyx': 1.8761020935371705e-09, 'L_scale_weight_yyx': 8.496426613031887e-08, 'learning_rate_yyx': 0.009736441839146353}. Best is trial 7 with value: -1.9813599213936923.
[I 2026-03-18 19:22:51,883] Trial 9 pruned. 
[I 2026-03-18 19:23:01,888] Trial 17 pruned. 
[I 2026-03-18 19:23:04,104] Trial 10 pruned. 
[I 2026-03-18 19:23:04,913] Trial 17 finished with value: -1.6920228034738336 and parameters: {'n_layers_yyx': 1, 'hidden_size_yyx_l0': 5, 'context_size_yyx': 4, 'num_mix_components_yyx': 4, 'context_extractor_yyx': 'gru', 'activation_func_yyx': 'ReLU', 'L2_weight_yyx': 7.563377877592902e-06, 'L_entropy_weight_yyx': 1.0414303600451228e-07, 'L_sep_weight_yyx': 0.00015760863740168444, 'L_scale_weight_yyx': 1.8022627280533304e-09, 'learning_rate_yyx': 0.009811128532296034}. Best is trial 2 with value: -1.6965485290020457.
[I 2026-03-18 19:23:10,949] Trial 8 pruned. 
[I 2026-03-18 19:23:14,787] Trial 13 pruned. 
[I 2026-03-18 19:23:14,893] Trial 18 pruned. 
[I 2026-03-18 19:23:16,555] Trial 5 finished with value: -1.567794139885891 and parameters: {'n_layers_yyx': 2, 'hidden_size_yyx_l0': 2, 'hidden_size_yyx_l1': 4, 'context_size_yyx': 1, 'num_mix_components_yyx': 3, 'context_extractor_yyx': 'gru', 'activation_func_yyx': 'GELU', 'L2_weight_yyx': 7.336141881284366e-10, 'L_entropy_weight_yyx': 5.640773265028541e-05, 'L_sep_weight_yyx': 4.764025236387182e-05, 'L_scale_weight_yyx': 0.00029656313021697003, 'learning_rate_yyx': 0.002218049677053183}. Best is trial 2 with value: -1.6776522224422603.
[I 2026-03-18 19:23:17,873] Trial 11 pruned. 
[I 2026-03-18 19:23:17,911] Trial 17 pruned. 
[I 2026-03-18 19:23:21,171] Trial 13 finished with value: -1.6754691047430152 and parameters: {'n_layers_yyx': 1, 'hidden_size_yyx_l0': 3, 'context_size_yyx': 3, 'num_mix_components_yyx': 4, 'context_extractor_yyx': 'lstm', 'activation_func_yyx': 'GELU', 'L2_weight_yyx': 1.1454953978763625e-06, 'L_entropy_weight_yyx': 5.084267747336372e-09, 'L_sep_weight_yyx': 3.9819858829398235e-09, 'L_scale_weight_yyx': 8.621229987999748e-07, 'learning_rate_yyx': 0.006905886067959615}. Best is trial 12 with value: -1.6796893990996478.
[I 2026-03-18 19:23:22,807] Trial 6 finished with value: -2.513252855536577 and parameters: {'n_layers_yyx': 1, 'hidden_size_yyx_l0': 6, 'context_size_yyx': 1, 'num_mix_components_yyx': 4, 'context_extractor_yyx': 'lstm', 'activation_func_yyx': 'ReLU', 'L2_weight_yyx': 2.3393597603024415e-09, 'L_entropy_weight_yyx': 7.054846452524323e-05, 'L_sep_weight_yyx': 2.3403624851737928e-06, 'L_scale_weight_yyx': 1.4488120637876335e-08, 'learning_rate_yyx': 0.006152141607367437}. Best is trial 6 with value: -2.513252855536577.
[I 2026-03-18 19:23:32,789] Trial 18 pruned. 
[I 2026-03-18 19:23:36,774] Trial 11 finished with value: -1.7020476033368448 and parameters: {'n_layers_yyx': 2, 'hidden_size_yyx_l0': 5, 'hidden_size_yyx_l1': 4, 'context_size_yyx': 1, 'num_mix_components_yyx': 2, 'context_extractor_yyx': 'gru', 'activation_func_yyx': 'ReLU', 'L2_weight_yyx': 7.508437661531867e-09, 'L_entropy_weight_yyx': 4.113738958538894e-07, 'L_sep_weight_yyx': 1.8760933295340117e-06, 'L_scale_weight_yyx': 0.00040157347208091875, 'learning_rate_yyx': 0.0054578514203379}. Best is trial 5 with value: -1.704671424204909.
[I 2026-03-18 19:23:43,870] Trial 5 pruned. 
[I 2026-03-18 19:23:44,313] Trial 19 pruned. 
[I 2026-03-18 19:23:45,180] Trial 6 finished with value: -2.498188572848526 and parameters: {'n_layers_yyx': 2, 'hidden_size_yyx_l0': 4, 'hidden_size_yyx_l1': 4, 'context_size_yyx': 4, 'num_mix_components_yyx': 2, 'context_extractor_yyx': 'lstm', 'activation_func_yyx': 'GELU', 'L2_weight_yyx': 1.0709845050984267e-06, 'L_entropy_weight_yyx': 7.776104939893843e-06, 'L_sep_weight_yyx': 1.8739824134144757e-06, 'L_scale_weight_yyx': 4.513221673314624e-09, 'learning_rate_yyx': 0.0016226737715744623}. Best is trial 0 with value: -2.510808245268653.
[I 2026-03-18 19:23:45,819] Trial 9 pruned. 
[I 2026-03-18 19:23:47,246] Trial 19 pruned. 
[I 2026-03-18 19:23:51,716] Trial 14 pruned. 
[I 2026-03-18 19:23:52,963] Trial 12 pruned. 
[I 2026-03-18 19:24:00,422] Trial 7 finished with value: -2.4975944670048893 and parameters: {'n_layers_yyx': 2, 'hidden_size_yyx_l0': 5, 'hidden_size_yyx_l1': 3, 'context_size_yyx': 4, 'num_mix_components_yyx': 1, 'context_extractor_yyx': 'gru', 'activation_func_yyx': 'ReLU', 'L2_weight_yyx': 4.026947484754721e-05, 'L_entropy_weight_yyx': 1.4026609147175051e-06, 'L_sep_weight_yyx': 7.045786064733256e-09, 'L_scale_weight_yyx': 1.1786989934343198e-10, 'learning_rate_yyx': 0.004326142869715969}. Best is trial 0 with value: -2.5120178855442976.
[I 2026-03-18 19:24:00,814] Trial 5 pruned. 
[I 2026-03-18 19:24:04,269] Trial 7 pruned. 
[I 2026-03-18 19:24:04,520] Trial 13 pruned. 
[I 2026-03-18 19:24:11,173] Trial 15 finished with value: -1.9940496908651817 and parameters: {'n_layers_yyx': 2, 'hidden_size_yyx_l0': 5, 'hidden_size_yyx_l1': 5, 'context_size_yyx': 1, 'num_mix_components_yyx': 5, 'context_extractor_yyx': 'gru', 'activation_func_yyx': 'ReLU', 'L2_weight_yyx': 1.2799484871049693e-10, 'L_entropy_weight_yyx': 1.1696335327797825e-07, 'L_sep_weight_yyx': 2.491139242741022e-07, 'L_scale_weight_yyx': 2.0711124591729488e-07, 'learning_rate_yyx': 0.0032963176348844324}. Best is trial 15 with value: -1.9940496908651817.
[I 2026-03-18 19:24:12,825] Trial 10 pruned. 
[I 2026-03-18 19:24:14,105] Trial 20 pruned. 
[I 2026-03-18 19:24:16,515] Trial 15 pruned. 
[I 2026-03-18 19:24:17,388] Trial 14 pruned. 
[I 2026-03-18 19:24:19,549] Trial 8 pruned. 
[I 2026-03-18 19:24:25,116] Trial 11 pruned. 
[I 2026-03-18 19:24:34,381] Trial 12 finished with value: -2.020448587856086 and parameters: {'n_layers_yyx': 2, 'hidden_size_yyx_l0': 4, 'hidden_size_yyx_l1': 5, 'context_size_yyx': 1, 'num_mix_components_yyx': 4, 'context_extractor_yyx': 'gru', 'activation_func_yyx': 'Tanh', 'L2_weight_yyx': 6.577227995145613e-06, 'L_entropy_weight_yyx': 0.0007851832290856917, 'L_sep_weight_yyx': 4.2212246068275016e-10, 'L_scale_weight_yyx': 5.684262199996267e-06, 'learning_rate_yyx': 0.00382849992800167}. Best is trial 4 with value: -2.021612486156544.
[I 2026-03-18 19:24:36,449] Trial 9 pruned. 
[I 2026-03-18 19:24:36,591] Trial 8 pruned. 
[I 2026-03-18 19:24:38,936] Trial 12 pruned. 
[I 2026-03-18 19:24:41,522] Trial 16 pruned. 
[I 2026-03-18 19:24:49,873] Trial 7 pruned. 
[I 2026-03-18 19:24:56,416] Trial 17 pruned. 
[I 2026-03-18 19:24:56,451] Trial 13 finished with value: -1.9795279779276638 and parameters: {'n_layers_yyx': 1, 'hidden_size_yyx_l0': 4, 'context_size_yyx': 3, 'num_mix_components_yyx': 5, 'context_extractor_yyx': 'lstm', 'activation_func_yyx': 'Tanh', 'L2_weight_yyx': 9.331666036660238e-06, 'L_entropy_weight_yyx': 3.091017445989723e-09, 'L_sep_weight_yyx': 3.697620099588313e-09, 'L_scale_weight_yyx': 6.739266380468512e-08, 'learning_rate_yyx': 0.00953758477464732}. Best is trial 1 with value: -1.9828018961884801.
[I 2026-03-18 19:25:02,047] Trial 5 finished with value: -2.5470815805288463 and parameters: {'n_layers_yyx': 2, 'hidden_size_yyx_l0': 3, 'hidden_size_yyx_l1': 4, 'context_size_yyx': 4, 'num_mix_components_yyx': 4, 'context_extractor_yyx': 'gru', 'activation_func_yyx': 'Tanh', 'L2_weight_yyx': 8.148293766036347e-09, 'L_entropy_weight_yyx': 1.591335348588666e-07, 'L_sep_weight_yyx': 9.997013109532462e-08, 'L_scale_weight_yyx': 7.619445053360795e-07, 'learning_rate_yyx': 0.007585148615213576}. Best is trial 4 with value: -2.547155606996763.
[I 2026-03-18 19:25:03,692] Trial 17 finished with value: -1.9810969967763319 and parameters: {'n_layers_yyx': 1, 'hidden_size_yyx_l0': 4, 'context_size_yyx': 4, 'num_mix_components_yyx': 4, 'context_extractor_yyx': 'gru', 'activation_func_yyx': 'Tanh', 'L2_weight_yyx': 6.012774313395738e-05, 'L_entropy_weight_yyx': 1.313835172230702e-08, 'L_sep_weight_yyx': 4.065297989601035e-06, 'L_scale_weight_yyx': 1.3654356981600622e-07, 'learning_rate_yyx': 0.0032820636564977637}. Best is trial 11 with value: -1.9852781357200364.
[I 2026-03-18 19:25:06,894] Trial 13 pruned. 
[I 2026-03-18 19:25:13,703] Trial 9 pruned. 
[I 2026-03-18 19:25:18,063] Trial 13 finished with value: -1.6789194095140463 and parameters: {'n_layers_yyx': 1, 'hidden_size_yyx_l0': 5, 'context_size_yyx': 3, 'num_mix_components_yyx': 3, 'context_extractor_yyx': 'lstm', 'activation_func_yyx': 'GELU', 'L2_weight_yyx': 0.0009505601238293297, 'L_entropy_weight_yyx': 5.5035436257891654e-06, 'L_sep_weight_yyx': 8.068742596038639e-09, 'L_scale_weight_yyx': 1.4027252221175722e-07, 'learning_rate_yyx': 0.004681185085240849}. Best is trial 13 with value: -1.6789194095140463.
[I 2026-03-18 19:25:19,827] Trial 14 pruned. 
[I 2026-03-18 19:25:21,068] Trial 14 finished with value: -1.67310954308865 and parameters: {'n_layers_yyx': 1, 'hidden_size_yyx_l0': 6, 'context_size_yyx': 3, 'num_mix_components_yyx': 4, 'context_extractor_yyx': 'lstm', 'activation_func_yyx': 'Tanh', 'L2_weight_yyx': 2.7432154753009294e-06, 'L_entropy_weight_yyx': 1.1636929816348791e-10, 'L_sep_weight_yyx': 1.6693699317666072e-08, 'L_scale_weight_yyx': 1.3512116797268246e-08, 'learning_rate_yyx': 0.009328401212152842}. Best is trial 10 with value: -1.6769862653887198.
[I 2026-03-18 19:25:21,115] Trial 7 finished with value: -2.494076356878829 and parameters: {'n_layers_yyx': 2, 'hidden_size_yyx_l0': 2, 'hidden_size_yyx_l1': 2, 'context_size_yyx': 4, 'num_mix_components_yyx': 2, 'context_extractor_yyx': 'lstm', 'activation_func_yyx': 'ReLU', 'L2_weight_yyx': 2.7944132249233478e-05, 'L_entropy_weight_yyx': 4.283334519358467e-05, 'L_sep_weight_yyx': 4.593071326488917e-07, 'L_scale_weight_yyx': 7.654324951428037e-07, 'learning_rate_yyx': 0.0007483074252452687}. Best is trial 1 with value: -2.508543311145146.
[I 2026-03-18 19:25:21,348] Trial 16 pruned. 
[I 2026-03-18 19:25:22,625] Trial 8 pruned. 
[I 2026-03-18 19:25:24,863] Trial 3 finished with value: -2.497647931730826 and parameters: {'n_layers_yyx': 1, 'hidden_size_yyx_l0': 4, 'context_size_yyx': 4, 'num_mix_components_yyx': 3, 'context_extractor_yyx': 'gru', 'activation_func_yyx': 'GELU', 'L2_weight_yyx': 7.635671813320132e-09, 'L_entropy_weight_yyx': 1.0390645022263842e-07, 'L_sep_weight_yyx': 0.00015255232241976667, 'L_scale_weight_yyx': 1.0276416925005478e-09, 'learning_rate_yyx': 0.005183216033982087}. Best is trial 0 with value: -2.5120461423480207.
[I 2026-03-18 19:25:27,125] Trial 18 pruned. 
[I 2026-03-18 19:25:28,874] Trial 6 pruned. 
[I 2026-03-18 19:25:29,742] Trial 10 pruned. 
[I 2026-03-18 19:25:30,690] Trial 14 pruned. 
[I 2026-03-18 19:25:33,579] Trial 6 pruned. 
[I 2026-03-18 19:25:33,958] Trial 15 pruned. 
[I 2026-03-18 19:25:35,331] Trial 17 pruned. 
[I 2026-03-18 19:25:38,196] Trial 8 pruned. 
[I 2026-03-18 19:25:41,756] Trial 9 pruned. 
[I 2026-03-18 19:25:43,475] Trial 4 pruned. 
[I 2026-03-18 19:25:47,825] Trial 7 finished with value: -1.6801514889058558 and parameters: {'n_layers_yyx': 2, 'hidden_size_yyx_l0': 4, 'hidden_size_yyx_l1': 5, 'context_size_yyx': 4, 'num_mix_components_yyx': 1, 'context_extractor_yyx': 'gru', 'activation_func_yyx': 'Tanh', 'L2_weight_yyx': 1.7082554080164736e-10, 'L_entropy_weight_yyx': 4.699786103136014e-07, 'L_sep_weight_yyx': 4.461773916405327e-09, 'L_scale_weight_yyx': 8.793928581353473e-10, 'learning_rate_yyx': 0.005385821097425811}. Best is trial 7 with value: -1.6801514889058558.
[I 2026-03-18 19:25:49,593] Trial 7 pruned. 
[I 2026-03-18 19:25:56,679] Trial 15 pruned. 
[I 2026-03-18 19:25:56,717] Trial 5 finished with value: -2.5140323195684524 and parameters: {'n_layers_yyx': 1, 'hidden_size_yyx_l0': 5, 'context_size_yyx': 4, 'num_mix_components_yyx': 3, 'context_extractor_yyx': 'gru', 'activation_func_yyx': 'ReLU', 'L2_weight_yyx': 0.00015687784350004077, 'L_entropy_weight_yyx': 7.290612804749775e-10, 'L_sep_weight_yyx': 0.0003656576367625248, 'L_scale_weight_yyx': 3.7316259064719105e-09, 'learning_rate_yyx': 0.00960728651785722}. Best is trial 5 with value: -2.5140323195684524.
[I 2026-03-18 19:25:58,074] Trial 10 pruned. 
[I 2026-03-18 19:26:00,188] Trial 5 pruned. 
[I 2026-03-18 19:26:01,033] Trial 16 pruned. 
[I 2026-03-18 19:26:02,444] Trial 18 pruned. 
[I 2026-03-18 19:26:03,241] Trial 12 finished with value: -1.6974110322840072 and parameters: {'n_layers_yyx': 2, 'hidden_size_yyx_l0': 4, 'hidden_size_yyx_l1': 6, 'context_size_yyx': 1, 'num_mix_components_yyx': 2, 'context_extractor_yyx': 'lstm', 'activation_func_yyx': 'ReLU', 'L2_weight_yyx': 2.53366140880338e-06, 'L_entropy_weight_yyx': 3.1943723689225054e-09, 'L_sep_weight_yyx': 7.720784847203977e-08, 'L_scale_weight_yyx': 7.957215383715292e-06, 'learning_rate_yyx': 0.004485395385019031}. Best is trial 0 with value: -1.7166840796377145.
[I 2026-03-18 19:26:03,562] Trial 20 finished with value: -1.6668760141350587 and parameters: {'n_layers_yyx': 2, 'hidden_size_yyx_l0': 4, 'hidden_size_yyx_l1': 5, 'context_size_yyx': 4, 'num_mix_components_yyx': 3, 'context_extractor_yyx': 'lstm', 'activation_func_yyx': 'ReLU', 'L2_weight_yyx': 5.15439645129125e-07, 'L_entropy_weight_yyx': 6.105933344924375e-07, 'L_sep_weight_yyx': 2.299728370963893e-09, 'L_scale_weight_yyx': 1.5529994502045723e-09, 'learning_rate_yyx': 0.007466691738755965}. Best is trial 20 with value: -1.6668760141350587.
[I 2026-03-18 19:26:12,425] Trial 6 finished with value: -2.5074780614184506 and parameters: {'n_layers_yyx': 2, 'hidden_size_yyx_l0': 4, 'hidden_size_yyx_l1': 6, 'context_size_yyx': 2, 'num_mix_components_yyx': 3, 'context_extractor_yyx': 'gru', 'activation_func_yyx': 'ReLU', 'L2_weight_yyx': 9.14017811449779e-09, 'L_entropy_weight_yyx': 3.923708748738412e-05, 'L_sep_weight_yyx': 6.226224293072557e-05, 'L_scale_weight_yyx': 3.8473796921826624e-08, 'learning_rate_yyx': 0.009018629084900413}. Best is trial 1 with value: -2.511856338115334.
[I 2026-03-18 19:26:12,804] Trial 17 pruned. 
[I 2026-03-18 19:26:13,809] Trial 11 pruned. 
[I 2026-03-18 19:26:14,308] Trial 15 finished with value: -1.6872136574091874 and parameters: {'n_layers_yyx': 2, 'hidden_size_yyx_l0': 6, 'hidden_size_yyx_l1': 5, 'context_size_yyx': 1, 'num_mix_components_yyx': 3, 'context_extractor_yyx': 'lstm', 'activation_func_yyx': 'ReLU', 'L2_weight_yyx': 5.987401805024754e-05, 'L_entropy_weight_yyx': 2.5473751904127184e-08, 'L_sep_weight_yyx': 6.998791079201042e-05, 'L_scale_weight_yyx': 3.5826636963073424e-05, 'learning_rate_yyx': 0.009894650716265963}. Best is trial 5 with value: -1.704671424204909.
[I 2026-03-18 19:26:15,446] Trial 6 pruned. 
[I 2026-03-18 19:26:17,629] Trial 9 finished with value: -1.9548240710760292 and parameters: {'n_layers_yyx': 2, 'hidden_size_yyx_l0': 5, 'hidden_size_yyx_l1': 4, 'context_size_yyx': 2, 'num_mix_components_yyx': 1, 'context_extractor_yyx': 'gru', 'activation_func_yyx': 'GELU', 'L2_weight_yyx': 3.1870378317124736e-08, 'L_entropy_weight_yyx': 2.172591502086137e-09, 'L_sep_weight_yyx': 7.253088575945648e-10, 'L_scale_weight_yyx': 1.0461263300242244e-07, 'learning_rate_yyx': 0.006273867325524791}. Best is trial 7 with value: -1.9813599213936923.
[I 2026-03-18 19:26:20,918] Trial 8 pruned. 
[I 2026-03-18 19:26:26,893] Trial 5 finished with value: -2.032878388469595 and parameters: {'n_layers_yyx': 2, 'hidden_size_yyx_l0': 2, 'hidden_size_yyx_l1': 4, 'context_size_yyx': 3, 'num_mix_components_yyx': 5, 'context_extractor_yyx': 'lstm', 'activation_func_yyx': 'ReLU', 'L2_weight_yyx': 3.775557286450563e-06, 'L_entropy_weight_yyx': 1.0113177385984852e-09, 'L_sep_weight_yyx': 3.257425100671387e-07, 'L_scale_weight_yyx': 0.0007681109084208688, 'learning_rate_yyx': 0.0010153351067538272}. Best is trial 1 with value: -2.0346981000296678.
[I 2026-03-18 19:26:26,947] Trial 16 pruned. 
[I 2026-03-18 19:26:31,639] Trial 6 pruned. 
[I 2026-03-18 19:26:34,259] Trial 6 finished with value: -1.6730625165419646 and parameters: {'n_layers_yyx': 1, 'hidden_size_yyx_l0': 2, 'context_size_yyx': 2, 'num_mix_components_yyx': 5, 'context_extractor_yyx': 'lstm', 'activation_func_yyx': 'ReLU', 'L2_weight_yyx': 1.2633412030589018e-07, 'L_entropy_weight_yyx': 1.418625986500657e-07, 'L_sep_weight_yyx': 1.6243027852064123e-09, 'L_scale_weight_yyx': 3.6891230984849115e-08, 'learning_rate_yyx': 0.006354101071432628}. Best is trial 2 with value: -1.6776522224422603.
[I 2026-03-18 19:26:38,159] Trial 18 pruned. 
[I 2026-03-18 19:26:38,360] Trial 9 pruned. 
[I 2026-03-18 19:26:42,544] Trial 19 pruned. 
[I 2026-03-18 19:26:45,402] Trial 18 finished with value: -1.9818904538075819 and parameters: {'n_layers_yyx': 1, 'hidden_size_yyx_l0': 5, 'context_size_yyx': 3, 'num_mix_components_yyx': 3, 'context_extractor_yyx': 'gru', 'activation_func_yyx': 'Tanh', 'L2_weight_yyx': 3.912979377138977e-06, 'L_entropy_weight_yyx': 7.554500031136512e-08, 'L_sep_weight_yyx': 0.00010325939331013566, 'L_scale_weight_yyx': 0.00012704951849210904, 'learning_rate_yyx': 0.007489865692712196}. Best is trial 11 with value: -1.9852781357200364.
[I 2026-03-18 19:26:47,942] Trial 7 pruned. 
[I 2026-03-18 19:26:49,132] Trial 7 pruned. 
[I 2026-03-18 19:26:52,865] Trial 8 pruned. 
[I 2026-03-18 19:26:53,280] Trial 7 finished with value: -2.0105456031462343 and parameters: {'n_layers_yyx': 1, 'hidden_size_yyx_l0': 5, 'context_size_yyx': 1, 'num_mix_components_yyx': 1, 'context_extractor_yyx': 'lstm', 'activation_func_yyx': 'Tanh', 'L2_weight_yyx': 3.568701810800904e-07, 'L_entropy_weight_yyx': 1.794680590604671e-07, 'L_sep_weight_yyx': 5.0583846901762005e-06, 'L_scale_weight_yyx': 9.796309791399966e-08, 'learning_rate_yyx': 0.003674514010899876}. Best is trial 0 with value: -2.0138799336866504.
[I 2026-03-18 19:26:53,281] Trial 17 pruned. 
[I 2026-03-18 19:26:54,164] Trial 10 pruned. 
[I 2026-03-18 19:26:54,663] Trial 14 finished with value: -1.9793084154473537 and parameters: {'n_layers_yyx': 2, 'hidden_size_yyx_l0': 3, 'hidden_size_yyx_l1': 6, 'context_size_yyx': 2, 'num_mix_components_yyx': 4, 'context_extractor_yyx': 'lstm', 'activation_func_yyx': 'ReLU', 'L2_weight_yyx': 5.8149682447612105e-08, 'L_entropy_weight_yyx': 7.66783946209893e-06, 'L_sep_weight_yyx': 6.922439055000153e-08, 'L_scale_weight_yyx': 1.0130499467199934e-05, 'learning_rate_yyx': 0.009641396047808459}. Best is trial 1 with value: -1.9828018961884801.
[I 2026-03-18 19:26:56,409] Trial 6 finished with value: -2.4997556612473124 and parameters: {'n_layers_yyx': 1, 'hidden_size_yyx_l0': 6, 'context_size_yyx': 3, 'num_mix_components_yyx': 5, 'context_extractor_yyx': 'lstm', 'activation_func_yyx': 'GELU', 'L2_weight_yyx': 9.423474635328761e-08, 'L_entropy_weight_yyx': 2.6765227412936e-06, 'L_sep_weight_yyx': 3.315015502168347e-10, 'L_scale_weight_yyx': 2.460954145066257e-10, 'learning_rate_yyx': 0.001644184493589749}. Best is trial 6 with value: -2.4997556612473124.
[I 2026-03-18 19:26:58,110] Trial 20 pruned. 
[I 2026-03-18 19:26:59,865] Trial 11 pruned. 
[I 2026-03-18 19:27:03,764] Trial 6 finished with value: -2.112494948763621 and parameters: {'n_layers_yyx': 1, 'hidden_size_yyx_l0': 4, 'context_size_yyx': 1, 'num_mix_components_yyx': 4, 'context_extractor_yyx': 'gru', 'activation_func_yyx': 'Tanh', 'L2_weight_yyx': 2.087723451777188e-09, 'L_entropy_weight_yyx': 2.0304645824242872e-10, 'L_sep_weight_yyx': 1.7424628740275578e-08, 'L_scale_weight_yyx': 6.380296766291444e-10, 'learning_rate_yyx': 0.0024199820555031513}. Best is trial 0 with value: -2.1143376288427875.
[I 2026-03-18 19:27:04,196] Trial 11 finished with value: -1.6707008798096055 and parameters: {'n_layers_yyx': 2, 'hidden_size_yyx_l0': 3, 'hidden_size_yyx_l1': 2, 'context_size_yyx': 1, 'num_mix_components_yyx': 2, 'context_extractor_yyx': 'gru', 'activation_func_yyx': 'ReLU', 'L2_weight_yyx': 2.0669913674813422e-08, 'L_entropy_weight_yyx': 5.611622393150433e-06, 'L_sep_weight_yyx': 3.136709250567825e-10, 'L_scale_weight_yyx': 4.029077700356696e-06, 'learning_rate_yyx': 0.004252528652110601}. Best is trial 2 with value: -1.680426359749482.
[I 2026-03-18 19:27:05,042] Trial 13 pruned. 
[I 2026-03-18 19:27:05,048] Trial 18 pruned. 
[I 2026-03-18 19:27:12,444] Trial 21 pruned. 
[I 2026-03-18 19:27:12,989] Trial 7 pruned. 
[I 2026-03-18 19:27:13,458] Trial 21 pruned. 
[I 2026-03-18 19:27:14,002] Trial 8 pruned. 
[I 2026-03-18 19:27:17,847] Trial 12 pruned. 
[I 2026-03-18 19:27:20,390] Trial 19 pruned. 
[I 2026-03-18 19:27:22,570] Trial 18 finished with value: -1.7002973458681911 and parameters: {'n_layers_yyx': 1, 'hidden_size_yyx_l0': 3, 'context_size_yyx': 4, 'num_mix_components_yyx': 4, 'context_extractor_yyx': 'gru', 'activation_func_yyx': 'Tanh', 'L2_weight_yyx': 6.380950824254073e-06, 'L_entropy_weight_yyx': 1.253801946520959e-10, 'L_sep_weight_yyx': 0.00025257602539955764, 'L_scale_weight_yyx': 3.4615422289882496e-10, 'learning_rate_yyx': 0.004800139615117416}. Best is trial 18 with value: -1.7002973458681911.
[I 2026-03-18 19:27:25,922] Trial 22 pruned. 
[I 2026-03-18 19:27:28,918] Trial 8 pruned. 
[I 2026-03-18 19:27:31,523] Trial 14 pruned. 
[I 2026-03-18 19:27:33,304] Trial 7 pruned. 
[I 2026-03-18 19:27:38,289] Trial 23 pruned. 
[I 2026-03-18 19:27:40,563] Trial 22 pruned. 
[I 2026-03-18 19:27:41,172] Trial 19 pruned. 
[I 2026-03-18 19:27:41,552] Trial 4 finished with value: -2.512273117194863 and parameters: {'n_layers_yyx': 2, 'hidden_size_yyx_l0': 3, 'hidden_size_yyx_l1': 5, 'context_size_yyx': 2, 'num_mix_components_yyx': 4, 'context_extractor_yyx': 'gru', 'activation_func_yyx': 'GELU', 'L2_weight_yyx': 1.329695132283002e-10, 'L_entropy_weight_yyx': 0.00016827462413373433, 'L_sep_weight_yyx': 1.4782729009079348e-08, 'L_scale_weight_yyx': 0.00026708142387686103, 'learning_rate_yyx': 0.0035996598339968896}. Best is trial 1 with value: -2.5125601952756833.
[I 2026-03-18 19:27:43,173] Trial 20 pruned. 
[I 2026-03-18 19:27:43,339] Trial 15 pruned. 
[I 2026-03-18 19:27:49,052] Trial 8 pruned. 
[I 2026-03-18 19:27:53,260] Trial 24 pruned. 
[I 2026-03-18 19:27:55,657] Trial 20 pruned. 
[I 2026-03-18 19:27:56,550] Trial 16 finished with value: -1.677800179902663 and parameters: {'n_layers_yyx': 1, 'hidden_size_yyx_l0': 6, 'context_size_yyx': 4, 'num_mix_components_yyx': 3, 'context_extractor_yyx': 'lstm', 'activation_func_yyx': 'GELU', 'L2_weight_yyx': 3.5891200068665245e-06, 'L_entropy_weight_yyx': 1.3834979106979978e-07, 'L_sep_weight_yyx': 8.215132891881085e-09, 'L_scale_weight_yyx': 3.343635368396474e-07, 'learning_rate_yyx': 0.007315429546309572}. Best is trial 13 with value: -1.6789194095140463.
[I 2026-03-18 19:27:59,481] Trial 16 pruned. 
[I 2026-03-18 19:28:02,994] Trial 9 pruned. 
[I 2026-03-18 19:28:08,217] Trial 25 pruned. 
[I 2026-03-18 19:28:10,871] Trial 21 pruned. 
[I 2026-03-18 19:28:10,882] Trial 21 pruned. 
[I 2026-03-18 19:28:11,738] Trial 23 pruned. 
[I 2026-03-18 19:28:15,547] Trial 12 finished with value: -2.4902563614746467 and parameters: {'n_layers_yyx': 1, 'hidden_size_yyx_l0': 5, 'context_size_yyx': 2, 'num_mix_components_yyx': 4, 'context_extractor_yyx': 'lstm', 'activation_func_yyx': 'ReLU', 'L2_weight_yyx': 5.718692820829777e-08, 'L_entropy_weight_yyx': 2.9958546471982043e-06, 'L_sep_weight_yyx': 6.3947043224592e-09, 'L_scale_weight_yyx': 4.198522668514558e-09, 'learning_rate_yyx': 0.009568717016559099}. Best is trial 6 with value: -2.513252855536577.
[I 2026-03-18 19:28:17,760] Trial 9 pruned. 
[I 2026-03-18 19:28:17,882] Trial 10 finished with value: -2.510032718525418 and parameters: {'n_layers_yyx': 1, 'hidden_size_yyx_l0': 6, 'context_size_yyx': 1, 'num_mix_components_yyx': 5, 'context_extractor_yyx': 'gru', 'activation_func_yyx': 'ReLU', 'L2_weight_yyx': 1.0358665785859876e-10, 'L_entropy_weight_yyx': 4.254280320382105e-07, 'L_sep_weight_yyx': 1.9646567489696425e-06, 'L_scale_weight_yyx': 1.1877505779985766e-10, 'learning_rate_yyx': 0.001137171443879688}. Best is trial 0 with value: -2.511745534136428.
[I 2026-03-18 19:28:18,162] Trial 11 pruned. 
[I 2026-03-18 19:28:21,665] Trial 21 finished with value: -1.6658270699637276 and parameters: {'n_layers_yyx': 2, 'hidden_size_yyx_l0': 4, 'hidden_size_yyx_l1': 5, 'context_size_yyx': 4, 'num_mix_components_yyx': 3, 'context_extractor_yyx': 'lstm', 'activation_func_yyx': 'ReLU', 'L2_weight_yyx': 1.140811331022163e-08, 'L_entropy_weight_yyx': 5.37269642206101e-07, 'L_sep_weight_yyx': 2.6277492357190732e-09, 'L_scale_weight_yyx': 1.9992473598907864e-09, 'learning_rate_yyx': 0.007082990971857676}. Best is trial 20 with value: -1.6668760141350587.
[I 2026-03-18 19:28:23,100] Trial 22 pruned. 
[I 2026-03-18 19:28:23,208] Trial 17 pruned. 
[I 2026-03-18 19:28:24,818] Trial 10 finished with value: -1.9560015829829267 and parameters: {'n_layers_yyx': 1, 'hidden_size_yyx_l0': 2, 'context_size_yyx': 4, 'num_mix_components_yyx': 2, 'context_extractor_yyx': 'lstm', 'activation_func_yyx': 'ReLU', 'L2_weight_yyx': 6.028137255714321e-08, 'L_entropy_weight_yyx': 3.744694679758592e-06, 'L_sep_weight_yyx': 1.1660887682762744e-10, 'L_scale_weight_yyx': 7.498118203523717e-06, 'learning_rate_yyx': 0.009455351923070792}. Best is trial 7 with value: -1.9813599213936923.
[I 2026-03-18 19:28:26,508] Trial 17 pruned. 
[I 2026-03-18 19:28:34,009] Trial 13 pruned. 
[I 2026-03-18 19:28:35,005] Trial 12 pruned. 
[I 2026-03-18 19:28:35,635] Trial 22 pruned. 
[I 2026-03-18 19:28:38,048] Trial 22 pruned. 
[I 2026-03-18 19:28:39,495] Trial 18 pruned. 
[I 2026-03-18 19:28:44,062] Trial 13 finished with value: -2.0221624466873753 and parameters: {'n_layers_yyx': 2, 'hidden_size_yyx_l0': 4, 'hidden_size_yyx_l1': 5, 'context_size_yyx': 1, 'num_mix_components_yyx': 5, 'context_extractor_yyx': 'gru', 'activation_func_yyx': 'ReLU', 'L2_weight_yyx': 5.6211960855729e-06, 'L_entropy_weight_yyx': 0.0006955031901188302, 'L_sep_weight_yyx': 1.0676649736040271e-10, 'L_scale_weight_yyx': 6.728531840801297e-06, 'learning_rate_yyx': 0.004551426851692057}. Best is trial 13 with value: -2.0221624466873753.
[I 2026-03-18 19:28:50,602] Trial 23 pruned. 
[I 2026-03-18 19:28:51,199] Trial 13 pruned. 
[I 2026-03-18 19:28:51,641] Trial 14 pruned. 
[I 2026-03-18 19:28:52,023] Trial 15 finished with value: -1.6747996097914821 and parameters: {'n_layers_yyx': 1, 'hidden_size_yyx_l0': 5, 'context_size_yyx': 1, 'num_mix_components_yyx': 2, 'context_extractor_yyx': 'lstm', 'activation_func_yyx': 'Tanh', 'L2_weight_yyx': 1.6269136542675145e-08, 'L_entropy_weight_yyx': 1.0292700329130156e-09, 'L_sep_weight_yyx': 4.140148848462521e-08, 'L_scale_weight_yyx': 0.00010197081000850595, 'learning_rate_yyx': 0.00537963109321349}. Best is trial 10 with value: -1.6769862653887198.
[I 2026-03-18 19:29:05,263] Trial 24 pruned. 
[I 2026-03-18 19:29:06,674] Trial 19 pruned. 
[I 2026-03-18 19:29:06,674] Trial 16 pruned. 
[I 2026-03-18 19:29:07,968] Trial 14 pruned. 
[I 2026-03-18 19:29:08,474] Trial 15 pruned. 
[I 2026-03-18 19:29:10,409] Trial 5 pruned. 
[I 2026-03-18 19:29:17,634] Trial 20 pruned. 
[I 2026-03-18 19:29:23,271] Trial 15 pruned. 
[I 2026-03-18 19:29:28,216] Trial 6 pruned. 
[I 2026-03-18 19:29:31,430] Trial 19 finished with value: -1.9837723568820447 and parameters: {'n_layers_yyx': 1, 'hidden_size_yyx_l0': 3, 'context_size_yyx': 4, 'num_mix_components_yyx': 5, 'context_extractor_yyx': 'gru', 'activation_func_yyx': 'ReLU', 'L2_weight_yyx': 2.9340840592219245e-08, 'L_entropy_weight_yyx': 1.4213407242858312e-06, 'L_sep_weight_yyx': 3.6679065927540044e-06, 'L_scale_weight_yyx': 0.0009667094445028444, 'learning_rate_yyx': 0.006513564029363863}. Best is trial 11 with value: -1.9852781357200364.
[I 2026-03-18 19:29:32,465] Trial 8 finished with value: -2.4952799304780506 and parameters: {'n_layers_yyx': 2, 'hidden_size_yyx_l0': 6, 'hidden_size_yyx_l1': 6, 'context_size_yyx': 3, 'num_mix_components_yyx': 1, 'context_extractor_yyx': 'gru', 'activation_func_yyx': 'ReLU', 'L2_weight_yyx': 3.082311510481393e-10, 'L_entropy_weight_yyx': 2.4344345508585667e-06, 'L_sep_weight_yyx': 1.3766791026706708e-07, 'L_scale_weight_yyx': 7.606308905923892e-07, 'learning_rate_yyx': 0.004676272156777117}. Best is trial 5 with value: -2.5140323195684524.
[I 2026-03-18 19:29:32,545] Trial 24 pruned. 
[I 2026-03-18 19:29:32,804] Trial 25 pruned. 
[I 2026-03-18 19:29:35,047] Trial 17 pruned. 
[I 2026-03-18 19:29:45,702] Trial 7 finished with value: -2.4973940692006362 and parameters: {'n_layers_yyx': 2, 'hidden_size_yyx_l0': 3, 'hidden_size_yyx_l1': 5, 'context_size_yyx': 4, 'num_mix_components_yyx': 2, 'context_extractor_yyx': 'gru', 'activation_func_yyx': 'GELU', 'L2_weight_yyx': 7.50959011744567e-07, 'L_entropy_weight_yyx': 2.9078881766363988e-06, 'L_sep_weight_yyx': 1.6451458412790411e-10, 'L_scale_weight_yyx': 1.6718307657863254e-05, 'learning_rate_yyx': 0.002999854773294404}. Best is trial 0 with value: -2.5120461423480207.
[I 2026-03-18 19:29:47,020] Trial 7 pruned. 
[I 2026-03-18 19:29:47,434] Trial 11 pruned. 
[I 2026-03-18 19:29:49,521] Trial 26 pruned. 
[I 2026-03-18 19:29:49,917] Trial 18 pruned. 
[I 2026-03-18 19:29:50,738] Trial 23 pruned. 
[I 2026-03-18 19:29:54,986] Trial 9 pruned. 
[I 2026-03-18 19:29:56,729] Trial 9 pruned. 
[I 2026-03-18 19:30:02,218] Trial 19 pruned. 
[I 2026-03-18 19:30:02,227] Trial 10 finished with value: -2.11089892530765 and parameters: {'n_layers_yyx': 2, 'hidden_size_yyx_l0': 2, 'hidden_size_yyx_l1': 6, 'context_size_yyx': 1, 'num_mix_components_yyx': 5, 'context_extractor_yyx': 'lstm', 'activation_func_yyx': 'Tanh', 'L2_weight_yyx': 0.0007453473568553862, 'L_entropy_weight_yyx': 7.29686353493749e-09, 'L_sep_weight_yyx': 4.039058102281044e-09, 'L_scale_weight_yyx': 1.4797288404354252e-10, 'learning_rate_yyx': 0.009934244559441002}. Best is trial 0 with value: -2.1143376288427875.
[I 2026-03-18 19:30:06,394] Trial 9 finished with value: -1.661497450631035 and parameters: {'n_layers_yyx': 2, 'hidden_size_yyx_l0': 2, 'hidden_size_yyx_l1': 2, 'context_size_yyx': 3, 'num_mix_components_yyx': 1, 'context_extractor_yyx': 'gru', 'activation_func_yyx': 'Tanh', 'L2_weight_yyx': 7.188001962832645e-08, 'L_entropy_weight_yyx': 1.572707572213152e-08, 'L_sep_weight_yyx': 1.393421769322275e-09, 'L_scale_weight_yyx': 8.277904096573186e-08, 'learning_rate_yyx': 0.009811900271664108}. Best is trial 2 with value: -1.6776522224422603.
[I 2026-03-18 19:30:06,554] Trial 25 pruned. 
[I 2026-03-18 19:30:06,570] Trial 8 pruned. 
[I 2026-03-18 19:30:15,555] Trial 7 finished with value: -2.4913907736393694 and parameters: {'n_layers_yyx': 2, 'hidden_size_yyx_l0': 6, 'hidden_size_yyx_l1': 3, 'context_size_yyx': 1, 'num_mix_components_yyx': 3, 'context_extractor_yyx': 'gru', 'activation_func_yyx': 'ReLU', 'L2_weight_yyx': 0.00021208680687400316, 'L_entropy_weight_yyx': 6.424422659962436e-05, 'L_sep_weight_yyx': 9.61195846791767e-08, 'L_scale_weight_yyx': 0.00020434885516927077, 'learning_rate_yyx': 0.003094886410155755}. Best is trial 1 with value: -2.511856338115334.
[I 2026-03-18 19:30:17,143] Trial 11 pruned. 
[I 2026-03-18 19:30:17,652] Trial 27 pruned. 
[I 2026-03-18 19:30:21,832] Trial 10 pruned. 
[I 2026-03-18 19:30:23,464] Trial 8 pruned. 
[I 2026-03-18 19:30:25,125] Trial 26 pruned. 
[I 2026-03-18 19:30:26,605] Trial 23 finished with value: -1.668135777403489 and parameters: {'n_layers_yyx': 2, 'hidden_size_yyx_l0': 4, 'hidden_size_yyx_l1': 6, 'context_size_yyx': 4, 'num_mix_components_yyx': 3, 'context_extractor_yyx': 'lstm', 'activation_func_yyx': 'ReLU', 'L2_weight_yyx': 1.0994973678644302e-09, 'L_entropy_weight_yyx': 1.3708970364016778e-07, 'L_sep_weight_yyx': 1.0512113844567298e-10, 'L_scale_weight_yyx': 4.036033339298446e-09, 'learning_rate_yyx': 0.007239330327957853}. Best is trial 23 with value: -1.668135777403489.
[I 2026-03-18 19:30:27,279] Trial 21 pruned. 
[I 2026-03-18 19:30:29,003] Trial 8 finished with value: -2.0094201162474343 and parameters: {'n_layers_yyx': 1, 'hidden_size_yyx_l0': 6, 'context_size_yyx': 1, 'num_mix_components_yyx': 4, 'context_extractor_yyx': 'gru', 'activation_func_yyx': 'GELU', 'L2_weight_yyx': 5.539030372710284e-10, 'L_entropy_weight_yyx': 3.072035434103776e-05, 'L_sep_weight_yyx': 1.5182997746061116e-05, 'L_scale_weight_yyx': 1.075221439455022e-06, 'learning_rate_yyx': 0.007606942275841609}. Best is trial 0 with value: -2.0138799336866504.
[I 2026-03-18 19:30:30,599] Trial 26 finished with value: -1.7276052118239558 and parameters: {'n_layers_yyx': 1, 'hidden_size_yyx_l0': 6, 'context_size_yyx': 4, 'num_mix_components_yyx': 3, 'context_extractor_yyx': 'lstm', 'activation_func_yyx': 'ReLU', 'L2_weight_yyx': 2.310303463543551e-05, 'L_entropy_weight_yyx': 6.583951257260284e-08, 'L_sep_weight_yyx': 2.442339943718775e-09, 'L_scale_weight_yyx': 7.738134708473504e-05, 'learning_rate_yyx': 0.007041278822157069}. Best is trial 8 with value: -1.7294919135267302.
[I 2026-03-18 19:30:35,499] Trial 8 pruned. 
[I 2026-03-18 19:30:35,793] Trial 10 finished with value: -2.503375894709151 and parameters: {'n_layers_yyx': 1, 'hidden_size_yyx_l0': 6, 'context_size_yyx': 4, 'num_mix_components_yyx': 5, 'context_extractor_yyx': 'lstm', 'activation_func_yyx': 'Tanh', 'L2_weight_yyx': 1.1220675357427562e-10, 'L_entropy_weight_yyx': 0.00018323796853099504, 'L_sep_weight_yyx': 0.0009500180400012471, 'L_scale_weight_yyx': 1.3135814749469396e-08, 'learning_rate_yyx': 0.009860306718997965}. Best is trial 10 with value: -2.503375894709151.
[I 2026-03-18 19:30:36,541] Trial 19 finished with value: -1.6971817501125885 and parameters: {'n_layers_yyx': 1, 'hidden_size_yyx_l0': 3, 'context_size_yyx': 4, 'num_mix_components_yyx': 5, 'context_extractor_yyx': 'gru', 'activation_func_yyx': 'Tanh', 'L2_weight_yyx': 9.171736168644078e-07, 'L_entropy_weight_yyx': 2.328022075129139e-10, 'L_sep_weight_yyx': 0.0006394864693146722, 'L_scale_weight_yyx': 1.0769644649925293e-10, 'learning_rate_yyx': 0.004480835707574752}. Best is trial 18 with value: -1.7002973458681911.
[I 2026-03-18 19:30:37,306] Trial 11 pruned. 
[I 2026-03-18 19:30:39,406] Trial 18 finished with value: -1.6748094022531799 and parameters: {'n_layers_yyx': 1, 'hidden_size_yyx_l0': 6, 'context_size_yyx': 4, 'num_mix_components_yyx': 5, 'context_extractor_yyx': 'gru', 'activation_func_yyx': 'ReLU', 'L2_weight_yyx': 1.2862628776855823e-06, 'L_entropy_weight_yyx': 7.59934837709934e-06, 'L_sep_weight_yyx': 3.7834199330167506e-10, 'L_scale_weight_yyx': 3.95938543417016e-09, 'learning_rate_yyx': 0.007086780491648473}. Best is trial 13 with value: -1.6789194095140463.
[I 2026-03-18 19:30:41,957] Trial 9 pruned. 
[I 2026-03-18 19:30:46,884] Trial 28 pruned. 
[I 2026-03-18 19:30:49,330] Trial 12 pruned. 
[I 2026-03-18 19:30:51,097] Trial 20 pruned. 
[I 2026-03-18 19:30:54,058] Trial 12 pruned. 
[I 2026-03-18 19:31:06,470] Trial 21 pruned. 
[I 2026-03-18 19:31:09,104] Trial 13 pruned. 
[I 2026-03-18 19:31:10,634] Trial 19 pruned. 
[I 2026-03-18 19:31:20,635] Trial 20 pruned. 
[I 2026-03-18 19:31:21,720] Trial 13 pruned. 
[I 2026-03-18 19:31:22,726] Trial 10 finished with value: -2.4984645272096904 and parameters: {'n_layers_yyx': 1, 'hidden_size_yyx_l0': 6, 'context_size_yyx': 3, 'num_mix_components_yyx': 1, 'context_extractor_yyx': 'gru', 'activation_func_yyx': 'GELU', 'L2_weight_yyx': 6.19147192803282e-05, 'L_entropy_weight_yyx': 1.1580905662546156e-07, 'L_sep_weight_yyx': 0.0007326089055075311, 'L_scale_weight_yyx': 2.5945533970778472e-05, 'learning_rate_yyx': 0.0005758675562908843}. Best is trial 0 with value: -2.510808245268653.
[I 2026-03-18 19:31:25,471] Trial 14 pruned. 
[I 2026-03-18 19:31:27,928] Trial 7 finished with value: -2.4950542279753494 and parameters: {'n_layers_yyx': 1, 'hidden_size_yyx_l0': 3, 'context_size_yyx': 1, 'num_mix_components_yyx': 2, 'context_extractor_yyx': 'gru', 'activation_func_yyx': 'GELU', 'L2_weight_yyx': 4.57570152129015e-08, 'L_entropy_weight_yyx': 2.6199246668458694e-09, 'L_sep_weight_yyx': 0.0004740464495183157, 'L_scale_weight_yyx': 9.701238738293356e-06, 'learning_rate_yyx': 0.009714848482231458}. Best is trial 7 with value: -2.4950542279753494.
[I 2026-03-18 19:31:36,434] Trial 14 pruned. 
[I 2026-03-18 19:31:40,623] Trial 27 pruned. 
[I 2026-03-18 19:31:42,890] Trial 24 pruned. 
[I 2026-03-18 19:31:44,484] Trial 8 pruned. 
[I 2026-03-18 19:31:49,002] Trial 21 pruned. 
[I 2026-03-18 19:31:52,706] Trial 19 finished with value: -1.6399740927612363 and parameters: {'n_layers_yyx': 1, 'hidden_size_yyx_l0': 5, 'context_size_yyx': 2, 'num_mix_components_yyx': 4, 'context_extractor_yyx': 'gru', 'activation_func_yyx': 'GELU', 'L2_weight_yyx': 8.937961554481013e-08, 'L_entropy_weight_yyx': 9.698711340975798e-09, 'L_sep_weight_yyx': 1.1434270705117841e-10, 'L_scale_weight_yyx': 2.499509471122376e-06, 'learning_rate_yyx': 0.0005115627344263009}. Best is trial 12 with value: -1.6796893990996478.
[I 2026-03-18 19:31:53,933] Trial 9 pruned. 
[I 2026-03-18 19:31:59,628] Trial 25 pruned. 
[I 2026-03-18 19:32:02,802] Trial 12 finished with value: -1.6727305553900056 and parameters: {'n_layers_yyx': 2, 'hidden_size_yyx_l0': 2, 'hidden_size_yyx_l1': 3, 'context_size_yyx': 3, 'num_mix_components_yyx': 2, 'context_extractor_yyx': 'gru', 'activation_func_yyx': 'Tanh', 'L2_weight_yyx': 1.2435415967491531e-05, 'L_entropy_weight_yyx': 8.504145982082095e-09, 'L_sep_weight_yyx': 5.54680426985829e-07, 'L_scale_weight_yyx': 8.676341758012909e-09, 'learning_rate_yyx': 0.0038542041388455323}. Best is trial 2 with value: -1.680426359749482.
[I 2026-03-18 19:32:04,959] Trial 20 finished with value: -1.9820871986083644 and parameters: {'n_layers_yyx': 2, 'hidden_size_yyx_l0': 3, 'hidden_size_yyx_l1': 6, 'context_size_yyx': 4, 'num_mix_components_yyx': 3, 'context_extractor_yyx': 'gru', 'activation_func_yyx': 'ReLU', 'L2_weight_yyx': 1.2403967017783434e-08, 'L_entropy_weight_yyx': 1.979202764453146e-06, 'L_sep_weight_yyx': 2.4912221108563697e-06, 'L_scale_weight_yyx': 2.784437814744013e-09, 'learning_rate_yyx': 0.00982599209534081}. Best is trial 11 with value: -1.9852781357200364.
[I 2026-03-18 19:32:12,066] Trial 15 pruned. 
[I 2026-03-18 19:32:13,285] Trial 12 finished with value: -1.983840502266522 and parameters: {'n_layers_yyx': 2, 'hidden_size_yyx_l0': 6, 'hidden_size_yyx_l1': 5, 'context_size_yyx': 4, 'num_mix_components_yyx': 4, 'context_extractor_yyx': 'gru', 'activation_func_yyx': 'Tanh', 'L2_weight_yyx': 6.921639792047756e-05, 'L_entropy_weight_yyx': 2.324963683282132e-05, 'L_sep_weight_yyx': 0.0001708990151815951, 'L_scale_weight_yyx': 0.0005601269502997056, 'learning_rate_yyx': 0.009061530724179472}. Best is trial 12 with value: -1.983840502266522.
[I 2026-03-18 19:32:14,439] Trial 28 pruned. 
[I 2026-03-18 19:32:14,513] Trial 10 pruned. 
[I 2026-03-18 19:32:21,155] Trial 13 pruned. 
[I 2026-03-18 19:32:21,942] Trial 22 pruned. 
[I 2026-03-18 19:32:21,944] Trial 22 pruned. 
[I 2026-03-18 19:32:22,398] Trial 9 pruned. 
[I 2026-03-18 19:32:26,311] Trial 20 pruned. 
[I 2026-03-18 19:32:27,679] Trial 9 pruned. 
[I 2026-03-18 19:32:29,374] Trial 20 pruned. 
[I 2026-03-18 19:32:31,024] Trial 16 pruned. 
[I 2026-03-18 19:32:31,352] Trial 13 pruned. 
[I 2026-03-18 19:32:35,632] Trial 26 pruned. 
[I 2026-03-18 19:32:37,896] Trial 23 pruned. 
[I 2026-03-18 19:32:39,031] Trial 23 pruned. 
[I 2026-03-18 19:32:39,444] Trial 21 pruned. 
[I 2026-03-18 19:32:41,021] Trial 6 finished with value: -2.033081546340082 and parameters: {'n_layers_yyx': 2, 'hidden_size_yyx_l0': 4, 'hidden_size_yyx_l1': 5, 'context_size_yyx': 3, 'num_mix_components_yyx': 5, 'context_extractor_yyx': 'lstm', 'activation_func_yyx': 'Tanh', 'L2_weight_yyx': 0.000599905931373637, 'L_entropy_weight_yyx': 4.671192639145314e-08, 'L_sep_weight_yyx': 6.0660917136448105e-09, 'L_scale_weight_yyx': 1.1223619438421517e-06, 'learning_rate_yyx': 0.001162632832398037}. Best is trial 1 with value: -2.0346981000296678.
[I 2026-03-18 19:32:42,641] Trial 21 pruned. 
[I 2026-03-18 19:32:47,191] Trial 29 pruned. 
[I 2026-03-18 19:32:48,056] Trial 16 finished with value: -2.5482089436137594 and parameters: {'n_layers_yyx': 2, 'hidden_size_yyx_l0': 3, 'hidden_size_yyx_l1': 5, 'context_size_yyx': 3, 'num_mix_components_yyx': 4, 'context_extractor_yyx': 'gru', 'activation_func_yyx': 'Tanh', 'L2_weight_yyx': 1.1137864931202583e-08, 'L_entropy_weight_yyx': 8.274059845631195e-06, 'L_sep_weight_yyx': 2.0564543735651522e-07, 'L_scale_weight_yyx': 4.284859889752782e-09, 'learning_rate_yyx': 0.0064955998267322715}. Best is trial 16 with value: -2.5482089436137594.
[I 2026-03-18 19:32:56,105] Trial 24 pruned. 
[I 2026-03-18 19:32:58,508] Trial 22 pruned. 
[I 2026-03-18 19:32:58,509] Trial 7 pruned. 
[I 2026-03-18 19:33:04,622] Trial 11 finished with value: -2.5024675531904825 and parameters: {'n_layers_yyx': 1, 'hidden_size_yyx_l0': 6, 'context_size_yyx': 4, 'num_mix_components_yyx': 5, 'context_extractor_yyx': 'lstm', 'activation_func_yyx': 'Tanh', 'L2_weight_yyx': 1.0678891097550938e-10, 'L_entropy_weight_yyx': 0.00033384386673199044, 'L_sep_weight_yyx': 0.0004066970851486393, 'L_scale_weight_yyx': 7.174789767267198e-09, 'learning_rate_yyx': 0.00976807960845037}. Best is trial 10 with value: -2.503375894709151.
[I 2026-03-18 19:33:05,044] Trial 17 pruned. 
[I 2026-03-18 19:33:05,054] Trial 10 pruned. 
[I 2026-03-18 19:33:07,543] Trial 27 pruned. 
[I 2026-03-18 19:33:07,543] Trial 17 pruned. 
[I 2026-03-18 19:33:11,758] Trial 24 pruned. 
[I 2026-03-18 19:33:12,881] Trial 25 pruned. 
[I 2026-03-18 19:33:18,595] Trial 14 finished with value: -2.0195751026978304 and parameters: {'n_layers_yyx': 2, 'hidden_size_yyx_l0': 5, 'hidden_size_yyx_l1': 5, 'context_size_yyx': 1, 'num_mix_components_yyx': 5, 'context_extractor_yyx': 'gru', 'activation_func_yyx': 'ReLU', 'L2_weight_yyx': 5.508523447684898e-06, 'L_entropy_weight_yyx': 3.929921125813451e-05, 'L_sep_weight_yyx': 1.3047422929867638e-07, 'L_scale_weight_yyx': 1.931964691294052e-05, 'learning_rate_yyx': 0.004516328522661238}. Best is trial 13 with value: -2.0221624466873753.
[I 2026-03-18 19:33:20,235] Trial 18 pruned. 
[I 2026-03-18 19:33:23,403] Trial 24 pruned. 
[I 2026-03-18 19:33:25,653] Trial 28 pruned. 
[I 2026-03-18 19:33:29,374] Trial 10 pruned. 
[I 2026-03-18 19:33:32,894] Trial 15 finished with value: -1.9800529212919613 and parameters: {'n_layers_yyx': 1, 'hidden_size_yyx_l0': 3, 'context_size_yyx': 3, 'num_mix_components_yyx': 5, 'context_extractor_yyx': 'lstm', 'activation_func_yyx': 'Tanh', 'L2_weight_yyx': 6.166828946753947e-06, 'L_entropy_weight_yyx': 1.6644565153311864e-10, 'L_sep_weight_yyx': 8.637963315049803e-06, 'L_scale_weight_yyx': 8.612187571525029e-06, 'learning_rate_yyx': 0.0010535537239772478}. Best is trial 1 with value: -1.9828018961884801.
[I 2026-03-18 19:33:33,282] Trial 29 finished with value: -1.6724951550228444 and parameters: {'n_layers_yyx': 2, 'hidden_size_yyx_l0': 6, 'hidden_size_yyx_l1': 5, 'context_size_yyx': 3, 'num_mix_components_yyx': 5, 'context_extractor_yyx': 'lstm', 'activation_func_yyx': 'Tanh', 'L2_weight_yyx': 8.463013798002673e-06, 'L_entropy_weight_yyx': 0.0009362698521719576, 'L_sep_weight_yyx': 8.33376860772804e-06, 'L_scale_weight_yyx': 0.0007821052900521121, 'learning_rate_yyx': 0.0070739813265384135}. Best is trial 4 with value: -1.673415532769749.
[I 2026-03-18 19:33:37,981] Trial 19 pruned. 
[I 2026-03-18 19:33:39,356] Trial 25 pruned. 
[I 2026-03-18 19:33:45,288] Trial 11 pruned. 
[I 2026-03-18 19:33:47,862] Trial 21 pruned. 
[I 2026-03-18 19:33:53,879] Trial 10 finished with value: -2.5122732552574223 and parameters: {'n_layers_yyx': 2, 'hidden_size_yyx_l0': 5, 'hidden_size_yyx_l1': 4, 'context_size_yyx': 3, 'num_mix_components_yyx': 5, 'context_extractor_yyx': 'gru', 'activation_func_yyx': 'GELU', 'L2_weight_yyx': 1.7437595743025064e-10, 'L_entropy_weight_yyx': 1.9329406909471784e-10, 'L_sep_weight_yyx': 0.0008769579706646936, 'L_scale_weight_yyx': 1.561839786166804e-05, 'learning_rate_yyx': 0.00973729456475199}. Best is trial 10 with value: -2.5122732552574223.
[I 2026-03-18 19:33:55,936] Trial 22 pruned. 
[I 2026-03-18 19:33:59,085] Trial 11 pruned. 
[I 2026-03-18 19:34:03,331] Trial 15 finished with value: -1.67837664463496 and parameters: {'n_layers_yyx': 2, 'hidden_size_yyx_l0': 5, 'hidden_size_yyx_l1': 4, 'context_size_yyx': 2, 'num_mix_components_yyx': 5, 'context_extractor_yyx': 'lstm', 'activation_func_yyx': 'Tanh', 'L2_weight_yyx': 2.5375911661456373e-08, 'L_entropy_weight_yyx': 0.0009648778371727126, 'L_sep_weight_yyx': 4.978778543138118e-07, 'L_scale_weight_yyx': 5.374666406166102e-09, 'learning_rate_yyx': 0.009625617660153183}. Best is trial 15 with value: -1.67837664463496.
[I 2026-03-18 19:34:05,006] Trial 12 pruned. 
[I 2026-03-18 19:34:08,618] Trial 26 pruned. 
[I 2026-03-18 19:34:08,735] Trial 13 finished with value: -2.511071305630007 and parameters: {'n_layers_yyx': 1, 'hidden_size_yyx_l0': 5, 'context_size_yyx': 1, 'num_mix_components_yyx': 3, 'context_extractor_yyx': 'gru', 'activation_func_yyx': 'Tanh', 'L2_weight_yyx': 1.4159267734893486e-06, 'L_entropy_weight_yyx': 1.4855008195001082e-10, 'L_sep_weight_yyx': 3.185249917808316e-08, 'L_scale_weight_yyx': 2.40869505996571e-09, 'learning_rate_yyx': 0.0032458042703929608}. Best is trial 0 with value: -2.5120178855442976.
[I 2026-03-18 19:34:10,311] Trial 23 pruned. 
[I 2026-03-18 19:34:11,219] Trial 20 pruned. 
[I 2026-03-18 19:34:11,632] Trial 16 finished with value: -2.5102561634499936 and parameters: {'n_layers_yyx': 1, 'hidden_size_yyx_l0': 5, 'context_size_yyx': 1, 'num_mix_components_yyx': 5, 'context_extractor_yyx': 'lstm', 'activation_func_yyx': 'ReLU', 'L2_weight_yyx': 1.6802646912629592e-06, 'L_entropy_weight_yyx': 3.078295935830672e-06, 'L_sep_weight_yyx': 1.052533697922832e-10, 'L_scale_weight_yyx': 1.5156190996167766e-09, 'learning_rate_yyx': 0.004041484831976963}. Best is trial 6 with value: -2.513252855536577.
[I 2026-03-18 19:34:24,638] Trial 27 pruned. 
[I 2026-03-18 19:34:25,441] Trial 9 finished with value: -2.5118133835565475 and parameters: {'n_layers_yyx': 1, 'hidden_size_yyx_l0': 4, 'context_size_yyx': 2, 'num_mix_components_yyx': 5, 'context_extractor_yyx': 'lstm', 'activation_func_yyx': 'GELU', 'L2_weight_yyx': 1.3139099020450639e-08, 'L_entropy_weight_yyx': 8.494038178569349e-06, 'L_sep_weight_yyx': 5.973346634136305e-07, 'L_scale_weight_yyx': 3.1417134106814982e-06, 'learning_rate_yyx': 0.007382922188897735}. Best is trial 5 with value: -2.5140323195684524.
[I 2026-03-18 19:34:30,851] Trial 17 pruned. 
[I 2026-03-18 19:34:33,745] Trial 16 pruned. 
[I 2026-03-18 19:34:33,749] Trial 27 pruned. 
[I 2026-03-18 19:34:41,390] Trial 24 pruned. 
[I 2026-03-18 19:34:45,850] Trial 21 pruned. 
[I 2026-03-18 19:34:51,179] Trial 14 pruned. 
[I 2026-03-18 19:34:51,206] Trial 9 finished with value: -2.5077267401404923 and parameters: {'n_layers_yyx': 2, 'hidden_size_yyx_l0': 4, 'hidden_size_yyx_l1': 4, 'context_size_yyx': 3, 'num_mix_components_yyx': 4, 'context_extractor_yyx': 'gru', 'activation_func_yyx': 'Tanh', 'L2_weight_yyx': 4.377397003544396e-06, 'L_entropy_weight_yyx': 3.012710929810598e-08, 'L_sep_weight_yyx': 1.3183121674959945e-08, 'L_scale_weight_yyx': 0.0004623222121617193, 'learning_rate_yyx': 0.0021759052401883806}. Best is trial 1 with value: -2.5125601952756833.
[I 2026-03-18 19:34:55,212] Trial 28 pruned. 
[I 2026-03-18 19:35:02,046] Trial 16 pruned. 
[I 2026-03-18 19:35:07,116] Trial 22 pruned. 
[I 2026-03-18 19:35:13,649] Trial 15 pruned. 
[I 2026-03-18 19:35:15,908] Trial 25 pruned. 
[I 2026-03-18 19:35:15,909] Trial 18 pruned. 
[I 2026-03-18 19:35:29,941] Trial 22 pruned. 
[I 2026-03-18 19:35:35,747] Trial 11 finished with value: -2.5102784008489927 and parameters: {'n_layers_yyx': 1, 'hidden_size_yyx_l0': 6, 'context_size_yyx': 1, 'num_mix_components_yyx': 5, 'context_extractor_yyx': 'gru', 'activation_func_yyx': 'ReLU', 'L2_weight_yyx': 2.2776030197147605e-10, 'L_entropy_weight_yyx': 3.535809669762626e-07, 'L_sep_weight_yyx': 1.8997258482397655e-06, 'L_scale_weight_yyx': 1.0254440900001168e-10, 'learning_rate_yyx': 0.0012078375180731033}. Best is trial 0 with value: -2.511745534136428.
[I 2026-03-18 19:35:36,480] Trial 11 finished with value: -2.511853029658318 and parameters: {'n_layers_yyx': 2, 'hidden_size_yyx_l0': 5, 'hidden_size_yyx_l1': 2, 'context_size_yyx': 4, 'num_mix_components_yyx': 4, 'context_extractor_yyx': 'gru', 'activation_func_yyx': 'Tanh', 'L2_weight_yyx': 3.4352370416524627e-09, 'L_entropy_weight_yyx': 2.842147349810409e-06, 'L_sep_weight_yyx': 1.88628611008175e-05, 'L_scale_weight_yyx': 1.0178356193560096e-10, 'learning_rate_yyx': 0.009324486185728677}. Best is trial 11 with value: -2.511853029658318.
[I 2026-03-18 19:35:41,598] Trial 14 finished with value: -1.9830179719222556 and parameters: {'n_layers_yyx': 1, 'hidden_size_yyx_l0': 5, 'context_size_yyx': 4, 'num_mix_components_yyx': 4, 'context_extractor_yyx': 'gru', 'activation_func_yyx': 'Tanh', 'L2_weight_yyx': 2.0782239255439856e-07, 'L_entropy_weight_yyx': 2.669767033778109e-05, 'L_sep_weight_yyx': 1.9691502579920864e-07, 'L_scale_weight_yyx': 1.1367109739946968e-06, 'learning_rate_yyx': 0.008635519867456802}. Best is trial 12 with value: -1.983840502266522.
[I 2026-03-18 19:35:43,535] Trial 30 finished with value: -1.6758763736283075 and parameters: {'n_layers_yyx': 2, 'hidden_size_yyx_l0': 5, 'hidden_size_yyx_l1': 5, 'context_size_yyx': 4, 'num_mix_components_yyx': 5, 'context_extractor_yyx': 'lstm', 'activation_func_yyx': 'Tanh', 'L2_weight_yyx': 7.704665586442709e-06, 'L_entropy_weight_yyx': 0.00015355822881540394, 'L_sep_weight_yyx': 2.340431231171533e-07, 'L_scale_weight_yyx': 0.00023721079480474636, 'learning_rate_yyx': 0.007833007375870818}. Best is trial 30 with value: -1.6758763736283075.
[I 2026-03-18 19:35:50,147] Trial 10 finished with value: -2.514490747047302 and parameters: {'n_layers_yyx': 1, 'hidden_size_yyx_l0': 5, 'context_size_yyx': 1, 'num_mix_components_yyx': 4, 'context_extractor_yyx': 'lstm', 'activation_func_yyx': 'ReLU', 'L2_weight_yyx': 2.7808754010729677e-10, 'L_entropy_weight_yyx': 2.071506685066822e-08, 'L_sep_weight_yyx': 3.5089144686294354e-08, 'L_scale_weight_yyx': 1.2601887725412812e-10, 'learning_rate_yyx': 0.008807978631410484}. Best is trial 10 with value: -2.514490747047302.
[I 2026-03-18 19:35:51,970] Trial 17 pruned. 
[I 2026-03-18 19:35:57,435] Trial 12 finished with value: -2.503297067982282 and parameters: {'n_layers_yyx': 1, 'hidden_size_yyx_l0': 6, 'context_size_yyx': 4, 'num_mix_components_yyx': 5, 'context_extractor_yyx': 'lstm', 'activation_func_yyx': 'Tanh', 'L2_weight_yyx': 1.1438774788485979e-10, 'L_entropy_weight_yyx': 0.0006462288670306301, 'L_sep_weight_yyx': 0.0009574464837757517, 'L_scale_weight_yyx': 6.583523376517107e-09, 'learning_rate_yyx': 0.009936669999348655}. Best is trial 10 with value: -2.503375894709151.
[I 2026-03-18 19:35:57,806] Trial 26 pruned. 
[I 2026-03-18 19:36:08,252] Trial 12 pruned. 
[I 2026-03-18 19:36:08,664] Trial 12 pruned. 
[I 2026-03-18 19:36:14,384] Trial 11 finished with value: -2.0082515314778275 and parameters: {'n_layers_yyx': 2, 'hidden_size_yyx_l0': 2, 'hidden_size_yyx_l1': 6, 'context_size_yyx': 2, 'num_mix_components_yyx': 3, 'context_extractor_yyx': 'gru', 'activation_func_yyx': 'ReLU', 'L2_weight_yyx': 9.005266146813528e-05, 'L_entropy_weight_yyx': 2.113783349130871e-09, 'L_sep_weight_yyx': 3.688415119141753e-08, 'L_scale_weight_yyx': 0.0004738118454976903, 'learning_rate_yyx': 0.00996206687106609}. Best is trial 0 with value: -2.0138799336866504.
[I 2026-03-18 19:36:33,370] Trial 13 pruned. 
[I 2026-03-18 19:36:51,049] Trial 8 finished with value: -2.0365283470022115 and parameters: {'n_layers_yyx': 1, 'hidden_size_yyx_l0': 6, 'context_size_yyx': 4, 'num_mix_components_yyx': 5, 'context_extractor_yyx': 'lstm', 'activation_func_yyx': 'ReLU', 'L2_weight_yyx': 0.0005331568815546056, 'L_entropy_weight_yyx': 1.1417015595661803e-10, 'L_sep_weight_yyx': 4.360184832276414e-10, 'L_scale_weight_yyx': 4.121578799618705e-09, 'learning_rate_yyx': 0.004484445894725073}. Best is trial 8 with value: -2.0365283470022115.
[I 2026-03-18 19:36:52,333] Trial 22 pruned. 
[I 2026-03-18 19:36:52,344] Trial 30 pruned. 
[I 2026-03-18 19:36:58,198] Trial 23 pruned. 
[I 2026-03-18 19:37:03,704] Trial 12 pruned. 
[I 2026-03-18 19:37:11,962] Trial 10 finished with value: -2.4972452262569216 and parameters: {'n_layers_yyx': 1, 'hidden_size_yyx_l0': 6, 'context_size_yyx': 4, 'num_mix_components_yyx': 1, 'context_extractor_yyx': 'lstm', 'activation_func_yyx': 'ReLU', 'L2_weight_yyx': 0.0003280072658068025, 'L_entropy_weight_yyx': 1.2489480389817172e-10, 'L_sep_weight_yyx': 7.2537810505291385e-06, 'L_scale_weight_yyx': 6.276307810426861e-08, 'learning_rate_yyx': 0.009165814622896744}. Best is trial 1 with value: -2.5125601952756833.
[I 2026-03-18 19:37:11,999] Trial 25 finished with value: -1.6660143344921312 and parameters: {'n_layers_yyx': 1, 'hidden_size_yyx_l0': 5, 'context_size_yyx': 2, 'num_mix_components_yyx': 3, 'context_extractor_yyx': 'lstm', 'activation_func_yyx': 'Tanh', 'L2_weight_yyx': 3.780521427348594e-09, 'L_entropy_weight_yyx': 1.275183570794208e-10, 'L_sep_weight_yyx': 1.4355278141343502e-07, 'L_scale_weight_yyx': 0.0009653864556776607, 'learning_rate_yyx': 0.0037764334640429807}. Best is trial 10 with value: -1.6769862653887198.
[I 2026-03-18 19:37:14,025] Trial 26 finished with value: -1.6971896217692812 and parameters: {'n_layers_yyx': 1, 'hidden_size_yyx_l0': 2, 'context_size_yyx': 4, 'num_mix_components_yyx': 5, 'context_extractor_yyx': 'lstm', 'activation_func_yyx': 'Tanh', 'L2_weight_yyx': 1.1452154346051934e-05, 'L_entropy_weight_yyx': 5.895272057735521e-10, 'L_sep_weight_yyx': 4.510147296282402e-06, 'L_scale_weight_yyx': 5.892502761141986e-09, 'learning_rate_yyx': 0.007099533269471397}. Best is trial 18 with value: -1.7002973458681911.
[I 2026-03-18 19:37:28,616] Trial 23 finished with value: -1.9816290845526463 and parameters: {'n_layers_yyx': 1, 'hidden_size_yyx_l0': 4, 'context_size_yyx': 4, 'num_mix_components_yyx': 4, 'context_extractor_yyx': 'gru', 'activation_func_yyx': 'ReLU', 'L2_weight_yyx': 1.0673794874409723e-06, 'L_entropy_weight_yyx': 1.315158079101006e-06, 'L_sep_weight_yyx': 0.00021257046143408274, 'L_scale_weight_yyx': 5.910387366192421e-06, 'learning_rate_yyx': 0.006713343552064822}. Best is trial 11 with value: -1.9852781357200364.
[I 2026-03-18 19:37:33,197] Trial 31 pruned. 
[I 2026-03-18 19:37:34,549] Trial 9 pruned. 
[I 2026-03-18 19:37:34,550] Trial 23 pruned. 
[I 2026-03-18 19:37:36,172] Trial 11 pruned. 
[I 2026-03-18 19:37:36,661] Trial 27 pruned. 
[I 2026-03-18 19:37:38,961] Trial 15 finished with value: -2.018587746758904 and parameters: {'n_layers_yyx': 2, 'hidden_size_yyx_l0': 5, 'hidden_size_yyx_l1': 5, 'context_size_yyx': 1, 'num_mix_components_yyx': 5, 'context_extractor_yyx': 'gru', 'activation_func_yyx': 'ReLU', 'L2_weight_yyx': 6.933168578219414e-09, 'L_entropy_weight_yyx': 7.055273538974266e-05, 'L_sep_weight_yyx': 0.00042938285392469405, 'L_scale_weight_yyx': 0.0006324088535772595, 'learning_rate_yyx': 0.009540057677708247}. Best is trial 13 with value: -2.0221624466873753.
[I 2026-03-18 19:37:39,726] Trial 14 finished with value: -1.6739947471636984 and parameters: {'n_layers_yyx': 2, 'hidden_size_yyx_l0': 2, 'hidden_size_yyx_l1': 3, 'context_size_yyx': 3, 'num_mix_components_yyx': 2, 'context_extractor_yyx': 'gru', 'activation_func_yyx': 'Tanh', 'L2_weight_yyx': 1.5532596470224872e-05, 'L_entropy_weight_yyx': 1.0519488258759916e-10, 'L_sep_weight_yyx': 8.177106376265027e-06, 'L_scale_weight_yyx': 9.62419588466516e-07, 'learning_rate_yyx': 0.008839618312034007}. Best is trial 2 with value: -1.680426359749482.
[I 2026-03-18 19:37:42,915] Trial 13 pruned. 
[I 2026-03-18 19:37:44,740] Trial 19 pruned. 
[I 2026-03-18 19:37:46,755] Trial 27 pruned. 
[I 2026-03-18 19:38:05,809] Trial 20 pruned. 
[I 2026-03-18 19:38:08,966] Trial 10 pruned. 
[I 2026-03-18 19:38:10,577] Trial 12 finished with value: -1.6710036065588771 and parameters: {'n_layers_yyx': 2, 'hidden_size_yyx_l0': 4, 'hidden_size_yyx_l1': 6, 'context_size_yyx': 2, 'num_mix_components_yyx': 4, 'context_extractor_yyx': 'gru', 'activation_func_yyx': 'ReLU', 'L2_weight_yyx': 1.023621913337169e-07, 'L_entropy_weight_yyx': 0.0009019652492110174, 'L_sep_weight_yyx': 3.9323235279832734e-09, 'L_scale_weight_yyx': 5.410192117638405e-09, 'learning_rate_yyx': 0.0033187419399479134}. Best is trial 7 with value: -1.6801514889058558.
[I 2026-03-18 19:38:10,691] Trial 24 pruned. 
[I 2026-03-18 19:38:16,273] Trial 31 pruned. 
[I 2026-03-18 19:38:18,220] Trial 10 finished with value: -2.512694167364211 and parameters: {'n_layers_yyx': 1, 'hidden_size_yyx_l0': 4, 'context_size_yyx': 4, 'num_mix_components_yyx': 3, 'context_extractor_yyx': 'gru', 'activation_func_yyx': 'ReLU', 'L2_weight_yyx': 4.303400873575829e-06, 'L_entropy_weight_yyx': 1.4426927846705993e-08, 'L_sep_weight_yyx': 0.0009456246777483653, 'L_scale_weight_yyx': 1.0202958717179451e-10, 'learning_rate_yyx': 0.009843001662684113}. Best is trial 5 with value: -2.5140323195684524.
[I 2026-03-18 19:38:20,363] Trial 29 finished with value: -1.6625218483471962 and parameters: {'n_layers_yyx': 2, 'hidden_size_yyx_l0': 3, 'hidden_size_yyx_l1': 6, 'context_size_yyx': 3, 'num_mix_components_yyx': 1, 'context_extractor_yyx': 'lstm', 'activation_func_yyx': 'ReLU', 'L2_weight_yyx': 1.3793500588851222e-08, 'L_entropy_weight_yyx': 3.39034144119847e-07, 'L_sep_weight_yyx': 3.6993138298973615e-10, 'L_scale_weight_yyx': 5.085074325078615e-10, 'learning_rate_yyx': 0.003556783658037536}. Best is trial 23 with value: -1.668135777403489.
[I 2026-03-18 19:38:25,673] Trial 21 pruned. 
[I 2026-03-18 19:38:26,924] Trial 13 pruned. 
[I 2026-03-18 19:38:29,091] Trial 11 pruned. 
[I 2026-03-18 19:38:35,034] Trial 18 pruned. 
[I 2026-03-18 19:38:38,162] Trial 30 pruned. 
[I 2026-03-18 19:38:43,575] Trial 11 finished with value: -2.5121038870132835 and parameters: {'n_layers_yyx': 2, 'hidden_size_yyx_l0': 5, 'hidden_size_yyx_l1': 4, 'context_size_yyx': 3, 'num_mix_components_yyx': 5, 'context_extractor_yyx': 'gru', 'activation_func_yyx': 'GELU', 'L2_weight_yyx': 1.0001615722655164e-10, 'L_entropy_weight_yyx': 1.8558072924035973e-10, 'L_sep_weight_yyx': 0.0009977679183201596, 'L_scale_weight_yyx': 1.6617710658031232e-05, 'learning_rate_yyx': 0.009760569456065933}. Best is trial 10 with value: -2.5122732552574223.
[I 2026-03-18 19:38:45,132] Trial 28 pruned. 
[I 2026-03-18 19:38:45,132] Trial 14 pruned. 
[I 2026-03-18 19:38:47,644] Trial 12 pruned. 
[I 2026-03-18 19:38:54,956] Trial 19 pruned. 
[I 2026-03-18 19:39:02,445] Trial 32 pruned. 
[I 2026-03-18 19:39:06,958] Trial 17 finished with value: -1.6742529073969095 and parameters: {'n_layers_yyx': 2, 'hidden_size_yyx_l0': 6, 'hidden_size_yyx_l1': 4, 'context_size_yyx': 2, 'num_mix_components_yyx': 5, 'context_extractor_yyx': 'lstm', 'activation_func_yyx': 'Tanh', 'L2_weight_yyx': 1.3507505620013399e-06, 'L_entropy_weight_yyx': 0.0005605336914648737, 'L_sep_weight_yyx': 5.730624961033191e-06, 'L_scale_weight_yyx': 1.5327443052699499e-06, 'learning_rate_yyx': 0.0030411389658285214}. Best is trial 15 with value: -1.67837664463496.
[I 2026-03-18 19:39:09,440] Trial 28 pruned. 
[I 2026-03-18 19:39:09,919] Trial 24 pruned. 
[I 2026-03-18 19:39:09,962] Trial 18 finished with value: -1.9795663663233338 and parameters: {'n_layers_yyx': 2, 'hidden_size_yyx_l0': 5, 'hidden_size_yyx_l1': 6, 'context_size_yyx': 3, 'num_mix_components_yyx': 5, 'context_extractor_yyx': 'lstm', 'activation_func_yyx': 'Tanh', 'L2_weight_yyx': 1.3407371386321523e-06, 'L_entropy_weight_yyx': 1.2216111482468774e-09, 'L_sep_weight_yyx': 1.5917289124450203e-06, 'L_scale_weight_yyx': 8.286195274693793e-08, 'learning_rate_yyx': 0.007476027498099721}. Best is trial 1 with value: -1.9828018961884801.
[I 2026-03-18 19:39:14,443] Trial 20 pruned. 
[I 2026-03-18 19:39:20,875] Trial 15 pruned. 
[I 2026-03-18 19:39:24,536] Trial 13 finished with value: -2.5039549864539805 and parameters: {'n_layers_yyx': 1, 'hidden_size_yyx_l0': 5, 'context_size_yyx': 4, 'num_mix_components_yyx': 4, 'context_extractor_yyx': 'lstm', 'activation_func_yyx': 'Tanh', 'L2_weight_yyx': 1.0955022184953296e-10, 'L_entropy_weight_yyx': 8.614333139001106e-05, 'L_sep_weight_yyx': 0.0008922394128663226, 'L_scale_weight_yyx': 8.280232203313346e-07, 'learning_rate_yyx': 0.009338730211213314}. Best is trial 13 with value: -2.5039549864539805.
[I 2026-03-18 19:39:30,135] Trial 13 finished with value: -2.508279753400378 and parameters: {'n_layers_yyx': 2, 'hidden_size_yyx_l0': 6, 'hidden_size_yyx_l1': 2, 'context_size_yyx': 3, 'num_mix_components_yyx': 3, 'context_extractor_yyx': 'gru', 'activation_func_yyx': 'ReLU', 'L2_weight_yyx': 1.430365880877738e-10, 'L_entropy_weight_yyx': 7.862360939145966e-07, 'L_sep_weight_yyx': 1.6695510972382968e-05, 'L_scale_weight_yyx': 1.1186858474282497e-05, 'learning_rate_yyx': 0.009368630238114803}. Best is trial 11 with value: -2.511853029658318.
[I 2026-03-18 19:39:43,355] Trial 18 pruned. 
[I 2026-03-18 19:39:47,369] Trial 15 finished with value: -1.9831613558275432 and parameters: {'n_layers_yyx': 1, 'hidden_size_yyx_l0': 5, 'context_size_yyx': 4, 'num_mix_components_yyx': 4, 'context_extractor_yyx': 'gru', 'activation_func_yyx': 'Tanh', 'L2_weight_yyx': 3.238052735517472e-09, 'L_entropy_weight_yyx': 3.726233242903526e-05, 'L_sep_weight_yyx': 3.6065047527021094e-07, 'L_scale_weight_yyx': 5.273079208094715e-05, 'learning_rate_yyx': 0.006135413925668486}. Best is trial 12 with value: -1.983840502266522.
[I 2026-03-18 19:39:49,033] Trial 25 pruned. 
[I 2026-03-18 19:39:56,599] Trial 16 pruned. 
[I 2026-03-18 19:40:06,568] Trial 31 pruned. 
[I 2026-03-18 19:40:07,334] Trial 24 finished with value: -1.6784337129459994 and parameters: {'n_layers_yyx': 1, 'hidden_size_yyx_l0': 6, 'context_size_yyx': 4, 'num_mix_components_yyx': 4, 'context_extractor_yyx': 'lstm', 'activation_func_yyx': 'GELU', 'L2_weight_yyx': 0.0009238552532907801, 'L_entropy_weight_yyx': 2.2671768276910505e-06, 'L_sep_weight_yyx': 3.5279056391252405e-05, 'L_scale_weight_yyx': 9.779854821431969e-09, 'learning_rate_yyx': 0.009717979483460575}. Best is trial 13 with value: -1.6789194095140463.
[I 2026-03-18 19:40:08,096] Trial 14 pruned. 
[I 2026-03-18 19:40:10,180] Trial 29 finished with value: -1.9921845272854641 and parameters: {'n_layers_yyx': 2, 'hidden_size_yyx_l0': 4, 'hidden_size_yyx_l1': 4, 'context_size_yyx': 2, 'num_mix_components_yyx': 5, 'context_extractor_yyx': 'gru', 'activation_func_yyx': 'Tanh', 'L2_weight_yyx': 2.067927318650307e-07, 'L_entropy_weight_yyx': 2.4630943111120064e-08, 'L_sep_weight_yyx': 9.881360221803176e-08, 'L_scale_weight_yyx': 3.4309818258590742e-06, 'learning_rate_yyx': 0.005168759944777309}. Best is trial 15 with value: -1.9940496908651817.
[I 2026-03-18 19:40:15,278] Trial 14 pruned. 
[I 2026-03-18 19:40:20,487] Trial 19 pruned. 
[I 2026-03-18 19:40:26,922] Trial 22 pruned. 
[I 2026-03-18 19:40:29,602] Trial 25 finished with value: -1.9803655320474394 and parameters: {'n_layers_yyx': 1, 'hidden_size_yyx_l0': 4, 'context_size_yyx': 4, 'num_mix_components_yyx': 4, 'context_extractor_yyx': 'gru', 'activation_func_yyx': 'Tanh', 'L2_weight_yyx': 1.0695967312942064e-09, 'L_entropy_weight_yyx': 8.658977064124723e-07, 'L_sep_weight_yyx': 1.3067750941606713e-06, 'L_scale_weight_yyx': 4.0089207372562924e-05, 'learning_rate_yyx': 0.009779840769754062}. Best is trial 11 with value: -1.9852781357200364.
[I 2026-03-18 19:40:33,064] Trial 33 pruned. 
[I 2026-03-18 19:40:34,293] Trial 28 finished with value: -1.7181546080346202 and parameters: {'n_layers_yyx': 2, 'hidden_size_yyx_l0': 5, 'hidden_size_yyx_l1': 4, 'context_size_yyx': 4, 'num_mix_components_yyx': 4, 'context_extractor_yyx': 'gru', 'activation_func_yyx': 'GELU', 'L2_weight_yyx': 2.565906622697347e-07, 'L_entropy_weight_yyx': 1.668751972272465e-08, 'L_sep_weight_yyx': 1.1104169668385235e-10, 'L_scale_weight_yyx': 1.75759304970751e-06, 'learning_rate_yyx': 0.009401025731398463}. Best is trial 28 with value: -1.7181546080346202.
[I 2026-03-18 19:40:40,430] Trial 10 finished with value: -2.036132127698189 and parameters: {'n_layers_yyx': 1, 'hidden_size_yyx_l0': 6, 'context_size_yyx': 4, 'num_mix_components_yyx': 4, 'context_extractor_yyx': 'lstm', 'activation_func_yyx': 'ReLU', 'L2_weight_yyx': 8.588679774810167e-10, 'L_entropy_weight_yyx': 8.556105683563618e-07, 'L_sep_weight_yyx': 6.211448635386532e-09, 'L_scale_weight_yyx': 3.6342128297594474e-08, 'learning_rate_yyx': 0.006137059150694207}. Best is trial 8 with value: -2.0365283470022115.
[I 2026-03-18 19:40:46,946] Trial 26 finished with value: -1.6698893336708989 and parameters: {'n_layers_yyx': 1, 'hidden_size_yyx_l0': 6, 'context_size_yyx': 1, 'num_mix_components_yyx': 4, 'context_extractor_yyx': 'gru', 'activation_func_yyx': 'Tanh', 'L2_weight_yyx': 3.053717023313808e-08, 'L_entropy_weight_yyx': 4.954597943416949e-10, 'L_sep_weight_yyx': 3.842484695126831e-08, 'L_scale_weight_yyx': 5.98441683927721e-07, 'learning_rate_yyx': 0.005579509974773767}. Best is trial 10 with value: -1.6769862653887198.
[I 2026-03-18 19:40:47,446] Trial 23 pruned. 
[I 2026-03-18 19:40:49,391] Trial 12 pruned. 
[I 2026-03-18 19:40:51,303] Trial 26 pruned. 
[I 2026-03-18 19:40:52,029] Trial 30 pruned. 
[I 2026-03-18 19:40:53,227] Trial 19 pruned. 
[I 2026-03-18 19:40:55,582] Trial 20 pruned. 
[I 2026-03-18 19:41:04,307] Trial 27 pruned. 
[I 2026-03-18 19:41:04,768] Trial 15 pruned. 
[I 2026-03-18 19:41:05,745] Trial 32 finished with value: -1.7267489540309382 and parameters: {'n_layers_yyx': 1, 'hidden_size_yyx_l0': 4, 'context_size_yyx': 4, 'num_mix_components_yyx': 4, 'context_extractor_yyx': 'lstm', 'activation_func_yyx': 'ReLU', 'L2_weight_yyx': 2.211713556263397e-05, 'L_entropy_weight_yyx': 1.0222434651576261e-07, 'L_sep_weight_yyx': 2.832459318804659e-10, 'L_scale_weight_yyx': 1.3233326955024835e-06, 'learning_rate_yyx': 0.00998441892574619}. Best is trial 8 with value: -1.7294919135267302.
[I 2026-03-18 19:41:09,125] Trial 34 pruned. 
[I 2026-03-18 19:41:10,608] Trial 29 pruned. 
[I 2026-03-18 19:41:10,674] Trial 21 pruned. 
[I 2026-03-18 19:41:11,117] Trial 27 pruned. 
[I 2026-03-18 19:41:15,629] Trial 16 finished with value: -2.4909655313015433 and parameters: {'n_layers_yyx': 1, 'hidden_size_yyx_l0': 5, 'context_size_yyx': 1, 'num_mix_components_yyx': 2, 'context_extractor_yyx': 'gru', 'activation_func_yyx': 'Tanh', 'L2_weight_yyx': 2.609627794601845e-07, 'L_entropy_weight_yyx': 1.1782881152945871e-07, 'L_sep_weight_yyx': 3.219748186662496e-08, 'L_scale_weight_yyx': 1.846447068005987e-07, 'learning_rate_yyx': 0.003489225070396384}. Best is trial 0 with value: -2.5120178855442976.
[I 2026-03-18 19:41:21,634] Trial 24 pruned. 
[I 2026-03-18 19:41:26,227] Trial 11 finished with value: -2.514569603778864 and parameters: {'n_layers_yyx': 1, 'hidden_size_yyx_l0': 5, 'context_size_yyx': 1, 'num_mix_components_yyx': 4, 'context_extractor_yyx': 'lstm', 'activation_func_yyx': 'ReLU', 'L2_weight_yyx': 2.537634050237795e-10, 'L_entropy_weight_yyx': 1.2848738002851937e-08, 'L_sep_weight_yyx': 3.690754284438477e-08, 'L_scale_weight_yyx': 1.1790771799838307e-10, 'learning_rate_yyx': 0.009346506049388381}. Best is trial 11 with value: -2.514569603778864.
[I 2026-03-18 19:41:27,402] Trial 30 pruned. 
[I 2026-03-18 19:41:28,667] Trial 20 pruned. 
[I 2026-03-18 19:41:31,303] Trial 31 pruned. 
[I 2026-03-18 19:41:32,926] Trial 16 pruned. 
[I 2026-03-18 19:41:37,048] Trial 13 pruned. 
[I 2026-03-18 19:41:37,054] Trial 17 pruned. 
[I 2026-03-18 19:41:41,313] Trial 11 finished with value: -2.5127596377418153 and parameters: {'n_layers_yyx': 1, 'hidden_size_yyx_l0': 4, 'context_size_yyx': 4, 'num_mix_components_yyx': 3, 'context_extractor_yyx': 'gru', 'activation_func_yyx': 'ReLU', 'L2_weight_yyx': 5.414159302866916e-06, 'L_entropy_weight_yyx': 1.3368385722263612e-08, 'L_sep_weight_yyx': 0.000807388137803764, 'L_scale_weight_yyx': 1.0775219340542947e-10, 'learning_rate_yyx': 0.009982946858539819}. Best is trial 5 with value: -2.5140323195684524.
[I 2026-03-18 19:41:46,934] Trial 21 pruned. 
[I 2026-03-18 19:41:51,724] Trial 22 pruned. 
[I 2026-03-18 19:41:51,761] Trial 28 pruned. 
[I 2026-03-18 19:41:59,678] Trial 14 pruned. 
[I 2026-03-18 19:42:11,973] Trial 17 pruned. 
[I 2026-03-18 19:42:11,987] Trial 29 pruned. 
[I 2026-03-18 19:42:12,951] Trial 15 finished with value: -1.6819845856754096 and parameters: {'n_layers_yyx': 2, 'hidden_size_yyx_l0': 3, 'hidden_size_yyx_l1': 3, 'context_size_yyx': 3, 'num_mix_components_yyx': 4, 'context_extractor_yyx': 'gru', 'activation_func_yyx': 'Tanh', 'L2_weight_yyx': 2.0065369516929067e-08, 'L_entropy_weight_yyx': 1.0177961381508833e-10, 'L_sep_weight_yyx': 1.6931070583388673e-05, 'L_scale_weight_yyx': 2.5810845600397712e-06, 'learning_rate_yyx': 0.009530236856433913}. Best is trial 15 with value: -1.6819845856754096.
[I 2026-03-18 19:42:19,683] Trial 16 pruned. 
[I 2026-03-18 19:42:19,905] Trial 17 finished with value: -1.6681016979739964 and parameters: {'n_layers_yyx': 2, 'hidden_size_yyx_l0': 4, 'hidden_size_yyx_l1': 6, 'context_size_yyx': 3, 'num_mix_components_yyx': 2, 'context_extractor_yyx': 'gru', 'activation_func_yyx': 'Tanh', 'L2_weight_yyx': 7.283435240917603e-05, 'L_entropy_weight_yyx': 2.8638557868435526e-10, 'L_sep_weight_yyx': 1.0892699077265851e-08, 'L_scale_weight_yyx': 3.234610286326625e-08, 'learning_rate_yyx': 0.009993938236077023}. Best is trial 7 with value: -1.6801514889058558.
[I 2026-03-18 19:42:21,598] Trial 22 pruned. 
[I 2026-03-18 19:42:22,014] Trial 18 pruned. 
[I 2026-03-18 19:42:23,831] Trial 12 pruned. 
[I 2026-03-18 19:42:26,542] Trial 29 finished with value: -1.7022003714493879 and parameters: {'n_layers_yyx': 2, 'hidden_size_yyx_l0': 4, 'hidden_size_yyx_l1': 5, 'context_size_yyx': 2, 'num_mix_components_yyx': 2, 'context_extractor_yyx': 'lstm', 'activation_func_yyx': 'GELU', 'L2_weight_yyx': 0.00020883828247993038, 'L_entropy_weight_yyx': 3.039649024562196e-09, 'L_sep_weight_yyx': 4.253414526451877e-06, 'L_scale_weight_yyx': 1.6396694007811417e-08, 'learning_rate_yyx': 0.009392026512918063}. Best is trial 5 with value: -1.704671424204909.
[I 2026-03-18 19:42:27,231] Trial 33 pruned. 
[I 2026-03-18 19:42:29,144] Trial 30 pruned. 
[I 2026-03-18 19:42:31,100] Trial 18 pruned. 
[I 2026-03-18 19:42:33,913] Trial 14 finished with value: -2.0104517866504015 and parameters: {'n_layers_yyx': 1, 'hidden_size_yyx_l0': 3, 'context_size_yyx': 4, 'num_mix_components_yyx': 4, 'context_extractor_yyx': 'lstm', 'activation_func_yyx': 'Tanh', 'L2_weight_yyx': 3.481853989435088e-08, 'L_entropy_weight_yyx': 6.40525680930963e-09, 'L_sep_weight_yyx': 2.391681271476399e-07, 'L_scale_weight_yyx': 6.0899033897468106e-05, 'learning_rate_yyx': 0.005226273244699366}. Best is trial 0 with value: -2.0138799336866504.
[I 2026-03-18 19:42:34,267] Trial 32 finished with value: -1.6619963425006645 and parameters: {'n_layers_yyx': 2, 'hidden_size_yyx_l0': 6, 'hidden_size_yyx_l1': 6, 'context_size_yyx': 4, 'num_mix_components_yyx': 3, 'context_extractor_yyx': 'gru', 'activation_func_yyx': 'Tanh', 'L2_weight_yyx': 4.880982896014236e-08, 'L_entropy_weight_yyx': 1.0347966243323215e-05, 'L_sep_weight_yyx': 4.84598591851829e-09, 'L_scale_weight_yyx': 2.0225868892097043e-09, 'learning_rate_yyx': 0.009905692355837116}. Best is trial 23 with value: -1.668135777403489.
[I 2026-03-18 19:42:35,462] Trial 18 pruned. 
[I 2026-03-18 19:42:35,801] Trial 23 pruned. 
[I 2026-03-18 19:42:36,266] Trial 17 pruned. 
[I 2026-03-18 19:42:40,620] Trial 13 finished with value: -2.500515782756654 and parameters: {'n_layers_yyx': 2, 'hidden_size_yyx_l0': 4, 'hidden_size_yyx_l1': 3, 'context_size_yyx': 3, 'num_mix_components_yyx': 4, 'context_extractor_yyx': 'lstm', 'activation_func_yyx': 'Tanh', 'L2_weight_yyx': 1.4252014422565598e-06, 'L_entropy_weight_yyx': 1.2905392494026866e-08, 'L_sep_weight_yyx': 1.148533452194856e-08, 'L_scale_weight_yyx': 5.842325259578711e-09, 'learning_rate_yyx': 0.0010661830330973955}. Best is trial 1 with value: -2.511856338115334.
[I 2026-03-18 19:42:50,102] Trial 15 pruned. 
[I 2026-03-18 19:42:50,511] Trial 18 pruned. 
[I 2026-03-18 19:42:51,510] Trial 31 pruned. 
[I 2026-03-18 19:42:56,372] Trial 11 finished with value: -2.034964821555398 and parameters: {'n_layers_yyx': 1, 'hidden_size_yyx_l0': 6, 'context_size_yyx': 4, 'num_mix_components_yyx': 4, 'context_extractor_yyx': 'lstm', 'activation_func_yyx': 'ReLU', 'L2_weight_yyx': 4.798273790456054e-10, 'L_entropy_weight_yyx': 3.175611794829425e-06, 'L_sep_weight_yyx': 8.536362515418411e-09, 'L_scale_weight_yyx': 2.8265586323238308e-08, 'learning_rate_yyx': 0.0065453108382046935}. Best is trial 8 with value: -2.0365283470022115.
[I 2026-03-18 19:42:56,400] Trial 14 pruned. 
[I 2026-03-18 19:42:57,495] Trial 29 finished with value: -1.697610248515358 and parameters: {'n_layers_yyx': 1, 'hidden_size_yyx_l0': 2, 'context_size_yyx': 4, 'num_mix_components_yyx': 5, 'context_extractor_yyx': 'lstm', 'activation_func_yyx': 'Tanh', 'L2_weight_yyx': 1.7382453059898463e-05, 'L_entropy_weight_yyx': 1.2659374724023984e-09, 'L_sep_weight_yyx': 2.711393806765855e-06, 'L_scale_weight_yyx': 5.441342884524306e-09, 'learning_rate_yyx': 0.007616800082561253}. Best is trial 18 with value: -1.7002973458681911.
[I 2026-03-18 19:43:00,380] Trial 32 pruned. 
[I 2026-03-18 19:43:01,464] Trial 21 finished with value: -1.6743329518807157 and parameters: {'n_layers_yyx': 1, 'hidden_size_yyx_l0': 5, 'context_size_yyx': 4, 'num_mix_components_yyx': 5, 'context_extractor_yyx': 'gru', 'activation_func_yyx': 'GELU', 'L2_weight_yyx': 1.0829189798356685e-08, 'L_entropy_weight_yyx': 3.963153509312245e-09, 'L_sep_weight_yyx': 3.855341044333576e-09, 'L_scale_weight_yyx': 2.622936949950174e-10, 'learning_rate_yyx': 0.009294952116144095}. Best is trial 15 with value: -1.67837664463496.
[I 2026-03-18 19:43:04,550] Trial 16 pruned. 
[I 2026-03-18 19:43:07,625] Trial 19 pruned. 
[I 2026-03-18 19:43:16,201] Trial 13 finished with value: -2.4929275467309266 and parameters: {'n_layers_yyx': 2, 'hidden_size_yyx_l0': 2, 'hidden_size_yyx_l1': 6, 'context_size_yyx': 1, 'num_mix_components_yyx': 4, 'context_extractor_yyx': 'gru', 'activation_func_yyx': 'GELU', 'L2_weight_yyx': 0.0009900695629818505, 'L_entropy_weight_yyx': 3.0847072599698295e-10, 'L_sep_weight_yyx': 0.00010358433581798878, 'L_scale_weight_yyx': 0.0008121325701855995, 'learning_rate_yyx': 0.009315551530071613}. Best is trial 7 with value: -2.4950542279753494.
[I 2026-03-18 19:43:27,019] Trial 19 pruned. 
[I 2026-03-18 19:43:33,585] Trial 15 finished with value: -2.5039785932200824 and parameters: {'n_layers_yyx': 1, 'hidden_size_yyx_l0': 5, 'context_size_yyx': 4, 'num_mix_components_yyx': 4, 'context_extractor_yyx': 'lstm', 'activation_func_yyx': 'Tanh', 'L2_weight_yyx': 4.743670623964804e-10, 'L_entropy_weight_yyx': 3.445154398458399e-05, 'L_sep_weight_yyx': 7.317121575365818e-05, 'L_scale_weight_yyx': 1.1071166406952368e-06, 'learning_rate_yyx': 0.00663907473984129}. Best is trial 15 with value: -2.5039785932200824.
[I 2026-03-18 19:43:35,634] Trial 12 pruned. 
[I 2026-03-18 19:43:36,440] Trial 25 finished with value: -1.6711568910304542 and parameters: {'n_layers_yyx': 1, 'hidden_size_yyx_l0': 6, 'context_size_yyx': 3, 'num_mix_components_yyx': 4, 'context_extractor_yyx': 'lstm', 'activation_func_yyx': 'ReLU', 'L2_weight_yyx': 0.0009143715105698917, 'L_entropy_weight_yyx': 2.4282219116752194e-06, 'L_sep_weight_yyx': 3.335727821548719e-05, 'L_scale_weight_yyx': 1.8727221213655474e-09, 'learning_rate_yyx': 0.009529254889283988}. Best is trial 13 with value: -1.6789194095140463.
[I 2026-03-18 19:43:38,091] Trial 14 pruned. 
[I 2026-03-18 19:43:39,092] Trial 12 finished with value: -2.5110428417324457 and parameters: {'n_layers_yyx': 2, 'hidden_size_yyx_l0': 4, 'hidden_size_yyx_l1': 2, 'context_size_yyx': 3, 'num_mix_components_yyx': 4, 'context_extractor_yyx': 'lstm', 'activation_func_yyx': 'GELU', 'L2_weight_yyx': 3.165764677365587e-05, 'L_entropy_weight_yyx': 1.998916653283248e-06, 'L_sep_weight_yyx': 0.00012836399294028042, 'L_scale_weight_yyx': 1.32596838842759e-08, 'learning_rate_yyx': 0.004107837753523236}. Best is trial 1 with value: -2.5125601952756833.
[I 2026-03-18 19:43:46,658] Trial 20 pruned. 
[I 2026-03-18 19:43:47,166] Trial 20 pruned. 
[I 2026-03-18 19:43:47,565] Trial 35 finished with value: -1.6715790044224532 and parameters: {'n_layers_yyx': 2, 'hidden_size_yyx_l0': 6, 'hidden_size_yyx_l1': 5, 'context_size_yyx': 3, 'num_mix_components_yyx': 5, 'context_extractor_yyx': 'lstm', 'activation_func_yyx': 'Tanh', 'L2_weight_yyx': 8.62375529801669e-06, 'L_entropy_weight_yyx': 0.0008915187397245581, 'L_sep_weight_yyx': 1.7980958885136595e-06, 'L_scale_weight_yyx': 2.2614307193824564e-05, 'learning_rate_yyx': 0.008140746988089677}. Best is trial 30 with value: -1.6758763736283075.
[I 2026-03-18 19:43:50,861] Trial 30 pruned. 
[I 2026-03-18 19:43:54,448] Trial 13 pruned. 
[I 2026-03-18 19:43:54,742] Trial 26 pruned. 
[I 2026-03-18 19:43:55,528] Trial 33 pruned. 
[I 2026-03-18 19:43:57,625] Trial 23 pruned. 
[I 2026-03-18 19:44:02,386] Trial 13 pruned. 
[I 2026-03-18 19:44:13,989] Trial 32 pruned. 
[I 2026-03-18 19:44:14,793] Trial 34 pruned. 
[I 2026-03-18 19:44:22,189] Trial 14 pruned. 
[I 2026-03-18 19:44:23,689] Trial 31 pruned. 
[I 2026-03-18 19:44:26,676] Trial 21 pruned. 
[I 2026-03-18 19:44:28,538] Trial 27 pruned. 
[I 2026-03-18 19:44:30,155] Trial 33 pruned. 
[I 2026-03-18 19:44:42,659] Trial 32 pruned. 
[I 2026-03-18 19:44:47,541] Trial 28 pruned. 
[I 2026-03-18 19:44:47,610] Trial 34 pruned. 
[I 2026-03-18 19:44:54,829] Trial 28 pruned. 
[I 2026-03-18 19:45:07,320] Trial 22 pruned. 
[I 2026-03-18 19:45:11,161] Trial 29 pruned. 
[I 2026-03-18 19:45:12,157] Trial 26 finished with value: -2.111894999126998 and parameters: {'n_layers_yyx': 1, 'hidden_size_yyx_l0': 4, 'context_size_yyx': 3, 'num_mix_components_yyx': 3, 'context_extractor_yyx': 'lstm', 'activation_func_yyx': 'Tanh', 'L2_weight_yyx': 8.132708155615627e-08, 'L_entropy_weight_yyx': 2.353436305223005e-09, 'L_sep_weight_yyx': 1.223305623374966e-07, 'L_scale_weight_yyx': 1.4052798050152992e-05, 'learning_rate_yyx': 0.0019140032741608469}. Best is trial 0 with value: -2.1143376288427875.
[I 2026-03-18 19:45:12,179] Trial 23 finished with value: -2.5132993257512335 and parameters: {'n_layers_yyx': 1, 'hidden_size_yyx_l0': 6, 'context_size_yyx': 1, 'num_mix_components_yyx': 5, 'context_extractor_yyx': 'lstm', 'activation_func_yyx': 'ReLU', 'L2_weight_yyx': 7.152836236627759e-05, 'L_entropy_weight_yyx': 1.568497532659425e-07, 'L_sep_weight_yyx': 2.384002469382529e-09, 'L_scale_weight_yyx': 5.309772400884018e-08, 'learning_rate_yyx': 0.007175906358110819}. Best is trial 23 with value: -2.5132993257512335.
[I 2026-03-18 19:45:12,476] Trial 15 pruned. 
[I 2026-03-18 19:45:12,867] Trial 16 finished with value: -1.6802968030248566 and parameters: {'n_layers_yyx': 2, 'hidden_size_yyx_l0': 4, 'hidden_size_yyx_l1': 4, 'context_size_yyx': 4, 'num_mix_components_yyx': 4, 'context_extractor_yyx': 'gru', 'activation_func_yyx': 'Tanh', 'L2_weight_yyx': 7.1546055691135725e-09, 'L_entropy_weight_yyx': 2.2710018736948995e-10, 'L_sep_weight_yyx': 0.00019266012234755392, 'L_scale_weight_yyx': 9.707857313542267e-07, 'learning_rate_yyx': 0.009993467362959205}. Best is trial 15 with value: -1.6819845856754096.
[I 2026-03-18 19:45:20,069] Trial 35 pruned. 
[I 2026-03-18 19:45:23,426] Trial 16 finished with value: -2.5122727476198836 and parameters: {'n_layers_yyx': 2, 'hidden_size_yyx_l0': 3, 'hidden_size_yyx_l1': 3, 'context_size_yyx': 4, 'num_mix_components_yyx': 3, 'context_extractor_yyx': 'gru', 'activation_func_yyx': 'Tanh', 'L2_weight_yyx': 1.3038702734182822e-10, 'L_entropy_weight_yyx': 6.738578083450036e-06, 'L_sep_weight_yyx': 0.0001124889897630859, 'L_scale_weight_yyx': 2.2206980067127413e-05, 'learning_rate_yyx': 0.00977082757006575}. Best is trial 16 with value: -2.5122727476198836.
[I 2026-03-18 19:45:24,120] Trial 25 finished with value: -1.6773747119234481 and parameters: {'n_layers_yyx': 1, 'hidden_size_yyx_l0': 4, 'context_size_yyx': 3, 'num_mix_components_yyx': 4, 'context_extractor_yyx': 'lstm', 'activation_func_yyx': 'Tanh', 'L2_weight_yyx': 8.428572624605121e-09, 'L_entropy_weight_yyx': 3.599612014315168e-07, 'L_sep_weight_yyx': 1.3319928654132608e-08, 'L_scale_weight_yyx': 5.317142494585419e-10, 'learning_rate_yyx': 0.006296025990145311}. Best is trial 12 with value: -1.6796893990996478.
[I 2026-03-18 19:45:27,029] Trial 30 pruned. 
[I 2026-03-18 19:45:27,412] Trial 23 pruned. 
[I 2026-03-18 19:45:30,595] Trial 27 pruned. 
[I 2026-03-18 19:45:36,553] Trial 36 pruned. 
[I 2026-03-18 19:45:41,698] Trial 35 pruned. 
[I 2026-03-18 19:45:43,015] Trial 31 finished with value: -1.9833680481110858 and parameters: {'n_layers_yyx': 1, 'hidden_size_yyx_l0': 4, 'context_size_yyx': 4, 'num_mix_components_yyx': 5, 'context_extractor_yyx': 'lstm', 'activation_func_yyx': 'Tanh', 'L2_weight_yyx': 0.00010085932089307985, 'L_entropy_weight_yyx': 5.269454483473621e-05, 'L_sep_weight_yyx': 4.220626884789322e-09, 'L_scale_weight_yyx': 3.1101020895443646e-05, 'learning_rate_yyx': 0.009951156636104757}. Best is trial 11 with value: -1.9852781357200364.
[I 2026-03-18 19:45:53,105] Trial 37 pruned. 
[I 2026-03-18 19:46:01,174] Trial 16 pruned. 
[I 2026-03-18 19:46:05,914] Trial 13 finished with value: -2.510499848865327 and parameters: {'n_layers_yyx': 1, 'hidden_size_yyx_l0': 5, 'context_size_yyx': 4, 'num_mix_components_yyx': 2, 'context_extractor_yyx': 'gru', 'activation_func_yyx': 'ReLU', 'L2_weight_yyx': 0.00039549598428750214, 'L_entropy_weight_yyx': 1.5162740868614066e-10, 'L_sep_weight_yyx': 6.64806895453565e-05, 'L_scale_weight_yyx': 4.942126044946846e-09, 'learning_rate_yyx': 0.009739789055519163}. Best is trial 5 with value: -2.5140323195684524.
[I 2026-03-18 19:46:06,047] Trial 28 pruned. 
[I 2026-03-18 19:46:07,241] Trial 24 pruned. 
[I 2026-03-18 19:46:18,156] Trial 32 pruned. 
[I 2026-03-18 19:46:18,170] Trial 12 finished with value: -2.51518345292619 and parameters: {'n_layers_yyx': 1, 'hidden_size_yyx_l0': 5, 'context_size_yyx': 1, 'num_mix_components_yyx': 4, 'context_extractor_yyx': 'lstm', 'activation_func_yyx': 'ReLU', 'L2_weight_yyx': 2.055967540808614e-10, 'L_entropy_weight_yyx': 5.73193360664639e-09, 'L_sep_weight_yyx': 1.1792945576462367e-08, 'L_scale_weight_yyx': 1.5928679743514214e-10, 'learning_rate_yyx': 0.009852412830614693}. Best is trial 12 with value: -2.51518345292619.
[I 2026-03-18 19:46:20,129] Trial 17 pruned. 
[I 2026-03-18 19:46:22,874] Trial 24 finished with value: -1.9792004972237294 and parameters: {'n_layers_yyx': 2, 'hidden_size_yyx_l0': 3, 'hidden_size_yyx_l1': 6, 'context_size_yyx': 3, 'num_mix_components_yyx': 3, 'context_extractor_yyx': 'lstm', 'activation_func_yyx': 'Tanh', 'L2_weight_yyx': 1.9126649956147596e-10, 'L_entropy_weight_yyx': 1.1465327686785625e-08, 'L_sep_weight_yyx': 1.8207166680449034e-08, 'L_scale_weight_yyx': 0.00010165976854107605, 'learning_rate_yyx': 0.00812026341447144}. Best is trial 1 with value: -1.9828018961884801.
[I 2026-03-18 19:46:25,002] Trial 36 finished with value: -1.6718997249575775 and parameters: {'n_layers_yyx': 1, 'hidden_size_yyx_l0': 5, 'context_size_yyx': 4, 'num_mix_components_yyx': 5, 'context_extractor_yyx': 'gru', 'activation_func_yyx': 'Tanh', 'L2_weight_yyx': 9.255055156309809e-05, 'L_entropy_weight_yyx': 0.0005052978574383178, 'L_sep_weight_yyx': 2.4776944835672915e-07, 'L_scale_weight_yyx': 0.0008781269774853512, 'learning_rate_yyx': 0.005071416897749131}. Best is trial 30 with value: -1.6758763736283075.
[I 2026-03-18 19:46:25,361] Trial 19 pruned. 
[I 2026-03-18 19:46:27,383] Trial 14 pruned. 
[I 2026-03-18 19:46:35,005] Trial 34 finished with value: -1.726637325144171 and parameters: {'n_layers_yyx': 1, 'hidden_size_yyx_l0': 4, 'context_size_yyx': 3, 'num_mix_components_yyx': 4, 'context_extractor_yyx': 'lstm', 'activation_func_yyx': 'ReLU', 'L2_weight_yyx': 1.6739636618664225e-05, 'L_entropy_weight_yyx': 9.431609361442586e-07, 'L_sep_weight_yyx': 2.874369688216643e-10, 'L_scale_weight_yyx': 0.00022368464971855278, 'learning_rate_yyx': 0.006890624401213463}. Best is trial 8 with value: -1.7294919135267302.
[I 2026-03-18 19:46:37,087] Trial 17 pruned. 
[I 2026-03-18 19:46:37,098] Trial 24 finished with value: -2.534451331291999 and parameters: {'n_layers_yyx': 2, 'hidden_size_yyx_l0': 3, 'hidden_size_yyx_l1': 5, 'context_size_yyx': 3, 'num_mix_components_yyx': 3, 'context_extractor_yyx': 'gru', 'activation_func_yyx': 'Tanh', 'L2_weight_yyx': 1.3574935483743133e-09, 'L_entropy_weight_yyx': 0.00014264814358969376, 'L_sep_weight_yyx': 7.324300867444407e-06, 'L_scale_weight_yyx': 1.1782403245564263e-07, 'learning_rate_yyx': 0.006402127906577227}. Best is trial 16 with value: -2.5482089436137594.
[I 2026-03-18 19:46:41,554] Trial 37 pruned. 
[I 2026-03-18 19:46:42,099] Trial 25 pruned. 
[I 2026-03-18 19:46:42,855] Trial 18 pruned. 
[I 2026-03-18 19:46:51,465] Trial 31 pruned. 
[I 2026-03-18 19:46:54,240] Trial 18 pruned. 
[I 2026-03-18 19:46:57,754] Trial 30 finished with value: -1.6958436877423515 and parameters: {'n_layers_yyx': 1, 'hidden_size_yyx_l0': 2, 'context_size_yyx': 4, 'num_mix_components_yyx': 5, 'context_extractor_yyx': 'lstm', 'activation_func_yyx': 'Tanh', 'L2_weight_yyx': 0.00047231894680244526, 'L_entropy_weight_yyx': 1.1562234560463057e-09, 'L_sep_weight_yyx': 1.217699603554377e-06, 'L_scale_weight_yyx': 6.137942618486187e-09, 'learning_rate_yyx': 0.007644773167230329}. Best is trial 18 with value: -1.7002973458681911.
[I 2026-03-18 19:46:58,401] Trial 22 finished with value: -1.6797879616381284 and parameters: {'n_layers_yyx': 2, 'hidden_size_yyx_l0': 4, 'hidden_size_yyx_l1': 3, 'context_size_yyx': 3, 'num_mix_components_yyx': 5, 'context_extractor_yyx': 'lstm', 'activation_func_yyx': 'Tanh', 'L2_weight_yyx': 1.1520047149667841e-09, 'L_entropy_weight_yyx': 1.4088870773239255e-05, 'L_sep_weight_yyx': 5.977370163266116e-10, 'L_scale_weight_yyx': 1.4483610598007538e-09, 'learning_rate_yyx': 0.006968523704210539}. Best is trial 22 with value: -1.6797879616381284.
[I 2026-03-18 19:46:59,671] Trial 26 pruned. 
[I 2026-03-18 19:47:03,507] Trial 19 pruned. 
[I 2026-03-18 19:47:03,527] Trial 14 finished with value: -2.4633235546690915 and parameters: {'n_layers_yyx': 1, 'hidden_size_yyx_l0': 4, 'context_size_yyx': 1, 'num_mix_components_yyx': 5, 'context_extractor_yyx': 'gru', 'activation_func_yyx': 'ReLU', 'L2_weight_yyx': 1.193818369195399e-09, 'L_entropy_weight_yyx': 2.9737381181877514e-08, 'L_sep_weight_yyx': 3.6133873335865036e-07, 'L_scale_weight_yyx': 4.2305916014838636e-08, 'learning_rate_yyx': 0.0008584011789656241}. Best is trial 0 with value: -2.511745534136428.
[I 2026-03-18 19:47:06,941] Trial 24 pruned. 
[I 2026-03-18 19:47:07,313] Trial 19 finished with value: -2.5137010982416355 and parameters: {'n_layers_yyx': 1, 'hidden_size_yyx_l0': 5, 'context_size_yyx': 4, 'num_mix_components_yyx': 3, 'context_extractor_yyx': 'gru', 'activation_func_yyx': 'GELU', 'L2_weight_yyx': 6.359823993318992e-07, 'L_entropy_weight_yyx': 1.3829132422897137e-05, 'L_sep_weight_yyx': 3.805127566178719e-08, 'L_scale_weight_yyx': 4.905951366399784e-10, 'learning_rate_yyx': 0.003961441069440755}. Best is trial 19 with value: -2.5137010982416355.
[I 2026-03-18 19:47:07,670] Trial 32 pruned. 
[I 2026-03-18 19:47:13,895] Trial 21 finished with value: -1.982840438411203 and parameters: {'n_layers_yyx': 1, 'hidden_size_yyx_l0': 5, 'context_size_yyx': 4, 'num_mix_components_yyx': 4, 'context_extractor_yyx': 'gru', 'activation_func_yyx': 'Tanh', 'L2_weight_yyx': 1.208723344115976e-07, 'L_entropy_weight_yyx': 4.465356130608455e-05, 'L_sep_weight_yyx': 1.4482167748082168e-07, 'L_scale_weight_yyx': 1.884086322504562e-06, 'learning_rate_yyx': 0.008170497204684673}. Best is trial 12 with value: -1.983840502266522.
[I 2026-03-18 19:47:16,311] Trial 33 finished with value: -1.991986523877393 and parameters: {'n_layers_yyx': 2, 'hidden_size_yyx_l0': 4, 'hidden_size_yyx_l1': 4, 'context_size_yyx': 3, 'num_mix_components_yyx': 5, 'context_extractor_yyx': 'gru', 'activation_func_yyx': 'Tanh', 'L2_weight_yyx': 2.116460664649456e-05, 'L_entropy_weight_yyx': 2.3868715274186605e-09, 'L_sep_weight_yyx': 1.1895450955766682e-09, 'L_scale_weight_yyx': 1.7688907815012962e-05, 'learning_rate_yyx': 0.00445485408202963}. Best is trial 15 with value: -1.9940496908651817.
[I 2026-03-18 19:47:20,367] Trial 17 finished with value: -2.0128524624747843 and parameters: {'n_layers_yyx': 1, 'hidden_size_yyx_l0': 4, 'context_size_yyx': 4, 'num_mix_components_yyx': 2, 'context_extractor_yyx': 'gru', 'activation_func_yyx': 'GELU', 'L2_weight_yyx': 9.588972281823451e-06, 'L_entropy_weight_yyx': 1.4459141278901633e-06, 'L_sep_weight_yyx': 9.79933887874734e-07, 'L_scale_weight_yyx': 0.0007431377625546664, 'learning_rate_yyx': 0.005394680388389453}. Best is trial 0 with value: -2.0138799336866504.
[I 2026-03-18 19:47:20,746] Trial 17 pruned. 
[I 2026-03-18 19:47:26,647] Trial 20 pruned. 
[I 2026-03-18 19:47:28,502] Trial 19 pruned. 
[I 2026-03-18 19:47:31,731] Trial 15 finished with value: -2.511306840355502 and parameters: {'n_layers_yyx': 2, 'hidden_size_yyx_l0': 3, 'hidden_size_yyx_l1': 6, 'context_size_yyx': 2, 'num_mix_components_yyx': 4, 'context_extractor_yyx': 'gru', 'activation_func_yyx': 'Tanh', 'L2_weight_yyx': 7.050007990566325e-10, 'L_entropy_weight_yyx': 4.493791695450949e-10, 'L_sep_weight_yyx': 6.197481783224724e-05, 'L_scale_weight_yyx': 0.00013257157544622295, 'learning_rate_yyx': 0.0058362135323948745}. Best is trial 10 with value: -2.5122732552574223.
[I 2026-03-18 19:47:38,256] Trial 29 finished with value: -1.670629205295869 and parameters: {'n_layers_yyx': 1, 'hidden_size_yyx_l0': 5, 'context_size_yyx': 4, 'num_mix_components_yyx': 3, 'context_extractor_yyx': 'lstm', 'activation_func_yyx': 'GELU', 'L2_weight_yyx': 2.7279872688272457e-05, 'L_entropy_weight_yyx': 7.682338777723416e-06, 'L_sep_weight_yyx': 2.3603529612812564e-08, 'L_scale_weight_yyx': 8.338580026976723e-09, 'learning_rate_yyx': 0.0057718779073422264}. Best is trial 13 with value: -1.6789194095140463.
[I 2026-03-18 19:47:46,828] Trial 25 pruned. 
[I 2026-03-18 19:47:47,225] Trial 21 pruned. 
[I 2026-03-18 19:47:49,694] Trial 20 pruned. 
[I 2026-03-18 19:47:52,994] Trial 34 pruned. 
[I 2026-03-18 19:47:55,534] Trial 30 pruned. 
[I 2026-03-18 19:47:55,587] Trial 33 pruned. 
[I 2026-03-18 19:47:57,874] Trial 35 pruned. 
[I 2026-03-18 19:47:57,875] Trial 18 pruned. 
[I 2026-03-18 19:48:00,295] Trial 36 finished with value: -1.6645855811571983 and parameters: {'n_layers_yyx': 2, 'hidden_size_yyx_l0': 5, 'hidden_size_yyx_l1': 6, 'context_size_yyx': 4, 'num_mix_components_yyx': 1, 'context_extractor_yyx': 'lstm', 'activation_func_yyx': 'ReLU', 'L2_weight_yyx': 2.0649537172569624e-07, 'L_entropy_weight_yyx': 4.598029786435675e-07, 'L_sep_weight_yyx': 4.777452083169216e-10, 'L_scale_weight_yyx': 1.2546115955562674e-09, 'learning_rate_yyx': 0.005794602698708072}. Best is trial 23 with value: -1.668135777403489.
[I 2026-03-18 19:48:04,847] Trial 21 pruned. 
[I 2026-03-18 19:48:05,651] Trial 18 pruned. 
[I 2026-03-18 19:48:06,245] Trial 26 pruned. 
[I 2026-03-18 19:48:08,169] Trial 38 pruned. 
[I 2026-03-18 19:48:08,644] Trial 22 pruned. 
[I 2026-03-18 19:48:12,806] Trial 36 pruned. 
[I 2026-03-18 19:48:19,081] Trial 31 pruned. 
[I 2026-03-18 19:48:20,663] Trial 23 pruned. 
[I 2026-03-18 19:48:21,020] Trial 25 pruned. 
[I 2026-03-18 19:48:21,021] Trial 22 pruned. 
[I 2026-03-18 19:48:24,204] Trial 27 pruned. 
[I 2026-03-18 19:48:27,718] Trial 19 pruned. 
[I 2026-03-18 19:48:28,114] Trial 31 pruned. 
[I 2026-03-18 19:48:28,950] Trial 14 pruned. 
[I 2026-03-18 19:48:32,502] Trial 27 pruned. 
[I 2026-03-18 19:48:35,227] Trial 32 pruned. 
[I 2026-03-18 19:48:43,609] Trial 28 pruned. 
[I 2026-03-18 19:48:43,610] Trial 39 pruned. 
[I 2026-03-18 19:48:43,617] Trial 32 pruned. 
[I 2026-03-18 19:48:48,631] Trial 16 finished with value: -2.5019373324490335 and parameters: {'n_layers_yyx': 1, 'hidden_size_yyx_l0': 4, 'context_size_yyx': 4, 'num_mix_components_yyx': 4, 'context_extractor_yyx': 'lstm', 'activation_func_yyx': 'Tanh', 'L2_weight_yyx': 8.993045014016599e-10, 'L_entropy_weight_yyx': 2.3918366765669763e-05, 'L_sep_weight_yyx': 6.63751540444352e-05, 'L_scale_weight_yyx': 1.1482960832621183e-06, 'learning_rate_yyx': 0.005384917562181496}. Best is trial 15 with value: -2.5039785932200824.
[I 2026-03-18 19:48:50,093] Trial 20 pruned. 
[I 2026-03-18 19:48:51,808] Trial 28 pruned. 
[I 2026-03-18 19:48:59,843] Trial 33 finished with value: -1.7042731037290078 and parameters: {'n_layers_yyx': 2, 'hidden_size_yyx_l0': 4, 'hidden_size_yyx_l1': 4, 'context_size_yyx': 2, 'num_mix_components_yyx': 2, 'context_extractor_yyx': 'lstm', 'activation_func_yyx': 'GELU', 'L2_weight_yyx': 2.420878350262542e-05, 'L_entropy_weight_yyx': 3.077872233376047e-08, 'L_sep_weight_yyx': 4.849958426397016e-10, 'L_scale_weight_yyx': 2.8304939533220318e-08, 'learning_rate_yyx': 0.007977704517613624}. Best is trial 5 with value: -1.704671424204909.
[I 2026-03-18 19:49:15,336] Trial 21 pruned. 
[I 2026-03-18 19:49:22,252] Trial 15 pruned. 
[I 2026-03-18 19:49:28,385] Trial 33 pruned. 
[I 2026-03-18 19:49:41,695] Trial 15 finished with value: -2.5083286396200726 and parameters: {'n_layers_yyx': 2, 'hidden_size_yyx_l0': 3, 'hidden_size_yyx_l1': 4, 'context_size_yyx': 3, 'num_mix_components_yyx': 1, 'context_extractor_yyx': 'lstm', 'activation_func_yyx': 'ReLU', 'L2_weight_yyx': 1.2374338880959578e-10, 'L_entropy_weight_yyx': 3.161337100738058e-08, 'L_sep_weight_yyx': 4.0314018726579834e-07, 'L_scale_weight_yyx': 7.744264386874995e-06, 'learning_rate_yyx': 0.003118203113317128}. Best is trial 1 with value: -2.511856338115334.
[I 2026-03-18 19:49:45,632] Trial 16 pruned. 
[I 2026-03-18 19:49:49,115] Trial 17 pruned. 
[I 2026-03-18 19:49:49,398] Trial 34 pruned. 
[I 2026-03-18 19:49:52,229] Trial 35 pruned. 
[I 2026-03-18 19:50:00,103] Trial 34 pruned. 
[I 2026-03-18 19:50:05,380] Trial 26 finished with value: -1.6792720737851394 and parameters: {'n_layers_yyx': 1, 'hidden_size_yyx_l0': 4, 'context_size_yyx': 3, 'num_mix_components_yyx': 4, 'context_extractor_yyx': 'gru', 'activation_func_yyx': 'GELU', 'L2_weight_yyx': 5.528207195458257e-09, 'L_entropy_weight_yyx': 2.087069660925081e-07, 'L_sep_weight_yyx': 1.2750426963100234e-08, 'L_scale_weight_yyx': 5.121225730186457e-10, 'learning_rate_yyx': 0.007063130795891903}. Best is trial 12 with value: -1.6796893990996478.
[I 2026-03-18 19:50:12,389] Trial 38 finished with value: -1.7080230214237389 and parameters: {'n_layers_yyx': 2, 'hidden_size_yyx_l0': 4, 'hidden_size_yyx_l1': 5, 'context_size_yyx': 3, 'num_mix_components_yyx': 5, 'context_extractor_yyx': 'lstm', 'activation_func_yyx': 'Tanh', 'L2_weight_yyx': 3.4537393231568623e-10, 'L_entropy_weight_yyx': 6.145518142927621e-07, 'L_sep_weight_yyx': 9.66343588480545e-07, 'L_scale_weight_yyx': 1.5269362895126555e-10, 'learning_rate_yyx': 0.0019729425292601796}. Best is trial 28 with value: -1.7181546080346202.
[I 2026-03-18 19:50:19,510] Trial 24 pruned. 
[I 2026-03-18 19:50:20,059] Trial 23 pruned. 
[I 2026-03-18 19:50:26,808] Trial 29 finished with value: -2.1089354378484115 and parameters: {'n_layers_yyx': 2, 'hidden_size_yyx_l0': 3, 'hidden_size_yyx_l1': 6, 'context_size_yyx': 1, 'num_mix_components_yyx': 1, 'context_extractor_yyx': 'lstm', 'activation_func_yyx': 'ReLU', 'L2_weight_yyx': 1.1257942227341067e-10, 'L_entropy_weight_yyx': 1.4933436872643252e-09, 'L_sep_weight_yyx': 9.65250585041111e-07, 'L_scale_weight_yyx': 3.38049142286882e-06, 'learning_rate_yyx': 0.008709288416452583}. Best is trial 0 with value: -2.1143376288427875.
[I 2026-03-18 19:50:35,542] Trial 16 pruned. 
[I 2026-03-18 19:50:46,552] Trial 15 finished with value: -2.5139556361607145 and parameters: {'n_layers_yyx': 1, 'hidden_size_yyx_l0': 5, 'context_size_yyx': 4, 'num_mix_components_yyx': 4, 'context_extractor_yyx': 'gru', 'activation_func_yyx': 'Tanh', 'L2_weight_yyx': 5.4034342632139306e-05, 'L_entropy_weight_yyx': 1.9183057517260754e-09, 'L_sep_weight_yyx': 0.0009220575934100283, 'L_scale_weight_yyx': 5.8327940657861954e-08, 'learning_rate_yyx': 0.006412733264620317}. Best is trial 5 with value: -2.5140323195684524.
[I 2026-03-18 19:50:47,728] Trial 24 pruned. 
[I 2026-03-18 19:50:53,780] Trial 35 pruned. 
[I 2026-03-18 19:50:54,489] Trial 40 pruned. 
[I 2026-03-18 19:50:56,222] Trial 35 pruned. 
[I 2026-03-18 19:50:57,055] Trial 30 pruned. 
[I 2026-03-18 19:50:57,147] Trial 18 pruned. 
[I 2026-03-18 19:51:11,562] Trial 25 pruned. 
[I 2026-03-18 19:51:16,901] Trial 29 pruned. 
[I 2026-03-18 19:51:18,621] Trial 36 pruned. 
[I 2026-03-18 19:51:19,574] Trial 22 finished with value: -1.9826049975606448 and parameters: {'n_layers_yyx': 1, 'hidden_size_yyx_l0': 5, 'context_size_yyx': 4, 'num_mix_components_yyx': 4, 'context_extractor_yyx': 'gru', 'activation_func_yyx': 'Tanh', 'L2_weight_yyx': 7.515670037840917e-07, 'L_entropy_weight_yyx': 0.00010441757855303858, 'L_sep_weight_yyx': 2.0053907358818615e-06, 'L_scale_weight_yyx': 4.6979598283203366e-07, 'learning_rate_yyx': 0.007739710046526773}. Best is trial 12 with value: -1.983840502266522.
[I 2026-03-18 19:51:25,885] Trial 19 pruned. 
[I 2026-03-18 19:51:30,862] Trial 15 finished with value: -2.0349881399350007 and parameters: {'n_layers_yyx': 1, 'hidden_size_yyx_l0': 6, 'context_size_yyx': 4, 'num_mix_components_yyx': 5, 'context_extractor_yyx': 'lstm', 'activation_func_yyx': 'ReLU', 'L2_weight_yyx': 2.515002842587149e-08, 'L_entropy_weight_yyx': 6.3651252136983e-09, 'L_sep_weight_yyx': 6.740156604472285e-08, 'L_scale_weight_yyx': 4.718070377759565e-09, 'learning_rate_yyx': 0.009674674240566162}. Best is trial 8 with value: -2.0365283470022115.
[I 2026-03-18 19:51:43,402] Trial 41 pruned. 
[I 2026-03-18 19:51:48,264] Trial 36 pruned. 
[I 2026-03-18 19:51:53,372] Trial 23 pruned. 
[I 2026-03-18 19:52:02,989] Trial 26 pruned. 
[I 2026-03-18 19:52:07,300] Trial 26 finished with value: -2.546194276609621 and parameters: {'n_layers_yyx': 2, 'hidden_size_yyx_l0': 2, 'hidden_size_yyx_l1': 6, 'context_size_yyx': 4, 'num_mix_components_yyx': 4, 'context_extractor_yyx': 'gru', 'activation_func_yyx': 'Tanh', 'L2_weight_yyx': 7.055241285943629e-09, 'L_entropy_weight_yyx': 2.063265794236042e-05, 'L_sep_weight_yyx': 5.067271921917713e-05, 'L_scale_weight_yyx': 4.07762675839056e-05, 'learning_rate_yyx': 0.009935881896011899}. Best is trial 16 with value: -2.5482089436137594.
[I 2026-03-18 19:52:12,969] Trial 27 pruned. 
[I 2026-03-18 19:52:13,544] Trial 33 pruned. 
[I 2026-03-18 19:52:17,349] Trial 39 pruned. 
[I 2026-03-18 19:52:17,350] Trial 30 pruned. 
[I 2026-03-18 19:52:19,954] Trial 37 pruned. 
[I 2026-03-18 19:52:28,704] Trial 25 pruned. 
[I 2026-03-18 19:52:30,772] Trial 13 finished with value: -2.514098890989485 and parameters: {'n_layers_yyx': 1, 'hidden_size_yyx_l0': 5, 'context_size_yyx': 1, 'num_mix_components_yyx': 4, 'context_extractor_yyx': 'lstm', 'activation_func_yyx': 'ReLU', 'L2_weight_yyx': 1.0790631261489671e-10, 'L_entropy_weight_yyx': 6.755820723161125e-09, 'L_sep_weight_yyx': 9.62723643002388e-07, 'L_scale_weight_yyx': 4.752428582437952e-09, 'learning_rate_yyx': 0.009187271539191976}. Best is trial 12 with value: -2.51518345292619.
[I 2026-03-18 19:52:31,339] Trial 37 finished with value: -1.666143328987033 and parameters: {'n_layers_yyx': 2, 'hidden_size_yyx_l0': 3, 'hidden_size_yyx_l1': 5, 'context_size_yyx': 4, 'num_mix_components_yyx': 2, 'context_extractor_yyx': 'gru', 'activation_func_yyx': 'GELU', 'L2_weight_yyx': 1.0037436129399658e-06, 'L_entropy_weight_yyx': 1.6001014923839827e-06, 'L_sep_weight_yyx': 4.058381330453965e-09, 'L_scale_weight_yyx': 4.853727706056569e-10, 'learning_rate_yyx': 0.008580572647828265}. Best is trial 23 with value: -1.668135777403489.
[I 2026-03-18 19:52:34,188] Trial 17 pruned. 
[I 2026-03-18 19:52:34,212] Trial 20 pruned. 
[I 2026-03-18 19:52:40,957] Trial 16 pruned. 
[I 2026-03-18 19:52:41,985] Trial 25 finished with value: -2.5130216403823584 and parameters: {'n_layers_yyx': 1, 'hidden_size_yyx_l0': 6, 'context_size_yyx': 1, 'num_mix_components_yyx': 5, 'context_extractor_yyx': 'lstm', 'activation_func_yyx': 'ReLU', 'L2_weight_yyx': 9.361564050802015e-05, 'L_entropy_weight_yyx': 1.3994318343935374e-07, 'L_sep_weight_yyx': 3.852164196963947e-07, 'L_scale_weight_yyx': 6.430283679861392e-09, 'learning_rate_yyx': 0.009337329556737817}. Best is trial 23 with value: -2.5132993257512335.
[I 2026-03-18 19:52:49,217] Trial 20 pruned. 
[I 2026-03-18 19:52:49,990] Trial 38 pruned. 
[I 2026-03-18 19:52:55,912] Trial 27 pruned. 
[I 2026-03-18 19:53:02,963] Trial 34 pruned. 
[I 2026-03-18 19:53:04,294] Trial 18 pruned. 
[I 2026-03-18 19:53:08,303] Trial 17 pruned. 
[I 2026-03-18 19:53:10,798] Trial 31 pruned. 
[I 2026-03-18 19:53:12,957] Trial 26 pruned. 
[I 2026-03-18 19:53:17,174] Trial 35 pruned. 
[I 2026-03-18 19:53:19,105] Trial 20 finished with value: -2.510878363203935 and parameters: {'n_layers_yyx': 1, 'hidden_size_yyx_l0': 4, 'context_size_yyx': 4, 'num_mix_components_yyx': 3, 'context_extractor_yyx': 'lstm', 'activation_func_yyx': 'GELU', 'L2_weight_yyx': 6.526866159608946e-06, 'L_entropy_weight_yyx': 4.260058532298428e-06, 'L_sep_weight_yyx': 7.911862330059027e-05, 'L_scale_weight_yyx': 5.766618226434733e-08, 'learning_rate_yyx': 0.004590858909063959}. Best is trial 1 with value: -2.5125601952756833.
[I 2026-03-18 19:53:21,649] Trial 23 finished with value: -2.513824905841335 and parameters: {'n_layers_yyx': 1, 'hidden_size_yyx_l0': 6, 'context_size_yyx': 4, 'num_mix_components_yyx': 2, 'context_extractor_yyx': 'gru', 'activation_func_yyx': 'GELU', 'L2_weight_yyx': 1.270863535765666e-06, 'L_entropy_weight_yyx': 0.00015203496867927238, 'L_sep_weight_yyx': 5.835812300184384e-09, 'L_scale_weight_yyx': 5.080850784614216e-10, 'learning_rate_yyx': 0.00726299681992776}. Best is trial 23 with value: -2.513824905841335.
[I 2026-03-18 19:53:21,703] Trial 18 pruned. 
[I 2026-03-18 19:53:24,088] Trial 39 pruned. 
[I 2026-03-18 19:53:24,779] Trial 37 finished with value: -1.725399361703164 and parameters: {'n_layers_yyx': 1, 'hidden_size_yyx_l0': 4, 'context_size_yyx': 2, 'num_mix_components_yyx': 4, 'context_extractor_yyx': 'lstm', 'activation_func_yyx': 'ReLU', 'L2_weight_yyx': 2.4996079201367816e-07, 'L_entropy_weight_yyx': 2.419791642414329e-07, 'L_sep_weight_yyx': 0.000111192222462229, 'L_scale_weight_yyx': 6.800372790141857e-08, 'learning_rate_yyx': 0.009991412957385721}. Best is trial 8 with value: -1.7294919135267302.
[I 2026-03-18 19:53:26,165] Trial 34 finished with value: -1.7027542835145484 and parameters: {'n_layers_yyx': 2, 'hidden_size_yyx_l0': 3, 'hidden_size_yyx_l1': 6, 'context_size_yyx': 3, 'num_mix_components_yyx': 1, 'context_extractor_yyx': 'lstm', 'activation_func_yyx': 'GELU', 'L2_weight_yyx': 2.0250872162243194e-05, 'L_entropy_weight_yyx': 3.8494467245318814e-08, 'L_sep_weight_yyx': 5.023801261308753e-10, 'L_scale_weight_yyx': 3.009437439700252e-08, 'learning_rate_yyx': 0.00831830253699165}. Best is trial 5 with value: -1.704671424204909.
[I 2026-03-18 19:53:28,398] Trial 16 pruned. 
[I 2026-03-18 19:53:33,977] Trial 27 pruned. 
[I 2026-03-18 19:53:35,249] Trial 19 pruned. 
[I 2026-03-18 19:53:36,461] Trial 32 pruned. 
[I 2026-03-18 19:53:37,276] Trial 19 finished with value: -2.013455176002442 and parameters: {'n_layers_yyx': 1, 'hidden_size_yyx_l0': 5, 'context_size_yyx': 4, 'num_mix_components_yyx': 1, 'context_extractor_yyx': 'gru', 'activation_func_yyx': 'GELU', 'L2_weight_yyx': 1.2025516880767941e-07, 'L_entropy_weight_yyx': 1.1789572083960169e-05, 'L_sep_weight_yyx': 6.261604924497309e-05, 'L_scale_weight_yyx': 8.139505548073884e-07, 'learning_rate_yyx': 0.004480714817234318}. Best is trial 0 with value: -2.0138799336866504.
[I 2026-03-18 19:53:38,689] Trial 33 finished with value: -1.6979314061450446 and parameters: {'n_layers_yyx': 1, 'hidden_size_yyx_l0': 2, 'context_size_yyx': 4, 'num_mix_components_yyx': 5, 'context_extractor_yyx': 'lstm', 'activation_func_yyx': 'Tanh', 'L2_weight_yyx': 8.91622153732466e-05, 'L_entropy_weight_yyx': 1.2729345392068366e-09, 'L_sep_weight_yyx': 2.106868401528166e-05, 'L_scale_weight_yyx': 9.920759731358551e-08, 'learning_rate_yyx': 0.007677343454752695}. Best is trial 18 with value: -1.7002973458681911.
[I 2026-03-18 19:53:39,550] Trial 24 pruned. 
[I 2026-03-18 19:53:40,043] Trial 36 pruned. 
[I 2026-03-18 19:53:40,490] Trial 17 pruned. 
[I 2026-03-18 19:53:41,879] Trial 36 finished with value: -1.971430254412127 and parameters: {'n_layers_yyx': 2, 'hidden_size_yyx_l0': 6, 'hidden_size_yyx_l1': 4, 'context_size_yyx': 4, 'num_mix_components_yyx': 2, 'context_extractor_yyx': 'lstm', 'activation_func_yyx': 'GELU', 'L2_weight_yyx': 3.201241242434939e-09, 'L_entropy_weight_yyx': 6.007401118867006e-08, 'L_sep_weight_yyx': 3.6855631432641605e-06, 'L_scale_weight_yyx': 1.2246588384351737e-07, 'learning_rate_yyx': 0.006315084793464032}. Best is trial 15 with value: -1.9940496908651817.
[I 2026-03-18 19:53:44,714] Trial 38 pruned. 
[I 2026-03-18 19:53:45,800] Trial 38 pruned. 
[I 2026-03-18 19:53:47,456] Trial 21 pruned. 
[I 2026-03-18 19:53:49,724] Trial 40 pruned. 
[I 2026-03-18 19:53:53,620] Trial 37 pruned. 
[I 2026-03-18 19:53:56,212] Trial 39 pruned. 
[I 2026-03-18 19:53:56,683] Trial 28 pruned. 
[I 2026-03-18 19:53:59,216] Trial 34 pruned. 
[I 2026-03-18 19:54:00,414] Trial 22 pruned. 
[I 2026-03-18 19:54:01,705] Trial 33 pruned. 
[I 2026-03-18 19:54:02,351] Trial 20 pruned. 
[I 2026-03-18 19:54:04,025] Trial 20 pruned. 
[I 2026-03-18 19:54:04,136] Trial 18 pruned. 
[I 2026-03-18 19:54:04,493] Trial 21 pruned. 
[I 2026-03-18 19:54:06,208] Trial 38 pruned. 
[I 2026-03-18 19:54:06,851] Trial 39 pruned. 
[I 2026-03-18 19:54:08,688] Trial 42 finished with value: -1.672129057738026 and parameters: {'n_layers_yyx': 1, 'hidden_size_yyx_l0': 5, 'context_size_yyx': 4, 'num_mix_components_yyx': 5, 'context_extractor_yyx': 'gru', 'activation_func_yyx': 'Tanh', 'L2_weight_yyx': 5.5042204454192745e-05, 'L_entropy_weight_yyx': 0.00017058590934616074, 'L_sep_weight_yyx': 6.06874647077559e-07, 'L_scale_weight_yyx': 0.0005847596811828053, 'learning_rate_yyx': 0.005406308735833014}. Best is trial 30 with value: -1.6758763736283075.
[I 2026-03-18 19:54:09,404] Trial 26 pruned. 
[I 2026-03-18 19:54:09,765] Trial 35 pruned. 
[I 2026-03-18 19:54:10,547] Trial 29 finished with value: -2.0228596854332306 and parameters: {'n_layers_yyx': 1, 'hidden_size_yyx_l0': 3, 'context_size_yyx': 3, 'num_mix_components_yyx': 4, 'context_extractor_yyx': 'gru', 'activation_func_yyx': 'Tanh', 'L2_weight_yyx': 6.814731352554335e-05, 'L_entropy_weight_yyx': 0.00013382634436830015, 'L_sep_weight_yyx': 2.6438300267312485e-09, 'L_scale_weight_yyx': 0.00022965855151692, 'learning_rate_yyx': 0.007908050265464055}. Best is trial 29 with value: -2.0228596854332306.
[I 2026-03-18 19:54:14,120] Trial 41 pruned. 
[I 2026-03-18 19:54:16,387] Trial 19 pruned. 
[I 2026-03-18 19:54:20,619] Trial 36 pruned. 
[I 2026-03-18 19:54:27,770] Trial 34 pruned. 
[I 2026-03-18 19:54:30,156] Trial 23 pruned. 
[I 2026-03-18 19:54:30,679] Trial 43 pruned. 
[I 2026-03-18 19:54:34,801] Trial 16 finished with value: -2.512398414248512 and parameters: {'n_layers_yyx': 1, 'hidden_size_yyx_l0': 5, 'context_size_yyx': 3, 'num_mix_components_yyx': 4, 'context_extractor_yyx': 'gru', 'activation_func_yyx': 'Tanh', 'L2_weight_yyx': 6.845110580413008e-05, 'L_entropy_weight_yyx': 1.112542023451895e-09, 'L_sep_weight_yyx': 2.5276051676407677e-06, 'L_scale_weight_yyx': 3.905368078679175e-08, 'learning_rate_yyx': 0.006086938393078249}. Best is trial 5 with value: -2.5140323195684524.
[I 2026-03-18 19:54:40,209] Trial 35 pruned. 
[I 2026-03-18 19:54:41,975] Trial 25 pruned. 
[I 2026-03-18 19:54:45,961] Trial 28 finished with value: -1.668398313141969 and parameters: {'n_layers_yyx': 1, 'hidden_size_yyx_l0': 6, 'context_size_yyx': 3, 'num_mix_components_yyx': 4, 'context_extractor_yyx': 'gru', 'activation_func_yyx': 'GELU', 'L2_weight_yyx': 9.931721738997483e-09, 'L_entropy_weight_yyx': 1.6461811329003813e-09, 'L_sep_weight_yyx': 9.392598328171495e-09, 'L_scale_weight_yyx': 1.9178435646763054e-07, 'learning_rate_yyx': 0.008478012758974808}. Best is trial 12 with value: -1.6796893990996478.
[I 2026-03-18 19:54:47,840] Trial 17 pruned. 
[I 2026-03-18 19:54:48,557] Trial 40 pruned. 
[I 2026-03-18 19:54:50,853] Trial 29 pruned. 
[I 2026-03-18 19:54:51,357] Trial 22 finished with value: -2.5155989726836543 and parameters: {'n_layers_yyx': 2, 'hidden_size_yyx_l0': 4, 'hidden_size_yyx_l1': 2, 'context_size_yyx': 4, 'num_mix_components_yyx': 4, 'context_extractor_yyx': 'gru', 'activation_func_yyx': 'ReLU', 'L2_weight_yyx': 2.227264980920233e-05, 'L_entropy_weight_yyx': 1.1562429717761013e-06, 'L_sep_weight_yyx': 2.838088412897911e-06, 'L_scale_weight_yyx': 6.912253222610118e-05, 'learning_rate_yyx': 0.007171613300452486}. Best is trial 22 with value: -2.5155989726836543.
[I 2026-03-18 19:54:52,843] Trial 21 finished with value: -1.6800487615465258 and parameters: {'n_layers_yyx': 2, 'hidden_size_yyx_l0': 4, 'hidden_size_yyx_l1': 4, 'context_size_yyx': 4, 'num_mix_components_yyx': 4, 'context_extractor_yyx': 'gru', 'activation_func_yyx': 'Tanh', 'L2_weight_yyx': 1.4453490336539438e-08, 'L_entropy_weight_yyx': 1.5843860568232308e-10, 'L_sep_weight_yyx': 0.00013679337889618314, 'L_scale_weight_yyx': 8.293681139222993e-07, 'learning_rate_yyx': 0.00914519067962076}. Best is trial 15 with value: -1.6819845856754096.
[I 2026-03-18 19:54:59,018] Trial 19 finished with value: -2.5120953271346314 and parameters: {'n_layers_yyx': 2, 'hidden_size_yyx_l0': 6, 'hidden_size_yyx_l1': 5, 'context_size_yyx': 4, 'num_mix_components_yyx': 4, 'context_extractor_yyx': 'gru', 'activation_func_yyx': 'ReLU', 'L2_weight_yyx': 5.964687070617994e-09, 'L_entropy_weight_yyx': 4.457919986928791e-10, 'L_sep_weight_yyx': 0.00014579059492396485, 'L_scale_weight_yyx': 5.391849978283772e-05, 'learning_rate_yyx': 0.009859312084418412}. Best is trial 10 with value: -2.5122732552574223.
[I 2026-03-18 19:54:59,446] Trial 41 pruned. 
[I 2026-03-18 19:55:01,142] Trial 37 pruned. 
[I 2026-03-18 19:55:01,273] Trial 40 pruned. 
[I 2026-03-18 19:55:02,439] Trial 30 pruned. 
[I 2026-03-18 19:55:04,813] Trial 21 pruned. 
[I 2026-03-18 19:55:05,022] Trial 35 finished with value: -1.7037148663378137 and parameters: {'n_layers_yyx': 2, 'hidden_size_yyx_l0': 3, 'hidden_size_yyx_l1': 6, 'context_size_yyx': 4, 'num_mix_components_yyx': 1, 'context_extractor_yyx': 'lstm', 'activation_func_yyx': 'GELU', 'L2_weight_yyx': 2.4363328355884705e-05, 'L_entropy_weight_yyx': 3.887983449770471e-08, 'L_sep_weight_yyx': 4.889978472207174e-10, 'L_scale_weight_yyx': 2.1007564283931143e-07, 'learning_rate_yyx': 0.007272526040905259}. Best is trial 5 with value: -1.704671424204909.
[I 2026-03-18 19:55:08,072] Trial 39 pruned. 
[I 2026-03-18 19:55:08,079] Trial 29 pruned. 
[I 2026-03-18 19:55:10,153] Trial 42 pruned. 
[I 2026-03-18 19:55:12,130] Trial 20 pruned. 
[I 2026-03-18 19:55:12,132] Trial 17 finished with value: -2.509193077936392 and parameters: {'n_layers_yyx': 1, 'hidden_size_yyx_l0': 5, 'context_size_yyx': 4, 'num_mix_components_yyx': 2, 'context_extractor_yyx': 'gru', 'activation_func_yyx': 'ReLU', 'L2_weight_yyx': 7.863380269006208e-07, 'L_entropy_weight_yyx': 4.016821997503164e-06, 'L_sep_weight_yyx': 1.3693419662758327e-08, 'L_scale_weight_yyx': 2.586046002534927e-07, 'learning_rate_yyx': 0.006882376446467839}. Best is trial 1 with value: -2.511856338115334.
[I 2026-03-18 19:55:13,559] Trial 30 pruned. 
[I 2026-03-18 19:55:14,306] Trial 22 pruned. 
[I 2026-03-18 19:55:15,054] Trial 36 pruned. 
[I 2026-03-18 19:55:16,167] Trial 22 pruned. 
[I 2026-03-18 19:55:16,271] Trial 21 pruned. 
[I 2026-03-18 19:55:16,272] Trial 22 pruned. 
[I 2026-03-18 19:55:17,357] Trial 42 pruned. 
[I 2026-03-18 19:55:18,458] Trial 30 pruned. 
[I 2026-03-18 19:55:18,616] Trial 20 pruned. 
[I 2026-03-18 19:55:19,093] Trial 40 finished with value: -1.718781614615247 and parameters: {'n_layers_yyx': 2, 'hidden_size_yyx_l0': 4, 'hidden_size_yyx_l1': 3, 'context_size_yyx': 3, 'num_mix_components_yyx': 4, 'context_extractor_yyx': 'lstm', 'activation_func_yyx': 'GELU', 'L2_weight_yyx': 4.5444059201718005e-05, 'L_entropy_weight_yyx': 8.110988638850483e-09, 'L_sep_weight_yyx': 4.4819028719050244e-09, 'L_scale_weight_yyx': 0.00047422485525976934, 'learning_rate_yyx': 0.009838733873539883}. Best is trial 40 with value: -1.718781614615247.
[I 2026-03-18 19:55:20,446] Trial 27 pruned. 
[I 2026-03-18 19:55:21,362] Trial 38 pruned. 
[I 2026-03-18 19:55:24,154] Trial 31 pruned. 
[I 2026-03-18 19:55:25,448] Trial 37 pruned. 
[I 2026-03-18 19:55:25,764] Trial 23 pruned. 
[I 2026-03-18 19:55:27,165] Trial 18 pruned. 
[I 2026-03-18 19:55:28,868] Trial 23 pruned. 
[I 2026-03-18 19:55:30,344] Trial 41 pruned. 
[I 2026-03-18 19:55:35,945] Trial 32 pruned. 
[I 2026-03-18 19:55:37,270] Trial 28 finished with value: -1.6772628556874325 and parameters: {'n_layers_yyx': 2, 'hidden_size_yyx_l0': 5, 'hidden_size_yyx_l1': 4, 'context_size_yyx': 3, 'num_mix_components_yyx': 3, 'context_extractor_yyx': 'lstm', 'activation_func_yyx': 'Tanh', 'L2_weight_yyx': 3.7689887503242826e-06, 'L_entropy_weight_yyx': 6.479139422476798e-08, 'L_sep_weight_yyx': 3.5978710219713655e-09, 'L_scale_weight_yyx': 2.9324681860189393e-09, 'learning_rate_yyx': 0.004121634833753371}. Best is trial 7 with value: -1.6801514889058558.
[I 2026-03-18 19:55:39,378] Trial 15 finished with value: -2.5103594895919237 and parameters: {'n_layers_yyx': 1, 'hidden_size_yyx_l0': 6, 'context_size_yyx': 2, 'num_mix_components_yyx': 4, 'context_extractor_yyx': 'gru', 'activation_func_yyx': 'Tanh', 'L2_weight_yyx': 9.829564200135691e-08, 'L_entropy_weight_yyx': 3.7041506773863285e-06, 'L_sep_weight_yyx': 7.94111579839378e-06, 'L_scale_weight_yyx': 2.1183560059627936e-09, 'learning_rate_yyx': 0.0017761330604647528}. Best is trial 0 with value: -2.511745534136428.
[I 2026-03-18 19:55:40,472] Trial 42 pruned. 
[I 2026-03-18 19:55:41,211] Trial 31 finished with value: -2.1118940309610252 and parameters: {'n_layers_yyx': 1, 'hidden_size_yyx_l0': 4, 'context_size_yyx': 3, 'num_mix_components_yyx': 3, 'context_extractor_yyx': 'lstm', 'activation_func_yyx': 'Tanh', 'L2_weight_yyx': 5.721148459778162e-08, 'L_entropy_weight_yyx': 3.993155352475611e-09, 'L_sep_weight_yyx': 1.97117908748472e-07, 'L_scale_weight_yyx': 2.085360231450732e-05, 'learning_rate_yyx': 0.0019133096218639466}. Best is trial 0 with value: -2.1143376288427875.
[I 2026-03-18 19:55:41,339] Trial 36 pruned. 
[I 2026-03-18 19:55:41,557] Trial 19 pruned. 
[I 2026-03-18 19:55:45,218] Trial 26 pruned. 
[I 2026-03-18 19:55:48,239] Trial 29 pruned. 
[I 2026-03-18 19:55:50,629] Trial 43 pruned. 
[I 2026-03-18 19:55:52,825] Trial 16 pruned. 
[I 2026-03-18 19:55:55,657] Trial 24 pruned. 
[I 2026-03-18 19:55:58,477] Trial 30 pruned. 
[I 2026-03-18 19:56:00,551] Trial 18 pruned. 
[I 2026-03-18 19:56:04,143] Trial 43 pruned. 
[I 2026-03-18 19:56:04,442] Trial 32 pruned. 
[I 2026-03-18 19:56:05,628] Trial 23 pruned. 
[I 2026-03-18 19:56:05,702] Trial 37 pruned. 
[I 2026-03-18 19:56:10,618] Trial 27 pruned. 
[I 2026-03-18 19:56:11,000] Trial 44 pruned. 
[I 2026-03-18 19:56:11,219] Trial 24 finished with value: -2.513150573787995 and parameters: {'n_layers_yyx': 1, 'hidden_size_yyx_l0': 6, 'context_size_yyx': 4, 'num_mix_components_yyx': 2, 'context_extractor_yyx': 'gru', 'activation_func_yyx': 'GELU', 'L2_weight_yyx': 2.5379584046085024e-08, 'L_entropy_weight_yyx': 0.0002864342611915943, 'L_sep_weight_yyx': 5.187626895435773e-09, 'L_scale_weight_yyx': 2.5389395712153425e-10, 'learning_rate_yyx': 0.007516280135669394}. Best is trial 23 with value: -2.513824905841335.
[I 2026-03-18 19:56:14,322] Trial 39 pruned. 
[I 2026-03-18 19:56:15,451] Trial 44 finished with value: -1.6719664280830469 and parameters: {'n_layers_yyx': 1, 'hidden_size_yyx_l0': 5, 'context_size_yyx': 4, 'num_mix_components_yyx': 5, 'context_extractor_yyx': 'gru', 'activation_func_yyx': 'Tanh', 'L2_weight_yyx': 1.2546530041371133e-06, 'L_entropy_weight_yyx': 2.4526445710555075e-05, 'L_sep_weight_yyx': 5.250251462447097e-07, 'L_scale_weight_yyx': 0.00016022318782609585, 'learning_rate_yyx': 0.006478167060608542}. Best is trial 30 with value: -1.6758763736283075.
[I 2026-03-18 19:56:15,538] Trial 44 pruned. 
[I 2026-03-18 19:56:17,682] Trial 23 pruned. 
[I 2026-03-18 19:56:20,136] Trial 43 pruned. 
[I 2026-03-18 19:56:20,459] Trial 21 pruned. 
[I 2026-03-18 19:56:21,230] Trial 45 pruned. 
[I 2026-03-18 19:56:24,709] Trial 40 pruned. 
[I 2026-03-18 19:56:28,000] Trial 33 pruned. 
[I 2026-03-18 19:56:28,184] Trial 19 pruned. 
[I 2026-03-18 19:56:28,657] Trial 33 pruned. 
[I 2026-03-18 19:56:29,786] Trial 38 pruned. 
[I 2026-03-18 19:56:31,700] Trial 46 pruned. 
[I 2026-03-18 19:56:32,023] Trial 44 pruned. 
[I 2026-03-18 19:56:34,238] Trial 24 pruned. 
[I 2026-03-18 19:56:35,218] Trial 45 pruned. 
[I 2026-03-18 19:56:38,929] Trial 34 pruned. 
[I 2026-03-18 19:56:40,140] Trial 25 pruned. 
[I 2026-03-18 19:56:40,468] Trial 34 pruned. 
[I 2026-03-18 19:56:41,307] Trial 14 finished with value: -2.5143058697757126 and parameters: {'n_layers_yyx': 1, 'hidden_size_yyx_l0': 5, 'context_size_yyx': 1, 'num_mix_components_yyx': 4, 'context_extractor_yyx': 'lstm', 'activation_func_yyx': 'ReLU', 'L2_weight_yyx': 1.956019795823995e-09, 'L_entropy_weight_yyx': 1.3643992728846364e-10, 'L_sep_weight_yyx': 4.633235784487105e-09, 'L_scale_weight_yyx': 1.0365552639942419e-10, 'learning_rate_yyx': 0.006463003075691444}. Best is trial 12 with value: -2.51518345292619.
[I 2026-03-18 19:56:41,564] Trial 37 finished with value: -1.6716173163748085 and parameters: {'n_layers_yyx': 1, 'hidden_size_yyx_l0': 5, 'context_size_yyx': 2, 'num_mix_components_yyx': 3, 'context_extractor_yyx': 'gru', 'activation_func_yyx': 'Tanh', 'L2_weight_yyx': 1.4619618339099242e-09, 'L_entropy_weight_yyx': 0.00013161326444194153, 'L_sep_weight_yyx': 2.600249063040173e-05, 'L_scale_weight_yyx': 1.4754669932153128e-05, 'learning_rate_yyx': 0.0023698245885261492}. Best is trial 10 with value: -1.6769862653887198.
[I 2026-03-18 19:56:41,669] Trial 39 pruned. 
[I 2026-03-18 19:56:42,039] Trial 47 pruned. 
[I 2026-03-18 19:56:43,880] Trial 45 pruned. 
[I 2026-03-18 19:56:51,236] Trial 35 pruned. 
[I 2026-03-18 19:56:52,988] Trial 20 pruned. 
[I 2026-03-18 19:56:56,327] Trial 46 pruned. 
[I 2026-03-18 19:56:56,736] Trial 20 pruned. 
[I 2026-03-18 19:56:59,851] Trial 37 finished with value: -1.6930970162604573 and parameters: {'n_layers_yyx': 1, 'hidden_size_yyx_l0': 2, 'context_size_yyx': 3, 'num_mix_components_yyx': 5, 'context_extractor_yyx': 'lstm', 'activation_func_yyx': 'GELU', 'L2_weight_yyx': 7.530554982628842e-05, 'L_entropy_weight_yyx': 5.444356524284551e-10, 'L_sep_weight_yyx': 1.7411038580136203e-05, 'L_scale_weight_yyx': 7.187852271349653e-08, 'learning_rate_yyx': 0.008525060444834306}. Best is trial 18 with value: -1.7002973458681911.
[I 2026-03-18 19:57:09,284] Trial 45 pruned. 
[I 2026-03-18 19:57:10,178] Trial 38 pruned. 
[I 2026-03-18 19:57:10,787] Trial 21 finished with value: -2.5132035092741223 and parameters: {'n_layers_yyx': 2, 'hidden_size_yyx_l0': 6, 'hidden_size_yyx_l1': 5, 'context_size_yyx': 4, 'num_mix_components_yyx': 4, 'context_extractor_yyx': 'gru', 'activation_func_yyx': 'ReLU', 'L2_weight_yyx': 5.366119280126681e-09, 'L_entropy_weight_yyx': 6.087735929616881e-10, 'L_sep_weight_yyx': 0.00011673458621100125, 'L_scale_weight_yyx': 4.780099014686234e-05, 'learning_rate_yyx': 0.009973997099191036}. Best is trial 21 with value: -2.5132035092741223.
[I 2026-03-18 19:57:12,929] Trial 28 pruned. 
[I 2026-03-18 19:57:15,053] Trial 36 pruned. 
[I 2026-03-18 19:57:15,333] Trial 27 finished with value: -2.5473035265515733 and parameters: {'n_layers_yyx': 2, 'hidden_size_yyx_l0': 4, 'hidden_size_yyx_l1': 2, 'context_size_yyx': 2, 'num_mix_components_yyx': 5, 'context_extractor_yyx': 'gru', 'activation_func_yyx': 'Tanh', 'L2_weight_yyx': 4.3880521397154556e-08, 'L_entropy_weight_yyx': 5.801005803739209e-07, 'L_sep_weight_yyx': 1.2622101703165716e-08, 'L_scale_weight_yyx': 1.488200149330155e-06, 'learning_rate_yyx': 0.0035170428458326554}. Best is trial 16 with value: -2.5482089436137594.
[I 2026-03-18 19:57:19,541] Trial 39 pruned. 
[I 2026-03-18 19:57:28,955] Trial 46 pruned. 
[I 2026-03-18 19:57:29,284] Trial 24 finished with value: -1.6746781114086058 and parameters: {'n_layers_yyx': 2, 'hidden_size_yyx_l0': 5, 'hidden_size_yyx_l1': 5, 'context_size_yyx': 4, 'num_mix_components_yyx': 4, 'context_extractor_yyx': 'gru', 'activation_func_yyx': 'Tanh', 'L2_weight_yyx': 2.0005297475034605e-07, 'L_entropy_weight_yyx': 1.0774982019744462e-10, 'L_sep_weight_yyx': 5.002543398256208e-05, 'L_scale_weight_yyx': 0.0001455726574196836, 'learning_rate_yyx': 0.005666125865553643}. Best is trial 15 with value: -1.6819845856754096.
[I 2026-03-18 19:57:30,700] Trial 40 pruned. 
[I 2026-03-18 19:57:32,519] Trial 31 finished with value: -1.6774622538180262 and parameters: {'n_layers_yyx': 2, 'hidden_size_yyx_l0': 5, 'hidden_size_yyx_l1': 5, 'context_size_yyx': 3, 'num_mix_components_yyx': 5, 'context_extractor_yyx': 'lstm', 'activation_func_yyx': 'Tanh', 'L2_weight_yyx': 3.3869614465608015e-06, 'L_entropy_weight_yyx': 7.185396413227095e-08, 'L_sep_weight_yyx': 1.599584765584066e-08, 'L_scale_weight_yyx': 2.042799333591483e-08, 'learning_rate_yyx': 0.00611577659996926}. Best is trial 7 with value: -1.6801514889058558.
[I 2026-03-18 19:57:36,219] Trial 38 pruned. 
[I 2026-03-18 19:57:36,296] Trial 29 pruned. 
[I 2026-03-18 19:57:37,923] Trial 25 finished with value: -2.504659714809684 and parameters: {'n_layers_yyx': 1, 'hidden_size_yyx_l0': 6, 'context_size_yyx': 4, 'num_mix_components_yyx': 4, 'context_extractor_yyx': 'lstm', 'activation_func_yyx': 'Tanh', 'L2_weight_yyx': 4.15732090715233e-10, 'L_entropy_weight_yyx': 0.0001540150440039375, 'L_sep_weight_yyx': 0.0009884644823622208, 'L_scale_weight_yyx': 7.788715836801638e-08, 'learning_rate_yyx': 0.009636643152530221}. Best is trial 25 with value: -2.504659714809684.
[I 2026-03-18 19:57:38,427] Trial 24 finished with value: -2.5100715946409635 and parameters: {'n_layers_yyx': 2, 'hidden_size_yyx_l0': 5, 'hidden_size_yyx_l1': 3, 'context_size_yyx': 4, 'num_mix_components_yyx': 4, 'context_extractor_yyx': 'lstm', 'activation_func_yyx': 'GELU', 'L2_weight_yyx': 0.0009088328972670078, 'L_entropy_weight_yyx': 0.0009332132454736342, 'L_sep_weight_yyx': 8.08565898455808e-06, 'L_scale_weight_yyx': 2.235892631543742e-09, 'learning_rate_yyx': 0.00441339761277163}. Best is trial 1 with value: -2.5125601952756833.
[I 2026-03-18 19:57:38,545] Trial 47 pruned. 
[I 2026-03-18 19:57:40,470] Trial 28 pruned. 
[I 2026-03-18 19:57:40,566] Trial 41 pruned. 
[I 2026-03-18 19:57:42,703] Trial 22 finished with value: -2.035686918726176 and parameters: {'n_layers_yyx': 1, 'hidden_size_yyx_l0': 6, 'context_size_yyx': 4, 'num_mix_components_yyx': 5, 'context_extractor_yyx': 'lstm', 'activation_func_yyx': 'ReLU', 'L2_weight_yyx': 5.110932728810804e-08, 'L_entropy_weight_yyx': 6.291648020062747e-10, 'L_sep_weight_yyx': 8.438139306012866e-09, 'L_scale_weight_yyx': 1.0707945547951771e-07, 'learning_rate_yyx': 0.007935738171213215}. Best is trial 8 with value: -2.0365283470022115.
[I 2026-03-18 19:57:45,952] Trial 39 pruned. 
[I 2026-03-18 19:57:45,952] Trial 31 pruned. 
[I 2026-03-18 19:57:46,397] Trial 38 pruned. 
[I 2026-03-18 19:57:50,234] Trial 26 pruned. 
[I 2026-03-18 19:57:51,984] Trial 25 pruned. 
[I 2026-03-18 19:57:53,318] Trial 29 pruned. 
[I 2026-03-18 19:57:53,442] Trial 41 finished with value: -1.730878583570371 and parameters: {'n_layers_yyx': 1, 'hidden_size_yyx_l0': 4, 'context_size_yyx': 3, 'num_mix_components_yyx': 4, 'context_extractor_yyx': 'lstm', 'activation_func_yyx': 'ReLU', 'L2_weight_yyx': 1.2968234340903677e-05, 'L_entropy_weight_yyx': 1.378001886107047e-06, 'L_sep_weight_yyx': 2.735249622185979e-10, 'L_scale_weight_yyx': 0.00022074072860577655, 'learning_rate_yyx': 0.007115536101238053}. Best is trial 41 with value: -1.730878583570371.
[I 2026-03-18 19:57:57,047] Trial 39 pruned. 
[I 2026-03-18 19:58:01,189] Trial 30 pruned. 
[I 2026-03-18 19:58:01,758] Trial 46 pruned. 
[I 2026-03-18 19:58:02,105] Trial 42 pruned. 
[I 2026-03-18 19:58:04,587] Trial 40 pruned. 
[I 2026-03-18 19:58:06,024] Trial 41 finished with value: -1.674908822686096 and parameters: {'n_layers_yyx': 1, 'hidden_size_yyx_l0': 6, 'context_size_yyx': 4, 'num_mix_components_yyx': 5, 'context_extractor_yyx': 'gru', 'activation_func_yyx': 'ReLU', 'L2_weight_yyx': 1.0256913752453748e-06, 'L_entropy_weight_yyx': 1.0270282102810934e-05, 'L_sep_weight_yyx': 6.175300458683675e-10, 'L_scale_weight_yyx': 2.5479281037994413e-09, 'learning_rate_yyx': 0.007217074268634365}. Best is trial 13 with value: -1.6789194095140463.
[I 2026-03-18 19:58:07,149] Trial 30 pruned. 
[I 2026-03-18 19:58:07,433] Trial 23 pruned. 
[I 2026-03-18 19:58:07,489] Trial 32 pruned. 
[I 2026-03-18 19:58:12,088] Trial 43 pruned. 
[I 2026-03-18 19:58:12,270] Trial 31 finished with value: -2.022381762402845 and parameters: {'n_layers_yyx': 1, 'hidden_size_yyx_l0': 3, 'context_size_yyx': 3, 'num_mix_components_yyx': 4, 'context_extractor_yyx': 'gru', 'activation_func_yyx': 'Tanh', 'L2_weight_yyx': 6.32296550911892e-05, 'L_entropy_weight_yyx': 9.558245359051684e-05, 'L_sep_weight_yyx': 1.9391817331890406e-09, 'L_scale_weight_yyx': 0.00030450064727897665, 'learning_rate_yyx': 0.007643031447784937}. Best is trial 29 with value: -2.0228596854332306.
[I 2026-03-18 19:58:13,031] Trial 40 finished with value: -1.981662123185251 and parameters: {'n_layers_yyx': 2, 'hidden_size_yyx_l0': 4, 'hidden_size_yyx_l1': 6, 'context_size_yyx': 3, 'num_mix_components_yyx': 4, 'context_extractor_yyx': 'lstm', 'activation_func_yyx': 'Tanh', 'L2_weight_yyx': 1.23893885083371e-05, 'L_entropy_weight_yyx': 3.110330366023692e-07, 'L_sep_weight_yyx': 4.2060802509154615e-10, 'L_scale_weight_yyx': 8.428144245336447e-08, 'learning_rate_yyx': 0.006557125274780885}. Best is trial 1 with value: -1.9828018961884801.
[I 2026-03-18 19:58:14,547] Trial 42 pruned. 
[I 2026-03-18 19:58:14,671] Trial 35 finished with value: -1.6747009555976131 and parameters: {'n_layers_yyx': 1, 'hidden_size_yyx_l0': 5, 'context_size_yyx': 4, 'num_mix_components_yyx': 5, 'context_extractor_yyx': 'lstm', 'activation_func_yyx': 'Tanh', 'L2_weight_yyx': 2.009132002044937e-09, 'L_entropy_weight_yyx': 4.57731578667605e-05, 'L_sep_weight_yyx': 5.061743311525143e-10, 'L_scale_weight_yyx': 9.770587223998668e-07, 'learning_rate_yyx': 0.008643557845218301}. Best is trial 22 with value: -1.6797879616381284.
[I 2026-03-18 19:58:15,866] Trial 22 finished with value: -2.4928890835688082 and parameters: {'n_layers_yyx': 2, 'hidden_size_yyx_l0': 2, 'hidden_size_yyx_l1': 6, 'context_size_yyx': 1, 'num_mix_components_yyx': 5, 'context_extractor_yyx': 'gru', 'activation_func_yyx': 'GELU', 'L2_weight_yyx': 1.1269159268062345e-05, 'L_entropy_weight_yyx': 6.541221140177362e-10, 'L_sep_weight_yyx': 0.00014281206600939714, 'L_scale_weight_yyx': 0.0002031779618208254, 'learning_rate_yyx': 0.007729824571092674}. Best is trial 7 with value: -2.4950542279753494.
[I 2026-03-18 19:58:16,594] Trial 41 pruned. 
[I 2026-03-18 19:58:18,563] Trial 33 pruned. 
[I 2026-03-18 19:58:19,852] Trial 31 pruned. 
[I 2026-03-18 19:58:21,839] Trial 25 pruned. 
[I 2026-03-18 19:58:23,466] Trial 47 pruned. 
[I 2026-03-18 19:58:24,407] Trial 32 pruned. 
[I 2026-03-18 19:58:25,398] Trial 36 pruned. 
[I 2026-03-18 19:58:28,385] Trial 42 pruned. 
[I 2026-03-18 19:58:28,447] Trial 26 finished with value: -2.4960788622540644 and parameters: {'n_layers_yyx': 1, 'hidden_size_yyx_l0': 6, 'context_size_yyx': 4, 'num_mix_components_yyx': 2, 'context_extractor_yyx': 'lstm', 'activation_func_yyx': 'GELU', 'L2_weight_yyx': 2.4556010660317766e-07, 'L_entropy_weight_yyx': 0.00037550860551632944, 'L_sep_weight_yyx': 1.2920048396080424e-07, 'L_scale_weight_yyx': 6.555155707507765e-08, 'learning_rate_yyx': 0.0077114124420137676}. Best is trial 23 with value: -2.513824905841335.
[I 2026-03-18 19:58:30,149] Trial 24 finished with value: -2.0138113468986676 and parameters: {'n_layers_yyx': 1, 'hidden_size_yyx_l0': 6, 'context_size_yyx': 4, 'num_mix_components_yyx': 2, 'context_extractor_yyx': 'gru', 'activation_func_yyx': 'GELU', 'L2_weight_yyx': 1.3927630031639944e-05, 'L_entropy_weight_yyx': 8.945962598230522e-05, 'L_sep_weight_yyx': 5.6891014905158564e-05, 'L_scale_weight_yyx': 0.0007462196963005737, 'learning_rate_yyx': 0.0066718987966016925}. Best is trial 0 with value: -2.0138799336866504.
[I 2026-03-18 19:58:30,223] Trial 47 finished with value: -1.9817752715286772 and parameters: {'n_layers_yyx': 1, 'hidden_size_yyx_l0': 4, 'context_size_yyx': 4, 'num_mix_components_yyx': 4, 'context_extractor_yyx': 'gru', 'activation_func_yyx': 'Tanh', 'L2_weight_yyx': 1.6649252156546463e-05, 'L_entropy_weight_yyx': 4.987864409623168e-10, 'L_sep_weight_yyx': 7.074886613633377e-06, 'L_scale_weight_yyx': 3.331079622849533e-05, 'learning_rate_yyx': 0.00999890529017861}. Best is trial 11 with value: -1.9852781357200364.
[I 2026-03-18 19:58:30,910] Trial 48 pruned. 
[I 2026-03-18 19:58:31,059] Trial 24 pruned. 
[I 2026-03-18 19:58:32,333] Trial 32 pruned. 
[I 2026-03-18 19:58:39,155] Trial 34 pruned. 
[I 2026-03-18 19:58:40,642] Trial 40 pruned. 
[I 2026-03-18 19:58:42,814] Trial 49 pruned. 

Source events: 10752
Target events: 39192
Full model ln_yyx : 1352.47192 nats/sec, 31.05799 nats/event
Full model Log loss : -1.66853
Full model ln_yyx : 1339.80016 nats/sec, 30.76700 nats/event
Full model Log loss : -1.66354
Full model ln_yyx : 1339.79191 nats/sec, 30.76681 nats/event
Full model Log loss : -1.65939
Full model ln_yyx : 1349.14716 nats/sec, 30.98164 nats/event
Full model Log loss : -1.67342
Full model ln_yyx : 1345.68012 nats/sec, 30.90202 nats/event
Full model Log loss : -1.67229
Full model ln_yyx : 1349.99802 nats/sec, 31.00118 nats/event
Full model Log loss : -1.65686
Full model ln_yyx : 1354.35634 nats/sec, 31.10126 nats/event
Full model Log loss : -1.67250
Full model ln_yyx : 1352.70998 nats/sec, 31.06346 nats/event
Full model Log loss : -1.67588
Full model ln_yyx : 1347.69977 nats/sec, 30.94840 nats/event
Full model Log loss : -1.67158
Full model ln_yyx : 1357.09412 nats/sec, 31.16413 nats/event
Full model Log loss : -1.67190
Full model ln_yyx : 1356.61572 nats/sec, 31.15315 nats/event
Full model Log loss : -1.67213
Full model ln_yyx : 1351.68204 nats/sec, 31.03985 nats/event
Full model Log loss : -1.67197
Optimization finished. Config saved to results/opt-full/opt_full_310_best_config.txt
[I 2026-03-18 19:58:43,869] Trial 25 pruned. 
[I 2026-03-18 19:58:45,977] Trial 23 pruned. 
[I 2026-03-18 19:58:47,822] Trial 37 pruned. 
[I 2026-03-18 19:58:49,506] Trial 40 pruned. 
[I 2026-03-18 19:58:49,819] Trial 22 finished with value: -2.4968814889402684 and parameters: {'n_layers_yyx': 2, 'hidden_size_yyx_l0': 6, 'hidden_size_yyx_l1': 6, 'context_size_yyx': 4, 'num_mix_components_yyx': 4, 'context_extractor_yyx': 'gru', 'activation_func_yyx': 'ReLU', 'L2_weight_yyx': 2.744572742666314e-10, 'L_entropy_weight_yyx': 9.877962698803744e-10, 'L_sep_weight_yyx': 0.00012663377492429936, 'L_scale_weight_yyx': 0.00020572281054498308, 'learning_rate_yyx': 0.004647561279854283}. Best is trial 21 with value: -2.5132035092741223.
[I 2026-03-18 19:58:55,055] Trial 48 pruned. 
[I 2026-03-18 19:59:00,211] Trial 35 pruned. 
[I 2026-03-18 19:59:00,423] Trial 33 pruned. 
[I 2026-03-18 19:59:03,270] Trial 48 pruned. 
[I 2026-03-18 19:59:05,258] Trial 26 pruned. 
[I 2026-03-18 19:59:06,580] Trial 49 pruned. 

Source events: 18269
Target events: 31112
Full model ln_yyx : 2057.93120 nats/sec, 59.53131 nats/event
Full model Log loss : -1.95234
Full model ln_yyx : 2082.74397 nats/sec, 60.24909 nats/event
Full model Log loss : -1.98283
Full model ln_yyx : 2100.56870 nats/sec, 60.76472 nats/event
Full model Log loss : -1.97937
Full model ln_yyx : 2066.80787 nats/sec, 59.78809 nats/event
Full model Log loss : -1.98316
Full model ln_yyx : 2066.59200 nats/sec, 59.78185 nats/event
Full model Log loss : -1.98528
Full model ln_yyx : 2088.24342 nats/sec, 60.40817 nats/event
Full model Log loss : -1.98110
Full model ln_yyx : 2075.74534 nats/sec, 60.04663 nats/event
Full model Log loss : -1.98189
Full model ln_yyx : 2085.90627 nats/sec, 60.34056 nats/event
Full model Log loss : -1.98377
Full model ln_yyx : 2061.85630 nats/sec, 59.64485 nats/event
Full model Log loss : -1.98209
Full model ln_yyx : 2075.55856 nats/sec, 60.04123 nats/event
Full model Log loss : -1.98163
Full model ln_yyx : 2087.58166 nats/sec, 60.38903 nats/event
Full model Log loss : -1.98037
Full model ln_yyx : 2084.68377 nats/sec, 60.30520 nats/event
Full model Log loss : -1.98337
Full model ln_yyx : 2071.86916 nats/sec, 59.93450 nats/event
Full model Log loss : -1.98178
Optimization finished. Config saved to results/opt-full/opt_full_312_best_config.txt
[I 2026-03-18 19:59:06,949] Trial 43 pruned. 
[I 2026-03-18 19:59:07,512] Trial 38 pruned. 
[I 2026-03-18 19:59:07,674] Trial 26 pruned. 
[I 2026-03-18 19:59:08,841] Trial 21 finished with value: -2.5091374993369246 and parameters: {'n_layers_yyx': 1, 'hidden_size_yyx_l0': 5, 'context_size_yyx': 4, 'num_mix_components_yyx': 2, 'context_extractor_yyx': 'gru', 'activation_func_yyx': 'ReLU', 'L2_weight_yyx': 1.3672070166461214e-06, 'L_entropy_weight_yyx': 3.4610742758650326e-06, 'L_sep_weight_yyx': 1.0095183243875952e-08, 'L_scale_weight_yyx': 3.484578521616131e-07, 'learning_rate_yyx': 0.006799892401222194}. Best is trial 1 with value: -2.511856338115334.
[I 2026-03-18 19:59:10,507] Trial 41 pruned. 
[I 2026-03-18 19:59:14,109] Trial 26 pruned. 
[I 2026-03-18 19:59:14,118] Trial 21 finished with value: -2.5135727074032737 and parameters: {'n_layers_yyx': 1, 'hidden_size_yyx_l0': 4, 'context_size_yyx': 4, 'num_mix_components_yyx': 3, 'context_extractor_yyx': 'gru', 'activation_func_yyx': 'ReLU', 'L2_weight_yyx': 0.00017462713307002934, 'L_entropy_weight_yyx': 2.7439269225245646e-08, 'L_sep_weight_yyx': 0.0008873058100246512, 'L_scale_weight_yyx': 4.725990496744856e-10, 'learning_rate_yyx': 0.009350948705412433}. Best is trial 5 with value: -2.5140323195684524.
[I 2026-03-18 19:59:14,267] Trial 15 finished with value: -2.510781615865781 and parameters: {'n_layers_yyx': 1, 'hidden_size_yyx_l0': 6, 'context_size_yyx': 1, 'num_mix_components_yyx': 3, 'context_extractor_yyx': 'lstm', 'activation_func_yyx': 'Tanh', 'L2_weight_yyx': 3.339937507272744e-08, 'L_entropy_weight_yyx': 4.394458305244676e-09, 'L_sep_weight_yyx': 1.1021595333820991e-08, 'L_scale_weight_yyx': 1.0016110651886657e-08, 'learning_rate_yyx': 0.006667634128248348}. Best is trial 12 with value: -2.51518345292619.
[I 2026-03-18 19:59:14,984] Trial 48 pruned. 
[I 2026-03-18 19:59:19,222] Trial 28 finished with value: -2.5110013731973315 and parameters: {'n_layers_yyx': 1, 'hidden_size_yyx_l0': 5, 'context_size_yyx': 3, 'num_mix_components_yyx': 4, 'context_extractor_yyx': 'lstm', 'activation_func_yyx': 'Tanh', 'L2_weight_yyx': 1.2928142271325143e-05, 'L_entropy_weight_yyx': 0.00019680642211546918, 'L_sep_weight_yyx': 3.57791272003359e-08, 'L_scale_weight_yyx': 2.961109866564314e-08, 'learning_rate_yyx': 0.004874650235043538}. Best is trial 23 with value: -2.5132993257512335.
[I 2026-03-18 19:59:19,503] Trial 32 finished with value: -1.6813953661792613 and parameters: {'n_layers_yyx': 2, 'hidden_size_yyx_l0': 4, 'hidden_size_yyx_l1': 5, 'context_size_yyx': 3, 'num_mix_components_yyx': 5, 'context_extractor_yyx': 'lstm', 'activation_func_yyx': 'Tanh', 'L2_weight_yyx': 2.7133902111615367e-06, 'L_entropy_weight_yyx': 1.0429854940827321e-07, 'L_sep_weight_yyx': 2.7520232746645107e-10, 'L_scale_weight_yyx': 9.61638959351213e-08, 'learning_rate_yyx': 0.008227906099380884}. Best is trial 32 with value: -1.6813953661792613.
[I 2026-03-18 19:59:19,563] Trial 23 pruned. 
[I 2026-03-18 19:59:19,654] Trial 42 pruned. 
[I 2026-03-18 19:59:19,768] Trial 36 pruned. 
[I 2026-03-18 19:59:23,812] Trial 34 pruned. 
[I 2026-03-18 19:59:25,402] Trial 33 pruned. 
[I 2026-03-18 19:59:26,298] Trial 16 pruned. 
[I 2026-03-18 19:59:26,898] Trial 39 pruned. 
[I 2026-03-18 19:59:29,397] Trial 37 pruned. 
[I 2026-03-18 19:59:29,556] Trial 27 finished with value: -2.5042011734127074 and parameters: {'n_layers_yyx': 1, 'hidden_size_yyx_l0': 6, 'context_size_yyx': 4, 'num_mix_components_yyx': 4, 'context_extractor_yyx': 'lstm', 'activation_func_yyx': 'Tanh', 'L2_weight_yyx': 2.9282619256867326e-08, 'L_entropy_weight_yyx': 1.914878863309761e-06, 'L_sep_weight_yyx': 1.623290237126653e-07, 'L_scale_weight_yyx': 6.046919576815622e-07, 'learning_rate_yyx': 0.0078103524207455005}. Best is trial 25 with value: -2.504659714809684.
[I 2026-03-18 19:59:33,613] Trial 27 pruned. 
[I 2026-03-18 19:59:35,335] Trial 22 pruned. 
[I 2026-03-18 19:59:35,422] Trial 35 pruned. 
[I 2026-03-18 19:59:35,883] Trial 25 finished with value: -2.515340441232565 and parameters: {'n_layers_yyx': 2, 'hidden_size_yyx_l0': 4, 'hidden_size_yyx_l1': 3, 'context_size_yyx': 4, 'num_mix_components_yyx': 4, 'context_extractor_yyx': 'gru', 'activation_func_yyx': 'ReLU', 'L2_weight_yyx': 8.719651321063434e-09, 'L_entropy_weight_yyx': 2.0984737257134586e-06, 'L_sep_weight_yyx': 1.4633982597756107e-07, 'L_scale_weight_yyx': 8.714569996061966e-05, 'learning_rate_yyx': 0.009283732975252026}. Best is trial 22 with value: -2.5155989726836543.
[I 2026-03-18 19:59:40,380] Trial 22 pruned. 
[I 2026-03-18 19:59:41,450] Trial 41 finished with value: -1.9827367418855888 and parameters: {'n_layers_yyx': 2, 'hidden_size_yyx_l0': 4, 'hidden_size_yyx_l1': 6, 'context_size_yyx': 3, 'num_mix_components_yyx': 4, 'context_extractor_yyx': 'lstm', 'activation_func_yyx': 'Tanh', 'L2_weight_yyx': 0.00012989694555893741, 'L_entropy_weight_yyx': 2.960354157877991e-07, 'L_sep_weight_yyx': 3.022891015248152e-10, 'L_scale_weight_yyx': 2.846806262634187e-08, 'learning_rate_yyx': 0.008724651330274525}. Best is trial 1 with value: -1.9828018961884801.
[I 2026-03-18 19:59:42,201] Trial 28 pruned. 
[I 2026-03-18 19:59:46,148] Trial 29 pruned. 
[I 2026-03-18 19:59:46,735] Trial 40 pruned. 
[I 2026-03-18 19:59:47,048] Trial 36 pruned. 
[I 2026-03-18 19:59:47,150] Trial 43 finished with value: -1.6702626130719531 and parameters: {'n_layers_yyx': 1, 'hidden_size_yyx_l0': 6, 'context_size_yyx': 4, 'num_mix_components_yyx': 4, 'context_extractor_yyx': 'gru', 'activation_func_yyx': 'ReLU', 'L2_weight_yyx': 2.3397779612212233e-07, 'L_entropy_weight_yyx': 4.410967981611442e-05, 'L_sep_weight_yyx': 1.1404896974726706e-09, 'L_scale_weight_yyx': 5.0200581240882984e-09, 'learning_rate_yyx': 0.008425329269003122}. Best is trial 13 with value: -1.6789194095140463.
[I 2026-03-18 19:59:47,899] Trial 34 pruned. 
[I 2026-03-18 19:59:48,528] Trial 23 pruned. 
[I 2026-03-18 19:59:50,364] Trial 24 pruned. 
[I 2026-03-18 19:59:52,452] Trial 28 pruned. 
[I 2026-03-18 19:59:53,823] Trial 44 pruned. 
[I 2026-03-18 19:59:57,213] Trial 41 pruned. 
[I 2026-03-18 19:59:57,590] Trial 44 pruned. 
[I 2026-03-18 19:59:58,682] Trial 24 pruned. 
[I 2026-03-18 19:59:59,144] Trial 35 pruned. 
[I 2026-03-18 19:59:59,724] Trial 37 pruned. 
[I 2026-03-18 20:00:00,803] Trial 24 pruned. 
[I 2026-03-18 20:00:01,124] Trial 31 finished with value: -1.982787863742868 and parameters: {'n_layers_yyx': 1, 'hidden_size_yyx_l0': 5, 'context_size_yyx': 4, 'num_mix_components_yyx': 4, 'context_extractor_yyx': 'gru', 'activation_func_yyx': 'Tanh', 'L2_weight_yyx': 4.693281478063908e-08, 'L_entropy_weight_yyx': 4.817927932142883e-05, 'L_sep_weight_yyx': 1.935998469917535e-07, 'L_scale_weight_yyx': 1.6707602898433297e-06, 'learning_rate_yyx': 0.008055455482724547}. Best is trial 12 with value: -1.983840502266522.
[I 2026-03-18 20:00:04,204] Trial 49 pruned. 

Source events: 10752
Target events: 10683
Full model ln_yyx : 369.30667 nats/sec, 31.11261 nats/event
Full model Log loss : -1.66285
Full model ln_yyx : 364.17829 nats/sec, 30.68056 nats/event
Full model Log loss : -1.63890
Full model ln_yyx : 369.80975 nats/sec, 31.15499 nats/event
Full model Log loss : -1.66436
Full model ln_yyx : 371.20629 nats/sec, 31.27264 nats/event
Full model Log loss : -1.66566
Full model ln_yyx : 366.67010 nats/sec, 30.89049 nats/event
Full model Log loss : -1.66688
Full model ln_yyx : 367.15372 nats/sec, 30.93123 nats/event
Full model Log loss : -1.66583
Full model ln_yyx : 368.69379 nats/sec, 31.06098 nats/event
Full model Log loss : -1.66814
Full model ln_yyx : 371.12533 nats/sec, 31.26582 nats/event
Full model Log loss : -1.66252
Full model ln_yyx : 372.22919 nats/sec, 31.35882 nats/event
Full model Log loss : -1.66200
Full model ln_yyx : 369.94596 nats/sec, 31.16647 nats/event
Full model Log loss : -1.66459
Full model ln_yyx : 364.87844 nats/sec, 30.73955 nats/event
Full model Log loss : -1.66614
Optimization finished. Config saved to results/opt-full/opt_full_306_best_config.txt
[I 2026-03-18 20:00:04,648] Trial 27 pruned. 
[I 2026-03-18 20:00:07,609] Trial 29 pruned. 
[I 2026-03-18 20:00:09,143] Trial 17 finished with value: -2.5105753043819217 and parameters: {'n_layers_yyx': 2, 'hidden_size_yyx_l0': 6, 'hidden_size_yyx_l1': 2, 'context_size_yyx': 2, 'num_mix_components_yyx': 4, 'context_extractor_yyx': 'gru', 'activation_func_yyx': 'Tanh', 'L2_weight_yyx': 0.0005211754282834041, 'L_entropy_weight_yyx': 1.7873793094715133e-08, 'L_sep_weight_yyx': 0.0009239951697465955, 'L_scale_weight_yyx': 1.0260651469317273e-07, 'learning_rate_yyx': 0.0080222670312965}. Best is trial 0 with value: -2.511745534136428.
[I 2026-03-18 20:00:09,537] Trial 36 pruned. 
[I 2026-03-18 20:00:11,730] Trial 29 pruned. 
[I 2026-03-18 20:00:12,056] Trial 45 pruned. 
[I 2026-03-18 20:00:12,399] Trial 27 pruned. 
[I 2026-03-18 20:00:14,981] Trial 28 pruned. 
[I 2026-03-18 20:00:15,353] Trial 44 finished with value: -1.6938615509167378 and parameters: {'n_layers_yyx': 1, 'hidden_size_yyx_l0': 3, 'context_size_yyx': 4, 'num_mix_components_yyx': 5, 'context_extractor_yyx': 'lstm', 'activation_func_yyx': 'Tanh', 'L2_weight_yyx': 1.841241928955777e-06, 'L_entropy_weight_yyx': 2.3690584731842705e-10, 'L_sep_weight_yyx': 4.567041605413401e-05, 'L_scale_weight_yyx': 3.7832276288079145e-10, 'learning_rate_yyx': 0.006594991422757794}. Best is trial 18 with value: -1.7002973458681911.
[I 2026-03-18 20:00:15,442] Trial 41 finished with value: -1.6780103163785627 and parameters: {'n_layers_yyx': 1, 'hidden_size_yyx_l0': 6, 'context_size_yyx': 4, 'num_mix_components_yyx': 4, 'context_extractor_yyx': 'lstm', 'activation_func_yyx': 'Tanh', 'L2_weight_yyx': 2.9393827876698075e-06, 'L_entropy_weight_yyx': 1.5446217874158637e-10, 'L_sep_weight_yyx': 3.638944719025026e-08, 'L_scale_weight_yyx': 1.3312038244096558e-08, 'learning_rate_yyx': 0.008720329885303425}. Best is trial 41 with value: -1.6780103163785627.
[I 2026-03-18 20:00:15,598] Trial 45 pruned. 
[I 2026-03-18 20:00:16,232] Trial 42 pruned. 
[I 2026-03-18 20:00:18,022] Trial 25 pruned. 
[I 2026-03-18 20:00:20,425] Trial 30 pruned. 
[I 2026-03-18 20:00:23,057] Trial 32 pruned. 
[I 2026-03-18 20:00:23,564] Trial 38 pruned. 
[I 2026-03-18 20:00:23,812] Trial 28 pruned. 
[I 2026-03-18 20:00:24,946] Trial 29 pruned. 
[I 2026-03-18 20:00:26,010] Trial 25 pruned. 
[I 2026-03-18 20:00:27,039] Trial 25 pruned. 
[I 2026-03-18 20:00:30,491] Trial 26 pruned. 
[I 2026-03-18 20:00:31,040] Trial 30 pruned. 
[I 2026-03-18 20:00:34,354] Trial 18 pruned. 
[I 2026-03-18 20:00:35,002] Trial 39 pruned. 
[I 2026-03-18 20:00:35,263] Trial 43 pruned. 
[I 2026-03-18 20:00:35,590] Trial 30 pruned. 
[I 2026-03-18 20:00:35,739] Trial 29 pruned. 
[I 2026-03-18 20:00:38,969] Trial 26 pruned. 
[I 2026-03-18 20:00:41,111] Trial 33 finished with value: -1.6789408898708742 and parameters: {'n_layers_yyx': 2, 'hidden_size_yyx_l0': 4, 'hidden_size_yyx_l1': 5, 'context_size_yyx': 3, 'num_mix_components_yyx': 5, 'context_extractor_yyx': 'lstm', 'activation_func_yyx': 'Tanh', 'L2_weight_yyx': 6.509563797937889e-07, 'L_entropy_weight_yyx': 1.2605746921723617e-08, 'L_sep_weight_yyx': 1.9355862622874992e-10, 'L_scale_weight_yyx': 1.7287130111673037e-07, 'learning_rate_yyx': 0.008282278020127327}. Best is trial 32 with value: -1.6813953661792613.
[I 2026-03-18 20:00:42,205] Trial 49 finished with value: -1.6959769388169765 and parameters: {'n_layers_yyx': 2, 'hidden_size_yyx_l0': 5, 'hidden_size_yyx_l1': 4, 'context_size_yyx': 3, 'num_mix_components_yyx': 2, 'context_extractor_yyx': 'lstm', 'activation_func_yyx': 'GELU', 'L2_weight_yyx': 1.469630130727526e-08, 'L_entropy_weight_yyx': 5.53368302938923e-06, 'L_sep_weight_yyx': 1.7422816652516978e-10, 'L_scale_weight_yyx': 0.00037509022953067134, 'learning_rate_yyx': 0.005892237488251847}. Best is trial 40 with value: -1.718781614615247.

Source events: 10752
Target events: 1783
Full model ln_yyx : 62.63379 nats/sec, 31.61548 nats/event
Full model Log loss : -1.71668
Full model ln_yyx : 63.20535 nats/sec, 31.90399 nats/event
Full model Log loss : -1.71380
Full model ln_yyx : 62.57931 nats/sec, 31.58798 nats/event
Full model Log loss : -1.71647
Full model ln_yyx : 62.42666 nats/sec, 31.51093 nats/event
Full model Log loss : -1.70932
Full model ln_yyx : 61.76714 nats/sec, 31.17803 nats/event
Full model Log loss : -1.69741
Full model ln_yyx : 62.39309 nats/sec, 31.49399 nats/event
Full model Log loss : -1.71815
Full model ln_yyx : 62.10139 nats/sec, 31.34675 nats/event
Full model Log loss : -1.70802
Full model ln_yyx : 61.79302 nats/sec, 31.19109 nats/event
Full model Log loss : -1.71878
Full model ln_yyx : 61.90662 nats/sec, 31.24843 nats/event
Full model Log loss : -1.69598
Optimization finished. Config saved to results/opt-full/opt_full_301_best_config.txt
[I 2026-03-18 20:00:42,567] Trial 25 finished with value: -1.9892947930306837 and parameters: {'n_layers_yyx': 1, 'hidden_size_yyx_l0': 6, 'context_size_yyx': 3, 'num_mix_components_yyx': 1, 'context_extractor_yyx': 'gru', 'activation_func_yyx': 'GELU', 'L2_weight_yyx': 2.4293991628366656e-07, 'L_entropy_weight_yyx': 6.922687846229727e-05, 'L_sep_weight_yyx': 5.1036712555463e-05, 'L_scale_weight_yyx': 4.6571942745495193e-08, 'learning_rate_yyx': 0.00765772524992188}. Best is trial 0 with value: -2.0138799336866504.
[I 2026-03-18 20:00:43,152] Trial 27 pruned. 
[I 2026-03-18 20:00:44,923] Trial 44 pruned. 
[I 2026-03-18 20:00:47,051] Trial 23 pruned. 
[I 2026-03-18 20:00:50,195] Trial 30 pruned. 
[I 2026-03-18 20:00:51,055] Trial 42 finished with value: -1.990559620900197 and parameters: {'n_layers_yyx': 2, 'hidden_size_yyx_l0': 4, 'hidden_size_yyx_l1': 4, 'context_size_yyx': 3, 'num_mix_components_yyx': 5, 'context_extractor_yyx': 'gru', 'activation_func_yyx': 'Tanh', 'L2_weight_yyx': 0.00013019113447827288, 'L_entropy_weight_yyx': 5.087850339042985e-10, 'L_sep_weight_yyx': 1.6362949368230894e-09, 'L_scale_weight_yyx': 2.0691703813276897e-05, 'learning_rate_yyx': 0.0033265659014781917}. Best is trial 15 with value: -1.9940496908651817.
[I 2026-03-18 20:00:53,341] Trial 45 pruned. 
[I 2026-03-18 20:00:59,541] Trial 46 pruned. 
[I 2026-03-18 20:01:00,152] Trial 30 pruned. 
[I 2026-03-18 20:01:02,097] Trial 26 pruned. 
[I 2026-03-18 20:01:03,131] Trial 37 finished with value: -2.112738058322693 and parameters: {'n_layers_yyx': 1, 'hidden_size_yyx_l0': 4, 'context_size_yyx': 2, 'num_mix_components_yyx': 3, 'context_extractor_yyx': 'lstm', 'activation_func_yyx': 'Tanh', 'L2_weight_yyx': 6.695290783922312e-09, 'L_entropy_weight_yyx': 3.157764104973889e-09, 'L_sep_weight_yyx': 3.487484766316754e-09, 'L_scale_weight_yyx': 1.7402802300887995e-06, 'learning_rate_yyx': 0.0021545851698416903}. Best is trial 0 with value: -2.1143376288427875.
[I 2026-03-18 20:01:05,351] Trial 27 finished with value: -2.5131427272325637 and parameters: {'n_layers_yyx': 1, 'hidden_size_yyx_l0': 6, 'context_size_yyx': 4, 'num_mix_components_yyx': 2, 'context_extractor_yyx': 'gru', 'activation_func_yyx': 'GELU', 'L2_weight_yyx': 1.0304553874811585e-05, 'L_entropy_weight_yyx': 2.144974496164754e-05, 'L_sep_weight_yyx': 2.925001540774691e-09, 'L_scale_weight_yyx': 9.430188944606747e-09, 'learning_rate_yyx': 0.007801383451023481}. Best is trial 23 with value: -2.513824905841335.
[I 2026-03-18 20:01:06,095] Trial 31 pruned. 
[I 2026-03-18 20:01:06,172] Trial 43 finished with value: -1.7026804526021162 and parameters: {'n_layers_yyx': 2, 'hidden_size_yyx_l0': 3, 'hidden_size_yyx_l1': 6, 'context_size_yyx': 3, 'num_mix_components_yyx': 1, 'context_extractor_yyx': 'lstm', 'activation_func_yyx': 'GELU', 'L2_weight_yyx': 4.512972309132657e-06, 'L_entropy_weight_yyx': 1.5018088512077625e-09, 'L_sep_weight_yyx': 2.7382613622197047e-09, 'L_scale_weight_yyx': 2.672572941788346e-07, 'learning_rate_yyx': 0.008157429473596727}. Best is trial 5 with value: -1.704671424204909.
[I 2026-03-18 20:01:10,001] Trial 28 pruned. 
[I 2026-03-18 20:01:11,456] Trial 43 pruned. 
[I 2026-03-18 20:01:12,669] Trial 38 pruned. 
[I 2026-03-18 20:01:15,210] Trial 42 finished with value: -1.9804622550799846 and parameters: {'n_layers_yyx': 2, 'hidden_size_yyx_l0': 4, 'hidden_size_yyx_l1': 6, 'context_size_yyx': 3, 'num_mix_components_yyx': 3, 'context_extractor_yyx': 'lstm', 'activation_func_yyx': 'Tanh', 'L2_weight_yyx': 9.173190068644136e-05, 'L_entropy_weight_yyx': 4.578840695337869e-07, 'L_sep_weight_yyx': 3.504523529958565e-10, 'L_scale_weight_yyx': 2.6221731298873413e-08, 'learning_rate_yyx': 0.008258890932827154}. Best is trial 1 with value: -1.9828018961884801.
[I 2026-03-18 20:01:15,400] Trial 33 pruned. 
[I 2026-03-18 20:01:16,068] Trial 47 pruned. 
[I 2026-03-18 20:01:24,594] Trial 48 pruned. 
[I 2026-03-18 20:01:31,707] Trial 39 pruned. 
[I 2026-03-18 20:01:32,810] Trial 26 pruned. 
[I 2026-03-18 20:01:33,082] Trial 26 finished with value: -2.4981356271071826 and parameters: {'n_layers_yyx': 2, 'hidden_size_yyx_l0': 4, 'hidden_size_yyx_l1': 3, 'context_size_yyx': 4, 'num_mix_components_yyx': 5, 'context_extractor_yyx': 'gru', 'activation_func_yyx': 'ReLU', 'L2_weight_yyx': 3.7179893475268584e-07, 'L_entropy_weight_yyx': 4.354450543011073e-07, 'L_sep_weight_yyx': 8.023828850967155e-08, 'L_scale_weight_yyx': 0.00013962758643493232, 'learning_rate_yyx': 0.00574800383914278}. Best is trial 22 with value: -2.5155989726836543.
[I 2026-03-18 20:01:33,103] Trial 31 pruned. 
[I 2026-03-18 20:01:42,861] Trial 49 pruned. 

Source events: 10752
Target events: 20158
Full model ln_yyx : 696.17994 nats/sec, 31.08255 nats/event
Full model Log loss : -1.67611
Full model ln_yyx : 696.33209 nats/sec, 31.08934 nats/event
Full model Log loss : -1.66954
Full model ln_yyx : 698.64643 nats/sec, 31.19267 nats/event
Full model Log loss : -1.67044
Full model ln_yyx : 695.83861 nats/sec, 31.06731 nats/event
Full model Log loss : -1.65043
Full model ln_yyx : 703.67217 nats/sec, 31.41705 nats/event
Full model Log loss : -1.66970
Full model ln_yyx : 695.73056 nats/sec, 31.06248 nats/event
Full model Log loss : -1.67892
Full model ln_yyx : 698.32252 nats/sec, 31.17821 nats/event
Full model Log loss : -1.67780
Full model ln_yyx : 700.81029 nats/sec, 31.28928 nats/event
Full model Log loss : -1.67481
Full model ln_yyx : 696.21296 nats/sec, 31.08402 nats/event
Full model Log loss : -1.67843
Full model ln_yyx : 695.89126 nats/sec, 31.06966 nats/event
Full model Log loss : -1.67116
Full model ln_yyx : 699.44224 nats/sec, 31.22820 nats/event
Full model Log loss : -1.67063
Full model ln_yyx : 699.98528 nats/sec, 31.25244 nats/event
Full model Log loss : -1.67491
Full model ln_yyx : 695.67244 nats/sec, 31.05989 nats/event
Full model Log loss : -1.67026
Optimization finished. Config saved to results/opt-full/opt_full_309_best_config.txt
[I 2026-03-18 20:01:47,545] Trial 44 pruned. 
[I 2026-03-18 20:01:47,751] Trial 31 finished with value: -2.0349688425711574 and parameters: {'n_layers_yyx': 1, 'hidden_size_yyx_l0': 6, 'context_size_yyx': 4, 'num_mix_components_yyx': 5, 'context_extractor_yyx': 'lstm', 'activation_func_yyx': 'ReLU', 'L2_weight_yyx': 1.1961986807834319e-08, 'L_entropy_weight_yyx': 1.1234426386150882e-08, 'L_sep_weight_yyx': 6.454639647386851e-08, 'L_scale_weight_yyx': 2.9782622828500502e-09, 'learning_rate_yyx': 0.009850091017662571}. Best is trial 8 with value: -2.0365283470022115.
[I 2026-03-18 20:01:48,104] Trial 46 finished with value: -1.7228210905840866 and parameters: {'n_layers_yyx': 1, 'hidden_size_yyx_l0': 5, 'context_size_yyx': 4, 'num_mix_components_yyx': 4, 'context_extractor_yyx': 'lstm', 'activation_func_yyx': 'ReLU', 'L2_weight_yyx': 1.4402049864872335e-06, 'L_entropy_weight_yyx': 2.6396057968744682e-08, 'L_sep_weight_yyx': 0.00022986021513851827, 'L_scale_weight_yyx': 1.376307223311058e-06, 'learning_rate_yyx': 0.0038222373905051964}. Best is trial 41 with value: -1.730878583570371.
[I 2026-03-18 20:01:59,615] Trial 42 finished with value: -1.6806136813660988 and parameters: {'n_layers_yyx': 1, 'hidden_size_yyx_l0': 6, 'context_size_yyx': 4, 'num_mix_components_yyx': 4, 'context_extractor_yyx': 'lstm', 'activation_func_yyx': 'Tanh', 'L2_weight_yyx': 7.464385898295198e-05, 'L_entropy_weight_yyx': 2.5881456909228927e-10, 'L_sep_weight_yyx': 3.511093438865295e-08, 'L_scale_weight_yyx': 3.825739685375544e-08, 'learning_rate_yyx': 0.006110086122117631}. Best is trial 42 with value: -1.6806136813660988.
[I 2026-03-18 20:02:10,371] Trial 27 pruned. 
[I 2026-03-18 20:02:16,410] Trial 34 finished with value: -1.6791607271530833 and parameters: {'n_layers_yyx': 2, 'hidden_size_yyx_l0': 4, 'hidden_size_yyx_l1': 6, 'context_size_yyx': 4, 'num_mix_components_yyx': 5, 'context_extractor_yyx': 'lstm', 'activation_func_yyx': 'Tanh', 'L2_weight_yyx': 5.835263595079108e-07, 'L_entropy_weight_yyx': 9.96293887600791e-09, 'L_sep_weight_yyx': 1.8215719690572092e-10, 'L_scale_weight_yyx': 2.8711628262768726e-07, 'learning_rate_yyx': 0.007779220473305807}. Best is trial 32 with value: -1.6813953661792613.
[I 2026-03-18 20:02:30,698] Trial 17 finished with value: -2.514835052058789 and parameters: {'n_layers_yyx': 1, 'hidden_size_yyx_l0': 6, 'context_size_yyx': 1, 'num_mix_components_yyx': 4, 'context_extractor_yyx': 'lstm', 'activation_func_yyx': 'ReLU', 'L2_weight_yyx': 2.4385176644279037e-08, 'L_entropy_weight_yyx': 3.86918733566588e-10, 'L_sep_weight_yyx': 1.3636213762638518e-06, 'L_scale_weight_yyx': 1.4002170178700633e-08, 'learning_rate_yyx': 0.0094905359431356}. Best is trial 12 with value: -2.51518345292619.
[I 2026-03-18 20:02:39,475] Trial 44 pruned. 
[I 2026-03-18 20:02:46,660] Trial 34 pruned. 
[I 2026-03-18 20:02:47,950] Trial 28 pruned. 
[I 2026-03-18 20:02:48,357] Trial 47 pruned. 
[I 2026-03-18 20:02:54,878] Trial 32 finished with value: -1.67279859301793 and parameters: {'n_layers_yyx': 2, 'hidden_size_yyx_l0': 4, 'hidden_size_yyx_l1': 5, 'context_size_yyx': 4, 'num_mix_components_yyx': 4, 'context_extractor_yyx': 'gru', 'activation_func_yyx': 'Tanh', 'L2_weight_yyx': 4.304115349610283e-08, 'L_entropy_weight_yyx': 6.72021260875324e-10, 'L_sep_weight_yyx': 8.555666861588806e-05, 'L_scale_weight_yyx': 2.404144974503656e-06, 'learning_rate_yyx': 0.008125436575215136}. Best is trial 15 with value: -1.6819845856754096.
[I 2026-03-18 20:02:57,813] Trial 38 finished with value: -1.6706270238976246 and parameters: {'n_layers_yyx': 2, 'hidden_size_yyx_l0': 5, 'hidden_size_yyx_l1': 2, 'context_size_yyx': 3, 'num_mix_components_yyx': 2, 'context_extractor_yyx': 'gru', 'activation_func_yyx': 'Tanh', 'L2_weight_yyx': 1.584203571983725e-09, 'L_entropy_weight_yyx': 2.3188600996447028e-09, 'L_sep_weight_yyx': 2.1498028572431883e-09, 'L_scale_weight_yyx': 5.285733401240968e-07, 'learning_rate_yyx': 0.007090123507703584}. Best is trial 12 with value: -1.6796893990996478.
[I 2026-03-18 20:02:59,570] Trial 48 pruned. 
[I 2026-03-18 20:03:05,035] Trial 45 pruned. 
[I 2026-03-18 20:03:17,936] Trial 40 pruned. 
[I 2026-03-18 20:03:23,830] Trial 39 pruned. 
[I 2026-03-18 20:03:29,678] Trial 40 finished with value: -2.5419648710664338 and parameters: {'n_layers_yyx': 2, 'hidden_size_yyx_l0': 4, 'hidden_size_yyx_l1': 6, 'context_size_yyx': 3, 'num_mix_components_yyx': 1, 'context_extractor_yyx': 'lstm', 'activation_func_yyx': 'ReLU', 'L2_weight_yyx': 2.0423088386192334e-10, 'L_entropy_weight_yyx': 8.781525563786463e-08, 'L_sep_weight_yyx': 1.7637895400182775e-05, 'L_scale_weight_yyx': 1.301953195525265e-10, 'learning_rate_yyx': 0.0075985197595287305}. Best is trial 16 with value: -2.5482089436137594.
[I 2026-03-18 20:03:30,768] Trial 49 pruned. 

Source events: 10752
Target events: 3618
Full model ln_yyx : 126.28494 nats/sec, 31.41416 nats/event
Full model Log loss : -1.72818
Full model ln_yyx : 125.00601 nats/sec, 31.09602 nats/event
Full model Log loss : -1.71241
Full model ln_yyx : 126.01664 nats/sec, 31.34742 nats/event
Full model Log loss : -1.72949
Full model ln_yyx : 125.36381 nats/sec, 31.18503 nats/event
Full model Log loss : -1.71030
Full model ln_yyx : 126.87069 nats/sec, 31.55987 nats/event
Full model Log loss : -1.72087
Full model ln_yyx : 127.20438 nats/sec, 31.64288 nats/event
Full model Log loss : -1.72761
Full model ln_yyx : 127.70523 nats/sec, 31.76747 nats/event
Full model Log loss : -1.72675
Full model ln_yyx : 126.36842 nats/sec, 31.43493 nats/event
Full model Log loss : -1.72664
Full model ln_yyx : 126.19843 nats/sec, 31.39265 nats/event
Full model Log loss : -1.72540
Full model ln_yyx : 126.32739 nats/sec, 31.42472 nats/event
Full model Log loss : -1.73088
Full model ln_yyx : 127.45711 nats/sec, 31.70575 nats/event
Full model Log loss : -1.72282
Optimization finished. Config saved to results/opt-full/opt_full_311_best_config.txt
[I 2026-03-18 20:03:32,862] Trial 35 pruned. 
[I 2026-03-18 20:03:35,113] Trial 45 pruned. 
[I 2026-03-18 20:03:39,508] Trial 46 pruned. 
[I 2026-03-18 20:03:42,605] Trial 32 pruned. 
[I 2026-03-18 20:03:42,623] Trial 27 pruned. 
[I 2026-03-18 20:03:45,174] Trial 41 pruned. 
[I 2026-03-18 20:03:46,502] Trial 45 pruned. 
[I 2026-03-18 20:03:47,543] Trial 40 pruned. 
[I 2026-03-18 20:03:47,546] Trial 43 finished with value: -1.981774451117728 and parameters: {'n_layers_yyx': 2, 'hidden_size_yyx_l0': 5, 'hidden_size_yyx_l1': 6, 'context_size_yyx': 3, 'num_mix_components_yyx': 4, 'context_extractor_yyx': 'lstm', 'activation_func_yyx': 'Tanh', 'L2_weight_yyx': 0.00032128852134578943, 'L_entropy_weight_yyx': 1.937196688969589e-06, 'L_sep_weight_yyx': 3.8531321064866844e-10, 'L_scale_weight_yyx': 5.6540706457170564e-08, 'learning_rate_yyx': 0.009780228175107576}. Best is trial 1 with value: -1.9828018961884801.
[I 2026-03-18 20:03:49,909] Trial 47 pruned. 
[I 2026-03-18 20:03:50,378] Trial 37 pruned. 
[I 2026-03-18 20:03:53,331] Trial 31 finished with value: -2.5110693731769085 and parameters: {'n_layers_yyx': 1, 'hidden_size_yyx_l0': 6, 'context_size_yyx': 1, 'num_mix_components_yyx': 5, 'context_extractor_yyx': 'lstm', 'activation_func_yyx': 'ReLU', 'L2_weight_yyx': 4.8729581827328226e-05, 'L_entropy_weight_yyx': 1.9713868360088575e-07, 'L_sep_weight_yyx': 3.94310754582678e-07, 'L_scale_weight_yyx': 4.423490263194851e-09, 'learning_rate_yyx': 0.009589536446686451}. Best is trial 23 with value: -2.5132993257512335.
[I 2026-03-18 20:03:55,010] Trial 28 pruned. 
[I 2026-03-18 20:03:55,121] Trial 42 pruned. 
[I 2026-03-18 20:03:55,460] Trial 24 finished with value: -2.5134071858723956 and parameters: {'n_layers_yyx': 1, 'hidden_size_yyx_l0': 4, 'context_size_yyx': 4, 'num_mix_components_yyx': 3, 'context_extractor_yyx': 'gru', 'activation_func_yyx': 'ReLU', 'L2_weight_yyx': 0.0001929748996921931, 'L_entropy_weight_yyx': 4.3541172307308386e-07, 'L_sep_weight_yyx': 0.0007295027496277352, 'L_scale_weight_yyx': 1.8054869145665524e-07, 'learning_rate_yyx': 0.008067525902967825}. Best is trial 5 with value: -2.5140323195684524.
[I 2026-03-18 20:04:03,535] Trial 48 pruned. 
[I 2026-03-18 20:04:06,296] Trial 28 pruned. 
[I 2026-03-18 20:04:07,873] Trial 36 pruned. 
[I 2026-03-18 20:04:10,994] Trial 41 pruned. 
[I 2026-03-18 20:04:15,892] Trial 46 pruned. 
[I 2026-03-18 20:04:19,825] Trial 29 pruned. 
[I 2026-03-18 20:04:20,017] Trial 33 pruned. 
[I 2026-03-18 20:04:20,137] Trial 41 pruned. 
[I 2026-03-18 20:04:30,843] Trial 49 pruned. 

Source events: 10752
Target events: 5634
Full model ln_yyx : 196.11269 nats/sec, 31.32791 nats/event
Full model Log loss : -1.68851
Full model ln_yyx : 194.75787 nats/sec, 31.11148 nats/event
Full model Log loss : -1.68151
Full model ln_yyx : 196.55814 nats/sec, 31.39906 nats/event
Full model Log loss : -1.69655
Full model ln_yyx : 193.33997 nats/sec, 30.88498 nats/event
Full model Log loss : -1.67353
Full model ln_yyx : 194.58944 nats/sec, 31.08457 nats/event
Full model Log loss : -1.69202
Full model ln_yyx : 196.52627 nats/sec, 31.39397 nats/event
Full model Log loss : -1.70030
Full model ln_yyx : 196.56321 nats/sec, 31.39987 nats/event
Full model Log loss : -1.69718
Full model ln_yyx : 195.96649 nats/sec, 31.30455 nats/event
Full model Log loss : -1.69719
Full model ln_yyx : 196.55465 nats/sec, 31.39851 nats/event
Full model Log loss : -1.69761
Full model ln_yyx : 195.99554 nats/sec, 31.30919 nats/event
Full model Log loss : -1.69584
Full model ln_yyx : 197.26368 nats/sec, 31.51177 nats/event
Full model Log loss : -1.69793
Full model ln_yyx : 194.25904 nats/sec, 31.03180 nats/event
Full model Log loss : -1.69310
Full model ln_yyx : 195.22102 nats/sec, 31.18547 nats/event
Full model Log loss : -1.69386
Optimization finished. Config saved to results/opt-full/opt_full_305_best_config.txt
[I 2026-03-18 20:04:32,578] Trial 32 finished with value: -2.034980343729772 and parameters: {'n_layers_yyx': 1, 'hidden_size_yyx_l0': 6, 'context_size_yyx': 4, 'num_mix_components_yyx': 5, 'context_extractor_yyx': 'lstm', 'activation_func_yyx': 'ReLU', 'L2_weight_yyx': 1.2022092896472286e-07, 'L_entropy_weight_yyx': 4.830882799354902e-10, 'L_sep_weight_yyx': 7.957292172578608e-07, 'L_scale_weight_yyx': 4.1438927198172365e-10, 'learning_rate_yyx': 0.009712010824890491}. Best is trial 8 with value: -2.0365283470022115.
[I 2026-03-18 20:04:36,028] Trial 38 pruned. 
[I 2026-03-18 20:04:49,243] Trial 25 pruned. 
[I 2026-03-18 20:04:50,406] Trial 42 pruned. 
[I 2026-03-18 20:04:55,736] Trial 29 pruned. 
[I 2026-03-18 20:05:03,889] Trial 46 finished with value: -1.671285193909366 and parameters: {'n_layers_yyx': 1, 'hidden_size_yyx_l0': 4, 'context_size_yyx': 2, 'num_mix_components_yyx': 5, 'context_extractor_yyx': 'gru', 'activation_func_yyx': 'Tanh', 'L2_weight_yyx': 1.9620099432011522e-10, 'L_entropy_weight_yyx': 6.466574605928432e-06, 'L_sep_weight_yyx': 1.0611542789831279e-10, 'L_scale_weight_yyx': 3.96893975689069e-07, 'learning_rate_yyx': 0.004197356787777734}. Best is trial 22 with value: -1.6797879616381284.
[I 2026-03-18 20:05:07,137] Trial 42 pruned. 
[I 2026-03-18 20:05:15,502] Trial 30 pruned. 
[I 2026-03-18 20:05:19,506] Trial 33 pruned. 
[I 2026-03-18 20:05:28,139] Trial 35 finished with value: -1.6753530140280553 and parameters: {'n_layers_yyx': 2, 'hidden_size_yyx_l0': 3, 'hidden_size_yyx_l1': 6, 'context_size_yyx': 4, 'num_mix_components_yyx': 5, 'context_extractor_yyx': 'lstm', 'activation_func_yyx': 'Tanh', 'L2_weight_yyx': 5.262991869811784e-08, 'L_entropy_weight_yyx': 4.091569772509761e-09, 'L_sep_weight_yyx': 3.1152855942901796e-10, 'L_scale_weight_yyx': 6.208559926175213e-07, 'learning_rate_yyx': 0.008505436237726389}. Best is trial 32 with value: -1.6813953661792613.
[I 2026-03-18 20:05:29,982] Trial 43 pruned. 
[I 2026-03-18 20:05:32,261] Trial 43 finished with value: -1.6766934044254564 and parameters: {'n_layers_yyx': 1, 'hidden_size_yyx_l0': 6, 'context_size_yyx': 4, 'num_mix_components_yyx': 4, 'context_extractor_yyx': 'lstm', 'activation_func_yyx': 'Tanh', 'L2_weight_yyx': 0.00011460162730869351, 'L_entropy_weight_yyx': 2.839512200730831e-10, 'L_sep_weight_yyx': 1.7060993992237103e-07, 'L_scale_weight_yyx': 2.282364972416662e-08, 'learning_rate_yyx': 0.008195245830684232}. Best is trial 42 with value: -1.6806136813660988.
[I 2026-03-18 20:05:45,184] Trial 43 pruned. 
[I 2026-03-18 20:05:46,834] Trial 44 pruned. 
[I 2026-03-18 20:05:50,185] Trial 31 finished with value: -2.5108348734978794 and parameters: {'n_layers_yyx': 1, 'hidden_size_yyx_l0': 4, 'context_size_yyx': 4, 'num_mix_components_yyx': 3, 'context_extractor_yyx': 'lstm', 'activation_func_yyx': 'GELU', 'L2_weight_yyx': 5.555092245628276e-06, 'L_entropy_weight_yyx': 4.614935734426116e-06, 'L_sep_weight_yyx': 6.44192381341538e-05, 'L_scale_weight_yyx': 7.512800975628005e-08, 'learning_rate_yyx': 0.004542730624189272}. Best is trial 1 with value: -2.5125601952756833.
[I 2026-03-18 20:05:55,960] Trial 27 finished with value: -2.514055277390782 and parameters: {'n_layers_yyx': 2, 'hidden_size_yyx_l0': 3, 'hidden_size_yyx_l1': 4, 'context_size_yyx': 3, 'num_mix_components_yyx': 4, 'context_extractor_yyx': 'gru', 'activation_func_yyx': 'ReLU', 'L2_weight_yyx': 5.397827437506844e-06, 'L_entropy_weight_yyx': 9.468559945275365e-07, 'L_sep_weight_yyx': 2.3940083174405305e-07, 'L_scale_weight_yyx': 2.194506030164865e-05, 'learning_rate_yyx': 0.007567462326500823}. Best is trial 22 with value: -2.5155989726836543.
[I 2026-03-18 20:05:56,593] Trial 29 pruned. 
[I 2026-03-18 20:06:07,166] Trial 29 finished with value: -2.5108338840495406 and parameters: {'n_layers_yyx': 2, 'hidden_size_yyx_l0': 6, 'hidden_size_yyx_l1': 4, 'context_size_yyx': 1, 'num_mix_components_yyx': 3, 'context_extractor_yyx': 'gru', 'activation_func_yyx': 'ReLU', 'L2_weight_yyx': 9.052575734345286e-09, 'L_entropy_weight_yyx': 2.3032724653492865e-10, 'L_sep_weight_yyx': 1.1783675527583663e-10, 'L_scale_weight_yyx': 9.516662427052293e-05, 'learning_rate_yyx': 0.008132533646861586}. Best is trial 21 with value: -2.5132035092741223.
[I 2026-03-18 20:06:08,247] Trial 19 finished with value: -2.509295821122467 and parameters: {'n_layers_yyx': 2, 'hidden_size_yyx_l0': 6, 'hidden_size_yyx_l1': 2, 'context_size_yyx': 3, 'num_mix_components_yyx': 4, 'context_extractor_yyx': 'gru', 'activation_func_yyx': 'Tanh', 'L2_weight_yyx': 1.867508054862968e-05, 'L_entropy_weight_yyx': 1.2240062878070897e-08, 'L_sep_weight_yyx': 0.0009735400212694744, 'L_scale_weight_yyx': 1.6066021411809735e-06, 'learning_rate_yyx': 0.005786405048363306}. Best is trial 0 with value: -2.511745534136428.
[I 2026-03-18 20:06:14,504] Trial 32 pruned. 
[I 2026-03-18 20:06:20,503] Trial 39 pruned. 
[I 2026-03-18 20:06:21,473] Trial 30 pruned. 
[I 2026-03-18 20:06:22,062] Trial 45 pruned. 
[I 2026-03-18 20:06:22,411] Trial 34 pruned. 
[I 2026-03-18 20:06:23,307] Trial 30 pruned. 
[I 2026-03-18 20:06:24,423] Trial 46 finished with value: -1.9641318106436514 and parameters: {'n_layers_yyx': 2, 'hidden_size_yyx_l0': 3, 'hidden_size_yyx_l1': 3, 'context_size_yyx': 4, 'num_mix_components_yyx': 1, 'context_extractor_yyx': 'lstm', 'activation_func_yyx': 'ReLU', 'L2_weight_yyx': 9.170011689366356e-10, 'L_entropy_weight_yyx': 5.741428179209525e-08, 'L_sep_weight_yyx': 3.480345605075807e-08, 'L_scale_weight_yyx': 2.1035052801701913e-06, 'learning_rate_yyx': 0.005910632482990257}. Best is trial 15 with value: -1.9940496908651817.
[I 2026-03-18 20:06:28,331] Trial 44 finished with value: -1.9816246235681094 and parameters: {'n_layers_yyx': 2, 'hidden_size_yyx_l0': 5, 'hidden_size_yyx_l1': 6, 'context_size_yyx': 3, 'num_mix_components_yyx': 4, 'context_extractor_yyx': 'lstm', 'activation_func_yyx': 'Tanh', 'L2_weight_yyx': 0.0004441250762772825, 'L_entropy_weight_yyx': 2.00208466785354e-06, 'L_sep_weight_yyx': 3.2240870966607444e-10, 'L_scale_weight_yyx': 7.236276220535796e-08, 'learning_rate_yyx': 0.009726261961208507}. Best is trial 1 with value: -1.9828018961884801.
[I 2026-03-18 20:06:32,561] Trial 47 pruned. 
[I 2026-03-18 20:06:35,795] Trial 33 finished with value: -1.6714483258358737 and parameters: {'n_layers_yyx': 2, 'hidden_size_yyx_l0': 5, 'hidden_size_yyx_l1': 4, 'context_size_yyx': 4, 'num_mix_components_yyx': 4, 'context_extractor_yyx': 'gru', 'activation_func_yyx': 'Tanh', 'L2_weight_yyx': 2.405987807764728e-07, 'L_entropy_weight_yyx': 2.34337780119493e-10, 'L_sep_weight_yyx': 1.629069020511173e-05, 'L_scale_weight_yyx': 4.462694574691037e-07, 'learning_rate_yyx': 0.007794578641535409}. Best is trial 15 with value: -1.6819845856754096.
[I 2026-03-18 20:06:43,253] Trial 35 pruned. 
[I 2026-03-18 20:06:45,237] Trial 26 pruned. 
[I 2026-03-18 20:06:49,329] Trial 47 pruned. 
[I 2026-03-18 20:06:54,485] Trial 48 pruned. 
[I 2026-03-18 20:06:55,188] Trial 34 pruned. 
[I 2026-03-18 20:06:56,411] Trial 36 pruned. 
[I 2026-03-18 20:07:00,381] Trial 30 pruned. 
[I 2026-03-18 20:07:07,960] Trial 34 pruned. 
[I 2026-03-18 20:07:08,689] Trial 31 pruned. 
[I 2026-03-18 20:07:10,247] Trial 36 pruned. 
[I 2026-03-18 20:07:17,712] Trial 49 pruned. 

Source events: 10752
Target events: 32635
Full model ln_yyx : 1134.57811 nats/sec, 31.28912 nats/event
Full model Log loss : -1.67534
Full model ln_yyx : 1127.56981 nats/sec, 31.09584 nats/event
Full model Log loss : -1.65492
Full model ln_yyx : 1129.59706 nats/sec, 31.15175 nats/event
Full model Log loss : -1.67765
Full model ln_yyx : 1129.46464 nats/sec, 31.14810 nats/event
Full model Log loss : -1.67635
Full model ln_yyx : 1083.07444 nats/sec, 29.86876 nats/event
Full model Log loss : -1.56779
Full model ln_yyx : 1129.31220 nats/sec, 31.14389 nats/event
Full model Log loss : -1.67306
Full model ln_yyx : 1130.89738 nats/sec, 31.18761 nats/event
Full model Log loss : -1.66150
Full model ln_yyx : 1135.70200 nats/sec, 31.32011 nats/event
Full model Log loss : -1.67838
Full model ln_yyx : 1130.42594 nats/sec, 31.17461 nats/event
Full model Log loss : -1.67425
Full model ln_yyx : 1125.23013 nats/sec, 31.03132 nats/event
Full model Log loss : -1.67433
Full model ln_yyx : 1141.36427 nats/sec, 31.47626 nats/event
Full model Log loss : -1.67979
Full model ln_yyx : 1128.57293 nats/sec, 31.12351 nats/event
Full model Log loss : -1.67470
Full model ln_yyx : 1124.14537 nats/sec, 31.00140 nats/event
Full model Log loss : -1.67129
Optimization finished. Config saved to results/opt-full/opt_full_307_best_config.txt
[I 2026-03-18 20:07:22,374] Trial 31 pruned. 
[I 2026-03-18 20:07:24,548] Trial 35 pruned. 
[I 2026-03-18 20:07:31,759] Trial 44 pruned. 
[I 2026-03-18 20:07:52,729] Trial 36 pruned. 
[I 2026-03-18 20:08:05,403] Trial 37 pruned. 
[I 2026-03-18 20:08:07,398] Trial 37 pruned. 
[I 2026-03-18 20:08:08,364] Trial 40 pruned. 
[I 2026-03-18 20:08:20,615] Trial 47 finished with value: -1.7008289727639025 and parameters: {'n_layers_yyx': 2, 'hidden_size_yyx_l0': 2, 'hidden_size_yyx_l1': 4, 'context_size_yyx': 4, 'num_mix_components_yyx': 3, 'context_extractor_yyx': 'lstm', 'activation_func_yyx': 'GELU', 'L2_weight_yyx': 1.1119346130742861e-07, 'L_entropy_weight_yyx': 2.4943657578489345e-07, 'L_sep_weight_yyx': 4.568822995810961e-10, 'L_scale_weight_yyx': 1.1305206836045506e-07, 'learning_rate_yyx': 0.006319120216370467}. Best is trial 5 with value: -1.704671424204909.
[I 2026-03-18 20:08:27,382] Trial 27 finished with value: -2.5094734574659325 and parameters: {'n_layers_yyx': 2, 'hidden_size_yyx_l0': 4, 'hidden_size_yyx_l1': 5, 'context_size_yyx': 2, 'num_mix_components_yyx': 1, 'context_extractor_yyx': 'gru', 'activation_func_yyx': 'ReLU', 'L2_weight_yyx': 2.881345352607325e-07, 'L_entropy_weight_yyx': 3.358850311771146e-09, 'L_sep_weight_yyx': 7.038150373602258e-07, 'L_scale_weight_yyx': 1.151137957244836e-07, 'learning_rate_yyx': 0.0036893453241395053}. Best is trial 1 with value: -2.511856338115334.
[I 2026-03-18 20:08:29,093] Trial 38 pruned. 
[I 2026-03-18 20:08:33,455] Trial 38 pruned. 
[I 2026-03-18 20:08:35,889] Trial 41 pruned. 
[I 2026-03-18 20:08:42,745] Trial 48 pruned. 
[I 2026-03-18 20:08:47,196] Trial 37 pruned. 
[I 2026-03-18 20:08:47,447] Trial 39 pruned. 
[I 2026-03-18 20:08:50,668] Trial 44 finished with value: -1.676850006822094 and parameters: {'n_layers_yyx': 1, 'hidden_size_yyx_l0': 6, 'context_size_yyx': 4, 'num_mix_components_yyx': 4, 'context_extractor_yyx': 'lstm', 'activation_func_yyx': 'Tanh', 'L2_weight_yyx': 9.435499599864947e-05, 'L_entropy_weight_yyx': 2.484376334185606e-10, 'L_sep_weight_yyx': 1.973220614345762e-07, 'L_scale_weight_yyx': 9.068446758742444e-09, 'learning_rate_yyx': 0.008196508223917548}. Best is trial 42 with value: -1.6806136813660988.
[I 2026-03-18 20:08:51,267] Trial 49 pruned. 

Source events: 10752
Target events: 3828
Full model ln_yyx : 132.36973 nats/sec, 31.12141 nats/event
Full model Log loss : -1.68936
Full model ln_yyx : 132.80054 nats/sec, 31.22270 nats/event
Full model Log loss : -1.70327
Full model ln_yyx : 132.60727 nats/sec, 31.17726 nats/event
Full model Log loss : -1.70467
Full model ln_yyx : 131.87207 nats/sec, 31.00441 nats/event
Full model Log loss : -1.69959
Full model ln_yyx : 132.90223 nats/sec, 31.24661 nats/event
Full model Log loss : -1.70134
Full model ln_yyx : 132.96950 nats/sec, 31.26242 nats/event
Full model Log loss : -1.70205
Full model ln_yyx : 132.86324 nats/sec, 31.23744 nats/event
Full model Log loss : -1.68721
Full model ln_yyx : 132.83730 nats/sec, 31.23134 nats/event
Full model Log loss : -1.70220
Full model ln_yyx : 132.87513 nats/sec, 31.24023 nats/event
Full model Log loss : -1.70427
Full model ln_yyx : 132.47484 nats/sec, 31.14612 nats/event
Full model Log loss : -1.70275
Full model ln_yyx : 133.39717 nats/sec, 31.36297 nats/event
Full model Log loss : -1.70371
Full model ln_yyx : 132.48868 nats/sec, 31.14938 nats/event
Full model Log loss : -1.70268
Full model ln_yyx : 132.29352 nats/sec, 31.10349 nats/event
Full model Log loss : -1.70083
Optimization finished. Config saved to results/opt-full/opt_full_303_best_config.txt
[I 2026-03-18 20:08:56,273] Trial 40 pruned. 
[I 2026-03-18 20:09:10,783] Trial 31 pruned. 
[I 2026-03-18 20:09:10,796] Trial 32 pruned. 
[I 2026-03-18 20:09:11,805] Trial 28 pruned. 
[I 2026-03-18 20:09:11,808] Trial 37 finished with value: -1.9819899628189759 and parameters: {'n_layers_yyx': 2, 'hidden_size_yyx_l0': 5, 'hidden_size_yyx_l1': 3, 'context_size_yyx': 4, 'num_mix_components_yyx': 5, 'context_extractor_yyx': 'gru', 'activation_func_yyx': 'Tanh', 'L2_weight_yyx': 9.949951546150867e-08, 'L_entropy_weight_yyx': 2.3054541286452417e-05, 'L_sep_weight_yyx': 9.707940860220311e-09, 'L_scale_weight_yyx': 8.585787656407121e-07, 'learning_rate_yyx': 0.0067247466645795695}. Best is trial 12 with value: -1.983840502266522.
[I 2026-03-18 20:09:12,728] Trial 18 finished with value: -2.5135148288392437 and parameters: {'n_layers_yyx': 1, 'hidden_size_yyx_l0': 6, 'context_size_yyx': 2, 'num_mix_components_yyx': 5, 'context_extractor_yyx': 'lstm', 'activation_func_yyx': 'GELU', 'L2_weight_yyx': 3.3220583209620286e-08, 'L_entropy_weight_yyx': 8.435217808834012e-10, 'L_sep_weight_yyx': 5.318868954198863e-05, 'L_scale_weight_yyx': 1.801825539744478e-08, 'learning_rate_yyx': 0.0031305450345240297}. Best is trial 12 with value: -2.51518345292619.
[I 2026-03-18 20:09:27,721] Trial 32 finished with value: -2.5129029514784094 and parameters: {'n_layers_yyx': 1, 'hidden_size_yyx_l0': 6, 'context_size_yyx': 1, 'num_mix_components_yyx': 5, 'context_extractor_yyx': 'lstm', 'activation_func_yyx': 'ReLU', 'L2_weight_yyx': 0.00011821900062459131, 'L_entropy_weight_yyx': 3.723613683195964e-08, 'L_sep_weight_yyx': 5.879291156058661e-07, 'L_scale_weight_yyx': 1.1544304576276435e-08, 'learning_rate_yyx': 0.0078694048841694}. Best is trial 23 with value: -2.5132993257512335.
[I 2026-03-18 20:09:28,134] Trial 45 finished with value: -1.980358729473318 and parameters: {'n_layers_yyx': 2, 'hidden_size_yyx_l0': 5, 'hidden_size_yyx_l1': 6, 'context_size_yyx': 3, 'num_mix_components_yyx': 5, 'context_extractor_yyx': 'lstm', 'activation_func_yyx': 'Tanh', 'L2_weight_yyx': 0.00018003075435909656, 'L_entropy_weight_yyx': 3.025540981223259e-07, 'L_sep_weight_yyx': 7.699875334819047e-10, 'L_scale_weight_yyx': 6.4571162195126705e-09, 'learning_rate_yyx': 0.008697166269735046}. Best is trial 1 with value: -1.9828018961884801.
[I 2026-03-18 20:09:28,845] Trial 38 pruned. 
[I 2026-03-18 20:09:28,905] Trial 41 pruned. 
[I 2026-03-18 20:09:29,632] Trial 33 pruned. 
[I 2026-03-18 20:09:37,767] Trial 42 pruned. 
[I 2026-03-18 20:09:41,646] Trial 43 finished with value: -2.547192927007075 and parameters: {'n_layers_yyx': 2, 'hidden_size_yyx_l0': 5, 'hidden_size_yyx_l1': 4, 'context_size_yyx': 4, 'num_mix_components_yyx': 4, 'context_extractor_yyx': 'gru', 'activation_func_yyx': 'GELU', 'L2_weight_yyx': 3.4284541517930414e-08, 'L_entropy_weight_yyx': 0.0003640054505370873, 'L_sep_weight_yyx': 8.383431043314136e-08, 'L_scale_weight_yyx': 4.0923037839009656e-08, 'learning_rate_yyx': 0.009120136948438289}. Best is trial 16 with value: -2.5482089436137594.
[I 2026-03-18 20:09:50,662] Trial 35 finished with value: -2.03239200359384 and parameters: {'n_layers_yyx': 1, 'hidden_size_yyx_l0': 6, 'context_size_yyx': 4, 'num_mix_components_yyx': 4, 'context_extractor_yyx': 'gru', 'activation_func_yyx': 'ReLU', 'L2_weight_yyx': 2.735173564881076e-07, 'L_entropy_weight_yyx': 1.5039625672519709e-09, 'L_sep_weight_yyx': 8.361187193941064e-08, 'L_scale_weight_yyx': 8.634513673149871e-08, 'learning_rate_yyx': 0.008391624056715402}. Best is trial 8 with value: -2.0365283470022115.
[I 2026-03-18 20:10:11,144] Trial 36 pruned. 
[I 2026-03-18 20:10:13,227] Trial 39 pruned. 
[I 2026-03-18 20:10:14,396] Trial 45 pruned. 
[I 2026-03-18 20:10:23,236] Trial 43 pruned. 
[I 2026-03-18 20:10:35,932] Trial 44 pruned. 
[I 2026-03-18 20:10:36,180] Trial 46 pruned. 
[I 2026-03-18 20:10:37,795] Trial 37 pruned. 
[I 2026-03-18 20:10:40,528] Trial 20 finished with value: -2.5081354283252826 and parameters: {'n_layers_yyx': 2, 'hidden_size_yyx_l0': 3, 'hidden_size_yyx_l1': 3, 'context_size_yyx': 3, 'num_mix_components_yyx': 3, 'context_extractor_yyx': 'gru', 'activation_func_yyx': 'Tanh', 'L2_weight_yyx': 0.0008951622385199959, 'L_entropy_weight_yyx': 3.4712403064180065e-09, 'L_sep_weight_yyx': 1.2935023193562868e-10, 'L_scale_weight_yyx': 4.113147191581349e-08, 'learning_rate_yyx': 0.009919005779310788}. Best is trial 0 with value: -2.511745534136428.
[I 2026-03-18 20:10:47,981] Trial 31 finished with value: -2.0130025101140023 and parameters: {'n_layers_yyx': 1, 'hidden_size_yyx_l0': 4, 'context_size_yyx': 4, 'num_mix_components_yyx': 2, 'context_extractor_yyx': 'gru', 'activation_func_yyx': 'GELU', 'L2_weight_yyx': 1.0706224859707757e-05, 'L_entropy_weight_yyx': 1.386987377056386e-06, 'L_sep_weight_yyx': 7.753163866106481e-07, 'L_scale_weight_yyx': 0.0007757599403865971, 'learning_rate_yyx': 0.005693759250052427}. Best is trial 0 with value: -2.0138799336866504.
[I 2026-03-18 20:10:57,564] Trial 38 finished with value: -1.6780851988308938 and parameters: {'n_layers_yyx': 2, 'hidden_size_yyx_l0': 4, 'hidden_size_yyx_l1': 5, 'context_size_yyx': 4, 'num_mix_components_yyx': 5, 'context_extractor_yyx': 'gru', 'activation_func_yyx': 'Tanh', 'L2_weight_yyx': 4.189691247468208e-10, 'L_entropy_weight_yyx': 2.450997214818269e-08, 'L_sep_weight_yyx': 7.411410010327191e-10, 'L_scale_weight_yyx': 1.5228521094565945e-06, 'learning_rate_yyx': 0.0057754911784041775}. Best is trial 32 with value: -1.6813953661792613.
[I 2026-03-18 20:10:58,407] Trial 28 finished with value: -2.49653665414578 and parameters: {'n_layers_yyx': 2, 'hidden_size_yyx_l0': 3, 'hidden_size_yyx_l1': 5, 'context_size_yyx': 2, 'num_mix_components_yyx': 4, 'context_extractor_yyx': 'gru', 'activation_func_yyx': 'ReLU', 'L2_weight_yyx': 6.319726505546025e-06, 'L_entropy_weight_yyx': 3.9785131900097795e-08, 'L_sep_weight_yyx': 2.3697768159731922e-08, 'L_scale_weight_yyx': 0.000190059631044082, 'learning_rate_yyx': 0.0043558319788293744}. Best is trial 22 with value: -2.5155989726836543.
[I 2026-03-18 20:11:05,009] Trial 27 finished with value: -2.5137655552455356 and parameters: {'n_layers_yyx': 1, 'hidden_size_yyx_l0': 5, 'context_size_yyx': 4, 'num_mix_components_yyx': 3, 'context_extractor_yyx': 'gru', 'activation_func_yyx': 'ReLU', 'L2_weight_yyx': 2.4231083318497455e-08, 'L_entropy_weight_yyx': 3.288605888512338e-08, 'L_sep_weight_yyx': 0.0002940171852366251, 'L_scale_weight_yyx': 3.5375919819723056e-09, 'learning_rate_yyx': 0.008517112738820214}. Best is trial 5 with value: -2.5140323195684524.
[I 2026-03-18 20:11:07,465] Trial 21 pruned. 
[I 2026-03-18 20:11:09,841] Trial 44 pruned. 
[I 2026-03-18 20:11:12,873] Trial 19 pruned. 
[I 2026-03-18 20:11:13,010] Trial 32 pruned. 
[I 2026-03-18 20:11:16,618] Trial 32 finished with value: -2.513388777722962 and parameters: {'n_layers_yyx': 1, 'hidden_size_yyx_l0': 6, 'context_size_yyx': 4, 'num_mix_components_yyx': 2, 'context_extractor_yyx': 'gru', 'activation_func_yyx': 'GELU', 'L2_weight_yyx': 1.58601794617511e-05, 'L_entropy_weight_yyx': 5.669314604392178e-06, 'L_sep_weight_yyx': 1.344735346544868e-09, 'L_scale_weight_yyx': 9.695843165867538e-09, 'learning_rate_yyx': 0.008011061728711027}. Best is trial 23 with value: -2.513824905841335.
[I 2026-03-18 20:11:17,422] Trial 33 pruned. 
[I 2026-03-18 20:11:17,569] Trial 33 finished with value: -2.512931905705113 and parameters: {'n_layers_yyx': 1, 'hidden_size_yyx_l0': 5, 'context_size_yyx': 4, 'num_mix_components_yyx': 3, 'context_extractor_yyx': 'lstm', 'activation_func_yyx': 'GELU', 'L2_weight_yyx': 3.5901680093905665e-05, 'L_entropy_weight_yyx': 6.005506703382573e-07, 'L_sep_weight_yyx': 2.4634921987955785e-05, 'L_scale_weight_yyx': 6.406645267765982e-09, 'learning_rate_yyx': 0.0027105854296562565}. Best is trial 33 with value: -2.512931905705113.
[I 2026-03-18 20:11:19,262] Trial 45 pruned. 
[I 2026-03-18 20:11:23,847] Trial 20 pruned. 
[I 2026-03-18 20:11:25,094] Trial 46 pruned. 
[I 2026-03-18 20:11:32,449] Trial 28 pruned. 
[I 2026-03-18 20:11:34,585] Trial 46 finished with value: -1.984403099075014 and parameters: {'n_layers_yyx': 2, 'hidden_size_yyx_l0': 4, 'hidden_size_yyx_l1': 6, 'context_size_yyx': 4, 'num_mix_components_yyx': 4, 'context_extractor_yyx': 'lstm', 'activation_func_yyx': 'Tanh', 'L2_weight_yyx': 1.2929864796167392e-05, 'L_entropy_weight_yyx': 8.208497928816919e-07, 'L_sep_weight_yyx': 1.0098070054376188e-10, 'L_scale_weight_yyx': 3.3906423947185215e-08, 'learning_rate_yyx': 0.006320105046511785}. Best is trial 46 with value: -1.984403099075014.
[I 2026-03-18 20:11:42,184] Trial 33 pruned. 
[I 2026-03-18 20:11:42,412] Trial 48 finished with value: -1.9915798634022206 and parameters: {'n_layers_yyx': 1, 'hidden_size_yyx_l0': 2, 'context_size_yyx': 3, 'num_mix_components_yyx': 4, 'context_extractor_yyx': 'lstm', 'activation_func_yyx': 'Tanh', 'L2_weight_yyx': 3.200615593200007e-10, 'L_entropy_weight_yyx': 1.2053188915802044e-08, 'L_sep_weight_yyx': 4.337017272933946e-09, 'L_scale_weight_yyx': 0.0007118295958777307, 'learning_rate_yyx': 0.00786490430618334}. Best is trial 15 with value: -1.9940496908651817.
[I 2026-03-18 20:11:49,435] Trial 29 pruned. 
[I 2026-03-18 20:11:54,558] Trial 38 pruned. 
[I 2026-03-18 20:11:59,992] Trial 39 finished with value: -1.9826420186047327 and parameters: {'n_layers_yyx': 2, 'hidden_size_yyx_l0': 5, 'hidden_size_yyx_l1': 5, 'context_size_yyx': 4, 'num_mix_components_yyx': 3, 'context_extractor_yyx': 'gru', 'activation_func_yyx': 'GELU', 'L2_weight_yyx': 4.985771273840174e-06, 'L_entropy_weight_yyx': 5.845607113270158e-07, 'L_sep_weight_yyx': 5.815501168015089e-07, 'L_scale_weight_yyx': 1.6165663031019524e-05, 'learning_rate_yyx': 0.008420591346242342}. Best is trial 12 with value: -1.983840502266522.
[I 2026-03-18 20:12:04,307] Trial 49 pruned. 

Source events: 18269
Target events: 20315
Full model ln_yyx : 1342.37150 nats/sec, 59.47006 nats/event
Full model Log loss : -1.96904
Full model ln_yyx : 1343.03739 nats/sec, 59.49956 nats/event
Full model Log loss : -1.95403
Full model ln_yyx : 1345.50569 nats/sec, 59.60892 nats/event
Full model Log loss : -1.99301
Full model ln_yyx : 1355.71810 nats/sec, 60.06135 nats/event
Full model Log loss : -1.99250
Full model ln_yyx : 1360.68185 nats/sec, 60.28125 nats/event
Full model Log loss : -1.99405
Full model ln_yyx : 1355.67099 nats/sec, 60.05926 nats/event
Full model Log loss : -1.99218
Full model ln_yyx : 1358.92036 nats/sec, 60.20322 nats/event
Full model Log loss : -1.99199
Full model ln_yyx : 1340.90582 nats/sec, 59.40513 nats/event
Full model Log loss : -1.97143
Full model ln_yyx : 1362.85893 nats/sec, 60.37770 nats/event
Full model Log loss : -1.99056
Full model ln_yyx : 1337.15607 nats/sec, 59.23901 nats/event
Full model Log loss : -1.96413
Full model ln_yyx : 1361.84651 nats/sec, 60.33285 nats/event
Full model Log loss : -1.99158
Optimization finished. Config saved to results/opt-full/opt_full_314_best_config.txt
[I 2026-03-18 20:12:07,649] Trial 32 pruned. 
[I 2026-03-18 20:12:08,283] Trial 45 pruned. 
[I 2026-03-18 20:12:23,366] Trial 39 pruned. 
[I 2026-03-18 20:12:38,514] Trial 33 pruned. 
[I 2026-03-18 20:12:39,257] Trial 34 pruned. 
[I 2026-03-18 20:12:40,834] Trial 46 pruned. 
[I 2026-03-18 20:12:41,486] Trial 45 finished with value: -2.111558116835142 and parameters: {'n_layers_yyx': 1, 'hidden_size_yyx_l0': 4, 'context_size_yyx': 3, 'num_mix_components_yyx': 4, 'context_extractor_yyx': 'lstm', 'activation_func_yyx': 'Tanh', 'L2_weight_yyx': 0.00039966200241795175, 'L_entropy_weight_yyx': 6.003425681631137e-09, 'L_sep_weight_yyx': 7.531650606922413e-09, 'L_scale_weight_yyx': 2.853357272232299e-06, 'learning_rate_yyx': 0.004972785002852516}. Best is trial 0 with value: -2.1143376288427875.
[I 2026-03-18 20:12:45,689] Trial 40 pruned. 
[I 2026-03-18 20:12:47,259] Trial 42 pruned. 
[I 2026-03-18 20:12:48,860] Trial 46 pruned. 
[I 2026-03-18 20:12:49,253] Trial 34 pruned. 
[I 2026-03-18 20:12:49,392] Trial 33 pruned. 
[I 2026-03-18 20:12:50,490] Trial 35 pruned. 
[I 2026-03-18 20:12:50,626] Trial 34 pruned. 
[I 2026-03-18 20:12:51,739] Trial 46 finished with value: -1.6770309895520483 and parameters: {'n_layers_yyx': 1, 'hidden_size_yyx_l0': 6, 'context_size_yyx': 4, 'num_mix_components_yyx': 4, 'context_extractor_yyx': 'lstm', 'activation_func_yyx': 'Tanh', 'L2_weight_yyx': 0.00019272911896289823, 'L_entropy_weight_yyx': 1.0351412254420825e-10, 'L_sep_weight_yyx': 1.8673497241519974e-07, 'L_scale_weight_yyx': 3.0253058708197924e-09, 'learning_rate_yyx': 0.008942363725780327}. Best is trial 42 with value: -1.6806136813660988.
[I 2026-03-18 20:13:00,312] Trial 40 pruned. 
[I 2026-03-18 20:13:01,996] Trial 47 pruned. 
[I 2026-03-18 20:13:05,925] Trial 35 pruned. 
[I 2026-03-18 20:13:09,091] Trial 47 pruned. 
[I 2026-03-18 20:13:13,490] Trial 47 pruned. 
[I 2026-03-18 20:13:20,199] Trial 35 pruned. 
[I 2026-03-18 20:13:23,941] Trial 39 finished with value: -1.6791899798868484 and parameters: {'n_layers_yyx': 2, 'hidden_size_yyx_l0': 4, 'hidden_size_yyx_l1': 5, 'context_size_yyx': 4, 'num_mix_components_yyx': 4, 'context_extractor_yyx': 'lstm', 'activation_func_yyx': 'Tanh', 'L2_weight_yyx': 2.180141469130384e-09, 'L_entropy_weight_yyx': 1.1163049268282163e-09, 'L_sep_weight_yyx': 2.0832242506459364e-10, 'L_scale_weight_yyx': 1.8875080027411213e-05, 'learning_rate_yyx': 0.004666233799585844}. Best is trial 32 with value: -1.6813953661792613.
[I 2026-03-18 20:13:27,499] Trial 36 pruned. 
[I 2026-03-18 20:13:27,730] Trial 48 pruned. 
[I 2026-03-18 20:13:28,716] Trial 36 pruned. 
[I 2026-03-18 20:13:28,763] Trial 48 pruned. 
[I 2026-03-18 20:13:33,746] Trial 34 finished with value: -2.48044679525611 and parameters: {'n_layers_yyx': 2, 'hidden_size_yyx_l0': 3, 'hidden_size_yyx_l1': 5, 'context_size_yyx': 2, 'num_mix_components_yyx': 4, 'context_extractor_yyx': 'gru', 'activation_func_yyx': 'GELU', 'L2_weight_yyx': 5.303585067875497e-10, 'L_entropy_weight_yyx': 1.1182701508846446e-09, 'L_sep_weight_yyx': 0.0009671989007548036, 'L_scale_weight_yyx': 0.0004463839021712612, 'learning_rate_yyx': 0.00982714334372991}. Best is trial 7 with value: -2.4950542279753494.
[I 2026-03-18 20:13:37,334] Trial 30 pruned. 
[I 2026-03-18 20:13:41,317] Trial 36 pruned. 
[I 2026-03-18 20:13:51,477] Trial 49 pruned. 

Source events: 27060
Target events: 1783
Full model ln_yyx : 205.39600 nats/sec, 103.67717 nats/event
Full model Log loss : -2.54480
Full model ln_yyx : 205.27136 nats/sec, 103.61426 nats/event
Full model Log loss : -2.54629
Full model ln_yyx : 206.88854 nats/sec, 104.43056 nats/event
Full model Log loss : -2.54676
Full model ln_yyx : 207.30416 nats/sec, 104.64035 nats/event
Full model Log loss : -2.54716
Full model ln_yyx : 205.56075 nats/sec, 103.76033 nats/event
Full model Log loss : -2.54708
Full model ln_yyx : 206.73260 nats/sec, 104.35185 nats/event
Full model Log loss : -2.54821
Full model ln_yyx : 205.88784 nats/sec, 103.92544 nats/event
Full model Log loss : -2.53445
Full model ln_yyx : 206.46702 nats/sec, 104.21779 nats/event
Full model Log loss : -2.54619
Full model ln_yyx : 207.20178 nats/sec, 104.58867 nats/event
Full model Log loss : -2.54730
Full model ln_yyx : 207.09793 nats/sec, 104.53625 nats/event
Full model Log loss : -2.54196
Full model ln_yyx : 206.83574 nats/sec, 104.40391 nats/event
Full model Log loss : -2.54719
Optimization finished. Config saved to results/opt-full/opt_full_289_best_config.txt
[I 2026-03-18 20:14:00,478] Trial 29 finished with value: -2.5130348596149745 and parameters: {'n_layers_yyx': 2, 'hidden_size_yyx_l0': 4, 'hidden_size_yyx_l1': 4, 'context_size_yyx': 3, 'num_mix_components_yyx': 5, 'context_extractor_yyx': 'gru', 'activation_func_yyx': 'ReLU', 'L2_weight_yyx': 3.493475625585765e-05, 'L_entropy_weight_yyx': 6.199342809389971e-07, 'L_sep_weight_yyx': 2.1350997389225362e-07, 'L_scale_weight_yyx': 6.49975895704792e-06, 'learning_rate_yyx': 0.00784247822515123}. Best is trial 22 with value: -2.5155989726836543.
[I 2026-03-18 20:14:03,660] Trial 40 pruned. 
[I 2026-03-18 20:14:15,701] Trial 47 pruned. 
[I 2026-03-18 20:14:16,187] Trial 29 pruned. 
[I 2026-03-18 20:14:18,501] Trial 37 pruned. 
[I 2026-03-18 20:14:22,672] Trial 40 finished with value: -2.50272050014762 and parameters: {'n_layers_yyx': 1, 'hidden_size_yyx_l0': 5, 'context_size_yyx': 4, 'num_mix_components_yyx': 3, 'context_extractor_yyx': 'lstm', 'activation_func_yyx': 'Tanh', 'L2_weight_yyx': 0.0006825058307468972, 'L_entropy_weight_yyx': 1.169071687056516e-06, 'L_sep_weight_yyx': 0.0005261621466073075, 'L_scale_weight_yyx': 3.6142197691010537e-06, 'learning_rate_yyx': 0.004204339253559697}. Best is trial 25 with value: -2.504659714809684.
[I 2026-03-18 20:14:24,371] Trial 43 pruned. 
[I 2026-03-18 20:14:24,512] Trial 30 pruned. 
[I 2026-03-18 20:14:24,695] Trial 41 pruned. 
[I 2026-03-18 20:14:24,949] Trial 37 pruned. 
[I 2026-03-18 20:14:26,564] Trial 34 finished with value: -2.511808087980826 and parameters: {'n_layers_yyx': 2, 'hidden_size_yyx_l0': 6, 'hidden_size_yyx_l1': 5, 'context_size_yyx': 4, 'num_mix_components_yyx': 3, 'context_extractor_yyx': 'lstm', 'activation_func_yyx': 'ReLU', 'L2_weight_yyx': 1.3690576345300228e-07, 'L_entropy_weight_yyx': 7.680230467639158e-09, 'L_sep_weight_yyx': 1.800156467039099e-05, 'L_scale_weight_yyx': 1.054913540846262e-10, 'learning_rate_yyx': 0.008719270413277793}. Best is trial 21 with value: -2.5132035092741223.
[I 2026-03-18 20:14:33,338] Trial 30 pruned. 
[I 2026-03-18 20:14:39,148] Trial 48 pruned. 
[I 2026-03-18 20:14:40,405] Trial 44 pruned. 
[I 2026-03-18 20:15:07,423] Trial 49 pruned. 

Source events: 18269
Target events: 1783
Full model ln_yyx : 122.22305 nats/sec, 61.69419 nats/event
Full model Log loss : -2.11434
Full model ln_yyx : 120.42636 nats/sec, 60.78728 nats/event
Full model Log loss : -2.08745
Full model ln_yyx : 121.73468 nats/sec, 61.44768 nats/event
Full model Log loss : -2.11383
Full model ln_yyx : 119.80889 nats/sec, 60.47560 nats/event
Full model Log loss : -2.08529
Full model ln_yyx : 121.98898 nats/sec, 61.57604 nats/event
Full model Log loss : -2.11249
Full model ln_yyx : 121.38633 nats/sec, 61.27184 nats/event
Full model Log loss : -2.11090
Full model ln_yyx : 122.13944 nats/sec, 61.65199 nats/event
Full model Log loss : -2.11189
Full model ln_yyx : 119.03971 nats/sec, 60.08735 nats/event
Full model Log loss : -2.10894
Full model ln_yyx : 122.13969 nats/sec, 61.65212 nats/event
Full model Log loss : -2.11189
Full model ln_yyx : 121.38073 nats/sec, 61.26902 nats/event
Full model Log loss : -2.11274
Full model ln_yyx : 120.79388 nats/sec, 60.97280 nats/event
Full model Log loss : -2.11156
Optimization finished. Config saved to results/opt-full/opt_full_313_best_config.txt
[I 2026-03-18 20:15:16,639] Trial 35 pruned. 
[I 2026-03-18 20:15:25,925] Trial 34 finished with value: -2.4966779617180137 and parameters: {'n_layers_yyx': 1, 'hidden_size_yyx_l0': 5, 'context_size_yyx': 4, 'num_mix_components_yyx': 2, 'context_extractor_yyx': 'lstm', 'activation_func_yyx': 'GELU', 'L2_weight_yyx': 3.9189686696803486e-05, 'L_entropy_weight_yyx': 5.265439536800724e-07, 'L_sep_weight_yyx': 1.1787809457438485e-07, 'L_scale_weight_yyx': 5.134348261235081e-09, 'learning_rate_yyx': 0.0025334902030977532}. Best is trial 33 with value: -2.512931905705113.
[I 2026-03-18 20:15:27,807] Trial 47 finished with value: -1.6790185513145817 and parameters: {'n_layers_yyx': 2, 'hidden_size_yyx_l0': 2, 'hidden_size_yyx_l1': 6, 'context_size_yyx': 3, 'num_mix_components_yyx': 3, 'context_extractor_yyx': 'gru', 'activation_func_yyx': 'Tanh', 'L2_weight_yyx': 1.569056277716452e-08, 'L_entropy_weight_yyx': 1.1113253479193877e-09, 'L_sep_weight_yyx': 9.848886763394386e-06, 'L_scale_weight_yyx': 1.2694621715529326e-08, 'learning_rate_yyx': 0.004209229521164342}. Best is trial 15 with value: -1.6819845856754096.
[I 2026-03-18 20:15:28,229] Trial 41 finished with value: -2.0352760025217562 and parameters: {'n_layers_yyx': 1, 'hidden_size_yyx_l0': 6, 'context_size_yyx': 4, 'num_mix_components_yyx': 5, 'context_extractor_yyx': 'lstm', 'activation_func_yyx': 'ReLU', 'L2_weight_yyx': 1.3921351088018718e-07, 'L_entropy_weight_yyx': 5.121782232839556e-10, 'L_sep_weight_yyx': 9.015765006928841e-07, 'L_scale_weight_yyx': 5.337275055125995e-10, 'learning_rate_yyx': 0.009358116961768515}. Best is trial 8 with value: -2.0365283470022115.
[I 2026-03-18 20:15:28,440] Trial 31 pruned. 
[I 2026-03-18 20:15:28,441] Trial 45 pruned. 
[I 2026-03-18 20:15:39,728] Trial 41 finished with value: -1.9825618063425423 and parameters: {'n_layers_yyx': 1, 'hidden_size_yyx_l0': 5, 'context_size_yyx': 4, 'num_mix_components_yyx': 4, 'context_extractor_yyx': 'gru', 'activation_func_yyx': 'Tanh', 'L2_weight_yyx': 4.521745504014473e-08, 'L_entropy_weight_yyx': 3.275598642366823e-05, 'L_sep_weight_yyx': 1.404505761057089e-07, 'L_scale_weight_yyx': 1.5319133976249355e-06, 'learning_rate_yyx': 0.008482007064117255}. Best is trial 12 with value: -1.983840502266522.
[I 2026-03-18 20:15:47,103] Trial 48 pruned. 
[I 2026-03-18 20:16:03,707] Trial 47 finished with value: -1.6772978973755293 and parameters: {'n_layers_yyx': 1, 'hidden_size_yyx_l0': 6, 'context_size_yyx': 4, 'num_mix_components_yyx': 4, 'context_extractor_yyx': 'lstm', 'activation_func_yyx': 'Tanh', 'L2_weight_yyx': 0.00029687484259895337, 'L_entropy_weight_yyx': 1.1674421783957553e-10, 'L_sep_weight_yyx': 1.0683704718874946e-07, 'L_scale_weight_yyx': 4.399352839259046e-09, 'learning_rate_yyx': 0.00885024233300857}. Best is trial 42 with value: -1.6806136813660988.
[I 2026-03-18 20:16:05,666] Trial 42 pruned. 
[I 2026-03-18 20:16:10,438] Trial 36 pruned. 
[I 2026-03-18 20:16:11,641] Trial 21 finished with value: -2.5143157757643144 and parameters: {'n_layers_yyx': 1, 'hidden_size_yyx_l0': 5, 'context_size_yyx': 1, 'num_mix_components_yyx': 4, 'context_extractor_yyx': 'lstm', 'activation_func_yyx': 'ReLU', 'L2_weight_yyx': 4.468823743431282e-10, 'L_entropy_weight_yyx': 1.2799140069610064e-08, 'L_sep_weight_yyx': 1.9838299536017937e-07, 'L_scale_weight_yyx': 3.217275009703431e-10, 'learning_rate_yyx': 0.008572270735713879}. Best is trial 12 with value: -2.51518345292619.
[I 2026-03-18 20:16:13,610] Trial 49 pruned. 
[I 2026-03-18 20:16:13,610] Trial 35 pruned. 

Source events: 10752
Target events: 24874
Full model ln_yyx : 858.80872 nats/sec, 31.07373 nats/event
Full model Log loss : -1.66625
Full model ln_yyx : 866.73000 nats/sec, 31.36034 nats/event
Full model Log loss : -1.68043
Full model ln_yyx : 856.81850 nats/sec, 31.00171 nats/event
Full model Log loss : -1.67089
Full model ln_yyx : 861.35899 nats/sec, 31.16600 nats/event
Full model Log loss : -1.65719
Full model ln_yyx : 856.64077 nats/sec, 30.99528 nats/event
Full model Log loss : -1.67070
Full model ln_yyx : 862.82370 nats/sec, 31.21900 nats/event
Full model Log loss : -1.67273
Full model ln_yyx : 860.74157 nats/sec, 31.14366 nats/event
Full model Log loss : -1.67399
Full model ln_yyx : 869.18116 nats/sec, 31.44902 nats/event
Full model Log loss : -1.68198
Full model ln_yyx : 867.88113 nats/sec, 31.40199 nats/event
Full model Log loss : -1.68030
Full model ln_yyx : 866.21495 nats/sec, 31.34170 nats/event
Full model Log loss : -1.68005
Full model ln_yyx : 855.48273 nats/sec, 30.95338 nats/event
Full model Log loss : -1.67468
Full model ln_yyx : 855.70523 nats/sec, 30.96143 nats/event
Full model Log loss : -1.67280
Full model ln_yyx : 870.13248 nats/sec, 31.48345 nats/event
Full model Log loss : -1.67145
Full model ln_yyx : 851.00985 nats/sec, 30.79154 nats/event
Full model Log loss : -1.67902
Optimization finished. Config saved to results/opt-full/opt_full_308_best_config.txt
[I 2026-03-18 20:16:16,568] Trial 22 pruned. 
[I 2026-03-18 20:16:19,261] Trial 38 pruned. 
[I 2026-03-18 20:16:20,851] Trial 46 pruned. 
[I 2026-03-18 20:16:22,601] Trial 32 pruned. 
[I 2026-03-18 20:16:25,909] Trial 38 pruned. 
[I 2026-03-18 20:16:29,792] Trial 43 pruned. 
[I 2026-03-18 20:16:38,011] Trial 39 pruned. 
[I 2026-03-18 20:16:38,661] Trial 23 pruned. 
[I 2026-03-18 20:16:42,010] Trial 47 pruned. 
[I 2026-03-18 20:16:45,184] Trial 48 pruned. 
[I 2026-03-18 20:16:49,253] Trial 37 finished with value: -2.5126368331616415 and parameters: {'n_layers_yyx': 2, 'hidden_size_yyx_l0': 4, 'hidden_size_yyx_l1': 6, 'context_size_yyx': 1, 'num_mix_components_yyx': 4, 'context_extractor_yyx': 'lstm', 'activation_func_yyx': 'Tanh', 'L2_weight_yyx': 5.336145048135005e-07, 'L_entropy_weight_yyx': 1.1125353487950186e-06, 'L_sep_weight_yyx': 2.878096694984221e-10, 'L_scale_weight_yyx': 2.5685677129806008e-08, 'learning_rate_yyx': 0.008587154026178519}. Best is trial 23 with value: -2.5132993257512335.
[I 2026-03-18 20:16:52,976] Trial 35 finished with value: -2.4919040490066675 and parameters: {'n_layers_yyx': 2, 'hidden_size_yyx_l0': 5, 'hidden_size_yyx_l1': 6, 'context_size_yyx': 1, 'num_mix_components_yyx': 5, 'context_extractor_yyx': 'lstm', 'activation_func_yyx': 'ReLU', 'L2_weight_yyx': 3.275078755733464e-06, 'L_entropy_weight_yyx': 2.2976477810477493e-10, 'L_sep_weight_yyx': 5.897087730598113e-07, 'L_scale_weight_yyx': 2.6347698875956327e-05, 'learning_rate_yyx': 0.005302305795456726}. Best is trial 7 with value: -2.4950542279753494.
[I 2026-03-18 20:16:55,861] Trial 36 pruned. 
[I 2026-03-18 20:17:02,133] Trial 24 pruned. 
[I 2026-03-18 20:17:04,727] Trial 48 pruned. 
[I 2026-03-18 20:17:10,777] Trial 31 finished with value: -2.5102200788397386 and parameters: {'n_layers_yyx': 2, 'hidden_size_yyx_l0': 4, 'hidden_size_yyx_l1': 4, 'context_size_yyx': 3, 'num_mix_components_yyx': 5, 'context_extractor_yyx': 'gru', 'activation_func_yyx': 'ReLU', 'L2_weight_yyx': 1.679162348274791e-05, 'L_entropy_weight_yyx': 8.824473894401167e-07, 'L_sep_weight_yyx': 1.7577075813883766e-07, 'L_scale_weight_yyx': 4.554738019443628e-05, 'learning_rate_yyx': 0.007884897076666583}. Best is trial 22 with value: -2.5155989726836543.
[I 2026-03-18 20:17:13,842] Trial 44 pruned. 
[I 2026-03-18 20:17:13,920] Trial 49 finished with value: -1.9843098798808982 and parameters: {'n_layers_yyx': 1, 'hidden_size_yyx_l0': 4, 'context_size_yyx': 4, 'num_mix_components_yyx': 4, 'context_extractor_yyx': 'lstm', 'activation_func_yyx': 'ReLU', 'L2_weight_yyx': 1.5135270989017365e-05, 'L_entropy_weight_yyx': 5.659159874366035e-05, 'L_sep_weight_yyx': 1.1055827346689893e-09, 'L_scale_weight_yyx': 1.0284778522476113e-08, 'learning_rate_yyx': 0.00980077964519694}. Best is trial 46 with value: -1.984403099075014.

Source events: 18269
Target events: 32635
Full model ln_yyx : 2192.76333 nats/sec, 60.47149 nats/event
Full model Log loss : -1.97162
Full model ln_yyx : 2184.32499 nats/sec, 60.23878 nats/event
Full model Log loss : -1.98280
Full model ln_yyx : 2151.56671 nats/sec, 59.33538 nats/event
Full model Log loss : -1.98147
Full model ln_yyx : 2190.30979 nats/sec, 60.40382 nats/event
Full model Log loss : -1.98213
Full model ln_yyx : 2181.93900 nats/sec, 60.17298 nats/event
Full model Log loss : -1.98066
Full model ln_yyx : 2179.03119 nats/sec, 60.09279 nats/event
Full model Log loss : -1.97953
Full model ln_yyx : 2183.06662 nats/sec, 60.20407 nats/event
Full model Log loss : -1.97931
Full model ln_yyx : 2189.63503 nats/sec, 60.38522 nats/event
Full model Log loss : -1.98005
Full model ln_yyx : 2180.11186 nats/sec, 60.12259 nats/event
Full model Log loss : -1.97957
Full model ln_yyx : 2187.04162 nats/sec, 60.31370 nats/event
Full model Log loss : -1.97920
Full model ln_yyx : 2176.62479 nats/sec, 60.02642 nats/event
Full model Log loss : -1.98166
Full model ln_yyx : 2173.15813 nats/sec, 59.93082 nats/event
Full model Log loss : -1.98274
Full model ln_yyx : 2172.05052 nats/sec, 59.90027 nats/event
Full model Log loss : -1.98046
Full model ln_yyx : 2170.77214 nats/sec, 59.86502 nats/event
Full model Log loss : -1.98177
Full model ln_yyx : 2171.05662 nats/sec, 59.87287 nats/event
Full model Log loss : -1.98162
Full model ln_yyx : 2165.08054 nats/sec, 59.70806 nats/event
Full model Log loss : -1.98036
Full model ln_yyx : 2162.87958 nats/sec, 59.64736 nats/event
Full model Log loss : -1.98440
Full model ln_yyx : 2172.41325 nats/sec, 59.91028 nats/event
Full model Log loss : -1.98431
Optimization finished. Config saved to results/opt-full/opt_full_319_best_config.txt
[I 2026-03-18 20:17:18,816] Trial 37 pruned. 
[I 2026-03-18 20:17:18,852] Trial 42 finished with value: -1.6770729457226468 and parameters: {'n_layers_yyx': 2, 'hidden_size_yyx_l0': 4, 'hidden_size_yyx_l1': 5, 'context_size_yyx': 4, 'num_mix_components_yyx': 5, 'context_extractor_yyx': 'lstm', 'activation_func_yyx': 'Tanh', 'L2_weight_yyx': 2.3089426326692384e-10, 'L_entropy_weight_yyx': 6.669493100214208e-10, 'L_sep_weight_yyx': 1.0464751989543002e-10, 'L_scale_weight_yyx': 2.1626845776401028e-07, 'learning_rate_yyx': 0.008634103503346865}. Best is trial 32 with value: -1.6813953661792613.
[I 2026-03-18 20:17:21,401] Trial 49 pruned. 

Source events: 10752
Target events: 31112
Full model ln_yyx : 1073.59672 nats/sec, 31.05673 nats/event
Full model Log loss : -1.66308
Full model ln_yyx : 1075.71568 nats/sec, 31.11803 nats/event
Full model Log loss : -1.67455
Full model ln_yyx : 1071.60807 nats/sec, 30.99921 nats/event
Full model Log loss : -1.67237
Full model ln_yyx : 1068.14013 nats/sec, 30.89889 nats/event
Full model Log loss : -1.67556
Full model ln_yyx : 1079.08928 nats/sec, 31.21562 nats/event
Full model Log loss : -1.67699
Full model ln_yyx : 1079.57308 nats/sec, 31.22961 nats/event
Full model Log loss : -1.67311
Full model ln_yyx : 1074.71448 nats/sec, 31.08907 nats/event
Full model Log loss : -1.67480
Full model ln_yyx : 1075.66310 nats/sec, 31.11651 nats/event
Full model Log loss : -1.66601
Full model ln_yyx : 1074.62231 nats/sec, 31.08640 nats/event
Full model Log loss : -1.66989
Full model ln_yyx : 1076.26925 nats/sec, 31.13404 nats/event
Full model Log loss : -1.67162
Full model ln_yyx : 1078.30022 nats/sec, 31.19279 nats/event
Full model Log loss : -1.67801
Full model ln_yyx : 1086.51050 nats/sec, 31.43030 nats/event
Full model Log loss : -1.68061
Full model ln_yyx : 1076.08985 nats/sec, 31.12885 nats/event
Full model Log loss : -1.67669
Full model ln_yyx : 1076.54366 nats/sec, 31.14198 nats/event
Full model Log loss : -1.67685
Full model ln_yyx : 1079.99851 nats/sec, 31.24192 nats/event
Full model Log loss : -1.67703
Full model ln_yyx : 1080.08650 nats/sec, 31.24447 nats/event
Full model Log loss : -1.67730
Optimization finished. Config saved to results/opt-full/opt_full_300_best_config.txt
[I 2026-03-18 20:17:23,290] Trial 25 pruned. 
[I 2026-03-18 20:17:23,528] Trial 31 finished with value: -2.513539515904018 and parameters: {'n_layers_yyx': 1, 'hidden_size_yyx_l0': 4, 'context_size_yyx': 4, 'num_mix_components_yyx': 3, 'context_extractor_yyx': 'gru', 'activation_func_yyx': 'ReLU', 'L2_weight_yyx': 6.409484822276486e-09, 'L_entropy_weight_yyx': 3.3848815754365906e-08, 'L_sep_weight_yyx': 0.0003087069479884668, 'L_scale_weight_yyx': 3.7313004646112664e-10, 'learning_rate_yyx': 0.008410720919660357}. Best is trial 5 with value: -2.5140323195684524.
[I 2026-03-18 20:17:25,728] Trial 41 finished with value: -2.502272845423499 and parameters: {'n_layers_yyx': 1, 'hidden_size_yyx_l0': 6, 'context_size_yyx': 4, 'num_mix_components_yyx': 5, 'context_extractor_yyx': 'lstm', 'activation_func_yyx': 'Tanh', 'L2_weight_yyx': 2.0972564514843303e-10, 'L_entropy_weight_yyx': 0.000383303051413128, 'L_sep_weight_yyx': 0.0009467240918764257, 'L_scale_weight_yyx': 1.5606939008323047e-08, 'learning_rate_yyx': 0.008919585947359431}. Best is trial 25 with value: -2.504659714809684.
[I 2026-03-18 20:17:33,434] Trial 49 pruned. 

Source events: 18269
Target events: 5634
Full model ln_yyx : 379.33626 nats/sec, 60.59685 nats/event
Full model Log loss : -2.01897
Full model ln_yyx : 378.85938 nats/sec, 60.52067 nats/event
Full model Log loss : -1.98599
Full model ln_yyx : 381.05190 nats/sec, 60.87091 nats/event
Full model Log loss : -2.02161
Full model ln_yyx : 378.12221 nats/sec, 60.40291 nats/event
Full model Log loss : -2.01830
Full model ln_yyx : 377.29082 nats/sec, 60.27010 nats/event
Full model Log loss : -2.02045
Full model ln_yyx : 376.06349 nats/sec, 60.07404 nats/event
Full model Log loss : -2.02216
Full model ln_yyx : 379.95092 nats/sec, 60.69503 nats/event
Full model Log loss : -2.01958
Full model ln_yyx : 382.78143 nats/sec, 61.14719 nats/event
Full model Log loss : -2.01859
Full model ln_yyx : 378.89665 nats/sec, 60.52662 nats/event
Full model Log loss : -2.02286
Full model ln_yyx : 381.81112 nats/sec, 60.99219 nats/event
Full model Log loss : -2.02238
Optimization finished. Config saved to results/opt-full/opt_full_317_best_config.txt
[I 2026-03-18 20:17:35,454] Trial 43 pruned. 
[I 2026-03-18 20:17:42,806] Trial 44 pruned. 
[I 2026-03-18 20:17:43,398] Trial 38 pruned. 
[I 2026-03-18 20:17:46,077] Trial 37 pruned. 
[I 2026-03-18 20:17:48,190] Trial 32 pruned. 
[I 2026-03-18 20:18:02,759] Trial 39 pruned. 
[I 2026-03-18 20:18:05,709] Trial 33 pruned. 
[I 2026-03-18 20:18:05,731] Trial 45 pruned. 
[I 2026-03-18 20:18:10,558] Trial 42 finished with value: -2.0349750760235366 and parameters: {'n_layers_yyx': 1, 'hidden_size_yyx_l0': 6, 'context_size_yyx': 4, 'num_mix_components_yyx': 5, 'context_extractor_yyx': 'lstm', 'activation_func_yyx': 'ReLU', 'L2_weight_yyx': 6.272323151989023e-07, 'L_entropy_weight_yyx': 1.7743543596165581e-09, 'L_sep_weight_yyx': 3.2296021266325636e-06, 'L_scale_weight_yyx': 9.453860351512485e-10, 'learning_rate_yyx': 0.007310089583691085}. Best is trial 8 with value: -2.0365283470022115.
[I 2026-03-18 20:18:11,393] Trial 39 pruned. 
[I 2026-03-18 20:18:12,171] Trial 46 pruned. 
[I 2026-03-18 20:18:12,914] Trial 45 pruned. 
[I 2026-03-18 20:18:15,157] Trial 40 pruned. 
[I 2026-03-18 20:18:20,792] Trial 38 pruned. 
[I 2026-03-18 20:18:21,372] Trial 48 finished with value: -1.679342538447749 and parameters: {'n_layers_yyx': 1, 'hidden_size_yyx_l0': 3, 'context_size_yyx': 3, 'num_mix_components_yyx': 3, 'context_extractor_yyx': 'gru', 'activation_func_yyx': 'GELU', 'L2_weight_yyx': 0.0007429953851058741, 'L_entropy_weight_yyx': 0.0005003705198418203, 'L_sep_weight_yyx': 1.6672755279511515e-07, 'L_scale_weight_yyx': 5.383715723277995e-10, 'learning_rate_yyx': 0.007250113028931204}. Best is trial 12 with value: -1.6796893990996478.
[I 2026-03-18 20:18:27,274] Trial 47 pruned. 
[I 2026-03-18 20:18:44,598] Trial 48 pruned. 
[I 2026-03-18 20:18:49,108] Trial 42 pruned. 
[I 2026-03-18 20:18:50,668] Trial 40 finished with value: -1.985801584453302 and parameters: {'n_layers_yyx': 1, 'hidden_size_yyx_l0': 5, 'context_size_yyx': 4, 'num_mix_components_yyx': 2, 'context_extractor_yyx': 'lstm', 'activation_func_yyx': 'GELU', 'L2_weight_yyx': 0.00030681222010440183, 'L_entropy_weight_yyx': 0.00018205289616135686, 'L_sep_weight_yyx': 7.146618181702026e-08, 'L_scale_weight_yyx': 2.8562544611732295e-07, 'learning_rate_yyx': 0.0035469319767537444}. Best is trial 0 with value: -2.0138799336866504.
[I 2026-03-18 20:18:51,146] Trial 46 pruned. 
[I 2026-03-18 20:19:03,407] Trial 39 pruned. 
[I 2026-03-18 20:19:05,268] Trial 41 pruned. 
[I 2026-03-18 20:19:17,541] Trial 40 pruned. 
[I 2026-03-18 20:19:20,447] Trial 47 pruned. 
[I 2026-03-18 20:19:40,666] Trial 32 finished with value: -2.5142106948406986 and parameters: {'n_layers_yyx': 2, 'hidden_size_yyx_l0': 4, 'hidden_size_yyx_l1': 5, 'context_size_yyx': 3, 'num_mix_components_yyx': 5, 'context_extractor_yyx': 'gru', 'activation_func_yyx': 'ReLU', 'L2_weight_yyx': 2.995114454869945e-06, 'L_entropy_weight_yyx': 1.1254414357908998e-06, 'L_sep_weight_yyx': 2.3005649472561117e-07, 'L_scale_weight_yyx': 4.3882107270760155e-06, 'learning_rate_yyx': 0.008124704675109585}. Best is trial 22 with value: -2.5155989726836543.
[I 2026-03-18 20:19:43,273] Trial 40 pruned. 
[I 2026-03-18 20:20:15,527] Trial 22 finished with value: -2.5151705555821455 and parameters: {'n_layers_yyx': 1, 'hidden_size_yyx_l0': 5, 'context_size_yyx': 1, 'num_mix_components_yyx': 4, 'context_extractor_yyx': 'lstm', 'activation_func_yyx': 'ReLU', 'L2_weight_yyx': 1.1185222658280691e-10, 'L_entropy_weight_yyx': 5.4487139702903394e-08, 'L_sep_weight_yyx': 3.780697259904993e-08, 'L_scale_weight_yyx': 2.5393591586909426e-09, 'learning_rate_yyx': 0.009799716504164132}. Best is trial 12 with value: -2.51518345292619.
[I 2026-03-18 20:20:17,393] Trial 26 finished with value: -2.512613867095458 and parameters: {'n_layers_yyx': 2, 'hidden_size_yyx_l0': 5, 'hidden_size_yyx_l1': 4, 'context_size_yyx': 2, 'num_mix_components_yyx': 3, 'context_extractor_yyx': 'lstm', 'activation_func_yyx': 'Tanh', 'L2_weight_yyx': 2.7312428051323575e-07, 'L_entropy_weight_yyx': 0.0008005410741911569, 'L_sep_weight_yyx': 5.028536806088347e-07, 'L_scale_weight_yyx': 1.1372302059613674e-07, 'learning_rate_yyx': 0.007684724060051094}. Best is trial 26 with value: -2.512613867095458.
[I 2026-03-18 20:20:19,478] Trial 43 pruned. 
[I 2026-03-18 20:20:33,628] Trial 43 finished with value: -2.035109051352129 and parameters: {'n_layers_yyx': 1, 'hidden_size_yyx_l0': 6, 'context_size_yyx': 4, 'num_mix_components_yyx': 5, 'context_extractor_yyx': 'lstm', 'activation_func_yyx': 'ReLU', 'L2_weight_yyx': 3.492883300907844e-07, 'L_entropy_weight_yyx': 2.105162271249023e-10, 'L_sep_weight_yyx': 4.6411750907311664e-07, 'L_scale_weight_yyx': 3.980436695578777e-09, 'learning_rate_yyx': 0.008785618649891178}. Best is trial 8 with value: -2.0365283470022115.
[I 2026-03-18 20:20:40,651] Trial 48 pruned. 
[I 2026-03-18 20:20:48,457] Trial 23 pruned. 
[I 2026-03-18 20:20:49,097] Trial 44 pruned. 
[I 2026-03-18 20:20:49,186] Trial 33 pruned. 
[I 2026-03-18 20:20:49,280] Trial 38 finished with value: -2.507940355302367 and parameters: {'n_layers_yyx': 1, 'hidden_size_yyx_l0': 6, 'context_size_yyx': 3, 'num_mix_components_yyx': 5, 'context_extractor_yyx': 'lstm', 'activation_func_yyx': 'ReLU', 'L2_weight_yyx': 5.922400938011909e-06, 'L_entropy_weight_yyx': 2.0979781820967535e-10, 'L_sep_weight_yyx': 6.71981370464953e-08, 'L_scale_weight_yyx': 2.063338089560367e-09, 'learning_rate_yyx': 0.005553814061638186}. Best is trial 23 with value: -2.5132993257512335.
[I 2026-03-18 20:20:50,811] Trial 36 finished with value: -2.4932689708351923 and parameters: {'n_layers_yyx': 2, 'hidden_size_yyx_l0': 2, 'hidden_size_yyx_l1': 5, 'context_size_yyx': 2, 'num_mix_components_yyx': 5, 'context_extractor_yyx': 'gru', 'activation_func_yyx': 'Tanh', 'L2_weight_yyx': 4.7828075581263474e-05, 'L_entropy_weight_yyx': 7.845544952898111e-09, 'L_sep_weight_yyx': 5.6517523493923247e-05, 'L_scale_weight_yyx': 0.00011282168812022798, 'learning_rate_yyx': 0.006995441561960697}. Best is trial 7 with value: -2.4950542279753494.
[I 2026-03-18 20:20:52,147] Trial 49 finished with value: -1.6735344061423012 and parameters: {'n_layers_yyx': 2, 'hidden_size_yyx_l0': 3, 'hidden_size_yyx_l1': 6, 'context_size_yyx': 3, 'num_mix_components_yyx': 4, 'context_extractor_yyx': 'gru', 'activation_func_yyx': 'Tanh', 'L2_weight_yyx': 7.692047488843271e-07, 'L_entropy_weight_yyx': 3.3029141108149854e-06, 'L_sep_weight_yyx': 4.5275466655037724e-10, 'L_scale_weight_yyx': 3.093481907241024e-07, 'learning_rate_yyx': 0.004917587743966414}. Best is trial 32 with value: -1.6813953661792613.

Source events: 10752
Target events: 20315
Full model ln_yyx : 702.04290 nats/sec, 31.10207 nats/event
Full model Log loss : -1.67555
Full model ln_yyx : 706.60985 nats/sec, 31.30440 nats/event
Full model Log loss : -1.67131
Full model ln_yyx : 705.45928 nats/sec, 31.25343 nats/event
Full model Log loss : -1.67699
Full model ln_yyx : 702.25890 nats/sec, 31.11164 nats/event
Full model Log loss : -1.67965
Full model ln_yyx : 707.08064 nats/sec, 31.32526 nats/event
Full model Log loss : -1.67388
Full model ln_yyx : 695.71776 nats/sec, 30.82185 nats/event
Full model Log loss : -1.67512
Full model ln_yyx : 706.79306 nats/sec, 31.31252 nats/event
Full model Log loss : -1.68015
Full model ln_yyx : 699.48332 nats/sec, 30.98868 nats/event
Full model Log loss : -1.67100
Full model ln_yyx : 701.74324 nats/sec, 31.08880 nats/event
Full model Log loss : -1.66810
Full model ln_yyx : 709.02583 nats/sec, 31.41143 nats/event
Full model Log loss : -1.67726
Full model ln_yyx : 706.30950 nats/sec, 31.29109 nats/event
Full model Log loss : -1.67746
Full model ln_yyx : 708.57828 nats/sec, 31.39160 nats/event
Full model Log loss : -1.68140
Full model ln_yyx : 702.10364 nats/sec, 31.10476 nats/event
Full model Log loss : -1.67894
Full model ln_yyx : 697.21664 nats/sec, 30.88826 nats/event
Full model Log loss : -1.67916
Full model ln_yyx : 703.84319 nats/sec, 31.18183 nats/event
Full model Log loss : -1.67535
Full model ln_yyx : 701.03662 nats/sec, 31.05749 nats/event
Full model Log loss : -1.67809
Full model ln_yyx : 708.69939 nats/sec, 31.39697 nats/event
Full model Log loss : -1.67919
Full model ln_yyx : 700.80935 nats/sec, 31.04742 nats/event
Full model Log loss : -1.67707
Full model ln_yyx : 704.26502 nats/sec, 31.20052 nats/event
Full model Log loss : -1.67353
Optimization finished. Config saved to results/opt-full/opt_full_302_best_config.txt
[I 2026-03-18 20:20:58,362] Trial 41 finished with value: -2.5119430096165174 and parameters: {'n_layers_yyx': 2, 'hidden_size_yyx_l0': 6, 'hidden_size_yyx_l1': 5, 'context_size_yyx': 4, 'num_mix_components_yyx': 3, 'context_extractor_yyx': 'lstm', 'activation_func_yyx': 'ReLU', 'L2_weight_yyx': 1.6572741224195154e-07, 'L_entropy_weight_yyx': 8.445409011243332e-09, 'L_sep_weight_yyx': 1.5393044283190643e-05, 'L_scale_weight_yyx': 1.0773922639837533e-10, 'learning_rate_yyx': 0.008399690550012065}. Best is trial 21 with value: -2.5132035092741223.
[I 2026-03-18 20:20:59,097] Trial 34 pruned. 
[I 2026-03-18 20:21:04,354] Trial 33 pruned. 
[I 2026-03-18 20:21:11,145] Trial 39 pruned. 
[I 2026-03-18 20:21:14,425] Trial 37 pruned. 
[I 2026-03-18 20:21:15,285] Trial 41 finished with value: -2.513338292847255 and parameters: {'n_layers_yyx': 1, 'hidden_size_yyx_l0': 6, 'context_size_yyx': 4, 'num_mix_components_yyx': 2, 'context_extractor_yyx': 'gru', 'activation_func_yyx': 'GELU', 'L2_weight_yyx': 1.2620474563971224e-05, 'L_entropy_weight_yyx': 2.796146838874841e-05, 'L_sep_weight_yyx': 3.500541882240839e-09, 'L_scale_weight_yyx': 8.905532675419045e-09, 'learning_rate_yyx': 0.007950584333511486}. Best is trial 23 with value: -2.513824905841335.
[I 2026-03-18 20:21:17,684] Trial 34 pruned. 
[I 2026-03-18 20:21:32,129] Trial 42 pruned. 
[I 2026-03-18 20:21:32,206] Trial 35 pruned. 
[I 2026-03-18 20:21:35,734] Trial 35 pruned. 
[I 2026-03-18 20:21:44,374] Trial 40 pruned. 
[I 2026-03-18 20:21:45,851] Trial 38 pruned. 
[I 2026-03-18 20:21:46,863] Trial 45 pruned. 
[I 2026-03-18 20:21:55,185] Trial 49 finished with value: -1.6759426258092658 and parameters: {'n_layers_yyx': 1, 'hidden_size_yyx_l0': 4, 'context_size_yyx': 3, 'num_mix_components_yyx': 3, 'context_extractor_yyx': 'gru', 'activation_func_yyx': 'GELU', 'L2_weight_yyx': 0.0006788598742691312, 'L_entropy_weight_yyx': 0.0009524599422250134, 'L_sep_weight_yyx': 1.618079447550221e-08, 'L_scale_weight_yyx': 5.032588470809214e-10, 'learning_rate_yyx': 0.007063712063643534}. Best is trial 12 with value: -1.6796893990996478.

Source events: 10752
Target events: 54211
Full model ln_yyx : 1884.84840 nats/sec, 31.29187 nats/event
Full model Log loss : -1.67846
Full model ln_yyx : 1884.30509 nats/sec, 31.28285 nats/event
Full model Log loss : -1.67673
Full model ln_yyx : 1875.25491 nats/sec, 31.13260 nats/event
Full model Log loss : -1.66402
Full model ln_yyx : 1880.01684 nats/sec, 31.21166 nats/event
Full model Log loss : -1.66901
Full model ln_yyx : 1885.44612 nats/sec, 31.30179 nats/event
Full model Log loss : -1.67969
Full model ln_yyx : 1857.42942 nats/sec, 30.83667 nats/event
Full model Log loss : -1.67547
Full model ln_yyx : 1858.32915 nats/sec, 30.85160 nats/event
Full model Log loss : -1.63997
Full model ln_yyx : 1874.25595 nats/sec, 31.11602 nats/event
Full model Log loss : -1.67737
Full model ln_yyx : 1877.80093 nats/sec, 31.17487 nats/event
Full model Log loss : -1.67927
Full model ln_yyx : 1855.24808 nats/sec, 30.80045 nats/event
Full model Log loss : -1.66840
Full model ln_yyx : 1894.46521 nats/sec, 31.45153 nats/event
Full model Log loss : -1.67063
Full model ln_yyx : 1877.52572 nats/sec, 31.17030 nats/event
Full model Log loss : -1.67934
Full model ln_yyx : 1910.50646 nats/sec, 31.71784 nats/event
Full model Log loss : -1.67594
Optimization finished. Config saved to results/opt-full/opt_full_304_best_config.txt
[I 2026-03-18 20:21:58,405] Trial 43 pruned. 
[I 2026-03-18 20:21:58,742] Trial 24 pruned. 
[I 2026-03-18 20:22:02,532] Trial 36 pruned. 
[I 2026-03-18 20:22:04,066] Trial 42 finished with value: -2.013488216551352 and parameters: {'n_layers_yyx': 1, 'hidden_size_yyx_l0': 4, 'context_size_yyx': 4, 'num_mix_components_yyx': 2, 'context_extractor_yyx': 'gru', 'activation_func_yyx': 'GELU', 'L2_weight_yyx': 7.782521526700583e-06, 'L_entropy_weight_yyx': 2.4360785324428177e-06, 'L_sep_weight_yyx': 1.6211228603805954e-06, 'L_scale_weight_yyx': 0.0004338241916283001, 'learning_rate_yyx': 0.0062940294840142085}. Best is trial 0 with value: -2.0138799336866504.
[I 2026-03-18 20:22:08,350] Trial 44 finished with value: -2.5046955552212027 and parameters: {'n_layers_yyx': 1, 'hidden_size_yyx_l0': 6, 'context_size_yyx': 4, 'num_mix_components_yyx': 4, 'context_extractor_yyx': 'lstm', 'activation_func_yyx': 'Tanh', 'L2_weight_yyx': 1.5531534866554522e-10, 'L_entropy_weight_yyx': 0.00085032359981061, 'L_sep_weight_yyx': 0.0004944669162928293, 'L_scale_weight_yyx': 9.981238832181694e-09, 'learning_rate_yyx': 0.009923429818370993}. Best is trial 44 with value: -2.5046955552212027.
[I 2026-03-18 20:22:12,750] Trial 39 pruned. 
[I 2026-03-18 20:22:19,051] Trial 37 pruned. 
[I 2026-03-18 20:22:33,433] Trial 27 finished with value: -2.494800126833471 and parameters: {'n_layers_yyx': 2, 'hidden_size_yyx_l0': 5, 'hidden_size_yyx_l1': 4, 'context_size_yyx': 1, 'num_mix_components_yyx': 3, 'context_extractor_yyx': 'lstm', 'activation_func_yyx': 'Tanh', 'L2_weight_yyx': 0.0001759097930111491, 'L_entropy_weight_yyx': 0.0004799980677575793, 'L_sep_weight_yyx': 1.1746570014652776e-08, 'L_scale_weight_yyx': 8.105308262361304e-07, 'learning_rate_yyx': 0.007297061310309008}. Best is trial 26 with value: -2.512613867095458.
[I 2026-03-18 20:22:37,557] Trial 49 finished with value: -1.9814932039891662 and parameters: {'n_layers_yyx': 1, 'hidden_size_yyx_l0': 6, 'context_size_yyx': 4, 'num_mix_components_yyx': 3, 'context_extractor_yyx': 'gru', 'activation_func_yyx': 'Tanh', 'L2_weight_yyx': 1.4856994027577745e-05, 'L_entropy_weight_yyx': 1.5092216316417095e-08, 'L_sep_weight_yyx': 1.348706263215785e-08, 'L_scale_weight_yyx': 9.082954866364843e-05, 'learning_rate_yyx': 0.00464477675666208}. Best is trial 12 with value: -1.983840502266522.

Source events: 18269
Target events: 54211
Full model ln_yyx : 3584.79410 nats/sec, 59.51402 nats/event
Full model Log loss : -1.95711
Full model ln_yyx : 3609.22504 nats/sec, 59.91962 nats/event
Full model Log loss : -1.97904
Full model ln_yyx : 3625.80149 nats/sec, 60.19482 nats/event
Full model Log loss : -1.98098
Full model ln_yyx : 3644.00623 nats/sec, 60.49705 nats/event
Full model Log loss : -1.98019
Full model ln_yyx : 3651.89067 nats/sec, 60.62795 nats/event
Full model Log loss : -1.98136
Full model ln_yyx : 3594.28610 nats/sec, 59.67161 nats/event
Full model Log loss : -1.95482
Full model ln_yyx : 3569.78835 nats/sec, 59.26490 nats/event
Full model Log loss : -1.95600
Full model ln_yyx : 3609.79468 nats/sec, 59.92908 nats/event
Full model Log loss : -1.98384
Full model ln_yyx : 3612.85316 nats/sec, 59.97985 nats/event
Full model Log loss : -1.98302
Full model ln_yyx : 3592.29615 nats/sec, 59.63857 nats/event
Full model Log loss : -1.98316
Full model ln_yyx : 3617.70611 nats/sec, 60.06042 nats/event
Full model Log loss : -1.98284
Full model ln_yyx : 3623.48016 nats/sec, 60.15628 nats/event
Full model Log loss : -1.98260
Full model ln_yyx : 3619.10766 nats/sec, 60.08369 nats/event
Full model Log loss : -1.98279
Full model ln_yyx : 3618.46826 nats/sec, 60.07307 nats/event
Full model Log loss : -1.98199
Full model ln_yyx : 3625.09002 nats/sec, 60.18301 nats/event
Full model Log loss : -1.98264
Full model ln_yyx : 3624.56020 nats/sec, 60.17421 nats/event
Full model Log loss : -1.98256
Full model ln_yyx : 3611.25810 nats/sec, 59.95337 nats/event
Full model Log loss : -1.98149
Optimization finished. Config saved to results/opt-full/opt_full_316_best_config.txt
[I 2026-03-18 20:22:44,130] Trial 40 pruned. 
[I 2026-03-18 20:22:53,321] Trial 46 pruned. 
[I 2026-03-18 20:22:57,779] Trial 41 finished with value: -2.5106392848727617 and parameters: {'n_layers_yyx': 1, 'hidden_size_yyx_l0': 4, 'context_size_yyx': 4, 'num_mix_components_yyx': 3, 'context_extractor_yyx': 'lstm', 'activation_func_yyx': 'GELU', 'L2_weight_yyx': 8.295425396466976e-06, 'L_entropy_weight_yyx': 1.1561843123091465e-07, 'L_sep_weight_yyx': 6.175409277982841e-05, 'L_scale_weight_yyx': 3.3615275940889484e-08, 'learning_rate_yyx': 0.00496135185172835}. Best is trial 33 with value: -2.512931905705113.
[I 2026-03-18 20:22:59,109] Trial 41 pruned. 
[I 2026-03-18 20:23:07,015] Trial 28 pruned. 
[I 2026-03-18 20:23:13,474] Trial 42 pruned. 
[I 2026-03-18 20:23:21,551] Trial 47 pruned. 
[I 2026-03-18 20:23:21,656] Trial 29 pruned. 
[I 2026-03-18 20:23:25,173] Trial 44 finished with value: -2.496439389616223 and parameters: {'n_layers_yyx': 2, 'hidden_size_yyx_l0': 5, 'hidden_size_yyx_l1': 6, 'context_size_yyx': 4, 'num_mix_components_yyx': 3, 'context_extractor_yyx': 'lstm', 'activation_func_yyx': 'ReLU', 'L2_weight_yyx': 2.0975955085467143e-06, 'L_entropy_weight_yyx': 2.3164532441054014e-10, 'L_sep_weight_yyx': 0.00059955543387093, 'L_scale_weight_yyx': 1.2397783047525425e-09, 'learning_rate_yyx': 0.006480945594459009}. Best is trial 21 with value: -2.5132035092741223.
[I 2026-03-18 20:23:26,446] Trial 25 pruned. 
[I 2026-03-18 20:23:42,315] Trial 45 pruned. 
[I 2026-03-18 20:24:04,306] Trial 34 finished with value: -2.509862967354911 and parameters: {'n_layers_yyx': 1, 'hidden_size_yyx_l0': 5, 'context_size_yyx': 4, 'num_mix_components_yyx': 3, 'context_extractor_yyx': 'gru', 'activation_func_yyx': 'ReLU', 'L2_weight_yyx': 1.479523842498984e-09, 'L_entropy_weight_yyx': 2.432950854034106e-09, 'L_sep_weight_yyx': 0.0003659186972623777, 'L_scale_weight_yyx': 2.6366172919637913e-08, 'learning_rate_yyx': 0.000695560342138312}. Best is trial 5 with value: -2.5140323195684524.
[I 2026-03-18 20:24:10,233] Trial 41 pruned. 
[I 2026-03-18 20:24:17,131] Trial 35 pruned. 
[I 2026-03-18 20:24:23,095] Trial 48 pruned. 
[I 2026-03-18 20:24:24,268] Trial 42 finished with value: -2.513434798575931 and parameters: {'n_layers_yyx': 1, 'hidden_size_yyx_l0': 6, 'context_size_yyx': 4, 'num_mix_components_yyx': 2, 'context_extractor_yyx': 'gru', 'activation_func_yyx': 'GELU', 'L2_weight_yyx': 7.497820119141675e-06, 'L_entropy_weight_yyx': 4.3783304162645e-05, 'L_sep_weight_yyx': 1.2504501418335345e-09, 'L_scale_weight_yyx': 1.519274720386653e-08, 'learning_rate_yyx': 0.009936988314818165}. Best is trial 23 with value: -2.513824905841335.
[I 2026-03-18 20:24:26,994] Trial 45 finished with value: -2.503818860904191 and parameters: {'n_layers_yyx': 1, 'hidden_size_yyx_l0': 6, 'context_size_yyx': 4, 'num_mix_components_yyx': 4, 'context_extractor_yyx': 'gru', 'activation_func_yyx': 'Tanh', 'L2_weight_yyx': 4.450237138185257e-06, 'L_entropy_weight_yyx': 0.0009739405989088218, 'L_sep_weight_yyx': 5.864085793482139e-08, 'L_scale_weight_yyx': 4.680310378557679e-09, 'learning_rate_yyx': 0.008023060701573109}. Best is trial 44 with value: -2.5046955552212027.
[I 2026-03-18 20:24:27,026] Trial 43 finished with value: -2.012674420228226 and parameters: {'n_layers_yyx': 1, 'hidden_size_yyx_l0': 4, 'context_size_yyx': 4, 'num_mix_components_yyx': 2, 'context_extractor_yyx': 'gru', 'activation_func_yyx': 'GELU', 'L2_weight_yyx': 4.477578890253222e-06, 'L_entropy_weight_yyx': 3.2587603802739346e-06, 'L_sep_weight_yyx': 1.0932764637749434e-05, 'L_scale_weight_yyx': 0.0001877998164703725, 'learning_rate_yyx': 0.008486465479757574}. Best is trial 0 with value: -2.0138799336866504.
[I 2026-03-18 20:24:30,312] Trial 49 pruned. 

Source events: 18269
Target events: 3828
Full model ln_yyx : 255.83455 nats/sec, 60.14919 nats/event
Full model Log loss : -2.00856
Full model ln_yyx : 259.07758 nats/sec, 60.91166 nats/event
Full model Log loss : -2.03470
Full model ln_yyx : 259.65961 nats/sec, 61.04850 nats/event
Full model Log loss : -2.02661
Full model ln_yyx : 256.84157 nats/sec, 60.38595 nats/event
Full model Log loss : -2.03257
Full model ln_yyx : 257.17554 nats/sec, 60.46447 nats/event
Full model Log loss : -2.03288
Full model ln_yyx : 258.81231 nats/sec, 60.84929 nats/event
Full model Log loss : -2.03308
Full model ln_yyx : 256.76195 nats/sec, 60.36723 nats/event
Full model Log loss : -2.03653
Full model ln_yyx : 258.24951 nats/sec, 60.71697 nats/event
Full model Log loss : -2.03613
Full model ln_yyx : 259.91459 nats/sec, 61.10845 nats/event
Full model Log loss : -2.03496
Full model ln_yyx : 255.96051 nats/sec, 60.17880 nats/event
Full model Log loss : -2.03499
Full model ln_yyx : 256.69993 nats/sec, 60.35265 nats/event
Full model Log loss : -2.03569
Full model ln_yyx : 256.05163 nats/sec, 60.20023 nats/event
Full model Log loss : -2.03497
Full model ln_yyx : 255.98369 nats/sec, 60.18425 nats/event
Full model Log loss : -2.03498
Full model ln_yyx : 257.22071 nats/sec, 60.47509 nats/event
Full model Log loss : -2.03239
Full model ln_yyx : 255.96619 nats/sec, 60.18014 nats/event
Full model Log loss : -2.03528
Full model ln_yyx : 255.92794 nats/sec, 60.17115 nats/event
Full model Log loss : -2.03498
Full model ln_yyx : 256.29362 nats/sec, 60.25712 nats/event
Full model Log loss : -2.03511
Optimization finished. Config saved to results/opt-full/opt_full_315_best_config.txt
[I 2026-03-18 20:24:33,498] Trial 44 pruned. 
[I 2026-03-18 20:24:34,856] Trial 26 pruned. 
[I 2026-03-18 20:24:52,292] Trial 46 pruned. 
[I 2026-03-18 20:25:02,722] Trial 27 pruned. 
[I 2026-03-18 20:25:04,346] Trial 47 pruned. 
[I 2026-03-18 20:25:10,935] Trial 36 finished with value: -2.5139452208666837 and parameters: {'n_layers_yyx': 2, 'hidden_size_yyx_l0': 5, 'hidden_size_yyx_l1': 4, 'context_size_yyx': 1, 'num_mix_components_yyx': 2, 'context_extractor_yyx': 'gru', 'activation_func_yyx': 'ReLU', 'L2_weight_yyx': 3.766797692206302e-10, 'L_entropy_weight_yyx': 7.669876964551786e-09, 'L_sep_weight_yyx': 3.019561398117813e-08, 'L_scale_weight_yyx': 1.853632574897456e-05, 'learning_rate_yyx': 0.009757077566884046}. Best is trial 36 with value: -2.5139452208666837.
[I 2026-03-18 20:25:11,564] Trial 42 pruned. 
[I 2026-03-18 20:25:15,396] Trial 38 finished with value: -2.51086937300762 and parameters: {'n_layers_yyx': 2, 'hidden_size_yyx_l0': 5, 'hidden_size_yyx_l1': 4, 'context_size_yyx': 4, 'num_mix_components_yyx': 4, 'context_extractor_yyx': 'gru', 'activation_func_yyx': 'ReLU', 'L2_weight_yyx': 7.472571416474814e-07, 'L_entropy_weight_yyx': 1.0548842740863918e-06, 'L_sep_weight_yyx': 3.107959611204128e-09, 'L_scale_weight_yyx': 1.4992554029845953e-05, 'learning_rate_yyx': 0.00280271873608131}. Best is trial 22 with value: -2.5155989726836543.
[I 2026-03-18 20:25:23,635] Trial 43 pruned. 
[I 2026-03-18 20:25:23,635] Trial 37 pruned. 
[I 2026-03-18 20:25:27,707] Trial 30 finished with value: -2.496977407903069 and parameters: {'n_layers_yyx': 2, 'hidden_size_yyx_l0': 4, 'hidden_size_yyx_l1': 6, 'context_size_yyx': 2, 'num_mix_components_yyx': 3, 'context_extractor_yyx': 'lstm', 'activation_func_yyx': 'Tanh', 'L2_weight_yyx': 4.294872253311411e-05, 'L_entropy_weight_yyx': 1.935097706404697e-10, 'L_sep_weight_yyx': 6.107714483223556e-07, 'L_scale_weight_yyx': 0.0008244617509435918, 'learning_rate_yyx': 0.0062512692526259985}. Best is trial 26 with value: -2.512613867095458.
[I 2026-03-18 20:25:30,976] Trial 46 finished with value: -2.5125202606805197 and parameters: {'n_layers_yyx': 2, 'hidden_size_yyx_l0': 5, 'hidden_size_yyx_l1': 4, 'context_size_yyx': 4, 'num_mix_components_yyx': 3, 'context_extractor_yyx': 'lstm', 'activation_func_yyx': 'ReLU', 'L2_weight_yyx': 5.649854123652857e-06, 'L_entropy_weight_yyx': 0.000322100117368942, 'L_sep_weight_yyx': 9.695467483799372e-06, 'L_scale_weight_yyx': 6.993158602729086e-07, 'learning_rate_yyx': 0.008909002682875282}. Best is trial 21 with value: -2.5132035092741223.
[I 2026-03-18 20:25:38,745] Trial 38 pruned. 
[I 2026-03-18 20:25:43,539] Trial 31 pruned. 
[I 2026-03-18 20:25:53,549] Trial 44 pruned. 
[I 2026-03-18 20:25:55,698] Trial 42 finished with value: -2.5115835317171085 and parameters: {'n_layers_yyx': 1, 'hidden_size_yyx_l0': 6, 'context_size_yyx': 1, 'num_mix_components_yyx': 5, 'context_extractor_yyx': 'lstm', 'activation_func_yyx': 'ReLU', 'L2_weight_yyx': 0.00046951403415716443, 'L_entropy_weight_yyx': 2.112329765642922e-08, 'L_sep_weight_yyx': 8.800892174465453e-07, 'L_scale_weight_yyx': 1.4716264556849292e-08, 'learning_rate_yyx': 0.009970459146956254}. Best is trial 23 with value: -2.5132993257512335.
[I 2026-03-18 20:26:04,285] Trial 47 pruned. 
[I 2026-03-18 20:26:06,088] Trial 45 pruned. 
[I 2026-03-18 20:26:18,802] Trial 43 finished with value: -2.4979930075916 and parameters: {'n_layers_yyx': 1, 'hidden_size_yyx_l0': 6, 'context_size_yyx': 4, 'num_mix_components_yyx': 3, 'context_extractor_yyx': 'gru', 'activation_func_yyx': 'GELU', 'L2_weight_yyx': 9.69588833899066e-06, 'L_entropy_weight_yyx': 7.344816593432454e-07, 'L_sep_weight_yyx': 1.621845023041469e-09, 'L_scale_weight_yyx': 1.0571218412034204e-06, 'learning_rate_yyx': 0.009274114002700205}. Best is trial 23 with value: -2.513824905841335.
[I 2026-03-18 20:26:19,843] Trial 48 pruned. 
[I 2026-03-18 20:26:24,065] Trial 43 pruned. 
[I 2026-03-18 20:26:31,675] Trial 49 pruned. 

Source events: 27060
Target events: 39192
Full model ln_yyx : 4491.96952 nats/sec, 103.15300 nats/event
Full model Log loss : -2.50646
Full model ln_yyx : 4486.98165 nats/sec, 103.03846 nats/event
Full model Log loss : -2.50854
Full model ln_yyx : 4490.96150 nats/sec, 103.12986 nats/event
Full model Log loss : -2.50638
Full model ln_yyx : 4454.59299 nats/sec, 102.29470 nats/event
Full model Log loss : -2.49408
Full model ln_yyx : 4512.42005 nats/sec, 103.62263 nats/event
Full model Log loss : -2.51227
Full model ln_yyx : 4514.61557 nats/sec, 103.67305 nats/event
Full model Log loss : -2.51210
Full model ln_yyx : 4539.47564 nats/sec, 104.24393 nats/event
Full model Log loss : -2.51131
Full model ln_yyx : 4494.90290 nats/sec, 103.22037 nats/event
Full model Log loss : -2.51210
Full model ln_yyx : 4515.47592 nats/sec, 103.69280 nats/event
Full model Log loss : -2.51320
Full model ln_yyx : 4508.71558 nats/sec, 103.53756 nats/event
Full model Log loss : -2.49688
Full model ln_yyx : 4518.02090 nats/sec, 103.75125 nats/event
Full model Log loss : -2.51083
Full model ln_yyx : 4501.11056 nats/sec, 103.36292 nats/event
Full model Log loss : -2.51181
Full model ln_yyx : 4547.24068 nats/sec, 104.42224 nats/event
Full model Log loss : -2.51194
Full model ln_yyx : 4485.52588 nats/sec, 103.00503 nats/event
Full model Log loss : -2.49644
Full model ln_yyx : 4539.26958 nats/sec, 104.23920 nats/event
Full model Log loss : -2.51252
Optimization finished. Config saved to results/opt-full/opt_full_298_best_config.txt
[I 2026-03-18 20:26:32,386] Trial 46 pruned. 
[I 2026-03-18 20:26:45,622] Trial 45 finished with value: -2.011945419916345 and parameters: {'n_layers_yyx': 1, 'hidden_size_yyx_l0': 5, 'context_size_yyx': 4, 'num_mix_components_yyx': 4, 'context_extractor_yyx': 'gru', 'activation_func_yyx': 'ReLU', 'L2_weight_yyx': 8.967987636424415e-05, 'L_entropy_weight_yyx': 5.259802241252319e-10, 'L_sep_weight_yyx': 2.2617812011091414e-05, 'L_scale_weight_yyx': 3.984807975175569e-06, 'learning_rate_yyx': 0.004663833470183707}. Best is trial 0 with value: -2.0138799336866504.
[I 2026-03-18 20:26:55,254] Trial 39 pruned. 
[I 2026-03-18 20:27:10,379] Trial 43 finished with value: -2.511268666057964 and parameters: {'n_layers_yyx': 1, 'hidden_size_yyx_l0': 3, 'context_size_yyx': 4, 'num_mix_components_yyx': 2, 'context_extractor_yyx': 'lstm', 'activation_func_yyx': 'GELU', 'L2_weight_yyx': 0.00012486182044687196, 'L_entropy_weight_yyx': 3.2956443970828387e-07, 'L_sep_weight_yyx': 5.824953633657283e-06, 'L_scale_weight_yyx': 5.280909704815832e-08, 'learning_rate_yyx': 0.005205274486281059}. Best is trial 33 with value: -2.512931905705113.
[I 2026-03-18 20:27:20,504] Trial 36 finished with value: -2.5089616059802826 and parameters: {'n_layers_yyx': 2, 'hidden_size_yyx_l0': 5, 'hidden_size_yyx_l1': 5, 'context_size_yyx': 2, 'num_mix_components_yyx': 4, 'context_extractor_yyx': 'gru', 'activation_func_yyx': 'ReLU', 'L2_weight_yyx': 6.484609025078159e-08, 'L_entropy_weight_yyx': 1.438597226908519e-06, 'L_sep_weight_yyx': 6.588190870315319e-05, 'L_scale_weight_yyx': 9.846279443704588e-09, 'learning_rate_yyx': 0.006795855065846143}. Best is trial 5 with value: -2.5140323195684524.
[I 2026-03-18 20:27:26,655] Trial 40 pruned. 
[I 2026-03-18 20:27:29,473] Trial 48 finished with value: -2.5042858389920966 and parameters: {'n_layers_yyx': 1, 'hidden_size_yyx_l0': 6, 'context_size_yyx': 4, 'num_mix_components_yyx': 4, 'context_extractor_yyx': 'lstm', 'activation_func_yyx': 'Tanh', 'L2_weight_yyx': 9.816986721113025e-10, 'L_entropy_weight_yyx': 4.963076319286974e-06, 'L_sep_weight_yyx': 2.731488028886886e-07, 'L_scale_weight_yyx': 7.956112092232268e-07, 'learning_rate_yyx': 0.00549442026855197}. Best is trial 44 with value: -2.5046955552212027.
[I 2026-03-18 20:27:32,855] Trial 39 finished with value: -2.5150903405951515 and parameters: {'n_layers_yyx': 2, 'hidden_size_yyx_l0': 2, 'hidden_size_yyx_l1': 5, 'context_size_yyx': 3, 'num_mix_components_yyx': 5, 'context_extractor_yyx': 'lstm', 'activation_func_yyx': 'ReLU', 'L2_weight_yyx': 2.585009231493996e-05, 'L_entropy_weight_yyx': 3.922328215118745e-06, 'L_sep_weight_yyx': 1.480773091823871e-07, 'L_scale_weight_yyx': 0.00012834016359035812, 'learning_rate_yyx': 0.008714050666849958}. Best is trial 22 with value: -2.5155989726836543.
[I 2026-03-18 20:27:33,892] Trial 37 pruned. 
[I 2026-03-18 20:27:38,465] Trial 44 pruned. 
[I 2026-03-18 20:27:47,338] Trial 46 pruned. 
[I 2026-03-18 20:27:55,584] Trial 41 pruned. 
[I 2026-03-18 20:28:00,373] Trial 44 finished with value: -2.498242659213743 and parameters: {'n_layers_yyx': 1, 'hidden_size_yyx_l0': 6, 'context_size_yyx': 4, 'num_mix_components_yyx': 1, 'context_extractor_yyx': 'lstm', 'activation_func_yyx': 'GELU', 'L2_weight_yyx': 4.7271428439425934e-05, 'L_entropy_weight_yyx': 3.981150473072349e-06, 'L_sep_weight_yyx': 6.698651476709425e-10, 'L_scale_weight_yyx': 1.2987643093343501e-08, 'learning_rate_yyx': 0.008732091435763544}. Best is trial 23 with value: -2.513824905841335.
[I 2026-03-18 20:28:00,757] Trial 40 pruned. 
[I 2026-03-18 20:28:04,061] Trial 28 finished with value: -2.5113498008217485 and parameters: {'n_layers_yyx': 1, 'hidden_size_yyx_l0': 6, 'context_size_yyx': 1, 'num_mix_components_yyx': 5, 'context_extractor_yyx': 'lstm', 'activation_func_yyx': 'Tanh', 'L2_weight_yyx': 1.0568506370869746e-09, 'L_entropy_weight_yyx': 3.8484167623373844e-10, 'L_sep_weight_yyx': 7.747900063277539e-07, 'L_scale_weight_yyx': 3.678384312036656e-10, 'learning_rate_yyx': 0.007443831408160844}. Best is trial 12 with value: -2.51518345292619.
[I 2026-03-18 20:28:04,943] Trial 38 pruned. 
[I 2026-03-18 20:28:13,661] Trial 32 finished with value: -2.508142193390669 and parameters: {'n_layers_yyx': 2, 'hidden_size_yyx_l0': 5, 'hidden_size_yyx_l1': 4, 'context_size_yyx': 2, 'num_mix_components_yyx': 4, 'context_extractor_yyx': 'lstm', 'activation_func_yyx': 'Tanh', 'L2_weight_yyx': 2.287743340036362e-06, 'L_entropy_weight_yyx': 6.323431993174077e-09, 'L_sep_weight_yyx': 1.7652491491306722e-05, 'L_scale_weight_yyx': 1.010882313099856e-07, 'learning_rate_yyx': 0.006757272354043252}. Best is trial 26 with value: -2.512613867095458.
[I 2026-03-18 20:28:15,574] Trial 41 pruned. 
[I 2026-03-18 20:28:17,194] Trial 39 pruned. 
[I 2026-03-18 20:28:17,207] Trial 29 pruned. 
[I 2026-03-18 20:28:18,142] Trial 47 finished with value: -2.4784571193594465 and parameters: {'n_layers_yyx': 2, 'hidden_size_yyx_l0': 3, 'hidden_size_yyx_l1': 6, 'context_size_yyx': 1, 'num_mix_components_yyx': 3, 'context_extractor_yyx': 'lstm', 'activation_func_yyx': 'Tanh', 'L2_weight_yyx': 3.6004458100482496e-08, 'L_entropy_weight_yyx': 2.7625506067564556e-07, 'L_sep_weight_yyx': 1.2765925533320806e-08, 'L_scale_weight_yyx': 1.1983755987034577e-05, 'learning_rate_yyx': 0.008804120150492456}. Best is trial 7 with value: -2.4950542279753494.
[I 2026-03-18 20:28:28,714] Trial 30 pruned. 
[I 2026-03-18 20:28:29,845] Trial 48 pruned. 
[I 2026-03-18 20:28:34,899] Trial 33 pruned. 
[I 2026-03-18 20:28:36,707] Trial 49 pruned. 

Source events: 27060
Target events: 3828
Full model ln_yyx : 431.55546 nats/sec, 101.46288 nats/event
Full model Log loss : -2.45209
Full model ln_yyx : 439.26620 nats/sec, 103.27575 nats/event
Full model Log loss : -2.48862
Full model ln_yyx : 437.66170 nats/sec, 102.89852 nats/event
Full model Log loss : -2.48910
Full model ln_yyx : 435.74947 nats/sec, 102.44894 nats/event
Full model Log loss : -2.48976
Full model ln_yyx : 439.76002 nats/sec, 103.39185 nats/event
Full model Log loss : -2.49976
Full model ln_yyx : 441.44248 nats/sec, 103.78742 nats/event
Full model Log loss : -2.50338
Full model ln_yyx : 441.98673 nats/sec, 103.91538 nats/event
Full model Log loss : -2.50247
Full model ln_yyx : 441.69689 nats/sec, 103.84723 nats/event
Full model Log loss : -2.50330
Full model ln_yyx : 440.15161 nats/sec, 103.48392 nats/event
Full model Log loss : -2.50395
Full model ln_yyx : 442.26375 nats/sec, 103.98051 nats/event
Full model Log loss : -2.50398
Full model ln_yyx : 440.78226 nats/sec, 103.63219 nats/event
Full model Log loss : -2.50194
Full model ln_yyx : 441.36457 nats/sec, 103.76910 nats/event
Full model Log loss : -2.50466
Full model ln_yyx : 442.98266 nats/sec, 104.14953 nats/event
Full model Log loss : -2.50420
Full model ln_yyx : 441.99136 nats/sec, 103.91646 nats/event
Full model Log loss : -2.50272
Full model ln_yyx : 441.30835 nats/sec, 103.75588 nats/event
Full model Log loss : -2.50227
Full model ln_yyx : 441.35579 nats/sec, 103.76704 nats/event
Full model Log loss : -2.50470
Full model ln_yyx : 440.11866 nats/sec, 103.47617 nats/event
Full model Log loss : -2.50382
Full model ln_yyx : 441.85514 nats/sec, 103.88444 nats/event
Full model Log loss : -2.50429
Optimization finished. Config saved to results/opt-full/opt_full_291_best_config.txt
[I 2026-03-18 20:28:39,253] Trial 40 pruned. 
[I 2026-03-18 20:28:43,032] Trial 34 pruned. 
[I 2026-03-18 20:29:03,660] Trial 45 pruned. 
[I 2026-03-18 20:29:11,550] Trial 46 pruned. 
[I 2026-03-18 20:29:22,843] Trial 49 pruned. 

Source events: 27060
Target events: 3618
Full model ln_yyx : 414.61139 nats/sec, 103.13716 nats/event
Full model Log loss : -2.47920
Full model ln_yyx : 416.80946 nats/sec, 103.68395 nats/event
Full model Log loss : -2.49022
Full model ln_yyx : 415.60255 nats/sec, 103.38372 nats/event
Full model Log loss : -2.49190
Full model ln_yyx : 416.46378 nats/sec, 103.59796 nats/event
Full model Log loss : -2.49336
Full model ln_yyx : 419.08310 nats/sec, 104.24953 nats/event
Full model Log loss : -2.49505
Full model ln_yyx : 419.92515 nats/sec, 104.45899 nats/event
Full model Log loss : -2.49293
Full model ln_yyx : 414.55458 nats/sec, 103.12303 nats/event
Full model Log loss : -2.49289
Full model ln_yyx : 414.63463 nats/sec, 103.14294 nats/event
Full model Log loss : -2.48045
Full model ln_yyx : 416.57038 nats/sec, 103.62447 nats/event
Full model Log loss : -2.49190
Full model ln_yyx : 418.92711 nats/sec, 104.21072 nats/event
Full model Log loss : -2.49327
Full model ln_yyx : 415.77048 nats/sec, 103.42549 nats/event
Full model Log loss : -2.47846
Optimization finished. Config saved to results/opt-full/opt_full_299_best_config.txt
[I 2026-03-18 20:29:24,488] Trial 31 pruned. 
[I 2026-03-18 20:29:29,331] Trial 42 finished with value: -2.479420814816343 and parameters: {'n_layers_yyx': 2, 'hidden_size_yyx_l0': 5, 'hidden_size_yyx_l1': 6, 'context_size_yyx': 1, 'num_mix_components_yyx': 2, 'context_extractor_yyx': 'gru', 'activation_func_yyx': 'ReLU', 'L2_weight_yyx': 1.8198099489305886e-07, 'L_entropy_weight_yyx': 8.330533393727046e-05, 'L_sep_weight_yyx': 6.524418080652997e-08, 'L_scale_weight_yyx': 4.074309482309084e-07, 'learning_rate_yyx': 0.006417834471899577}. Best is trial 36 with value: -2.5139452208666837.
[I 2026-03-18 20:29:35,224] Trial 47 pruned. 
[I 2026-03-18 20:29:42,127] Trial 35 pruned. 
[I 2026-03-18 20:29:44,646] Trial 32 pruned. 
[I 2026-03-18 20:29:45,275] Trial 44 finished with value: -2.512287728815681 and parameters: {'n_layers_yyx': 1, 'hidden_size_yyx_l0': 3, 'context_size_yyx': 4, 'num_mix_components_yyx': 1, 'context_extractor_yyx': 'lstm', 'activation_func_yyx': 'ReLU', 'L2_weight_yyx': 0.00019849262903362769, 'L_entropy_weight_yyx': 3.404649222071397e-07, 'L_sep_weight_yyx': 4.599368387319151e-06, 'L_scale_weight_yyx': 6.014396140849627e-07, 'learning_rate_yyx': 0.005992744775595252}. Best is trial 33 with value: -2.512931905705113.
[I 2026-03-18 20:29:48,241] Trial 43 pruned. 
[I 2026-03-18 20:29:51,517] Trial 33 pruned. 
[I 2026-03-18 20:29:52,883] Trial 48 pruned. 
[I 2026-03-18 20:29:55,220] Trial 42 finished with value: -2.5150204117116397 and parameters: {'n_layers_yyx': 2, 'hidden_size_yyx_l0': 2, 'hidden_size_yyx_l1': 5, 'context_size_yyx': 3, 'num_mix_components_yyx': 5, 'context_extractor_yyx': 'lstm', 'activation_func_yyx': 'ReLU', 'L2_weight_yyx': 1.878591233568284e-06, 'L_entropy_weight_yyx': 4.832324362550549e-06, 'L_sep_weight_yyx': 1.1625589034167784e-08, 'L_scale_weight_yyx': 6.516715568869952e-05, 'learning_rate_yyx': 0.008607043176057455}. Best is trial 22 with value: -2.5155989726836543.
[I 2026-03-18 20:29:58,117] Trial 36 pruned. 
[I 2026-03-18 20:29:59,605] Trial 47 finished with value: -2.011560079330496 and parameters: {'n_layers_yyx': 1, 'hidden_size_yyx_l0': 4, 'context_size_yyx': 3, 'num_mix_components_yyx': 5, 'context_extractor_yyx': 'lstm', 'activation_func_yyx': 'GELU', 'L2_weight_yyx': 3.80940131816967e-07, 'L_entropy_weight_yyx': 5.883923822437679e-06, 'L_sep_weight_yyx': 1.7032861651724788e-08, 'L_scale_weight_yyx': 6.889922524726418e-05, 'learning_rate_yyx': 0.008314040314522368}. Best is trial 0 with value: -2.0138799336866504.
[I 2026-03-18 20:30:11,018] Trial 34 pruned. 
[I 2026-03-18 20:30:12,756] Trial 49 pruned. 

Source events: 27060
Target events: 54211
Full model ln_yyx : 6239.95305 nats/sec, 103.59443 nats/event
Full model Log loss : -2.51202
Full model ln_yyx : 6230.44047 nats/sec, 103.43651 nats/event
Full model Log loss : -2.50926
Full model ln_yyx : 6200.00208 nats/sec, 102.93117 nats/event
Full model Log loss : -2.49655
Full model ln_yyx : 6225.47993 nats/sec, 103.35415 nats/event
Full model Log loss : -2.51045
Full model ln_yyx : 6209.67687 nats/sec, 103.09179 nats/event
Full model Log loss : -2.49759
Full model ln_yyx : 6246.15290 nats/sec, 103.69736 nats/event
Full model Log loss : -2.51107
Full model ln_yyx : 6159.49550 nats/sec, 102.25869 nats/event
Full model Log loss : -2.49097
Full model ln_yyx : 6236.17008 nats/sec, 103.53163 nats/event
Full model Log loss : -2.51370
Full model ln_yyx : 6241.47542 nats/sec, 103.61971 nats/event
Full model Log loss : -2.51382
Full model ln_yyx : 6269.26246 nats/sec, 104.08102 nats/event
Full model Log loss : -2.51315
Full model ln_yyx : 6220.61857 nats/sec, 103.27344 nats/event
Full model Log loss : -2.49608
Full model ln_yyx : 6273.02835 nats/sec, 104.14354 nats/event
Full model Log loss : -2.51314
Full model ln_yyx : 6245.07581 nats/sec, 103.67948 nats/event
Full model Log loss : -2.51339
Full model ln_yyx : 6244.55893 nats/sec, 103.67090 nats/event
Full model Log loss : -2.51334
Full model ln_yyx : 6276.75285 nats/sec, 104.20537 nats/event
Full model Log loss : -2.51343
Full model ln_yyx : 6233.98766 nats/sec, 103.49540 nats/event
Full model Log loss : -2.49799
Full model ln_yyx : 6265.97601 nats/sec, 104.02646 nats/event
Full model Log loss : -2.49824
Optimization finished. Config saved to results/opt-full/opt_full_292_best_config.txt
[I 2026-03-18 20:30:13,748] Trial 45 finished with value: -2.513625390147211 and parameters: {'n_layers_yyx': 1, 'hidden_size_yyx_l0': 6, 'context_size_yyx': 1, 'num_mix_components_yyx': 5, 'context_extractor_yyx': 'lstm', 'activation_func_yyx': 'ReLU', 'L2_weight_yyx': 9.636169934870766e-05, 'L_entropy_weight_yyx': 3.7385869764698985e-08, 'L_sep_weight_yyx': 5.874820942720862e-07, 'L_scale_weight_yyx': 2.721051538615588e-10, 'learning_rate_yyx': 0.008079071732022672}. Best is trial 45 with value: -2.513625390147211.
[I 2026-03-18 20:30:15,070] Trial 48 pruned. 
[I 2026-03-18 20:30:17,921] Trial 41 finished with value: -2.5135128231956845 and parameters: {'n_layers_yyx': 1, 'hidden_size_yyx_l0': 4, 'context_size_yyx': 4, 'num_mix_components_yyx': 3, 'context_extractor_yyx': 'gru', 'activation_func_yyx': 'ReLU', 'L2_weight_yyx': 7.404167468060123e-09, 'L_entropy_weight_yyx': 4.011168017517934e-08, 'L_sep_weight_yyx': 1.1932966592730537e-10, 'L_scale_weight_yyx': 2.3283487924934304e-10, 'learning_rate_yyx': 0.008694619634027616}. Best is trial 5 with value: -2.5140323195684524.
[I 2026-03-18 20:30:27,748] Trial 35 pruned. 
[I 2026-03-18 20:30:31,024] Trial 46 pruned. 
[I 2026-03-18 20:30:38,543] Trial 47 pruned. 
[I 2026-03-18 20:30:47,131] Trial 36 pruned. 
[I 2026-03-18 20:30:49,535] Trial 37 pruned. 
[I 2026-03-18 20:30:54,649] Trial 49 pruned. 

Source events: 18269
Target events: 10683
Full model ln_yyx : 716.26270 nats/sec, 60.34227 nats/event
Full model Log loss : -2.01388
Full model ln_yyx : 705.50821 nats/sec, 59.43624 nats/event
Full model Log loss : -1.96809
Full model ln_yyx : 720.58525 nats/sec, 60.70642 nats/event
Full model Log loss : -2.00832
Full model ln_yyx : 713.45511 nats/sec, 60.10574 nats/event
Full model Log loss : -2.01136
Full model ln_yyx : 716.72186 nats/sec, 60.38095 nats/event
Full model Log loss : -2.01055
Full model ln_yyx : 717.62627 nats/sec, 60.45714 nats/event
Full model Log loss : -2.00942
Full model ln_yyx : 717.75137 nats/sec, 60.46768 nats/event
Full model Log loss : -2.00825
Full model ln_yyx : 720.79651 nats/sec, 60.72422 nats/event
Full model Log loss : -2.01045
Full model ln_yyx : 714.15286 nats/sec, 60.16452 nats/event
Full model Log loss : -2.01285
Full model ln_yyx : 713.75894 nats/sec, 60.13133 nats/event
Full model Log loss : -2.01346
Full model ln_yyx : 720.05948 nats/sec, 60.66213 nats/event
Full model Log loss : -2.01381
Full model ln_yyx : 705.05403 nats/sec, 59.39798 nats/event
Full model Log loss : -1.98929
Full model ln_yyx : 716.12278 nats/sec, 60.33048 nats/event
Full model Log loss : -2.01300
Full model ln_yyx : 709.92137 nats/sec, 59.80803 nats/event
Full model Log loss : -1.98580
Full model ln_yyx : 713.55208 nats/sec, 60.11391 nats/event
Full model Log loss : -2.01349
Full model ln_yyx : 714.42279 nats/sec, 60.18726 nats/event
Full model Log loss : -2.01267
Full model ln_yyx : 709.73281 nats/sec, 59.79215 nats/event
Full model Log loss : -2.01195
Full model ln_yyx : 715.79915 nats/sec, 60.30321 nats/event
Full model Log loss : -2.01156
Optimization finished. Config saved to results/opt-full/opt_full_318_best_config.txt
[I 2026-03-18 20:30:59,114] Trial 48 pruned. 
[I 2026-03-18 20:31:00,272] Trial 38 pruned. 
[I 2026-03-18 20:31:19,423] Trial 49 pruned. 

Source events: 27060
Target events: 5634
Full model ln_yyx : 645.84180 nats/sec, 103.16962 nats/event
Full model Log loss : -2.49803
Full model ln_yyx : 648.25128 nats/sec, 103.55452 nats/event
Full model Log loss : -2.51316
Full model ln_yyx : 630.80465 nats/sec, 100.76752 nats/event
Full model Log loss : -2.45813
Full model ln_yyx : 650.75782 nats/sec, 103.95492 nats/event
Full model Log loss : -2.51325
Full model ln_yyx : 638.73868 nats/sec, 102.03493 nats/event
Full model Log loss : -2.49026
Full model ln_yyx : 649.44199 nats/sec, 103.74473 nats/event
Full model Log loss : -2.51026
Full model ln_yyx : 651.70634 nats/sec, 104.10644 nats/event
Full model Log loss : -2.51330
Full model ln_yyx : 647.43545 nats/sec, 103.42419 nats/event
Full model Log loss : -2.51302
Full model ln_yyx : 649.94151 nats/sec, 103.82452 nats/event
Full model Log loss : -2.51100
Full model ln_yyx : 649.60831 nats/sec, 103.77130 nats/event
Full model Log loss : -2.51107
Full model ln_yyx : 651.49723 nats/sec, 104.07304 nats/event
Full model Log loss : -2.51290
Full model ln_yyx : 654.22726 nats/sec, 104.50915 nats/event
Full model Log loss : -2.51264
Full model ln_yyx : 647.99166 nats/sec, 103.51304 nats/event
Full model Log loss : -2.50794
Full model ln_yyx : 653.81813 nats/sec, 104.44379 nats/event
Full model Log loss : -2.51158
Full model ln_yyx : 651.11630 nats/sec, 104.01219 nats/event
Full model Log loss : -2.51363
Optimization finished. Config saved to results/opt-full/opt_full_293_best_config.txt
[I 2026-03-18 20:31:29,652] Trial 43 finished with value: -2.515220795429969 and parameters: {'n_layers_yyx': 2, 'hidden_size_yyx_l0': 2, 'hidden_size_yyx_l1': 5, 'context_size_yyx': 3, 'num_mix_components_yyx': 5, 'context_extractor_yyx': 'lstm', 'activation_func_yyx': 'ReLU', 'L2_weight_yyx': 1.02695370605973e-06, 'L_entropy_weight_yyx': 2.188369537533603e-05, 'L_sep_weight_yyx': 1.429951791647051e-09, 'L_scale_weight_yyx': 6.82902877527617e-05, 'learning_rate_yyx': 0.009000382653703658}. Best is trial 22 with value: -2.5155989726836543.
[I 2026-03-18 20:31:39,394] Trial 45 finished with value: -2.5120075998836593 and parameters: {'n_layers_yyx': 1, 'hidden_size_yyx_l0': 3, 'context_size_yyx': 4, 'num_mix_components_yyx': 1, 'context_extractor_yyx': 'lstm', 'activation_func_yyx': 'ReLU', 'L2_weight_yyx': 0.0007174785556219671, 'L_entropy_weight_yyx': 2.3554638173818237e-08, 'L_sep_weight_yyx': 4.476784121014556e-06, 'L_scale_weight_yyx': 5.98658558214346e-07, 'learning_rate_yyx': 0.007461350493304551}. Best is trial 33 with value: -2.512931905705113.
[I 2026-03-18 20:31:47,209] Trial 42 finished with value: -2.5136954868861605 and parameters: {'n_layers_yyx': 1, 'hidden_size_yyx_l0': 4, 'context_size_yyx': 4, 'num_mix_components_yyx': 3, 'context_extractor_yyx': 'gru', 'activation_func_yyx': 'ReLU', 'L2_weight_yyx': 1.0826519704785638e-10, 'L_entropy_weight_yyx': 2.16326025590873e-08, 'L_sep_weight_yyx': 0.00043014015115349854, 'L_scale_weight_yyx': 4.414279080366604e-10, 'learning_rate_yyx': 0.009818991426769275}. Best is trial 5 with value: -2.5140323195684524.
[I 2026-03-18 20:31:47,224] Trial 37 finished with value: -2.512633667567448 and parameters: {'n_layers_yyx': 2, 'hidden_size_yyx_l0': 5, 'hidden_size_yyx_l1': 6, 'context_size_yyx': 4, 'num_mix_components_yyx': 3, 'context_extractor_yyx': 'gru', 'activation_func_yyx': 'GELU', 'L2_weight_yyx': 1.1571030309669585e-08, 'L_entropy_weight_yyx': 1.3991302002967303e-07, 'L_sep_weight_yyx': 1.0084236979257884e-06, 'L_scale_weight_yyx': 6.134409992670069e-10, 'learning_rate_yyx': 0.009862231213721396}. Best is trial 12 with value: -2.51518345292619.
[I 2026-03-18 20:32:06,396] Trial 44 finished with value: -2.5120074640171164 and parameters: {'n_layers_yyx': 2, 'hidden_size_yyx_l0': 5, 'hidden_size_yyx_l1': 6, 'context_size_yyx': 1, 'num_mix_components_yyx': 4, 'context_extractor_yyx': 'gru', 'activation_func_yyx': 'ReLU', 'L2_weight_yyx': 4.196898339709386e-09, 'L_entropy_weight_yyx': 3.8294595114462775e-07, 'L_sep_weight_yyx': 1.1754248735741594e-09, 'L_scale_weight_yyx': 2.562430708027214e-08, 'learning_rate_yyx': 0.007962384776188415}. Best is trial 36 with value: -2.5139452208666837.
[I 2026-03-18 20:32:17,045] Trial 45 pruned. 
[I 2026-03-18 20:32:19,068] Trial 44 finished with value: -2.5080835706228375 and parameters: {'n_layers_yyx': 2, 'hidden_size_yyx_l0': 2, 'hidden_size_yyx_l1': 6, 'context_size_yyx': 4, 'num_mix_components_yyx': 5, 'context_extractor_yyx': 'lstm', 'activation_func_yyx': 'ReLU', 'L2_weight_yyx': 1.3285956923963245e-06, 'L_entropy_weight_yyx': 2.613249514338588e-05, 'L_sep_weight_yyx': 5.480315565238648e-10, 'L_scale_weight_yyx': 6.0805211309119465e-05, 'learning_rate_yyx': 0.009953079374693325}. Best is trial 22 with value: -2.5155989726836543.
[I 2026-03-18 20:32:27,988] Trial 45 pruned. 
[I 2026-03-18 20:32:35,162] Trial 38 pruned. 
[I 2026-03-18 20:32:48,219] Trial 46 pruned. 
[I 2026-03-18 20:32:54,822] Trial 39 pruned. 
[I 2026-03-18 20:33:00,617] Trial 39 finished with value: -2.51221927279689 and parameters: {'n_layers_yyx': 1, 'hidden_size_yyx_l0': 4, 'context_size_yyx': 4, 'num_mix_components_yyx': 5, 'context_extractor_yyx': 'gru', 'activation_func_yyx': 'GELU', 'L2_weight_yyx': 2.4562602545176875e-09, 'L_entropy_weight_yyx': 6.242682784817471e-07, 'L_sep_weight_yyx': 2.6029657359052692e-08, 'L_scale_weight_yyx': 3.904217399945611e-05, 'learning_rate_yyx': 0.008679756681493398}. Best is trial 26 with value: -2.512613867095458.
[I 2026-03-18 20:33:04,370] Trial 43 finished with value: -2.5129935535249257 and parameters: {'n_layers_yyx': 1, 'hidden_size_yyx_l0': 4, 'context_size_yyx': 4, 'num_mix_components_yyx': 3, 'context_extractor_yyx': 'gru', 'activation_func_yyx': 'ReLU', 'L2_weight_yyx': 7.014803930843982e-10, 'L_entropy_weight_yyx': 2.464872570014433e-07, 'L_sep_weight_yyx': 0.0005320254196599985, 'L_scale_weight_yyx': 2.5414970222575388e-09, 'learning_rate_yyx': 0.009963037639477887}. Best is trial 5 with value: -2.5140323195684524.
[I 2026-03-18 20:33:10,041] Trial 40 pruned. 
[I 2026-03-18 20:33:23,906] Trial 46 finished with value: -2.511532455783932 and parameters: {'n_layers_yyx': 2, 'hidden_size_yyx_l0': 5, 'hidden_size_yyx_l1': 6, 'context_size_yyx': 1, 'num_mix_components_yyx': 5, 'context_extractor_yyx': 'lstm', 'activation_func_yyx': 'ReLU', 'L2_weight_yyx': 4.354689540241232e-09, 'L_entropy_weight_yyx': 2.8826183783694932e-08, 'L_sep_weight_yyx': 3.1295608563577924e-10, 'L_scale_weight_yyx': 3.1192840837357895e-10, 'learning_rate_yyx': 0.009871510951138977}. Best is trial 36 with value: -2.5139452208666837.
[I 2026-03-18 20:33:27,692] Trial 46 finished with value: -2.511733488178163 and parameters: {'n_layers_yyx': 1, 'hidden_size_yyx_l0': 3, 'context_size_yyx': 4, 'num_mix_components_yyx': 1, 'context_extractor_yyx': 'lstm', 'activation_func_yyx': 'ReLU', 'L2_weight_yyx': 0.0009724307871560989, 'L_entropy_weight_yyx': 1.5569686185029443e-08, 'L_sep_weight_yyx': 8.838641227792627e-07, 'L_scale_weight_yyx': 4.647569262769449e-06, 'learning_rate_yyx': 0.008312058133832567}. Best is trial 33 with value: -2.512931905705113.
[I 2026-03-18 20:33:29,055] Trial 41 pruned. 
[I 2026-03-18 20:33:47,485] Trial 47 pruned. 
[I 2026-03-18 20:33:48,348] Trial 42 pruned. 
[I 2026-03-18 20:33:53,328] Trial 44 pruned. 
[I 2026-03-18 20:33:57,412] Trial 40 finished with value: -2.494021730126355 and parameters: {'n_layers_yyx': 2, 'hidden_size_yyx_l0': 4, 'hidden_size_yyx_l1': 4, 'context_size_yyx': 4, 'num_mix_components_yyx': 5, 'context_extractor_yyx': 'lstm', 'activation_func_yyx': 'GELU', 'L2_weight_yyx': 1.91610415117699e-09, 'L_entropy_weight_yyx': 7.05947614681257e-07, 'L_sep_weight_yyx': 2.616867885801385e-08, 'L_scale_weight_yyx': 0.00017024101513923436, 'learning_rate_yyx': 0.008652970373693707}. Best is trial 26 with value: -2.512613867095458.
[I 2026-03-18 20:34:08,380] Trial 43 pruned. 
[I 2026-03-18 20:34:09,047] Trial 47 finished with value: -2.512549946061309 and parameters: {'n_layers_yyx': 2, 'hidden_size_yyx_l0': 2, 'hidden_size_yyx_l1': 5, 'context_size_yyx': 4, 'num_mix_components_yyx': 5, 'context_extractor_yyx': 'lstm', 'activation_func_yyx': 'ReLU', 'L2_weight_yyx': 0.0007895299595707551, 'L_entropy_weight_yyx': 1.6488950910709083e-05, 'L_sep_weight_yyx': 5.958730847150837e-09, 'L_scale_weight_yyx': 0.0005449880512576195, 'learning_rate_yyx': 0.006428420825706469}. Best is trial 22 with value: -2.5155989726836543.
[I 2026-03-18 20:34:15,254] Trial 44 pruned. 
[I 2026-03-18 20:34:16,792] Trial 48 pruned. 
[I 2026-03-18 20:34:24,527] Trial 45 pruned. 
[I 2026-03-18 20:34:26,366] Trial 49 pruned. 

Source events: 27060
Target events: 20315
Full model ln_yyx : 2341.34407 nats/sec, 103.72679 nats/event
Full model Log loss : -2.51081
Full model ln_yyx : 2336.67208 nats/sec, 103.51981 nats/event
Full model Log loss : -2.51068
Full model ln_yyx : 2318.15964 nats/sec, 102.69966 nats/event
Full model Log loss : -2.48989
Full model ln_yyx : 2330.43649 nats/sec, 103.24356 nats/event
Full model Log loss : -2.49819
Full model ln_yyx : 2315.00347 nats/sec, 102.55984 nats/event
Full model Log loss : -2.49846
Full model ln_yyx : 2343.45231 nats/sec, 103.82019 nats/event
Full model Log loss : -2.51185
Full model ln_yyx : 2332.10852 nats/sec, 103.31763 nats/event
Full model Log loss : -2.50828
Full model ln_yyx : 2346.75231 nats/sec, 103.96638 nats/event
Full model Log loss : -2.51227
Full model ln_yyx : 2340.48454 nats/sec, 103.68871 nats/event
Full model Log loss : -2.51560
Full model ln_yyx : 2357.22072 nats/sec, 104.43016 nats/event
Full model Log loss : -2.51534
Full model ln_yyx : 2316.39081 nats/sec, 102.62130 nats/event
Full model Log loss : -2.49814
Full model ln_yyx : 2368.56154 nats/sec, 104.93258 nats/event
Full model Log loss : -2.51406
Full model ln_yyx : 2318.60822 nats/sec, 102.71954 nats/event
Full model Log loss : -2.49654
Full model ln_yyx : 2359.26113 nats/sec, 104.52055 nats/event
Full model Log loss : -2.51303
Full model ln_yyx : 2336.43467 nats/sec, 103.50929 nats/event
Full model Log loss : -2.51022
Full model ln_yyx : 2347.64824 nats/sec, 104.00608 nats/event
Full model Log loss : -2.51421
Full model ln_yyx : 2340.36695 nats/sec, 103.68350 nats/event
Full model Log loss : -2.51087
Full model ln_yyx : 2341.57010 nats/sec, 103.73680 nats/event
Full model Log loss : -2.51509
Full model ln_yyx : 2345.69869 nats/sec, 103.91971 nats/event
Full model Log loss : -2.51502
Full model ln_yyx : 2342.72077 nats/sec, 103.78778 nats/event
Full model Log loss : -2.51522
Full model ln_yyx : 2340.56995 nats/sec, 103.69249 nats/event
Full model Log loss : -2.50808
Full model ln_yyx : 2340.72368 nats/sec, 103.69930 nats/event
Full model Log loss : -2.51255
Optimization finished. Config saved to results/opt-full/opt_full_290_best_config.txt
[I 2026-03-18 20:34:34,861] Trial 47 finished with value: -2.5114044223988294 and parameters: {'n_layers_yyx': 2, 'hidden_size_yyx_l0': 5, 'hidden_size_yyx_l1': 6, 'context_size_yyx': 1, 'num_mix_components_yyx': 5, 'context_extractor_yyx': 'lstm', 'activation_func_yyx': 'ReLU', 'L2_weight_yyx': 6.786846054947509e-10, 'L_entropy_weight_yyx': 2.0897236365899355e-08, 'L_sep_weight_yyx': 1.1168259953165761e-10, 'L_scale_weight_yyx': 2.0670872776078776e-10, 'learning_rate_yyx': 0.009591381217886288}. Best is trial 36 with value: -2.5139452208666837.
[I 2026-03-18 20:35:08,935] Trial 46 pruned. 
[I 2026-03-18 20:35:16,917] Trial 47 pruned. 
[I 2026-03-18 20:35:25,719] Trial 48 pruned. 
[I 2026-03-18 20:35:27,792] Trial 45 finished with value: -2.513943371000744 and parameters: {'n_layers_yyx': 1, 'hidden_size_yyx_l0': 4, 'context_size_yyx': 4, 'num_mix_components_yyx': 3, 'context_extractor_yyx': 'gru', 'activation_func_yyx': 'ReLU', 'L2_weight_yyx': 1.1836573618580834e-10, 'L_entropy_weight_yyx': 9.92293020797065e-09, 'L_sep_weight_yyx': 0.000893929167891452, 'L_scale_weight_yyx': 6.40570365756436e-09, 'learning_rate_yyx': 0.0072671905033773005}. Best is trial 5 with value: -2.5140323195684524.
[I 2026-03-18 20:35:33,330] Trial 49 pruned. 

Source events: 27060
Target events: 32635
Full model ln_yyx : 3757.39572 nats/sec, 103.62053 nats/event
Full model Log loss : -2.51205
Full model ln_yyx : 3739.91317 nats/sec, 103.13841 nats/event
Full model Log loss : -2.50864
Full model ln_yyx : 3753.66816 nats/sec, 103.51774 nats/event
Full model Log loss : -2.50859
Full model ln_yyx : 3748.83118 nats/sec, 103.38434 nats/event
Full model Log loss : -2.49765
Full model ln_yyx : 3741.36775 nats/sec, 103.17852 nats/event
Full model Log loss : -2.49739
Full model ln_yyx : 3767.12226 nats/sec, 103.88877 nats/event
Full model Log loss : -2.51449
Full model ln_yyx : 3764.45587 nats/sec, 103.81524 nats/event
Full model Log loss : -2.51457
Full model ln_yyx : 3771.52789 nats/sec, 104.01027 nats/event
Full model Log loss : -2.51518
Full model ln_yyx : 3786.30570 nats/sec, 104.41781 nats/event
Full model Log loss : -2.51410
Full model ln_yyx : 3781.07533 nats/sec, 104.27356 nats/event
Full model Log loss : -2.51431
Full model ln_yyx : 3764.75636 nats/sec, 103.82352 nats/event
Full model Log loss : -2.51078
Full model ln_yyx : 3769.56803 nats/sec, 103.95622 nats/event
Full model Log loss : -2.51484
Full model ln_yyx : 3749.28981 nats/sec, 103.39699 nats/event
Full model Log loss : -2.51351
Full model ln_yyx : 3765.60403 nats/sec, 103.84690 nats/event
Full model Log loss : -2.51432
Full model ln_yyx : 3771.00916 nats/sec, 103.99596 nats/event
Full model Log loss : -2.51517
Full model ln_yyx : 3749.95166 nats/sec, 103.41524 nats/event
Full model Log loss : -2.51135
Full model ln_yyx : 3746.53881 nats/sec, 103.32113 nats/event
Full model Log loss : -2.51263
Optimization finished. Config saved to results/opt-full/opt_full_295_best_config.txt
[I 2026-03-18 20:35:36,464] Trial 48 finished with value: -2.5115083387238895 and parameters: {'n_layers_yyx': 2, 'hidden_size_yyx_l0': 5, 'hidden_size_yyx_l1': 6, 'context_size_yyx': 1, 'num_mix_components_yyx': 5, 'context_extractor_yyx': 'lstm', 'activation_func_yyx': 'ReLU', 'L2_weight_yyx': 4.544921788139215e-09, 'L_entropy_weight_yyx': 1.796933368253401e-08, 'L_sep_weight_yyx': 1.6418899817335693e-10, 'L_scale_weight_yyx': 3.116099139059804e-10, 'learning_rate_yyx': 0.009781539179351215}. Best is trial 36 with value: -2.5139452208666837.
[I 2026-03-18 20:35:37,912] Trial 41 finished with value: -2.51063739801779 and parameters: {'n_layers_yyx': 1, 'hidden_size_yyx_l0': 5, 'context_size_yyx': 4, 'num_mix_components_yyx': 5, 'context_extractor_yyx': 'gru', 'activation_func_yyx': 'GELU', 'L2_weight_yyx': 5.795031734458251e-10, 'L_entropy_weight_yyx': 3.3357967313992316e-06, 'L_sep_weight_yyx': 5.09235074979903e-09, 'L_scale_weight_yyx': 1.7766164664776966e-06, 'learning_rate_yyx': 0.008344879795316347}. Best is trial 26 with value: -2.512613867095458.
[I 2026-03-18 20:35:46,249] Trial 48 finished with value: -2.512610772193096 and parameters: {'n_layers_yyx': 1, 'hidden_size_yyx_l0': 3, 'context_size_yyx': 4, 'num_mix_components_yyx': 1, 'context_extractor_yyx': 'lstm', 'activation_func_yyx': 'ReLU', 'L2_weight_yyx': 0.00021230855157913065, 'L_entropy_weight_yyx': 4.803351600077129e-10, 'L_sep_weight_yyx': 3.3602075678896104e-06, 'L_scale_weight_yyx': 1.8073834164169537e-05, 'learning_rate_yyx': 0.006085092807056581}. Best is trial 33 with value: -2.512931905705113.
[I 2026-03-18 20:35:46,554] Trial 42 pruned. 
[I 2026-03-18 20:35:55,514] Trial 49 pruned. 

Source events: 27060
Target events: 20158
Full model ln_yyx : 2325.95081 nats/sec, 103.84739 nats/event
Full model Log loss : -2.51035
Full model ln_yyx : 2323.56216 nats/sec, 103.74075 nats/event
Full model Log loss : -2.51256
Full model ln_yyx : 2305.65228 nats/sec, 102.94112 nats/event
Full model Log loss : -2.50849
Full model ln_yyx : 2321.78062 nats/sec, 103.66120 nats/event
Full model Log loss : -2.51227
Full model ln_yyx : 2304.78459 nats/sec, 102.90238 nats/event
Full model Log loss : -2.50773
Full model ln_yyx : 2306.01225 nats/sec, 102.95719 nats/event
Full model Log loss : -2.49725
Full model ln_yyx : 2331.19432 nats/sec, 104.08150 nats/event
Full model Log loss : -2.51104
Full model ln_yyx : 2327.56848 nats/sec, 103.91962 nats/event
Full model Log loss : -2.51088
Full model ln_yyx : 2319.75903 nats/sec, 103.57095 nats/event
Full model Log loss : -2.51007
Full model ln_yyx : 2327.00899 nats/sec, 103.89464 nats/event
Full model Log loss : -2.51083
Full model ln_yyx : 2313.67030 nats/sec, 103.29910 nats/event
Full model Log loss : -2.51293
Full model ln_yyx : 2297.75247 nats/sec, 102.58841 nats/event
Full model Log loss : -2.49668
Full model ln_yyx : 2333.11896 nats/sec, 104.16743 nats/event
Full model Log loss : -2.51064
Full model ln_yyx : 2324.05425 nats/sec, 103.76272 nats/event
Full model Log loss : -2.51127
Full model ln_yyx : 2331.31862 nats/sec, 104.08705 nats/event
Full model Log loss : -2.51229
Full model ln_yyx : 2337.39758 nats/sec, 104.35846 nats/event
Full model Log loss : -2.51201
Full model ln_yyx : 2345.39264 nats/sec, 104.71542 nats/event
Full model Log loss : -2.51173
Full model ln_yyx : 2323.30574 nats/sec, 103.72930 nats/event
Full model Log loss : -2.51261
Optimization finished. Config saved to results/opt-full/opt_full_297_best_config.txt
[I 2026-03-18 20:36:09,869] Trial 46 pruned. 
[I 2026-03-18 20:36:17,789] Trial 47 pruned. 
[I 2026-03-18 20:36:33,716] Trial 48 pruned. 
[I 2026-03-18 20:36:41,062] Trial 49 finished with value: -2.5094127446379315 and parameters: {'n_layers_yyx': 2, 'hidden_size_yyx_l0': 6, 'hidden_size_yyx_l1': 6, 'context_size_yyx': 1, 'num_mix_components_yyx': 5, 'context_extractor_yyx': 'lstm', 'activation_func_yyx': 'Tanh', 'L2_weight_yyx': 4.032033030211815e-09, 'L_entropy_weight_yyx': 6.858092300566886e-08, 'L_sep_weight_yyx': 3.255282148807975e-10, 'L_scale_weight_yyx': 8.492450771223925e-10, 'learning_rate_yyx': 0.008226945523920587}. Best is trial 36 with value: -2.5139452208666837.

Source events: 27060
Target events: 31112
Full model ln_yyx : 3544.17392 nats/sec, 102.52496 nats/event
Full model Log loss : -2.49554
Full model ln_yyx : 3592.41727 nats/sec, 103.92053 nats/event
Full model Log loss : -2.51186
Full model ln_yyx : 3580.51153 nats/sec, 103.57612 nats/event
Full model Log loss : -2.51084
Full model ln_yyx : 3570.19164 nats/sec, 103.27759 nats/event
Full model Log loss : -2.50748
Full model ln_yyx : 3540.96526 nats/sec, 102.43214 nats/event
Full model Log loss : -2.49139
Full model ln_yyx : 3550.91934 nats/sec, 102.72009 nats/event
Full model Log loss : -2.50052
Full model ln_yyx : 3589.69285 nats/sec, 103.84172 nats/event
Full model Log loss : -2.50833
Full model ln_yyx : 3574.00710 nats/sec, 103.38797 nats/event
Full model Log loss : -2.50919
Full model ln_yyx : 3573.55831 nats/sec, 103.37498 nats/event
Full model Log loss : -2.50914
Full model ln_yyx : 3592.61225 nats/sec, 103.92617 nats/event
Full model Log loss : -2.50947
Full model ln_yyx : 3580.18455 nats/sec, 103.56667 nats/event
Full model Log loss : -2.51395
Full model ln_yyx : 3544.32251 nats/sec, 102.52926 nats/event
Full model Log loss : -2.47942
Full model ln_yyx : 3593.14099 nats/sec, 103.94147 nats/event
Full model Log loss : -2.51201
Full model ln_yyx : 3597.13748 nats/sec, 104.05708 nats/event
Full model Log loss : -2.51153
Full model ln_yyx : 3593.18738 nats/sec, 103.94281 nats/event
Full model Log loss : -2.51140
Full model ln_yyx : 3595.77602 nats/sec, 104.01769 nats/event
Full model Log loss : -2.51151
Full model ln_yyx : 3576.18203 nats/sec, 103.45088 nats/event
Full model Log loss : -2.50941
Optimization finished. Config saved to results/opt-full/opt_full_288_best_config.txt
[I 2026-03-18 20:36:59,535] Trial 43 finished with value: -2.509641506759543 and parameters: {'n_layers_yyx': 1, 'hidden_size_yyx_l0': 5, 'context_size_yyx': 4, 'num_mix_components_yyx': 5, 'context_extractor_yyx': 'gru', 'activation_func_yyx': 'GELU', 'L2_weight_yyx': 8.121122389677902e-10, 'L_entropy_weight_yyx': 6.429961256886458e-07, 'L_sep_weight_yyx': 3.4219660112760503e-09, 'L_scale_weight_yyx': 4.022592317751109e-06, 'learning_rate_yyx': 0.008500933252369464}. Best is trial 26 with value: -2.512613867095458.
[I 2026-03-18 20:37:14,001] Trial 44 pruned. 
[I 2026-03-18 20:38:21,625] Trial 45 finished with value: -2.5096347301889432 and parameters: {'n_layers_yyx': 1, 'hidden_size_yyx_l0': 5, 'context_size_yyx': 4, 'num_mix_components_yyx': 5, 'context_extractor_yyx': 'gru', 'activation_func_yyx': 'GELU', 'L2_weight_yyx': 3.5561847842942405e-09, 'L_entropy_weight_yyx': 1.9195163890322315e-05, 'L_sep_weight_yyx': 8.78347360707898e-09, 'L_scale_weight_yyx': 2.5445968265350187e-05, 'learning_rate_yyx': 0.008491455981970854}. Best is trial 26 with value: -2.512613867095458.
[I 2026-03-18 20:38:25,495] Trial 49 pruned. 

Source events: 27060
Target events: 10683
Full model ln_yyx : 1229.48581 nats/sec, 103.57926 nats/event
Full model Log loss : -2.51240
Full model ln_yyx : 1224.79800 nats/sec, 103.18433 nats/event
Full model Log loss : -2.50781
Full model ln_yyx : 1233.25097 nats/sec, 103.89646 nats/event
Full model Log loss : -2.51208
Full model ln_yyx : 1236.45639 nats/sec, 104.16650 nats/event
Full model Log loss : -2.51403
Full model ln_yyx : 1227.46984 nats/sec, 103.40942 nats/event
Full model Log loss : -2.49528
Full model ln_yyx : 1228.89116 nats/sec, 103.52916 nats/event
Full model Log loss : -2.51181
Full model ln_yyx : 1227.98642 nats/sec, 103.45294 nats/event
Full model Log loss : -2.51269
Full model ln_yyx : 1227.89932 nats/sec, 103.44560 nats/event
Full model Log loss : -2.51276
Full model ln_yyx : 1243.12983 nats/sec, 104.72871 nats/event
Full model Log loss : -2.51050
Full model ln_yyx : 1231.89112 nats/sec, 103.78190 nats/event
Full model Log loss : -2.51396
Full model ln_yyx : 1240.26248 nats/sec, 104.48715 nats/event
Full model Log loss : -2.51240
Full model ln_yyx : 1238.47668 nats/sec, 104.33670 nats/event
Full model Log loss : -2.51357
Full model ln_yyx : 1231.64486 nats/sec, 103.76115 nats/event
Full model Log loss : -2.51341
Full model ln_yyx : 1234.39372 nats/sec, 103.99273 nats/event
Full model Log loss : -2.51377
Full model ln_yyx : 1231.15823 nats/sec, 103.72015 nats/event
Full model Log loss : -2.51354
Full model ln_yyx : 1223.13971 nats/sec, 103.04463 nats/event
Full model Log loss : -2.50986
Full model ln_yyx : 1232.73988 nats/sec, 103.85340 nats/event
Full model Log loss : -2.50896
Full model ln_yyx : 1230.70874 nats/sec, 103.68229 nats/event
Full model Log loss : -2.51351
Full model ln_yyx : 1238.08355 nats/sec, 104.30358 nats/event
Full model Log loss : -2.51370
Full model ln_yyx : 1229.08720 nats/sec, 103.54568 nats/event
Full model Log loss : -2.51299
Full model ln_yyx : 1234.74199 nats/sec, 104.02207 nats/event
Full model Log loss : -2.51394
Optimization finished. Config saved to results/opt-full/opt_full_294_best_config.txt
[I 2026-03-18 20:38:37,951] Trial 46 pruned. 
[I 2026-03-18 20:38:45,378] Trial 47 pruned. 
[I 2026-03-18 20:38:52,621] Trial 48 pruned. 
[I 2026-03-18 20:39:00,255] Trial 49 pruned. 

Source events: 27060
Target events: 24874
Full model ln_yyx : 2857.91621 nats/sec, 103.40615 nats/event
Full model Log loss : -2.51175
Full model ln_yyx : 2822.62149 nats/sec, 102.12910 nats/event
Full model Log loss : -2.49102
Full model ln_yyx : 2834.06727 nats/sec, 102.54324 nats/event
Full model Log loss : -2.50467
Full model ln_yyx : 2864.91923 nats/sec, 103.65954 nats/event
Full model Log loss : -2.51003
Full model ln_yyx : 2865.64970 nats/sec, 103.68597 nats/event
Full model Log loss : -2.51028
Full model ln_yyx : 2797.67081 nats/sec, 101.22633 nats/event
Full model Log loss : -2.46332
Full model ln_yyx : 2866.40759 nats/sec, 103.71339 nats/event
Full model Log loss : -2.51036
Full model ln_yyx : 2851.89167 nats/sec, 103.18817 nats/event
Full model Log loss : -2.51058
Full model ln_yyx : 2866.56519 nats/sec, 103.71909 nats/event
Full model Log loss : -2.50930
Full model ln_yyx : 2848.85469 nats/sec, 103.07828 nats/event
Full model Log loss : -2.50814
Full model ln_yyx : 2862.87459 nats/sec, 103.58556 nats/event
Full model Log loss : -2.51261
Full model ln_yyx : 2829.40723 nats/sec, 102.37463 nats/event
Full model Log loss : -2.49480
Full model ln_yyx : 2849.60897 nats/sec, 103.10557 nats/event
Full model Log loss : -2.49698
Full model ln_yyx : 2846.86670 nats/sec, 103.00635 nats/event
Full model Log loss : -2.50814
Full model ln_yyx : 2856.85758 nats/sec, 103.36785 nats/event
Full model Log loss : -2.51222
Full model ln_yyx : 2850.93490 nats/sec, 103.15355 nats/event
Full model Log loss : -2.49402
Full model ln_yyx : 2850.14476 nats/sec, 103.12496 nats/event
Full model Log loss : -2.51064
Full model ln_yyx : 2864.66128 nats/sec, 103.65020 nats/event
Full model Log loss : -2.50964
Full model ln_yyx : 2864.65404 nats/sec, 103.64994 nats/event
Full model Log loss : -2.50963
Optimization finished. Config saved to results/opt-full/opt_full_296_best_config.txt
