Warning: Failed writing log files to directory [/var/log/nvidia-mps]. No logs will be available.
Error: Task ID 31 not found in hpc/tasks_reduced.csv
Warning: Task ID 31 not found in task file. Exiting.
Error: Task ID 29 not found in hpc/tasks_reduced.csv
Warning: Task ID 29 not found in task file. Exiting.
Error: Task ID 30 not found in hpc/tasks_reduced.csv
Warning: Task ID 30 not found in task file. Exiting.
[I 2026-03-17 17:04:24,883] A new study created in RDB with name: opt_reduced-model_seed=42_task=9
[I 2026-03-17 17:04:24,884] A new study created in RDB with name: opt_reduced-model_seed=42_task=6
[I 2026-03-17 17:04:24,890] A new study created in RDB with name: opt_reduced-model_seed=42_task=22
[I 2026-03-17 17:04:24,890] A new study created in RDB with name: opt_reduced-model_seed=42_task=3
[I 2026-03-17 17:04:24,897] A new study created in RDB with name: opt_reduced-model_seed=42_task=23
[I 2026-03-17 17:04:24,903] A new study created in RDB with name: opt_reduced-model_seed=42_task=1
[I 2026-03-17 17:04:24,914] A new study created in RDB with name: opt_reduced-model_seed=42_task=2
[I 2026-03-17 17:04:24,916] A new study created in RDB with name: opt_reduced-model_seed=42_task=14
[I 2026-03-17 17:04:24,917] A new study created in RDB with name: opt_reduced-model_seed=42_task=10
[I 2026-03-17 17:04:24,925] A new study created in RDB with name: opt_reduced-model_seed=42_task=25
[I 2026-03-17 17:04:24,927] A new study created in RDB with name: opt_reduced-model_seed=42_task=20
[I 2026-03-17 17:04:24,927] A new study created in RDB with name: opt_reduced-model_seed=42_task=17
[I 2026-03-17 17:04:24,927] A new study created in RDB with name: opt_reduced-model_seed=42_task=11
[I 2026-03-17 17:04:24,928] A new study created in RDB with name: opt_reduced-model_seed=42_task=12
[I 2026-03-17 17:04:24,927] A new study created in RDB with name: opt_reduced-model_seed=42_task=15
[I 2026-03-17 17:04:24,928] A new study created in RDB with name: opt_reduced-model_seed=42_task=27
[I 2026-03-17 17:04:24,932] A new study created in RDB with name: opt_reduced-model_seed=42_task=5
[I 2026-03-17 17:04:24,933] A new study created in RDB with name: opt_reduced-model_seed=42_task=0
[I 2026-03-17 17:04:24,935] A new study created in RDB with name: opt_reduced-model_seed=42_task=21
[I 2026-03-17 17:04:24,937] A new study created in RDB with name: opt_reduced-model_seed=42_task=18
[I 2026-03-17 17:04:24,938] A new study created in RDB with name: opt_reduced-model_seed=42_task=13
[I 2026-03-17 17:04:24,939] A new study created in RDB with name: opt_reduced-model_seed=42_task=8
[I 2026-03-17 17:04:24,942] A new study created in RDB with name: opt_reduced-model_seed=42_task=19
[I 2026-03-17 17:04:24,942] A new study created in RDB with name: opt_reduced-model_seed=42_task=7
[I 2026-03-17 17:04:24,947] A new study created in RDB with name: opt_reduced-model_seed=42_task=26
[I 2026-03-17 17:04:24,947] A new study created in RDB with name: opt_reduced-model_seed=42_task=4
[I 2026-03-17 17:04:24,959] A new study created in RDB with name: opt_reduced-model_seed=42_task=24
[I 2026-03-17 17:04:24,961] A new study created in RDB with name: opt_reduced-model_seed=42_task=16
[I 2026-03-17 17:04:24,978] A new study created in RDB with name: opt_reduced-model_seed=42_task=28
[I 2026-03-17 17:05:24,197] Trial 0 finished with value: 0.05984748795975086 and parameters: {'n_layers_yy': 1, 'hidden_size_yy_l0': 3, 'context_size_yy': 1, 'num_mix_components_yy': 1, 'context_extractor_yy': 'gru', 'activation_func_yy': 'GELU', 'L2_weight_yy': 5.814233035720725e-06, 'L_entropy_weight_yy': 3.0249211568132354e-08, 'L_sep_weight_yy': 1.0357151207337058e-06, 'L_scale_weight_yy': 6.124094210405555e-07, 'learning_rate_yy': 0.0044697819132871455}. Best is trial 0 with value: 0.05984748795975086.
[I 2026-03-17 17:05:25,786] Trial 0 finished with value: -2.810569765121464 and parameters: {'n_layers_yy': 2, 'hidden_size_yy_l0': 5, 'hidden_size_yy_l1': 2, 'context_size_yy': 2, 'num_mix_components_yy': 4, 'context_extractor_yy': 'lstm', 'activation_func_yy': 'ReLU', 'L2_weight_yy': 3.6013479219656437e-07, 'L_entropy_weight_yy': 9.608482284917342e-07, 'L_sep_weight_yy': 1.359018929703748e-06, 'L_scale_weight_yy': 4.6180188947530284e-08, 'learning_rate_yy': 0.009880567279404189}. Best is trial 0 with value: -2.810569765121464.
[I 2026-03-17 17:05:26,874] Trial 1 pruned. 
[I 2026-03-17 17:05:29,615] Trial 2 pruned. 
[I 2026-03-17 17:05:33,039] Trial 3 pruned. 
[I 2026-03-17 17:05:35,439] Trial 4 pruned. 
[I 2026-03-17 17:05:38,131] Trial 5 pruned. 
[I 2026-03-17 17:05:46,528] Trial 0 finished with value: -0.5510865202304258 and parameters: {'n_layers_yy': 1, 'hidden_size_yy_l0': 2, 'context_size_yy': 4, 'num_mix_components_yy': 2, 'context_extractor_yy': 'lstm', 'activation_func_yy': 'GELU', 'L2_weight_yy': 2.925729580894676e-09, 'L_entropy_weight_yy': 7.903337460126823e-08, 'L_sep_weight_yy': 0.00022606385826443346, 'L_scale_weight_yy': 1.2248490785767727e-06, 'learning_rate_yy': 0.001733946463573696}. Best is trial 0 with value: -0.5510865202304258.
[I 2026-03-17 17:05:49,808] Trial 0 finished with value: -0.8215855382922129 and parameters: {'n_layers_yy': 1, 'hidden_size_yy_l0': 6, 'context_size_yy': 1, 'num_mix_components_yy': 1, 'context_extractor_yy': 'lstm', 'activation_func_yy': 'ReLU', 'L2_weight_yy': 8.263704374658341e-10, 'L_entropy_weight_yy': 2.5060044979527897e-08, 'L_sep_weight_yy': 1.4297956303093265e-05, 'L_scale_weight_yy': 3.463471717607426e-10, 'learning_rate_yy': 0.00507789060298236}. Best is trial 0 with value: -0.8215855382922129.
[I 2026-03-17 17:05:51,687] Trial 0 finished with value: -1.4148540790264423 and parameters: {'n_layers_yy': 2, 'hidden_size_yy_l0': 5, 'hidden_size_yy_l1': 5, 'context_size_yy': 2, 'num_mix_components_yy': 4, 'context_extractor_yy': 'gru', 'activation_func_yy': 'ReLU', 'L2_weight_yy': 2.0707536438858286e-06, 'L_entropy_weight_yy': 1.0363183596676313e-05, 'L_sep_weight_yy': 1.8469279584121348e-10, 'L_scale_weight_yy': 5.53195858193121e-05, 'learning_rate_yy': 0.0010046314647866185}. Best is trial 0 with value: -1.4148540790264423.
[I 2026-03-17 17:05:53,534] Trial 0 finished with value: -1.2572372916004795 and parameters: {'n_layers_yy': 1, 'hidden_size_yy_l0': 4, 'context_size_yy': 4, 'num_mix_components_yy': 5, 'context_extractor_yy': 'gru', 'activation_func_yy': 'ReLU', 'L2_weight_yy': 1.3116036871143857e-05, 'L_entropy_weight_yy': 0.0005082751035700092, 'L_sep_weight_yy': 4.4889669198555086e-07, 'L_scale_weight_yy': 1.6643356084149317e-06, 'learning_rate_yy': 0.0008259789774597862}. Best is trial 0 with value: -1.2572372916004795.
[I 2026-03-17 17:05:57,450] Trial 6 finished with value: 0.039941053057825845 and parameters: {'n_layers_yy': 2, 'hidden_size_yy_l0': 5, 'hidden_size_yy_l1': 4, 'context_size_yy': 2, 'num_mix_components_yy': 3, 'context_extractor_yy': 'lstm', 'activation_func_yy': 'ReLU', 'L2_weight_yy': 9.152923498563243e-07, 'L_entropy_weight_yy': 9.540997675199518e-07, 'L_sep_weight_yy': 2.9762629562260373e-05, 'L_scale_weight_yy': 1.372049140550582e-07, 'learning_rate_yy': 0.0020984529897728893}. Best is trial 6 with value: 0.039941053057825845.
[I 2026-03-17 17:05:59,605] Trial 0 finished with value: -1.9651533923769036 and parameters: {'n_layers_yy': 2, 'hidden_size_yy_l0': 2, 'hidden_size_yy_l1': 3, 'context_size_yy': 4, 'num_mix_components_yy': 2, 'context_extractor_yy': 'lstm', 'activation_func_yy': 'GELU', 'L2_weight_yy': 0.00046057551853164147, 'L_entropy_weight_yy': 1.4838351483805982e-07, 'L_sep_weight_yy': 2.532656130498072e-05, 'L_scale_weight_yy': 2.336355770462198e-09, 'learning_rate_yy': 0.007689416263191666}. Best is trial 0 with value: -1.9651533923769036.
[I 2026-03-17 17:06:01,640] Trial 0 finished with value: -1.961334732726521 and parameters: {'n_layers_yy': 2, 'hidden_size_yy_l0': 6, 'hidden_size_yy_l1': 2, 'context_size_yy': 3, 'num_mix_components_yy': 3, 'context_extractor_yy': 'lstm', 'activation_func_yy': 'ReLU', 'L2_weight_yy': 6.104733595969552e-08, 'L_entropy_weight_yy': 7.750734522524042e-06, 'L_sep_weight_yy': 1.9991815476676897e-06, 'L_scale_weight_yy': 1.0166648704221481e-05, 'learning_rate_yy': 0.006153372786031771}. Best is trial 0 with value: -1.961334732726521.
[I 2026-03-17 17:06:04,231] Trial 0 finished with value: -1.6628407449878329 and parameters: {'n_layers_yy': 2, 'hidden_size_yy_l0': 6, 'hidden_size_yy_l1': 2, 'context_size_yy': 3, 'num_mix_components_yy': 2, 'context_extractor_yy': 'gru', 'activation_func_yy': 'ReLU', 'L2_weight_yy': 0.0009386935578742109, 'L_entropy_weight_yy': 0.0001587816033879889, 'L_sep_weight_yy': 1.843787000791932e-06, 'L_scale_weight_yy': 2.5331680751511607e-06, 'learning_rate_yy': 0.005170858016104387}. Best is trial 0 with value: -1.6628407449878329.
[I 2026-03-17 17:06:04,712] Trial 0 finished with value: -0.39018740816382064 and parameters: {'n_layers_yy': 2, 'hidden_size_yy_l0': 3, 'hidden_size_yy_l1': 6, 'context_size_yy': 1, 'num_mix_components_yy': 2, 'context_extractor_yy': 'gru', 'activation_func_yy': 'ReLU', 'L2_weight_yy': 1.232386687627442e-08, 'L_entropy_weight_yy': 9.647498627750907e-05, 'L_sep_weight_yy': 7.160237756984728e-10, 'L_scale_weight_yy': 8.578571653812534e-08, 'learning_rate_yy': 0.0005966194022866979}. Best is trial 0 with value: -0.39018740816382064.
[I 2026-03-17 17:06:08,348] Trial 0 finished with value: -1.6075221451116517 and parameters: {'n_layers_yy': 2, 'hidden_size_yy_l0': 5, 'hidden_size_yy_l1': 5, 'context_size_yy': 1, 'num_mix_components_yy': 2, 'context_extractor_yy': 'gru', 'activation_func_yy': 'GELU', 'L2_weight_yy': 1.2573230374198376e-10, 'L_entropy_weight_yy': 1.8703553594017006e-06, 'L_sep_weight_yy': 5.167990773718775e-05, 'L_scale_weight_yy': 2.544550792901191e-09, 'learning_rate_yy': 0.007359014302656116}. Best is trial 0 with value: -1.6075221451116517.
[I 2026-03-17 17:06:11,346] Trial 0 finished with value: -1.6751652231358496 and parameters: {'n_layers_yy': 1, 'hidden_size_yy_l0': 6, 'context_size_yy': 2, 'num_mix_components_yy': 4, 'context_extractor_yy': 'gru', 'activation_func_yy': 'ReLU', 'L2_weight_yy': 2.455864651768345e-07, 'L_entropy_weight_yy': 9.473097342724396e-05, 'L_sep_weight_yy': 6.681898987903764e-10, 'L_scale_weight_yy': 4.6281324273355206e-10, 'learning_rate_yy': 0.0021311874309233574}. Best is trial 0 with value: -1.6751652231358496.
[I 2026-03-17 17:06:11,576] Trial 0 finished with value: -2.628434736439846 and parameters: {'n_layers_yy': 1, 'hidden_size_yy_l0': 4, 'context_size_yy': 1, 'num_mix_components_yy': 2, 'context_extractor_yy': 'gru', 'activation_func_yy': 'Tanh', 'L2_weight_yy': 1.8297008350068053e-10, 'L_entropy_weight_yy': 1.35163903337784e-08, 'L_sep_weight_yy': 1.5949078270762036e-05, 'L_scale_weight_yy': 7.829751162145669e-09, 'learning_rate_yy': 0.004524321432627259}. Best is trial 0 with value: -2.628434736439846.
[I 2026-03-17 17:06:13,033] Trial 1 finished with value: -2.8099738700698103 and parameters: {'n_layers_yy': 1, 'hidden_size_yy_l0': 4, 'context_size_yy': 2, 'num_mix_components_yy': 3, 'context_extractor_yy': 'lstm', 'activation_func_yy': 'Tanh', 'L2_weight_yy': 3.266417506646088e-09, 'L_entropy_weight_yy': 0.0007003578504406902, 'L_sep_weight_yy': 1.999518380899418e-09, 'L_scale_weight_yy': 2.380557992843562e-10, 'learning_rate_yy': 0.007970643400059312}. Best is trial 0 with value: -2.810569765121464.
[I 2026-03-17 17:06:15,457] Trial 0 finished with value: -1.8504310866981766 and parameters: {'n_layers_yy': 2, 'hidden_size_yy_l0': 5, 'hidden_size_yy_l1': 6, 'context_size_yy': 3, 'num_mix_components_yy': 5, 'context_extractor_yy': 'gru', 'activation_func_yy': 'ReLU', 'L2_weight_yy': 5.9819895860300085e-06, 'L_entropy_weight_yy': 2.2087741365520143e-08, 'L_sep_weight_yy': 8.118644473303998e-05, 'L_scale_weight_yy': 2.3701344397710491e-07, 'learning_rate_yy': 0.0006890066289062405}. Best is trial 0 with value: -1.8504310866981766.
[I 2026-03-17 17:06:15,586] Trial 0 finished with value: -1.901013766616138 and parameters: {'n_layers_yy': 2, 'hidden_size_yy_l0': 6, 'hidden_size_yy_l1': 4, 'context_size_yy': 3, 'num_mix_components_yy': 2, 'context_extractor_yy': 'gru', 'activation_func_yy': 'ReLU', 'L2_weight_yy': 6.36280748317776e-10, 'L_entropy_weight_yy': 4.08653289737508e-05, 'L_sep_weight_yy': 5.708875709791986e-09, 'L_scale_weight_yy': 0.00029679973467226735, 'learning_rate_yy': 0.003508847878014368}. Best is trial 0 with value: -1.901013766616138.
[I 2026-03-17 17:06:16,826] Trial 0 finished with value: -3.1169463448214536 and parameters: {'n_layers_yy': 2, 'hidden_size_yy_l0': 3, 'hidden_size_yy_l1': 6, 'context_size_yy': 3, 'num_mix_components_yy': 4, 'context_extractor_yy': 'gru', 'activation_func_yy': 'ReLU', 'L2_weight_yy': 0.00011557302459592317, 'L_entropy_weight_yy': 2.6378749717442207e-10, 'L_sep_weight_yy': 1.557001488147142e-08, 'L_scale_weight_yy': 2.22180537631253e-06, 'learning_rate_yy': 0.0024666547778560695}. Best is trial 0 with value: -3.1169463448214536.
[I 2026-03-17 17:06:18,617] Trial 1 finished with value: -0.5633141099176839 and parameters: {'n_layers_yy': 2, 'hidden_size_yy_l0': 5, 'hidden_size_yy_l1': 4, 'context_size_yy': 1, 'num_mix_components_yy': 2, 'context_extractor_yy': 'gru', 'activation_func_yy': 'ReLU', 'L2_weight_yy': 6.973010228945161e-09, 'L_entropy_weight_yy': 0.00010450047485834493, 'L_sep_weight_yy': 9.366905950172652e-09, 'L_scale_weight_yy': 7.500040508658771e-06, 'learning_rate_yy': 0.006915930619572795}. Best is trial 1 with value: -0.5633141099176839.
[I 2026-03-17 17:06:19,289] Trial 1 pruned. 
[I 2026-03-17 17:06:19,745] Trial 0 finished with value: -1.7185170553188132 and parameters: {'n_layers_yy': 2, 'hidden_size_yy_l0': 2, 'hidden_size_yy_l1': 2, 'context_size_yy': 4, 'num_mix_components_yy': 1, 'context_extractor_yy': 'lstm', 'activation_func_yy': 'Tanh', 'L2_weight_yy': 1.19517394128892e-10, 'L_entropy_weight_yy': 3.512203045100065e-06, 'L_sep_weight_yy': 5.8729303748070305e-06, 'L_scale_weight_yy': 0.00010093624375957021, 'learning_rate_yy': 0.0024472139879996705}. Best is trial 0 with value: -1.7185170553188132.
[I 2026-03-17 17:06:20,039] Trial 1 finished with value: -1.4537486853966346 and parameters: {'n_layers_yy': 2, 'hidden_size_yy_l0': 5, 'hidden_size_yy_l1': 5, 'context_size_yy': 4, 'num_mix_components_yy': 5, 'context_extractor_yy': 'lstm', 'activation_func_yy': 'ReLU', 'L2_weight_yy': 3.668664360693696e-09, 'L_entropy_weight_yy': 1.953433328280304e-08, 'L_sep_weight_yy': 0.00011287100873028869, 'L_scale_weight_yy': 2.0376959585997074e-05, 'learning_rate_yy': 0.001598991856969018}. Best is trial 1 with value: -1.4537486853966346.
[I 2026-03-17 17:06:20,506] Trial 7 finished with value: 0.003721819367519645 and parameters: {'n_layers_yy': 1, 'hidden_size_yy_l0': 5, 'context_size_yy': 2, 'num_mix_components_yy': 4, 'context_extractor_yy': 'lstm', 'activation_func_yy': 'ReLU', 'L2_weight_yy': 2.4276574885520456e-08, 'L_entropy_weight_yy': 2.251263777354278e-10, 'L_sep_weight_yy': 1.708569026077332e-10, 'L_scale_weight_yy': 8.076290202013862e-10, 'learning_rate_yy': 0.0022339628735048036}. Best is trial 7 with value: 0.003721819367519645.
[I 2026-03-17 17:06:20,580] Trial 2 pruned. 
[I 2026-03-17 17:06:20,835] Trial 0 finished with value: -1.8164764621206944 and parameters: {'n_layers_yy': 1, 'hidden_size_yy_l0': 5, 'context_size_yy': 3, 'num_mix_components_yy': 4, 'context_extractor_yy': 'gru', 'activation_func_yy': 'GELU', 'L2_weight_yy': 1.612260752402152e-06, 'L_entropy_weight_yy': 0.0009394858480444011, 'L_sep_weight_yy': 1.4058558803102092e-10, 'L_scale_weight_yy': 3.406747291787334e-07, 'learning_rate_yy': 0.005553292906784707}. Best is trial 0 with value: -1.8164764621206944.
[I 2026-03-17 17:06:21,210] Trial 2 pruned. 
[I 2026-03-17 17:06:21,809] Trial 0 finished with value: -2.7293966247954415 and parameters: {'n_layers_yy': 2, 'hidden_size_yy_l0': 5, 'hidden_size_yy_l1': 2, 'context_size_yy': 2, 'num_mix_components_yy': 1, 'context_extractor_yy': 'lstm', 'activation_func_yy': 'Tanh', 'L2_weight_yy': 8.319326996364497e-07, 'L_entropy_weight_yy': 9.374023297840192e-08, 'L_sep_weight_yy': 5.80051938585406e-10, 'L_scale_weight_yy': 1.0268511388422124e-08, 'learning_rate_yy': 0.007262768000920342}. Best is trial 0 with value: -2.7293966247954415.
[I 2026-03-17 17:06:26,262] Trial 8 pruned. 
[I 2026-03-17 17:06:27,825] Trial 3 pruned. 
[I 2026-03-17 17:06:28,314] Trial 1 pruned. 
[I 2026-03-17 17:06:33,546] Trial 1 pruned. 
[I 2026-03-17 17:06:35,915] Trial 1 finished with value: -0.8106657898760616 and parameters: {'n_layers_yy': 1, 'hidden_size_yy_l0': 3, 'context_size_yy': 1, 'num_mix_components_yy': 5, 'context_extractor_yy': 'gru', 'activation_func_yy': 'ReLU', 'L2_weight_yy': 0.0004374740226541016, 'L_entropy_weight_yy': 8.442490061953604e-06, 'L_sep_weight_yy': 6.186701266877265e-06, 'L_scale_weight_yy': 1.3104304529394194e-06, 'learning_rate_yy': 0.0034893697365278027}. Best is trial 0 with value: -0.8215855382922129.
[I 2026-03-17 17:06:49,978] Trial 3 finished with value: -0.5765003902220168 and parameters: {'n_layers_yy': 1, 'hidden_size_yy_l0': 3, 'context_size_yy': 4, 'num_mix_components_yy': 4, 'context_extractor_yy': 'lstm', 'activation_func_yy': 'GELU', 'L2_weight_yy': 7.611440002386082e-05, 'L_entropy_weight_yy': 0.00048613870100311276, 'L_sep_weight_yy': 8.74060715855825e-07, 'L_scale_weight_yy': 1.4562257073990011e-06, 'learning_rate_yy': 0.008160582814356438}. Best is trial 3 with value: -0.5765003902220168.
[I 2026-03-17 17:06:50,587] Trial 9 finished with value: -0.0033154016317323196 and parameters: {'n_layers_yy': 2, 'hidden_size_yy_l0': 5, 'hidden_size_yy_l1': 4, 'context_size_yy': 3, 'num_mix_components_yy': 5, 'context_extractor_yy': 'lstm', 'activation_func_yy': 'Tanh', 'L2_weight_yy': 9.73710410577874e-05, 'L_entropy_weight_yy': 5.6815856777454055e-05, 'L_sep_weight_yy': 5.778730261018649e-08, 'L_scale_weight_yy': 0.0003093831406247082, 'learning_rate_yy': 0.0019002380435520496}. Best is trial 9 with value: -0.0033154016317323196.
[I 2026-03-17 17:06:54,950] Trial 1 finished with value: -1.260024502625527 and parameters: {'n_layers_yy': 2, 'hidden_size_yy_l0': 5, 'hidden_size_yy_l1': 5, 'context_size_yy': 4, 'num_mix_components_yy': 5, 'context_extractor_yy': 'lstm', 'activation_func_yy': 'Tanh', 'L2_weight_yy': 1.168726007285524e-10, 'L_entropy_weight_yy': 4.666984750941366e-10, 'L_sep_weight_yy': 2.616041561202025e-08, 'L_scale_weight_yy': 6.431675291591909e-08, 'learning_rate_yy': 0.0011538585349073168}. Best is trial 1 with value: -1.260024502625527.
[I 2026-03-17 17:06:57,544] Trial 1 finished with value: -0.4126387085338864 and parameters: {'n_layers_yy': 2, 'hidden_size_yy_l0': 5, 'hidden_size_yy_l1': 2, 'context_size_yy': 2, 'num_mix_components_yy': 1, 'context_extractor_yy': 'gru', 'activation_func_yy': 'ReLU', 'L2_weight_yy': 4.731985271977974e-09, 'L_entropy_weight_yy': 2.9475218084939556e-10, 'L_sep_weight_yy': 2.3769284579170965e-09, 'L_scale_weight_yy': 1.548633688044004e-06, 'learning_rate_yy': 0.0024710149353911826}. Best is trial 1 with value: -0.4126387085338864.
[I 2026-03-17 17:07:00,846] Trial 1 finished with value: -1.9741431522447364 and parameters: {'n_layers_yy': 2, 'hidden_size_yy_l0': 6, 'hidden_size_yy_l1': 4, 'context_size_yy': 3, 'num_mix_components_yy': 3, 'context_extractor_yy': 'lstm', 'activation_func_yy': 'Tanh', 'L2_weight_yy': 2.00261459032667e-06, 'L_entropy_weight_yy': 2.6290194696692276e-10, 'L_sep_weight_yy': 1.2893306870140493e-09, 'L_scale_weight_yy': 2.4876412026756086e-09, 'learning_rate_yy': 0.007693368880554098}. Best is trial 1 with value: -1.9741431522447364.
[I 2026-03-17 17:07:07,275] Trial 10 finished with value: -0.004261507544406625 and parameters: {'n_layers_yy': 2, 'hidden_size_yy_l0': 6, 'hidden_size_yy_l1': 6, 'context_size_yy': 3, 'num_mix_components_yy': 5, 'context_extractor_yy': 'lstm', 'activation_func_yy': 'Tanh', 'L2_weight_yy': 0.0008171337815143844, 'L_entropy_weight_yy': 8.465310930341598e-06, 'L_sep_weight_yy': 1.583748190418055e-08, 'L_scale_weight_yy': 0.0009512201078979519, 'learning_rate_yy': 0.004116277717777543}. Best is trial 10 with value: -0.004261507544406625.
[I 2026-03-17 17:07:07,320] Trial 0 finished with value: -2.4911625695835298 and parameters: {'n_layers_yy': 1, 'hidden_size_yy_l0': 5, 'context_size_yy': 1, 'num_mix_components_yy': 1, 'context_extractor_yy': 'gru', 'activation_func_yy': 'GELU', 'L2_weight_yy': 4.782835287044426e-10, 'L_entropy_weight_yy': 1.2291338542893827e-08, 'L_sep_weight_yy': 0.0003004925393271048, 'L_scale_weight_yy': 4.144939959269966e-05, 'learning_rate_yy': 0.00850885669103313}. Best is trial 0 with value: -2.4911625695835298.
[I 2026-03-17 17:07:07,655] Trial 2 finished with value: -1.4206473717322716 and parameters: {'n_layers_yy': 2, 'hidden_size_yy_l0': 3, 'hidden_size_yy_l1': 6, 'context_size_yy': 3, 'num_mix_components_yy': 4, 'context_extractor_yy': 'lstm', 'activation_func_yy': 'Tanh', 'L2_weight_yy': 2.5996042222188754e-09, 'L_entropy_weight_yy': 6.772597096653616e-05, 'L_sep_weight_yy': 0.0007363661395171172, 'L_scale_weight_yy': 2.437171480383268e-10, 'learning_rate_yy': 0.0013954036205184473}. Best is trial 1 with value: -1.4537486853966346.
[I 2026-03-17 17:07:08,827] Trial 0 finished with value: -2.078193208419579 and parameters: {'n_layers_yy': 1, 'hidden_size_yy_l0': 2, 'context_size_yy': 4, 'num_mix_components_yy': 2, 'context_extractor_yy': 'lstm', 'activation_func_yy': 'Tanh', 'L2_weight_yy': 0.0009392999523579929, 'L_entropy_weight_yy': 1.1499007192938364e-10, 'L_sep_weight_yy': 1.1456343875760419e-05, 'L_scale_weight_yy': 6.937939616685329e-10, 'learning_rate_yy': 0.0045067674162846206}. Best is trial 0 with value: -2.078193208419579.
[I 2026-03-17 17:07:08,857] Trial 1 finished with value: -1.611847058981261 and parameters: {'n_layers_yy': 2, 'hidden_size_yy_l0': 3, 'hidden_size_yy_l1': 6, 'context_size_yy': 2, 'num_mix_components_yy': 2, 'context_extractor_yy': 'lstm', 'activation_func_yy': 'Tanh', 'L2_weight_yy': 2.046057695513529e-09, 'L_entropy_weight_yy': 1.4604565798529508e-05, 'L_sep_weight_yy': 1.1704100001608988e-07, 'L_scale_weight_yy': 6.216665356020177e-10, 'learning_rate_yy': 0.009339968549123404}. Best is trial 1 with value: -1.611847058981261.
[I 2026-03-17 17:07:09,843] Trial 2 finished with value: -0.833493141163047 and parameters: {'n_layers_yy': 2, 'hidden_size_yy_l0': 2, 'hidden_size_yy_l1': 3, 'context_size_yy': 2, 'num_mix_components_yy': 5, 'context_extractor_yy': 'gru', 'activation_func_yy': 'Tanh', 'L2_weight_yy': 3.9838963830469457e-05, 'L_entropy_weight_yy': 1.9909556531991214e-10, 'L_sep_weight_yy': 7.095693728013595e-05, 'L_scale_weight_yy': 1.8389597451172184e-10, 'learning_rate_yy': 0.004699811363429675}. Best is trial 2 with value: -0.833493141163047.
[I 2026-03-17 17:07:13,196] Trial 3 pruned. 
[I 2026-03-17 17:07:15,033] Trial 1 finished with value: -1.667182624971098 and parameters: {'n_layers_yy': 1, 'hidden_size_yy_l0': 5, 'context_size_yy': 2, 'num_mix_components_yy': 3, 'context_extractor_yy': 'gru', 'activation_func_yy': 'ReLU', 'L2_weight_yy': 0.0002792857890571727, 'L_entropy_weight_yy': 4.398607399447795e-05, 'L_sep_weight_yy': 1.653293398173176e-08, 'L_scale_weight_yy': 7.912627445525788e-05, 'learning_rate_yy': 0.004394509149269059}. Best is trial 1 with value: -1.667182624971098.
[I 2026-03-17 17:07:15,899] Trial 4 pruned. 
[I 2026-03-17 17:07:17,615] Trial 2 pruned. 
[I 2026-03-17 17:07:20,259] Trial 11 pruned. 
[I 2026-03-17 17:07:21,136] Trial 3 pruned. 
[I 2026-03-17 17:07:24,591] Trial 3 pruned. 
[I 2026-03-17 17:07:26,879] Trial 4 finished with value: -0.5649226213583756 and parameters: {'n_layers_yy': 2, 'hidden_size_yy_l0': 2, 'hidden_size_yy_l1': 5, 'context_size_yy': 2, 'num_mix_components_yy': 5, 'context_extractor_yy': 'lstm', 'activation_func_yy': 'ReLU', 'L2_weight_yy': 4.1021431177960297e-07, 'L_entropy_weight_yy': 6.576193612496666e-05, 'L_sep_weight_yy': 2.2706397541068665e-08, 'L_scale_weight_yy': 4.3143493875284e-07, 'learning_rate_yy': 0.0013939171318778992}. Best is trial 3 with value: -0.5765003902220168.
[I 2026-03-17 17:07:28,218] Trial 0 finished with value: -2.971554416150561 and parameters: {'n_layers_yy': 1, 'hidden_size_yy_l0': 6, 'context_size_yy': 4, 'num_mix_components_yy': 4, 'context_extractor_yy': 'lstm', 'activation_func_yy': 'GELU', 'L2_weight_yy': 9.820070641729582e-10, 'L_entropy_weight_yy': 1.1482780804293083e-06, 'L_sep_weight_yy': 0.0008351596082386576, 'L_scale_weight_yy': 5.543690632943522e-05, 'learning_rate_yy': 0.00876811213292534}. Best is trial 0 with value: -2.971554416150561.
[I 2026-03-17 17:07:29,405] Trial 4 pruned. 
[I 2026-03-17 17:07:30,076] Trial 5 pruned. 
[I 2026-03-17 17:07:31,822] Trial 1 finished with value: -1.78021637271149 and parameters: {'n_layers_yy': 1, 'hidden_size_yy_l0': 4, 'context_size_yy': 3, 'num_mix_components_yy': 4, 'context_extractor_yy': 'gru', 'activation_func_yy': 'ReLU', 'L2_weight_yy': 1.7052486510855906e-08, 'L_entropy_weight_yy': 0.0007272794630079026, 'L_sep_weight_yy': 6.73694579300333e-07, 'L_scale_weight_yy': 9.627831503996892e-06, 'learning_rate_yy': 0.007314845756605969}. Best is trial 1 with value: -1.78021637271149.
[I 2026-03-17 17:07:33,103] Trial 5 pruned. 
[I 2026-03-17 17:07:36,094] Trial 6 pruned. 
[I 2026-03-17 17:07:36,438] Trial 6 pruned. 
[I 2026-03-17 17:07:36,640] Trial 2 finished with value: -0.4153653549336058 and parameters: {'n_layers_yy': 1, 'hidden_size_yy_l0': 3, 'context_size_yy': 4, 'num_mix_components_yy': 1, 'context_extractor_yy': 'lstm', 'activation_func_yy': 'Tanh', 'L2_weight_yy': 5.7064813223585866e-08, 'L_entropy_weight_yy': 6.991173107990454e-08, 'L_sep_weight_yy': 0.00044944982286956224, 'L_scale_weight_yy': 0.0007502079059588813, 'learning_rate_yy': 0.003293500340291434}. Best is trial 2 with value: -0.4153653549336058.
[I 2026-03-17 17:07:36,815] Trial 12 finished with value: -0.0004348366759544195 and parameters: {'n_layers_yy': 2, 'hidden_size_yy_l0': 6, 'hidden_size_yy_l1': 5, 'context_size_yy': 3, 'num_mix_components_yy': 5, 'context_extractor_yy': 'lstm', 'activation_func_yy': 'Tanh', 'L2_weight_yy': 0.0009651010567796541, 'L_entropy_weight_yy': 0.0007593126875371041, 'L_sep_weight_yy': 2.472075244311911e-08, 'L_scale_weight_yy': 3.454700244599609e-05, 'learning_rate_yy': 0.004076762405656022}. Best is trial 10 with value: -0.004261507544406625.
[I 2026-03-17 17:07:37,696] Trial 0 finished with value: -2.3640086480201146 and parameters: {'n_layers_yy': 1, 'hidden_size_yy_l0': 2, 'context_size_yy': 3, 'num_mix_components_yy': 5, 'context_extractor_yy': 'lstm', 'activation_func_yy': 'Tanh', 'L2_weight_yy': 1.806165507488641e-06, 'L_entropy_weight_yy': 2.070132657345438e-09, 'L_sep_weight_yy': 4.6361600977031715e-05, 'L_scale_weight_yy': 1.9622646561957027e-10, 'learning_rate_yy': 0.0006271265220314294}. Best is trial 0 with value: -2.3640086480201146.
[I 2026-03-17 17:07:42,761] Trial 7 pruned. 
[I 2026-03-17 17:07:42,864] Trial 0 finished with value: -1.7019540283753405 and parameters: {'n_layers_yy': 1, 'hidden_size_yy_l0': 3, 'context_size_yy': 3, 'num_mix_components_yy': 5, 'context_extractor_yy': 'lstm', 'activation_func_yy': 'GELU', 'L2_weight_yy': 5.617130753331682e-05, 'L_entropy_weight_yy': 2.8309613861083294e-10, 'L_sep_weight_yy': 2.358061714962037e-09, 'L_scale_weight_yy': 1.6125340772526126e-05, 'learning_rate_yy': 0.0005564606167793882}. Best is trial 0 with value: -1.7019540283753405.
[I 2026-03-17 17:07:44,945] Trial 1 finished with value: -2.632149061912318 and parameters: {'n_layers_yy': 1, 'hidden_size_yy_l0': 5, 'context_size_yy': 4, 'num_mix_components_yy': 2, 'context_extractor_yy': 'lstm', 'activation_func_yy': 'GELU', 'L2_weight_yy': 4.4557248647503074e-07, 'L_entropy_weight_yy': 2.1766907865538763e-08, 'L_sep_weight_yy': 3.4588778814108054e-09, 'L_scale_weight_yy': 8.221486569169184e-06, 'learning_rate_yy': 0.004036825900722907}. Best is trial 1 with value: -2.632149061912318.
[I 2026-03-17 17:07:46,104] Trial 8 pruned. 
[I 2026-03-17 17:07:48,703] Trial 1 pruned. 
[I 2026-03-17 17:07:49,551] Trial 13 pruned. 
[I 2026-03-17 17:07:50,602] Trial 1 finished with value: -1.953544264178889 and parameters: {'n_layers_yy': 2, 'hidden_size_yy_l0': 5, 'hidden_size_yy_l1': 3, 'context_size_yy': 1, 'num_mix_components_yy': 1, 'context_extractor_yy': 'gru', 'activation_func_yy': 'ReLU', 'L2_weight_yy': 2.025360399597817e-10, 'L_entropy_weight_yy': 0.00011038530015378467, 'L_sep_weight_yy': 2.220068152791679e-08, 'L_scale_weight_yy': 1.695622744523765e-07, 'learning_rate_yy': 0.0014929210081143249}. Best is trial 0 with value: -1.961334732726521.
[I 2026-03-17 17:07:50,614] Trial 1 finished with value: -1.904395168930737 and parameters: {'n_layers_yy': 1, 'hidden_size_yy_l0': 4, 'context_size_yy': 3, 'num_mix_components_yy': 5, 'context_extractor_yy': 'gru', 'activation_func_yy': 'Tanh', 'L2_weight_yy': 1.5612371538738885e-06, 'L_entropy_weight_yy': 0.0005235733537329126, 'L_sep_weight_yy': 1.416011239192039e-07, 'L_scale_weight_yy': 2.5758324155901704e-10, 'learning_rate_yy': 0.0013608038562654327}. Best is trial 1 with value: -1.904395168930737.
[I 2026-03-17 17:07:50,804] Trial 2 pruned. 
[I 2026-03-17 17:07:52,632] Trial 9 pruned. 
[I 2026-03-17 17:07:52,689] Trial 2 finished with value: -1.677622742403132 and parameters: {'n_layers_yy': 1, 'hidden_size_yy_l0': 4, 'context_size_yy': 4, 'num_mix_components_yy': 4, 'context_extractor_yy': 'lstm', 'activation_func_yy': 'GELU', 'L2_weight_yy': 1.3116402665074532e-06, 'L_entropy_weight_yy': 1.1483504562822486e-09, 'L_sep_weight_yy': 4.988332317996253e-09, 'L_scale_weight_yy': 4.729417271300235e-07, 'learning_rate_yy': 0.0024177947280452842}. Best is trial 2 with value: -1.677622742403132.
[I 2026-03-17 17:07:53,476] Trial 0 finished with value: -2.4716054100517186 and parameters: {'n_layers_yy': 2, 'hidden_size_yy_l0': 2, 'hidden_size_yy_l1': 2, 'context_size_yy': 3, 'num_mix_components_yy': 5, 'context_extractor_yy': 'gru', 'activation_func_yy': 'Tanh', 'L2_weight_yy': 2.5138533475400727e-08, 'L_entropy_weight_yy': 1.4192647590237313e-09, 'L_sep_weight_yy': 2.4952588671218037e-07, 'L_scale_weight_yy': 1.6172627734458535e-08, 'learning_rate_yy': 0.0018287425246646713}. Best is trial 0 with value: -2.4716054100517186.
[I 2026-03-17 17:07:53,588] Trial 0 finished with value: -2.289111866011322 and parameters: {'n_layers_yy': 1, 'hidden_size_yy_l0': 5, 'context_size_yy': 4, 'num_mix_components_yy': 1, 'context_extractor_yy': 'lstm', 'activation_func_yy': 'GELU', 'L2_weight_yy': 2.444058718195409e-07, 'L_entropy_weight_yy': 1.1460248629995053e-06, 'L_sep_weight_yy': 0.000280785766662144, 'L_scale_weight_yy': 0.0009709947068126187, 'learning_rate_yy': 0.0026572289757519005}. Best is trial 0 with value: -2.289111866011322.
[I 2026-03-17 17:07:54,492] Trial 14 pruned. 
[I 2026-03-17 17:07:55,089] Trial 2 pruned. 
[I 2026-03-17 17:07:55,925] Trial 5 pruned. 
[I 2026-03-17 17:07:56,766] Trial 3 pruned. 
[I 2026-03-17 17:07:58,503] Trial 6 pruned. 
[I 2026-03-17 17:07:59,363] Trial 15 pruned. 
[I 2026-03-17 17:08:01,184] Trial 7 pruned. 
[I 2026-03-17 17:08:02,237] Trial 16 pruned. 
[I 2026-03-17 17:08:02,408] Trial 0 finished with value: -3.2443633626302084 and parameters: {'n_layers_yy': 1, 'hidden_size_yy_l0': 4, 'context_size_yy': 2, 'num_mix_components_yy': 1, 'context_extractor_yy': 'gru', 'activation_func_yy': 'ReLU', 'L2_weight_yy': 1.2805430820566077e-08, 'L_entropy_weight_yy': 1.226730628414087e-07, 'L_sep_weight_yy': 7.515532411371717e-05, 'L_scale_weight_yy': 1.813764052946976e-10, 'learning_rate_yy': 0.008839844332907139}. Best is trial 0 with value: -3.2443633626302084.
[I 2026-03-17 17:08:06,804] Trial 0 finished with value: -2.794490723694976 and parameters: {'n_layers_yy': 2, 'hidden_size_yy_l0': 5, 'hidden_size_yy_l1': 4, 'context_size_yy': 2, 'num_mix_components_yy': 2, 'context_extractor_yy': 'lstm', 'activation_func_yy': 'GELU', 'L2_weight_yy': 5.706542085822513e-07, 'L_entropy_weight_yy': 0.00035631250590390396, 'L_sep_weight_yy': 4.7310726356777154e-07, 'L_scale_weight_yy': 0.0007827192777991951, 'learning_rate_yy': 0.001034841805833118}. Best is trial 0 with value: -2.794490723694976.
[I 2026-03-17 17:08:07,672] Trial 1 finished with value: -3.1094977822266543 and parameters: {'n_layers_yy': 1, 'hidden_size_yy_l0': 5, 'context_size_yy': 1, 'num_mix_components_yy': 3, 'context_extractor_yy': 'lstm', 'activation_func_yy': 'GELU', 'L2_weight_yy': 1.495323847664511e-08, 'L_entropy_weight_yy': 4.891027598378132e-07, 'L_sep_weight_yy': 5.526173820926724e-09, 'L_scale_weight_yy': 2.3763392700776105e-05, 'learning_rate_yy': 0.002010238452961456}. Best is trial 0 with value: -3.1169463448214536.
[I 2026-03-17 17:08:11,853] Trial 4 finished with value: -1.4433749389648438 and parameters: {'n_layers_yy': 1, 'hidden_size_yy_l0': 4, 'context_size_yy': 1, 'num_mix_components_yy': 5, 'context_extractor_yy': 'lstm', 'activation_func_yy': 'ReLU', 'L2_weight_yy': 1.4942301814887464e-08, 'L_entropy_weight_yy': 0.0003273748808436668, 'L_sep_weight_yy': 4.94488890793088e-10, 'L_scale_weight_yy': 0.0008693366593719527, 'learning_rate_yy': 0.005340220221371814}. Best is trial 1 with value: -1.4537486853966346.
[I 2026-03-17 17:08:14,837] Trial 17 finished with value: 0.005475762278534645 and parameters: {'n_layers_yy': 1, 'hidden_size_yy_l0': 6, 'context_size_yy': 3, 'num_mix_components_yy': 5, 'context_extractor_yy': 'lstm', 'activation_func_yy': 'Tanh', 'L2_weight_yy': 0.00014378303804946487, 'L_entropy_weight_yy': 1.9529583465455626e-06, 'L_sep_weight_yy': 1.0821621976254082e-07, 'L_scale_weight_yy': 2.1131109966494564e-08, 'learning_rate_yy': 0.0070568828846011445}. Best is trial 10 with value: -0.004261507544406625.
[I 2026-03-17 17:08:15,513] Trial 4 finished with value: -2.8088261393807943 and parameters: {'n_layers_yy': 2, 'hidden_size_yy_l0': 6, 'hidden_size_yy_l1': 6, 'context_size_yy': 1, 'num_mix_components_yy': 3, 'context_extractor_yy': 'lstm', 'activation_func_yy': 'ReLU', 'L2_weight_yy': 8.652020034416633e-10, 'L_entropy_weight_yy': 3.279982354973392e-08, 'L_sep_weight_yy': 3.6558663872073774e-05, 'L_scale_weight_yy': 4.398240957049714e-09, 'learning_rate_yy': 0.001381512530112966}. Best is trial 0 with value: -2.810569765121464.
[I 2026-03-17 17:08:16,735] Trial 2 finished with value: -1.824331576606496 and parameters: {'n_layers_yy': 2, 'hidden_size_yy_l0': 2, 'hidden_size_yy_l1': 5, 'context_size_yy': 2, 'num_mix_components_yy': 5, 'context_extractor_yy': 'gru', 'activation_func_yy': 'GELU', 'L2_weight_yy': 8.099959629893594e-08, 'L_entropy_weight_yy': 4.163334274769701e-10, 'L_sep_weight_yy': 2.328888827369102e-10, 'L_scale_weight_yy': 1.83361605570531e-06, 'learning_rate_yy': 0.0014265771164578037}. Best is trial 2 with value: -1.824331576606496.
[I 2026-03-17 17:08:16,838] Trial 2 finished with value: -2.3461585951729056 and parameters: {'n_layers_yy': 1, 'hidden_size_yy_l0': 5, 'context_size_yy': 2, 'num_mix_components_yy': 5, 'context_extractor_yy': 'gru', 'activation_func_yy': 'GELU', 'L2_weight_yy': 6.424448585369241e-09, 'L_entropy_weight_yy': 2.445181504297026e-09, 'L_sep_weight_yy': 5.257509164740358e-09, 'L_scale_weight_yy': 9.883480078138273e-05, 'learning_rate_yy': 0.009818787062304608}. Best is trial 0 with value: -2.3640086480201146.
[I 2026-03-17 17:08:17,635] Trial 10 finished with value: -0.5731681393462001 and parameters: {'n_layers_yy': 1, 'hidden_size_yy_l0': 4, 'context_size_yy': 4, 'num_mix_components_yy': 5, 'context_extractor_yy': 'lstm', 'activation_func_yy': 'Tanh', 'L2_weight_yy': 0.0009406336679316146, 'L_entropy_weight_yy': 3.6677611458951116e-06, 'L_sep_weight_yy': 5.7072378536930205e-06, 'L_scale_weight_yy': 1.0199161798535355e-08, 'learning_rate_yy': 0.0034136548384134506}. Best is trial 3 with value: -0.5765003902220168.
[I 2026-03-17 17:08:18,762] Trial 7 finished with value: -1.6125396512270607 and parameters: {'n_layers_yy': 2, 'hidden_size_yy_l0': 6, 'hidden_size_yy_l1': 5, 'context_size_yy': 2, 'num_mix_components_yy': 2, 'context_extractor_yy': 'lstm', 'activation_func_yy': 'ReLU', 'L2_weight_yy': 3.751265705788884e-05, 'L_entropy_weight_yy': 4.1697337244354445e-08, 'L_sep_weight_yy': 6.126072693790772e-09, 'L_scale_weight_yy': 7.229038932222853e-08, 'learning_rate_yy': 0.006667973216121376}. Best is trial 7 with value: -1.6125396512270607.
[I 2026-03-17 17:08:18,945] Trial 5 pruned. 
[I 2026-03-17 17:08:19,832] Trial 3 pruned. 
[I 2026-03-17 17:08:19,991] Trial 0 finished with value: -2.4409490172085038 and parameters: {'n_layers_yy': 1, 'hidden_size_yy_l0': 3, 'context_size_yy': 2, 'num_mix_components_yy': 3, 'context_extractor_yy': 'lstm', 'activation_func_yy': 'GELU', 'L2_weight_yy': 0.0004609508009982751, 'L_entropy_weight_yy': 1.2664638179896592e-05, 'L_sep_weight_yy': 2.939118076468103e-08, 'L_scale_weight_yy': 3.7636028765601765e-07, 'learning_rate_yy': 0.000731476335284179}. Best is trial 0 with value: -2.4409490172085038.
[I 2026-03-17 17:08:20,382] Trial 3 finished with value: -0.3916620071458374 and parameters: {'n_layers_yy': 1, 'hidden_size_yy_l0': 6, 'context_size_yy': 1, 'num_mix_components_yy': 4, 'context_extractor_yy': 'gru', 'activation_func_yy': 'Tanh', 'L2_weight_yy': 5.469671575264243e-05, 'L_entropy_weight_yy': 4.276898487269483e-07, 'L_sep_weight_yy': 5.7115958335845174e-05, 'L_scale_weight_yy': 3.55312404429433e-08, 'learning_rate_yy': 0.001633955097291645}. Best is trial 2 with value: -0.4153653549336058.
[I 2026-03-17 17:08:20,486] Trial 2 finished with value: -1.6677701443405077 and parameters: {'n_layers_yy': 1, 'hidden_size_yy_l0': 3, 'context_size_yy': 1, 'num_mix_components_yy': 4, 'context_extractor_yy': 'gru', 'activation_func_yy': 'Tanh', 'L2_weight_yy': 5.2363768609598e-10, 'L_entropy_weight_yy': 0.0001644325930923849, 'L_sep_weight_yy': 3.802780080860304e-07, 'L_scale_weight_yy': 1.1539073234230659e-10, 'learning_rate_yy': 0.008073498912660234}. Best is trial 2 with value: -1.6677701443405077.
[I 2026-03-17 17:08:20,519] Trial 11 pruned. 
[I 2026-03-17 17:08:22,201] Trial 8 pruned. 
[I 2026-03-17 17:08:22,790] Trial 5 pruned. 
[I 2026-03-17 17:08:23,842] Trial 3 pruned. 
[I 2026-03-17 17:08:25,988] Trial 4 pruned. 
[I 2026-03-17 17:08:27,116] Trial 12 pruned. 
[I 2026-03-17 17:08:27,138] Trial 3 pruned. 
[I 2026-03-17 17:08:27,358] Trial 4 pruned. 
[I 2026-03-17 17:08:27,558] Trial 18 pruned. 
[I 2026-03-17 17:08:28,491] Trial 5 pruned. 
[I 2026-03-17 17:08:30,230] Trial 13 pruned. 
[I 2026-03-17 17:08:30,249] Trial 9 pruned. 
[I 2026-03-17 17:08:30,975] Trial 2 finished with value: -1.852375329243005 and parameters: {'n_layers_yy': 1, 'hidden_size_yy_l0': 2, 'context_size_yy': 3, 'num_mix_components_yy': 4, 'context_extractor_yy': 'gru', 'activation_func_yy': 'Tanh', 'L2_weight_yy': 1.0281282103986923e-06, 'L_entropy_weight_yy': 9.206497724107581e-06, 'L_sep_weight_yy': 0.0003159844568224918, 'L_scale_weight_yy': 7.997060197728583e-07, 'learning_rate_yy': 0.0016437018557907664}. Best is trial 2 with value: -1.852375329243005.
[I 2026-03-17 17:08:32,799] Trial 19 pruned. 
[I 2026-03-17 17:08:33,618] Trial 14 pruned. 
[I 2026-03-17 17:08:33,817] Trial 10 pruned. 
[I 2026-03-17 17:08:35,305] Trial 20 pruned. 
[I 2026-03-17 17:08:36,900] Trial 15 pruned. 
[I 2026-03-17 17:08:37,531] Trial 11 pruned. 
[I 2026-03-17 17:08:37,679] Trial 4 pruned. 
[I 2026-03-17 17:08:39,605] Trial 16 pruned. 
[I 2026-03-17 17:08:39,730] Trial 8 finished with value: -0.8164812592319055 and parameters: {'n_layers_yy': 1, 'hidden_size_yy_l0': 2, 'context_size_yy': 3, 'num_mix_components_yy': 5, 'context_extractor_yy': 'gru', 'activation_func_yy': 'GELU', 'L2_weight_yy': 2.0633848592300163e-10, 'L_entropy_weight_yy': 2.907833050429732e-10, 'L_sep_weight_yy': 5.3699532740044326e-09, 'L_scale_weight_yy': 9.371724639518807e-07, 'learning_rate_yy': 0.0037898490130253986}. Best is trial 2 with value: -0.833493141163047.
[I 2026-03-17 17:08:39,875] Trial 4 pruned. 
[I 2026-03-17 17:08:42,491] Trial 9 pruned. 
[I 2026-03-17 17:08:42,926] Trial 6 pruned. 
[I 2026-03-17 17:08:43,189] Trial 17 pruned. 
[I 2026-03-17 17:08:43,549] Trial 5 pruned. 
[I 2026-03-17 17:08:44,213] Trial 1 finished with value: -2.089371130855073 and parameters: {'n_layers_yy': 2, 'hidden_size_yy_l0': 3, 'hidden_size_yy_l1': 4, 'context_size_yy': 4, 'num_mix_components_yy': 5, 'context_extractor_yy': 'lstm', 'activation_func_yy': 'GELU', 'L2_weight_yy': 8.181287228242445e-10, 'L_entropy_weight_yy': 5.804100417995279e-09, 'L_sep_weight_yy': 7.642927795869357e-06, 'L_scale_weight_yy': 3.3319750752432843e-06, 'learning_rate_yy': 0.0036142822435140973}. Best is trial 1 with value: -2.089371130855073.
[I 2026-03-17 17:08:44,367] Trial 3 finished with value: -1.2397739318734837 and parameters: {'n_layers_yy': 1, 'hidden_size_yy_l0': 6, 'context_size_yy': 3, 'num_mix_components_yy': 3, 'context_extractor_yy': 'gru', 'activation_func_yy': 'Tanh', 'L2_weight_yy': 1.3829630075458131e-05, 'L_entropy_weight_yy': 1.1960391149476226e-10, 'L_sep_weight_yy': 4.4660107294312684e-07, 'L_scale_weight_yy': 1.871661647812612e-10, 'learning_rate_yy': 0.004323856769937778}. Best is trial 1 with value: -1.260024502625527.
[I 2026-03-17 17:08:45,122] Trial 10 pruned. 
[I 2026-03-17 17:08:46,541] Trial 6 finished with value: -0.4195212727360681 and parameters: {'n_layers_yy': 2, 'hidden_size_yy_l0': 4, 'hidden_size_yy_l1': 6, 'context_size_yy': 4, 'num_mix_components_yy': 4, 'context_extractor_yy': 'lstm', 'activation_func_yy': 'GELU', 'L2_weight_yy': 0.0003941318007345506, 'L_entropy_weight_yy': 7.040741974122372e-10, 'L_sep_weight_yy': 2.6733716410039156e-07, 'L_scale_weight_yy': 8.817731441293637e-09, 'learning_rate_yy': 0.006118725226748319}. Best is trial 6 with value: -0.4195212727360681.
[I 2026-03-17 17:08:48,047] Trial 2 finished with value: -1.963057635752568 and parameters: {'n_layers_yy': 1, 'hidden_size_yy_l0': 3, 'context_size_yy': 1, 'num_mix_components_yy': 1, 'context_extractor_yy': 'gru', 'activation_func_yy': 'Tanh', 'L2_weight_yy': 0.00013658155785527522, 'L_entropy_weight_yy': 2.4671078309577064e-08, 'L_sep_weight_yy': 6.708245596813547e-08, 'L_scale_weight_yy': 0.0009499479831728483, 'learning_rate_yy': 0.0015850306535119985}. Best is trial 1 with value: -1.9741431522447364.
[I 2026-03-17 17:08:49,435] Trial 7 pruned. 
[I 2026-03-17 17:08:49,882] Trial 6 finished with value: -1.4518167349008413 and parameters: {'n_layers_yy': 1, 'hidden_size_yy_l0': 6, 'context_size_yy': 4, 'num_mix_components_yy': 4, 'context_extractor_yy': 'gru', 'activation_func_yy': 'ReLU', 'L2_weight_yy': 2.672422070143542e-10, 'L_entropy_weight_yy': 2.4460592423840916e-10, 'L_sep_weight_yy': 9.261134530283026e-07, 'L_scale_weight_yy': 7.675574684736315e-09, 'learning_rate_yy': 0.0029017777314475873}. Best is trial 1 with value: -1.4537486853966346.
[I 2026-03-17 17:08:50,936] Trial 7 pruned. 
[I 2026-03-17 17:08:51,841] Trial 21 finished with value: -0.0013505913490472839 and parameters: {'n_layers_yy': 2, 'hidden_size_yy_l0': 6, 'hidden_size_yy_l1': 5, 'context_size_yy': 3, 'num_mix_components_yy': 5, 'context_extractor_yy': 'lstm', 'activation_func_yy': 'Tanh', 'L2_weight_yy': 0.0005516144754554808, 'L_entropy_weight_yy': 0.000660845733336183, 'L_sep_weight_yy': 2.4193972489886636e-08, 'L_scale_weight_yy': 3.16908598919022e-05, 'learning_rate_yy': 0.0042038601199229685}. Best is trial 10 with value: -0.004261507544406625.
[I 2026-03-17 17:08:51,853] Trial 2 finished with value: -1.9613086163113012 and parameters: {'n_layers_yy': 1, 'hidden_size_yy_l0': 6, 'context_size_yy': 2, 'num_mix_components_yy': 2, 'context_extractor_yy': 'gru', 'activation_func_yy': 'GELU', 'L2_weight_yy': 2.502682694477318e-06, 'L_entropy_weight_yy': 2.318268657437957e-10, 'L_sep_weight_yy': 5.950873854518761e-10, 'L_scale_weight_yy': 1.5643425777803237e-08, 'learning_rate_yy': 0.0027992573073340804}. Best is trial 0 with value: -1.961334732726521.
[I 2026-03-17 17:08:52,579] Trial 7 pruned. 
[I 2026-03-17 17:08:54,455] Trial 8 pruned. 
[I 2026-03-17 17:08:54,699] Trial 22 pruned. 
[I 2026-03-17 17:08:55,883] Trial 8 pruned. 
[I 2026-03-17 17:08:56,444] Trial 3 pruned. 
[I 2026-03-17 17:08:56,457] Trial 3 pruned. 
[I 2026-03-17 17:08:57,695] Trial 3 pruned. 
[I 2026-03-17 17:08:58,949] Trial 5 pruned. 
[I 2026-03-17 17:09:00,114] Trial 9 pruned. 
[I 2026-03-17 17:09:00,732] Trial 4 pruned. 
[I 2026-03-17 17:09:00,974] Trial 2 finished with value: -1.8991288916744402 and parameters: {'n_layers_yy': 1, 'hidden_size_yy_l0': 3, 'context_size_yy': 3, 'num_mix_components_yy': 2, 'context_extractor_yy': 'lstm', 'activation_func_yy': 'ReLU', 'L2_weight_yy': 0.0008617082154669348, 'L_entropy_weight_yy': 2.019048846755842e-08, 'L_sep_weight_yy': 3.4449363597083874e-08, 'L_scale_weight_yy': 3.028002906093834e-08, 'learning_rate_yy': 0.0015619188527088608}. Best is trial 1 with value: -1.904395168930737.
[I 2026-03-17 17:09:02,118] Trial 6 pruned. 
[I 2026-03-17 17:09:02,652] Trial 9 pruned. 
[I 2026-03-17 17:09:03,826] Trial 1 finished with value: -2.510248337726791 and parameters: {'n_layers_yy': 2, 'hidden_size_yy_l0': 6, 'hidden_size_yy_l1': 5, 'context_size_yy': 1, 'num_mix_components_yy': 2, 'context_extractor_yy': 'lstm', 'activation_func_yy': 'Tanh', 'L2_weight_yy': 1.6419054113767445e-09, 'L_entropy_weight_yy': 1.2859106464434975e-05, 'L_sep_weight_yy': 2.162753152010922e-06, 'L_scale_weight_yy': 7.789414924594802e-10, 'learning_rate_yy': 0.004781296443487178}. Best is trial 1 with value: -2.510248337726791.
[I 2026-03-17 17:09:05,544] Trial 10 pruned. 
[I 2026-03-17 17:09:05,868] Trial 23 finished with value: 0.006200405054314192 and parameters: {'n_layers_yy': 2, 'hidden_size_yy_l0': 6, 'hidden_size_yy_l1': 6, 'context_size_yy': 3, 'num_mix_components_yy': 4, 'context_extractor_yy': 'lstm', 'activation_func_yy': 'Tanh', 'L2_weight_yy': 0.0008955318635286615, 'L_entropy_weight_yy': 0.00015144034130079223, 'L_sep_weight_yy': 4.882841465105368e-09, 'L_scale_weight_yy': 0.00018981009770890496, 'learning_rate_yy': 0.0049467588475879285}. Best is trial 10 with value: -0.004261507544406625.
[I 2026-03-17 17:09:07,252] Trial 4 pruned. 
[I 2026-03-17 17:09:09,183] Trial 3 pruned. 
[I 2026-03-17 17:09:09,877] Trial 2 pruned. 
[I 2026-03-17 17:09:11,174] Trial 8 pruned. 
[I 2026-03-17 17:09:11,671] Trial 5 pruned. 
[I 2026-03-17 17:09:12,947] Trial 1 finished with value: -2.9054178842918716 and parameters: {'n_layers_yy': 1, 'hidden_size_yy_l0': 6, 'context_size_yy': 2, 'num_mix_components_yy': 5, 'context_extractor_yy': 'lstm', 'activation_func_yy': 'ReLU', 'L2_weight_yy': 1.8654323961219166e-06, 'L_entropy_weight_yy': 2.4090153702658364e-10, 'L_sep_weight_yy': 1.948193849952907e-10, 'L_scale_weight_yy': 6.9041043182721e-10, 'learning_rate_yy': 0.004981253479696968}. Best is trial 0 with value: -2.971554416150561.
[I 2026-03-17 17:09:14,213] Trial 18 finished with value: -0.5759780443026242 and parameters: {'n_layers_yy': 1, 'hidden_size_yy_l0': 4, 'context_size_yy': 4, 'num_mix_components_yy': 3, 'context_extractor_yy': 'gru', 'activation_func_yy': 'Tanh', 'L2_weight_yy': 1.075536546076239e-10, 'L_entropy_weight_yy': 1.0644073160751762e-08, 'L_sep_weight_yy': 1.5562777904019313e-06, 'L_scale_weight_yy': 9.297100527527356e-08, 'learning_rate_yy': 0.004562543145155442}. Best is trial 3 with value: -0.5765003902220168.
[I 2026-03-17 17:09:17,366] Trial 19 pruned. 
[I 2026-03-17 17:09:18,625] Trial 24 pruned. 
[I 2026-03-17 17:09:18,916] Trial 9 pruned. 
[I 2026-03-17 17:09:19,328] Trial 2 pruned. 
[I 2026-03-17 17:09:23,638] Trial 25 pruned. 
[I 2026-03-17 17:09:24,091] Trial 10 finished with value: -0.4361472115059017 and parameters: {'n_layers_yy': 1, 'hidden_size_yy_l0': 4, 'context_size_yy': 3, 'num_mix_components_yy': 5, 'context_extractor_yy': 'lstm', 'activation_func_yy': 'GELU', 'L2_weight_yy': 1.1492278666113954e-10, 'L_entropy_weight_yy': 5.1521307505061476e-09, 'L_sep_weight_yy': 4.7235259884556945e-07, 'L_scale_weight_yy': 1.332918763379881e-10, 'learning_rate_yy': 0.008634897348540983}. Best is trial 10 with value: -0.4361472115059017.
[I 2026-03-17 17:09:25,464] Trial 3 pruned. 
[I 2026-03-17 17:09:27,185] Trial 11 pruned. 
[I 2026-03-17 17:09:27,939] Trial 1 finished with value: -1.6995445497944157 and parameters: {'n_layers_yy': 2, 'hidden_size_yy_l0': 4, 'hidden_size_yy_l1': 2, 'context_size_yy': 3, 'num_mix_components_yy': 1, 'context_extractor_yy': 'gru', 'activation_func_yy': 'Tanh', 'L2_weight_yy': 2.816012384101534e-10, 'L_entropy_weight_yy': 4.0634869769115915e-10, 'L_sep_weight_yy': 7.40057585612134e-05, 'L_scale_weight_yy': 1.5338220851244522e-07, 'learning_rate_yy': 0.004114953928194925}. Best is trial 0 with value: -1.7019540283753405.
[I 2026-03-17 17:09:29,731] Trial 12 pruned. 
[I 2026-03-17 17:09:30,113] Trial 5 pruned. 
[I 2026-03-17 17:09:30,628] Trial 2 finished with value: -3.112028763352754 and parameters: {'n_layers_yy': 2, 'hidden_size_yy_l0': 4, 'hidden_size_yy_l1': 5, 'context_size_yy': 2, 'num_mix_components_yy': 1, 'context_extractor_yy': 'lstm', 'activation_func_yy': 'GELU', 'L2_weight_yy': 3.512595862517941e-09, 'L_entropy_weight_yy': 1.4203927853662417e-07, 'L_sep_weight_yy': 3.1841788296454998e-06, 'L_scale_weight_yy': 1.0221226221256761e-10, 'learning_rate_yy': 0.0015904221508151986}. Best is trial 0 with value: -3.1169463448214536.
[I 2026-03-17 17:09:30,745] Trial 11 finished with value: -0.8232482729845596 and parameters: {'n_layers_yy': 1, 'hidden_size_yy_l0': 6, 'context_size_yy': 1, 'num_mix_components_yy': 1, 'context_extractor_yy': 'lstm', 'activation_func_yy': 'ReLU', 'L2_weight_yy': 1.6836648809706523e-06, 'L_entropy_weight_yy': 1.829173942786847e-08, 'L_sep_weight_yy': 0.0006947067624414012, 'L_scale_weight_yy': 1.2847402273102253e-10, 'learning_rate_yy': 0.007467795026542183}. Best is trial 2 with value: -0.833493141163047.
[I 2026-03-17 17:09:31,993] Trial 4 pruned. 
[I 2026-03-17 17:09:34,685] Trial 7 finished with value: -1.7952211441532258 and parameters: {'n_layers_yy': 2, 'hidden_size_yy_l0': 2, 'hidden_size_yy_l1': 6, 'context_size_yy': 2, 'num_mix_components_yy': 3, 'context_extractor_yy': 'gru', 'activation_func_yy': 'ReLU', 'L2_weight_yy': 2.9230905101610014e-07, 'L_entropy_weight_yy': 0.0004891213260087064, 'L_sep_weight_yy': 5.842003947675952e-07, 'L_scale_weight_yy': 4.227626822449956e-09, 'learning_rate_yy': 0.009509954436795927}. Best is trial 2 with value: -1.824331576606496.
[I 2026-03-17 17:09:35,878] Trial 11 finished with value: -1.4496956693209135 and parameters: {'n_layers_yy': 1, 'hidden_size_yy_l0': 6, 'context_size_yy': 4, 'num_mix_components_yy': 4, 'context_extractor_yy': 'gru', 'activation_func_yy': 'ReLU', 'L2_weight_yy': 1.2701979998255813e-10, 'L_entropy_weight_yy': 4.020666894595333e-09, 'L_sep_weight_yy': 4.905170889513673e-06, 'L_scale_weight_yy': 4.310588908558808e-09, 'learning_rate_yy': 0.0035456841546639443}. Best is trial 1 with value: -1.4537486853966346.
[I 2026-03-17 17:09:36,794] Trial 26 pruned. 
[I 2026-03-17 17:09:38,246] Trial 6 pruned. 
[I 2026-03-17 17:09:38,748] Trial 12 pruned. 
[I 2026-03-17 17:09:39,220] Trial 12 finished with value: -1.6131555846140806 and parameters: {'n_layers_yy': 2, 'hidden_size_yy_l0': 2, 'hidden_size_yy_l1': 6, 'context_size_yy': 3, 'num_mix_components_yy': 3, 'context_extractor_yy': 'lstm', 'activation_func_yy': 'Tanh', 'L2_weight_yy': 0.0009041581724265024, 'L_entropy_weight_yy': 5.588857933938169e-09, 'L_sep_weight_yy': 4.260772437619117e-09, 'L_scale_weight_yy': 4.2290269748325855e-08, 'learning_rate_yy': 0.004056601406219838}. Best is trial 12 with value: -1.6131555846140806.
[I 2026-03-17 17:09:40,396] Trial 4 pruned. 
[I 2026-03-17 17:09:40,500] Trial 10 pruned. 
[I 2026-03-17 17:09:40,533] Trial 3 pruned. 
[I 2026-03-17 17:09:41,537] Trial 13 pruned. 
[I 2026-03-17 17:09:41,743] Trial 7 pruned. 
[I 2026-03-17 17:09:42,232] Trial 27 pruned. 
[I 2026-03-17 17:09:44,463] Trial 14 pruned. 
[I 2026-03-17 17:09:45,020] Trial 28 pruned. 
[I 2026-03-17 17:09:45,279] Trial 8 pruned. 
[I 2026-03-17 17:09:47,073] Trial 5 finished with value: -1.9797399345147981 and parameters: {'n_layers_yy': 1, 'hidden_size_yy_l0': 6, 'context_size_yy': 2, 'num_mix_components_yy': 4, 'context_extractor_yy': 'lstm', 'activation_func_yy': 'ReLU', 'L2_weight_yy': 6.052545488096514e-07, 'L_entropy_weight_yy': 7.402322190913291e-07, 'L_sep_weight_yy': 2.2956747697828768e-07, 'L_scale_weight_yy': 1.1420273287477692e-06, 'learning_rate_yy': 0.00806988514677899}. Best is trial 5 with value: -1.9797399345147981.
[I 2026-03-17 17:09:47,170] Trial 5 pruned. 
[I 2026-03-17 17:09:47,724] Trial 15 pruned. 
[I 2026-03-17 17:09:47,847] Trial 29 pruned. 
[I 2026-03-17 17:09:49,417] Trial 1 finished with value: -2.4744414717830128 and parameters: {'n_layers_yy': 1, 'hidden_size_yy_l0': 6, 'context_size_yy': 4, 'num_mix_components_yy': 4, 'context_extractor_yy': 'gru', 'activation_func_yy': 'Tanh', 'L2_weight_yy': 2.9328150810644525e-06, 'L_entropy_weight_yy': 7.733882994149386e-05, 'L_sep_weight_yy': 7.561253764748537e-10, 'L_scale_weight_yy': 7.76860280212359e-07, 'learning_rate_yy': 0.0007472426633053396}. Best is trial 1 with value: -2.4744414717830128.
[I 2026-03-17 17:09:49,747] Trial 20 finished with value: -0.5796154079935738 and parameters: {'n_layers_yy': 1, 'hidden_size_yy_l0': 4, 'context_size_yy': 4, 'num_mix_components_yy': 3, 'context_extractor_yy': 'gru', 'activation_func_yy': 'Tanh', 'L2_weight_yy': 1.3400993964997038e-10, 'L_entropy_weight_yy': 1.5950599784489037e-08, 'L_sep_weight_yy': 2.0067360793585517e-07, 'L_scale_weight_yy': 1.4679405218199106e-10, 'learning_rate_yy': 0.008134483135789157}. Best is trial 20 with value: -0.5796154079935738.
[I 2026-03-17 17:09:51,671] Trial 13 finished with value: -0.4278714206565644 and parameters: {'n_layers_yy': 1, 'hidden_size_yy_l0': 4, 'context_size_yy': 4, 'num_mix_components_yy': 5, 'context_extractor_yy': 'lstm', 'activation_func_yy': 'GELU', 'L2_weight_yy': 2.1337443498975374e-09, 'L_entropy_weight_yy': 7.768757575877776e-09, 'L_sep_weight_yy': 1.0240030190380232e-06, 'L_scale_weight_yy': 1.8017699044293001e-09, 'learning_rate_yy': 0.00589559770672725}. Best is trial 10 with value: -0.4361472115059017.
[I 2026-03-17 17:09:51,674] Trial 6 pruned. 
[I 2026-03-17 17:09:53,052] Trial 30 pruned. 
[I 2026-03-17 17:09:53,344] Trial 6 pruned. 
[I 2026-03-17 17:09:54,252] Trial 14 pruned. 
[I 2026-03-17 17:09:54,407] Trial 3 finished with value: -1.8518123296260502 and parameters: {'n_layers_yy': 2, 'hidden_size_yy_l0': 3, 'hidden_size_yy_l1': 2, 'context_size_yy': 4, 'num_mix_components_yy': 4, 'context_extractor_yy': 'gru', 'activation_func_yy': 'ReLU', 'L2_weight_yy': 1.841776758957418e-05, 'L_entropy_weight_yy': 5.73478775095174e-08, 'L_sep_weight_yy': 1.3303765450370337e-06, 'L_scale_weight_yy': 3.5687469447217386e-05, 'learning_rate_yy': 0.0014463443295024212}. Best is trial 2 with value: -1.852375329243005.
[I 2026-03-17 17:09:56,135] Trial 21 pruned. 
[I 2026-03-17 17:09:56,480] Trial 2 pruned. 
[I 2026-03-17 17:09:56,710] Trial 15 pruned. 
[I 2026-03-17 17:09:58,385] Trial 4 pruned. 
[I 2026-03-17 17:09:59,297] Trial 16 pruned. 
[I 2026-03-17 17:10:02,887] Trial 2 finished with value: -1.7827982954545454 and parameters: {'n_layers_yy': 1, 'hidden_size_yy_l0': 4, 'context_size_yy': 2, 'num_mix_components_yy': 4, 'context_extractor_yy': 'gru', 'activation_func_yy': 'Tanh', 'L2_weight_yy': 0.00010595771513930018, 'L_entropy_weight_yy': 6.856525672391088e-08, 'L_sep_weight_yy': 7.73620174215815e-07, 'L_scale_weight_yy': 3.683645913014303e-06, 'learning_rate_yy': 0.0018067118478949033}. Best is trial 2 with value: -1.7827982954545454.
[I 2026-03-17 17:10:03,392] Trial 22 pruned. 
[I 2026-03-17 17:10:04,623] Trial 16 pruned. 
[I 2026-03-17 17:10:05,377] Trial 6 finished with value: -2.5966211297149253 and parameters: {'n_layers_yy': 1, 'hidden_size_yy_l0': 4, 'context_size_yy': 4, 'num_mix_components_yy': 2, 'context_extractor_yy': 'lstm', 'activation_func_yy': 'Tanh', 'L2_weight_yy': 0.0001580867885867202, 'L_entropy_weight_yy': 2.800429390765483e-10, 'L_sep_weight_yy': 7.843392213988312e-10, 'L_scale_weight_yy': 2.1118676306013806e-09, 'learning_rate_yy': 0.0015770490473543148}. Best is trial 1 with value: -2.632149061912318.
[I 2026-03-17 17:10:05,740] Trial 4 finished with value: -1.9527666243196802 and parameters: {'n_layers_yy': 1, 'hidden_size_yy_l0': 2, 'context_size_yy': 1, 'num_mix_components_yy': 2, 'context_extractor_yy': 'gru', 'activation_func_yy': 'Tanh', 'L2_weight_yy': 0.00022401628658786008, 'L_entropy_weight_yy': 3.018251870528317e-06, 'L_sep_weight_yy': 7.6083268553260376e-06, 'L_scale_weight_yy': 0.0009569867550048377, 'learning_rate_yy': 0.0017615337775109736}. Best is trial 1 with value: -1.9741431522447364.
[I 2026-03-17 17:10:08,146] Trial 31 finished with value: -0.0010883447735808617 and parameters: {'n_layers_yy': 2, 'hidden_size_yy_l0': 6, 'hidden_size_yy_l1': 5, 'context_size_yy': 3, 'num_mix_components_yy': 5, 'context_extractor_yy': 'lstm', 'activation_func_yy': 'Tanh', 'L2_weight_yy': 0.0008489232459711484, 'L_entropy_weight_yy': 0.000913943954766293, 'L_sep_weight_yy': 2.323386860867468e-08, 'L_scale_weight_yy': 3.783125469789645e-05, 'learning_rate_yy': 0.004173565985660219}. Best is trial 10 with value: -0.004261507544406625.
[I 2026-03-17 17:10:09,751] Trial 5 pruned. 
[I 2026-03-17 17:10:12,630] Trial 8 finished with value: -1.7962948156224372 and parameters: {'n_layers_yy': 1, 'hidden_size_yy_l0': 6, 'context_size_yy': 4, 'num_mix_components_yy': 2, 'context_extractor_yy': 'lstm', 'activation_func_yy': 'Tanh', 'L2_weight_yy': 1.3227395634228629e-09, 'L_entropy_weight_yy': 3.2107907718233485e-10, 'L_sep_weight_yy': 0.0005697766432549331, 'L_scale_weight_yy': 0.0004908169833935627, 'learning_rate_yy': 0.0020086182152386782}. Best is trial 2 with value: -1.824331576606496.
[I 2026-03-17 17:10:13,427] Trial 32 pruned. 
[I 2026-03-17 17:10:14,132] Trial 3 pruned. 
[I 2026-03-17 17:10:16,020] Trial 9 pruned. 
[I 2026-03-17 17:10:18,033] Trial 12 finished with value: -0.8183012022753762 and parameters: {'n_layers_yy': 1, 'hidden_size_yy_l0': 5, 'context_size_yy': 2, 'num_mix_components_yy': 3, 'context_extractor_yy': 'lstm', 'activation_func_yy': 'ReLU', 'L2_weight_yy': 3.068345639926838e-06, 'L_entropy_weight_yy': 1.0384755246952532e-08, 'L_sep_weight_yy': 0.0008122988242569823, 'L_scale_weight_yy': 3.379541614687603e-08, 'learning_rate_yy': 0.0063315383385519316}. Best is trial 2 with value: -0.833493141163047.
[I 2026-03-17 17:10:18,889] Trial 13 finished with value: -1.6125775076204745 and parameters: {'n_layers_yy': 2, 'hidden_size_yy_l0': 2, 'hidden_size_yy_l1': 5, 'context_size_yy': 4, 'num_mix_components_yy': 3, 'context_extractor_yy': 'lstm', 'activation_func_yy': 'ReLU', 'L2_weight_yy': 0.0007883843472824355, 'L_entropy_weight_yy': 2.404908003685552e-09, 'L_sep_weight_yy': 2.9358731860803766e-09, 'L_scale_weight_yy': 3.686748322103395e-08, 'learning_rate_yy': 0.004565603406537268}. Best is trial 12 with value: -1.6131555846140806.
[I 2026-03-17 17:10:20,193] Trial 17 finished with value: -0.39197684367743807 and parameters: {'n_layers_yy': 1, 'hidden_size_yy_l0': 3, 'context_size_yy': 4, 'num_mix_components_yy': 3, 'context_extractor_yy': 'lstm', 'activation_func_yy': 'GELU', 'L2_weight_yy': 8.548523376612134e-10, 'L_entropy_weight_yy': 1.2637145248517545e-05, 'L_sep_weight_yy': 6.212433859824606e-05, 'L_scale_weight_yy': 8.440389760769988e-09, 'learning_rate_yy': 0.007752537150141753}. Best is trial 10 with value: -0.4361472115059017.
[I 2026-03-17 17:10:20,760] Trial 13 pruned. 
[I 2026-03-17 17:10:22,731] Trial 1 finished with value: -2.8017948470867085 and parameters: {'n_layers_yy': 2, 'hidden_size_yy_l0': 4, 'hidden_size_yy_l1': 6, 'context_size_yy': 4, 'num_mix_components_yy': 4, 'context_extractor_yy': 'lstm', 'activation_func_yy': 'ReLU', 'L2_weight_yy': 2.6691882258160436e-06, 'L_entropy_weight_yy': 3.668256859596191e-05, 'L_sep_weight_yy': 2.9236680173688933e-05, 'L_scale_weight_yy': 0.0004970852925909666, 'learning_rate_yy': 0.001732073998436813}. Best is trial 1 with value: -2.8017948470867085.
[I 2026-03-17 17:10:22,957] Trial 5 finished with value: -1.2410345800262281 and parameters: {'n_layers_yy': 2, 'hidden_size_yy_l0': 5, 'hidden_size_yy_l1': 4, 'context_size_yy': 4, 'num_mix_components_yy': 1, 'context_extractor_yy': 'lstm', 'activation_func_yy': 'ReLU', 'L2_weight_yy': 1.5479675408121763e-05, 'L_entropy_weight_yy': 6.275056872602039e-07, 'L_sep_weight_yy': 0.00010265499817521236, 'L_scale_weight_yy': 0.0003330698344583729, 'learning_rate_yy': 0.005962508837745588}. Best is trial 1 with value: -1.260024502625527.
[I 2026-03-17 17:10:24,030] Trial 2 finished with value: -2.085143293953302 and parameters: {'n_layers_yy': 2, 'hidden_size_yy_l0': 2, 'hidden_size_yy_l1': 4, 'context_size_yy': 2, 'num_mix_components_yy': 5, 'context_extractor_yy': 'lstm', 'activation_func_yy': 'ReLU', 'L2_weight_yy': 7.073681233587752e-07, 'L_entropy_weight_yy': 6.846689274168897e-05, 'L_sep_weight_yy': 5.917900973190081e-09, 'L_scale_weight_yy': 5.748620623980484e-08, 'learning_rate_yy': 0.008903406572901918}. Best is trial 1 with value: -2.089371130855073.
[I 2026-03-17 17:10:25,268] Trial 18 pruned. 
[I 2026-03-17 17:10:25,291] Trial 4 finished with value: -2.3705481780818634 and parameters: {'n_layers_yy': 2, 'hidden_size_yy_l0': 3, 'hidden_size_yy_l1': 6, 'context_size_yy': 2, 'num_mix_components_yy': 5, 'context_extractor_yy': 'gru', 'activation_func_yy': 'Tanh', 'L2_weight_yy': 1.1101447780206659e-07, 'L_entropy_weight_yy': 5.363425427931035e-06, 'L_sep_weight_yy': 2.2267972923994128e-10, 'L_scale_weight_yy': 1.6146908172314048e-06, 'learning_rate_yy': 0.001278296738852674}. Best is trial 4 with value: -2.3705481780818634.
[I 2026-03-17 17:10:25,481] Trial 6 pruned. 
[I 2026-03-17 17:10:25,787] Trial 14 pruned. 
[I 2026-03-17 17:10:25,985] Trial 6 pruned. 
[I 2026-03-17 17:10:28,112] Trial 33 finished with value: 0.014069365900616313 and parameters: {'n_layers_yy': 2, 'hidden_size_yy_l0': 6, 'hidden_size_yy_l1': 5, 'context_size_yy': 3, 'num_mix_components_yy': 5, 'context_extractor_yy': 'lstm', 'activation_func_yy': 'Tanh', 'L2_weight_yy': 0.00010977898677896567, 'L_entropy_weight_yy': 0.0001297833489478521, 'L_sep_weight_yy': 1.3959701477199208e-07, 'L_scale_weight_yy': 7.031380759692122e-05, 'learning_rate_yy': 0.0018648050627445014}. Best is trial 10 with value: -0.004261507544406625.
[I 2026-03-17 17:10:29,506] Trial 5 pruned. 
[I 2026-03-17 17:10:29,585] Trial 7 pruned. 
[I 2026-03-17 17:10:30,547] Trial 19 pruned. 
[I 2026-03-17 17:10:31,113] Trial 15 pruned. 
[I 2026-03-17 17:10:32,665] Trial 17 finished with value: -1.431339627779447 and parameters: {'n_layers_yy': 2, 'hidden_size_yy_l0': 6, 'hidden_size_yy_l1': 3, 'context_size_yy': 4, 'num_mix_components_yy': 3, 'context_extractor_yy': 'gru', 'activation_func_yy': 'ReLU', 'L2_weight_yy': 5.687901059591403e-07, 'L_entropy_weight_yy': 1.0513787572358864e-10, 'L_sep_weight_yy': 0.0007403550854152348, 'L_scale_weight_yy': 1.5088347390030442e-09, 'learning_rate_yy': 0.0046633408237214576}. Best is trial 1 with value: -1.4537486853966346.
[I 2026-03-17 17:10:33,114] Trial 34 pruned. 
[I 2026-03-17 17:10:33,803] Trial 16 pruned. 
[I 2026-03-17 17:10:35,000] Trial 10 pruned. 
[I 2026-03-17 17:10:35,607] Trial 35 pruned. 
[I 2026-03-17 17:10:35,757] Trial 3 pruned. 
[I 2026-03-17 17:10:36,683] Trial 23 finished with value: -0.579728663049669 and parameters: {'n_layers_yy': 1, 'hidden_size_yy_l0': 4, 'context_size_yy': 4, 'num_mix_components_yy': 3, 'context_extractor_yy': 'gru', 'activation_func_yy': 'Tanh', 'L2_weight_yy': 5.801459368245047e-08, 'L_entropy_weight_yy': 3.423752611680112e-08, 'L_sep_weight_yy': 6.33035155092737e-08, 'L_scale_weight_yy': 7.060119213648161e-05, 'learning_rate_yy': 0.007883533912736976}. Best is trial 23 with value: -0.579728663049669.
[I 2026-03-17 17:10:36,708] Trial 8 pruned. 
[I 2026-03-17 17:10:37,075] Trial 1 finished with value: -2.7521982412446278 and parameters: {'n_layers_yy': 1, 'hidden_size_yy_l0': 3, 'context_size_yy': 1, 'num_mix_components_yy': 2, 'context_extractor_yy': 'gru', 'activation_func_yy': 'GELU', 'L2_weight_yy': 3.2225966391569975e-05, 'L_entropy_weight_yy': 0.0001572488644118451, 'L_sep_weight_yy': 0.0003197494833993093, 'L_scale_weight_yy': 2.8221364148161874e-09, 'learning_rate_yy': 0.0011125535478581498}. Best is trial 1 with value: -2.7521982412446278.
[I 2026-03-17 17:10:38,303] Trial 11 pruned. 
[I 2026-03-17 17:10:38,888] Trial 17 pruned. 
[I 2026-03-17 17:10:39,102] Trial 6 finished with value: -1.969607611318543 and parameters: {'n_layers_yy': 1, 'hidden_size_yy_l0': 4, 'context_size_yy': 4, 'num_mix_components_yy': 3, 'context_extractor_yy': 'lstm', 'activation_func_yy': 'ReLU', 'L2_weight_yy': 4.840325494951554e-10, 'L_entropy_weight_yy': 0.00023447208377958247, 'L_sep_weight_yy': 1.8051415083482516e-08, 'L_scale_weight_yy': 4.0399739250252245e-07, 'learning_rate_yy': 0.008401472524888737}. Best is trial 1 with value: -1.9741431522447364.
[I 2026-03-17 17:10:42,775] Trial 2 pruned. 
[I 2026-03-17 17:10:44,180] Trial 1 finished with value: -2.260938665420364 and parameters: {'n_layers_yy': 2, 'hidden_size_yy_l0': 3, 'hidden_size_yy_l1': 3, 'context_size_yy': 1, 'num_mix_components_yy': 1, 'context_extractor_yy': 'gru', 'activation_func_yy': 'Tanh', 'L2_weight_yy': 2.848998529245302e-08, 'L_entropy_weight_yy': 0.0003933732451184576, 'L_sep_weight_yy': 3.6454512556677372e-06, 'L_scale_weight_yy': 0.0005331895529978681, 'learning_rate_yy': 0.0029000878808733924}. Best is trial 0 with value: -2.289111866011322.
[I 2026-03-17 17:10:46,729] Trial 36 pruned. 
[I 2026-03-17 17:10:47,441] Trial 4 pruned. 
[I 2026-03-17 17:10:51,673] Trial 37 pruned. 
[I 2026-03-17 17:10:52,903] Trial 24 pruned. 
[I 2026-03-17 17:10:54,346] Trial 38 pruned. 
[I 2026-03-17 17:10:56,281] Trial 4 finished with value: -1.9076621166627798 and parameters: {'n_layers_yy': 2, 'hidden_size_yy_l0': 3, 'hidden_size_yy_l1': 3, 'context_size_yy': 4, 'num_mix_components_yy': 3, 'context_extractor_yy': 'gru', 'activation_func_yy': 'ReLU', 'L2_weight_yy': 0.00026698347418029056, 'L_entropy_weight_yy': 1.8872635829403115e-06, 'L_sep_weight_yy': 9.547631820685315e-07, 'L_scale_weight_yy': 3.57436353214802e-09, 'learning_rate_yy': 0.005318295121241343}. Best is trial 4 with value: -1.9076621166627798.
[I 2026-03-17 17:10:57,043] Trial 39 pruned. 
[I 2026-03-17 17:10:57,284] Trial 1 finished with value: -2.444894981350762 and parameters: {'n_layers_yy': 2, 'hidden_size_yy_l0': 4, 'hidden_size_yy_l1': 6, 'context_size_yy': 1, 'num_mix_components_yy': 3, 'context_extractor_yy': 'gru', 'activation_func_yy': 'Tanh', 'L2_weight_yy': 3.196988496640063e-06, 'L_entropy_weight_yy': 6.506699282404206e-05, 'L_sep_weight_yy': 2.303131912147457e-07, 'L_scale_weight_yy': 1.2060935584103111e-08, 'learning_rate_yy': 0.0007654981428054013}. Best is trial 1 with value: -2.444894981350762.
[I 2026-03-17 17:10:58,989] Trial 11 finished with value: -2.8352269528025382 and parameters: {'n_layers_yy': 1, 'hidden_size_yy_l0': 4, 'context_size_yy': 3, 'num_mix_components_yy': 5, 'context_extractor_yy': 'lstm', 'activation_func_yy': 'Tanh', 'L2_weight_yy': 1.5096828530987686e-10, 'L_entropy_weight_yy': 3.095984589431548e-05, 'L_sep_weight_yy': 5.443950038683002e-07, 'L_scale_weight_yy': 1.3568118005212254e-10, 'learning_rate_yy': 0.009729084554768449}. Best is trial 11 with value: -2.8352269528025382.
[I 2026-03-17 17:10:59,751] Trial 40 pruned. 
[I 2026-03-17 17:10:59,808] Trial 25 pruned. 
[I 2026-03-17 17:11:00,209] Trial 20 finished with value: -0.42795947756929664 and parameters: {'n_layers_yy': 1, 'hidden_size_yy_l0': 4, 'context_size_yy': 4, 'num_mix_components_yy': 5, 'context_extractor_yy': 'lstm', 'activation_func_yy': 'GELU', 'L2_weight_yy': 4.497452914599119e-09, 'L_entropy_weight_yy': 3.183756245886909e-09, 'L_sep_weight_yy': 0.0008792916537114764, 'L_scale_weight_yy': 2.3145234357878538e-10, 'learning_rate_yy': 0.0022209424490721038}. Best is trial 10 with value: -0.4361472115059017.
[I 2026-03-17 17:11:00,713] Trial 5 pruned. 
[I 2026-03-17 17:11:01,712] Trial 5 finished with value: -1.852192921681447 and parameters: {'n_layers_yy': 1, 'hidden_size_yy_l0': 5, 'context_size_yy': 3, 'num_mix_components_yy': 2, 'context_extractor_yy': 'gru', 'activation_func_yy': 'ReLU', 'L2_weight_yy': 5.342940593046396e-10, 'L_entropy_weight_yy': 2.975687954638356e-10, 'L_sep_weight_yy': 6.640235901500961e-05, 'L_scale_weight_yy': 2.1117774661123664e-05, 'learning_rate_yy': 0.0022525333679875117}. Best is trial 2 with value: -1.852375329243005.
[I 2026-03-17 17:11:03,388] Trial 26 pruned. 
[I 2026-03-17 17:11:05,782] Trial 21 pruned. 
[I 2026-03-17 17:11:06,475] Trial 27 pruned. 
[I 2026-03-17 17:11:07,018] Trial 3 finished with value: -1.702986696445342 and parameters: {'n_layers_yy': 2, 'hidden_size_yy_l0': 2, 'hidden_size_yy_l1': 3, 'context_size_yy': 4, 'num_mix_components_yy': 3, 'context_extractor_yy': 'gru', 'activation_func_yy': 'Tanh', 'L2_weight_yy': 8.115254067097431e-06, 'L_entropy_weight_yy': 7.094823387207433e-05, 'L_sep_weight_yy': 3.224304112672027e-06, 'L_scale_weight_yy': 1.2844809885033883e-06, 'learning_rate_yy': 0.005257982293648384}. Best is trial 3 with value: -1.702986696445342.
[I 2026-03-17 17:11:07,052] Trial 12 pruned. 
[I 2026-03-17 17:11:08,651] Trial 22 pruned. 
[I 2026-03-17 17:11:09,112] Trial 4 finished with value: -3.1183171010782145 and parameters: {'n_layers_yy': 2, 'hidden_size_yy_l0': 3, 'hidden_size_yy_l1': 5, 'context_size_yy': 2, 'num_mix_components_yy': 5, 'context_extractor_yy': 'gru', 'activation_func_yy': 'GELU', 'L2_weight_yy': 5.97572608848008e-08, 'L_entropy_weight_yy': 1.09611775811531e-09, 'L_sep_weight_yy': 7.014480203841733e-06, 'L_scale_weight_yy': 3.79360791443315e-09, 'learning_rate_yy': 0.0073769828452411165}. Best is trial 4 with value: -3.1183171010782145.
[I 2026-03-17 17:11:11,149] Trial 23 pruned. 
[I 2026-03-17 17:11:11,362] Trial 12 finished with value: -1.793984389683143 and parameters: {'n_layers_yy': 2, 'hidden_size_yy_l0': 4, 'hidden_size_yy_l1': 6, 'context_size_yy': 3, 'num_mix_components_yy': 5, 'context_extractor_yy': 'gru', 'activation_func_yy': 'GELU', 'L2_weight_yy': 2.047679103931958e-08, 'L_entropy_weight_yy': 0.0009968627614131836, 'L_sep_weight_yy': 4.174238186318038e-09, 'L_scale_weight_yy': 2.104301540184107e-05, 'learning_rate_yy': 0.0053624483449900735}. Best is trial 2 with value: -1.824331576606496.
[I 2026-03-17 17:11:12,691] Trial 28 pruned. 
[I 2026-03-17 17:11:14,311] Trial 41 finished with value: -0.0015825504480406296 and parameters: {'n_layers_yy': 2, 'hidden_size_yy_l0': 6, 'hidden_size_yy_l1': 5, 'context_size_yy': 3, 'num_mix_components_yy': 5, 'context_extractor_yy': 'lstm', 'activation_func_yy': 'Tanh', 'L2_weight_yy': 0.0009363793242645961, 'L_entropy_weight_yy': 0.000379161214301918, 'L_sep_weight_yy': 2.043070731072824e-08, 'L_scale_weight_yy': 5.2520463677429655e-05, 'learning_rate_yy': 0.004260493363221876}. Best is trial 10 with value: -0.004261507544406625.
[I 2026-03-17 17:11:15,433] Trial 18 finished with value: -0.8283690730085049 and parameters: {'n_layers_yy': 2, 'hidden_size_yy_l0': 6, 'hidden_size_yy_l1': 3, 'context_size_yy': 2, 'num_mix_components_yy': 2, 'context_extractor_yy': 'lstm', 'activation_func_yy': 'ReLU', 'L2_weight_yy': 1.3076429828544783e-05, 'L_entropy_weight_yy': 3.4341990432479995e-10, 'L_sep_weight_yy': 2.678418890989832e-06, 'L_scale_weight_yy': 1.0819190512572477e-05, 'learning_rate_yy': 0.004452042249378721}. Best is trial 2 with value: -0.833493141163047.
[I 2026-03-17 17:11:15,737] Trial 24 pruned. 
[I 2026-03-17 17:11:16,289] Trial 29 pruned. 
[I 2026-03-17 17:11:18,169] Trial 18 finished with value: -1.4301481276292067 and parameters: {'n_layers_yy': 2, 'hidden_size_yy_l0': 5, 'hidden_size_yy_l1': 3, 'context_size_yy': 2, 'num_mix_components_yy': 4, 'context_extractor_yy': 'lstm', 'activation_func_yy': 'Tanh', 'L2_weight_yy': 1.0548861111116685e-10, 'L_entropy_weight_yy': 2.714589461180286e-07, 'L_sep_weight_yy': 7.04838961257854e-05, 'L_scale_weight_yy': 5.84278746015806e-06, 'learning_rate_yy': 0.0023939264803230676}. Best is trial 1 with value: -1.4537486853966346.
[I 2026-03-17 17:11:18,820] Trial 25 pruned. 
[I 2026-03-17 17:11:18,929] Trial 5 pruned. 
[I 2026-03-17 17:11:19,423] Trial 42 pruned. 
[I 2026-03-17 17:11:19,456] Trial 5 pruned. 
[I 2026-03-17 17:11:20,848] Trial 19 pruned. 
[I 2026-03-17 17:11:21,173] Trial 26 pruned. 
[I 2026-03-17 17:11:22,417] Trial 30 pruned. 
[I 2026-03-17 17:11:23,898] Trial 20 pruned. 
[I 2026-03-17 17:11:24,507] Trial 9 finished with value: -1.2718806099318753 and parameters: {'n_layers_yy': 1, 'hidden_size_yy_l0': 6, 'context_size_yy': 2, 'num_mix_components_yy': 3, 'context_extractor_yy': 'lstm', 'activation_func_yy': 'ReLU', 'L2_weight_yy': 9.146038419351588e-10, 'L_entropy_weight_yy': 6.023809582006368e-05, 'L_sep_weight_yy': 3.2945389595726806e-09, 'L_scale_weight_yy': 2.097005981391725e-10, 'learning_rate_yy': 0.005272207867369778}. Best is trial 9 with value: -1.2718806099318753.
[I 2026-03-17 17:11:26,452] Trial 27 pruned. 
[I 2026-03-17 17:11:27,781] Trial 10 pruned. 
[I 2026-03-17 17:11:28,537] Trial 6 pruned. 
[I 2026-03-17 17:11:31,888] Trial 28 pruned. 
[I 2026-03-17 17:11:33,818] Trial 43 finished with value: -0.006305112395175668 and parameters: {'n_layers_yy': 2, 'hidden_size_yy_l0': 6, 'hidden_size_yy_l1': 4, 'context_size_yy': 3, 'num_mix_components_yy': 5, 'context_extractor_yy': 'lstm', 'activation_func_yy': 'Tanh', 'L2_weight_yy': 9.143911174235583e-09, 'L_entropy_weight_yy': 0.0004916833719060641, 'L_sep_weight_yy': 3.321035309994078e-07, 'L_scale_weight_yy': 3.406488328682871e-05, 'learning_rate_yy': 0.005768963378745031}. Best is trial 43 with value: -0.006305112395175668.
[I 2026-03-17 17:11:33,955] Trial 4 pruned. 
[I 2026-03-17 17:11:36,565] Trial 9 finished with value: -1.6541952604967545 and parameters: {'n_layers_yy': 1, 'hidden_size_yy_l0': 5, 'context_size_yy': 2, 'num_mix_components_yy': 2, 'context_extractor_yy': 'lstm', 'activation_func_yy': 'GELU', 'L2_weight_yy': 9.566403366308474e-09, 'L_entropy_weight_yy': 5.97661448025634e-10, 'L_sep_weight_yy': 1.9536347303596862e-05, 'L_scale_weight_yy': 9.360523050732468e-08, 'learning_rate_yy': 0.0007038534542282552}. Best is trial 2 with value: -1.6677701443405077.
[I 2026-03-17 17:11:38,459] Trial 5 pruned. 
[I 2026-03-17 17:11:39,761] Trial 31 pruned. 
[I 2026-03-17 17:11:41,712] Trial 6 pruned. 
[I 2026-03-17 17:11:45,081] Trial 14 finished with value: -1.6118587091815904 and parameters: {'n_layers_yy': 1, 'hidden_size_yy_l0': 2, 'context_size_yy': 4, 'num_mix_components_yy': 3, 'context_extractor_yy': 'lstm', 'activation_func_yy': 'ReLU', 'L2_weight_yy': 0.00029394187135364964, 'L_entropy_weight_yy': 1.0379390535645503e-09, 'L_sep_weight_yy': 1.989123904077246e-09, 'L_scale_weight_yy': 2.6007519068544797e-08, 'learning_rate_yy': 0.003913035833750567}. Best is trial 12 with value: -1.6131555846140806.
[I 2026-03-17 17:11:45,102] Trial 7 pruned. 
[I 2026-03-17 17:11:46,697] Trial 44 pruned. 
[I 2026-03-17 17:11:46,870] Trial 2 finished with value: -2.278826134820609 and parameters: {'n_layers_yy': 2, 'hidden_size_yy_l0': 6, 'hidden_size_yy_l1': 4, 'context_size_yy': 3, 'num_mix_components_yy': 3, 'context_extractor_yy': 'lstm', 'activation_func_yy': 'ReLU', 'L2_weight_yy': 0.0008816462790007617, 'L_entropy_weight_yy': 4.829923535800266e-08, 'L_sep_weight_yy': 1.1338131541831496e-07, 'L_scale_weight_yy': 1.7754687985355307e-06, 'learning_rate_yy': 0.005914786671563647}. Best is trial 0 with value: -2.289111866011322.
[I 2026-03-17 17:11:48,126] Trial 6 finished with value: -2.0900655209905628 and parameters: {'n_layers_yy': 2, 'hidden_size_yy_l0': 3, 'hidden_size_yy_l1': 5, 'context_size_yy': 4, 'num_mix_components_yy': 4, 'context_extractor_yy': 'lstm', 'activation_func_yy': 'ReLU', 'L2_weight_yy': 0.0006377168762026114, 'L_entropy_weight_yy': 1.384073132568972e-07, 'L_sep_weight_yy': 4.706134351096742e-05, 'L_scale_weight_yy': 1.9586145408312675e-10, 'learning_rate_yy': 0.0047945483549060855}. Best is trial 6 with value: -2.0900655209905628.
[I 2026-03-17 17:11:48,457] Trial 7 finished with value: -2.7995753208916416 and parameters: {'n_layers_yy': 1, 'hidden_size_yy_l0': 2, 'context_size_yy': 1, 'num_mix_components_yy': 4, 'context_extractor_yy': 'gru', 'activation_func_yy': 'ReLU', 'L2_weight_yy': 0.0005691428576672595, 'L_entropy_weight_yy': 6.088130775426465e-05, 'L_sep_weight_yy': 4.706114402764887e-06, 'L_scale_weight_yy': 3.915561577832481e-09, 'learning_rate_yy': 0.005200031276853086}. Best is trial 0 with value: -2.971554416150561.
[I 2026-03-17 17:11:48,864] Trial 1 finished with value: -3.2261631673177082 and parameters: {'n_layers_yy': 2, 'hidden_size_yy_l0': 3, 'hidden_size_yy_l1': 5, 'context_size_yy': 3, 'num_mix_components_yy': 2, 'context_extractor_yy': 'lstm', 'activation_func_yy': 'GELU', 'L2_weight_yy': 1.4755577455505606e-07, 'L_entropy_weight_yy': 5.416112457574578e-07, 'L_sep_weight_yy': 0.0005667680119683849, 'L_scale_weight_yy': 1.0783674130451646e-10, 'learning_rate_yy': 0.0006303954103483569}. Best is trial 0 with value: -3.2443633626302084.
[I 2026-03-17 17:11:50,476] Trial 7 finished with value: -1.9830532325011814 and parameters: {'n_layers_yy': 2, 'hidden_size_yy_l0': 5, 'hidden_size_yy_l1': 6, 'context_size_yy': 1, 'num_mix_components_yy': 2, 'context_extractor_yy': 'gru', 'activation_func_yy': 'Tanh', 'L2_weight_yy': 1.062740963703322e-05, 'L_entropy_weight_yy': 1.5497168725106467e-06, 'L_sep_weight_yy': 7.494265886260194e-06, 'L_scale_weight_yy': 3.5679607824991437e-09, 'learning_rate_yy': 0.003224827824100096}. Best is trial 7 with value: -1.9830532325011814.
[I 2026-03-17 17:11:51,739] Trial 21 finished with value: -1.4523570838341346 and parameters: {'n_layers_yy': 1, 'hidden_size_yy_l0': 6, 'context_size_yy': 4, 'num_mix_components_yy': 4, 'context_extractor_yy': 'gru', 'activation_func_yy': 'ReLU', 'L2_weight_yy': 2.6427692427373205e-10, 'L_entropy_weight_yy': 4.100473779226364e-09, 'L_sep_weight_yy': 5.03231763616947e-06, 'L_scale_weight_yy': 4.939567014121694e-09, 'learning_rate_yy': 0.003793617169692525}. Best is trial 1 with value: -1.4537486853966346.
[I 2026-03-17 17:11:53,010] Trial 19 pruned. 
[I 2026-03-17 17:11:53,424] Trial 7 pruned. 
[I 2026-03-17 17:11:54,211] Trial 8 pruned. 
[I 2026-03-17 17:11:56,330] Trial 32 pruned. 
[I 2026-03-17 17:11:57,933] Trial 22 pruned. 
[I 2026-03-17 17:11:58,279] Trial 8 pruned. 
[I 2026-03-17 17:11:58,534] Trial 45 finished with value: -0.010956101639326228 and parameters: {'n_layers_yy': 2, 'hidden_size_yy_l0': 6, 'hidden_size_yy_l1': 4, 'context_size_yy': 3, 'num_mix_components_yy': 2, 'context_extractor_yy': 'lstm', 'activation_func_yy': 'Tanh', 'L2_weight_yy': 1.4534924251662164e-07, 'L_entropy_weight_yy': 5.095256867365438e-05, 'L_sep_weight_yy': 1.771931285326037e-07, 'L_scale_weight_yy': 2.174089403941853e-05, 'learning_rate_yy': 0.008079292312455317}. Best is trial 45 with value: -0.010956101639326228.
[I 2026-03-17 17:11:59,639] Trial 33 pruned. 
[I 2026-03-17 17:12:01,031] Trial 6 finished with value: -1.8554804452326426 and parameters: {'n_layers_yy': 2, 'hidden_size_yy_l0': 5, 'hidden_size_yy_l1': 4, 'context_size_yy': 4, 'num_mix_components_yy': 3, 'context_extractor_yy': 'lstm', 'activation_func_yy': 'Tanh', 'L2_weight_yy': 3.852562827985286e-06, 'L_entropy_weight_yy': 4.676783956860021e-05, 'L_sep_weight_yy': 5.010256913849138e-05, 'L_scale_weight_yy': 4.304664187915676e-09, 'learning_rate_yy': 0.009472119177458832}. Best is trial 6 with value: -1.8554804452326426.
[I 2026-03-17 17:12:02,946] Trial 34 pruned. 
[I 2026-03-17 17:12:03,742] Trial 9 pruned. 
[I 2026-03-17 17:12:03,843] Trial 23 pruned. 
[I 2026-03-17 17:12:04,615] Trial 7 finished with value: -1.9705012298858469 and parameters: {'n_layers_yy': 1, 'hidden_size_yy_l0': 6, 'context_size_yy': 3, 'num_mix_components_yy': 5, 'context_extractor_yy': 'lstm', 'activation_func_yy': 'Tanh', 'L2_weight_yy': 0.0004547126989201887, 'L_entropy_weight_yy': 1.2669693391308945e-05, 'L_sep_weight_yy': 3.3644044802738134e-07, 'L_scale_weight_yy': 9.63720296817001e-07, 'learning_rate_yy': 0.002370581870614494}. Best is trial 1 with value: -1.9741431522447364.
[I 2026-03-17 17:12:05,140] Trial 7 pruned. 
[I 2026-03-17 17:12:06,841] Trial 13 finished with value: -2.833713344489677 and parameters: {'n_layers_yy': 1, 'hidden_size_yy_l0': 5, 'context_size_yy': 3, 'num_mix_components_yy': 5, 'context_extractor_yy': 'lstm', 'activation_func_yy': 'ReLU', 'L2_weight_yy': 3.962625507801033e-06, 'L_entropy_weight_yy': 4.253651968902946e-08, 'L_sep_weight_yy': 1.8038040380348607e-07, 'L_scale_weight_yy': 1.473715815952029e-10, 'learning_rate_yy': 0.009903974251013591}. Best is trial 11 with value: -2.8352269528025382.
[I 2026-03-17 17:12:07,124] Trial 15 pruned. 
[I 2026-03-17 17:12:08,374] Trial 8 pruned. 
[I 2026-03-17 17:12:08,618] Trial 10 pruned. 
[I 2026-03-17 17:12:09,284] Trial 8 pruned. 
[I 2026-03-17 17:12:09,593] Trial 2 finished with value: -2.476197165819489 and parameters: {'n_layers_yy': 2, 'hidden_size_yy_l0': 6, 'hidden_size_yy_l1': 5, 'context_size_yy': 4, 'num_mix_components_yy': 3, 'context_extractor_yy': 'gru', 'activation_func_yy': 'ReLU', 'L2_weight_yy': 2.514964562721126e-07, 'L_entropy_weight_yy': 3.1863194593004153e-06, 'L_sep_weight_yy': 2.3814640967109104e-07, 'L_scale_weight_yy': 9.737697008772498e-05, 'learning_rate_yy': 0.005769686505608838}. Best is trial 2 with value: -2.476197165819489.
[I 2026-03-17 17:12:09,676] Trial 24 pruned. 
[I 2026-03-17 17:12:09,687] Trial 35 pruned. 
[I 2026-03-17 17:12:10,073] Trial 3 finished with value: -2.509458930530602 and parameters: {'n_layers_yy': 1, 'hidden_size_yy_l0': 5, 'context_size_yy': 1, 'num_mix_components_yy': 4, 'context_extractor_yy': 'gru', 'activation_func_yy': 'ReLU', 'L2_weight_yy': 1.107412626263064e-05, 'L_entropy_weight_yy': 1.3453452009506427e-07, 'L_sep_weight_yy': 5.855655189847871e-07, 'L_scale_weight_yy': 4.1037544826200984e-09, 'learning_rate_yy': 0.002477465321874805}. Best is trial 1 with value: -2.510248337726791.
[I 2026-03-17 17:12:13,177] Trial 9 pruned. 
[I 2026-03-17 17:12:13,670] Trial 7 finished with value: -2.6326792002135244 and parameters: {'n_layers_yy': 1, 'hidden_size_yy_l0': 5, 'context_size_yy': 4, 'num_mix_components_yy': 3, 'context_extractor_yy': 'gru', 'activation_func_yy': 'Tanh', 'L2_weight_yy': 8.305566777697937e-05, 'L_entropy_weight_yy': 0.000205190913458395, 'L_sep_weight_yy': 0.00018656095951787813, 'L_scale_weight_yy': 1.2497860691185343e-05, 'learning_rate_yy': 0.0007788059786830432}. Best is trial 7 with value: -2.6326792002135244.
[I 2026-03-17 17:12:13,782] Trial 2 finished with value: -2.489143682537181 and parameters: {'n_layers_yy': 2, 'hidden_size_yy_l0': 4, 'hidden_size_yy_l1': 6, 'context_size_yy': 1, 'num_mix_components_yy': 3, 'context_extractor_yy': 'gru', 'activation_func_yy': 'GELU', 'L2_weight_yy': 2.6746423579122984e-05, 'L_entropy_weight_yy': 5.114871857147911e-10, 'L_sep_weight_yy': 7.676507806880026e-05, 'L_scale_weight_yy': 1.2422405279422457e-09, 'learning_rate_yy': 0.007827571056249198}. Best is trial 2 with value: -2.489143682537181.
[I 2026-03-17 17:12:13,792] Trial 11 pruned. 
[I 2026-03-17 17:12:14,489] Trial 46 finished with value: -0.004453326380530069 and parameters: {'n_layers_yy': 2, 'hidden_size_yy_l0': 5, 'hidden_size_yy_l1': 4, 'context_size_yy': 3, 'num_mix_components_yy': 2, 'context_extractor_yy': 'lstm', 'activation_func_yy': 'Tanh', 'L2_weight_yy': 3.862237951231699e-08, 'L_entropy_weight_yy': 2.0243639904847974e-05, 'L_sep_weight_yy': 1.6384987545786707e-06, 'L_scale_weight_yy': 8.404682725281385e-06, 'learning_rate_yy': 0.009469264787855772}. Best is trial 45 with value: -0.010956101639326228.
[I 2026-03-17 17:12:16,093] Trial 4 pruned. 
[I 2026-03-17 17:12:16,423] Trial 9 pruned. 
[I 2026-03-17 17:12:16,935] Trial 10 pruned. 
[I 2026-03-17 17:12:19,098] Trial 12 pruned. 
[I 2026-03-17 17:12:20,829] Trial 7 finished with value: -1.6657708134575568 and parameters: {'n_layers_yy': 2, 'hidden_size_yy_l0': 3, 'hidden_size_yy_l1': 5, 'context_size_yy': 2, 'num_mix_components_yy': 4, 'context_extractor_yy': 'gru', 'activation_func_yy': 'Tanh', 'L2_weight_yy': 5.097688310464215e-10, 'L_entropy_weight_yy': 4.677414780090204e-06, 'L_sep_weight_yy': 3.469556021515863e-10, 'L_scale_weight_yy': 0.000910123633470255, 'learning_rate_yy': 0.000575468876845434}. Best is trial 2 with value: -1.677622742403132.
[I 2026-03-17 17:12:22,520] Trial 13 finished with value: -1.7920831228749488 and parameters: {'n_layers_yy': 1, 'hidden_size_yy_l0': 6, 'context_size_yy': 2, 'num_mix_components_yy': 4, 'context_extractor_yy': 'gru', 'activation_func_yy': 'GELU', 'L2_weight_yy': 3.4171562347829985e-06, 'L_entropy_weight_yy': 7.491968104779749e-09, 'L_sep_weight_yy': 2.8126313050636643e-09, 'L_scale_weight_yy': 3.4279059399393976e-08, 'learning_rate_yy': 0.0011565633275267201}. Best is trial 2 with value: -1.824331576606496.
[I 2026-03-17 17:12:22,789] Trial 29 finished with value: -0.3826302448662442 and parameters: {'n_layers_yy': 1, 'hidden_size_yy_l0': 4, 'context_size_yy': 1, 'num_mix_components_yy': 5, 'context_extractor_yy': 'gru', 'activation_func_yy': 'Tanh', 'L2_weight_yy': 2.319605731319858e-09, 'L_entropy_weight_yy': 1.395052980738199e-05, 'L_sep_weight_yy': 6.291710596083163e-09, 'L_scale_weight_yy': 4.45565418643224e-08, 'learning_rate_yy': 0.002811238089142112}. Best is trial 10 with value: -0.4361472115059017.
[I 2026-03-17 17:12:24,119] Trial 20 finished with value: -0.8228221989100581 and parameters: {'n_layers_yy': 2, 'hidden_size_yy_l0': 5, 'hidden_size_yy_l1': 4, 'context_size_yy': 2, 'num_mix_components_yy': 3, 'context_extractor_yy': 'gru', 'activation_func_yy': 'Tanh', 'L2_weight_yy': 0.00018645888811367472, 'L_entropy_weight_yy': 1.0078942706056608e-10, 'L_sep_weight_yy': 7.053396681710333e-08, 'L_scale_weight_yy': 1.8043831852348377e-05, 'learning_rate_yy': 0.00444710363509263}. Best is trial 2 with value: -0.833493141163047.
[I 2026-03-17 17:12:24,639] Trial 8 pruned. 
[I 2026-03-17 17:12:26,251] Trial 14 pruned. 
[I 2026-03-17 17:12:26,700] Trial 21 pruned. 
[I 2026-03-17 17:12:26,713] Trial 36 pruned. 
[I 2026-03-17 17:12:27,494] Trial 47 pruned. 
[I 2026-03-17 17:12:27,809] Trial 10 finished with value: -1.6702043966563191 and parameters: {'n_layers_yy': 2, 'hidden_size_yy_l0': 2, 'hidden_size_yy_l1': 6, 'context_size_yy': 1, 'num_mix_components_yy': 5, 'context_extractor_yy': 'gru', 'activation_func_yy': 'GELU', 'L2_weight_yy': 7.342770389995524e-06, 'L_entropy_weight_yy': 0.0009835525497780585, 'L_sep_weight_yy': 1.598957076233229e-10, 'L_scale_weight_yy': 4.172776124625413e-09, 'learning_rate_yy': 0.00992783544210595}. Best is trial 10 with value: -1.6702043966563191.
[I 2026-03-17 17:12:28,162] Trial 9 pruned. 
[I 2026-03-17 17:12:28,292] Trial 30 pruned. 
[I 2026-03-17 17:12:28,812] Trial 11 finished with value: -1.2688432577136703 and parameters: {'n_layers_yy': 2, 'hidden_size_yy_l0': 6, 'hidden_size_yy_l1': 6, 'context_size_yy': 2, 'num_mix_components_yy': 4, 'context_extractor_yy': 'lstm', 'activation_func_yy': 'Tanh', 'L2_weight_yy': 4.450407257120512e-09, 'L_entropy_weight_yy': 4.925520200916991e-09, 'L_sep_weight_yy': 7.329693260706103e-09, 'L_scale_weight_yy': 4.8781380892741857e-08, 'learning_rate_yy': 0.0018193633178924709}. Best is trial 9 with value: -1.2718806099318753.
[I 2026-03-17 17:12:29,244] Trial 2 finished with value: -2.8048498209555515 and parameters: {'n_layers_yy': 1, 'hidden_size_yy_l0': 5, 'context_size_yy': 3, 'num_mix_components_yy': 3, 'context_extractor_yy': 'lstm', 'activation_func_yy': 'ReLU', 'L2_weight_yy': 2.330551256886016e-06, 'L_entropy_weight_yy': 5.544202032698929e-07, 'L_sep_weight_yy': 1.5467570203387621e-07, 'L_scale_weight_yy': 2.6426913342239895e-10, 'learning_rate_yy': 0.005565928797454786}. Best is trial 2 with value: -2.8048498209555515.
[I 2026-03-17 17:12:29,544] Trial 16 pruned. 
[I 2026-03-17 17:12:29,776] Trial 4 finished with value: -1.7828340534248737 and parameters: {'n_layers_yy': 2, 'hidden_size_yy_l0': 2, 'hidden_size_yy_l1': 2, 'context_size_yy': 1, 'num_mix_components_yy': 2, 'context_extractor_yy': 'lstm', 'activation_func_yy': 'Tanh', 'L2_weight_yy': 2.2655062030648394e-06, 'L_entropy_weight_yy': 5.8573953952553315e-08, 'L_sep_weight_yy': 2.0121909639746217e-05, 'L_scale_weight_yy': 1.314577695975491e-06, 'learning_rate_yy': 0.009868682124470837}. Best is trial 4 with value: -1.7828340534248737.
[I 2026-03-17 17:12:30,793] Trial 31 pruned. 
[I 2026-03-17 17:12:30,955] Trial 13 pruned. 
[I 2026-03-17 17:12:33,225] Trial 17 pruned. 
[I 2026-03-17 17:12:33,568] Trial 32 pruned. 
[I 2026-03-17 17:12:34,794] Trial 25 finished with value: -1.4279976712740385 and parameters: {'n_layers_yy': 1, 'hidden_size_yy_l0': 6, 'context_size_yy': 4, 'num_mix_components_yy': 5, 'context_extractor_yy': 'gru', 'activation_func_yy': 'ReLU', 'L2_weight_yy': 9.207475570562803e-09, 'L_entropy_weight_yy': 1.0021187623546196e-06, 'L_sep_weight_yy': 8.642500380572667e-07, 'L_scale_weight_yy': 1.8772536738017742e-05, 'learning_rate_yy': 0.003950312426594542}. Best is trial 1 with value: -1.4537486853966346.
[I 2026-03-17 17:12:35,586] Trial 7 finished with value: -3.118696402050166 and parameters: {'n_layers_yy': 1, 'hidden_size_yy_l0': 5, 'context_size_yy': 4, 'num_mix_components_yy': 2, 'context_extractor_yy': 'gru', 'activation_func_yy': 'ReLU', 'L2_weight_yy': 6.137304098243918e-06, 'L_entropy_weight_yy': 1.983920695311597e-09, 'L_sep_weight_yy': 1.1419228600525503e-08, 'L_scale_weight_yy': 1.1148929656515935e-06, 'learning_rate_yy': 0.006563397254278725}. Best is trial 7 with value: -3.118696402050166.
[I 2026-03-17 17:12:35,758] Trial 12 pruned. 
[I 2026-03-17 17:12:36,262] Trial 14 pruned. 
[I 2026-03-17 17:12:37,692] Trial 26 pruned. 
[I 2026-03-17 17:12:38,792] Trial 33 pruned. 
[I 2026-03-17 17:12:39,185] Trial 11 pruned. 
[I 2026-03-17 17:12:39,266] Trial 13 pruned. 
[I 2026-03-17 17:12:40,000] Trial 48 pruned. 
[I 2026-03-17 17:12:40,729] Trial 2 pruned. 
[I 2026-03-17 17:12:41,657] Trial 34 pruned. 
[I 2026-03-17 17:12:41,661] Trial 22 pruned. 
[I 2026-03-17 17:12:42,591] Trial 14 pruned. 
[I 2026-03-17 17:12:42,823] Trial 14 pruned. 
[I 2026-03-17 17:12:43,221] Trial 12 pruned. 
[I 2026-03-17 17:12:43,543] Trial 37 pruned. 
[I 2026-03-17 17:12:43,563] Trial 27 pruned. 
[I 2026-03-17 17:12:44,261] Trial 8 pruned. 
[I 2026-03-17 17:12:45,969] Trial 15 pruned. 
[I 2026-03-17 17:12:47,038] Trial 6 finished with value: -1.700829440718034 and parameters: {'n_layers_yy': 1, 'hidden_size_yy_l0': 5, 'context_size_yy': 4, 'num_mix_components_yy': 2, 'context_extractor_yy': 'lstm', 'activation_func_yy': 'Tanh', 'L2_weight_yy': 0.0005387220723439726, 'L_entropy_weight_yy': 3.747077503586572e-10, 'L_sep_weight_yy': 7.181165762811742e-05, 'L_scale_weight_yy': 1.405579414606583e-07, 'learning_rate_yy': 0.001390491947504155}. Best is trial 3 with value: -1.702986696445342.
[I 2026-03-17 17:12:47,052] Trial 28 pruned. 
[I 2026-03-17 17:12:48,436] Trial 10 pruned. 
[I 2026-03-17 17:12:49,872] Trial 15 pruned. 
[I 2026-03-17 17:12:52,732] Trial 49 pruned. 
Optimize task 23: group_id: POm, neuron_id: 57
Starting optimization for task 23...

--- Data Summary ---
Total events for target process 1872
Data Time: 900 seconds
Using device: cuda
Number of events in target process: 1872
Only one process provided, preparing dataloaders for the reduced model.
Reduced model ln_yy : 3.93609 nats/sec, 1.89235 nats/event
Reduced model Log loss : 0.05985
Number of events in target process: 1872
Only one process provided, preparing dataloaders for the reduced model.
Number of events in target process: 1872
Only one process provided, preparing dataloaders for the reduced model.
Number of events in target process: 1872
Only one process provided, preparing dataloaders for the reduced model.
Number of events in target process: 1872
Only one process provided, preparing dataloaders for the reduced model.
Number of events in target process: 1872
Only one process provided, preparing dataloaders for the reduced model.
Number of events in target process: 1872
Only one process provided, preparing dataloaders for the reduced model.
Reduced model ln_yy : 4.18562 nats/sec, 2.01232 nats/event
Reduced model Log loss : 0.03994
Number of events in target process: 1872
Only one process provided, preparing dataloaders for the reduced model.
Reduced model ln_yy : 4.21317 nats/sec, 2.02556 nats/event
Reduced model Log loss : 0.00372
Number of events in target process: 1872
Only one process provided, preparing dataloaders for the reduced model.
Number of events in target process: 1872
Only one process provided, preparing dataloaders for the reduced model.
Reduced model ln_yy : 4.10023 nats/sec, 1.97126 nats/event
Reduced model Log loss : -0.00332
Number of events in target process: 1872
Only one process provided, preparing dataloaders for the reduced model.
Reduced model ln_yy : 4.11055 nats/sec, 1.97623 nats/event
Reduced model Log loss : -0.00426
Number of events in target process: 1872
Only one process provided, preparing dataloaders for the reduced model.
Number of events in target process: 1872
Only one process provided, preparing dataloaders for the reduced model.
Reduced model ln_yy : 4.00957 nats/sec, 1.92768 nats/event
Reduced model Log loss : -0.00043
Number of events in target process: 1872
Only one process provided, preparing dataloaders for the reduced model.
Number of events in target process: 1872
Only one process provided, preparing dataloaders for the reduced model.
Number of events in target process: 1872
Only one process provided, preparing dataloaders for the reduced model.
Number of events in target process: 1872
Only one process provided, preparing dataloaders for the reduced model.
Number of events in target process: 1872
Only one process provided, preparing dataloaders for the reduced model.
Reduced model ln_yy : 4.20089 nats/sec, 2.01966 nats/event
Reduced model Log loss : 0.00548
Number of events in target process: 1872
Only one process provided, preparing dataloaders for the reduced model.
Number of events in target process: 1872
Only one process provided, preparing dataloaders for the reduced model.
Number of events in target process: 1872
Only one process provided, preparing dataloaders for the reduced model.
Number of events in target process: 1872
Only one process provided, preparing dataloaders for the reduced model.
Reduced model ln_yy : 4.01575 nats/sec, 1.93065 nats/event
Reduced model Log loss : -0.00135
Number of events in target process: 1872
Only one process provided, preparing dataloaders for the reduced model.
Number of events in target process: 1872
Only one process provided, preparing dataloaders for the reduced model.
Reduced model ln_yy : 4.10317 nats/sec, 1.97268 nats/event
Reduced model Log loss : 0.00620
Number of events in target process: 1872
Only one process provided, preparing dataloaders for the reduced model.
Number of events in target process: 1872
Only one process provided, preparing dataloaders for the reduced model.
Number of events in target process: 1872
Only one process provided, preparing dataloaders for the reduced model.
Number of events in target process: 1872
Only one process provided, preparing dataloaders for the reduced model.
Number of events in target process: 1872
Only one process provided, preparing dataloaders for the reduced model.
Number of events in target process: 1872
Only one process provided, preparing dataloaders for the reduced model.
Number of events in target process: 1872
Only one process provided, preparing dataloaders for the reduced model.
Number of events in target process: 1872
Only one process provided, preparing dataloaders for the reduced model.
Reduced model ln_yy : 4.00905 nats/sec, 1.92743 nats/event
Reduced model Log loss : -0.00109
Number of events in target process: 1872
Only one process provided, preparing dataloaders for the reduced model.
Number of events in target process: 1872
Only one process provided, preparing dataloaders for the reduced model.
Reduced model ln_yy : 4.01244 nats/sec, 1.92906 nats/event
Reduced model Log loss : 0.01407
Number of events in target process: 1872
Only one process provided, preparing dataloaders for the reduced model.
Number of events in target process: 1872
Only one process provided, preparing dataloaders for the reduced model.
Number of events in target process: 1872
Only one process provided, preparing dataloaders for the reduced model.
Number of events in target process: 1872
Only one process provided, preparing dataloaders for the reduced model.
Number of events in target process: 1872
Only one process provided, preparing dataloaders for the reduced model.
Number of events in target process: 1872
Only one process provided, preparing dataloaders for the reduced model.
Number of events in target process: 1872
Only one process provided, preparing dataloaders for the reduced model.
Number of events in target process: 1872
Only one process provided, preparing dataloaders for the reduced model.
Reduced model ln_yy : 4.00749 nats/sec, 1.92668 nats/event
Reduced model Log loss : -0.00158
Number of events in target process: 1872
Only one process provided, preparing dataloaders for the reduced model.
Number of events in target process: 1872
Only one process provided, preparing dataloaders for the reduced model.
Reduced model ln_yy : 4.13180 nats/sec, 1.98644 nats/event
Reduced model Log loss : -0.00631
Number of events in target process: 1872
Only one process provided, preparing dataloaders for the reduced model.
Number of events in target process: 1872
Only one process provided, preparing dataloaders for the reduced model.
Reduced model ln_yy : 4.16209 nats/sec, 2.00100 nats/event
Reduced model Log loss : -0.01096
Number of events in target process: 1872
Only one process provided, preparing dataloaders for the reduced model.
Reduced model ln_yy : 4.01089 nats/sec, 1.92831 nats/event
Reduced model Log loss : -0.00445
Number of events in target process: 1872
Only one process provided, preparing dataloaders for the reduced model.
Number of events in target process: 1872
Only one process provided, preparing dataloaders for the reduced model.
Number of events in target process: 1872
Only one process provided, preparing dataloaders for the reduced model.
Best trial:
  Value: -0.010956101639326228
  Params: {'n_layers_yy': 2, 'hidden_size_yy_l0': 6, 'hidden_size_yy_l1': 4, 'context_size_yy': 3, 'num_mix_components_yy': 2, 'context_extractor_yy': 'lstm', 'activation_func_yy': 'Tanh', 'L2_weight_yy': 1.4534924251662164e-07, 'L_entropy_weight_yy': 5.095256867365438e-05, 'L_sep_weight_yy': 1.771931285326037e-07, 'L_scale_weight_yy': 2.174089403941853e-05, 'learning_rate_yy': 0.008079292312455317}
Full best configuration saved to results/opt/opt_reduced_23_best_config.txt
Optimization finished.
[I 2026-03-17 17:12:53,581] Trial 29 pruned. 
[I 2026-03-17 17:12:53,581] Trial 9 pruned. 
[I 2026-03-17 17:12:53,759] Trial 16 pruned. 
[I 2026-03-17 17:12:54,979] Trial 23 pruned. 
[I 2026-03-17 17:12:56,033] Trial 11 pruned. 
[I 2026-03-17 17:12:57,909] Trial 8 pruned. 
[I 2026-03-17 17:12:57,917] Trial 24 pruned. 
[I 2026-03-17 17:12:58,941] Trial 35 finished with value: -0.4377863266888787 and parameters: {'n_layers_yy': 2, 'hidden_size_yy_l0': 5, 'hidden_size_yy_l1': 6, 'context_size_yy': 1, 'num_mix_components_yy': 4, 'context_extractor_yy': 'lstm', 'activation_func_yy': 'GELU', 'L2_weight_yy': 3.976882409375745e-09, 'L_entropy_weight_yy': 3.9411699683259035e-10, 'L_sep_weight_yy': 1.801321106992904e-08, 'L_scale_weight_yy': 8.364503147747257e-10, 'learning_rate_yy': 0.008857746877941271}. Best is trial 35 with value: -0.4377863266888787.
[I 2026-03-17 17:12:59,602] Trial 10 finished with value: -1.9694787288238451 and parameters: {'n_layers_yy': 2, 'hidden_size_yy_l0': 5, 'hidden_size_yy_l1': 6, 'context_size_yy': 2, 'num_mix_components_yy': 4, 'context_extractor_yy': 'lstm', 'activation_func_yy': 'Tanh', 'L2_weight_yy': 8.781868581445029e-06, 'L_entropy_weight_yy': 1.1074087128459671e-10, 'L_sep_weight_yy': 1.024007240655122e-10, 'L_scale_weight_yy': 1.295164326028413e-08, 'learning_rate_yy': 0.004075086427475739}. Best is trial 1 with value: -1.9741431522447364.
[I 2026-03-17 17:13:00,029] Trial 30 pruned. 
[I 2026-03-17 17:13:02,050] Trial 6 finished with value: -2.3735855196151263 and parameters: {'n_layers_yy': 1, 'hidden_size_yy_l0': 5, 'context_size_yy': 1, 'num_mix_components_yy': 2, 'context_extractor_yy': 'lstm', 'activation_func_yy': 'Tanh', 'L2_weight_yy': 1.7635315860782141e-09, 'L_entropy_weight_yy': 5.258531599386802e-06, 'L_sep_weight_yy': 6.781164842136726e-09, 'L_scale_weight_yy': 0.00010902700719135698, 'learning_rate_yy': 0.001106792639817646}. Best is trial 6 with value: -2.3735855196151263.
[I 2026-03-17 17:13:02,281] Trial 10 pruned. 
[I 2026-03-17 17:13:02,708] Trial 31 pruned. 
[I 2026-03-17 17:13:03,248] Trial 25 pruned. 
[I 2026-03-17 17:13:05,488] Trial 26 pruned. 
[I 2026-03-17 17:13:05,535] Trial 32 pruned. 
[I 2026-03-17 17:13:07,622] Trial 11 pruned. 
[I 2026-03-17 17:13:07,856] Trial 27 pruned. 
[I 2026-03-17 17:13:08,288] Trial 15 pruned. 
[I 2026-03-17 17:13:10,047] Trial 28 pruned. 
[I 2026-03-17 17:13:10,578] Trial 15 pruned. 
[I 2026-03-17 17:13:12,093] Trial 7 pruned. 
[I 2026-03-17 17:13:13,936] Trial 36 finished with value: -0.3896618775169916 and parameters: {'n_layers_yy': 2, 'hidden_size_yy_l0': 6, 'hidden_size_yy_l1': 4, 'context_size_yy': 1, 'num_mix_components_yy': 5, 'context_extractor_yy': 'lstm', 'activation_func_yy': 'Tanh', 'L2_weight_yy': 6.809440541904202e-09, 'L_entropy_weight_yy': 2.475394363013063e-10, 'L_sep_weight_yy': 2.3913405950519373e-08, 'L_scale_weight_yy': 6.53485284558152e-10, 'learning_rate_yy': 0.008891742121615585}. Best is trial 35 with value: -0.4377863266888787.
[I 2026-03-17 17:13:15,025] Trial 29 pruned. 
[I 2026-03-17 17:13:15,101] Trial 11 finished with value: -1.6700141565287996 and parameters: {'n_layers_yy': 2, 'hidden_size_yy_l0': 2, 'hidden_size_yy_l1': 6, 'context_size_yy': 1, 'num_mix_components_yy': 5, 'context_extractor_yy': 'gru', 'activation_func_yy': 'GELU', 'L2_weight_yy': 8.252776427189769e-06, 'L_entropy_weight_yy': 0.0009930123960547946, 'L_sep_weight_yy': 1.1656785235543107e-10, 'L_scale_weight_yy': 3.835773163023319e-09, 'learning_rate_yy': 0.0096568391702986}. Best is trial 10 with value: -1.6702043966563191.
[I 2026-03-17 17:13:15,216] Trial 12 pruned. 
[I 2026-03-17 17:13:16,585] Trial 8 pruned. 
[I 2026-03-17 17:13:17,072] Trial 30 pruned. 
[I 2026-03-17 17:13:17,421] Trial 16 pruned. 
[I 2026-03-17 17:13:17,439] Trial 9 pruned. 
[I 2026-03-17 17:13:18,717] Trial 38 finished with value: -0.5786783042603378 and parameters: {'n_layers_yy': 1, 'hidden_size_yy_l0': 3, 'context_size_yy': 4, 'num_mix_components_yy': 4, 'context_extractor_yy': 'gru', 'activation_func_yy': 'Tanh', 'L2_weight_yy': 5.027860926730499e-09, 'L_entropy_weight_yy': 3.589488892564962e-05, 'L_sep_weight_yy': 1.0838951069317844e-08, 'L_scale_weight_yy': 1.7951929485099835e-06, 'learning_rate_yy': 0.004327700928077778}. Best is trial 23 with value: -0.579728663049669.
[I 2026-03-17 17:13:19,244] Trial 3 finished with value: -2.471746916631555 and parameters: {'n_layers_yy': 1, 'hidden_size_yy_l0': 6, 'context_size_yy': 4, 'num_mix_components_yy': 3, 'context_extractor_yy': 'lstm', 'activation_func_yy': 'ReLU', 'L2_weight_yy': 3.769088558884707e-08, 'L_entropy_weight_yy': 4.400146553814736e-08, 'L_sep_weight_yy': 2.721573699464115e-05, 'L_scale_weight_yy': 3.1488232759015205e-06, 'learning_rate_yy': 0.002994456274869783}. Best is trial 2 with value: -2.489143682537181.
[I 2026-03-17 17:13:20,902] Trial 8 finished with value: -1.9790622237949804 and parameters: {'n_layers_yy': 1, 'hidden_size_yy_l0': 4, 'context_size_yy': 1, 'num_mix_components_yy': 5, 'context_extractor_yy': 'lstm', 'activation_func_yy': 'ReLU', 'L2_weight_yy': 2.5312737741257046e-10, 'L_entropy_weight_yy': 1.209244965930572e-10, 'L_sep_weight_yy': 0.00014015772863669383, 'L_scale_weight_yy': 7.352907967064731e-10, 'learning_rate_yy': 0.003357357099893932}. Best is trial 7 with value: -1.9830532325011814.
[I 2026-03-17 17:13:21,817] Trial 17 pruned. 
[I 2026-03-17 17:13:22,052] Trial 12 pruned. 
[I 2026-03-17 17:13:22,764] Trial 12 finished with value: -1.6750823959944512 and parameters: {'n_layers_yy': 1, 'hidden_size_yy_l0': 6, 'context_size_yy': 4, 'num_mix_components_yy': 4, 'context_extractor_yy': 'gru', 'activation_func_yy': 'GELU', 'L2_weight_yy': 4.170537008381393e-06, 'L_entropy_weight_yy': 2.0564179536172216e-06, 'L_sep_weight_yy': 1.4779859880779023e-08, 'L_scale_weight_yy': 1.5223803220397306e-10, 'learning_rate_yy': 0.009413999506563768}. Best is trial 2 with value: -1.677622742403132.
[I 2026-03-17 17:13:24,740] Trial 4 pruned. 
[I 2026-03-17 17:13:24,949] Trial 11 pruned. 
[I 2026-03-17 17:13:25,422] Trial 18 pruned. 
[I 2026-03-17 17:13:25,466] Trial 37 pruned. 
[I 2026-03-17 17:13:25,653] Trial 13 pruned. 
[I 2026-03-17 17:13:25,892] Trial 10 pruned. 
[I 2026-03-17 17:13:28,657] Trial 14 pruned. 
[I 2026-03-17 17:13:28,771] Trial 13 pruned. 
[I 2026-03-17 17:13:34,076] Trial 11 pruned. 
[I 2026-03-17 17:13:34,078] Trial 39 pruned. 
[I 2026-03-17 17:13:34,189] Trial 17 finished with value: -2.81323174749621 and parameters: {'n_layers_yy': 1, 'hidden_size_yy_l0': 5, 'context_size_yy': 4, 'num_mix_components_yy': 2, 'context_extractor_yy': 'lstm', 'activation_func_yy': 'Tanh', 'L2_weight_yy': 5.319114184792766e-08, 'L_entropy_weight_yy': 2.0650108534643917e-07, 'L_sep_weight_yy': 1.0155892198453938e-05, 'L_scale_weight_yy': 4.5126904313771214e-09, 'learning_rate_yy': 0.009136672899606558}. Best is trial 11 with value: -2.8352269528025382.
[I 2026-03-17 17:13:36,058] Trial 15 pruned. 
[I 2026-03-17 17:13:36,500] Trial 14 pruned. 
[I 2026-03-17 17:13:37,041] Trial 40 pruned. 
[I 2026-03-17 17:13:39,675] Trial 31 finished with value: -0.8139819732620938 and parameters: {'n_layers_yy': 2, 'hidden_size_yy_l0': 5, 'hidden_size_yy_l1': 4, 'context_size_yy': 2, 'num_mix_components_yy': 3, 'context_extractor_yy': 'gru', 'activation_func_yy': 'Tanh', 'L2_weight_yy': 0.0001717417613434184, 'L_entropy_weight_yy': 2.3851813195471e-10, 'L_sep_weight_yy': 1.373441281529023e-07, 'L_scale_weight_yy': 2.704991269925219e-05, 'learning_rate_yy': 0.004063860652124925}. Best is trial 2 with value: -0.833493141163047.
[I 2026-03-17 17:13:39,858] Trial 15 pruned. 
[I 2026-03-17 17:13:41,168] Trial 33 pruned. 
[I 2026-03-17 17:13:41,459] Trial 38 finished with value: -0.44168936431223393 and parameters: {'n_layers_yy': 1, 'hidden_size_yy_l0': 5, 'context_size_yy': 2, 'num_mix_components_yy': 4, 'context_extractor_yy': 'lstm', 'activation_func_yy': 'ReLU', 'L2_weight_yy': 2.9563319996466178e-09, 'L_entropy_weight_yy': 1.4193155001933035e-09, 'L_sep_weight_yy': 2.5020061854267077e-09, 'L_scale_weight_yy': 1.1128681969701439e-09, 'learning_rate_yy': 0.009827079297374624}. Best is trial 38 with value: -0.44168936431223393.
[I 2026-03-17 17:13:41,922] Trial 12 pruned. 
[I 2026-03-17 17:13:42,631] Trial 16 pruned. 
[I 2026-03-17 17:13:42,649] Trial 18 pruned. 
[I 2026-03-17 17:13:46,141] Trial 34 pruned. 
[I 2026-03-17 17:13:46,900] Trial 16 pruned. 
[I 2026-03-17 17:13:46,967] Trial 16 pruned. 
[I 2026-03-17 17:13:49,460] Trial 13 pruned. 
[I 2026-03-17 17:13:50,665] Trial 17 pruned. 
[I 2026-03-17 17:13:50,669] Trial 18 finished with value: -1.612707132993281 and parameters: {'n_layers_yy': 2, 'hidden_size_yy_l0': 2, 'hidden_size_yy_l1': 5, 'context_size_yy': 3, 'num_mix_components_yy': 4, 'context_extractor_yy': 'lstm', 'activation_func_yy': 'Tanh', 'L2_weight_yy': 8.267104772983229e-05, 'L_entropy_weight_yy': 1.7786953672385547e-08, 'L_sep_weight_yy': 9.879517076135635e-07, 'L_scale_weight_yy': 2.3056858805228016e-07, 'learning_rate_yy': 0.002887789536321327}. Best is trial 12 with value: -1.6131555846140806.
[I 2026-03-17 17:13:50,782] Trial 19 pruned. 
[I 2026-03-17 17:13:50,924] Trial 8 finished with value: -1.8495463095682823 and parameters: {'n_layers_yy': 2, 'hidden_size_yy_l0': 5, 'hidden_size_yy_l1': 6, 'context_size_yy': 1, 'num_mix_components_yy': 3, 'context_extractor_yy': 'lstm', 'activation_func_yy': 'ReLU', 'L2_weight_yy': 8.534753653196373e-10, 'L_entropy_weight_yy': 3.3394336561714666e-08, 'L_sep_weight_yy': 1.4841968190539076e-06, 'L_scale_weight_yy': 8.476194317014186e-05, 'learning_rate_yy': 0.0012727774283541038}. Best is trial 6 with value: -1.8554804452326426.
[I 2026-03-17 17:13:52,847] Trial 41 pruned. 
[I 2026-03-17 17:13:52,863] Trial 32 pruned. 
[I 2026-03-17 17:13:53,445] Trial 18 pruned. 
[I 2026-03-17 17:13:54,048] Trial 39 pruned. 
[I 2026-03-17 17:13:54,112] Trial 13 finished with value: -1.899952738747668 and parameters: {'n_layers_yy': 1, 'hidden_size_yy_l0': 5, 'context_size_yy': 3, 'num_mix_components_yy': 4, 'context_extractor_yy': 'gru', 'activation_func_yy': 'Tanh', 'L2_weight_yy': 3.0473491533945895e-05, 'L_entropy_weight_yy': 0.0008072680298634394, 'L_sep_weight_yy': 1.1685455529056838e-06, 'L_scale_weight_yy': 1.39085006428795e-09, 'learning_rate_yy': 0.0021421911168300442}. Best is trial 4 with value: -1.9076621166627798.
[I 2026-03-17 17:13:54,607] Trial 16 finished with value: -1.2319929225167152 and parameters: {'n_layers_yy': 2, 'hidden_size_yy_l0': 3, 'hidden_size_yy_l1': 5, 'context_size_yy': 1, 'num_mix_components_yy': 3, 'context_extractor_yy': 'lstm', 'activation_func_yy': 'Tanh', 'L2_weight_yy': 5.097169445628341e-08, 'L_entropy_weight_yy': 7.082531325824802e-08, 'L_sep_weight_yy': 3.0840439276960757e-09, 'L_scale_weight_yy': 6.826533977693552e-05, 'learning_rate_yy': 0.001533459096540878}. Best is trial 9 with value: -1.2718806099318753.
[I 2026-03-17 17:13:57,409] Trial 33 pruned. 
[I 2026-03-17 17:13:57,889] Trial 14 pruned. 
[I 2026-03-17 17:13:58,018] Trial 19 pruned. 
[I 2026-03-17 17:13:58,158] Trial 17 pruned. 
[I 2026-03-17 17:13:58,579] Trial 42 pruned. 
[I 2026-03-17 17:13:58,904] Trial 35 pruned. 
[I 2026-03-17 17:13:59,024] Trial 40 pruned. 
[I 2026-03-17 17:13:59,387] Trial 9 pruned. 
[I 2026-03-17 17:13:59,457] Trial 17 pruned. 
[I 2026-03-17 17:14:01,188] Trial 20 pruned. 
[I 2026-03-17 17:14:01,587] Trial 36 pruned. 
[I 2026-03-17 17:14:02,582] Trial 34 pruned. 
[I 2026-03-17 17:14:03,847] Trial 41 pruned. 
[I 2026-03-17 17:14:04,149] Trial 37 pruned. 
[I 2026-03-17 17:14:05,810] Trial 3 finished with value: -2.757216847916007 and parameters: {'n_layers_yy': 1, 'hidden_size_yy_l0': 4, 'context_size_yy': 1, 'num_mix_components_yy': 2, 'context_extractor_yy': 'lstm', 'activation_func_yy': 'GELU', 'L2_weight_yy': 2.815776901178427e-10, 'L_entropy_weight_yy': 0.0002388673170043776, 'L_sep_weight_yy': 2.980230352638982e-08, 'L_scale_weight_yy': 9.288573664652663e-06, 'learning_rate_yy': 0.0020793010223990153}. Best is trial 3 with value: -2.757216847916007.
[I 2026-03-17 17:14:07,224] Trial 5 finished with value: -1.7798809629498107 and parameters: {'n_layers_yy': 1, 'hidden_size_yy_l0': 5, 'context_size_yy': 4, 'num_mix_components_yy': 3, 'context_extractor_yy': 'gru', 'activation_func_yy': 'Tanh', 'L2_weight_yy': 1.335652344331262e-07, 'L_entropy_weight_yy': 1.5429430020187893e-09, 'L_sep_weight_yy': 6.299150404472051e-06, 'L_scale_weight_yy': 5.859323465064344e-06, 'learning_rate_yy': 0.0021815163034050442}. Best is trial 4 with value: -1.7828340534248737.
[I 2026-03-17 17:14:08,778] Trial 14 pruned. 
[I 2026-03-17 17:14:08,880] Trial 21 pruned. 
[I 2026-03-17 17:14:09,286] Trial 38 pruned. 
[I 2026-03-17 17:14:12,410] Trial 6 pruned. 
[I 2026-03-17 17:14:12,596] Trial 18 pruned. 
[I 2026-03-17 17:14:12,762] Trial 19 pruned. 
[I 2026-03-17 17:14:14,250] Trial 39 pruned. 
[I 2026-03-17 17:14:14,712] Trial 35 pruned. 
[I 2026-03-17 17:14:15,677] Trial 42 pruned. 
[I 2026-03-17 17:14:16,483] Trial 15 pruned. 
[I 2026-03-17 17:14:16,584] Trial 40 pruned. 
[I 2026-03-17 17:14:17,002] Trial 22 pruned. 
[I 2026-03-17 17:14:17,908] Trial 9 finished with value: -1.9453853114717516 and parameters: {'n_layers_yy': 1, 'hidden_size_yy_l0': 3, 'context_size_yy': 1, 'num_mix_components_yy': 3, 'context_extractor_yy': 'lstm', 'activation_func_yy': 'GELU', 'L2_weight_yy': 0.0001343760432093513, 'L_entropy_weight_yy': 2.1616422826372166e-10, 'L_sep_weight_yy': 1.0115956270650162e-09, 'L_scale_weight_yy': 7.806842551686e-06, 'learning_rate_yy': 0.00857063087364654}. Best is trial 7 with value: -1.9830532325011814.
[I 2026-03-17 17:14:19,404] Trial 3 finished with value: -2.472986334259618 and parameters: {'n_layers_yy': 1, 'hidden_size_yy_l0': 6, 'context_size_yy': 3, 'num_mix_components_yy': 2, 'context_extractor_yy': 'lstm', 'activation_func_yy': 'GELU', 'L2_weight_yy': 0.0007635313436566471, 'L_entropy_weight_yy': 1.6851925556327146e-05, 'L_sep_weight_yy': 1.510631014864911e-07, 'L_scale_weight_yy': 2.2157180460501298e-10, 'learning_rate_yy': 0.0013634416674602797}. Best is trial 2 with value: -2.476197165819489.
[I 2026-03-17 17:14:19,917] Trial 36 pruned. 
[I 2026-03-17 17:14:20,566] Trial 23 pruned. 
[I 2026-03-17 17:14:21,162] Trial 3 finished with value: -2.804861466675104 and parameters: {'n_layers_yy': 1, 'hidden_size_yy_l0': 6, 'context_size_yy': 2, 'num_mix_components_yy': 3, 'context_extractor_yy': 'lstm', 'activation_func_yy': 'ReLU', 'L2_weight_yy': 7.1913627840521586e-06, 'L_entropy_weight_yy': 1.5189211952764382e-07, 'L_sep_weight_yy': 1.9808433394050615e-05, 'L_scale_weight_yy': 4.3914458367999345e-05, 'learning_rate_yy': 0.009418450370664884}. Best is trial 3 with value: -2.804861466675104.
[I 2026-03-17 17:14:21,425] Trial 41 pruned. 
[I 2026-03-17 17:14:24,210] Trial 42 pruned. 
[I 2026-03-17 17:14:24,229] Trial 24 pruned. 
[I 2026-03-17 17:14:24,587] Trial 16 pruned. 
[I 2026-03-17 17:14:25,042] Trial 37 pruned. 
[I 2026-03-17 17:14:26,740] Trial 4 pruned. 
[I 2026-03-17 17:14:27,477] Trial 38 pruned. 
[I 2026-03-17 17:14:27,749] Trial 15 finished with value: -1.8966549819263059 and parameters: {'n_layers_yy': 1, 'hidden_size_yy_l0': 5, 'context_size_yy': 4, 'num_mix_components_yy': 3, 'context_extractor_yy': 'gru', 'activation_func_yy': 'ReLU', 'L2_weight_yy': 0.0001080170758925104, 'L_entropy_weight_yy': 2.890262396469308e-10, 'L_sep_weight_yy': 8.038381726733293e-09, 'L_scale_weight_yy': 1.7920240811850247e-08, 'learning_rate_yy': 0.0027242865554248682}. Best is trial 4 with value: -1.9076621166627798.
[I 2026-03-17 17:14:28,252] Trial 43 pruned. 
[I 2026-03-17 17:14:28,939] Trial 3 finished with value: -2.285074849869951 and parameters: {'n_layers_yy': 2, 'hidden_size_yy_l0': 4, 'hidden_size_yy_l1': 4, 'context_size_yy': 3, 'num_mix_components_yy': 1, 'context_extractor_yy': 'lstm', 'activation_func_yy': 'ReLU', 'L2_weight_yy': 1.6312147863030647e-07, 'L_entropy_weight_yy': 4.1732650120685793e-10, 'L_sep_weight_yy': 6.409840448778303e-09, 'L_scale_weight_yy': 3.119784940336959e-08, 'learning_rate_yy': 0.0017012481045204913}. Best is trial 0 with value: -2.289111866011322.
[I 2026-03-17 17:14:30,472] Trial 39 pruned. 
[I 2026-03-17 17:14:30,926] Trial 13 finished with value: -1.9713707937145466 and parameters: {'n_layers_yy': 2, 'hidden_size_yy_l0': 6, 'hidden_size_yy_l1': 4, 'context_size_yy': 3, 'num_mix_components_yy': 3, 'context_extractor_yy': 'lstm', 'activation_func_yy': 'Tanh', 'L2_weight_yy': 1.0439041710128913e-06, 'L_entropy_weight_yy': 2.6743300310061332e-05, 'L_sep_weight_yy': 2.183717891371831e-09, 'L_scale_weight_yy': 1.2754794190758987e-07, 'learning_rate_yy': 0.0011445924156433306}. Best is trial 1 with value: -1.9741431522447364.
[I 2026-03-17 17:14:31,436] Trial 43 finished with value: -0.5819698790244584 and parameters: {'n_layers_yy': 1, 'hidden_size_yy_l0': 4, 'context_size_yy': 4, 'num_mix_components_yy': 3, 'context_extractor_yy': 'gru', 'activation_func_yy': 'Tanh', 'L2_weight_yy': 3.987208829466203e-09, 'L_entropy_weight_yy': 0.00012122421505187596, 'L_sep_weight_yy': 1.0989883823247263e-07, 'L_scale_weight_yy': 2.323188075836104e-10, 'learning_rate_yy': 0.006605292316292198}. Best is trial 43 with value: -0.5819698790244584.
[I 2026-03-17 17:14:31,550] Trial 16 pruned. 
[I 2026-03-17 17:14:32,707] Trial 40 pruned. 
[I 2026-03-17 17:14:32,816] Trial 44 pruned. 
[I 2026-03-17 17:14:34,047] Trial 44 pruned. 
[I 2026-03-17 17:14:34,121] Trial 14 pruned. 
[I 2026-03-17 17:14:36,621] Trial 43 pruned. 
[I 2026-03-17 17:14:36,765] Trial 45 pruned. 
[I 2026-03-17 17:14:37,020] Trial 7 finished with value: -1.6979041554531955 and parameters: {'n_layers_yy': 2, 'hidden_size_yy_l0': 6, 'hidden_size_yy_l1': 3, 'context_size_yy': 1, 'num_mix_components_yy': 5, 'context_extractor_yy': 'gru', 'activation_func_yy': 'GELU', 'L2_weight_yy': 1.4066303674003404e-05, 'L_entropy_weight_yy': 2.862471704770993e-07, 'L_sep_weight_yy': 6.349430488983304e-08, 'L_scale_weight_yy': 7.613861629226897e-08, 'learning_rate_yy': 0.0017268605252937907}. Best is trial 3 with value: -1.702986696445342.
[I 2026-03-17 17:14:37,021] Trial 4 finished with value: -2.7295484335499185 and parameters: {'n_layers_yy': 2, 'hidden_size_yy_l0': 5, 'hidden_size_yy_l1': 5, 'context_size_yy': 4, 'num_mix_components_yy': 5, 'context_extractor_yy': 'lstm', 'activation_func_yy': 'ReLU', 'L2_weight_yy': 0.0002101327278108392, 'L_entropy_weight_yy': 4.501857839925295e-08, 'L_sep_weight_yy': 9.031776081300254e-10, 'L_scale_weight_yy': 1.878673079057408e-10, 'learning_rate_yy': 0.005585558395309203}. Best is trial 3 with value: -2.757216847916007.
[I 2026-03-17 17:14:37,374] Trial 41 pruned. 
[I 2026-03-17 17:14:38,495] Trial 15 pruned. 
[I 2026-03-17 17:14:38,822] Trial 44 pruned. 
[I 2026-03-17 17:14:39,988] Trial 9 finished with value: -2.373689101517566 and parameters: {'n_layers_yy': 2, 'hidden_size_yy_l0': 6, 'hidden_size_yy_l1': 5, 'context_size_yy': 2, 'num_mix_components_yy': 2, 'context_extractor_yy': 'gru', 'activation_func_yy': 'ReLU', 'L2_weight_yy': 6.935367402382412e-08, 'L_entropy_weight_yy': 1.90671891224352e-07, 'L_sep_weight_yy': 6.815719947803095e-05, 'L_scale_weight_yy': 2.2859280840680115e-10, 'learning_rate_yy': 0.005624439185624703}. Best is trial 9 with value: -2.373689101517566.
[I 2026-03-17 17:14:40,913] Trial 8 pruned. 
[I 2026-03-17 17:14:41,716] Trial 16 pruned. 
[I 2026-03-17 17:14:42,132] Trial 19 finished with value: -2.810408216519558 and parameters: {'n_layers_yy': 1, 'hidden_size_yy_l0': 4, 'context_size_yy': 4, 'num_mix_components_yy': 5, 'context_extractor_yy': 'lstm', 'activation_func_yy': 'GELU', 'L2_weight_yy': 0.000103535802441903, 'L_entropy_weight_yy': 1.8699358929072913e-07, 'L_sep_weight_yy': 8.845268467821299e-08, 'L_scale_weight_yy': 3.317661054226036e-07, 'learning_rate_yy': 0.005767103830897805}. Best is trial 11 with value: -2.8352269528025382.
[I 2026-03-17 17:14:43,807] Trial 25 pruned. 
[I 2026-03-17 17:14:44,506] Trial 10 pruned. 
[I 2026-03-17 17:14:46,168] Trial 17 pruned. 
[I 2026-03-17 17:14:46,857] Trial 26 pruned. 
[I 2026-03-17 17:14:48,376] Trial 20 finished with value: -1.796459767386977 and parameters: {'n_layers_yy': 2, 'hidden_size_yy_l0': 3, 'hidden_size_yy_l1': 3, 'context_size_yy': 2, 'num_mix_components_yy': 4, 'context_extractor_yy': 'gru', 'activation_func_yy': 'Tanh', 'L2_weight_yy': 6.280817240457497e-09, 'L_entropy_weight_yy': 5.695127085066939e-08, 'L_sep_weight_yy': 5.479233870593088e-10, 'L_scale_weight_yy': 0.00010041147163074544, 'learning_rate_yy': 0.0069712375796472615}. Best is trial 2 with value: -1.824331576606496.
[I 2026-03-17 17:14:48,576] Trial 11 pruned. 
[I 2026-03-17 17:14:48,761] Trial 19 pruned. 
[I 2026-03-17 17:14:49,481] Trial 10 finished with value: -1.8554935362796692 and parameters: {'n_layers_yy': 1, 'hidden_size_yy_l0': 6, 'context_size_yy': 4, 'num_mix_components_yy': 1, 'context_extractor_yy': 'lstm', 'activation_func_yy': 'Tanh', 'L2_weight_yy': 0.0002081040498734622, 'L_entropy_weight_yy': 0.00040755520048121375, 'L_sep_weight_yy': 1.0286525129244934e-10, 'L_scale_weight_yy': 3.9377147577509877e-10, 'learning_rate_yy': 0.009317540807220786}. Best is trial 10 with value: -1.8554935362796692.
[I 2026-03-17 17:14:50,192] Trial 42 pruned. 
[I 2026-03-17 17:14:50,241] Trial 17 pruned. 
[I 2026-03-17 17:14:51,730] Trial 20 pruned. 
[I 2026-03-17 17:14:52,099] Trial 45 pruned. 
[I 2026-03-17 17:14:53,839] Trial 17 finished with value: -1.6711897239648343 and parameters: {'n_layers_yy': 2, 'hidden_size_yy_l0': 2, 'hidden_size_yy_l1': 5, 'context_size_yy': 3, 'num_mix_components_yy': 3, 'context_extractor_yy': 'gru', 'activation_func_yy': 'GELU', 'L2_weight_yy': 6.857621869264529e-07, 'L_entropy_weight_yy': 2.3145313531950588e-05, 'L_sep_weight_yy': 7.747489761512134e-09, 'L_scale_weight_yy': 3.387568845649874e-08, 'learning_rate_yy': 0.007025151354618229}. Best is trial 17 with value: -1.6711897239648343.
[I 2026-03-17 17:14:54,021] Trial 20 pruned. 
[I 2026-03-17 17:14:54,181] Trial 18 pruned. 
[I 2026-03-17 17:14:56,921] Trial 45 finished with value: -0.4079706528607537 and parameters: {'n_layers_yy': 1, 'hidden_size_yy_l0': 5, 'context_size_yy': 2, 'num_mix_components_yy': 5, 'context_extractor_yy': 'lstm', 'activation_func_yy': 'Tanh', 'L2_weight_yy': 8.069916046080552e-08, 'L_entropy_weight_yy': 5.068114280736774e-09, 'L_sep_weight_yy': 1.5999374405783022e-07, 'L_scale_weight_yy': 1.276322618184153e-09, 'learning_rate_yy': 0.005338477874751055}. Best is trial 38 with value: -0.44168936431223393.
[I 2026-03-17 17:14:57,360] Trial 4 pruned. 
[I 2026-03-17 17:14:57,509] Trial 18 pruned. 
[I 2026-03-17 17:14:58,419] Trial 21 pruned. 
[I 2026-03-17 17:15:01,277] Trial 19 pruned. 
[I 2026-03-17 17:15:02,797] Trial 9 finished with value: -2.9754424140841684 and parameters: {'n_layers_yy': 2, 'hidden_size_yy_l0': 6, 'hidden_size_yy_l1': 3, 'context_size_yy': 4, 'num_mix_components_yy': 5, 'context_extractor_yy': 'gru', 'activation_func_yy': 'Tanh', 'L2_weight_yy': 8.789780667177671e-06, 'L_entropy_weight_yy': 6.227979304441126e-08, 'L_sep_weight_yy': 1.1228874168969943e-07, 'L_scale_weight_yy': 1.159101240238555e-07, 'learning_rate_yy': 0.0056707017823368865}. Best is trial 9 with value: -2.9754424140841684.
[I 2026-03-17 17:15:03,214] Trial 19 pruned. 
[I 2026-03-17 17:15:04,260] Trial 18 finished with value: -1.2611008677597186 and parameters: {'n_layers_yy': 2, 'hidden_size_yy_l0': 5, 'hidden_size_yy_l1': 3, 'context_size_yy': 1, 'num_mix_components_yy': 2, 'context_extractor_yy': 'gru', 'activation_func_yy': 'Tanh', 'L2_weight_yy': 1.07013358764683e-09, 'L_entropy_weight_yy': 1.358725812145279e-07, 'L_sep_weight_yy': 3.9558005302757105e-08, 'L_scale_weight_yy': 1.2142930487326752e-08, 'learning_rate_yy': 0.005487578116459921}. Best is trial 9 with value: -1.2718806099318753.
[I 2026-03-17 17:15:05,309] Trial 5 pruned. 
[I 2026-03-17 17:15:07,077] Trial 9 pruned. 
[I 2026-03-17 17:15:08,344] Trial 22 pruned. 
[I 2026-03-17 17:15:08,944] Trial 46 pruned. 
[I 2026-03-17 17:15:09,245] Trial 12 finished with value: -3.1467977435352683 and parameters: {'n_layers_yy': 1, 'hidden_size_yy_l0': 4, 'context_size_yy': 2, 'num_mix_components_yy': 5, 'context_extractor_yy': 'gru', 'activation_func_yy': 'ReLU', 'L2_weight_yy': 3.7137603593085404e-06, 'L_entropy_weight_yy': 3.4087794834255837e-09, 'L_sep_weight_yy': 1.2970132055734275e-06, 'L_scale_weight_yy': 2.1758701942647403e-08, 'learning_rate_yy': 0.009347958958812224}. Best is trial 12 with value: -3.1467977435352683.
[I 2026-03-17 17:15:09,945] Trial 20 pruned. 
[I 2026-03-17 17:15:10,282] Trial 5 pruned. 
[I 2026-03-17 17:15:11,404] Trial 46 finished with value: -0.5774500032238652 and parameters: {'n_layers_yy': 1, 'hidden_size_yy_l0': 3, 'context_size_yy': 4, 'num_mix_components_yy': 3, 'context_extractor_yy': 'gru', 'activation_func_yy': 'Tanh', 'L2_weight_yy': 7.937383996788246e-07, 'L_entropy_weight_yy': 9.285182327303133e-05, 'L_sep_weight_yy': 2.128708077214567e-08, 'L_scale_weight_yy': 1.3181219999321104e-09, 'learning_rate_yy': 0.006469520334475692}. Best is trial 43 with value: -0.5819698790244584.
[I 2026-03-17 17:15:12,119] Trial 18 pruned. 
[I 2026-03-17 17:15:13,272] Trial 21 pruned. 
[I 2026-03-17 17:15:13,429] Trial 3 finished with value: -3.248812548828125 and parameters: {'n_layers_yy': 1, 'hidden_size_yy_l0': 6, 'context_size_yy': 2, 'num_mix_components_yy': 5, 'context_extractor_yy': 'gru', 'activation_func_yy': 'GELU', 'L2_weight_yy': 1.8824462034518758e-10, 'L_entropy_weight_yy': 4.3097582367083507e-10, 'L_sep_weight_yy': 0.0003681268567773277, 'L_scale_weight_yy': 0.0007051137741951086, 'learning_rate_yy': 0.0026263882658393717}. Best is trial 3 with value: -3.248812548828125.
[I 2026-03-17 17:15:13,609] Trial 47 pruned. 
[I 2026-03-17 17:15:15,276] Trial 6 pruned. 
[I 2026-03-17 17:15:15,455] Trial 46 finished with value: -1.4428230403019833 and parameters: {'n_layers_yy': 2, 'hidden_size_yy_l0': 3, 'hidden_size_yy_l1': 3, 'context_size_yy': 4, 'num_mix_components_yy': 4, 'context_extractor_yy': 'lstm', 'activation_func_yy': 'ReLU', 'L2_weight_yy': 5.726463649991929e-09, 'L_entropy_weight_yy': 5.62563453457083e-08, 'L_sep_weight_yy': 3.9830347656073715e-09, 'L_scale_weight_yy': 1.0885646260284958e-08, 'learning_rate_yy': 0.00782074474432685}. Best is trial 1 with value: -1.4537486853966346.
[I 2026-03-17 17:15:16,341] Trial 12 pruned. 
[I 2026-03-17 17:15:17,381] Trial 47 pruned. 
[I 2026-03-17 17:15:17,794] Trial 10 pruned. 
[I 2026-03-17 17:15:20,264] Trial 48 pruned. 
[I 2026-03-17 17:15:20,281] Trial 4 pruned. 
[I 2026-03-17 17:15:20,616] Trial 19 pruned. 
[I 2026-03-17 17:15:20,684] Trial 7 pruned. 
[I 2026-03-17 17:15:21,014] Trial 20 finished with value: -1.6749326640857292 and parameters: {'n_layers_yy': 1, 'hidden_size_yy_l0': 6, 'context_size_yy': 4, 'num_mix_components_yy': 1, 'context_extractor_yy': 'lstm', 'activation_func_yy': 'GELU', 'L2_weight_yy': 5.574495915824911e-07, 'L_entropy_weight_yy': 8.815123949016476e-06, 'L_sep_weight_yy': 1.081743115775403e-10, 'L_scale_weight_yy': 8.439044172884714e-08, 'learning_rate_yy': 0.002752568742757789}. Best is trial 2 with value: -1.677622742403132.
[I 2026-03-17 17:15:21,433] Trial 22 pruned. 
[I 2026-03-17 17:15:22,106] Trial 17 finished with value: -1.8988120918843283 and parameters: {'n_layers_yy': 1, 'hidden_size_yy_l0': 4, 'context_size_yy': 4, 'num_mix_components_yy': 4, 'context_extractor_yy': 'gru', 'activation_func_yy': 'Tanh', 'L2_weight_yy': 0.00013267697852980035, 'L_entropy_weight_yy': 2.4902485259198986e-07, 'L_sep_weight_yy': 0.0008548814634402227, 'L_scale_weight_yy': 4.946086274240895e-08, 'learning_rate_yy': 0.0017377254978470581}. Best is trial 4 with value: -1.9076621166627798.
[I 2026-03-17 17:15:23,956] Trial 43 finished with value: -0.8305945347119645 and parameters: {'n_layers_yy': 1, 'hidden_size_yy_l0': 5, 'context_size_yy': 2, 'num_mix_components_yy': 2, 'context_extractor_yy': 'lstm', 'activation_func_yy': 'ReLU', 'L2_weight_yy': 3.700087610270681e-08, 'L_entropy_weight_yy': 5.330525908867448e-08, 'L_sep_weight_yy': 8.371743204331711e-07, 'L_scale_weight_yy': 1.3623706980620458e-09, 'learning_rate_yy': 0.008945100659497445}. Best is trial 2 with value: -0.833493141163047.
[I 2026-03-17 17:15:24,015] Trial 20 pruned. 
[I 2026-03-17 17:15:25,275] Trial 23 pruned. 
[I 2026-03-17 17:15:25,823] Trial 8 pruned. 
[I 2026-03-17 17:15:25,939] Trial 10 finished with value: -2.3489780387020307 and parameters: {'n_layers_yy': 2, 'hidden_size_yy_l0': 6, 'hidden_size_yy_l1': 2, 'context_size_yy': 4, 'num_mix_components_yy': 1, 'context_extractor_yy': 'gru', 'activation_func_yy': 'ReLU', 'L2_weight_yy': 6.110772593619778e-08, 'L_entropy_weight_yy': 0.0005734196748801759, 'L_sep_weight_yy': 6.218295872671642e-06, 'L_scale_weight_yy': 4.438698534859929e-09, 'learning_rate_yy': 0.007605276458114579}. Best is trial 9 with value: -2.373689101517566.
[I 2026-03-17 17:15:26,168] Trial 13 pruned. 
[I 2026-03-17 17:15:28,744] Trial 24 pruned. 
[I 2026-03-17 17:15:29,370] Trial 11 finished with value: -1.8544230523905816 and parameters: {'n_layers_yy': 1, 'hidden_size_yy_l0': 6, 'context_size_yy': 4, 'num_mix_components_yy': 1, 'context_extractor_yy': 'lstm', 'activation_func_yy': 'Tanh', 'L2_weight_yy': 0.0008627989754518222, 'L_entropy_weight_yy': 0.00066883849863917, 'L_sep_weight_yy': 2.122387750623648e-10, 'L_scale_weight_yy': 3.720818497804553e-10, 'learning_rate_yy': 0.009556525118485187}. Best is trial 10 with value: -1.8554935362796692.
[I 2026-03-17 17:15:29,720] Trial 5 finished with value: -2.51146662475701 and parameters: {'n_layers_yy': 1, 'hidden_size_yy_l0': 2, 'context_size_yy': 1, 'num_mix_components_yy': 3, 'context_extractor_yy': 'gru', 'activation_func_yy': 'ReLU', 'L2_weight_yy': 3.147368736811797e-10, 'L_entropy_weight_yy': 4.950525263255344e-09, 'L_sep_weight_yy': 1.4707233077111684e-09, 'L_scale_weight_yy': 0.00014597100169193406, 'learning_rate_yy': 0.0035955960039477106}. Best is trial 5 with value: -2.51146662475701.
[I 2026-03-17 17:15:29,939] Trial 14 pruned. 
[I 2026-03-17 17:15:30,095] Trial 11 pruned. 
[I 2026-03-17 17:15:30,616] Trial 27 finished with value: -1.6122660066724563 and parameters: {'n_layers_yy': 2, 'hidden_size_yy_l0': 2, 'hidden_size_yy_l1': 4, 'context_size_yy': 3, 'num_mix_components_yy': 3, 'context_extractor_yy': 'lstm', 'activation_func_yy': 'Tanh', 'L2_weight_yy': 9.299754952093766e-05, 'L_entropy_weight_yy': 1.0810754906774842e-08, 'L_sep_weight_yy': 6.927486924492776e-10, 'L_scale_weight_yy': 6.398715111489247e-06, 'learning_rate_yy': 0.005368240762772822}. Best is trial 12 with value: -1.6131555846140806.
[I 2026-03-17 17:15:32,821] Trial 7 finished with value: -1.7809123707780934 and parameters: {'n_layers_yy': 2, 'hidden_size_yy_l0': 3, 'hidden_size_yy_l1': 6, 'context_size_yy': 4, 'num_mix_components_yy': 2, 'context_extractor_yy': 'lstm', 'activation_func_yy': 'Tanh', 'L2_weight_yy': 2.4527296548084084e-07, 'L_entropy_weight_yy': 6.307295368851779e-10, 'L_sep_weight_yy': 6.748013920973647e-07, 'L_scale_weight_yy': 1.2576275899450032e-10, 'learning_rate_yy': 0.007919272640000509}. Best is trial 4 with value: -1.7828340534248737.
[I 2026-03-17 17:15:34,072] Trial 15 pruned. 
[I 2026-03-17 17:15:34,294] Trial 28 pruned. 
[I 2026-03-17 17:15:34,556] Trial 12 pruned. 
[I 2026-03-17 17:15:34,903] Trial 44 finished with value: -0.7463837346086826 and parameters: {'n_layers_yy': 1, 'hidden_size_yy_l0': 5, 'context_size_yy': 2, 'num_mix_components_yy': 3, 'context_extractor_yy': 'lstm', 'activation_func_yy': 'ReLU', 'L2_weight_yy': 3.8597067518842074e-08, 'L_entropy_weight_yy': 6.474501015017024e-08, 'L_sep_weight_yy': 1.1864778918571734e-06, 'L_scale_weight_yy': 4.738793105212946e-10, 'learning_rate_yy': 0.008546817370173269}. Best is trial 2 with value: -0.833493141163047.
[I 2026-03-17 17:15:35,291] Trial 49 pruned. 
Optimize task 3: group_id: BC, neuron_id: 11
Starting optimization for task 3...

--- Data Summary ---
Total events for target process 3828
Data Time: 900 seconds
Using device: cuda
Number of events in target process: 3828
Only one process provided, preparing dataloaders for the reduced model.
Reduced model ln_yy : 27.24386 nats/sec, 6.40530 nats/event
Reduced model Log loss : -0.55109
Number of events in target process: 3828
Only one process provided, preparing dataloaders for the reduced model.
Reduced model ln_yy : 27.97991 nats/sec, 6.57835 nats/event
Reduced model Log loss : -0.56331
Number of events in target process: 3828
Only one process provided, preparing dataloaders for the reduced model.
Number of events in target process: 3828
Only one process provided, preparing dataloaders for the reduced model.
Reduced model ln_yy : 27.97099 nats/sec, 6.57625 nats/event
Reduced model Log loss : -0.57650
Number of events in target process: 3828
Only one process provided, preparing dataloaders for the reduced model.
Reduced model ln_yy : 27.37824 nats/sec, 6.43689 nats/event
Reduced model Log loss : -0.56492
Number of events in target process: 3828
Only one process provided, preparing dataloaders for the reduced model.
Number of events in target process: 3828
Only one process provided, preparing dataloaders for the reduced model.
Number of events in target process: 3828
Only one process provided, preparing dataloaders for the reduced model.
Number of events in target process: 3828
Only one process provided, preparing dataloaders for the reduced model.
Number of events in target process: 3828
Only one process provided, preparing dataloaders for the reduced model.
Number of events in target process: 3828
Only one process provided, preparing dataloaders for the reduced model.
Reduced model ln_yy : 27.88318 nats/sec, 6.55561 nats/event
Reduced model Log loss : -0.57317
Number of events in target process: 3828
Only one process provided, preparing dataloaders for the reduced model.
Number of events in target process: 3828
Only one process provided, preparing dataloaders for the reduced model.
Number of events in target process: 3828
Only one process provided, preparing dataloaders for the reduced model.
Number of events in target process: 3828
Only one process provided, preparing dataloaders for the reduced model.
Number of events in target process: 3828
Only one process provided, preparing dataloaders for the reduced model.
Number of events in target process: 3828
Only one process provided, preparing dataloaders for the reduced model.
Number of events in target process: 3828
Only one process provided, preparing dataloaders for the reduced model.
Number of events in target process: 3828
Only one process provided, preparing dataloaders for the reduced model.
Reduced model ln_yy : 28.41574 nats/sec, 6.68082 nats/event
Reduced model Log loss : -0.57598
Number of events in target process: 3828
Only one process provided, preparing dataloaders for the reduced model.
Number of events in target process: 3828
Only one process provided, preparing dataloaders for the reduced model.
Reduced model ln_yy : 28.42965 nats/sec, 6.68409 nats/event
Reduced model Log loss : -0.57962
Number of events in target process: 3828
Only one process provided, preparing dataloaders for the reduced model.
Number of events in target process: 3828
Only one process provided, preparing dataloaders for the reduced model.
Number of events in target process: 3828
Only one process provided, preparing dataloaders for the reduced model.
Reduced model ln_yy : 28.39396 nats/sec, 6.67570 nats/event
Reduced model Log loss : -0.57973
Number of events in target process: 3828
Only one process provided, preparing dataloaders for the reduced model.
Number of events in target process: 3828
Only one process provided, preparing dataloaders for the reduced model.
Number of events in target process: 3828
Only one process provided, preparing dataloaders for the reduced model.
Number of events in target process: 3828
Only one process provided, preparing dataloaders for the reduced model.
Number of events in target process: 3828
Only one process provided, preparing dataloaders for the reduced model.
Number of events in target process: 3828
Only one process provided, preparing dataloaders for the reduced model.
Number of events in target process: 3828
Only one process provided, preparing dataloaders for the reduced model.
Number of events in target process: 3828
Only one process provided, preparing dataloaders for the reduced model.
Number of events in target process: 3828
Only one process provided, preparing dataloaders for the reduced model.
Number of events in target process: 3828
Only one process provided, preparing dataloaders for the reduced model.
Number of events in target process: 3828
Only one process provided, preparing dataloaders for the reduced model.
Number of events in target process: 3828
Only one process provided, preparing dataloaders for the reduced model.
Number of events in target process: 3828
Only one process provided, preparing dataloaders for the reduced model.
Number of events in target process: 3828
Only one process provided, preparing dataloaders for the reduced model.
Number of events in target process: 3828
Only one process provided, preparing dataloaders for the reduced model.
Reduced model ln_yy : 28.01304 nats/sec, 6.58614 nats/event
Reduced model Log loss : -0.57868
Number of events in target process: 3828
Only one process provided, preparing dataloaders for the reduced model.
Number of events in target process: 3828
Only one process provided, preparing dataloaders for the reduced model.
Number of events in target process: 3828
Only one process provided, preparing dataloaders for the reduced model.
Number of events in target process: 3828
Only one process provided, preparing dataloaders for the reduced model.
Number of events in target process: 3828
Only one process provided, preparing dataloaders for the reduced model.
Reduced model ln_yy : 27.78354 nats/sec, 6.53218 nats/event
Reduced model Log loss : -0.58197
Number of events in target process: 3828
Only one process provided, preparing dataloaders for the reduced model.
Number of events in target process: 3828
Only one process provided, preparing dataloaders for the reduced model.
Number of events in target process: 3828
Only one process provided, preparing dataloaders for the reduced model.
Reduced model ln_yy : 28.40761 nats/sec, 6.67891 nats/event
Reduced model Log loss : -0.57745
Number of events in target process: 3828
Only one process provided, preparing dataloaders for the reduced model.
Number of events in target process: 3828
Only one process provided, preparing dataloaders for the reduced model.
Number of events in target process: 3828
Only one process provided, preparing dataloaders for the reduced model.
Best trial:
  Value: -0.5819698790244584
  Params: {'n_layers_yy': 1, 'hidden_size_yy_l0': 4, 'context_size_yy': 4, 'num_mix_components_yy': 3, 'context_extractor_yy': 'gru', 'activation_func_yy': 'Tanh', 'L2_weight_yy': 3.987208829466203e-09, 'L_entropy_weight_yy': 0.00012122421505187596, 'L_sep_weight_yy': 1.0989883823247263e-07, 'L_scale_weight_yy': 2.323188075836104e-10, 'learning_rate_yy': 0.006605292316292198}
Full best configuration saved to results/opt/opt_reduced_3_best_config.txt
Optimization finished.
[I 2026-03-17 17:15:36,022] Trial 23 pruned. 
[I 2026-03-17 17:15:37,245] Trial 5 pruned. 
[I 2026-03-17 17:15:37,392] Trial 45 pruned. 
[I 2026-03-17 17:15:41,082] Trial 24 pruned. 
[I 2026-03-17 17:15:41,479] Trial 29 pruned. 
[I 2026-03-17 17:15:41,828] Trial 6 pruned. 
[I 2026-03-17 17:15:42,012] Trial 21 finished with value: -2.813259676079899 and parameters: {'n_layers_yy': 1, 'hidden_size_yy_l0': 5, 'context_size_yy': 4, 'num_mix_components_yy': 2, 'context_extractor_yy': 'lstm', 'activation_func_yy': 'Tanh', 'L2_weight_yy': 1.9024629994077312e-08, 'L_entropy_weight_yy': 1.7284513150259654e-07, 'L_sep_weight_yy': 1.1825127153326233e-05, 'L_scale_weight_yy': 5.773798441351523e-09, 'learning_rate_yy': 0.009716805376577778}. Best is trial 11 with value: -2.8352269528025382.
[I 2026-03-17 17:15:44,355] Trial 10 finished with value: -1.7014888989844776 and parameters: {'n_layers_yy': 2, 'hidden_size_yy_l0': 2, 'hidden_size_yy_l1': 5, 'context_size_yy': 4, 'num_mix_components_yy': 3, 'context_extractor_yy': 'lstm', 'activation_func_yy': 'Tanh', 'L2_weight_yy': 2.7931416553187867e-07, 'L_entropy_weight_yy': 1.3745165106556334e-05, 'L_sep_weight_yy': 2.388862927751008e-06, 'L_scale_weight_yy': 2.104432772657321e-06, 'learning_rate_yy': 0.0072801021391587836}. Best is trial 3 with value: -1.702986696445342.
[I 2026-03-17 17:15:44,632] Trial 25 pruned. 
[I 2026-03-17 17:15:45,054] Trial 30 pruned. 
[I 2026-03-17 17:15:47,928] Trial 25 pruned. 
[I 2026-03-17 17:15:48,222] Trial 26 pruned. 
[I 2026-03-17 17:15:48,577] Trial 11 pruned. 
[I 2026-03-17 17:15:49,156] Trial 19 finished with value: -1.2744708951431811 and parameters: {'n_layers_yy': 1, 'hidden_size_yy_l0': 6, 'context_size_yy': 2, 'num_mix_components_yy': 4, 'context_extractor_yy': 'lstm', 'activation_func_yy': 'GELU', 'L2_weight_yy': 3.0961142115297203e-07, 'L_entropy_weight_yy': 0.0009499876500065552, 'L_sep_weight_yy': 0.0005654934568692552, 'L_scale_weight_yy': 3.3398516030853965e-07, 'learning_rate_yy': 0.008594674502465793}. Best is trial 19 with value: -1.2744708951431811.
[I 2026-03-17 17:15:50,045] Trial 47 pruned. 
[I 2026-03-17 17:15:51,117] Trial 21 finished with value: -1.675685965058209 and parameters: {'n_layers_yy': 1, 'hidden_size_yy_l0': 6, 'context_size_yy': 4, 'num_mix_components_yy': 4, 'context_extractor_yy': 'gru', 'activation_func_yy': 'GELU', 'L2_weight_yy': 5.883331069653467e-06, 'L_entropy_weight_yy': 2.4345725190787947e-06, 'L_sep_weight_yy': 1.6029961075799876e-08, 'L_scale_weight_yy': 1.0873556387613133e-10, 'learning_rate_yy': 0.008375656833976054}. Best is trial 2 with value: -1.677622742403132.
[I 2026-03-17 17:15:52,107] Trial 20 pruned. 
[I 2026-03-17 17:15:52,177] Trial 12 pruned. 
[I 2026-03-17 17:15:52,404] Trial 27 pruned. 
[I 2026-03-17 17:15:54,756] Trial 21 pruned. 
[I 2026-03-17 17:15:55,080] Trial 48 pruned. 
[I 2026-03-17 17:15:55,685] Trial 48 finished with value: -0.4274296243862471 and parameters: {'n_layers_yy': 1, 'hidden_size_yy_l0': 4, 'context_size_yy': 3, 'num_mix_components_yy': 1, 'context_extractor_yy': 'gru', 'activation_func_yy': 'GELU', 'L2_weight_yy': 8.830968695042265e-09, 'L_entropy_weight_yy': 1.6466181459676027e-08, 'L_sep_weight_yy': 3.363928799148622e-06, 'L_scale_weight_yy': 5.249662315821541e-10, 'learning_rate_yy': 0.005280071324934752}. Best is trial 38 with value: -0.44168936431223393.
[I 2026-03-17 17:15:55,946] Trial 28 pruned. 
[I 2026-03-17 17:15:57,863] Trial 49 pruned. 
Optimize task 1: group_id: BC, neuron_id: 1
Starting optimization for task 1...

--- Data Summary ---
Total events for target process 1783
Data Time: 900 seconds
Using device: cuda
Number of events in target process: 1783
Only one process provided, preparing dataloaders for the reduced model.
Reduced model ln_yy : 5.86374 nats/sec, 2.95982 nats/event
Reduced model Log loss : -0.39019
Number of events in target process: 1783
Only one process provided, preparing dataloaders for the reduced model.
Reduced model ln_yy : 5.83559 nats/sec, 2.94562 nats/event
Reduced model Log loss : -0.41264
Number of events in target process: 1783
Only one process provided, preparing dataloaders for the reduced model.
Reduced model ln_yy : 5.85176 nats/sec, 2.95378 nats/event
Reduced model Log loss : -0.41537
Number of events in target process: 1783
Only one process provided, preparing dataloaders for the reduced model.
Reduced model ln_yy : 5.78854 nats/sec, 2.92187 nats/event
Reduced model Log loss : -0.39166
Number of events in target process: 1783
Only one process provided, preparing dataloaders for the reduced model.
Number of events in target process: 1783
Only one process provided, preparing dataloaders for the reduced model.
Number of events in target process: 1783
Only one process provided, preparing dataloaders for the reduced model.
Reduced model ln_yy : 6.11661 nats/sec, 3.08746 nats/event
Reduced model Log loss : -0.41952
Number of events in target process: 1783
Only one process provided, preparing dataloaders for the reduced model.
Number of events in target process: 1783
Only one process provided, preparing dataloaders for the reduced model.
Number of events in target process: 1783
Only one process provided, preparing dataloaders for the reduced model.
Number of events in target process: 1783
Only one process provided, preparing dataloaders for the reduced model.
Reduced model ln_yy : 5.89059 nats/sec, 2.97338 nats/event
Reduced model Log loss : -0.43615
Number of events in target process: 1783
Only one process provided, preparing dataloaders for the reduced model.
Number of events in target process: 1783
Only one process provided, preparing dataloaders for the reduced model.
Number of events in target process: 1783
Only one process provided, preparing dataloaders for the reduced model.
Reduced model ln_yy : 5.91302 nats/sec, 2.98470 nats/event
Reduced model Log loss : -0.42787
Number of events in target process: 1783
Only one process provided, preparing dataloaders for the reduced model.
Number of events in target process: 1783
Only one process provided, preparing dataloaders for the reduced model.
Number of events in target process: 1783
Only one process provided, preparing dataloaders for the reduced model.
Number of events in target process: 1783
Only one process provided, preparing dataloaders for the reduced model.
Reduced model ln_yy : 5.95403 nats/sec, 3.00540 nats/event
Reduced model Log loss : -0.39198
Number of events in target process: 1783
Only one process provided, preparing dataloaders for the reduced model.
Number of events in target process: 1783
Only one process provided, preparing dataloaders for the reduced model.
Number of events in target process: 1783
Only one process provided, preparing dataloaders for the reduced model.
Reduced model ln_yy : 6.00258 nats/sec, 3.02991 nats/event
Reduced model Log loss : -0.42796
Number of events in target process: 1783
Only one process provided, preparing dataloaders for the reduced model.
Number of events in target process: 1783
Only one process provided, preparing dataloaders for the reduced model.
Number of events in target process: 1783
Only one process provided, preparing dataloaders for the reduced model.
Number of events in target process: 1783
Only one process provided, preparing dataloaders for the reduced model.
Number of events in target process: 1783
Only one process provided, preparing dataloaders for the reduced model.
Number of events in target process: 1783
Only one process provided, preparing dataloaders for the reduced model.
Number of events in target process: 1783
Only one process provided, preparing dataloaders for the reduced model.
Number of events in target process: 1783
Only one process provided, preparing dataloaders for the reduced model.
Number of events in target process: 1783
Only one process provided, preparing dataloaders for the reduced model.
Reduced model ln_yy : 5.61716 nats/sec, 2.83536 nats/event
Reduced model Log loss : -0.38263
Number of events in target process: 1783
Only one process provided, preparing dataloaders for the reduced model.
Number of events in target process: 1783
Only one process provided, preparing dataloaders for the reduced model.
Number of events in target process: 1783
Only one process provided, preparing dataloaders for the reduced model.
Number of events in target process: 1783
Only one process provided, preparing dataloaders for the reduced model.
Number of events in target process: 1783
Only one process provided, preparing dataloaders for the reduced model.
Number of events in target process: 1783
Only one process provided, preparing dataloaders for the reduced model.
Reduced model ln_yy : 5.85365 nats/sec, 2.95473 nats/event
Reduced model Log loss : -0.43779
Number of events in target process: 1783
Only one process provided, preparing dataloaders for the reduced model.
Reduced model ln_yy : 5.71749 nats/sec, 2.88600 nats/event
Reduced model Log loss : -0.38966
Number of events in target process: 1783
Only one process provided, preparing dataloaders for the reduced model.
Number of events in target process: 1783
Only one process provided, preparing dataloaders for the reduced model.
Reduced model ln_yy : 5.95193 nats/sec, 3.00434 nats/event
Reduced model Log loss : -0.44169
Number of events in target process: 1783
Only one process provided, preparing dataloaders for the reduced model.
Number of events in target process: 1783
Only one process provided, preparing dataloaders for the reduced model.
Number of events in target process: 1783
Only one process provided, preparing dataloaders for the reduced model.
Number of events in target process: 1783
Only one process provided, preparing dataloaders for the reduced model.
Number of events in target process: 1783
Only one process provided, preparing dataloaders for the reduced model.
Number of events in target process: 1783
Only one process provided, preparing dataloaders for the reduced model.
Number of events in target process: 1783
Only one process provided, preparing dataloaders for the reduced model.
Reduced model ln_yy : 5.89651 nats/sec, 2.97636 nats/event
Reduced model Log loss : -0.40797
Number of events in target process: 1783
Only one process provided, preparing dataloaders for the reduced model.
Number of events in target process: 1783
Only one process provided, preparing dataloaders for the reduced model.
Number of events in target process: 1783
Only one process provided, preparing dataloaders for the reduced model.
Reduced model ln_yy : 5.77315 nats/sec, 2.91410 nats/event
Reduced model Log loss : -0.42743
Number of events in target process: 1783
Only one process provided, preparing dataloaders for the reduced model.
Best trial:
  Value: -0.44168936431223393
  Params: {'n_layers_yy': 1, 'hidden_size_yy_l0': 5, 'context_size_yy': 2, 'num_mix_components_yy': 4, 'context_extractor_yy': 'lstm', 'activation_func_yy': 'ReLU', 'L2_weight_yy': 2.9563319996466178e-09, 'L_entropy_weight_yy': 1.4193155001933035e-09, 'L_sep_weight_yy': 2.5020061854267077e-09, 'L_scale_weight_yy': 1.1128681969701439e-09, 'learning_rate_yy': 0.009827079297374624}
Full best configuration saved to results/opt/opt_reduced_1_best_config.txt
Optimization finished.
[I 2026-03-17 17:16:00,166] Trial 46 finished with value: -0.8266710199668805 and parameters: {'n_layers_yy': 1, 'hidden_size_yy_l0': 5, 'context_size_yy': 2, 'num_mix_components_yy': 4, 'context_extractor_yy': 'lstm', 'activation_func_yy': 'ReLU', 'L2_weight_yy': 7.103003616286481e-09, 'L_entropy_weight_yy': 1.8574007953516972e-10, 'L_sep_weight_yy': 2.127072221429032e-08, 'L_scale_weight_yy': 5.733581317291025e-07, 'learning_rate_yy': 0.00703194797807532}. Best is trial 2 with value: -0.833493141163047.
[I 2026-03-17 17:16:01,689] Trial 22 pruned. 
[I 2026-03-17 17:16:02,503] Trial 12 finished with value: -1.835194123096955 and parameters: {'n_layers_yy': 1, 'hidden_size_yy_l0': 6, 'context_size_yy': 4, 'num_mix_components_yy': 1, 'context_extractor_yy': 'lstm', 'activation_func_yy': 'GELU', 'L2_weight_yy': 0.0003210561706242302, 'L_entropy_weight_yy': 2.2756458337432176e-05, 'L_sep_weight_yy': 1.0744031991960983e-10, 'L_scale_weight_yy': 3.432904372072892e-09, 'learning_rate_yy': 0.0036955028474772653}. Best is trial 10 with value: -1.8554935362796692.
[I 2026-03-17 17:16:03,173] Trial 20 pruned. 
[I 2026-03-17 17:16:04,506] Trial 13 finished with value: -3.116881273571248 and parameters: {'n_layers_yy': 1, 'hidden_size_yy_l0': 5, 'context_size_yy': 4, 'num_mix_components_yy': 2, 'context_extractor_yy': 'gru', 'activation_func_yy': 'ReLU', 'L2_weight_yy': 8.036263674389288e-06, 'L_entropy_weight_yy': 5.207464341903544e-09, 'L_sep_weight_yy': 2.261782028974567e-07, 'L_scale_weight_yy': 6.316063506588065e-07, 'learning_rate_yy': 0.004540684471877336}. Best is trial 12 with value: -3.1467977435352683.
[I 2026-03-17 17:16:04,731] Trial 47 pruned. 
[I 2026-03-17 17:16:04,809] Trial 23 pruned. 
[I 2026-03-17 17:16:05,175] Trial 29 pruned. 
[I 2026-03-17 17:16:05,950] Trial 5 finished with value: -2.4385125956058307 and parameters: {'n_layers_yy': 1, 'hidden_size_yy_l0': 3, 'context_size_yy': 1, 'num_mix_components_yy': 1, 'context_extractor_yy': 'lstm', 'activation_func_yy': 'GELU', 'L2_weight_yy': 0.0005267789984960935, 'L_entropy_weight_yy': 1.1556420373951383e-09, 'L_sep_weight_yy': 2.093460220657974e-09, 'L_scale_weight_yy': 3.790203469611742e-09, 'learning_rate_yy': 0.0008691074874895765}. Best is trial 2 with value: -2.489143682537181.
[I 2026-03-17 17:16:06,974] Trial 48 pruned. 
[I 2026-03-17 17:16:07,643] Trial 24 pruned. 
[I 2026-03-17 17:16:08,321] Trial 11 finished with value: -2.9072961542742215 and parameters: {'n_layers_yy': 2, 'hidden_size_yy_l0': 6, 'hidden_size_yy_l1': 4, 'context_size_yy': 4, 'num_mix_components_yy': 5, 'context_extractor_yy': 'lstm', 'activation_func_yy': 'GELU', 'L2_weight_yy': 1.1992191727794854e-07, 'L_entropy_weight_yy': 2.6924863612812548e-06, 'L_sep_weight_yy': 0.00047803377856978817, 'L_scale_weight_yy': 0.0007126642418670909, 'learning_rate_yy': 0.009421689344383262}. Best is trial 9 with value: -2.9754424140841684.
[I 2026-03-17 17:16:09,199] Trial 21 pruned. 
[I 2026-03-17 17:16:12,598] Trial 9 finished with value: -2.4706525760718336 and parameters: {'n_layers_yy': 2, 'hidden_size_yy_l0': 4, 'hidden_size_yy_l1': 6, 'context_size_yy': 3, 'num_mix_components_yy': 5, 'context_extractor_yy': 'lstm', 'activation_func_yy': 'Tanh', 'L2_weight_yy': 0.0003994255576411184, 'L_entropy_weight_yy': 1.7065657885786113e-08, 'L_sep_weight_yy': 7.462454829216329e-07, 'L_scale_weight_yy': 4.3387184727256083e-10, 'learning_rate_yy': 0.0021446437640024714}. Best is trial 2 with value: -2.476197165819489.
[I 2026-03-17 17:16:13,955] Trial 25 pruned. 
[I 2026-03-17 17:16:16,728] Trial 26 pruned. 
[I 2026-03-17 17:16:17,342] Trial 18 finished with value: -1.9113758963969216 and parameters: {'n_layers_yy': 2, 'hidden_size_yy_l0': 5, 'hidden_size_yy_l1': 3, 'context_size_yy': 3, 'num_mix_components_yy': 4, 'context_extractor_yy': 'lstm', 'activation_func_yy': 'ReLU', 'L2_weight_yy': 7.027463088828838e-07, 'L_entropy_weight_yy': 4.519379351812088e-09, 'L_sep_weight_yy': 4.315274576883832e-07, 'L_scale_weight_yy': 4.1966414757735953e-10, 'learning_rate_yy': 0.009287414472287413}. Best is trial 18 with value: -1.9113758963969216.
[I 2026-03-17 17:16:17,676] Trial 10 pruned. 
[I 2026-03-17 17:16:18,086] Trial 22 finished with value: -1.6749225196673398 and parameters: {'n_layers_yy': 1, 'hidden_size_yy_l0': 6, 'context_size_yy': 4, 'num_mix_components_yy': 4, 'context_extractor_yy': 'gru', 'activation_func_yy': 'GELU', 'L2_weight_yy': 2.2419290149329283e-05, 'L_entropy_weight_yy': 0.00013519716409408672, 'L_sep_weight_yy': 1.1524223460871125e-07, 'L_scale_weight_yy': 3.676686091317389e-10, 'learning_rate_yy': 0.009118003191402397}. Best is trial 2 with value: -1.677622742403132.
[I 2026-03-17 17:16:18,375] Trial 13 pruned. 
[I 2026-03-17 17:16:18,655] Trial 49 pruned. 
Optimize task 11: group_id: BC, neuron_id: 9
Starting optimization for task 11...

--- Data Summary ---
Total events for target process 3618
Data Time: 900 seconds
Using device: cuda
Number of events in target process: 3618
Only one process provided, preparing dataloaders for the reduced model.
Reduced model ln_yy : 28.90412 nats/sec, 7.19008 nats/event
Reduced model Log loss : -0.82159
Number of events in target process: 3618
Only one process provided, preparing dataloaders for the reduced model.
Reduced model ln_yy : 28.38920 nats/sec, 7.06199 nats/event
Reduced model Log loss : -0.81067
Number of events in target process: 3618
Only one process provided, preparing dataloaders for the reduced model.
Reduced model ln_yy : 29.02126 nats/sec, 7.21922 nats/event
Reduced model Log loss : -0.83349
Number of events in target process: 3618
Only one process provided, preparing dataloaders for the reduced model.
Number of events in target process: 3618
Only one process provided, preparing dataloaders for the reduced model.
Number of events in target process: 3618
Only one process provided, preparing dataloaders for the reduced model.
Number of events in target process: 3618
Only one process provided, preparing dataloaders for the reduced model.
Number of events in target process: 3618
Only one process provided, preparing dataloaders for the reduced model.
Number of events in target process: 3618
Only one process provided, preparing dataloaders for the reduced model.
Reduced model ln_yy : 28.94749 nats/sec, 7.20087 nats/event
Reduced model Log loss : -0.81648
Number of events in target process: 3618
Only one process provided, preparing dataloaders for the reduced model.
Number of events in target process: 3618
Only one process provided, preparing dataloaders for the reduced model.
Number of events in target process: 3618
Only one process provided, preparing dataloaders for the reduced model.
Reduced model ln_yy : 29.29595 nats/sec, 7.28755 nats/event
Reduced model Log loss : -0.82325
Number of events in target process: 3618
Only one process provided, preparing dataloaders for the reduced model.
Reduced model ln_yy : 29.58649 nats/sec, 7.35982 nats/event
Reduced model Log loss : -0.81830
Number of events in target process: 3618
Only one process provided, preparing dataloaders for the reduced model.
Number of events in target process: 3618
Only one process provided, preparing dataloaders for the reduced model.
Number of events in target process: 3618
Only one process provided, preparing dataloaders for the reduced model.
Number of events in target process: 3618
Only one process provided, preparing dataloaders for the reduced model.
Number of events in target process: 3618
Only one process provided, preparing dataloaders for the reduced model.
Number of events in target process: 3618
Only one process provided, preparing dataloaders for the reduced model.
Reduced model ln_yy : 29.56209 nats/sec, 7.35375 nats/event
Reduced model Log loss : -0.82837
Number of events in target process: 3618
Only one process provided, preparing dataloaders for the reduced model.
Number of events in target process: 3618
Only one process provided, preparing dataloaders for the reduced model.
Reduced model ln_yy : 28.93346 nats/sec, 7.19738 nats/event
Reduced model Log loss : -0.82282
Number of events in target process: 3618
Only one process provided, preparing dataloaders for the reduced model.
Number of events in target process: 3618
Only one process provided, preparing dataloaders for the reduced model.
Number of events in target process: 3618
Only one process provided, preparing dataloaders for the reduced model.
Number of events in target process: 3618
Only one process provided, preparing dataloaders for the reduced model.
Number of events in target process: 3618
Only one process provided, preparing dataloaders for the reduced model.
Number of events in target process: 3618
Only one process provided, preparing dataloaders for the reduced model.
Number of events in target process: 3618
Only one process provided, preparing dataloaders for the reduced model.
Number of events in target process: 3618
Only one process provided, preparing dataloaders for the reduced model.
Number of events in target process: 3618
Only one process provided, preparing dataloaders for the reduced model.
Number of events in target process: 3618
Only one process provided, preparing dataloaders for the reduced model.
Number of events in target process: 3618
Only one process provided, preparing dataloaders for the reduced model.
Reduced model ln_yy : 28.36054 nats/sec, 7.05486 nats/event
Reduced model Log loss : -0.81398
Number of events in target process: 3618
Only one process provided, preparing dataloaders for the reduced model.
Number of events in target process: 3618
Only one process provided, preparing dataloaders for the reduced model.
Number of events in target process: 3618
Only one process provided, preparing dataloaders for the reduced model.
Number of events in target process: 3618
Only one process provided, preparing dataloaders for the reduced model.
Number of events in target process: 3618
Only one process provided, preparing dataloaders for the reduced model.
Number of events in target process: 3618
Only one process provided, preparing dataloaders for the reduced model.
Number of events in target process: 3618
Only one process provided, preparing dataloaders for the reduced model.
Number of events in target process: 3618
Only one process provided, preparing dataloaders for the reduced model.
Number of events in target process: 3618
Only one process provided, preparing dataloaders for the reduced model.
Number of events in target process: 3618
Only one process provided, preparing dataloaders for the reduced model.
Number of events in target process: 3618
Only one process provided, preparing dataloaders for the reduced model.
Number of events in target process: 3618
Only one process provided, preparing dataloaders for the reduced model.
Reduced model ln_yy : 29.56771 nats/sec, 7.35515 nats/event
Reduced model Log loss : -0.83059
Number of events in target process: 3618
Only one process provided, preparing dataloaders for the reduced model.
Reduced model ln_yy : 27.62888 nats/sec, 6.87286 nats/event
Reduced model Log loss : -0.74638
Number of events in target process: 3618
Only one process provided, preparing dataloaders for the reduced model.
Number of events in target process: 3618
Only one process provided, preparing dataloaders for the reduced model.
Reduced model ln_yy : 29.60823 nats/sec, 7.36523 nats/event
Reduced model Log loss : -0.82667
Number of events in target process: 3618
Only one process provided, preparing dataloaders for the reduced model.
Number of events in target process: 3618
Only one process provided, preparing dataloaders for the reduced model.
Number of events in target process: 3618
Only one process provided, preparing dataloaders for the reduced model.
Best trial:
  Value: -0.833493141163047
  Params: {'n_layers_yy': 2, 'hidden_size_yy_l0': 2, 'hidden_size_yy_l1': 3, 'context_size_yy': 2, 'num_mix_components_yy': 5, 'context_extractor_yy': 'gru', 'activation_func_yy': 'Tanh', 'L2_weight_yy': 3.9838963830469457e-05, 'L_entropy_weight_yy': 1.9909556531991214e-10, 'L_sep_weight_yy': 7.095693728013595e-05, 'L_scale_weight_yy': 1.8389597451172184e-10, 'learning_rate_yy': 0.004699811363429675}
Full best configuration saved to results/opt/opt_reduced_11_best_config.txt
Optimization finished.
[I 2026-03-17 17:16:19,035] Trial 6 pruned. 
[I 2026-03-17 17:16:20,698] Trial 12 pruned. 
[I 2026-03-17 17:16:21,270] Trial 23 pruned. 
[I 2026-03-17 17:16:21,738] Trial 14 pruned. 
[I 2026-03-17 17:16:22,152] Trial 49 finished with value: -1.460013169508714 and parameters: {'n_layers_yy': 1, 'hidden_size_yy_l0': 5, 'context_size_yy': 4, 'num_mix_components_yy': 3, 'context_extractor_yy': 'gru', 'activation_func_yy': 'Tanh', 'L2_weight_yy': 1.8740230937237102e-10, 'L_entropy_weight_yy': 2.6641066997922256e-05, 'L_sep_weight_yy': 5.328846015342558e-07, 'L_scale_weight_yy': 8.167160339906096e-06, 'learning_rate_yy': 0.004222417442880216}. Best is trial 49 with value: -1.460013169508714.
Optimize task 15: group_id: POm, neuron_id: 49
Starting optimization for task 15...

--- Data Summary ---
Total events for target process 3403
Data Time: 900 seconds
Using device: cuda
Number of events in target process: 3403
Only one process provided, preparing dataloaders for the reduced model.
Reduced model ln_yy : 33.93934 nats/sec, 8.97602 nats/event
Reduced model Log loss : -1.41485
Number of events in target process: 3403
Only one process provided, preparing dataloaders for the reduced model.
Reduced model ln_yy : 34.29392 nats/sec, 9.06980 nats/event
Reduced model Log loss : -1.45375
Number of events in target process: 3403
Only one process provided, preparing dataloaders for the reduced model.
Reduced model ln_yy : 33.79222 nats/sec, 8.93711 nats/event
Reduced model Log loss : -1.42065
Number of events in target process: 3403
Only one process provided, preparing dataloaders for the reduced model.
Number of events in target process: 3403
Only one process provided, preparing dataloaders for the reduced model.
Reduced model ln_yy : 34.12635 nats/sec, 9.02548 nats/event
Reduced model Log loss : -1.44337
Number of events in target process: 3403
Only one process provided, preparing dataloaders for the reduced model.
Number of events in target process: 3403
Only one process provided, preparing dataloaders for the reduced model.
Reduced model ln_yy : 34.28978 nats/sec, 9.06871 nats/event
Reduced model Log loss : -1.45182
Number of events in target process: 3403
Only one process provided, preparing dataloaders for the reduced model.
Number of events in target process: 3403
Only one process provided, preparing dataloaders for the reduced model.
Number of events in target process: 3403
Only one process provided, preparing dataloaders for the reduced model.
Number of events in target process: 3403
Only one process provided, preparing dataloaders for the reduced model.
Number of events in target process: 3403
Only one process provided, preparing dataloaders for the reduced model.
Reduced model ln_yy : 34.42601 nats/sec, 9.10473 nats/event
Reduced model Log loss : -1.44970
Number of events in target process: 3403
Only one process provided, preparing dataloaders for the reduced model.
Number of events in target process: 3403
Only one process provided, preparing dataloaders for the reduced model.
Number of events in target process: 3403
Only one process provided, preparing dataloaders for the reduced model.
Number of events in target process: 3403
Only one process provided, preparing dataloaders for the reduced model.
Number of events in target process: 3403
Only one process provided, preparing dataloaders for the reduced model.
Number of events in target process: 3403
Only one process provided, preparing dataloaders for the reduced model.
Reduced model ln_yy : 33.93059 nats/sec, 8.97371 nats/event
Reduced model Log loss : -1.43134
Number of events in target process: 3403
Only one process provided, preparing dataloaders for the reduced model.
Reduced model ln_yy : 33.80772 nats/sec, 8.94121 nats/event
Reduced model Log loss : -1.43015
Number of events in target process: 3403
Only one process provided, preparing dataloaders for the reduced model.
Number of events in target process: 3403
Only one process provided, preparing dataloaders for the reduced model.
Number of events in target process: 3403
Only one process provided, preparing dataloaders for the reduced model.
Reduced model ln_yy : 34.35127 nats/sec, 9.08497 nats/event
Reduced model Log loss : -1.45236
Number of events in target process: 3403
Only one process provided, preparing dataloaders for the reduced model.
Number of events in target process: 3403
Only one process provided, preparing dataloaders for the reduced model.
Number of events in target process: 3403
Only one process provided, preparing dataloaders for the reduced model.
Number of events in target process: 3403
Only one process provided, preparing dataloaders for the reduced model.
Reduced model ln_yy : 33.94029 nats/sec, 8.97627 nats/event
Reduced model Log loss : -1.42800
Number of events in target process: 3403
Only one process provided, preparing dataloaders for the reduced model.
Number of events in target process: 3403
Only one process provided, preparing dataloaders for the reduced model.
Number of events in target process: 3403
Only one process provided, preparing dataloaders for the reduced model.
Number of events in target process: 3403
Only one process provided, preparing dataloaders for the reduced model.
Number of events in target process: 3403
Only one process provided, preparing dataloaders for the reduced model.
Number of events in target process: 3403
Only one process provided, preparing dataloaders for the reduced model.
Number of events in target process: 3403
Only one process provided, preparing dataloaders for the reduced model.
Number of events in target process: 3403
Only one process provided, preparing dataloaders for the reduced model.
Number of events in target process: 3403
Only one process provided, preparing dataloaders for the reduced model.
Number of events in target process: 3403
Only one process provided, preparing dataloaders for the reduced model.
Number of events in target process: 3403
Only one process provided, preparing dataloaders for the reduced model.
Number of events in target process: 3403
Only one process provided, preparing dataloaders for the reduced model.
Number of events in target process: 3403
Only one process provided, preparing dataloaders for the reduced model.
Number of events in target process: 3403
Only one process provided, preparing dataloaders for the reduced model.
Number of events in target process: 3403
Only one process provided, preparing dataloaders for the reduced model.
Number of events in target process: 3403
Only one process provided, preparing dataloaders for the reduced model.
Number of events in target process: 3403
Only one process provided, preparing dataloaders for the reduced model.
Number of events in target process: 3403
Only one process provided, preparing dataloaders for the reduced model.
Number of events in target process: 3403
Only one process provided, preparing dataloaders for the reduced model.
Number of events in target process: 3403
Only one process provided, preparing dataloaders for the reduced model.
Number of events in target process: 3403
Only one process provided, preparing dataloaders for the reduced model.
Reduced model ln_yy : 34.44995 nats/sec, 9.11107 nats/event
Reduced model Log loss : -1.44282
Number of events in target process: 3403
Only one process provided, preparing dataloaders for the reduced model.
Number of events in target process: 3403
Only one process provided, preparing dataloaders for the reduced model.
Number of events in target process: 3403
Only one process provided, preparing dataloaders for the reduced model.
Reduced model ln_yy : 34.37517 nats/sec, 9.09129 nats/event
Reduced model Log loss : -1.46001
Best trial:
  Value: -1.460013169508714
  Params: {'n_layers_yy': 1, 'hidden_size_yy_l0': 5, 'context_size_yy': 4, 'num_mix_components_yy': 3, 'context_extractor_yy': 'gru', 'activation_func_yy': 'Tanh', 'L2_weight_yy': 1.8740230937237102e-10, 'L_entropy_weight_yy': 2.6641066997922256e-05, 'L_sep_weight_yy': 5.328846015342558e-07, 'L_scale_weight_yy': 8.167160339906096e-06, 'learning_rate_yy': 0.004222417442880216}
Full best configuration saved to results/opt/opt_reduced_15_best_config.txt
Optimization finished.
[I 2026-03-17 17:16:22,724] Trial 27 pruned. 
[I 2026-03-17 17:16:24,242] Trial 24 pruned. 
[I 2026-03-17 17:16:24,743] Trial 19 pruned. 
[I 2026-03-17 17:16:25,824] Trial 15 pruned. 
[I 2026-03-17 17:16:26,201] Trial 21 finished with value: -1.9695420596605426 and parameters: {'n_layers_yy': 1, 'hidden_size_yy_l0': 6, 'context_size_yy': 3, 'num_mix_components_yy': 5, 'context_extractor_yy': 'lstm', 'activation_func_yy': 'Tanh', 'L2_weight_yy': 1.4457037039053221e-06, 'L_entropy_weight_yy': 1.718692203712781e-05, 'L_sep_weight_yy': 2.5220643641480664e-07, 'L_scale_weight_yy': 9.55648172762447e-07, 'learning_rate_yy': 0.002536970288063556}. Best is trial 1 with value: -1.9741431522447364.
[I 2026-03-17 17:16:26,341] Trial 5 finished with value: -2.7312980263730755 and parameters: {'n_layers_yy': 1, 'hidden_size_yy_l0': 4, 'context_size_yy': 2, 'num_mix_components_yy': 2, 'context_extractor_yy': 'gru', 'activation_func_yy': 'Tanh', 'L2_weight_yy': 7.204051846873121e-09, 'L_entropy_weight_yy': 1.0537272328311713e-10, 'L_sep_weight_yy': 2.6455763493946677e-07, 'L_scale_weight_yy': 0.0007683214869513159, 'learning_rate_yy': 0.0050997874445040834}. Best is trial 3 with value: -2.757216847916007.
[I 2026-03-17 17:16:27,859] Trial 22 pruned. 
[I 2026-03-17 17:16:28,139] Trial 22 finished with value: -2.813254877913564 and parameters: {'n_layers_yy': 1, 'hidden_size_yy_l0': 5, 'context_size_yy': 4, 'num_mix_components_yy': 2, 'context_extractor_yy': 'lstm', 'activation_func_yy': 'Tanh', 'L2_weight_yy': 9.27344482978558e-07, 'L_entropy_weight_yy': 7.0041771517670774e-09, 'L_sep_weight_yy': 0.00010442425526836462, 'L_scale_weight_yy': 8.381361668609669e-09, 'learning_rate_yy': 0.009571481767905683}. Best is trial 11 with value: -2.8352269528025382.
[I 2026-03-17 17:16:28,717] Trial 31 finished with value: -1.6130665862739773 and parameters: {'n_layers_yy': 2, 'hidden_size_yy_l0': 5, 'hidden_size_yy_l1': 5, 'context_size_yy': 2, 'num_mix_components_yy': 2, 'context_extractor_yy': 'lstm', 'activation_func_yy': 'ReLU', 'L2_weight_yy': 4.209906744479307e-05, 'L_entropy_weight_yy': 8.176047749425353e-08, 'L_sep_weight_yy': 4.378688716943535e-09, 'L_scale_weight_yy': 4.7413586921385225e-08, 'learning_rate_yy': 0.007020500936413073}. Best is trial 12 with value: -1.6131555846140806.
[I 2026-03-17 17:16:28,987] Trial 16 pruned. 
[I 2026-03-17 17:16:29,872] Trial 11 pruned. 
[I 2026-03-17 17:16:30,572] Trial 6 finished with value: -2.512024489536699 and parameters: {'n_layers_yy': 2, 'hidden_size_yy_l0': 4, 'hidden_size_yy_l1': 5, 'context_size_yy': 4, 'num_mix_components_yy': 2, 'context_extractor_yy': 'lstm', 'activation_func_yy': 'ReLU', 'L2_weight_yy': 1.4213630738920279e-09, 'L_entropy_weight_yy': 4.463930032420465e-10, 'L_sep_weight_yy': 1.1215450441778275e-07, 'L_scale_weight_yy': 1.839643601315994e-08, 'learning_rate_yy': 0.008554473949149889}. Best is trial 6 with value: -2.512024489536699.
[I 2026-03-17 17:16:30,630] Trial 25 pruned. 
[I 2026-03-17 17:16:31,437] Trial 4 finished with value: -2.2763049719820994 and parameters: {'n_layers_yy': 2, 'hidden_size_yy_l0': 4, 'hidden_size_yy_l1': 6, 'context_size_yy': 2, 'num_mix_components_yy': 5, 'context_extractor_yy': 'gru', 'activation_func_yy': 'ReLU', 'L2_weight_yy': 8.393787017284514e-06, 'L_entropy_weight_yy': 2.326335652414593e-06, 'L_sep_weight_yy': 1.707447732779897e-05, 'L_scale_weight_yy': 1.8674027617912024e-05, 'learning_rate_yy': 0.0016678678718694963}. Best is trial 0 with value: -2.289111866011322.
[I 2026-03-17 17:16:31,896] Trial 7 pruned. 
[I 2026-03-17 17:16:33,407] Trial 26 pruned. 
[I 2026-03-17 17:16:34,763] Trial 12 pruned. 
[I 2026-03-17 17:16:35,055] Trial 23 pruned. 
[I 2026-03-17 17:16:35,426] Trial 32 pruned. 
[I 2026-03-17 17:16:35,886] Trial 7 pruned. 
[I 2026-03-17 17:16:36,626] Trial 23 pruned. 
[I 2026-03-17 17:16:37,944] Trial 26 finished with value: -1.6703458534512414 and parameters: {'n_layers_yy': 2, 'hidden_size_yy_l0': 2, 'hidden_size_yy_l1': 6, 'context_size_yy': 1, 'num_mix_components_yy': 5, 'context_extractor_yy': 'lstm', 'activation_func_yy': 'GELU', 'L2_weight_yy': 6.254766041346875e-09, 'L_entropy_weight_yy': 6.795407601129673e-08, 'L_sep_weight_yy': 5.611074754711466e-08, 'L_scale_weight_yy': 5.759903663524144e-10, 'learning_rate_yy': 0.007674937312386903}. Best is trial 17 with value: -1.6711897239648343.
[I 2026-03-17 17:16:38,068] Trial 33 pruned. 
[I 2026-03-17 17:16:38,435] Trial 17 pruned. 
[I 2026-03-17 17:16:39,303] Trial 13 pruned. 
[I 2026-03-17 17:16:39,767] Trial 27 pruned. 
[I 2026-03-17 17:16:40,061] Trial 13 finished with value: -1.85186676638703 and parameters: {'n_layers_yy': 1, 'hidden_size_yy_l0': 6, 'context_size_yy': 4, 'num_mix_components_yy': 2, 'context_extractor_yy': 'lstm', 'activation_func_yy': 'Tanh', 'L2_weight_yy': 9.041222174736732e-05, 'L_entropy_weight_yy': 1.5002912982065082e-06, 'L_sep_weight_yy': 6.711671691547896e-06, 'L_scale_weight_yy': 5.0351079148563455e-09, 'learning_rate_yy': 0.004901918665137496}. Best is trial 10 with value: -1.8554935362796692.
[I 2026-03-17 17:16:40,971] Trial 8 pruned. 
[I 2026-03-17 17:16:42,292] Trial 16 finished with value: -1.9815610246276427 and parameters: {'n_layers_yy': 1, 'hidden_size_yy_l0': 6, 'context_size_yy': 4, 'num_mix_components_yy': 2, 'context_extractor_yy': 'lstm', 'activation_func_yy': 'Tanh', 'L2_weight_yy': 5.758650068492391e-07, 'L_entropy_weight_yy': 1.014298569063967e-05, 'L_sep_weight_yy': 1.5039043186551073e-08, 'L_scale_weight_yy': 5.017560736608618e-08, 'learning_rate_yy': 0.00241132650593355}. Best is trial 7 with value: -1.9830532325011814.
[I 2026-03-17 17:16:42,331] Trial 18 pruned. 
[I 2026-03-17 17:16:42,461] Trial 24 pruned. 
[I 2026-03-17 17:16:42,771] Trial 28 pruned. 
[I 2026-03-17 17:16:43,204] Trial 8 pruned. 
[I 2026-03-17 17:16:44,571] Trial 27 pruned. 
[I 2026-03-17 17:16:44,816] Trial 34 pruned. 
[I 2026-03-17 17:16:45,280] Trial 29 pruned. 
[I 2026-03-17 17:16:46,156] Trial 19 pruned. 
[I 2026-03-17 17:16:47,481] Trial 35 pruned. 
[I 2026-03-17 17:16:48,101] Trial 30 pruned. 
[I 2026-03-17 17:16:49,242] Trial 25 pruned. 
[I 2026-03-17 17:16:50,438] Trial 28 pruned. 
[I 2026-03-17 17:16:50,721] Trial 17 pruned. 
[I 2026-03-17 17:16:51,303] Trial 14 pruned. 
[I 2026-03-17 17:16:51,801] Trial 13 finished with value: -2.340292308471929 and parameters: {'n_layers_yy': 1, 'hidden_size_yy_l0': 5, 'context_size_yy': 2, 'num_mix_components_yy': 2, 'context_extractor_yy': 'gru', 'activation_func_yy': 'Tanh', 'L2_weight_yy': 1.2478311077688972e-10, 'L_entropy_weight_yy': 3.683132940772518e-07, 'L_sep_weight_yy': 9.87952126214495e-06, 'L_scale_weight_yy': 1.5186103898990614e-05, 'learning_rate_yy': 0.0021027485772407368}. Best is trial 9 with value: -2.373689101517566.
[I 2026-03-17 17:16:53,970] Trial 36 pruned. 
[I 2026-03-17 17:16:54,880] Trial 18 pruned. 
[I 2026-03-17 17:16:55,665] Trial 26 pruned. 
[I 2026-03-17 17:16:55,750] Trial 9 pruned. 
[I 2026-03-17 17:16:56,725] Trial 29 pruned. 
[I 2026-03-17 17:16:56,840] Trial 15 pruned. 
[I 2026-03-17 17:16:56,952] Trial 24 pruned. 
[I 2026-03-17 17:16:57,961] Trial 19 pruned. 
[I 2026-03-17 17:17:00,084] Trial 20 finished with value: -1.901699309847248 and parameters: {'n_layers_yy': 2, 'hidden_size_yy_l0': 5, 'hidden_size_yy_l1': 4, 'context_size_yy': 4, 'num_mix_components_yy': 3, 'context_extractor_yy': 'lstm', 'activation_func_yy': 'ReLU', 'L2_weight_yy': 6.785678722570137e-08, 'L_entropy_weight_yy': 2.637206353450695e-09, 'L_sep_weight_yy': 3.831217798485202e-07, 'L_scale_weight_yy': 2.0773344619899107e-07, 'learning_rate_yy': 0.007036020679815602}. Best is trial 18 with value: -1.9113758963969216.
[I 2026-03-17 17:17:00,694] Trial 30 finished with value: -1.7965786341046166 and parameters: {'n_layers_yy': 1, 'hidden_size_yy_l0': 2, 'context_size_yy': 3, 'num_mix_components_yy': 5, 'context_extractor_yy': 'gru', 'activation_func_yy': 'Tanh', 'L2_weight_yy': 3.3259711382507156e-05, 'L_entropy_weight_yy': 6.186847411998761e-07, 'L_sep_weight_yy': 2.7853585628541964e-10, 'L_scale_weight_yy': 3.479640897876087e-08, 'learning_rate_yy': 0.009959137283574277}. Best is trial 2 with value: -1.824331576606496.
[I 2026-03-17 17:17:00,704] Trial 14 pruned. 
[I 2026-03-17 17:17:01,288] Trial 14 pruned. 
[I 2026-03-17 17:17:01,405] Trial 16 pruned. 
[I 2026-03-17 17:17:01,941] Trial 28 finished with value: -1.2748027526517012 and parameters: {'n_layers_yy': 2, 'hidden_size_yy_l0': 5, 'hidden_size_yy_l1': 6, 'context_size_yy': 1, 'num_mix_components_yy': 4, 'context_extractor_yy': 'lstm', 'activation_func_yy': 'Tanh', 'L2_weight_yy': 1.3255904275855953e-09, 'L_entropy_weight_yy': 5.821799129313137e-05, 'L_sep_weight_yy': 1.270248671579296e-07, 'L_scale_weight_yy': 2.9994504713927185e-08, 'learning_rate_yy': 0.008359142491044195}. Best is trial 28 with value: -1.2748027526517012.
[I 2026-03-17 17:17:03,632] Trial 21 finished with value: -2.0918060120281896 and parameters: {'n_layers_yy': 2, 'hidden_size_yy_l0': 2, 'hidden_size_yy_l1': 4, 'context_size_yy': 1, 'num_mix_components_yy': 5, 'context_extractor_yy': 'lstm', 'activation_func_yy': 'ReLU', 'L2_weight_yy': 4.3392202997836404e-07, 'L_entropy_weight_yy': 0.0002014017468171487, 'L_sep_weight_yy': 1.7525938407234112e-08, 'L_scale_weight_yy': 8.354948125924329e-08, 'learning_rate_yy': 0.009459952560519692}. Best is trial 21 with value: -2.0918060120281896.
[I 2026-03-17 17:17:04,780] Trial 6 finished with value: -3.239959318033854 and parameters: {'n_layers_yy': 2, 'hidden_size_yy_l0': 4, 'hidden_size_yy_l1': 6, 'context_size_yy': 1, 'num_mix_components_yy': 3, 'context_extractor_yy': 'gru', 'activation_func_yy': 'Tanh', 'L2_weight_yy': 1.2020376647406253e-10, 'L_entropy_weight_yy': 1.644141625943577e-05, 'L_sep_weight_yy': 2.958042036145847e-07, 'L_scale_weight_yy': 2.3399621419380964e-07, 'learning_rate_yy': 0.007889070686351703}. Best is trial 3 with value: -3.248812548828125.
[I 2026-03-17 17:17:06,189] Trial 31 pruned. 
[I 2026-03-17 17:17:07,679] Trial 5 pruned. 
[I 2026-03-17 17:17:08,348] Trial 29 pruned. 
[I 2026-03-17 17:17:08,519] Trial 10 pruned. 
[I 2026-03-17 17:17:08,563] Trial 14 pruned. 
[I 2026-03-17 17:17:09,303] Trial 15 pruned. 
[I 2026-03-17 17:17:09,843] Trial 22 finished with value: -1.9694899077895032 and parameters: {'n_layers_yy': 2, 'hidden_size_yy_l0': 6, 'hidden_size_yy_l1': 4, 'context_size_yy': 3, 'num_mix_components_yy': 4, 'context_extractor_yy': 'lstm', 'activation_func_yy': 'Tanh', 'L2_weight_yy': 3.137316209396826e-05, 'L_entropy_weight_yy': 2.3957484187733575e-06, 'L_sep_weight_yy': 2.8686288670215564e-07, 'L_scale_weight_yy': 4.5603399616510105e-08, 'learning_rate_yy': 0.005171437029232997}. Best is trial 1 with value: -1.9741431522447364.
[I 2026-03-17 17:17:11,811] Trial 32 pruned. 
[I 2026-03-17 17:17:12,690] Trial 16 pruned. 
[I 2026-03-17 17:17:12,910] Trial 27 pruned. 
[I 2026-03-17 17:17:12,993] Trial 31 finished with value: -1.6751627227768537 and parameters: {'n_layers_yy': 1, 'hidden_size_yy_l0': 6, 'context_size_yy': 4, 'num_mix_components_yy': 4, 'context_extractor_yy': 'gru', 'activation_func_yy': 'GELU', 'L2_weight_yy': 3.467551543621457e-06, 'L_entropy_weight_yy': 2.0574559036794636e-06, 'L_sep_weight_yy': 1.0452824021398381e-08, 'L_scale_weight_yy': 1.2178124632967265e-10, 'learning_rate_yy': 0.009595695745400767}. Best is trial 2 with value: -1.677622742403132.
[I 2026-03-17 17:17:13,850] Trial 37 pruned. 
[I 2026-03-17 17:17:14,069] Trial 30 pruned. 
[I 2026-03-17 17:17:14,070] Trial 30 pruned. 
[I 2026-03-17 17:17:14,293] Trial 33 pruned. 
[I 2026-03-17 17:17:17,061] Trial 23 pruned. 
[I 2026-03-17 17:17:17,499] Trial 25 pruned. 
[I 2026-03-17 17:17:20,277] Trial 34 pruned. 
[I 2026-03-17 17:17:20,421] Trial 17 pruned. 
[I 2026-03-17 17:17:20,509] Trial 31 pruned. 
[I 2026-03-17 17:17:20,528] Trial 24 pruned. 
[I 2026-03-17 17:17:20,606] Trial 38 pruned. 
[I 2026-03-17 17:17:21,102] Trial 6 pruned. 
[I 2026-03-17 17:17:21,629] Trial 7 pruned. 
[I 2026-03-17 17:17:23,617] Trial 32 pruned. 
[I 2026-03-17 17:17:26,055] Trial 35 pruned. 
[I 2026-03-17 17:17:26,078] Trial 7 pruned. 
[I 2026-03-17 17:17:27,578] Trial 39 pruned. 
[I 2026-03-17 17:17:27,692] Trial 25 pruned. 
[I 2026-03-17 17:17:28,525] Trial 36 pruned. 
[I 2026-03-17 17:17:28,543] Trial 8 pruned. 
[I 2026-03-17 17:17:29,051] Trial 8 finished with value: -1.786668244949495 and parameters: {'n_layers_yy': 2, 'hidden_size_yy_l0': 2, 'hidden_size_yy_l1': 6, 'context_size_yy': 1, 'num_mix_components_yy': 5, 'context_extractor_yy': 'gru', 'activation_func_yy': 'GELU', 'L2_weight_yy': 1.2487382032667461e-05, 'L_entropy_weight_yy': 3.225521192183634e-05, 'L_sep_weight_yy': 5.892133741615616e-09, 'L_scale_weight_yy': 1.3130531262149028e-09, 'learning_rate_yy': 0.0034758811719571136}. Best is trial 8 with value: -1.786668244949495.
[I 2026-03-17 17:17:31,582] Trial 37 pruned. 
[I 2026-03-17 17:17:32,565] Trial 6 finished with value: -2.724642957378964 and parameters: {'n_layers_yy': 1, 'hidden_size_yy_l0': 6, 'context_size_yy': 1, 'num_mix_components_yy': 3, 'context_extractor_yy': 'gru', 'activation_func_yy': 'GELU', 'L2_weight_yy': 1.1342881187857179e-07, 'L_entropy_weight_yy': 3.287801599516992e-08, 'L_sep_weight_yy': 8.6654982635404e-06, 'L_scale_weight_yy': 2.08442711909591e-08, 'learning_rate_yy': 0.006277355764376055}. Best is trial 3 with value: -2.757216847916007.
[I 2026-03-17 17:17:33,342] Trial 9 pruned. 
[I 2026-03-17 17:17:34,471] Trial 26 pruned. 
[I 2026-03-17 17:17:34,731] Trial 40 pruned. 
[I 2026-03-17 17:17:35,233] Trial 9 pruned. 
[I 2026-03-17 17:17:37,674] Trial 38 pruned. 
[I 2026-03-17 17:17:37,703] Trial 10 pruned. 
[I 2026-03-17 17:17:39,720] Trial 32 finished with value: -1.6756593483334146 and parameters: {'n_layers_yy': 1, 'hidden_size_yy_l0': 6, 'context_size_yy': 4, 'num_mix_components_yy': 4, 'context_extractor_yy': 'gru', 'activation_func_yy': 'GELU', 'L2_weight_yy': 9.287460543388206e-06, 'L_entropy_weight_yy': 1.8130661919856147e-05, 'L_sep_weight_yy': 4.686188688031868e-09, 'L_scale_weight_yy': 5.801974955837642e-10, 'learning_rate_yy': 0.008345173123110053}. Best is trial 2 with value: -1.677622742403132.
[I 2026-03-17 17:17:40,038] Trial 18 pruned. 
[I 2026-03-17 17:17:40,156] Trial 7 finished with value: -2.7966873301283033 and parameters: {'n_layers_yy': 1, 'hidden_size_yy_l0': 5, 'context_size_yy': 1, 'num_mix_components_yy': 5, 'context_extractor_yy': 'gru', 'activation_func_yy': 'ReLU', 'L2_weight_yy': 9.960970228695218e-06, 'L_entropy_weight_yy': 1.3913561851132794e-08, 'L_sep_weight_yy': 7.380486333309461e-06, 'L_scale_weight_yy': 2.412271331210081e-06, 'learning_rate_yy': 0.0036638582447513232}. Best is trial 3 with value: -2.804861466675104.
[I 2026-03-17 17:17:41,669] Trial 21 finished with value: -1.9076895915928171 and parameters: {'n_layers_yy': 2, 'hidden_size_yy_l0': 4, 'hidden_size_yy_l1': 3, 'context_size_yy': 3, 'num_mix_components_yy': 5, 'context_extractor_yy': 'lstm', 'activation_func_yy': 'ReLU', 'L2_weight_yy': 4.501011202146256e-07, 'L_entropy_weight_yy': 3.2758402084783138e-06, 'L_sep_weight_yy': 3.445997564914633e-07, 'L_scale_weight_yy': 4.0126073569648534e-10, 'learning_rate_yy': 0.005295302033064284}. Best is trial 18 with value: -1.9113758963969216.
[I 2026-03-17 17:17:42,121] Trial 33 pruned. 
[I 2026-03-17 17:17:42,409] Trial 11 pruned. 
[I 2026-03-17 17:17:43,893] Trial 11 pruned. 
[I 2026-03-17 17:17:47,835] Trial 7 pruned. 
[I 2026-03-17 17:17:48,068] Trial 31 finished with value: -1.268692009550366 and parameters: {'n_layers_yy': 2, 'hidden_size_yy_l0': 6, 'hidden_size_yy_l1': 6, 'context_size_yy': 2, 'num_mix_components_yy': 4, 'context_extractor_yy': 'lstm', 'activation_func_yy': 'Tanh', 'L2_weight_yy': 1.1513713546725143e-09, 'L_entropy_weight_yy': 0.0007480352425124789, 'L_sep_weight_yy': 9.926189032001856e-09, 'L_scale_weight_yy': 3.1880952666429804e-08, 'learning_rate_yy': 0.008734829819946974}. Best is trial 28 with value: -1.2748027526517012.
[I 2026-03-17 17:17:48,634] Trial 12 pruned. 
[I 2026-03-17 17:17:48,989] Trial 34 pruned. 
[I 2026-03-17 17:17:51,949] Trial 12 pruned. 
[I 2026-03-17 17:17:55,535] Trial 20 finished with value: -1.98505175357371 and parameters: {'n_layers_yy': 2, 'hidden_size_yy_l0': 4, 'hidden_size_yy_l1': 5, 'context_size_yy': 4, 'num_mix_components_yy': 3, 'context_extractor_yy': 'gru', 'activation_func_yy': 'Tanh', 'L2_weight_yy': 0.0007904441752581274, 'L_entropy_weight_yy': 2.0543466702961277e-09, 'L_sep_weight_yy': 0.00013798789462349806, 'L_scale_weight_yy': 2.854443924025817e-09, 'learning_rate_yy': 0.004431917290767527}. Best is trial 20 with value: -1.98505175357371.
[I 2026-03-17 17:17:56,151] Trial 27 pruned. 
[I 2026-03-17 17:17:56,966] Trial 17 finished with value: -2.4474830982702267 and parameters: {'n_layers_yy': 2, 'hidden_size_yy_l0': 6, 'hidden_size_yy_l1': 5, 'context_size_yy': 3, 'num_mix_components_yy': 1, 'context_extractor_yy': 'gru', 'activation_func_yy': 'ReLU', 'L2_weight_yy': 3.3702411150576733e-06, 'L_entropy_weight_yy': 7.467006618667317e-05, 'L_sep_weight_yy': 1.0918800288118876e-07, 'L_scale_weight_yy': 1.2792548135626891e-06, 'learning_rate_yy': 0.0014119258382117223}. Best is trial 2 with value: -2.476197165819489.
[I 2026-03-17 17:17:57,069] Trial 33 pruned. 
[I 2026-03-17 17:17:59,873] Trial 13 pruned. 
[I 2026-03-17 17:18:02,367] Trial 13 pruned. 
[I 2026-03-17 17:18:03,695] Trial 32 pruned. 
[I 2026-03-17 17:18:04,311] Trial 21 pruned. 
[I 2026-03-17 17:18:04,697] Trial 14 pruned. 
[I 2026-03-17 17:18:07,105] Trial 28 finished with value: -2.6023761873016573 and parameters: {'n_layers_yy': 1, 'hidden_size_yy_l0': 6, 'context_size_yy': 4, 'num_mix_components_yy': 3, 'context_extractor_yy': 'lstm', 'activation_func_yy': 'ReLU', 'L2_weight_yy': 8.988709065002349e-07, 'L_entropy_weight_yy': 1.6761218849099536e-08, 'L_sep_weight_yy': 1.0547644556644029e-06, 'L_scale_weight_yy': 9.511820479904377e-06, 'learning_rate_yy': 0.007777147478923952}. Best is trial 7 with value: -2.6326792002135244.
[I 2026-03-17 17:18:07,532] Trial 35 pruned. 
[I 2026-03-17 17:18:08,417] Trial 22 pruned. 
[I 2026-03-17 17:18:09,183] Trial 20 finished with value: -1.7038948064814108 and parameters: {'n_layers_yy': 1, 'hidden_size_yy_l0': 2, 'context_size_yy': 2, 'num_mix_components_yy': 5, 'context_extractor_yy': 'gru', 'activation_func_yy': 'GELU', 'L2_weight_yy': 1.0986237955884808e-06, 'L_entropy_weight_yy': 2.2569655748055364e-06, 'L_sep_weight_yy': 3.350810974254629e-09, 'L_scale_weight_yy': 1.49102500283125e-08, 'learning_rate_yy': 0.009046744025103743}. Best is trial 20 with value: -1.7038948064814108.
[I 2026-03-17 17:18:09,704] Trial 18 pruned. 
[I 2026-03-17 17:18:10,593] Trial 36 pruned. 
[I 2026-03-17 17:18:10,594] Trial 41 finished with value: -1.6125313663398195 and parameters: {'n_layers_yy': 2, 'hidden_size_yy_l0': 6, 'hidden_size_yy_l1': 5, 'context_size_yy': 2, 'num_mix_components_yy': 2, 'context_extractor_yy': 'lstm', 'activation_func_yy': 'ReLU', 'L2_weight_yy': 3.2937327042206006e-05, 'L_entropy_weight_yy': 2.853007254038836e-08, 'L_sep_weight_yy': 5.755197316652902e-09, 'L_scale_weight_yy': 9.975572967825758e-08, 'learning_rate_yy': 0.007198427816011804}. Best is trial 12 with value: -1.6131555846140806.
[I 2026-03-17 17:18:12,132] Trial 23 pruned. 
[I 2026-03-17 17:18:13,371] Trial 42 pruned. 
[I 2026-03-17 17:18:13,702] Trial 29 pruned. 
[I 2026-03-17 17:18:14,337] Trial 37 pruned. 
[I 2026-03-17 17:18:14,644] Trial 19 pruned. 
[I 2026-03-17 17:18:14,881] Trial 34 pruned. 
[I 2026-03-17 17:18:16,222] Trial 8 pruned. 
[I 2026-03-17 17:18:16,806] Trial 38 pruned. 
[I 2026-03-17 17:18:17,746] Trial 35 pruned. 
[I 2026-03-17 17:18:19,149] Trial 21 pruned. 
[I 2026-03-17 17:18:20,787] Trial 30 pruned. 
[I 2026-03-17 17:18:21,475] Trial 22 finished with value: -1.9058621443563433 and parameters: {'n_layers_yy': 2, 'hidden_size_yy_l0': 3, 'hidden_size_yy_l1': 3, 'context_size_yy': 3, 'num_mix_components_yy': 4, 'context_extractor_yy': 'lstm', 'activation_func_yy': 'ReLU', 'L2_weight_yy': 3.329768358778486e-07, 'L_entropy_weight_yy': 2.5925181003674515e-06, 'L_sep_weight_yy': 5.432175085274172e-07, 'L_scale_weight_yy': 6.46983878775102e-10, 'learning_rate_yy': 0.0055206611706364655}. Best is trial 18 with value: -1.9113758963969216.
[I 2026-03-17 17:18:21,945] Trial 9 pruned. 
[I 2026-03-17 17:18:23,959] Trial 39 pruned. 
[I 2026-03-17 17:18:24,247] Trial 23 pruned. 
[I 2026-03-17 17:18:26,923] Trial 40 pruned. 
[I 2026-03-17 17:18:27,438] Trial 39 finished with value: -1.8185204223833038 and parameters: {'n_layers_yy': 2, 'hidden_size_yy_l0': 2, 'hidden_size_yy_l1': 2, 'context_size_yy': 3, 'num_mix_components_yy': 5, 'context_extractor_yy': 'lstm', 'activation_func_yy': 'ReLU', 'L2_weight_yy': 2.9243247274042372e-05, 'L_entropy_weight_yy': 2.525363730688042e-06, 'L_sep_weight_yy': 1.861791640022981e-10, 'L_scale_weight_yy': 0.0003406234041587248, 'learning_rate_yy': 0.006488971605525438}. Best is trial 2 with value: -1.824331576606496.
[I 2026-03-17 17:18:27,570] Trial 20 pruned. 
[I 2026-03-17 17:18:28,959] Trial 14 pruned. 
[I 2026-03-17 17:18:29,260] Trial 9 pruned. 
[I 2026-03-17 17:18:29,406] Trial 15 finished with value: -3.1437375346128067 and parameters: {'n_layers_yy': 1, 'hidden_size_yy_l0': 4, 'context_size_yy': 2, 'num_mix_components_yy': 5, 'context_extractor_yy': 'gru', 'activation_func_yy': 'ReLU', 'L2_weight_yy': 0.000133120366095838, 'L_entropy_weight_yy': 6.7865105184230585e-09, 'L_sep_weight_yy': 7.71103499882291e-07, 'L_scale_weight_yy': 1.2137825148661801e-08, 'learning_rate_yy': 0.005885968805272648}. Best is trial 12 with value: -3.1467977435352683.
[I 2026-03-17 17:18:29,434] Trial 22 pruned. 
[I 2026-03-17 17:18:30,644] Trial 40 pruned. 
[I 2026-03-17 17:18:31,821] Trial 24 pruned. 
[I 2026-03-17 17:18:32,853] Trial 21 pruned. 
[I 2026-03-17 17:18:32,874] Trial 15 pruned. 
[I 2026-03-17 17:18:32,965] Trial 8 pruned. 
[I 2026-03-17 17:18:33,325] Trial 41 pruned. 
[I 2026-03-17 17:18:33,577] Trial 23 pruned. 
[I 2026-03-17 17:18:33,682] Trial 41 pruned. 
[I 2026-03-17 17:18:33,874] Trial 10 pruned. 
[I 2026-03-17 17:18:34,190] Trial 33 finished with value: -1.2628672911807923 and parameters: {'n_layers_yy': 2, 'hidden_size_yy_l0': 5, 'hidden_size_yy_l1': 5, 'context_size_yy': 2, 'num_mix_components_yy': 5, 'context_extractor_yy': 'lstm', 'activation_func_yy': 'Tanh', 'L2_weight_yy': 1.462352959726708e-09, 'L_entropy_weight_yy': 5.257028239801984e-06, 'L_sep_weight_yy': 1.4628288158482214e-06, 'L_scale_weight_yy': 1.606109210580144e-07, 'learning_rate_yy': 0.00686213008293938}. Best is trial 28 with value: -1.2748027526517012.
[I 2026-03-17 17:18:34,361] Trial 10 pruned. 
[I 2026-03-17 17:18:34,912] Trial 36 pruned. 
[I 2026-03-17 17:18:35,442] Trial 26 finished with value: -2.836288688568588 and parameters: {'n_layers_yy': 1, 'hidden_size_yy_l0': 5, 'context_size_yy': 4, 'num_mix_components_yy': 4, 'context_extractor_yy': 'gru', 'activation_func_yy': 'Tanh', 'L2_weight_yy': 4.665420074761928e-10, 'L_entropy_weight_yy': 2.5084670712189697e-06, 'L_sep_weight_yy': 3.5887899351510224e-08, 'L_scale_weight_yy': 1.8170591260608552e-08, 'learning_rate_yy': 0.0047533226345750626}. Best is trial 26 with value: -2.836288688568588.
[I 2026-03-17 17:18:36,018] Trial 15 finished with value: -2.3727640569331943 and parameters: {'n_layers_yy': 2, 'hidden_size_yy_l0': 6, 'hidden_size_yy_l1': 2, 'context_size_yy': 2, 'num_mix_components_yy': 3, 'context_extractor_yy': 'lstm', 'activation_func_yy': 'Tanh', 'L2_weight_yy': 3.7216570645131257e-07, 'L_entropy_weight_yy': 0.00015521660371829493, 'L_sep_weight_yy': 1.178667031367854e-10, 'L_scale_weight_yy': 3.408168473866763e-08, 'learning_rate_yy': 0.005765224125808297}. Best is trial 9 with value: -2.373689101517566.
[I 2026-03-17 17:18:36,841] Trial 16 pruned. 
[I 2026-03-17 17:18:37,758] Trial 22 pruned. 
[I 2026-03-17 17:18:37,822] Trial 16 pruned. 
[I 2026-03-17 17:18:39,167] Trial 16 pruned. 
[I 2026-03-17 17:18:39,888] Trial 42 pruned. 
[I 2026-03-17 17:18:40,006] Trial 34 pruned. 
[I 2026-03-17 17:18:40,764] Trial 19 finished with value: -1.8548460264463682 and parameters: {'n_layers_yy': 1, 'hidden_size_yy_l0': 4, 'context_size_yy': 3, 'num_mix_components_yy': 4, 'context_extractor_yy': 'lstm', 'activation_func_yy': 'Tanh', 'L2_weight_yy': 5.668041270094562e-07, 'L_entropy_weight_yy': 2.404425816193917e-06, 'L_sep_weight_yy': 8.10047069969714e-06, 'L_scale_weight_yy': 1.3901412726965221e-09, 'learning_rate_yy': 0.00943174305110314}. Best is trial 10 with value: -1.8554935362796692.
[I 2026-03-17 17:18:41,483] Trial 37 pruned. 
[I 2026-03-17 17:18:43,444] Trial 17 pruned. 
[I 2026-03-17 17:18:44,113] Trial 24 pruned. 
[I 2026-03-17 17:18:44,179] Trial 27 pruned. 
[I 2026-03-17 17:18:45,074] Trial 38 pruned. 
[I 2026-03-17 17:18:45,083] Trial 43 finished with value: -1.611839868834422 and parameters: {'n_layers_yy': 2, 'hidden_size_yy_l0': 6, 'hidden_size_yy_l1': 6, 'context_size_yy': 2, 'num_mix_components_yy': 1, 'context_extractor_yy': 'lstm', 'activation_func_yy': 'ReLU', 'L2_weight_yy': 2.3379545319558695e-05, 'L_entropy_weight_yy': 4.746073496929827e-08, 'L_sep_weight_yy': 9.313586160081263e-10, 'L_scale_weight_yy': 2.400915180432849e-06, 'learning_rate_yy': 0.008729851870559866}. Best is trial 12 with value: -1.6131555846140806.
[I 2026-03-17 17:18:45,894] Trial 35 pruned. 
[I 2026-03-17 17:18:46,036] Trial 28 finished with value: -1.9594610530825198 and parameters: {'n_layers_yy': 1, 'hidden_size_yy_l0': 6, 'context_size_yy': 2, 'num_mix_components_yy': 4, 'context_extractor_yy': 'lstm', 'activation_func_yy': 'GELU', 'L2_weight_yy': 9.881153474238642e-06, 'L_entropy_weight_yy': 2.981173315237656e-05, 'L_sep_weight_yy': 4.32647216988302e-07, 'L_scale_weight_yy': 1.1164629879960067e-06, 'learning_rate_yy': 0.0015174320300604584}. Best is trial 1 with value: -1.9741431522447364.
[I 2026-03-17 17:18:46,263] Trial 43 pruned. 
[I 2026-03-17 17:18:46,845] Trial 13 finished with value: -2.9656979651746878 and parameters: {'n_layers_yy': 1, 'hidden_size_yy_l0': 5, 'context_size_yy': 4, 'num_mix_components_yy': 4, 'context_extractor_yy': 'gru', 'activation_func_yy': 'GELU', 'L2_weight_yy': 3.091125214592646e-08, 'L_entropy_weight_yy': 2.323305484288961e-06, 'L_sep_weight_yy': 1.6668444258664175e-06, 'L_scale_weight_yy': 0.00011689307717915592, 'learning_rate_yy': 0.002764754444442189}. Best is trial 9 with value: -2.9754424140841684.
[I 2026-03-17 17:18:46,957] Trial 11 pruned. 
[I 2026-03-17 17:18:47,418] Trial 17 pruned. 
[I 2026-03-17 17:18:48,338] Trial 20 pruned. 
[I 2026-03-17 17:18:51,238] Trial 44 pruned. 
[I 2026-03-17 17:18:51,855] Trial 36 pruned. 
[I 2026-03-17 17:18:52,384] Trial 39 pruned. 
[I 2026-03-17 17:18:52,405] Trial 12 pruned. 
[I 2026-03-17 17:18:52,490] Trial 44 pruned. 
[I 2026-03-17 17:18:52,948] Trial 18 pruned. 
[I 2026-03-17 17:18:54,323] Trial 45 pruned. 
[I 2026-03-17 17:18:54,731] Trial 45 pruned. 
[I 2026-03-17 17:18:54,737] Trial 25 pruned. 
[I 2026-03-17 17:18:56,936] Trial 46 pruned. 
[I 2026-03-17 17:18:57,338] Trial 13 pruned. 
[I 2026-03-17 17:18:59,305] Trial 17 pruned. 
[I 2026-03-17 17:19:00,176] Trial 15 finished with value: -2.4337177802722314 and parameters: {'n_layers_yy': 1, 'hidden_size_yy_l0': 6, 'context_size_yy': 2, 'num_mix_components_yy': 2, 'context_extractor_yy': 'gru', 'activation_func_yy': 'GELU', 'L2_weight_yy': 0.0008202432455726265, 'L_entropy_weight_yy': 3.221176226832537e-05, 'L_sep_weight_yy': 1.7929042150749279e-06, 'L_scale_weight_yy': 1.4983498935225133e-09, 'learning_rate_yy': 0.0039021995702303576}. Best is trial 2 with value: -2.489143682537181.
[I 2026-03-17 17:19:00,699] Trial 40 pruned. 
[I 2026-03-17 17:19:01,341] Trial 46 pruned. 
[I 2026-03-17 17:19:01,903] Trial 19 pruned. 
[I 2026-03-17 17:19:03,137] Trial 14 pruned. 
[I 2026-03-17 17:19:04,107] Trial 22 finished with value: -2.091851226633791 and parameters: {'n_layers_yy': 2, 'hidden_size_yy_l0': 2, 'hidden_size_yy_l1': 4, 'context_size_yy': 1, 'num_mix_components_yy': 5, 'context_extractor_yy': 'lstm', 'activation_func_yy': 'ReLU', 'L2_weight_yy': 2.384199700151109e-07, 'L_entropy_weight_yy': 0.00017620148376180434, 'L_sep_weight_yy': 2.8426459871159685e-08, 'L_scale_weight_yy': 4.0698696215297956e-08, 'learning_rate_yy': 0.009636411993274653}. Best is trial 22 with value: -2.091851226633791.
[I 2026-03-17 17:19:05,139] Trial 29 pruned. 
[I 2026-03-17 17:19:05,880] Trial 26 pruned. 
[I 2026-03-17 17:19:07,805] Trial 47 pruned. 
[I 2026-03-17 17:19:07,832] Trial 30 pruned. 
[I 2026-03-17 17:19:08,584] Trial 15 pruned. 
[I 2026-03-17 17:19:10,521] Trial 27 pruned. 
[I 2026-03-17 17:19:10,539] Trial 23 pruned. 
[I 2026-03-17 17:19:11,111] Trial 48 pruned. 
[I 2026-03-17 17:19:13,417] Trial 16 pruned. 
[I 2026-03-17 17:19:13,485] Trial 49 pruned. 
Optimize task 27: group_id: POm, neuron_id: 61
Starting optimization for task 27...

--- Data Summary ---
Total events for target process 11540
Data Time: 900 seconds
Using device: cuda
Number of events in target process: 11540
Only one process provided, preparing dataloaders for the reduced model.
Reduced model ln_yy : 426.48490 nats/sec, 33.26139 nats/event
Reduced model Log loss : -1.60752
Number of events in target process: 11540
Only one process provided, preparing dataloaders for the reduced model.
Reduced model ln_yy : 427.63079 nats/sec, 33.35075 nats/event
Reduced model Log loss : -1.61185
Number of events in target process: 11540
Only one process provided, preparing dataloaders for the reduced model.
Number of events in target process: 11540
Only one process provided, preparing dataloaders for the reduced model.
Number of events in target process: 11540
Only one process provided, preparing dataloaders for the reduced model.
Number of events in target process: 11540
Only one process provided, preparing dataloaders for the reduced model.
Number of events in target process: 11540
Only one process provided, preparing dataloaders for the reduced model.
Number of events in target process: 11540
Only one process provided, preparing dataloaders for the reduced model.
Reduced model ln_yy : 427.41521 nats/sec, 33.33394 nats/event
Reduced model Log loss : -1.61254
Number of events in target process: 11540
Only one process provided, preparing dataloaders for the reduced model.
Number of events in target process: 11540
Only one process provided, preparing dataloaders for the reduced model.
Number of events in target process: 11540
Only one process provided, preparing dataloaders for the reduced model.
Number of events in target process: 11540
Only one process provided, preparing dataloaders for the reduced model.
Number of events in target process: 11540
Only one process provided, preparing dataloaders for the reduced model.
Reduced model ln_yy : 424.26202 nats/sec, 33.08803 nats/event
Reduced model Log loss : -1.61316
Number of events in target process: 11540
Only one process provided, preparing dataloaders for the reduced model.
Reduced model ln_yy : 423.41303 nats/sec, 33.02181 nats/event
Reduced model Log loss : -1.61258
Number of events in target process: 11540
Only one process provided, preparing dataloaders for the reduced model.
Reduced model ln_yy : 427.19681 nats/sec, 33.31691 nats/event
Reduced model Log loss : -1.61186
Number of events in target process: 11540
Only one process provided, preparing dataloaders for the reduced model.
Number of events in target process: 11540
Only one process provided, preparing dataloaders for the reduced model.
Number of events in target process: 11540
Only one process provided, preparing dataloaders for the reduced model.
Number of events in target process: 11540
Only one process provided, preparing dataloaders for the reduced model.
Reduced model ln_yy : 427.09017 nats/sec, 33.30859 nats/event
Reduced model Log loss : -1.61271
Number of events in target process: 11540
Only one process provided, preparing dataloaders for the reduced model.
Number of events in target process: 11540
Only one process provided, preparing dataloaders for the reduced model.
Number of events in target process: 11540
Only one process provided, preparing dataloaders for the reduced model.
Number of events in target process: 11540
Only one process provided, preparing dataloaders for the reduced model.
Number of events in target process: 11540
Only one process provided, preparing dataloaders for the reduced model.
Number of events in target process: 11540
Only one process provided, preparing dataloaders for the reduced model.
Number of events in target process: 11540
Only one process provided, preparing dataloaders for the reduced model.
Number of events in target process: 11540
Only one process provided, preparing dataloaders for the reduced model.
Number of events in target process: 11540
Only one process provided, preparing dataloaders for the reduced model.
Reduced model ln_yy : 428.81083 nats/sec, 33.44279 nats/event
Reduced model Log loss : -1.61227
Number of events in target process: 11540
Only one process provided, preparing dataloaders for the reduced model.
Number of events in target process: 11540
Only one process provided, preparing dataloaders for the reduced model.
Number of events in target process: 11540
Only one process provided, preparing dataloaders for the reduced model.
Number of events in target process: 11540
Only one process provided, preparing dataloaders for the reduced model.
Reduced model ln_yy : 425.04168 nats/sec, 33.14883 nats/event
Reduced model Log loss : -1.61307
Number of events in target process: 11540
Only one process provided, preparing dataloaders for the reduced model.
Number of events in target process: 11540
Only one process provided, preparing dataloaders for the reduced model.
Number of events in target process: 11540
Only one process provided, preparing dataloaders for the reduced model.
Number of events in target process: 11540
Only one process provided, preparing dataloaders for the reduced model.
Number of events in target process: 11540
Only one process provided, preparing dataloaders for the reduced model.
Number of events in target process: 11540
Only one process provided, preparing dataloaders for the reduced model.
Number of events in target process: 11540
Only one process provided, preparing dataloaders for the reduced model.
Number of events in target process: 11540
Only one process provided, preparing dataloaders for the reduced model.
Number of events in target process: 11540
Only one process provided, preparing dataloaders for the reduced model.
Number of events in target process: 11540
Only one process provided, preparing dataloaders for the reduced model.
Reduced model ln_yy : 428.03476 nats/sec, 33.38226 nats/event
Reduced model Log loss : -1.61253
Number of events in target process: 11540
Only one process provided, preparing dataloaders for the reduced model.
Number of events in target process: 11540
Only one process provided, preparing dataloaders for the reduced model.
Reduced model ln_yy : 428.60960 nats/sec, 33.42709 nats/event
Reduced model Log loss : -1.61184
Number of events in target process: 11540
Only one process provided, preparing dataloaders for the reduced model.
Number of events in target process: 11540
Only one process provided, preparing dataloaders for the reduced model.
Number of events in target process: 11540
Only one process provided, preparing dataloaders for the reduced model.
Number of events in target process: 11540
Only one process provided, preparing dataloaders for the reduced model.
Number of events in target process: 11540
Only one process provided, preparing dataloaders for the reduced model.
Number of events in target process: 11540
Only one process provided, preparing dataloaders for the reduced model.
Best trial:
  Value: -1.6131555846140806
  Params: {'n_layers_yy': 2, 'hidden_size_yy_l0': 2, 'hidden_size_yy_l1': 6, 'context_size_yy': 3, 'num_mix_components_yy': 3, 'context_extractor_yy': 'lstm', 'activation_func_yy': 'Tanh', 'L2_weight_yy': 0.0009041581724265024, 'L_entropy_weight_yy': 5.588857933938169e-09, 'L_sep_weight_yy': 4.260772437619117e-09, 'L_scale_weight_yy': 4.2290269748325855e-08, 'learning_rate_yy': 0.004056601406219838}
Full best configuration saved to results/opt/opt_reduced_27_best_config.txt
Optimization finished.
[I 2026-03-17 17:19:14,025] Trial 16 pruned. 
[I 2026-03-17 17:19:16,408] Trial 47 pruned. 
[I 2026-03-17 17:19:17,308] Trial 24 finished with value: -1.9860150014876785 and parameters: {'n_layers_yy': 2, 'hidden_size_yy_l0': 4, 'hidden_size_yy_l1': 5, 'context_size_yy': 4, 'num_mix_components_yy': 1, 'context_extractor_yy': 'gru', 'activation_func_yy': 'Tanh', 'L2_weight_yy': 4.510505783917802e-05, 'L_entropy_weight_yy': 4.032910051616316e-08, 'L_sep_weight_yy': 7.067590837117624e-06, 'L_scale_weight_yy': 4.45561409920854e-09, 'learning_rate_yy': 0.004443320640302025}. Best is trial 24 with value: -1.9860150014876785.
[I 2026-03-17 17:19:17,423] Trial 31 finished with value: -2.602390305447814 and parameters: {'n_layers_yy': 1, 'hidden_size_yy_l0': 6, 'context_size_yy': 4, 'num_mix_components_yy': 3, 'context_extractor_yy': 'lstm', 'activation_func_yy': 'ReLU', 'L2_weight_yy': 4.648309687520692e-07, 'L_entropy_weight_yy': 1.683185589014341e-08, 'L_sep_weight_yy': 8.964936075934949e-07, 'L_scale_weight_yy': 1.0873109887502534e-05, 'learning_rate_yy': 0.008222384437626828}. Best is trial 7 with value: -2.6326792002135244.
[I 2026-03-17 17:19:19,732] Trial 17 pruned. 
[I 2026-03-17 17:19:20,250] Trial 42 finished with value: -1.8197811037025013 and parameters: {'n_layers_yy': 2, 'hidden_size_yy_l0': 2, 'hidden_size_yy_l1': 2, 'context_size_yy': 3, 'num_mix_components_yy': 5, 'context_extractor_yy': 'lstm', 'activation_func_yy': 'ReLU', 'L2_weight_yy': 0.00016754494446745698, 'L_entropy_weight_yy': 5.722204279882662e-08, 'L_sep_weight_yy': 3.452626494834322e-10, 'L_scale_weight_yy': 0.00029516548856986107, 'learning_rate_yy': 0.005858547755344209}. Best is trial 2 with value: -1.824331576606496.
[I 2026-03-17 17:19:22,625] Trial 43 pruned. 
[I 2026-03-17 17:19:28,110] Trial 25 finished with value: -1.9109804614622201 and parameters: {'n_layers_yy': 2, 'hidden_size_yy_l0': 2, 'hidden_size_yy_l1': 4, 'context_size_yy': 3, 'num_mix_components_yy': 5, 'context_extractor_yy': 'lstm', 'activation_func_yy': 'ReLU', 'L2_weight_yy': 7.041862011470711e-07, 'L_entropy_weight_yy': 6.264781523088073e-06, 'L_sep_weight_yy': 1.3642075234747358e-09, 'L_scale_weight_yy': 8.293920783794237e-09, 'learning_rate_yy': 0.005177808050810728}. Best is trial 18 with value: -1.9113758963969216.
[I 2026-03-17 17:19:30,187] Trial 41 finished with value: -1.6752983397557608 and parameters: {'n_layers_yy': 1, 'hidden_size_yy_l0': 6, 'context_size_yy': 4, 'num_mix_components_yy': 4, 'context_extractor_yy': 'gru', 'activation_func_yy': 'GELU', 'L2_weight_yy': 2.6333248105096647e-06, 'L_entropy_weight_yy': 1.866937873918725e-06, 'L_sep_weight_yy': 1.196514609508922e-08, 'L_scale_weight_yy': 1.131824495979722e-10, 'learning_rate_yy': 0.009859003657258383}. Best is trial 2 with value: -1.677622742403132.
[I 2026-03-17 17:19:33,931] Trial 18 pruned. 
[I 2026-03-17 17:19:34,094] Trial 37 finished with value: -1.2682849016736042 and parameters: {'n_layers_yy': 1, 'hidden_size_yy_l0': 4, 'context_size_yy': 2, 'num_mix_components_yy': 4, 'context_extractor_yy': 'lstm', 'activation_func_yy': 'Tanh', 'L2_weight_yy': 4.746665576755724e-09, 'L_entropy_weight_yy': 8.355044820206037e-05, 'L_sep_weight_yy': 0.0001937301829946685, 'L_scale_weight_yy': 2.6009624585388687e-08, 'learning_rate_yy': 0.005983594591158381}. Best is trial 28 with value: -1.2748027526517012.
[I 2026-03-17 17:19:34,270] Trial 18 finished with value: -1.782803375552399 and parameters: {'n_layers_yy': 2, 'hidden_size_yy_l0': 5, 'hidden_size_yy_l1': 5, 'context_size_yy': 3, 'num_mix_components_yy': 4, 'context_extractor_yy': 'lstm', 'activation_func_yy': 'GELU', 'L2_weight_yy': 1.8506649660791627e-06, 'L_entropy_weight_yy': 5.314082509281624e-06, 'L_sep_weight_yy': 1.4624430692162844e-09, 'L_scale_weight_yy': 7.061682926887682e-07, 'learning_rate_yy': 0.009926467139435348}. Best is trial 8 with value: -1.786668244949495.
[I 2026-03-17 17:19:35,545] Trial 26 pruned. 
[I 2026-03-17 17:19:37,606] Trial 23 pruned. 
[I 2026-03-17 17:19:38,073] Trial 27 pruned. 
[I 2026-03-17 17:19:38,591] Trial 19 pruned. 
[I 2026-03-17 17:19:39,255] Trial 21 finished with value: -1.8547907860346826 and parameters: {'n_layers_yy': 1, 'hidden_size_yy_l0': 4, 'context_size_yy': 3, 'num_mix_components_yy': 4, 'context_extractor_yy': 'lstm', 'activation_func_yy': 'Tanh', 'L2_weight_yy': 5.394133040185198e-07, 'L_entropy_weight_yy': 1.4877739758004465e-06, 'L_sep_weight_yy': 1.1307548484292173e-05, 'L_scale_weight_yy': 1.0209533740202057e-09, 'learning_rate_yy': 0.009536309302761973}. Best is trial 10 with value: -1.8554935362796692.
[I 2026-03-17 17:19:39,456] Trial 10 finished with value: -3.2448391031901043 and parameters: {'n_layers_yy': 1, 'hidden_size_yy_l0': 5, 'context_size_yy': 4, 'num_mix_components_yy': 5, 'context_extractor_yy': 'gru', 'activation_func_yy': 'GELU', 'L2_weight_yy': 0.0009169960470521683, 'L_entropy_weight_yy': 1.0628993855131003e-10, 'L_sep_weight_yy': 3.604818321324318e-06, 'L_scale_weight_yy': 3.6993598315412006e-09, 'learning_rate_yy': 0.003388375992373571}. Best is trial 3 with value: -3.248812548828125.
[I 2026-03-17 17:19:39,877] Trial 38 pruned. 
[I 2026-03-17 17:19:40,390] Trial 24 finished with value: -2.44579140772574 and parameters: {'n_layers_yy': 2, 'hidden_size_yy_l0': 4, 'hidden_size_yy_l1': 5, 'context_size_yy': 4, 'num_mix_components_yy': 3, 'context_extractor_yy': 'lstm', 'activation_func_yy': 'Tanh', 'L2_weight_yy': 0.0008917894030875098, 'L_entropy_weight_yy': 2.0307397699207088e-08, 'L_sep_weight_yy': 2.995113920749841e-07, 'L_scale_weight_yy': 3.710931358179767e-08, 'learning_rate_yy': 0.004009791453985245}. Best is trial 2 with value: -2.476197165819489.
[I 2026-03-17 17:19:40,609] Trial 28 pruned. 
[I 2026-03-17 17:19:41,072] Trial 28 pruned. 
[I 2026-03-17 17:19:42,307] Trial 20 pruned. 
[I 2026-03-17 17:19:44,097] Trial 29 pruned. 
[I 2026-03-17 17:19:44,804] Trial 25 pruned. 
[I 2026-03-17 17:19:46,653] Trial 19 pruned. 
[I 2026-03-17 17:19:47,204] Trial 30 pruned. 
[I 2026-03-17 17:19:48,523] Trial 28 pruned. 
[I 2026-03-17 17:19:49,560] Trial 11 finished with value: -2.800033546863494 and parameters: {'n_layers_yy': 1, 'hidden_size_yy_l0': 6, 'context_size_yy': 3, 'num_mix_components_yy': 3, 'context_extractor_yy': 'lstm', 'activation_func_yy': 'ReLU', 'L2_weight_yy': 6.2028117134302e-08, 'L_entropy_weight_yy': 5.852870911509038e-07, 'L_sep_weight_yy': 3.7231466982794064e-10, 'L_scale_weight_yy': 1.1488958284406915e-10, 'learning_rate_yy': 0.009983218079553496}. Best is trial 3 with value: -2.804861466675104.
[I 2026-03-17 17:19:51,286] Trial 31 finished with value: -1.9742766261003297 and parameters: {'n_layers_yy': 1, 'hidden_size_yy_l0': 4, 'context_size_yy': 4, 'num_mix_components_yy': 3, 'context_extractor_yy': 'lstm', 'activation_func_yy': 'ReLU', 'L2_weight_yy': 1.5398656300628746e-09, 'L_entropy_weight_yy': 0.00021958378379981303, 'L_sep_weight_yy': 1.4339389310222512e-08, 'L_scale_weight_yy': 3.711855987586791e-07, 'learning_rate_yy': 0.009981075486558294}. Best is trial 31 with value: -1.9742766261003297.
[I 2026-03-17 17:19:51,527] Trial 48 finished with value: -1.6713392846967534 and parameters: {'n_layers_yy': 2, 'hidden_size_yy_l0': 2, 'hidden_size_yy_l1': 6, 'context_size_yy': 4, 'num_mix_components_yy': 4, 'context_extractor_yy': 'gru', 'activation_func_yy': 'GELU', 'L2_weight_yy': 7.033191171504218e-05, 'L_entropy_weight_yy': 0.00024171328492147452, 'L_sep_weight_yy': 7.441832176851098e-10, 'L_scale_weight_yy': 0.00011622084895454693, 'learning_rate_yy': 0.007533880049930335}. Best is trial 48 with value: -1.6713392846967534.
[I 2026-03-17 17:19:52,372] Trial 20 pruned. 
[I 2026-03-17 17:19:52,904] Trial 21 pruned. 
[I 2026-03-17 17:19:53,854] Trial 31 pruned. 
[I 2026-03-17 17:19:56,210] Trial 26 pruned. 
[I 2026-03-17 17:19:56,514] Trial 11 pruned. 
[I 2026-03-17 17:19:56,678] Trial 32 finished with value: -2.6020711836929213 and parameters: {'n_layers_yy': 1, 'hidden_size_yy_l0': 6, 'context_size_yy': 4, 'num_mix_components_yy': 2, 'context_extractor_yy': 'lstm', 'activation_func_yy': 'ReLU', 'L2_weight_yy': 3.0000313395075295e-07, 'L_entropy_weight_yy': 3.091481566672302e-09, 'L_sep_weight_yy': 6.227685749260808e-07, 'L_scale_weight_yy': 0.0001108039128685646, 'learning_rate_yy': 0.009837350295784468}. Best is trial 7 with value: -2.6326792002135244.
[I 2026-03-17 17:19:56,794] Trial 32 pruned. 
[I 2026-03-17 17:19:56,921] Trial 29 pruned. 
[I 2026-03-17 17:19:59,763] Trial 33 pruned. 
[I 2026-03-17 17:20:01,937] Trial 18 pruned. 
[I 2026-03-17 17:20:02,862] Trial 34 pruned. 
[I 2026-03-17 17:20:03,736] Trial 22 pruned. 
[I 2026-03-17 17:20:04,952] Trial 42 finished with value: -1.6752153329698012 and parameters: {'n_layers_yy': 1, 'hidden_size_yy_l0': 6, 'context_size_yy': 4, 'num_mix_components_yy': 4, 'context_extractor_yy': 'gru', 'activation_func_yy': 'GELU', 'L2_weight_yy': 4.3007013368829444e-05, 'L_entropy_weight_yy': 2.7456817650261247e-06, 'L_sep_weight_yy': 4.532466310834984e-09, 'L_scale_weight_yy': 2.347831521067345e-10, 'learning_rate_yy': 0.005754069088337731}. Best is trial 2 with value: -1.677622742403132.
[I 2026-03-17 17:20:05,740] Trial 35 pruned. 
[I 2026-03-17 17:20:08,201] Trial 27 pruned. 
[I 2026-03-17 17:20:08,673] Trial 36 pruned. 
[I 2026-03-17 17:20:09,643] Trial 44 finished with value: -1.7957302153990398 and parameters: {'n_layers_yy': 2, 'hidden_size_yy_l0': 2, 'hidden_size_yy_l1': 2, 'context_size_yy': 4, 'num_mix_components_yy': 5, 'context_extractor_yy': 'lstm', 'activation_func_yy': 'ReLU', 'L2_weight_yy': 0.00021256737166903443, 'L_entropy_weight_yy': 2.573471765023923e-07, 'L_sep_weight_yy': 2.9250308516210306e-10, 'L_scale_weight_yy': 3.0794194243693135e-05, 'learning_rate_yy': 0.0045930829537367225}. Best is trial 2 with value: -1.824331576606496.
[I 2026-03-17 17:20:09,912] Trial 25 finished with value: -1.9603743733427699 and parameters: {'n_layers_yy': 2, 'hidden_size_yy_l0': 3, 'hidden_size_yy_l1': 5, 'context_size_yy': 4, 'num_mix_components_yy': 1, 'context_extractor_yy': 'gru', 'activation_func_yy': 'Tanh', 'L2_weight_yy': 7.606522012497822e-05, 'L_entropy_weight_yy': 3.59693363535105e-08, 'L_sep_weight_yy': 4.848891912425008e-06, 'L_scale_weight_yy': 1.427339121187473e-10, 'learning_rate_yy': 0.004512043488900247}. Best is trial 24 with value: -1.9860150014876785.
[I 2026-03-17 17:20:10,535] Trial 39 finished with value: -1.2733718533612883 and parameters: {'n_layers_yy': 1, 'hidden_size_yy_l0': 5, 'context_size_yy': 4, 'num_mix_components_yy': 5, 'context_extractor_yy': 'lstm', 'activation_func_yy': 'GELU', 'L2_weight_yy': 2.8999995380655357e-10, 'L_entropy_weight_yy': 0.00015068676426634715, 'L_sep_weight_yy': 8.96130776417246e-07, 'L_scale_weight_yy': 3.407144192909939e-05, 'learning_rate_yy': 0.00868565456542358}. Best is trial 28 with value: -1.2748027526517012.
[I 2026-03-17 17:20:10,715] Trial 9 finished with value: -2.7636669680656607 and parameters: {'n_layers_yy': 2, 'hidden_size_yy_l0': 4, 'hidden_size_yy_l1': 6, 'context_size_yy': 4, 'num_mix_components_yy': 5, 'context_extractor_yy': 'gru', 'activation_func_yy': 'Tanh', 'L2_weight_yy': 2.3500762916909108e-07, 'L_entropy_weight_yy': 5.226340476112058e-08, 'L_sep_weight_yy': 1.7567001457243262e-09, 'L_scale_weight_yy': 9.73450536225898e-10, 'learning_rate_yy': 0.0025093792754949814}. Best is trial 9 with value: -2.7636669680656607.
[I 2026-03-17 17:20:10,958] Trial 22 finished with value: -1.8507858561874675 and parameters: {'n_layers_yy': 1, 'hidden_size_yy_l0': 5, 'context_size_yy': 3, 'num_mix_components_yy': 5, 'context_extractor_yy': 'lstm', 'activation_func_yy': 'Tanh', 'L2_weight_yy': 5.141800137629935e-06, 'L_entropy_weight_yy': 4.012349213354386e-06, 'L_sep_weight_yy': 4.73673674993704e-05, 'L_scale_weight_yy': 1.1155732237588092e-09, 'learning_rate_yy': 0.006801658311883578}. Best is trial 10 with value: -1.8554935362796692.
[I 2026-03-17 17:20:10,983] Trial 24 pruned. 
[I 2026-03-17 17:20:12,185] Trial 43 pruned. 
[I 2026-03-17 17:20:12,836] Trial 28 pruned. 
[I 2026-03-17 17:20:13,194] Trial 40 pruned. 
[I 2026-03-17 17:20:13,528] Trial 20 pruned. 
[I 2026-03-17 17:20:15,132] Trial 37 pruned. 
[I 2026-03-17 17:20:15,629] Trial 25 pruned. 
[I 2026-03-17 17:20:17,685] Trial 29 pruned. 
[I 2026-03-17 17:20:18,179] Trial 26 pruned. 
[I 2026-03-17 17:20:21,813] Trial 21 pruned. 
[I 2026-03-17 17:20:24,925] Trial 19 pruned. 
[I 2026-03-17 17:20:25,200] Trial 17 finished with value: -2.4907113236623224 and parameters: {'n_layers_yy': 2, 'hidden_size_yy_l0': 3, 'hidden_size_yy_l1': 4, 'context_size_yy': 4, 'num_mix_components_yy': 5, 'context_extractor_yy': 'gru', 'activation_func_yy': 'GELU', 'L2_weight_yy': 3.4101534983113654e-05, 'L_entropy_weight_yy': 5.138406667321569e-09, 'L_sep_weight_yy': 6.151132060863105e-08, 'L_scale_weight_yy': 1.6060139226573838e-06, 'learning_rate_yy': 0.006666170470119792}. Best is trial 17 with value: -2.4907113236623224.
[I 2026-03-17 17:20:25,532] Trial 10 pruned. 
[I 2026-03-17 17:20:26,363] Trial 27 pruned. 
[I 2026-03-17 17:20:26,527] Trial 49 finished with value: -1.6705580748997708 and parameters: {'n_layers_yy': 2, 'hidden_size_yy_l0': 2, 'hidden_size_yy_l1': 6, 'context_size_yy': 4, 'num_mix_components_yy': 4, 'context_extractor_yy': 'gru', 'activation_func_yy': 'GELU', 'L2_weight_yy': 9.667815352950554e-05, 'L_entropy_weight_yy': 3.962011162104642e-08, 'L_sep_weight_yy': 6.468117934475627e-10, 'L_scale_weight_yy': 5.793519328292578e-05, 'learning_rate_yy': 0.007388590538645124}. Best is trial 48 with value: -1.6713392846967534.
Optimize task 6: group_id: BC, neuron_id: 4
Starting optimization for task 6...

--- Data Summary ---
Total events for target process 10683
Data Time: 900 seconds
Using device: cuda
Number of events in target process: 10683
Only one process provided, preparing dataloaders for the reduced model.
Reduced model ln_yy : 363.65846 nats/sec, 30.63677 nats/event
Reduced model Log loss : -1.66284
Number of events in target process: 10683
Only one process provided, preparing dataloaders for the reduced model.
Reduced model ln_yy : 362.75310 nats/sec, 30.56050 nats/event
Reduced model Log loss : -1.66718
Number of events in target process: 10683
Only one process provided, preparing dataloaders for the reduced model.
Reduced model ln_yy : 364.90269 nats/sec, 30.74159 nats/event
Reduced model Log loss : -1.66777
Number of events in target process: 10683
Only one process provided, preparing dataloaders for the reduced model.
Number of events in target process: 10683
Only one process provided, preparing dataloaders for the reduced model.
Number of events in target process: 10683
Only one process provided, preparing dataloaders for the reduced model.
Number of events in target process: 10683
Only one process provided, preparing dataloaders for the reduced model.
Number of events in target process: 10683
Only one process provided, preparing dataloaders for the reduced model.
Number of events in target process: 10683
Only one process provided, preparing dataloaders for the reduced model.
Number of events in target process: 10683
Only one process provided, preparing dataloaders for the reduced model.
Reduced model ln_yy : 361.50082 nats/sec, 30.45500 nats/event
Reduced model Log loss : -1.65420
Number of events in target process: 10683
Only one process provided, preparing dataloaders for the reduced model.
Reduced model ln_yy : 365.05229 nats/sec, 30.75420 nats/event
Reduced model Log loss : -1.67020
Number of events in target process: 10683
Only one process provided, preparing dataloaders for the reduced model.
Reduced model ln_yy : 364.96363 nats/sec, 30.74673 nats/event
Reduced model Log loss : -1.67001
Number of events in target process: 10683
Only one process provided, preparing dataloaders for the reduced model.
Number of events in target process: 10683
Only one process provided, preparing dataloaders for the reduced model.
Number of events in target process: 10683
Only one process provided, preparing dataloaders for the reduced model.
Number of events in target process: 10683
Only one process provided, preparing dataloaders for the reduced model.
Number of events in target process: 10683
Only one process provided, preparing dataloaders for the reduced model.
Number of events in target process: 10683
Only one process provided, preparing dataloaders for the reduced model.
Reduced model ln_yy : 363.50468 nats/sec, 30.62381 nats/event
Reduced model Log loss : -1.67119
Number of events in target process: 10683
Only one process provided, preparing dataloaders for the reduced model.
Number of events in target process: 10683
Only one process provided, preparing dataloaders for the reduced model.
Number of events in target process: 10683
Only one process provided, preparing dataloaders for the reduced model.
Number of events in target process: 10683
Only one process provided, preparing dataloaders for the reduced model.
Number of events in target process: 10683
Only one process provided, preparing dataloaders for the reduced model.
Number of events in target process: 10683
Only one process provided, preparing dataloaders for the reduced model.
Number of events in target process: 10683
Only one process provided, preparing dataloaders for the reduced model.
Number of events in target process: 10683
Only one process provided, preparing dataloaders for the reduced model.
Number of events in target process: 10683
Only one process provided, preparing dataloaders for the reduced model.
Reduced model ln_yy : 358.93132 nats/sec, 30.23853 nats/event
Reduced model Log loss : -1.67035
Number of events in target process: 10683
Only one process provided, preparing dataloaders for the reduced model.
Number of events in target process: 10683
Only one process provided, preparing dataloaders for the reduced model.
Number of events in target process: 10683
Only one process provided, preparing dataloaders for the reduced model.
Number of events in target process: 10683
Only one process provided, preparing dataloaders for the reduced model.
Number of events in target process: 10683
Only one process provided, preparing dataloaders for the reduced model.
Number of events in target process: 10683
Only one process provided, preparing dataloaders for the reduced model.
Number of events in target process: 10683
Only one process provided, preparing dataloaders for the reduced model.
Number of events in target process: 10683
Only one process provided, preparing dataloaders for the reduced model.
Number of events in target process: 10683
Only one process provided, preparing dataloaders for the reduced model.
Number of events in target process: 10683
Only one process provided, preparing dataloaders for the reduced model.
Number of events in target process: 10683
Only one process provided, preparing dataloaders for the reduced model.
Number of events in target process: 10683
Only one process provided, preparing dataloaders for the reduced model.
Number of events in target process: 10683
Only one process provided, preparing dataloaders for the reduced model.
Number of events in target process: 10683
Only one process provided, preparing dataloaders for the reduced model.
Number of events in target process: 10683
Only one process provided, preparing dataloaders for the reduced model.
Number of events in target process: 10683
Only one process provided, preparing dataloaders for the reduced model.
Number of events in target process: 10683
Only one process provided, preparing dataloaders for the reduced model.
Number of events in target process: 10683
Only one process provided, preparing dataloaders for the reduced model.
Number of events in target process: 10683
Only one process provided, preparing dataloaders for the reduced model.
Number of events in target process: 10683
Only one process provided, preparing dataloaders for the reduced model.
Number of events in target process: 10683
Only one process provided, preparing dataloaders for the reduced model.
Number of events in target process: 10683
Only one process provided, preparing dataloaders for the reduced model.
Reduced model ln_yy : 360.99465 nats/sec, 30.41235 nats/event
Reduced model Log loss : -1.67134
Number of events in target process: 10683
Only one process provided, preparing dataloaders for the reduced model.
Reduced model ln_yy : 360.08838 nats/sec, 30.33600 nats/event
Reduced model Log loss : -1.67056
Best trial:
  Value: -1.6713392846967534
  Params: {'n_layers_yy': 2, 'hidden_size_yy_l0': 2, 'hidden_size_yy_l1': 6, 'context_size_yy': 4, 'num_mix_components_yy': 4, 'context_extractor_yy': 'gru', 'activation_func_yy': 'GELU', 'L2_weight_yy': 7.033191171504218e-05, 'L_entropy_weight_yy': 0.00024171328492147452, 'L_sep_weight_yy': 7.441832176851098e-10, 'L_scale_weight_yy': 0.00011622084895454693, 'learning_rate_yy': 0.007533880049930335}
Full best configuration saved to results/opt/opt_reduced_6_best_config.txt
Optimization finished.
[I 2026-03-17 17:20:27,509] Trial 26 pruned. 
[I 2026-03-17 17:20:29,963] Trial 28 pruned. 
[I 2026-03-17 17:20:31,180] Trial 11 pruned. 
[I 2026-03-17 17:20:31,649] Trial 44 pruned. 
[I 2026-03-17 17:20:32,860] Trial 14 finished with value: -2.9749341879117024 and parameters: {'n_layers_yy': 1, 'hidden_size_yy_l0': 6, 'context_size_yy': 4, 'num_mix_components_yy': 5, 'context_extractor_yy': 'gru', 'activation_func_yy': 'Tanh', 'L2_weight_yy': 1.1469964782242459e-05, 'L_entropy_weight_yy': 1.563779584196248e-06, 'L_sep_weight_yy': 1.574744313947596e-05, 'L_scale_weight_yy': 1.413753363778066e-10, 'learning_rate_yy': 0.006919424310370335}. Best is trial 9 with value: -2.9754424140841684.
[I 2026-03-17 17:20:34,680] Trial 8 finished with value: -2.2716534804830935 and parameters: {'n_layers_yy': 2, 'hidden_size_yy_l0': 4, 'hidden_size_yy_l1': 3, 'context_size_yy': 4, 'num_mix_components_yy': 1, 'context_extractor_yy': 'lstm', 'activation_func_yy': 'Tanh', 'L2_weight_yy': 1.8073455684462769e-10, 'L_entropy_weight_yy': 4.098918954109142e-06, 'L_sep_weight_yy': 4.146929434178603e-10, 'L_scale_weight_yy': 1.1226222160962095e-08, 'learning_rate_yy': 0.0015733373436579619}. Best is trial 0 with value: -2.289111866011322.
[I 2026-03-17 17:20:35,261] Trial 38 finished with value: -1.8937020828474813 and parameters: {'n_layers_yy': 2, 'hidden_size_yy_l0': 6, 'hidden_size_yy_l1': 3, 'context_size_yy': 3, 'num_mix_components_yy': 1, 'context_extractor_yy': 'lstm', 'activation_func_yy': 'GELU', 'L2_weight_yy': 9.914005999258402e-06, 'L_entropy_weight_yy': 1.3385049535314657e-09, 'L_sep_weight_yy': 3.836444700776182e-06, 'L_scale_weight_yy': 4.3316818979321913e-10, 'learning_rate_yy': 0.005365946788305805}. Best is trial 18 with value: -1.9113758963969216.
[I 2026-03-17 17:20:37,535] Trial 39 pruned. 
[I 2026-03-17 17:20:38,156] Trial 41 finished with value: -1.270133711273701 and parameters: {'n_layers_yy': 1, 'hidden_size_yy_l0': 6, 'context_size_yy': 4, 'num_mix_components_yy': 5, 'context_extractor_yy': 'lstm', 'activation_func_yy': 'GELU', 'L2_weight_yy': 1.2110150891479102e-09, 'L_entropy_weight_yy': 0.0002867720015371317, 'L_sep_weight_yy': 1.5232776692802158e-05, 'L_scale_weight_yy': 5.267792771646071e-05, 'learning_rate_yy': 0.008251115432941665}. Best is trial 28 with value: -1.2748027526517012.
[I 2026-03-17 17:20:38,300] Trial 27 pruned. 
[I 2026-03-17 17:20:39,165] Trial 45 finished with value: -1.823922484216956 and parameters: {'n_layers_yy': 2, 'hidden_size_yy_l0': 6, 'hidden_size_yy_l1': 6, 'context_size_yy': 3, 'num_mix_components_yy': 5, 'context_extractor_yy': 'lstm', 'activation_func_yy': 'ReLU', 'L2_weight_yy': 4.207527367382901e-06, 'L_entropy_weight_yy': 1.2622117246842515e-08, 'L_sep_weight_yy': 5.2368465719104656e-05, 'L_scale_weight_yy': 2.242881253792537e-09, 'learning_rate_yy': 0.00864047915674448}. Best is trial 2 with value: -1.824331576606496.
[I 2026-03-17 17:20:40,913] Trial 42 pruned. 
[I 2026-03-17 17:20:40,942] Trial 46 pruned. 
[I 2026-03-17 17:20:42,579] Trial 28 pruned. 
[I 2026-03-17 17:20:43,354] Trial 43 pruned. 
[I 2026-03-17 17:20:45,630] Trial 44 pruned. 
[I 2026-03-17 17:20:46,529] Trial 30 finished with value: -2.447192787139576 and parameters: {'n_layers_yy': 1, 'hidden_size_yy_l0': 5, 'context_size_yy': 4, 'num_mix_components_yy': 1, 'context_extractor_yy': 'lstm', 'activation_func_yy': 'GELU', 'L2_weight_yy': 1.1631638837682812e-07, 'L_entropy_weight_yy': 2.508269900907835e-07, 'L_sep_weight_yy': 1.629342506393517e-07, 'L_scale_weight_yy': 2.30739547393901e-05, 'learning_rate_yy': 0.005512268706298343}. Best is trial 2 with value: -2.476197165819489.
[I 2026-03-17 17:20:47,896] Trial 45 pruned. 
[I 2026-03-17 17:20:47,909] Trial 32 finished with value: -1.9741322228095615 and parameters: {'n_layers_yy': 1, 'hidden_size_yy_l0': 4, 'context_size_yy': 4, 'num_mix_components_yy': 3, 'context_extractor_yy': 'lstm', 'activation_func_yy': 'ReLU', 'L2_weight_yy': 3.84003230385025e-08, 'L_entropy_weight_yy': 0.00010207938312772639, 'L_sep_weight_yy': 1.1307007554088164e-07, 'L_scale_weight_yy': 4.893127737164556e-06, 'learning_rate_yy': 0.00977123136250961}. Best is trial 31 with value: -1.9742766261003297.
[I 2026-03-17 17:20:48,162] Trial 33 pruned. 
[I 2026-03-17 17:20:50,963] Trial 31 pruned. 
[I 2026-03-17 17:20:53,618] Trial 33 pruned. 
[I 2026-03-17 17:20:54,093] Trial 46 pruned. 
[I 2026-03-17 17:20:54,357] Trial 23 finished with value: -1.8548291497815423 and parameters: {'n_layers_yy': 1, 'hidden_size_yy_l0': 6, 'context_size_yy': 4, 'num_mix_components_yy': 4, 'context_extractor_yy': 'lstm', 'activation_func_yy': 'Tanh', 'L2_weight_yy': 1.3492445499170508e-05, 'L_entropy_weight_yy': 4.149029465819023e-07, 'L_sep_weight_yy': 2.8279360566019245e-06, 'L_scale_weight_yy': 2.527748517508445e-08, 'learning_rate_yy': 0.0049015940521513115}. Best is trial 10 with value: -1.8554935362796692.
[I 2026-03-17 17:20:57,024] Trial 47 pruned. 
[I 2026-03-17 17:20:58,370] Trial 47 finished with value: -1.795148495965606 and parameters: {'n_layers_yy': 2, 'hidden_size_yy_l0': 5, 'hidden_size_yy_l1': 6, 'context_size_yy': 3, 'num_mix_components_yy': 5, 'context_extractor_yy': 'lstm', 'activation_func_yy': 'ReLU', 'L2_weight_yy': 1.3495190958421685e-05, 'L_entropy_weight_yy': 2.5193412670705206e-10, 'L_sep_weight_yy': 3.619985156937906e-05, 'L_scale_weight_yy': 1.0142326657463455e-10, 'learning_rate_yy': 0.005222527365307491}. Best is trial 2 with value: -1.824331576606496.
[I 2026-03-17 17:20:59,330] Trial 48 pruned. 
[I 2026-03-17 17:20:59,829] Trial 34 pruned. 
[I 2026-03-17 17:21:00,068] Trial 30 finished with value: -2.8359719475786607 and parameters: {'n_layers_yy': 1, 'hidden_size_yy_l0': 5, 'context_size_yy': 4, 'num_mix_components_yy': 4, 'context_extractor_yy': 'gru', 'activation_func_yy': 'ReLU', 'L2_weight_yy': 3.39929469483473e-05, 'L_entropy_weight_yy': 1.1306947791949777e-10, 'L_sep_weight_yy': 2.3401695992696446e-07, 'L_scale_weight_yy': 1.0001658273336414e-10, 'learning_rate_yy': 0.00840281246194908}. Best is trial 26 with value: -2.836288688568588.
[I 2026-03-17 17:21:00,517] Trial 23 finished with value: -1.7824084349352904 and parameters: {'n_layers_yy': 2, 'hidden_size_yy_l0': 6, 'hidden_size_yy_l1': 5, 'context_size_yy': 3, 'num_mix_components_yy': 4, 'context_extractor_yy': 'lstm', 'activation_func_yy': 'GELU', 'L2_weight_yy': 4.3818672231889274e-05, 'L_entropy_weight_yy': 0.00013423764333918617, 'L_sep_weight_yy': 1.4945920447535697e-07, 'L_scale_weight_yy': 2.498886284527952e-05, 'learning_rate_yy': 0.009793684697222573}. Best is trial 8 with value: -1.786668244949495.
[I 2026-03-17 17:21:00,555] Trial 48 pruned. 
[I 2026-03-17 17:21:00,991] Trial 24 pruned. 
[I 2026-03-17 17:21:02,464] Trial 35 pruned. 
[I 2026-03-17 17:21:02,487] Trial 20 finished with value: -3.117078037457524 and parameters: {'n_layers_yy': 1, 'hidden_size_yy_l0': 5, 'context_size_yy': 3, 'num_mix_components_yy': 4, 'context_extractor_yy': 'gru', 'activation_func_yy': 'ReLU', 'L2_weight_yy': 0.0003269455020090914, 'L_entropy_weight_yy': 1.456779915773332e-07, 'L_sep_weight_yy': 0.0007204142029493426, 'L_scale_weight_yy': 1.8535222904044874e-08, 'learning_rate_yy': 0.00982328702616572}. Best is trial 12 with value: -3.1467977435352683.
[I 2026-03-17 17:21:03,858] Trial 29 pruned. 
[I 2026-03-17 17:21:04,341] Trial 24 pruned. 
[I 2026-03-17 17:21:05,071] Trial 36 pruned. 
[I 2026-03-17 17:21:05,727] Trial 49 pruned. 
Optimize task 5: group_id: BC, neuron_id: 3
Starting optimization for task 5...

--- Data Summary ---
Total events for target process 5634
Data Time: 900 seconds
Using device: cuda
Number of events in target process: 5634
Only one process provided, preparing dataloaders for the reduced model.
Reduced model ln_yy : 88.67328 nats/sec, 14.16506 nats/event
Reduced model Log loss : -1.25724
Number of events in target process: 5634
Only one process provided, preparing dataloaders for the reduced model.
Reduced model ln_yy : 88.09672 nats/sec, 14.07296 nats/event
Reduced model Log loss : -1.26002
Number of events in target process: 5634
Only one process provided, preparing dataloaders for the reduced model.
Number of events in target process: 5634
Only one process provided, preparing dataloaders for the reduced model.
Reduced model ln_yy : 86.50156 nats/sec, 13.81814 nats/event
Reduced model Log loss : -1.23977
Number of events in target process: 5634
Only one process provided, preparing dataloaders for the reduced model.
Number of events in target process: 5634
Only one process provided, preparing dataloaders for the reduced model.
Reduced model ln_yy : 86.59447 nats/sec, 13.83298 nats/event
Reduced model Log loss : -1.24103
Number of events in target process: 5634
Only one process provided, preparing dataloaders for the reduced model.
Number of events in target process: 5634
Only one process provided, preparing dataloaders for the reduced model.
Number of events in target process: 5634
Only one process provided, preparing dataloaders for the reduced model.
Number of events in target process: 5634
Only one process provided, preparing dataloaders for the reduced model.
Reduced model ln_yy : 88.52216 nats/sec, 14.14092 nats/event
Reduced model Log loss : -1.27188
Number of events in target process: 5634
Only one process provided, preparing dataloaders for the reduced model.
Number of events in target process: 5634
Only one process provided, preparing dataloaders for the reduced model.
Reduced model ln_yy : 87.70505 nats/sec, 14.01039 nats/event
Reduced model Log loss : -1.26884
Number of events in target process: 5634
Only one process provided, preparing dataloaders for the reduced model.
Number of events in target process: 5634
Only one process provided, preparing dataloaders for the reduced model.
Number of events in target process: 5634
Only one process provided, preparing dataloaders for the reduced model.
Number of events in target process: 5634
Only one process provided, preparing dataloaders for the reduced model.
Number of events in target process: 5634
Only one process provided, preparing dataloaders for the reduced model.
Reduced model ln_yy : 87.12491 nats/sec, 13.91772 nats/event
Reduced model Log loss : -1.23199
Number of events in target process: 5634
Only one process provided, preparing dataloaders for the reduced model.
Number of events in target process: 5634
Only one process provided, preparing dataloaders for the reduced model.
Reduced model ln_yy : 88.49697 nats/sec, 14.13690 nats/event
Reduced model Log loss : -1.26110
Number of events in target process: 5634
Only one process provided, preparing dataloaders for the reduced model.
Reduced model ln_yy : 87.06991 nats/sec, 13.90893 nats/event
Reduced model Log loss : -1.27447
Number of events in target process: 5634
Only one process provided, preparing dataloaders for the reduced model.
Number of events in target process: 5634
Only one process provided, preparing dataloaders for the reduced model.
Number of events in target process: 5634
Only one process provided, preparing dataloaders for the reduced model.
Number of events in target process: 5634
Only one process provided, preparing dataloaders for the reduced model.
Number of events in target process: 5634
Only one process provided, preparing dataloaders for the reduced model.
Number of events in target process: 5634
Only one process provided, preparing dataloaders for the reduced model.
Number of events in target process: 5634
Only one process provided, preparing dataloaders for the reduced model.
Number of events in target process: 5634
Only one process provided, preparing dataloaders for the reduced model.
Number of events in target process: 5634
Only one process provided, preparing dataloaders for the reduced model.
Reduced model ln_yy : 89.23594 nats/sec, 14.25494 nats/event
Reduced model Log loss : -1.27480
Number of events in target process: 5634
Only one process provided, preparing dataloaders for the reduced model.
Number of events in target process: 5634
Only one process provided, preparing dataloaders for the reduced model.
Number of events in target process: 5634
Only one process provided, preparing dataloaders for the reduced model.
Reduced model ln_yy : 88.15264 nats/sec, 14.08189 nats/event
Reduced model Log loss : -1.26869
Number of events in target process: 5634
Only one process provided, preparing dataloaders for the reduced model.
Number of events in target process: 5634
Only one process provided, preparing dataloaders for the reduced model.
Reduced model ln_yy : 89.68940 nats/sec, 14.32738 nats/event
Reduced model Log loss : -1.26287
Number of events in target process: 5634
Only one process provided, preparing dataloaders for the reduced model.
Number of events in target process: 5634
Only one process provided, preparing dataloaders for the reduced model.
Number of events in target process: 5634
Only one process provided, preparing dataloaders for the reduced model.
Number of events in target process: 5634
Only one process provided, preparing dataloaders for the reduced model.
Reduced model ln_yy : 87.56880 nats/sec, 13.98863 nats/event
Reduced model Log loss : -1.26828
Number of events in target process: 5634
Only one process provided, preparing dataloaders for the reduced model.
Number of events in target process: 5634
Only one process provided, preparing dataloaders for the reduced model.
Reduced model ln_yy : 87.98464 nats/sec, 14.05505 nats/event
Reduced model Log loss : -1.27337
Number of events in target process: 5634
Only one process provided, preparing dataloaders for the reduced model.
Number of events in target process: 5634
Only one process provided, preparing dataloaders for the reduced model.
Reduced model ln_yy : 87.70576 nats/sec, 14.01050 nats/event
Reduced model Log loss : -1.27013
Number of events in target process: 5634
Only one process provided, preparing dataloaders for the reduced model.
Number of events in target process: 5634
Only one process provided, preparing dataloaders for the reduced model.
Number of events in target process: 5634
Only one process provided, preparing dataloaders for the reduced model.
Number of events in target process: 5634
Only one process provided, preparing dataloaders for the reduced model.
Number of events in target process: 5634
Only one process provided, preparing dataloaders for the reduced model.
Number of events in target process: 5634
Only one process provided, preparing dataloaders for the reduced model.
Number of events in target process: 5634
Only one process provided, preparing dataloaders for the reduced model.
Number of events in target process: 5634
Only one process provided, preparing dataloaders for the reduced model.
Best trial:
  Value: -1.2748027526517012
  Params: {'n_layers_yy': 2, 'hidden_size_yy_l0': 5, 'hidden_size_yy_l1': 6, 'context_size_yy': 1, 'num_mix_components_yy': 4, 'context_extractor_yy': 'lstm', 'activation_func_yy': 'Tanh', 'L2_weight_yy': 1.3255904275855953e-09, 'L_entropy_weight_yy': 5.821799129313137e-05, 'L_sep_weight_yy': 1.270248671579296e-07, 'L_scale_weight_yy': 2.9994504713927185e-08, 'learning_rate_yy': 0.008359142491044195}
Full best configuration saved to results/opt/opt_reduced_5_best_config.txt
Optimization finished.
[I 2026-03-17 17:21:07,410] Trial 25 pruned. 
[I 2026-03-17 17:21:08,881] Trial 45 finished with value: -1.6786319708835615 and parameters: {'n_layers_yy': 1, 'hidden_size_yy_l0': 5, 'context_size_yy': 4, 'num_mix_components_yy': 4, 'context_extractor_yy': 'gru', 'activation_func_yy': 'GELU', 'L2_weight_yy': 8.163342667154047e-06, 'L_entropy_weight_yy': 1.1431126275498101e-07, 'L_sep_weight_yy': 5.1012095903483466e-08, 'L_scale_weight_yy': 5.254157077180578e-10, 'learning_rate_yy': 0.006580081996240567}. Best is trial 45 with value: -1.6786319708835615.
[I 2026-03-17 17:21:10,454] Trial 26 pruned. 
[I 2026-03-17 17:21:11,434] Trial 46 pruned. 
[I 2026-03-17 17:21:11,853] Trial 12 pruned. 
[I 2026-03-17 17:21:11,930] Trial 29 pruned. 
[I 2026-03-17 17:21:13,361] Trial 27 pruned. 
[I 2026-03-17 17:21:14,215] Trial 25 pruned. 
[I 2026-03-17 17:21:14,270] Trial 47 pruned. 
[I 2026-03-17 17:21:16,848] Trial 40 pruned. 
[I 2026-03-17 17:21:18,173] Trial 26 pruned. 
[I 2026-03-17 17:21:18,967] Trial 41 pruned. 
[I 2026-03-17 17:21:19,571] Trial 29 finished with value: -1.9839340462066386 and parameters: {'n_layers_yy': 2, 'hidden_size_yy_l0': 4, 'hidden_size_yy_l1': 5, 'context_size_yy': 3, 'num_mix_components_yy': 3, 'context_extractor_yy': 'gru', 'activation_func_yy': 'GELU', 'L2_weight_yy': 2.575523755944907e-06, 'L_entropy_weight_yy': 6.246546868714695e-10, 'L_sep_weight_yy': 6.587963614400956e-05, 'L_scale_weight_yy': 1.742763498655986e-08, 'learning_rate_yy': 0.007480434624090018}. Best is trial 24 with value: -1.9860150014876785.
[I 2026-03-17 17:21:21,429] Trial 42 pruned. 
[I 2026-03-17 17:21:22,322] Trial 21 pruned. 
[I 2026-03-17 17:21:22,686] Trial 30 pruned. 
[I 2026-03-17 17:21:22,940] Trial 37 pruned. 
[I 2026-03-17 17:21:25,901] Trial 13 pruned. 
[I 2026-03-17 17:21:26,052] Trial 49 finished with value: -1.8196118137365875 and parameters: {'n_layers_yy': 2, 'hidden_size_yy_l0': 5, 'hidden_size_yy_l1': 6, 'context_size_yy': 4, 'num_mix_components_yy': 5, 'context_extractor_yy': 'lstm', 'activation_func_yy': 'ReLU', 'L2_weight_yy': 5.597256572057091e-06, 'L_entropy_weight_yy': 1.3784216888458792e-07, 'L_sep_weight_yy': 1.3526167757771722e-05, 'L_scale_weight_yy': 2.4742870219891006e-09, 'learning_rate_yy': 0.008520391876926431}. Best is trial 2 with value: -1.824331576606496.
Optimize task 25: group_id: POm, neuron_id: 59
Starting optimization for task 25...

--- Data Summary ---
Total events for target process 9421
Data Time: 900 seconds
Using device: cuda
Number of events in target process: 9421
Only one process provided, preparing dataloaders for the reduced model.
Reduced model ln_yy : 305.64848 nats/sec, 29.19898 nats/event
Reduced model Log loss : -1.81648
Number of events in target process: 9421
Only one process provided, preparing dataloaders for the reduced model.
Number of events in target process: 9421
Only one process provided, preparing dataloaders for the reduced model.
Reduced model ln_yy : 304.69417 nats/sec, 29.10782 nats/event
Reduced model Log loss : -1.82433
Number of events in target process: 9421
Only one process provided, preparing dataloaders for the reduced model.
Number of events in target process: 9421
Only one process provided, preparing dataloaders for the reduced model.
Number of events in target process: 9421
Only one process provided, preparing dataloaders for the reduced model.
Number of events in target process: 9421
Only one process provided, preparing dataloaders for the reduced model.
Number of events in target process: 9421
Only one process provided, preparing dataloaders for the reduced model.
Reduced model ln_yy : 301.68462 nats/sec, 28.82031 nats/event
Reduced model Log loss : -1.79522
Number of events in target process: 9421
Only one process provided, preparing dataloaders for the reduced model.
Reduced model ln_yy : 302.35929 nats/sec, 28.88476 nats/event
Reduced model Log loss : -1.79629
Number of events in target process: 9421
Only one process provided, preparing dataloaders for the reduced model.
Number of events in target process: 9421
Only one process provided, preparing dataloaders for the reduced model.
Number of events in target process: 9421
Only one process provided, preparing dataloaders for the reduced model.
Number of events in target process: 9421
Only one process provided, preparing dataloaders for the reduced model.
Reduced model ln_yy : 303.10517 nats/sec, 28.95602 nats/event
Reduced model Log loss : -1.79398
Number of events in target process: 9421
Only one process provided, preparing dataloaders for the reduced model.
Reduced model ln_yy : 300.87717 nats/sec, 28.74318 nats/event
Reduced model Log loss : -1.79208
Number of events in target process: 9421
Only one process provided, preparing dataloaders for the reduced model.
Number of events in target process: 9421
Only one process provided, preparing dataloaders for the reduced model.
Number of events in target process: 9421
Only one process provided, preparing dataloaders for the reduced model.
Number of events in target process: 9421
Only one process provided, preparing dataloaders for the reduced model.
Number of events in target process: 9421
Only one process provided, preparing dataloaders for the reduced model.
Number of events in target process: 9421
Only one process provided, preparing dataloaders for the reduced model.
Number of events in target process: 9421
Only one process provided, preparing dataloaders for the reduced model.
Reduced model ln_yy : 301.28838 nats/sec, 28.78246 nats/event
Reduced model Log loss : -1.79646
Number of events in target process: 9421
Only one process provided, preparing dataloaders for the reduced model.
Number of events in target process: 9421
Only one process provided, preparing dataloaders for the reduced model.
Number of events in target process: 9421
Only one process provided, preparing dataloaders for the reduced model.
Number of events in target process: 9421
Only one process provided, preparing dataloaders for the reduced model.
Number of events in target process: 9421
Only one process provided, preparing dataloaders for the reduced model.
Number of events in target process: 9421
Only one process provided, preparing dataloaders for the reduced model.
Number of events in target process: 9421
Only one process provided, preparing dataloaders for the reduced model.
Number of events in target process: 9421
Only one process provided, preparing dataloaders for the reduced model.
Number of events in target process: 9421
Only one process provided, preparing dataloaders for the reduced model.
Number of events in target process: 9421
Only one process provided, preparing dataloaders for the reduced model.
Reduced model ln_yy : 302.38860 nats/sec, 28.88756 nats/event
Reduced model Log loss : -1.79658
Number of events in target process: 9421
Only one process provided, preparing dataloaders for the reduced model.
Number of events in target process: 9421
Only one process provided, preparing dataloaders for the reduced model.
Number of events in target process: 9421
Only one process provided, preparing dataloaders for the reduced model.
Number of events in target process: 9421
Only one process provided, preparing dataloaders for the reduced model.
Number of events in target process: 9421
Only one process provided, preparing dataloaders for the reduced model.
Number of events in target process: 9421
Only one process provided, preparing dataloaders for the reduced model.
Number of events in target process: 9421
Only one process provided, preparing dataloaders for the reduced model.
Number of events in target process: 9421
Only one process provided, preparing dataloaders for the reduced model.
Number of events in target process: 9421
Only one process provided, preparing dataloaders for the reduced model.
Reduced model ln_yy : 306.43050 nats/sec, 29.27369 nats/event
Reduced model Log loss : -1.81852
Number of events in target process: 9421
Only one process provided, preparing dataloaders for the reduced model.
Number of events in target process: 9421
Only one process provided, preparing dataloaders for the reduced model.
Number of events in target process: 9421
Only one process provided, preparing dataloaders for the reduced model.
Reduced model ln_yy : 304.16927 nats/sec, 29.05767 nats/event
Reduced model Log loss : -1.81978
Number of events in target process: 9421
Only one process provided, preparing dataloaders for the reduced model.
Number of events in target process: 9421
Only one process provided, preparing dataloaders for the reduced model.
Reduced model ln_yy : 304.50674 nats/sec, 29.08991 nats/event
Reduced model Log loss : -1.79573
Number of events in target process: 9421
Only one process provided, preparing dataloaders for the reduced model.
Reduced model ln_yy : 305.96273 nats/sec, 29.22901 nats/event
Reduced model Log loss : -1.82392
Number of events in target process: 9421
Only one process provided, preparing dataloaders for the reduced model.
Number of events in target process: 9421
Only one process provided, preparing dataloaders for the reduced model.
Reduced model ln_yy : 302.33631 nats/sec, 28.88257 nats/event
Reduced model Log loss : -1.79515
Number of events in target process: 9421
Only one process provided, preparing dataloaders for the reduced model.
Number of events in target process: 9421
Only one process provided, preparing dataloaders for the reduced model.
Reduced model ln_yy : 306.48449 nats/sec, 29.27885 nats/event
Reduced model Log loss : -1.81961
Best trial:
  Value: -1.824331576606496
  Params: {'n_layers_yy': 2, 'hidden_size_yy_l0': 2, 'hidden_size_yy_l1': 5, 'context_size_yy': 2, 'num_mix_components_yy': 5, 'context_extractor_yy': 'gru', 'activation_func_yy': 'GELU', 'L2_weight_yy': 8.099959629893594e-08, 'L_entropy_weight_yy': 4.163334274769701e-10, 'L_sep_weight_yy': 2.328888827369102e-10, 'L_scale_weight_yy': 1.83361605570531e-06, 'learning_rate_yy': 0.0014265771164578037}
Full best configuration saved to results/opt/opt_reduced_25_best_config.txt
Optimization finished.
[I 2026-03-17 17:21:27,783] Trial 27 pruned. 
[I 2026-03-17 17:21:29,680] Trial 38 pruned. 
[I 2026-03-17 17:21:29,907] Trial 48 pruned. 
[I 2026-03-17 17:21:30,996] Trial 14 pruned. 
[I 2026-03-17 17:21:31,626] Trial 28 pruned. 
[I 2026-03-17 17:21:31,908] Trial 12 finished with value: -2.806977931381423 and parameters: {'n_layers_yy': 1, 'hidden_size_yy_l0': 6, 'context_size_yy': 3, 'num_mix_components_yy': 3, 'context_extractor_yy': 'lstm', 'activation_func_yy': 'ReLU', 'L2_weight_yy': 0.00020942527373482163, 'L_entropy_weight_yy': 1.0628736431547562e-07, 'L_sep_weight_yy': 3.4085640908542034e-08, 'L_scale_weight_yy': 2.0794026931985573e-08, 'learning_rate_yy': 0.005913827839212337}. Best is trial 12 with value: -2.806977931381423.
[I 2026-03-17 17:21:32,049] Trial 39 pruned. 
[I 2026-03-17 17:21:34,266] Trial 29 pruned. 
[I 2026-03-17 17:21:34,622] Trial 40 pruned. 
[I 2026-03-17 17:21:36,245] Trial 18 finished with value: -2.4920728800472483 and parameters: {'n_layers_yy': 2, 'hidden_size_yy_l0': 3, 'hidden_size_yy_l1': 4, 'context_size_yy': 3, 'num_mix_components_yy': 5, 'context_extractor_yy': 'gru', 'activation_func_yy': 'GELU', 'L2_weight_yy': 6.92166694564829e-05, 'L_entropy_weight_yy': 5.415727270834393e-09, 'L_sep_weight_yy': 5.0781710010944835e-08, 'L_scale_weight_yy': 3.0645839552700915e-05, 'learning_rate_yy': 0.007061757833050474}. Best is trial 18 with value: -2.4920728800472483.
[I 2026-03-17 17:21:36,623] Trial 28 pruned. 
[I 2026-03-17 17:21:39,768] Trial 41 pruned. 
[I 2026-03-17 17:21:40,375] Trial 29 pruned. 
[I 2026-03-17 17:21:40,599] Trial 30 pruned. 
[I 2026-03-17 17:21:42,134] Trial 30 pruned. 
[I 2026-03-17 17:21:42,992] Trial 49 pruned. 
Optimize task 20: group_id: POm, neuron_id: 54
Starting optimization for task 20...

--- Data Summary ---
Total events for target process 10752
Data Time: 900 seconds
Using device: cuda
Number of events in target process: 10752
Only one process provided, preparing dataloaders for the reduced model.
Reduced model ln_yy : 370.76518 nats/sec, 31.03503 nats/event
Reduced model Log loss : -1.67517
Number of events in target process: 10752
Only one process provided, preparing dataloaders for the reduced model.
Number of events in target process: 10752
Only one process provided, preparing dataloaders for the reduced model.
Reduced model ln_yy : 373.19178 nats/sec, 31.23815 nats/event
Reduced model Log loss : -1.67762
Number of events in target process: 10752
Only one process provided, preparing dataloaders for the reduced model.
Number of events in target process: 10752
Only one process provided, preparing dataloaders for the reduced model.
Number of events in target process: 10752
Only one process provided, preparing dataloaders for the reduced model.
Number of events in target process: 10752
Only one process provided, preparing dataloaders for the reduced model.
Number of events in target process: 10752
Only one process provided, preparing dataloaders for the reduced model.
Reduced model ln_yy : 368.13832 nats/sec, 30.81515 nats/event
Reduced model Log loss : -1.66577
Number of events in target process: 10752
Only one process provided, preparing dataloaders for the reduced model.
Number of events in target process: 10752
Only one process provided, preparing dataloaders for the reduced model.
Number of events in target process: 10752
Only one process provided, preparing dataloaders for the reduced model.
Number of events in target process: 10752
Only one process provided, preparing dataloaders for the reduced model.
Number of events in target process: 10752
Only one process provided, preparing dataloaders for the reduced model.
Reduced model ln_yy : 373.89957 nats/sec, 31.29740 nats/event
Reduced model Log loss : -1.67508
Number of events in target process: 10752
Only one process provided, preparing dataloaders for the reduced model.
Number of events in target process: 10752
Only one process provided, preparing dataloaders for the reduced model.
Number of events in target process: 10752
Only one process provided, preparing dataloaders for the reduced model.
Number of events in target process: 10752
Only one process provided, preparing dataloaders for the reduced model.
Number of events in target process: 10752
Only one process provided, preparing dataloaders for the reduced model.
Number of events in target process: 10752
Only one process provided, preparing dataloaders for the reduced model.
Number of events in target process: 10752
Only one process provided, preparing dataloaders for the reduced model.
Number of events in target process: 10752
Only one process provided, preparing dataloaders for the reduced model.
Reduced model ln_yy : 371.70289 nats/sec, 31.11352 nats/event
Reduced model Log loss : -1.67493
Number of events in target process: 10752
Only one process provided, preparing dataloaders for the reduced model.
Reduced model ln_yy : 373.88983 nats/sec, 31.29658 nats/event
Reduced model Log loss : -1.67569
Number of events in target process: 10752
Only one process provided, preparing dataloaders for the reduced model.
Reduced model ln_yy : 373.80697 nats/sec, 31.28965 nats/event
Reduced model Log loss : -1.67492
Number of events in target process: 10752
Only one process provided, preparing dataloaders for the reduced model.
Number of events in target process: 10752
Only one process provided, preparing dataloaders for the reduced model.
Number of events in target process: 10752
Only one process provided, preparing dataloaders for the reduced model.
Number of events in target process: 10752
Only one process provided, preparing dataloaders for the reduced model.
Number of events in target process: 10752
Only one process provided, preparing dataloaders for the reduced model.
Number of events in target process: 10752
Only one process provided, preparing dataloaders for the reduced model.
Number of events in target process: 10752
Only one process provided, preparing dataloaders for the reduced model.
Number of events in target process: 10752
Only one process provided, preparing dataloaders for the reduced model.
Number of events in target process: 10752
Only one process provided, preparing dataloaders for the reduced model.
Reduced model ln_yy : 373.92247 nats/sec, 31.29931 nats/event
Reduced model Log loss : -1.67516
Number of events in target process: 10752
Only one process provided, preparing dataloaders for the reduced model.
Reduced model ln_yy : 373.89924 nats/sec, 31.29737 nats/event
Reduced model Log loss : -1.67566
Number of events in target process: 10752
Only one process provided, preparing dataloaders for the reduced model.
Number of events in target process: 10752
Only one process provided, preparing dataloaders for the reduced model.
Number of events in target process: 10752
Only one process provided, preparing dataloaders for the reduced model.
Number of events in target process: 10752
Only one process provided, preparing dataloaders for the reduced model.
Number of events in target process: 10752
Only one process provided, preparing dataloaders for the reduced model.
Number of events in target process: 10752
Only one process provided, preparing dataloaders for the reduced model.
Number of events in target process: 10752
Only one process provided, preparing dataloaders for the reduced model.
Number of events in target process: 10752
Only one process provided, preparing dataloaders for the reduced model.
Number of events in target process: 10752
Only one process provided, preparing dataloaders for the reduced model.
Reduced model ln_yy : 373.87891 nats/sec, 31.29567 nats/event
Reduced model Log loss : -1.67530
Number of events in target process: 10752
Only one process provided, preparing dataloaders for the reduced model.
Reduced model ln_yy : 371.79044 nats/sec, 31.12085 nats/event
Reduced model Log loss : -1.67522
Number of events in target process: 10752
Only one process provided, preparing dataloaders for the reduced model.
Number of events in target process: 10752
Only one process provided, preparing dataloaders for the reduced model.
Number of events in target process: 10752
Only one process provided, preparing dataloaders for the reduced model.
Reduced model ln_yy : 371.01012 nats/sec, 31.05553 nats/event
Reduced model Log loss : -1.67863
Number of events in target process: 10752
Only one process provided, preparing dataloaders for the reduced model.
Number of events in target process: 10752
Only one process provided, preparing dataloaders for the reduced model.
Number of events in target process: 10752
Only one process provided, preparing dataloaders for the reduced model.
Number of events in target process: 10752
Only one process provided, preparing dataloaders for the reduced model.
Best trial:
  Value: -1.6786319708835615
  Params: {'n_layers_yy': 1, 'hidden_size_yy_l0': 5, 'context_size_yy': 4, 'num_mix_components_yy': 4, 'context_extractor_yy': 'gru', 'activation_func_yy': 'GELU', 'L2_weight_yy': 8.163342667154047e-06, 'L_entropy_weight_yy': 1.1431126275498101e-07, 'L_sep_weight_yy': 5.1012095903483466e-08, 'L_scale_weight_yy': 5.254157077180578e-10, 'learning_rate_yy': 0.006580081996240567}
Full best configuration saved to results/opt/opt_reduced_20_best_config.txt
Optimization finished.
[I 2026-03-17 17:21:43,612] Trial 31 pruned. 
[I 2026-03-17 17:21:44,650] Trial 22 finished with value: -2.3759054172258436 and parameters: {'n_layers_yy': 2, 'hidden_size_yy_l0': 6, 'hidden_size_yy_l1': 3, 'context_size_yy': 2, 'num_mix_components_yy': 3, 'context_extractor_yy': 'lstm', 'activation_func_yy': 'Tanh', 'L2_weight_yy': 7.998719454973881e-08, 'L_entropy_weight_yy': 8.849580848190812e-05, 'L_sep_weight_yy': 3.59849035700207e-10, 'L_scale_weight_yy': 3.8934504922921264e-07, 'learning_rate_yy': 0.007465066848497743}. Best is trial 22 with value: -2.3759054172258436.
[I 2026-03-17 17:21:46,227] Trial 32 pruned. 
[I 2026-03-17 17:21:46,479] Trial 32 finished with value: -2.448054481067969 and parameters: {'n_layers_yy': 2, 'hidden_size_yy_l0': 6, 'hidden_size_yy_l1': 6, 'context_size_yy': 3, 'num_mix_components_yy': 1, 'context_extractor_yy': 'gru', 'activation_func_yy': 'ReLU', 'L2_weight_yy': 3.168984551925719e-06, 'L_entropy_weight_yy': 2.9446655399074878e-05, 'L_sep_weight_yy': 1.232452320840995e-07, 'L_scale_weight_yy': 1.5924194796918578e-06, 'learning_rate_yy': 0.0014950115033158856}. Best is trial 2 with value: -2.476197165819489.
[I 2026-03-17 17:21:46,589] Trial 31 pruned. 
[I 2026-03-17 17:21:49,197] Trial 33 pruned. 
[I 2026-03-17 17:21:52,184] Trial 43 finished with value: -1.903191063724347 and parameters: {'n_layers_yy': 2, 'hidden_size_yy_l0': 3, 'hidden_size_yy_l1': 6, 'context_size_yy': 3, 'num_mix_components_yy': 5, 'context_extractor_yy': 'lstm', 'activation_func_yy': 'ReLU', 'L2_weight_yy': 1.7712727135146631e-07, 'L_entropy_weight_yy': 5.394357882233511e-07, 'L_sep_weight_yy': 8.293243431665315e-07, 'L_scale_weight_yy': 1.8620533833724423e-10, 'learning_rate_yy': 0.007330581975040017}. Best is trial 18 with value: -1.9113758963969216.
[I 2026-03-17 17:21:54,471] Trial 42 pruned. 
[I 2026-03-17 17:21:55,842] Trial 34 pruned. 
[I 2026-03-17 17:21:56,345] Trial 43 pruned. 
[I 2026-03-17 17:21:56,846] Trial 33 pruned. 
[I 2026-03-17 17:21:57,230] Trial 31 pruned. 
[I 2026-03-17 17:21:58,292] Trial 21 finished with value: -2.5142283361436735 and parameters: {'n_layers_yy': 2, 'hidden_size_yy_l0': 6, 'hidden_size_yy_l1': 5, 'context_size_yy': 1, 'num_mix_components_yy': 2, 'context_extractor_yy': 'lstm', 'activation_func_yy': 'Tanh', 'L2_weight_yy': 3.1801419939158256e-09, 'L_entropy_weight_yy': 1.336308743924069e-06, 'L_sep_weight_yy': 1.5031910162007554e-06, 'L_scale_weight_yy': 1.2067971876387202e-09, 'learning_rate_yy': 0.005108387768153293}. Best is trial 21 with value: -2.5142283361436735.
[I 2026-03-17 17:22:01,429] Trial 31 finished with value: -2.835966405270213 and parameters: {'n_layers_yy': 1, 'hidden_size_yy_l0': 5, 'context_size_yy': 4, 'num_mix_components_yy': 4, 'context_extractor_yy': 'gru', 'activation_func_yy': 'ReLU', 'L2_weight_yy': 3.7660442570165434e-05, 'L_entropy_weight_yy': 1.6963793316201887e-10, 'L_sep_weight_yy': 2.0058060378271972e-07, 'L_scale_weight_yy': 1.240618133442258e-10, 'learning_rate_yy': 0.008413961049473959}. Best is trial 26 with value: -2.836288688568588.
[I 2026-03-17 17:22:05,896] Trial 23 pruned. 
[I 2026-03-17 17:22:06,135] Trial 30 finished with value: -1.7016892064164044 and parameters: {'n_layers_yy': 2, 'hidden_size_yy_l0': 4, 'hidden_size_yy_l1': 5, 'context_size_yy': 3, 'num_mix_components_yy': 4, 'context_extractor_yy': 'gru', 'activation_func_yy': 'Tanh', 'L2_weight_yy': 2.555288313118098e-05, 'L_entropy_weight_yy': 3.0177998918643593e-06, 'L_sep_weight_yy': 0.00034932581783485647, 'L_scale_weight_yy': 2.5782004723003664e-05, 'learning_rate_yy': 0.004414880086311616}. Best is trial 20 with value: -1.7038948064814108.
[I 2026-03-17 17:22:07,013] Trial 44 pruned. 
[I 2026-03-17 17:22:07,653] Trial 34 pruned. 
[I 2026-03-17 17:22:09,687] Trial 45 pruned. 
[I 2026-03-17 17:22:09,874] Trial 15 pruned. 
[I 2026-03-17 17:22:10,904] Trial 44 pruned. 
[I 2026-03-17 17:22:11,651] Trial 46 pruned. 
[I 2026-03-17 17:22:12,795] Trial 45 pruned. 
[I 2026-03-17 17:22:14,336] Trial 32 pruned. 
[I 2026-03-17 17:22:14,367] Trial 32 finished with value: -1.8547265362756085 and parameters: {'n_layers_yy': 1, 'hidden_size_yy_l0': 6, 'context_size_yy': 4, 'num_mix_components_yy': 3, 'context_extractor_yy': 'lstm', 'activation_func_yy': 'Tanh', 'L2_weight_yy': 3.0395294651250813e-06, 'L_entropy_weight_yy': 6.643120902553091e-07, 'L_sep_weight_yy': 3.6154922069243144e-06, 'L_scale_weight_yy': 1.0959364799707181e-08, 'learning_rate_yy': 0.008264352903286814}. Best is trial 10 with value: -1.8554935362796692.
[I 2026-03-17 17:22:14,743] Trial 46 pruned. 
[I 2026-03-17 17:22:15,297] Trial 12 finished with value: -3.2538486653645835 and parameters: {'n_layers_yy': 1, 'hidden_size_yy_l0': 5, 'context_size_yy': 4, 'num_mix_components_yy': 5, 'context_extractor_yy': 'gru', 'activation_func_yy': 'GELU', 'L2_weight_yy': 2.4595438048772182e-06, 'L_entropy_weight_yy': 5.357208530451332e-09, 'L_sep_weight_yy': 7.411574985744993e-06, 'L_scale_weight_yy': 4.3141754598667264e-09, 'learning_rate_yy': 0.0028518043558961553}. Best is trial 12 with value: -3.2538486653645835.
[I 2026-03-17 17:22:17,498] Trial 47 pruned. 
[I 2026-03-17 17:22:18,035] Trial 34 finished with value: -2.6383927355289383 and parameters: {'n_layers_yy': 1, 'hidden_size_yy_l0': 4, 'context_size_yy': 3, 'num_mix_components_yy': 4, 'context_extractor_yy': 'lstm', 'activation_func_yy': 'ReLU', 'L2_weight_yy': 8.496549263871114e-06, 'L_entropy_weight_yy': 5.807501038443764e-09, 'L_sep_weight_yy': 1.4215035226585401e-07, 'L_scale_weight_yy': 3.848413157397737e-06, 'learning_rate_yy': 0.007713915173543084}. Best is trial 34 with value: -2.6383927355289383.
[I 2026-03-17 17:22:18,063] Trial 35 pruned. 
[I 2026-03-17 17:22:18,726] Trial 33 pruned. 
[I 2026-03-17 17:22:20,180] Trial 13 pruned. 
[I 2026-03-17 17:22:20,985] Trial 32 pruned. 
[I 2026-03-17 17:22:22,035] Trial 36 pruned. 
[I 2026-03-17 17:22:22,172] Trial 31 pruned. 
[I 2026-03-17 17:22:22,502] Trial 9 finished with value: -2.2687519423672735 and parameters: {'n_layers_yy': 2, 'hidden_size_yy_l0': 3, 'hidden_size_yy_l1': 4, 'context_size_yy': 4, 'num_mix_components_yy': 1, 'context_extractor_yy': 'gru', 'activation_func_yy': 'ReLU', 'L2_weight_yy': 1.2173083379866038e-08, 'L_entropy_weight_yy': 3.3997541739283356e-05, 'L_sep_weight_yy': 2.730801187578419e-05, 'L_scale_weight_yy': 0.0001857934295077275, 'learning_rate_yy': 0.0044181115234369584}. Best is trial 0 with value: -2.289111866011322.
[I 2026-03-17 17:22:23,431] Trial 16 pruned. 
[I 2026-03-17 17:22:23,735] Trial 35 pruned. 
[I 2026-03-17 17:22:26,308] Trial 47 pruned. 
[I 2026-03-17 17:22:26,869] Trial 22 finished with value: -3.1523755105572735 and parameters: {'n_layers_yy': 1, 'hidden_size_yy_l0': 6, 'context_size_yy': 4, 'num_mix_components_yy': 3, 'context_extractor_yy': 'gru', 'activation_func_yy': 'ReLU', 'L2_weight_yy': 1.1203956616499605e-06, 'L_entropy_weight_yy': 9.561006872192709e-10, 'L_sep_weight_yy': 2.024112331679607e-08, 'L_scale_weight_yy': 8.702738370061488e-06, 'learning_rate_yy': 0.006997748221931898}. Best is trial 22 with value: -3.1523755105572735.
[I 2026-03-17 17:22:27,132] Trial 24 pruned. 
[I 2026-03-17 17:22:27,907] Trial 32 pruned. 
[I 2026-03-17 17:22:28,333] Trial 17 pruned. 
[I 2026-03-17 17:22:29,271] Trial 30 finished with value: -1.7752846827651516 and parameters: {'n_layers_yy': 2, 'hidden_size_yy_l0': 3, 'hidden_size_yy_l1': 6, 'context_size_yy': 1, 'num_mix_components_yy': 5, 'context_extractor_yy': 'lstm', 'activation_func_yy': 'Tanh', 'L2_weight_yy': 3.858834975146488e-05, 'L_entropy_weight_yy': 6.126977206728536e-09, 'L_sep_weight_yy': 3.9638182678306525e-06, 'L_scale_weight_yy': 3.6088840842442083e-07, 'learning_rate_yy': 0.004153026068208264}. Best is trial 8 with value: -1.786668244949495.
[I 2026-03-17 17:22:30,577] Trial 25 pruned. 
[I 2026-03-17 17:22:30,778] Trial 15 finished with value: -2.967600858518107 and parameters: {'n_layers_yy': 2, 'hidden_size_yy_l0': 5, 'hidden_size_yy_l1': 6, 'context_size_yy': 3, 'num_mix_components_yy': 5, 'context_extractor_yy': 'gru', 'activation_func_yy': 'Tanh', 'L2_weight_yy': 1.3355630973568187e-05, 'L_entropy_weight_yy': 2.190836228628969e-08, 'L_sep_weight_yy': 4.251358244339521e-05, 'L_scale_weight_yy': 1.353118912192847e-10, 'learning_rate_yy': 0.001704487097262568}. Best is trial 9 with value: -2.9754424140841684.
[I 2026-03-17 17:22:31,620] Trial 48 finished with value: -1.9635485869787408 and parameters: {'n_layers_yy': 1, 'hidden_size_yy_l0': 5, 'context_size_yy': 3, 'num_mix_components_yy': 2, 'context_extractor_yy': 'lstm', 'activation_func_yy': 'GELU', 'L2_weight_yy': 1.5597308258737878e-05, 'L_entropy_weight_yy': 2.8690730864808757e-09, 'L_sep_weight_yy': 7.446715225867717e-07, 'L_scale_weight_yy': 7.565205524867947e-08, 'learning_rate_yy': 0.006980050783800973}. Best is trial 31 with value: -1.9742766261003297.
[I 2026-03-17 17:22:31,624] Trial 19 finished with value: -2.4886957437916517 and parameters: {'n_layers_yy': 2, 'hidden_size_yy_l0': 3, 'hidden_size_yy_l1': 4, 'context_size_yy': 4, 'num_mix_components_yy': 5, 'context_extractor_yy': 'gru', 'activation_func_yy': 'GELU', 'L2_weight_yy': 0.00012212167630406892, 'L_entropy_weight_yy': 6.228589912825654e-09, 'L_sep_weight_yy': 6.674972936382925e-08, 'L_scale_weight_yy': 3.268372902645114e-05, 'learning_rate_yy': 0.006156668906360235}. Best is trial 18 with value: -2.4920728800472483.
[I 2026-03-17 17:22:31,694] Trial 48 pruned. 
[I 2026-03-17 17:22:32,845] Trial 37 pruned. 
[I 2026-03-17 17:22:33,303] Trial 26 pruned. 
[I 2026-03-17 17:22:33,481] Trial 14 pruned. 
[I 2026-03-17 17:22:33,810] Trial 16 pruned. 
[I 2026-03-17 17:22:35,243] Trial 35 finished with value: -1.9822007400653703 and parameters: {'n_layers_yy': 2, 'hidden_size_yy_l0': 4, 'hidden_size_yy_l1': 4, 'context_size_yy': 2, 'num_mix_components_yy': 3, 'context_extractor_yy': 'gru', 'activation_func_yy': 'GELU', 'L2_weight_yy': 3.6534959045004036e-05, 'L_entropy_weight_yy': 4.1480315393911176e-10, 'L_sep_weight_yy': 4.933828456842861e-06, 'L_scale_weight_yy': 1.9288031471704248e-08, 'learning_rate_yy': 0.005328354218879366}. Best is trial 24 with value: -1.9860150014876785.
[I 2026-03-17 17:22:36,230] Trial 49 pruned. 
Optimize task 24: group_id: POm, neuron_id: 58
Starting optimization for task 24...

--- Data Summary ---
Total events for target process 8618
Data Time: 900 seconds
Using device: cuda
Number of events in target process: 8618
Only one process provided, preparing dataloaders for the reduced model.
Reduced model ln_yy : 261.83317 nats/sec, 27.34391 nats/event
Reduced model Log loss : -1.90101
Number of events in target process: 8618
Only one process provided, preparing dataloaders for the reduced model.
Reduced model ln_yy : 262.26283 nats/sec, 27.38878 nats/event
Reduced model Log loss : -1.90440
Number of events in target process: 8618
Only one process provided, preparing dataloaders for the reduced model.
Reduced model ln_yy : 260.75197 nats/sec, 27.23100 nats/event
Reduced model Log loss : -1.89913
Number of events in target process: 8618
Only one process provided, preparing dataloaders for the reduced model.
Number of events in target process: 8618
Only one process provided, preparing dataloaders for the reduced model.
Reduced model ln_yy : 263.57365 nats/sec, 27.52568 nats/event
Reduced model Log loss : -1.90766
Number of events in target process: 8618
Only one process provided, preparing dataloaders for the reduced model.
Number of events in target process: 8618
Only one process provided, preparing dataloaders for the reduced model.
Number of events in target process: 8618
Only one process provided, preparing dataloaders for the reduced model.
Number of events in target process: 8618
Only one process provided, preparing dataloaders for the reduced model.
Number of events in target process: 8618
Only one process provided, preparing dataloaders for the reduced model.
Number of events in target process: 8618
Only one process provided, preparing dataloaders for the reduced model.
Number of events in target process: 8618
Only one process provided, preparing dataloaders for the reduced model.
Number of events in target process: 8618
Only one process provided, preparing dataloaders for the reduced model.
Number of events in target process: 8618
Only one process provided, preparing dataloaders for the reduced model.
Reduced model ln_yy : 262.72503 nats/sec, 27.43705 nats/event
Reduced model Log loss : -1.89995
Number of events in target process: 8618
Only one process provided, preparing dataloaders for the reduced model.
Number of events in target process: 8618
Only one process provided, preparing dataloaders for the reduced model.
Reduced model ln_yy : 261.38030 nats/sec, 27.29662 nats/event
Reduced model Log loss : -1.89665
Number of events in target process: 8618
Only one process provided, preparing dataloaders for the reduced model.
Number of events in target process: 8618
Only one process provided, preparing dataloaders for the reduced model.
Reduced model ln_yy : 261.52358 nats/sec, 27.31158 nats/event
Reduced model Log loss : -1.89881
Number of events in target process: 8618
Only one process provided, preparing dataloaders for the reduced model.
Reduced model ln_yy : 262.46517 nats/sec, 27.40992 nats/event
Reduced model Log loss : -1.91138
Number of events in target process: 8618
Only one process provided, preparing dataloaders for the reduced model.
Number of events in target process: 8618
Only one process provided, preparing dataloaders for the reduced model.
Reduced model ln_yy : 260.56066 nats/sec, 27.21102 nats/event
Reduced model Log loss : -1.90170
Number of events in target process: 8618
Only one process provided, preparing dataloaders for the reduced model.
Reduced model ln_yy : 260.39271 nats/sec, 27.19348 nats/event
Reduced model Log loss : -1.90769
Number of events in target process: 8618
Only one process provided, preparing dataloaders for the reduced model.
Reduced model ln_yy : 261.83259 nats/sec, 27.34385 nats/event
Reduced model Log loss : -1.90586
Number of events in target process: 8618
Only one process provided, preparing dataloaders for the reduced model.
Number of events in target process: 8618
Only one process provided, preparing dataloaders for the reduced model.
Number of events in target process: 8618
Only one process provided, preparing dataloaders for the reduced model.
Reduced model ln_yy : 261.12901 nats/sec, 27.27038 nats/event
Reduced model Log loss : -1.91098
Number of events in target process: 8618
Only one process provided, preparing dataloaders for the reduced model.
Number of events in target process: 8618
Only one process provided, preparing dataloaders for the reduced model.
Number of events in target process: 8618
Only one process provided, preparing dataloaders for the reduced model.
Number of events in target process: 8618
Only one process provided, preparing dataloaders for the reduced model.
Number of events in target process: 8618
Only one process provided, preparing dataloaders for the reduced model.
Number of events in target process: 8618
Only one process provided, preparing dataloaders for the reduced model.
Number of events in target process: 8618
Only one process provided, preparing dataloaders for the reduced model.
Number of events in target process: 8618
Only one process provided, preparing dataloaders for the reduced model.
Number of events in target process: 8618
Only one process provided, preparing dataloaders for the reduced model.
Number of events in target process: 8618
Only one process provided, preparing dataloaders for the reduced model.
Number of events in target process: 8618
Only one process provided, preparing dataloaders for the reduced model.
Number of events in target process: 8618
Only one process provided, preparing dataloaders for the reduced model.
Number of events in target process: 8618
Only one process provided, preparing dataloaders for the reduced model.
Reduced model ln_yy : 261.12213 nats/sec, 27.26966 nats/event
Reduced model Log loss : -1.89370
Number of events in target process: 8618
Only one process provided, preparing dataloaders for the reduced model.
Number of events in target process: 8618
Only one process provided, preparing dataloaders for the reduced model.
Number of events in target process: 8618
Only one process provided, preparing dataloaders for the reduced model.
Number of events in target process: 8618
Only one process provided, preparing dataloaders for the reduced model.
Number of events in target process: 8618
Only one process provided, preparing dataloaders for the reduced model.
Reduced model ln_yy : 261.03586 nats/sec, 27.26065 nats/event
Reduced model Log loss : -1.90319
Number of events in target process: 8618
Only one process provided, preparing dataloaders for the reduced model.
Number of events in target process: 8618
Only one process provided, preparing dataloaders for the reduced model.
Number of events in target process: 8618
Only one process provided, preparing dataloaders for the reduced model.
Number of events in target process: 8618
Only one process provided, preparing dataloaders for the reduced model.
Number of events in target process: 8618
Only one process provided, preparing dataloaders for the reduced model.
Number of events in target process: 8618
Only one process provided, preparing dataloaders for the reduced model.
Best trial:
  Value: -1.9113758963969216
  Params: {'n_layers_yy': 2, 'hidden_size_yy_l0': 5, 'hidden_size_yy_l1': 3, 'context_size_yy': 3, 'num_mix_components_yy': 4, 'context_extractor_yy': 'lstm', 'activation_func_yy': 'ReLU', 'L2_weight_yy': 7.027463088828838e-07, 'L_entropy_weight_yy': 4.519379351812088e-09, 'L_sep_weight_yy': 4.315274576883832e-07, 'L_scale_weight_yy': 4.1966414757735953e-10, 'learning_rate_yy': 0.009287414472287413}
Full best configuration saved to results/opt/opt_reduced_24_best_config.txt
Optimization finished.
[I 2026-03-17 17:22:36,777] Trial 49 pruned. 
Optimize task 26: group_id: POm, neuron_id: 60
Starting optimization for task 26...

--- Data Summary ---
Total events for target process 12539
Data Time: 900 seconds
Using device: cuda
Number of events in target process: 12539
Only one process provided, preparing dataloaders for the reduced model.
Reduced model ln_yy : 570.84858 nats/sec, 40.97326 nats/event
Reduced model Log loss : -1.96515
Number of events in target process: 12539
Only one process provided, preparing dataloaders for the reduced model.
Reduced model ln_yy : 574.38677 nats/sec, 41.22722 nats/event
Reduced model Log loss : -1.97414
Number of events in target process: 12539
Only one process provided, preparing dataloaders for the reduced model.
Reduced model ln_yy : 569.69195 nats/sec, 40.89024 nats/event
Reduced model Log loss : -1.96306
Number of events in target process: 12539
Only one process provided, preparing dataloaders for the reduced model.
Number of events in target process: 12539
Only one process provided, preparing dataloaders for the reduced model.
Reduced model ln_yy : 558.90490 nats/sec, 40.11599 nats/event
Reduced model Log loss : -1.95277
Number of events in target process: 12539
Only one process provided, preparing dataloaders for the reduced model.
Number of events in target process: 12539
Only one process provided, preparing dataloaders for the reduced model.
Reduced model ln_yy : 568.25214 nats/sec, 40.78690 nats/event
Reduced model Log loss : -1.96961
Number of events in target process: 12539
Only one process provided, preparing dataloaders for the reduced model.
Reduced model ln_yy : 572.59841 nats/sec, 41.09886 nats/event
Reduced model Log loss : -1.97050
Number of events in target process: 12539
Only one process provided, preparing dataloaders for the reduced model.
Number of events in target process: 12539
Only one process provided, preparing dataloaders for the reduced model.
Number of events in target process: 12539
Only one process provided, preparing dataloaders for the reduced model.
Reduced model ln_yy : 569.22219 nats/sec, 40.85653 nats/event
Reduced model Log loss : -1.96948
Number of events in target process: 12539
Only one process provided, preparing dataloaders for the reduced model.
Number of events in target process: 12539
Only one process provided, preparing dataloaders for the reduced model.
Number of events in target process: 12539
Only one process provided, preparing dataloaders for the reduced model.
Reduced model ln_yy : 569.24350 nats/sec, 40.85805 nats/event
Reduced model Log loss : -1.97137
Number of events in target process: 12539
Only one process provided, preparing dataloaders for the reduced model.
Number of events in target process: 12539
Only one process provided, preparing dataloaders for the reduced model.
Number of events in target process: 12539
Only one process provided, preparing dataloaders for the reduced model.
Number of events in target process: 12539
Only one process provided, preparing dataloaders for the reduced model.
Number of events in target process: 12539
Only one process provided, preparing dataloaders for the reduced model.
Number of events in target process: 12539
Only one process provided, preparing dataloaders for the reduced model.
Number of events in target process: 12539
Only one process provided, preparing dataloaders for the reduced model.
Number of events in target process: 12539
Only one process provided, preparing dataloaders for the reduced model.
Reduced model ln_yy : 570.21419 nats/sec, 40.92773 nats/event
Reduced model Log loss : -1.96954
Number of events in target process: 12539
Only one process provided, preparing dataloaders for the reduced model.
Reduced model ln_yy : 572.12257 nats/sec, 41.06470 nats/event
Reduced model Log loss : -1.96949
Number of events in target process: 12539
Only one process provided, preparing dataloaders for the reduced model.
Number of events in target process: 12539
Only one process provided, preparing dataloaders for the reduced model.
Number of events in target process: 12539
Only one process provided, preparing dataloaders for the reduced model.
Number of events in target process: 12539
Only one process provided, preparing dataloaders for the reduced model.
Number of events in target process: 12539
Only one process provided, preparing dataloaders for the reduced model.
Number of events in target process: 12539
Only one process provided, preparing dataloaders for the reduced model.
Reduced model ln_yy : 566.19814 nats/sec, 40.63947 nats/event
Reduced model Log loss : -1.95946
Number of events in target process: 12539
Only one process provided, preparing dataloaders for the reduced model.
Number of events in target process: 12539
Only one process provided, preparing dataloaders for the reduced model.
Number of events in target process: 12539
Only one process provided, preparing dataloaders for the reduced model.
Reduced model ln_yy : 570.06330 nats/sec, 40.91690 nats/event
Reduced model Log loss : -1.97428
Number of events in target process: 12539
Only one process provided, preparing dataloaders for the reduced model.
Reduced model ln_yy : 570.24394 nats/sec, 40.92986 nats/event
Reduced model Log loss : -1.97413
Number of events in target process: 12539
Only one process provided, preparing dataloaders for the reduced model.
Number of events in target process: 12539
Only one process provided, preparing dataloaders for the reduced model.
Number of events in target process: 12539
Only one process provided, preparing dataloaders for the reduced model.
Number of events in target process: 12539
Only one process provided, preparing dataloaders for the reduced model.
Number of events in target process: 12539
Only one process provided, preparing dataloaders for the reduced model.
Number of events in target process: 12539
Only one process provided, preparing dataloaders for the reduced model.
Number of events in target process: 12539
Only one process provided, preparing dataloaders for the reduced model.
Number of events in target process: 12539
Only one process provided, preparing dataloaders for the reduced model.
Number of events in target process: 12539
Only one process provided, preparing dataloaders for the reduced model.
Number of events in target process: 12539
Only one process provided, preparing dataloaders for the reduced model.
Number of events in target process: 12539
Only one process provided, preparing dataloaders for the reduced model.
Number of events in target process: 12539
Only one process provided, preparing dataloaders for the reduced model.
Number of events in target process: 12539
Only one process provided, preparing dataloaders for the reduced model.
Number of events in target process: 12539
Only one process provided, preparing dataloaders for the reduced model.
Number of events in target process: 12539
Only one process provided, preparing dataloaders for the reduced model.
Number of events in target process: 12539
Only one process provided, preparing dataloaders for the reduced model.
Reduced model ln_yy : 566.68612 nats/sec, 40.67450 nats/event
Reduced model Log loss : -1.96355
Number of events in target process: 12539
Only one process provided, preparing dataloaders for the reduced model.
Best trial:
  Value: -1.9742766261003297
  Params: {'n_layers_yy': 1, 'hidden_size_yy_l0': 4, 'context_size_yy': 4, 'num_mix_components_yy': 3, 'context_extractor_yy': 'lstm', 'activation_func_yy': 'ReLU', 'L2_weight_yy': 1.5398656300628746e-09, 'L_entropy_weight_yy': 0.00021958378379981303, 'L_sep_weight_yy': 1.4339389310222512e-08, 'L_scale_weight_yy': 3.711855987586791e-07, 'learning_rate_yy': 0.009981075486558294}
Full best configuration saved to results/opt/opt_reduced_26_best_config.txt
Optimization finished.
[I 2026-03-17 17:22:39,282] Trial 36 pruned. 
[I 2026-03-17 17:22:41,777] Trial 17 pruned. 
[I 2026-03-17 17:22:43,994] Trial 33 pruned. 
[I 2026-03-17 17:22:44,712] Trial 37 pruned. 
[I 2026-03-17 17:22:45,002] Trial 23 pruned. 
[I 2026-03-17 17:22:45,804] Trial 34 pruned. 
[I 2026-03-17 17:22:46,214] Trial 15 pruned. 
[I 2026-03-17 17:22:48,959] Trial 34 pruned. 
[I 2026-03-17 17:22:49,057] Trial 35 pruned. 
[I 2026-03-17 17:22:50,900] Trial 31 pruned. 
[I 2026-03-17 17:22:51,316] Trial 13 finished with value: -2.8006909806918365 and parameters: {'n_layers_yy': 1, 'hidden_size_yy_l0': 6, 'context_size_yy': 2, 'num_mix_components_yy': 4, 'context_extractor_yy': 'lstm', 'activation_func_yy': 'ReLU', 'L2_weight_yy': 0.0002996777045730565, 'L_entropy_weight_yy': 3.983734023018903e-08, 'L_sep_weight_yy': 7.85039096013276e-09, 'L_scale_weight_yy': 1.615132668658096e-08, 'learning_rate_yy': 0.005876843380446671}. Best is trial 12 with value: -2.806977931381423.
[I 2026-03-17 17:22:51,889] Trial 33 finished with value: -1.854476622054747 and parameters: {'n_layers_yy': 1, 'hidden_size_yy_l0': 6, 'context_size_yy': 4, 'num_mix_components_yy': 4, 'context_extractor_yy': 'lstm', 'activation_func_yy': 'Tanh', 'L2_weight_yy': 0.00017406192822127872, 'L_entropy_weight_yy': 1.3724886107417193e-05, 'L_sep_weight_yy': 2.0022742785969108e-05, 'L_scale_weight_yy': 3.46228868961992e-08, 'learning_rate_yy': 0.005222090437915284}. Best is trial 10 with value: -1.8554935362796692.
[I 2026-03-17 17:22:53,681] Trial 34 pruned. 
[I 2026-03-17 17:22:53,726] Trial 27 pruned. 
[I 2026-03-17 17:22:53,948] Trial 32 pruned. 
[I 2026-03-17 17:22:54,112] Trial 35 pruned. 
[I 2026-03-17 17:22:55,883] Trial 35 pruned. 
[I 2026-03-17 17:22:57,043] Trial 36 pruned. 
[I 2026-03-17 17:22:59,104] Trial 38 pruned. 
[I 2026-03-17 17:22:59,129] Trial 36 pruned. 
[I 2026-03-17 17:23:00,573] Trial 36 finished with value: -1.9846813551219897 and parameters: {'n_layers_yy': 2, 'hidden_size_yy_l0': 3, 'hidden_size_yy_l1': 6, 'context_size_yy': 4, 'num_mix_components_yy': 2, 'context_extractor_yy': 'gru', 'activation_func_yy': 'ReLU', 'L2_weight_yy': 5.7002070617853894e-06, 'L_entropy_weight_yy': 1.9912925196015704e-09, 'L_sep_weight_yy': 1.9898500901600642e-05, 'L_scale_weight_yy': 1.974046873694285e-07, 'learning_rate_yy': 0.0067220359113558965}. Best is trial 24 with value: -1.9860150014876785.
[I 2026-03-17 17:23:00,942] Trial 37 pruned. 
[I 2026-03-17 17:23:01,147] Trial 14 pruned. 
[I 2026-03-17 17:23:01,191] Trial 37 pruned. 
[I 2026-03-17 17:23:02,352] Trial 24 pruned. 
[I 2026-03-17 17:23:03,330] Trial 38 pruned. 
[I 2026-03-17 17:23:04,018] Trial 39 pruned. 
[I 2026-03-17 17:23:04,771] Trial 15 pruned. 
[I 2026-03-17 17:23:05,217] Trial 18 pruned. 
[I 2026-03-17 17:23:07,491] Trial 38 finished with value: -2.4719692773840753 and parameters: {'n_layers_yy': 1, 'hidden_size_yy_l0': 6, 'context_size_yy': 4, 'num_mix_components_yy': 3, 'context_extractor_yy': 'lstm', 'activation_func_yy': 'Tanh', 'L2_weight_yy': 4.048227160136266e-08, 'L_entropy_weight_yy': 3.740960977752331e-05, 'L_sep_weight_yy': 7.576689046933585e-09, 'L_scale_weight_yy': 9.86282475039562e-09, 'learning_rate_yy': 0.001963242465856459}. Best is trial 2 with value: -2.476197165819489.
[I 2026-03-17 17:23:08,471] Trial 39 pruned. 
[I 2026-03-17 17:23:08,599] Trial 38 pruned. 
[I 2026-03-17 17:23:08,999] Trial 40 pruned. 
[I 2026-03-17 17:23:10,550] Trial 33 pruned. 
[I 2026-03-17 17:23:11,026] Trial 39 pruned. 
[I 2026-03-17 17:23:14,709] Trial 40 pruned. 
[I 2026-03-17 17:23:16,711] Trial 22 finished with value: -2.5105669976179605 and parameters: {'n_layers_yy': 2, 'hidden_size_yy_l0': 6, 'hidden_size_yy_l1': 5, 'context_size_yy': 1, 'num_mix_components_yy': 3, 'context_extractor_yy': 'lstm', 'activation_func_yy': 'Tanh', 'L2_weight_yy': 4.8040758096378045e-08, 'L_entropy_weight_yy': 1.169975002248796e-06, 'L_sep_weight_yy': 2.7999073473273348e-06, 'L_scale_weight_yy': 1.6075155365085284e-09, 'learning_rate_yy': 0.005405427692322229}. Best is trial 21 with value: -2.5142283361436735.
[I 2026-03-17 17:23:18,252] Trial 19 pruned. 
[I 2026-03-17 17:23:20,184] Trial 25 pruned. 
[I 2026-03-17 17:23:26,014] Trial 34 pruned. 
[I 2026-03-17 17:23:26,015] Trial 37 finished with value: -1.9574824418383332 and parameters: {'n_layers_yy': 2, 'hidden_size_yy_l0': 3, 'hidden_size_yy_l1': 5, 'context_size_yy': 4, 'num_mix_components_yy': 4, 'context_extractor_yy': 'gru', 'activation_func_yy': 'ReLU', 'L2_weight_yy': 1.6800048673425295e-06, 'L_entropy_weight_yy': 5.5534118002815374e-09, 'L_sep_weight_yy': 1.5185599578829858e-05, 'L_scale_weight_yy': 3.324702505011524e-07, 'learning_rate_yy': 0.007903170441473345}. Best is trial 24 with value: -1.9860150014876785.
[I 2026-03-17 17:23:26,589] Trial 36 finished with value: -1.8541650593652548 and parameters: {'n_layers_yy': 1, 'hidden_size_yy_l0': 6, 'context_size_yy': 4, 'num_mix_components_yy': 4, 'context_extractor_yy': 'lstm', 'activation_func_yy': 'Tanh', 'L2_weight_yy': 2.893819658309059e-05, 'L_entropy_weight_yy': 3.6209938246657794e-05, 'L_sep_weight_yy': 0.00010680527819381594, 'L_scale_weight_yy': 2.718316076031109e-09, 'learning_rate_yy': 0.008434930019495421}. Best is trial 10 with value: -1.8554935362796692.
[I 2026-03-17 17:23:28,444] Trial 38 pruned. 
[I 2026-03-17 17:23:31,084] Trial 20 pruned. 
[I 2026-03-17 17:23:40,532] Trial 10 finished with value: -2.2820171454253364 and parameters: {'n_layers_yy': 1, 'hidden_size_yy_l0': 5, 'context_size_yy': 3, 'num_mix_components_yy': 3, 'context_extractor_yy': 'lstm', 'activation_func_yy': 'GELU', 'L2_weight_yy': 1.5525685788875047e-06, 'L_entropy_weight_yy': 1.0948902420446732e-09, 'L_sep_weight_yy': 0.0008061226965285647, 'L_scale_weight_yy': 2.20459491032413e-06, 'learning_rate_yy': 0.009603040901135321}. Best is trial 0 with value: -2.289111866011322.
[I 2026-03-17 17:23:42,770] Trial 37 pruned. 
[I 2026-03-17 17:23:43,280] Trial 11 pruned. 
[I 2026-03-17 17:23:44,003] Trial 21 pruned. 
[I 2026-03-17 17:23:46,539] Trial 18 pruned. 
[I 2026-03-17 17:23:49,728] Trial 19 pruned. 
[I 2026-03-17 17:23:50,159] Trial 33 pruned. 
[I 2026-03-17 17:23:50,670] Trial 12 pruned. 
[I 2026-03-17 17:23:52,390] Trial 41 finished with value: -2.6394311749174797 and parameters: {'n_layers_yy': 1, 'hidden_size_yy_l0': 5, 'context_size_yy': 4, 'num_mix_components_yy': 4, 'context_extractor_yy': 'lstm', 'activation_func_yy': 'ReLU', 'L2_weight_yy': 1.7253619629600218e-06, 'L_entropy_weight_yy': 1.2626189460994054e-08, 'L_sep_weight_yy': 4.737328028673716e-06, 'L_scale_weight_yy': 1.4507448270633182e-05, 'learning_rate_yy': 0.007503876963823342}. Best is trial 41 with value: -2.6394311749174797.
[I 2026-03-17 17:23:53,099] Trial 41 finished with value: -2.4708878660093103 and parameters: {'n_layers_yy': 1, 'hidden_size_yy_l0': 6, 'context_size_yy': 4, 'num_mix_components_yy': 3, 'context_extractor_yy': 'lstm', 'activation_func_yy': 'Tanh', 'L2_weight_yy': 6.378171042623008e-08, 'L_entropy_weight_yy': 3.863123027571628e-05, 'L_sep_weight_yy': 1.7319058063731305e-06, 'L_scale_weight_yy': 2.1788723225197665e-10, 'learning_rate_yy': 0.0014404742863175506}. Best is trial 2 with value: -2.476197165819489.
[I 2026-03-17 17:23:53,100] Trial 13 pruned. 
[I 2026-03-17 17:23:53,103] Trial 28 finished with value: -2.3693876207971867 and parameters: {'n_layers_yy': 1, 'hidden_size_yy_l0': 5, 'context_size_yy': 3, 'num_mix_components_yy': 2, 'context_extractor_yy': 'gru', 'activation_func_yy': 'GELU', 'L2_weight_yy': 1.4163617727702683e-07, 'L_entropy_weight_yy': 1.166428443629277e-08, 'L_sep_weight_yy': 2.051143927757913e-09, 'L_scale_weight_yy': 9.909743848026465e-09, 'learning_rate_yy': 0.0017179906222704617}. Best is trial 22 with value: -2.3759054172258436.
[I 2026-03-17 17:23:53,400] Trial 40 pruned. 
[I 2026-03-17 17:23:56,757] Trial 39 finished with value: -2.0933789972841854 and parameters: {'n_layers_yy': 2, 'hidden_size_yy_l0': 4, 'hidden_size_yy_l1': 4, 'context_size_yy': 4, 'num_mix_components_yy': 5, 'context_extractor_yy': 'gru', 'activation_func_yy': 'ReLU', 'L2_weight_yy': 3.8576742813141387e-10, 'L_entropy_weight_yy': 5.951319472121238e-08, 'L_sep_weight_yy': 6.889118658115703e-08, 'L_scale_weight_yy': 7.495101858272743e-06, 'learning_rate_yy': 0.005869925364268324}. Best is trial 39 with value: -2.0933789972841854.
[I 2026-03-17 17:23:57,884] Trial 20 finished with value: -2.490696146538249 and parameters: {'n_layers_yy': 2, 'hidden_size_yy_l0': 2, 'hidden_size_yy_l1': 3, 'context_size_yy': 3, 'num_mix_components_yy': 5, 'context_extractor_yy': 'gru', 'activation_func_yy': 'GELU', 'L2_weight_yy': 0.00020922240102379418, 'L_entropy_weight_yy': 5.226044480905538e-09, 'L_sep_weight_yy': 1.6518279923506023e-06, 'L_scale_weight_yy': 4.470142904986028e-06, 'learning_rate_yy': 0.0035397216123071004}. Best is trial 18 with value: -2.4920728800472483.
[I 2026-03-17 17:24:00,509] Trial 14 pruned. 
[I 2026-03-17 17:24:01,238] Trial 21 pruned. 
[I 2026-03-17 17:24:01,831] Trial 39 finished with value: -1.9592643402364534 and parameters: {'n_layers_yy': 2, 'hidden_size_yy_l0': 3, 'hidden_size_yy_l1': 5, 'context_size_yy': 4, 'num_mix_components_yy': 2, 'context_extractor_yy': 'gru', 'activation_func_yy': 'ReLU', 'L2_weight_yy': 4.145687589197899e-08, 'L_entropy_weight_yy': 7.628605560415753e-09, 'L_sep_weight_yy': 6.808860313380306e-07, 'L_scale_weight_yy': 1.3650235785007526e-07, 'learning_rate_yy': 0.006762897458842226}. Best is trial 24 with value: -1.9860150014876785.
[I 2026-03-17 17:24:07,704] Trial 15 pruned. 
[I 2026-03-17 17:24:08,197] Trial 38 finished with value: -1.8533182018594616 and parameters: {'n_layers_yy': 1, 'hidden_size_yy_l0': 5, 'context_size_yy': 3, 'num_mix_components_yy': 4, 'context_extractor_yy': 'lstm', 'activation_func_yy': 'Tanh', 'L2_weight_yy': 7.050526996650838e-07, 'L_entropy_weight_yy': 0.0002473249904136259, 'L_sep_weight_yy': 9.629320721500157e-09, 'L_scale_weight_yy': 3.4092832992996512e-06, 'learning_rate_yy': 0.009909826584770614}. Best is trial 10 with value: -1.8554935362796692.
[I 2026-03-17 17:24:08,733] Trial 40 pruned. 
[I 2026-03-17 17:24:09,299] Trial 34 pruned. 
[I 2026-03-17 17:24:10,257] Trial 22 pruned. 
[I 2026-03-17 17:24:10,296] Trial 39 pruned. 
[I 2026-03-17 17:24:11,440] Trial 26 pruned. 
[I 2026-03-17 17:24:11,700] Trial 20 pruned. 
[I 2026-03-17 17:24:14,999] Trial 16 pruned. 
[I 2026-03-17 17:24:15,320] Trial 41 finished with value: -1.701119460887608 and parameters: {'n_layers_yy': 2, 'hidden_size_yy_l0': 2, 'hidden_size_yy_l1': 5, 'context_size_yy': 4, 'num_mix_components_yy': 3, 'context_extractor_yy': 'lstm', 'activation_func_yy': 'Tanh', 'L2_weight_yy': 2.1326983921089194e-07, 'L_entropy_weight_yy': 1.1696957000539654e-05, 'L_sep_weight_yy': 2.2562188697849203e-06, 'L_scale_weight_yy': 2.432139355104882e-06, 'learning_rate_yy': 0.006960838321390041}. Best is trial 20 with value: -1.7038948064814108.
[I 2026-03-17 17:24:15,924] Trial 40 pruned. 
[I 2026-03-17 17:24:15,979] Trial 35 pruned. 
[I 2026-03-17 17:24:16,204] Trial 35 finished with value: -2.838645471907643 and parameters: {'n_layers_yy': 1, 'hidden_size_yy_l0': 6, 'context_size_yy': 4, 'num_mix_components_yy': 3, 'context_extractor_yy': 'gru', 'activation_func_yy': 'ReLU', 'L2_weight_yy': 1.0986045195181261e-09, 'L_entropy_weight_yy': 1.4516427239538372e-09, 'L_sep_weight_yy': 1.0219723078020309e-09, 'L_scale_weight_yy': 1.4906906605462781e-09, 'learning_rate_yy': 0.008273118930690673}. Best is trial 35 with value: -2.838645471907643.
[I 2026-03-17 17:24:17,789] Trial 17 pruned. 
[I 2026-03-17 17:24:18,567] Trial 40 pruned. 
[I 2026-03-17 17:24:18,622] Trial 36 pruned. 
[I 2026-03-17 17:24:19,316] Trial 21 pruned. 
[I 2026-03-17 17:24:20,481] Trial 18 pruned. 
[I 2026-03-17 17:24:21,570] Trial 41 pruned. 
[I 2026-03-17 17:24:22,188] Trial 36 pruned. 
[I 2026-03-17 17:24:25,197] Trial 37 pruned. 
[I 2026-03-17 17:24:26,522] Trial 16 finished with value: -2.8104182726972877 and parameters: {'n_layers_yy': 1, 'hidden_size_yy_l0': 6, 'context_size_yy': 3, 'num_mix_components_yy': 3, 'context_extractor_yy': 'lstm', 'activation_func_yy': 'Tanh', 'L2_weight_yy': 2.4458328841779396e-08, 'L_entropy_weight_yy': 2.909994802486671e-09, 'L_sep_weight_yy': 1.593051980139751e-10, 'L_scale_weight_yy': 6.706760671055146e-09, 'learning_rate_yy': 0.009997364388539149}. Best is trial 16 with value: -2.8104182726972877.
[I 2026-03-17 17:24:28,785] Trial 42 finished with value: -2.472003883813601 and parameters: {'n_layers_yy': 1, 'hidden_size_yy_l0': 6, 'context_size_yy': 4, 'num_mix_components_yy': 3, 'context_extractor_yy': 'lstm', 'activation_func_yy': 'Tanh', 'L2_weight_yy': 4.379113673271201e-08, 'L_entropy_weight_yy': 0.00020168797171442218, 'L_sep_weight_yy': 1.7849104380227304e-06, 'L_scale_weight_yy': 1.9864556435431173e-10, 'learning_rate_yy': 0.001979777547883981}. Best is trial 2 with value: -2.476197165819489.
[I 2026-03-17 17:24:29,139] Trial 16 finished with value: -3.2663029296875 and parameters: {'n_layers_yy': 1, 'hidden_size_yy_l0': 6, 'context_size_yy': 4, 'num_mix_components_yy': 5, 'context_extractor_yy': 'gru', 'activation_func_yy': 'ReLU', 'L2_weight_yy': 3.425466890303381e-09, 'L_entropy_weight_yy': 1.2314265097520662e-07, 'L_sep_weight_yy': 0.0009118790337251897, 'L_scale_weight_yy': 1.2328739037147491e-09, 'learning_rate_yy': 0.005553311127503681}. Best is trial 16 with value: -3.2663029296875.
[I 2026-03-17 17:24:29,721] Trial 27 pruned. 
[I 2026-03-17 17:24:30,314] Trial 17 pruned. 
[I 2026-03-17 17:24:31,072] Trial 41 finished with value: -1.9577237281169053 and parameters: {'n_layers_yy': 2, 'hidden_size_yy_l0': 4, 'hidden_size_yy_l1': 6, 'context_size_yy': 4, 'num_mix_components_yy': 2, 'context_extractor_yy': 'gru', 'activation_func_yy': 'ReLU', 'L2_weight_yy': 6.612645782638814e-06, 'L_entropy_weight_yy': 3.515596622362595e-10, 'L_sep_weight_yy': 2.544763219756494e-06, 'L_scale_weight_yy': 1.4041024846422391e-08, 'learning_rate_yy': 0.0041453476126515594}. Best is trial 24 with value: -1.9860150014876785.
[I 2026-03-17 17:24:31,873] Trial 38 pruned. 
[I 2026-03-17 17:24:34,137] Trial 18 pruned. 
[I 2026-03-17 17:24:35,795] Trial 42 finished with value: -2.639563288626636 and parameters: {'n_layers_yy': 1, 'hidden_size_yy_l0': 5, 'context_size_yy': 4, 'num_mix_components_yy': 4, 'context_extractor_yy': 'lstm', 'activation_func_yy': 'ReLU', 'L2_weight_yy': 1.0336470118170112e-06, 'L_entropy_weight_yy': 6.925701464430359e-09, 'L_sep_weight_yy': 6.286761389357945e-06, 'L_scale_weight_yy': 0.00029654261737126404, 'learning_rate_yy': 0.006802399774404955}. Best is trial 42 with value: -2.639563288626636.
[I 2026-03-17 17:24:37,668] Trial 42 pruned. 
[I 2026-03-17 17:24:37,669] Trial 23 finished with value: -2.5116525144873645 and parameters: {'n_layers_yy': 2, 'hidden_size_yy_l0': 6, 'hidden_size_yy_l1': 6, 'context_size_yy': 1, 'num_mix_components_yy': 1, 'context_extractor_yy': 'lstm', 'activation_func_yy': 'Tanh', 'L2_weight_yy': 4.036144826449858e-09, 'L_entropy_weight_yy': 3.884484902067237e-10, 'L_sep_weight_yy': 1.0133888941004275e-06, 'L_scale_weight_yy': 1.4450267376436227e-10, 'learning_rate_yy': 0.007673230963373439}. Best is trial 21 with value: -2.5142283361436735.
[I 2026-03-17 17:24:38,414] Trial 43 pruned. 
[I 2026-03-17 17:24:38,457] Trial 39 pruned. 
[I 2026-03-17 17:24:41,352] Trial 40 pruned. 
[I 2026-03-17 17:24:42,132] Trial 42 finished with value: -1.7001261836509791 and parameters: {'n_layers_yy': 2, 'hidden_size_yy_l0': 2, 'hidden_size_yy_l1': 5, 'context_size_yy': 4, 'num_mix_components_yy': 2, 'context_extractor_yy': 'lstm', 'activation_func_yy': 'Tanh', 'L2_weight_yy': 4.981883838043586e-08, 'L_entropy_weight_yy': 3.3621824079029126e-05, 'L_sep_weight_yy': 5.646421043930358e-07, 'L_scale_weight_yy': 3.895271542572695e-06, 'learning_rate_yy': 0.006965871607358578}. Best is trial 20 with value: -1.7038948064814108.
[I 2026-03-17 17:24:42,160] Trial 44 pruned. 
[I 2026-03-17 17:24:45,934] Trial 45 pruned. 
[I 2026-03-17 17:24:53,914] Trial 29 pruned. 
[I 2026-03-17 17:24:53,937] Trial 19 finished with value: -2.2797817197540544 and parameters: {'n_layers_yy': 2, 'hidden_size_yy_l0': 3, 'hidden_size_yy_l1': 5, 'context_size_yy': 3, 'num_mix_components_yy': 1, 'context_extractor_yy': 'lstm', 'activation_func_yy': 'ReLU', 'L2_weight_yy': 6.478634670445895e-08, 'L_entropy_weight_yy': 1.0711006516076612e-05, 'L_sep_weight_yy': 6.373536913978642e-10, 'L_scale_weight_yy': 1.4728640446691162e-05, 'learning_rate_yy': 0.007133703243781086}. Best is trial 0 with value: -2.289111866011322.
[I 2026-03-17 17:24:55,731] Trial 46 pruned. 
[I 2026-03-17 17:24:56,733] Trial 20 pruned. 
[I 2026-03-17 17:24:56,832] Trial 43 pruned. 
[I 2026-03-17 17:24:56,924] Trial 42 finished with value: -1.854598100203569 and parameters: {'n_layers_yy': 1, 'hidden_size_yy_l0': 4, 'context_size_yy': 3, 'num_mix_components_yy': 4, 'context_extractor_yy': 'lstm', 'activation_func_yy': 'Tanh', 'L2_weight_yy': 4.2681466035415555e-07, 'L_entropy_weight_yy': 3.1711815199374107e-06, 'L_sep_weight_yy': 6.723871124404748e-06, 'L_scale_weight_yy': 2.2262108323567047e-10, 'learning_rate_yy': 0.009998357907035517}. Best is trial 10 with value: -1.8554935362796692.
[I 2026-03-17 17:24:57,369] Trial 43 pruned. 
[I 2026-03-17 17:24:59,165] Trial 43 pruned. 
[I 2026-03-17 17:24:59,243] Trial 47 pruned. 
[I 2026-03-17 17:25:03,179] Trial 19 pruned. 
[I 2026-03-17 17:25:03,933] Trial 44 pruned. 
[I 2026-03-17 17:25:10,406] Trial 45 pruned. 
[I 2026-03-17 17:25:10,769] Trial 41 finished with value: -2.093922187128181 and parameters: {'n_layers_yy': 2, 'hidden_size_yy_l0': 4, 'hidden_size_yy_l1': 4, 'context_size_yy': 4, 'num_mix_components_yy': 5, 'context_extractor_yy': 'gru', 'activation_func_yy': 'ReLU', 'L2_weight_yy': 4.7658845011481224e-09, 'L_entropy_weight_yy': 5.2352781815420604e-08, 'L_sep_weight_yy': 1.2867891704042007e-07, 'L_scale_weight_yy': 7.162319870803142e-06, 'learning_rate_yy': 0.004889880737598432}. Best is trial 41 with value: -2.093922187128181.
[I 2026-03-17 17:25:11,846] Trial 43 finished with value: -2.6396916719313195 and parameters: {'n_layers_yy': 1, 'hidden_size_yy_l0': 5, 'context_size_yy': 4, 'num_mix_components_yy': 4, 'context_extractor_yy': 'lstm', 'activation_func_yy': 'ReLU', 'L2_weight_yy': 1.1547675337227715e-06, 'L_entropy_weight_yy': 6.625830684385965e-09, 'L_sep_weight_yy': 5.825377479002909e-06, 'L_scale_weight_yy': 0.00029308778228853076, 'learning_rate_yy': 0.00891190628790522}. Best is trial 43 with value: -2.6396916719313195.
[I 2026-03-17 17:25:12,180] Trial 44 pruned. 
[I 2026-03-17 17:25:13,130] Trial 20 pruned. 
[I 2026-03-17 17:25:13,565] Trial 23 finished with value: -2.491416293537239 and parameters: {'n_layers_yy': 2, 'hidden_size_yy_l0': 3, 'hidden_size_yy_l1': 4, 'context_size_yy': 4, 'num_mix_components_yy': 5, 'context_extractor_yy': 'gru', 'activation_func_yy': 'GELU', 'L2_weight_yy': 0.0001846897714649061, 'L_entropy_weight_yy': 3.182475560468294e-09, 'L_sep_weight_yy': 5.6528005835316246e-06, 'L_scale_weight_yy': 3.1852523820993e-06, 'learning_rate_yy': 0.009628778228728947}. Best is trial 18 with value: -2.4920728800472483.
[I 2026-03-17 17:25:14,667] Trial 44 pruned. 
[I 2026-03-17 17:25:17,107] Trial 46 pruned. 
[I 2026-03-17 17:25:17,571] Trial 45 pruned. 
[I 2026-03-17 17:25:17,752] Trial 24 finished with value: -2.4974010298546476 and parameters: {'n_layers_yy': 2, 'hidden_size_yy_l0': 6, 'hidden_size_yy_l1': 6, 'context_size_yy': 2, 'num_mix_components_yy': 1, 'context_extractor_yy': 'lstm', 'activation_func_yy': 'Tanh', 'L2_weight_yy': 3.7963375619607916e-09, 'L_entropy_weight_yy': 5.177043763548972e-06, 'L_sep_weight_yy': 1.76979374334649e-06, 'L_scale_weight_yy': 1.0724179027381041e-10, 'learning_rate_yy': 0.007837107235593097}. Best is trial 21 with value: -2.5142283361436735.
[I 2026-03-17 17:25:18,243] Trial 21 pruned. 
[I 2026-03-17 17:25:19,379] Trial 37 finished with value: -2.8086363908933873 and parameters: {'n_layers_yy': 1, 'hidden_size_yy_l0': 6, 'context_size_yy': 1, 'num_mix_components_yy': 3, 'context_extractor_yy': 'gru', 'activation_func_yy': 'ReLU', 'L2_weight_yy': 2.473180944330777e-05, 'L_entropy_weight_yy': 1.2192958354340836e-09, 'L_sep_weight_yy': 7.811922817691113e-10, 'L_scale_weight_yy': 2.8929011758246197e-08, 'learning_rate_yy': 0.008293513991945467}. Best is trial 35 with value: -2.838645471907643.
[I 2026-03-17 17:25:20,504] Trial 41 finished with value: -1.7822951438210228 and parameters: {'n_layers_yy': 2, 'hidden_size_yy_l0': 6, 'hidden_size_yy_l1': 5, 'context_size_yy': 3, 'num_mix_components_yy': 4, 'context_extractor_yy': 'lstm', 'activation_func_yy': 'GELU', 'L2_weight_yy': 5.744920400301951e-05, 'L_entropy_weight_yy': 0.00032337322961554566, 'L_sep_weight_yy': 1.4759105053127385e-07, 'L_scale_weight_yy': 1.5315202377403794e-05, 'learning_rate_yy': 0.009981933934749889}. Best is trial 8 with value: -1.786668244949495.
[I 2026-03-17 17:25:22,639] Trial 28 pruned. 
[I 2026-03-17 17:25:22,739] Trial 46 pruned. 
[I 2026-03-17 17:25:24,659] Trial 48 finished with value: -2.4458735172242907 and parameters: {'n_layers_yy': 1, 'hidden_size_yy_l0': 5, 'context_size_yy': 4, 'num_mix_components_yy': 2, 'context_extractor_yy': 'lstm', 'activation_func_yy': 'GELU', 'L2_weight_yy': 2.712400517010437e-07, 'L_entropy_weight_yy': 0.00014300818732819318, 'L_sep_weight_yy': 4.1488313429532895e-10, 'L_scale_weight_yy': 8.602702695719988e-10, 'learning_rate_yy': 0.003681514440175622}. Best is trial 2 with value: -2.476197165819489.
[I 2026-03-17 17:25:25,317] Trial 22 pruned. 
[I 2026-03-17 17:25:25,389] Trial 30 finished with value: -2.335648019864759 and parameters: {'n_layers_yy': 1, 'hidden_size_yy_l0': 6, 'context_size_yy': 1, 'num_mix_components_yy': 1, 'context_extractor_yy': 'lstm', 'activation_func_yy': 'Tanh', 'L2_weight_yy': 1.960008709822192e-08, 'L_entropy_weight_yy': 1.582777665356591e-07, 'L_sep_weight_yy': 1.0481907900310521e-05, 'L_scale_weight_yy': 1.1123137258837416e-07, 'learning_rate_yy': 0.004177994718148831}. Best is trial 22 with value: -2.3759054172258436.
[I 2026-03-17 17:25:25,514] Trial 38 pruned. 
[I 2026-03-17 17:25:27,373] Trial 25 pruned. 
[I 2026-03-17 17:25:27,463] Trial 42 pruned. 
[I 2026-03-17 17:25:27,934] Trial 31 pruned. 
[I 2026-03-17 17:25:28,192] Trial 47 pruned. 
[I 2026-03-17 17:25:33,393] Trial 48 pruned. 
[I 2026-03-17 17:25:35,521] Trial 49 pruned. 
Optimize task 22: group_id: POm, neuron_id: 56
Starting optimization for task 22...

--- Data Summary ---
Total events for target process 13628
Data Time: 900 seconds
Using device: cuda
Number of events in target process: 13628
Only one process provided, preparing dataloaders for the reduced model.
Reduced model ln_yy : 609.47512 nats/sec, 40.25004 nats/event
Reduced model Log loss : -1.70195
Number of events in target process: 13628
Only one process provided, preparing dataloaders for the reduced model.
Reduced model ln_yy : 617.64411 nats/sec, 40.78953 nats/event
Reduced model Log loss : -1.69954
Number of events in target process: 13628
Only one process provided, preparing dataloaders for the reduced model.
Number of events in target process: 13628
Only one process provided, preparing dataloaders for the reduced model.
Reduced model ln_yy : 612.75449 nats/sec, 40.46662 nats/event
Reduced model Log loss : -1.70299
Number of events in target process: 13628
Only one process provided, preparing dataloaders for the reduced model.
Number of events in target process: 13628
Only one process provided, preparing dataloaders for the reduced model.
Number of events in target process: 13628
Only one process provided, preparing dataloaders for the reduced model.
Reduced model ln_yy : 612.61506 nats/sec, 40.45741 nats/event
Reduced model Log loss : -1.70083
Number of events in target process: 13628
Only one process provided, preparing dataloaders for the reduced model.
Reduced model ln_yy : 616.82263 nats/sec, 40.73528 nats/event
Reduced model Log loss : -1.69790
Number of events in target process: 13628
Only one process provided, preparing dataloaders for the reduced model.
Number of events in target process: 13628
Only one process provided, preparing dataloaders for the reduced model.
Number of events in target process: 13628
Only one process provided, preparing dataloaders for the reduced model.
Reduced model ln_yy : 613.30879 nats/sec, 40.50322 nats/event
Reduced model Log loss : -1.70149
Number of events in target process: 13628
Only one process provided, preparing dataloaders for the reduced model.
Number of events in target process: 13628
Only one process provided, preparing dataloaders for the reduced model.
Number of events in target process: 13628
Only one process provided, preparing dataloaders for the reduced model.
Number of events in target process: 13628
Only one process provided, preparing dataloaders for the reduced model.
Number of events in target process: 13628
Only one process provided, preparing dataloaders for the reduced model.
Number of events in target process: 13628
Only one process provided, preparing dataloaders for the reduced model.
Number of events in target process: 13628
Only one process provided, preparing dataloaders for the reduced model.
Number of events in target process: 13628
Only one process provided, preparing dataloaders for the reduced model.
Number of events in target process: 13628
Only one process provided, preparing dataloaders for the reduced model.
Number of events in target process: 13628
Only one process provided, preparing dataloaders for the reduced model.
Reduced model ln_yy : 616.26360 nats/sec, 40.69836 nats/event
Reduced model Log loss : -1.70389
Number of events in target process: 13628
Only one process provided, preparing dataloaders for the reduced model.
Number of events in target process: 13628
Only one process provided, preparing dataloaders for the reduced model.
Number of events in target process: 13628
Only one process provided, preparing dataloaders for the reduced model.
Number of events in target process: 13628
Only one process provided, preparing dataloaders for the reduced model.
Number of events in target process: 13628
Only one process provided, preparing dataloaders for the reduced model.
Number of events in target process: 13628
Only one process provided, preparing dataloaders for the reduced model.
Number of events in target process: 13628
Only one process provided, preparing dataloaders for the reduced model.
Number of events in target process: 13628
Only one process provided, preparing dataloaders for the reduced model.
Number of events in target process: 13628
Only one process provided, preparing dataloaders for the reduced model.
Number of events in target process: 13628
Only one process provided, preparing dataloaders for the reduced model.
Reduced model ln_yy : 616.14203 nats/sec, 40.69033 nats/event
Reduced model Log loss : -1.70169
Number of events in target process: 13628
Only one process provided, preparing dataloaders for the reduced model.
Number of events in target process: 13628
Only one process provided, preparing dataloaders for the reduced model.
Number of events in target process: 13628
Only one process provided, preparing dataloaders for the reduced model.
Number of events in target process: 13628
Only one process provided, preparing dataloaders for the reduced model.
Number of events in target process: 13628
Only one process provided, preparing dataloaders for the reduced model.
Number of events in target process: 13628
Only one process provided, preparing dataloaders for the reduced model.
Number of events in target process: 13628
Only one process provided, preparing dataloaders for the reduced model.
Number of events in target process: 13628
Only one process provided, preparing dataloaders for the reduced model.
Number of events in target process: 13628
Only one process provided, preparing dataloaders for the reduced model.
Number of events in target process: 13628
Only one process provided, preparing dataloaders for the reduced model.
Number of events in target process: 13628
Only one process provided, preparing dataloaders for the reduced model.
Reduced model ln_yy : 615.98274 nats/sec, 40.67981 nats/event
Reduced model Log loss : -1.70112
Number of events in target process: 13628
Only one process provided, preparing dataloaders for the reduced model.
Reduced model ln_yy : 617.78761 nats/sec, 40.79901 nats/event
Reduced model Log loss : -1.70013
Number of events in target process: 13628
Only one process provided, preparing dataloaders for the reduced model.
Number of events in target process: 13628
Only one process provided, preparing dataloaders for the reduced model.
Number of events in target process: 13628
Only one process provided, preparing dataloaders for the reduced model.
Number of events in target process: 13628
Only one process provided, preparing dataloaders for the reduced model.
Number of events in target process: 13628
Only one process provided, preparing dataloaders for the reduced model.
Number of events in target process: 13628
Only one process provided, preparing dataloaders for the reduced model.
Number of events in target process: 13628
Only one process provided, preparing dataloaders for the reduced model.
Best trial:
  Value: -1.7038948064814108
  Params: {'n_layers_yy': 1, 'hidden_size_yy_l0': 2, 'context_size_yy': 2, 'num_mix_components_yy': 5, 'context_extractor_yy': 'gru', 'activation_func_yy': 'GELU', 'L2_weight_yy': 1.0986237955884808e-06, 'L_entropy_weight_yy': 2.2569655748055364e-06, 'L_sep_weight_yy': 3.350810974254629e-09, 'L_scale_weight_yy': 1.49102500283125e-08, 'learning_rate_yy': 0.009046744025103743}
Full best configuration saved to results/opt/opt_reduced_22_best_config.txt
Optimization finished.
[I 2026-03-17 17:25:39,402] Trial 47 finished with value: -1.9842696455605924 and parameters: {'n_layers_yy': 2, 'hidden_size_yy_l0': 2, 'hidden_size_yy_l1': 6, 'context_size_yy': 4, 'num_mix_components_yy': 3, 'context_extractor_yy': 'gru', 'activation_func_yy': 'ReLU', 'L2_weight_yy': 1.9362762714679167e-05, 'L_entropy_weight_yy': 1.6104991611702688e-06, 'L_sep_weight_yy': 3.129781428861488e-05, 'L_scale_weight_yy': 5.836768365232658e-09, 'learning_rate_yy': 0.007518725026877751}. Best is trial 24 with value: -1.9860150014876785.
[I 2026-03-17 17:25:40,857] Trial 29 pruned. 
[I 2026-03-17 17:25:46,432] Trial 44 finished with value: -2.639695928418474 and parameters: {'n_layers_yy': 1, 'hidden_size_yy_l0': 5, 'context_size_yy': 4, 'num_mix_components_yy': 4, 'context_extractor_yy': 'lstm', 'activation_func_yy': 'ReLU', 'L2_weight_yy': 1.5014170293221804e-06, 'L_entropy_weight_yy': 8.514993050209167e-09, 'L_sep_weight_yy': 5.0259863224704565e-06, 'L_scale_weight_yy': 0.00027980329962064, 'learning_rate_yy': 0.00893735717486313}. Best is trial 44 with value: -2.639695928418474.
[I 2026-03-17 17:25:47,262] Trial 30 pruned. 
[I 2026-03-17 17:25:47,851] Trial 32 pruned. 
[I 2026-03-17 17:25:50,209] Trial 22 finished with value: -2.974118816089101 and parameters: {'n_layers_yy': 1, 'hidden_size_yy_l0': 6, 'context_size_yy': 4, 'num_mix_components_yy': 4, 'context_extractor_yy': 'lstm', 'activation_func_yy': 'GELU', 'L2_weight_yy': 3.3632061694703386e-09, 'L_entropy_weight_yy': 1.0898899877910475e-05, 'L_sep_weight_yy': 9.995609650221875e-05, 'L_scale_weight_yy': 1.1012270871823313e-06, 'learning_rate_yy': 0.009723603546930913}. Best is trial 9 with value: -2.9754424140841684.
[I 2026-03-17 17:25:54,441] Trial 26 pruned. 
[I 2026-03-17 17:25:55,442] Trial 42 finished with value: -2.069735729296752 and parameters: {'n_layers_yy': 2, 'hidden_size_yy_l0': 5, 'hidden_size_yy_l1': 4, 'context_size_yy': 4, 'num_mix_components_yy': 5, 'context_extractor_yy': 'gru', 'activation_func_yy': 'ReLU', 'L2_weight_yy': 6.472026983013945e-09, 'L_entropy_weight_yy': 5.93265804261316e-08, 'L_sep_weight_yy': 2.1544202828043083e-08, 'L_scale_weight_yy': 6.1048126385308685e-06, 'learning_rate_yy': 0.004809711574471699}. Best is trial 41 with value: -2.093922187128181.
[I 2026-03-17 17:25:57,628] Trial 23 pruned. 
[I 2026-03-17 17:25:58,272] Trial 45 finished with value: -1.837656931834178 and parameters: {'n_layers_yy': 1, 'hidden_size_yy_l0': 4, 'context_size_yy': 1, 'num_mix_components_yy': 1, 'context_extractor_yy': 'lstm', 'activation_func_yy': 'Tanh', 'L2_weight_yy': 1.6956335944401247e-07, 'L_entropy_weight_yy': 2.5486636342504436e-05, 'L_sep_weight_yy': 1.5075357638388986e-07, 'L_scale_weight_yy': 2.9619756699993375e-09, 'learning_rate_yy': 0.006979513729024507}. Best is trial 10 with value: -1.8554935362796692.
[I 2026-03-17 17:25:59,105] Trial 48 finished with value: -1.9579512554201817 and parameters: {'n_layers_yy': 2, 'hidden_size_yy_l0': 2, 'hidden_size_yy_l1': 5, 'context_size_yy': 4, 'num_mix_components_yy': 3, 'context_extractor_yy': 'gru', 'activation_func_yy': 'ReLU', 'L2_weight_yy': 2.1426070913736412e-05, 'L_entropy_weight_yy': 6.726338319248129e-09, 'L_sep_weight_yy': 8.853335757281865e-05, 'L_scale_weight_yy': 7.579326938481608e-09, 'learning_rate_yy': 0.008689994674422401}. Best is trial 24 with value: -1.9860150014876785.
[I 2026-03-17 17:25:59,690] Trial 17 finished with value: -3.258882804361979 and parameters: {'n_layers_yy': 1, 'hidden_size_yy_l0': 5, 'context_size_yy': 4, 'num_mix_components_yy': 4, 'context_extractor_yy': 'gru', 'activation_func_yy': 'ReLU', 'L2_weight_yy': 2.2993597818697496e-09, 'L_entropy_weight_yy': 0.0009463354736065742, 'L_sep_weight_yy': 1.0708293934900867e-10, 'L_scale_weight_yy': 8.463003270975387e-10, 'learning_rate_yy': 0.005846081537471782}. Best is trial 16 with value: -3.2663029296875.
[I 2026-03-17 17:26:01,444] Trial 43 finished with value: -1.7803251262626263 and parameters: {'n_layers_yy': 2, 'hidden_size_yy_l0': 5, 'hidden_size_yy_l1': 5, 'context_size_yy': 3, 'num_mix_components_yy': 4, 'context_extractor_yy': 'lstm', 'activation_func_yy': 'GELU', 'L2_weight_yy': 0.0003146538442980254, 'L_entropy_weight_yy': 0.0002469257381091928, 'L_sep_weight_yy': 3.1314914504052877e-07, 'L_scale_weight_yy': 4.743517747034863e-06, 'learning_rate_yy': 0.007273835326366627}. Best is trial 8 with value: -1.786668244949495.
[I 2026-03-17 17:26:03,593] Trial 49 finished with value: -2.473193830732427 and parameters: {'n_layers_yy': 1, 'hidden_size_yy_l0': 6, 'context_size_yy': 4, 'num_mix_components_yy': 3, 'context_extractor_yy': 'lstm', 'activation_func_yy': 'Tanh', 'L2_weight_yy': 5.465309056749873e-09, 'L_entropy_weight_yy': 4.502774746592743e-05, 'L_sep_weight_yy': 1.164827869526252e-10, 'L_scale_weight_yy': 1.2446161261161088e-10, 'learning_rate_yy': 0.0020707563846850885}. Best is trial 2 with value: -2.476197165819489.
Optimize task 16: group_id: POm, neuron_id: 50
Starting optimization for task 16...

--- Data Summary ---
Total events for target process 29032
Data Time: 900 seconds
Using device: cuda
Number of events in target process: 29032
Only one process provided, preparing dataloaders for the reduced model.
Reduced model ln_yy : 3511.84345 nats/sec, 108.86811 nats/event
Reduced model Log loss : -2.44095
Number of events in target process: 29032
Only one process provided, preparing dataloaders for the reduced model.
Reduced model ln_yy : 3526.96040 nats/sec, 109.33674 nats/event
Reduced model Log loss : -2.44489
Number of events in target process: 29032
Only one process provided, preparing dataloaders for the reduced model.
Reduced model ln_yy : 3559.74519 nats/sec, 110.35308 nats/event
Reduced model Log loss : -2.47620
Number of events in target process: 29032
Only one process provided, preparing dataloaders for the reduced model.
Reduced model ln_yy : 3563.35638 nats/sec, 110.46503 nats/event
Reduced model Log loss : -2.47299
Number of events in target process: 29032
Only one process provided, preparing dataloaders for the reduced model.
Number of events in target process: 29032
Only one process provided, preparing dataloaders for the reduced model.
Number of events in target process: 29032
Only one process provided, preparing dataloaders for the reduced model.
Number of events in target process: 29032
Only one process provided, preparing dataloaders for the reduced model.
Number of events in target process: 29032
Only one process provided, preparing dataloaders for the reduced model.
Number of events in target process: 29032
Only one process provided, preparing dataloaders for the reduced model.
Reduced model ln_yy : 3562.42159 nats/sec, 110.43605 nats/event
Reduced model Log loss : -2.47065
Number of events in target process: 29032
Only one process provided, preparing dataloaders for the reduced model.
Number of events in target process: 29032
Only one process provided, preparing dataloaders for the reduced model.
Number of events in target process: 29032
Only one process provided, preparing dataloaders for the reduced model.
Number of events in target process: 29032
Only one process provided, preparing dataloaders for the reduced model.
Number of events in target process: 29032
Only one process provided, preparing dataloaders for the reduced model.
Number of events in target process: 29032
Only one process provided, preparing dataloaders for the reduced model.
Number of events in target process: 29032
Only one process provided, preparing dataloaders for the reduced model.
Number of events in target process: 29032
Only one process provided, preparing dataloaders for the reduced model.
Reduced model ln_yy : 3530.64647 nats/sec, 109.45101 nats/event
Reduced model Log loss : -2.44748
Number of events in target process: 29032
Only one process provided, preparing dataloaders for the reduced model.
Number of events in target process: 29032
Only one process provided, preparing dataloaders for the reduced model.
Number of events in target process: 29032
Only one process provided, preparing dataloaders for the reduced model.
Number of events in target process: 29032
Only one process provided, preparing dataloaders for the reduced model.
Number of events in target process: 29032
Only one process provided, preparing dataloaders for the reduced model.
Number of events in target process: 29032
Only one process provided, preparing dataloaders for the reduced model.
Number of events in target process: 29032
Only one process provided, preparing dataloaders for the reduced model.
Reduced model ln_yy : 3526.08080 nats/sec, 109.30948 nats/event
Reduced model Log loss : -2.44579
Number of events in target process: 29032
Only one process provided, preparing dataloaders for the reduced model.
Number of events in target process: 29032
Only one process provided, preparing dataloaders for the reduced model.
Number of events in target process: 29032
Only one process provided, preparing dataloaders for the reduced model.
Number of events in target process: 29032
Only one process provided, preparing dataloaders for the reduced model.
Number of events in target process: 29032
Only one process provided, preparing dataloaders for the reduced model.
Number of events in target process: 29032
Only one process provided, preparing dataloaders for the reduced model.
Reduced model ln_yy : 3526.59724 nats/sec, 109.32549 nats/event
Reduced model Log loss : -2.44719
Number of events in target process: 29032
Only one process provided, preparing dataloaders for the reduced model.
Number of events in target process: 29032
Only one process provided, preparing dataloaders for the reduced model.
Reduced model ln_yy : 3522.09239 nats/sec, 109.18583 nats/event
Reduced model Log loss : -2.44805
Number of events in target process: 29032
Only one process provided, preparing dataloaders for the reduced model.
Number of events in target process: 29032
Only one process provided, preparing dataloaders for the reduced model.
Number of events in target process: 29032
Only one process provided, preparing dataloaders for the reduced model.
Number of events in target process: 29032
Only one process provided, preparing dataloaders for the reduced model.
Number of events in target process: 29032
Only one process provided, preparing dataloaders for the reduced model.
Number of events in target process: 29032
Only one process provided, preparing dataloaders for the reduced model.
Reduced model ln_yy : 3574.20437 nats/sec, 110.80132 nats/event
Reduced model Log loss : -2.47197
Number of events in target process: 29032
Only one process provided, preparing dataloaders for the reduced model.
Number of events in target process: 29032
Only one process provided, preparing dataloaders for the reduced model.
Number of events in target process: 29032
Only one process provided, preparing dataloaders for the reduced model.
Reduced model ln_yy : 3552.98334 nats/sec, 110.14346 nats/event
Reduced model Log loss : -2.47089
Number of events in target process: 29032
Only one process provided, preparing dataloaders for the reduced model.
Reduced model ln_yy : 3574.48210 nats/sec, 110.80993 nats/event
Reduced model Log loss : -2.47200
Number of events in target process: 29032
Only one process provided, preparing dataloaders for the reduced model.
Number of events in target process: 29032
Only one process provided, preparing dataloaders for the reduced model.
Number of events in target process: 29032
Only one process provided, preparing dataloaders for the reduced model.
Number of events in target process: 29032
Only one process provided, preparing dataloaders for the reduced model.
Number of events in target process: 29032
Only one process provided, preparing dataloaders for the reduced model.
Number of events in target process: 29032
Only one process provided, preparing dataloaders for the reduced model.
Reduced model ln_yy : 3519.75770 nats/sec, 109.11346 nats/event
Reduced model Log loss : -2.44587
Number of events in target process: 29032
Only one process provided, preparing dataloaders for the reduced model.
Reduced model ln_yy : 3568.16427 nats/sec, 110.61408 nats/event
Reduced model Log loss : -2.47319
Best trial:
  Value: -2.476197165819489
  Params: {'n_layers_yy': 2, 'hidden_size_yy_l0': 6, 'hidden_size_yy_l1': 5, 'context_size_yy': 4, 'num_mix_components_yy': 3, 'context_extractor_yy': 'gru', 'activation_func_yy': 'ReLU', 'L2_weight_yy': 2.514964562721126e-07, 'L_entropy_weight_yy': 3.1863194593004153e-06, 'L_sep_weight_yy': 2.3814640967109104e-07, 'L_scale_weight_yy': 9.737697008772498e-05, 'learning_rate_yy': 0.005769686505608838}
Full best configuration saved to results/opt/opt_reduced_16_best_config.txt
Optimization finished.
[I 2026-03-17 17:26:06,911] Trial 24 finished with value: -2.4926837718550585 and parameters: {'n_layers_yy': 2, 'hidden_size_yy_l0': 3, 'hidden_size_yy_l1': 4, 'context_size_yy': 4, 'num_mix_components_yy': 5, 'context_extractor_yy': 'gru', 'activation_func_yy': 'GELU', 'L2_weight_yy': 6.885093703959191e-07, 'L_entropy_weight_yy': 2.7753811190250163e-09, 'L_sep_weight_yy': 9.822537148968771e-06, 'L_scale_weight_yy': 2.414049697895814e-06, 'learning_rate_yy': 0.009959145722324569}. Best is trial 24 with value: -2.4926837718550585.
[I 2026-03-17 17:26:07,735] Trial 33 pruned. 
[I 2026-03-17 17:26:14,480] Trial 34 pruned. 
[I 2026-03-17 17:26:17,463] Trial 49 pruned. 
Optimize task 21: group_id: POm, neuron_id: 55
Starting optimization for task 21...

--- Data Summary ---
Total events for target process 18269
Data Time: 900 seconds
Using device: cuda
Number of events in target process: 18269
Only one process provided, preparing dataloaders for the reduced model.
Reduced model ln_yy : 1209.53285 nats/sec, 59.58616 nats/event
Reduced model Log loss : -1.96133
Number of events in target process: 18269
Only one process provided, preparing dataloaders for the reduced model.
Reduced model ln_yy : 1210.54614 nats/sec, 59.63608 nats/event
Reduced model Log loss : -1.95354
Number of events in target process: 18269
Only one process provided, preparing dataloaders for the reduced model.
Reduced model ln_yy : 1207.76622 nats/sec, 59.49913 nats/event
Reduced model Log loss : -1.96131
Number of events in target process: 18269
Only one process provided, preparing dataloaders for the reduced model.
Number of events in target process: 18269
Only one process provided, preparing dataloaders for the reduced model.
Number of events in target process: 18269
Only one process provided, preparing dataloaders for the reduced model.
Reduced model ln_yy : 1225.50216 nats/sec, 60.37287 nats/event
Reduced model Log loss : -1.97974
Number of events in target process: 18269
Only one process provided, preparing dataloaders for the reduced model.
Number of events in target process: 18269
Only one process provided, preparing dataloaders for the reduced model.
Reduced model ln_yy : 1219.72507 nats/sec, 60.08827 nats/event
Reduced model Log loss : -1.98305
Number of events in target process: 18269
Only one process provided, preparing dataloaders for the reduced model.
Reduced model ln_yy : 1227.22543 nats/sec, 60.45776 nats/event
Reduced model Log loss : -1.97906
Number of events in target process: 18269
Only one process provided, preparing dataloaders for the reduced model.
Reduced model ln_yy : 1208.68713 nats/sec, 59.54450 nats/event
Reduced model Log loss : -1.94539
Number of events in target process: 18269
Only one process provided, preparing dataloaders for the reduced model.
Number of events in target process: 18269
Only one process provided, preparing dataloaders for the reduced model.
Number of events in target process: 18269
Only one process provided, preparing dataloaders for the reduced model.
Number of events in target process: 18269
Only one process provided, preparing dataloaders for the reduced model.
Number of events in target process: 18269
Only one process provided, preparing dataloaders for the reduced model.
Number of events in target process: 18269
Only one process provided, preparing dataloaders for the reduced model.
Number of events in target process: 18269
Only one process provided, preparing dataloaders for the reduced model.
Reduced model ln_yy : 1217.81261 nats/sec, 59.99405 nats/event
Reduced model Log loss : -1.98156
Number of events in target process: 18269
Only one process provided, preparing dataloaders for the reduced model.
Number of events in target process: 18269
Only one process provided, preparing dataloaders for the reduced model.
Number of events in target process: 18269
Only one process provided, preparing dataloaders for the reduced model.
Number of events in target process: 18269
Only one process provided, preparing dataloaders for the reduced model.
Reduced model ln_yy : 1217.58760 nats/sec, 59.98297 nats/event
Reduced model Log loss : -1.98505
Number of events in target process: 18269
Only one process provided, preparing dataloaders for the reduced model.
Number of events in target process: 18269
Only one process provided, preparing dataloaders for the reduced model.
Number of events in target process: 18269
Only one process provided, preparing dataloaders for the reduced model.
Number of events in target process: 18269
Only one process provided, preparing dataloaders for the reduced model.
Reduced model ln_yy : 1212.79940 nats/sec, 59.74708 nats/event
Reduced model Log loss : -1.98602
Number of events in target process: 18269
Only one process provided, preparing dataloaders for the reduced model.
Reduced model ln_yy : 1200.67387 nats/sec, 59.14973 nats/event
Reduced model Log loss : -1.96037
Number of events in target process: 18269
Only one process provided, preparing dataloaders for the reduced model.
Number of events in target process: 18269
Only one process provided, preparing dataloaders for the reduced model.
Number of events in target process: 18269
Only one process provided, preparing dataloaders for the reduced model.
Number of events in target process: 18269
Only one process provided, preparing dataloaders for the reduced model.
Reduced model ln_yy : 1224.01278 nats/sec, 60.29950 nats/event
Reduced model Log loss : -1.98393
Number of events in target process: 18269
Only one process provided, preparing dataloaders for the reduced model.
Number of events in target process: 18269
Only one process provided, preparing dataloaders for the reduced model.
Number of events in target process: 18269
Only one process provided, preparing dataloaders for the reduced model.
Number of events in target process: 18269
Only one process provided, preparing dataloaders for the reduced model.
Number of events in target process: 18269
Only one process provided, preparing dataloaders for the reduced model.
Number of events in target process: 18269
Only one process provided, preparing dataloaders for the reduced model.
Reduced model ln_yy : 1221.38180 nats/sec, 60.16988 nats/event
Reduced model Log loss : -1.98220
Number of events in target process: 18269
Only one process provided, preparing dataloaders for the reduced model.
Reduced model ln_yy : 1224.05847 nats/sec, 60.30175 nats/event
Reduced model Log loss : -1.98468
Number of events in target process: 18269
Only one process provided, preparing dataloaders for the reduced model.
Reduced model ln_yy : 1207.65022 nats/sec, 59.49342 nats/event
Reduced model Log loss : -1.95748
Number of events in target process: 18269
Only one process provided, preparing dataloaders for the reduced model.
Number of events in target process: 18269
Only one process provided, preparing dataloaders for the reduced model.
Reduced model ln_yy : 1206.66910 nats/sec, 59.44508 nats/event
Reduced model Log loss : -1.95926
Number of events in target process: 18269
Only one process provided, preparing dataloaders for the reduced model.
Number of events in target process: 18269
Only one process provided, preparing dataloaders for the reduced model.
Reduced model ln_yy : 1201.02897 nats/sec, 59.16723 nats/event
Reduced model Log loss : -1.95772
Number of events in target process: 18269
Only one process provided, preparing dataloaders for the reduced model.
Number of events in target process: 18269
Only one process provided, preparing dataloaders for the reduced model.
Number of events in target process: 18269
Only one process provided, preparing dataloaders for the reduced model.
Number of events in target process: 18269
Only one process provided, preparing dataloaders for the reduced model.
Number of events in target process: 18269
Only one process provided, preparing dataloaders for the reduced model.
Number of events in target process: 18269
Only one process provided, preparing dataloaders for the reduced model.
Reduced model ln_yy : 1220.80169 nats/sec, 60.14131 nats/event
Reduced model Log loss : -1.98427
Number of events in target process: 18269
Only one process provided, preparing dataloaders for the reduced model.
Reduced model ln_yy : 1213.47821 nats/sec, 59.78052 nats/event
Reduced model Log loss : -1.95795
Number of events in target process: 18269
Only one process provided, preparing dataloaders for the reduced model.
Best trial:
  Value: -1.9860150014876785
  Params: {'n_layers_yy': 2, 'hidden_size_yy_l0': 4, 'hidden_size_yy_l1': 5, 'context_size_yy': 4, 'num_mix_components_yy': 1, 'context_extractor_yy': 'gru', 'activation_func_yy': 'Tanh', 'L2_weight_yy': 4.510505783917802e-05, 'L_entropy_weight_yy': 4.032910051616316e-08, 'L_sep_weight_yy': 7.067590837117624e-06, 'L_scale_weight_yy': 4.45561409920854e-09, 'learning_rate_yy': 0.004443320640302025}
Full best configuration saved to results/opt/opt_reduced_21_best_config.txt
Optimization finished.
[I 2026-03-17 17:26:19,039] Trial 45 finished with value: -2.6396632060756544 and parameters: {'n_layers_yy': 1, 'hidden_size_yy_l0': 5, 'context_size_yy': 4, 'num_mix_components_yy': 4, 'context_extractor_yy': 'lstm', 'activation_func_yy': 'ReLU', 'L2_weight_yy': 1.3886645915508756e-06, 'L_entropy_weight_yy': 2.265474828931935e-09, 'L_sep_weight_yy': 6.95890724826082e-06, 'L_scale_weight_yy': 0.0003023344239457316, 'learning_rate_yy': 0.008926971153610358}. Best is trial 44 with value: -2.639695928418474.
[I 2026-03-17 17:26:21,171] Trial 35 pruned. 
[I 2026-03-17 17:26:23,654] Trial 36 pruned. 
[I 2026-03-17 17:26:24,547] Trial 23 finished with value: -2.287085976944997 and parameters: {'n_layers_yy': 1, 'hidden_size_yy_l0': 6, 'context_size_yy': 3, 'num_mix_components_yy': 2, 'context_extractor_yy': 'lstm', 'activation_func_yy': 'GELU', 'L2_weight_yy': 1.7379761008206367e-06, 'L_entropy_weight_yy': 7.699590057137254e-09, 'L_sep_weight_yy': 0.00020971414595922873, 'L_scale_weight_yy': 0.0001047414907355434, 'learning_rate_yy': 0.009640423076555356}. Best is trial 0 with value: -2.289111866011322.
[I 2026-03-17 17:26:24,660] Trial 46 finished with value: -1.8544034052456904 and parameters: {'n_layers_yy': 1, 'hidden_size_yy_l0': 6, 'context_size_yy': 2, 'num_mix_components_yy': 5, 'context_extractor_yy': 'lstm', 'activation_func_yy': 'Tanh', 'L2_weight_yy': 6.962285254273945e-07, 'L_entropy_weight_yy': 1.8861398944553525e-06, 'L_sep_weight_yy': 1.8871416426202128e-05, 'L_scale_weight_yy': 1.1662317283207323e-10, 'learning_rate_yy': 0.008988003121684603}. Best is trial 10 with value: -1.8554935362796692.
[I 2026-03-17 17:26:26,188] Trial 37 pruned. 
[I 2026-03-17 17:26:26,663] Trial 47 pruned. 
[I 2026-03-17 17:26:28,501] Trial 43 finished with value: -2.091679500438193 and parameters: {'n_layers_yy': 2, 'hidden_size_yy_l0': 4, 'hidden_size_yy_l1': 4, 'context_size_yy': 4, 'num_mix_components_yy': 5, 'context_extractor_yy': 'gru', 'activation_func_yy': 'ReLU', 'L2_weight_yy': 3.6482380774614298e-09, 'L_entropy_weight_yy': 2.7728448744776323e-08, 'L_sep_weight_yy': 1.3137835956803518e-07, 'L_scale_weight_yy': 1.3158717073244712e-05, 'learning_rate_yy': 0.008074809874089485}. Best is trial 41 with value: -2.093922187128181.
[I 2026-03-17 17:26:29,193] Trial 39 finished with value: -2.835695847600191 and parameters: {'n_layers_yy': 1, 'hidden_size_yy_l0': 6, 'context_size_yy': 4, 'num_mix_components_yy': 3, 'context_extractor_yy': 'gru', 'activation_func_yy': 'ReLU', 'L2_weight_yy': 1.1426055302688712e-07, 'L_entropy_weight_yy': 1.1242451016942674e-08, 'L_sep_weight_yy': 3.1151808270382156e-10, 'L_scale_weight_yy': 1.4538610356962089e-08, 'learning_rate_yy': 0.004826734422218112}. Best is trial 35 with value: -2.838645471907643.
[I 2026-03-17 17:26:31,300] Trial 25 pruned. 
[I 2026-03-17 17:26:37,179] Trial 31 finished with value: -3.118696528357516 and parameters: {'n_layers_yy': 1, 'hidden_size_yy_l0': 5, 'context_size_yy': 4, 'num_mix_components_yy': 2, 'context_extractor_yy': 'gru', 'activation_func_yy': 'ReLU', 'L2_weight_yy': 3.7117060753372268e-06, 'L_entropy_weight_yy': 2.776251862228368e-09, 'L_sep_weight_yy': 2.2083031248661798e-08, 'L_scale_weight_yy': 4.752595145286468e-07, 'learning_rate_yy': 0.006463947855160396}. Best is trial 22 with value: -3.1523755105572735.
[I 2026-03-17 17:26:37,842] Trial 21 pruned. 
[I 2026-03-17 17:26:40,714] Trial 48 pruned. 
[I 2026-03-17 17:26:42,686] Trial 49 pruned. 
Optimize task 14: group_id: POm, neuron_id: 48
Starting optimization for task 14...

--- Data Summary ---
Total events for target process 14713
Data Time: 900 seconds
Using device: cuda
Number of events in target process: 14713
Only one process provided, preparing dataloaders for the reduced model.
Reduced model ln_yy : 757.13890 nats/sec, 46.31448 nats/event
Reduced model Log loss : -1.85043
Number of events in target process: 14713
Only one process provided, preparing dataloaders for the reduced model.
Number of events in target process: 14713
Only one process provided, preparing dataloaders for the reduced model.
Reduced model ln_yy : 755.51622 nats/sec, 46.21522 nats/event
Reduced model Log loss : -1.85238
Number of events in target process: 14713
Only one process provided, preparing dataloaders for the reduced model.
Reduced model ln_yy : 755.64050 nats/sec, 46.22283 nats/event
Reduced model Log loss : -1.85181
Number of events in target process: 14713
Only one process provided, preparing dataloaders for the reduced model.
Number of events in target process: 14713
Only one process provided, preparing dataloaders for the reduced model.
Reduced model ln_yy : 758.07488 nats/sec, 46.37174 nats/event
Reduced model Log loss : -1.85219
Number of events in target process: 14713
Only one process provided, preparing dataloaders for the reduced model.
Reduced model ln_yy : 761.47736 nats/sec, 46.57987 nats/event
Reduced model Log loss : -1.85548
Number of events in target process: 14713
Only one process provided, preparing dataloaders for the reduced model.
Number of events in target process: 14713
Only one process provided, preparing dataloaders for the reduced model.
Reduced model ln_yy : 768.79822 nats/sec, 47.02769 nats/event
Reduced model Log loss : -1.84955
Number of events in target process: 14713
Only one process provided, preparing dataloaders for the reduced model.
Number of events in target process: 14713
Only one process provided, preparing dataloaders for the reduced model.
Reduced model ln_yy : 764.08004 nats/sec, 46.73908 nats/event
Reduced model Log loss : -1.85549
Number of events in target process: 14713
Only one process provided, preparing dataloaders for the reduced model.
Reduced model ln_yy : 762.86875 nats/sec, 46.66498 nats/event
Reduced model Log loss : -1.85442
Number of events in target process: 14713
Only one process provided, preparing dataloaders for the reduced model.
Reduced model ln_yy : 751.91136 nats/sec, 45.99471 nats/event
Reduced model Log loss : -1.83519
Number of events in target process: 14713
Only one process provided, preparing dataloaders for the reduced model.
Reduced model ln_yy : 760.31618 nats/sec, 46.50884 nats/event
Reduced model Log loss : -1.85187
Number of events in target process: 14713
Only one process provided, preparing dataloaders for the reduced model.
Number of events in target process: 14713
Only one process provided, preparing dataloaders for the reduced model.
Number of events in target process: 14713
Only one process provided, preparing dataloaders for the reduced model.
Number of events in target process: 14713
Only one process provided, preparing dataloaders for the reduced model.
Number of events in target process: 14713
Only one process provided, preparing dataloaders for the reduced model.
Number of events in target process: 14713
Only one process provided, preparing dataloaders for the reduced model.
Reduced model ln_yy : 764.59692 nats/sec, 46.77069 nats/event
Reduced model Log loss : -1.85485
Number of events in target process: 14713
Only one process provided, preparing dataloaders for the reduced model.
Number of events in target process: 14713
Only one process provided, preparing dataloaders for the reduced model.
Reduced model ln_yy : 764.99356 nats/sec, 46.79496 nats/event
Reduced model Log loss : -1.85479
Number of events in target process: 14713
Only one process provided, preparing dataloaders for the reduced model.
Reduced model ln_yy : 757.67198 nats/sec, 46.34709 nats/event
Reduced model Log loss : -1.85079
Number of events in target process: 14713
Only one process provided, preparing dataloaders for the reduced model.
Reduced model ln_yy : 759.96911 nats/sec, 46.48761 nats/event
Reduced model Log loss : -1.85483
Number of events in target process: 14713
Only one process provided, preparing dataloaders for the reduced model.
Number of events in target process: 14713
Only one process provided, preparing dataloaders for the reduced model.
Number of events in target process: 14713
Only one process provided, preparing dataloaders for the reduced model.
Number of events in target process: 14713
Only one process provided, preparing dataloaders for the reduced model.
Number of events in target process: 14713
Only one process provided, preparing dataloaders for the reduced model.
Number of events in target process: 14713
Only one process provided, preparing dataloaders for the reduced model.
Number of events in target process: 14713
Only one process provided, preparing dataloaders for the reduced model.
Number of events in target process: 14713
Only one process provided, preparing dataloaders for the reduced model.
Number of events in target process: 14713
Only one process provided, preparing dataloaders for the reduced model.
Reduced model ln_yy : 761.18138 nats/sec, 46.56176 nats/event
Reduced model Log loss : -1.85473
Number of events in target process: 14713
Only one process provided, preparing dataloaders for the reduced model.
Reduced model ln_yy : 763.43843 nats/sec, 46.69983 nats/event
Reduced model Log loss : -1.85448
Number of events in target process: 14713
Only one process provided, preparing dataloaders for the reduced model.
Number of events in target process: 14713
Only one process provided, preparing dataloaders for the reduced model.
Number of events in target process: 14713
Only one process provided, preparing dataloaders for the reduced model.
Reduced model ln_yy : 760.08954 nats/sec, 46.49498 nats/event
Reduced model Log loss : -1.85417
Number of events in target process: 14713
Only one process provided, preparing dataloaders for the reduced model.
Number of events in target process: 14713
Only one process provided, preparing dataloaders for the reduced model.
Reduced model ln_yy : 759.60791 nats/sec, 46.46551 nats/event
Reduced model Log loss : -1.85332
Number of events in target process: 14713
Only one process provided, preparing dataloaders for the reduced model.
Number of events in target process: 14713
Only one process provided, preparing dataloaders for the reduced model.
Number of events in target process: 14713
Only one process provided, preparing dataloaders for the reduced model.
Number of events in target process: 14713
Only one process provided, preparing dataloaders for the reduced model.
Reduced model ln_yy : 760.94446 nats/sec, 46.54727 nats/event
Reduced model Log loss : -1.85460
Number of events in target process: 14713
Only one process provided, preparing dataloaders for the reduced model.
Number of events in target process: 14713
Only one process provided, preparing dataloaders for the reduced model.
Number of events in target process: 14713
Only one process provided, preparing dataloaders for the reduced model.
Reduced model ln_yy : 752.81450 nats/sec, 46.04996 nats/event
Reduced model Log loss : -1.83766
Number of events in target process: 14713
Only one process provided, preparing dataloaders for the reduced model.
Reduced model ln_yy : 760.92352 nats/sec, 46.54599 nats/event
Reduced model Log loss : -1.85440
Number of events in target process: 14713
Only one process provided, preparing dataloaders for the reduced model.
Number of events in target process: 14713
Only one process provided, preparing dataloaders for the reduced model.
Number of events in target process: 14713
Only one process provided, preparing dataloaders for the reduced model.
Best trial:
  Value: -1.8554935362796692
  Params: {'n_layers_yy': 1, 'hidden_size_yy_l0': 6, 'context_size_yy': 4, 'num_mix_components_yy': 1, 'context_extractor_yy': 'lstm', 'activation_func_yy': 'Tanh', 'L2_weight_yy': 0.0002081040498734622, 'L_entropy_weight_yy': 0.00040755520048121375, 'L_sep_weight_yy': 1.0286525129244934e-10, 'L_scale_weight_yy': 3.9377147577509877e-10, 'learning_rate_yy': 0.009317540807220786}
Full best configuration saved to results/opt/opt_reduced_14_best_config.txt
Optimization finished.
[I 2026-03-17 17:26:45,687] Trial 38 pruned. 
[I 2026-03-17 17:26:47,522] Trial 22 pruned. 
[I 2026-03-17 17:26:49,690] Trial 46 finished with value: -2.63964668707944 and parameters: {'n_layers_yy': 1, 'hidden_size_yy_l0': 5, 'context_size_yy': 4, 'num_mix_components_yy': 4, 'context_extractor_yy': 'lstm', 'activation_func_yy': 'ReLU', 'L2_weight_yy': 1.2444835216572941e-06, 'L_entropy_weight_yy': 1.798067457431564e-09, 'L_sep_weight_yy': 5.625487410132029e-06, 'L_scale_weight_yy': 0.00023839420837438874, 'learning_rate_yy': 0.009018897657309498}. Best is trial 44 with value: -2.639695928418474.
[I 2026-03-17 17:26:50,534] Trial 27 finished with value: -2.4977853154821514 and parameters: {'n_layers_yy': 2, 'hidden_size_yy_l0': 5, 'hidden_size_yy_l1': 5, 'context_size_yy': 4, 'num_mix_components_yy': 1, 'context_extractor_yy': 'lstm', 'activation_func_yy': 'Tanh', 'L2_weight_yy': 1.0262248742743077e-09, 'L_entropy_weight_yy': 4.5612487049629183e-10, 'L_sep_weight_yy': 5.427039458571088e-06, 'L_scale_weight_yy': 1.3809758738497959e-08, 'learning_rate_yy': 0.007403961549965896}. Best is trial 21 with value: -2.5142283361436735.
[I 2026-03-17 17:26:51,383] Trial 44 finished with value: -1.7817012409248738 and parameters: {'n_layers_yy': 2, 'hidden_size_yy_l0': 6, 'hidden_size_yy_l1': 2, 'context_size_yy': 4, 'num_mix_components_yy': 3, 'context_extractor_yy': 'lstm', 'activation_func_yy': 'GELU', 'L2_weight_yy': 1.3745738086902697e-05, 'L_entropy_weight_yy': 1.8465194052295758e-05, 'L_sep_weight_yy': 5.359124002592344e-08, 'L_scale_weight_yy': 1.7972200537236543e-06, 'learning_rate_yy': 0.008452003769805337}. Best is trial 8 with value: -1.786668244949495.
[I 2026-03-17 17:26:54,057] Trial 26 finished with value: -2.431508666941932 and parameters: {'n_layers_yy': 2, 'hidden_size_yy_l0': 3, 'hidden_size_yy_l1': 4, 'context_size_yy': 4, 'num_mix_components_yy': 5, 'context_extractor_yy': 'lstm', 'activation_func_yy': 'ReLU', 'L2_weight_yy': 9.554752345612526e-08, 'L_entropy_weight_yy': 1.3852412932052906e-09, 'L_sep_weight_yy': 6.047884109335622e-06, 'L_scale_weight_yy': 8.031880723148703e-05, 'learning_rate_yy': 0.00826249749265226}. Best is trial 24 with value: -2.4926837718550585.
[I 2026-03-17 17:26:57,233] Trial 27 pruned. 
[I 2026-03-17 17:26:59,324] Trial 44 finished with value: -2.0922178456886824 and parameters: {'n_layers_yy': 2, 'hidden_size_yy_l0': 4, 'hidden_size_yy_l1': 4, 'context_size_yy': 4, 'num_mix_components_yy': 5, 'context_extractor_yy': 'gru', 'activation_func_yy': 'ReLU', 'L2_weight_yy': 2.8666705680369605e-09, 'L_entropy_weight_yy': 2.8516793218605552e-08, 'L_sep_weight_yy': 1.012012619983031e-07, 'L_scale_weight_yy': 6.93144616774775e-05, 'learning_rate_yy': 0.008406658950956393}. Best is trial 41 with value: -2.093922187128181.
[I 2026-03-17 17:26:59,493] Trial 28 pruned. 
[I 2026-03-17 17:27:00,368] Trial 28 pruned. 
[I 2026-03-17 17:27:03,291] Trial 29 pruned. 
[I 2026-03-17 17:27:05,499] Trial 45 pruned. 
[I 2026-03-17 17:27:06,123] Trial 18 finished with value: -3.2575084798177083 and parameters: {'n_layers_yy': 1, 'hidden_size_yy_l0': 6, 'context_size_yy': 4, 'num_mix_components_yy': 4, 'context_extractor_yy': 'gru', 'activation_func_yy': 'ReLU', 'L2_weight_yy': 2.5341753801398573e-09, 'L_entropy_weight_yy': 1.0557481519106282e-06, 'L_sep_weight_yy': 1.1075313291901611e-10, 'L_scale_weight_yy': 6.640422972609732e-10, 'learning_rate_yy': 0.005623697000673872}. Best is trial 16 with value: -3.2663029296875.
[I 2026-03-17 17:27:06,272] Trial 22 finished with value: -2.752847783315028 and parameters: {'n_layers_yy': 1, 'hidden_size_yy_l0': 2, 'context_size_yy': 1, 'num_mix_components_yy': 2, 'context_extractor_yy': 'gru', 'activation_func_yy': 'GELU', 'L2_weight_yy': 8.015936997274935e-05, 'L_entropy_weight_yy': 0.00016302324891899955, 'L_sep_weight_yy': 0.0006607258260501044, 'L_scale_weight_yy': 1.0321583638071432e-09, 'learning_rate_yy': 0.0013889990678725953}. Best is trial 9 with value: -2.7636669680656607.
[I 2026-03-17 17:27:07,592] Trial 46 pruned. 
[I 2026-03-17 17:27:08,017] Trial 24 finished with value: -2.9630544934679146 and parameters: {'n_layers_yy': 1, 'hidden_size_yy_l0': 6, 'context_size_yy': 3, 'num_mix_components_yy': 4, 'context_extractor_yy': 'gru', 'activation_func_yy': 'Tanh', 'L2_weight_yy': 5.53364114181141e-09, 'L_entropy_weight_yy': 1.1280243048898365e-07, 'L_sep_weight_yy': 7.067818204381499e-07, 'L_scale_weight_yy': 6.837830644297793e-09, 'learning_rate_yy': 0.006940251589689242}. Best is trial 9 with value: -2.9754424140841684.
[I 2026-03-17 17:27:08,640] Trial 40 finished with value: -2.8354289021200114 and parameters: {'n_layers_yy': 1, 'hidden_size_yy_l0': 5, 'context_size_yy': 4, 'num_mix_components_yy': 4, 'context_extractor_yy': 'gru', 'activation_func_yy': 'ReLU', 'L2_weight_yy': 0.00022123095979671392, 'L_entropy_weight_yy': 1.8317756322896626e-10, 'L_sep_weight_yy': 2.9569796254086423e-08, 'L_scale_weight_yy': 3.0166393206304465e-10, 'learning_rate_yy': 0.006013607135940011}. Best is trial 35 with value: -2.838645471907643.
[I 2026-03-17 17:27:11,546] Trial 30 pruned. 
[I 2026-03-17 17:27:12,525] Trial 47 pruned. 
[I 2026-03-17 17:27:13,605] Trial 41 pruned. 
[I 2026-03-17 17:27:14,725] Trial 25 pruned. 
[I 2026-03-17 17:27:14,864] Trial 23 pruned. 
[I 2026-03-17 17:27:16,478] Trial 32 finished with value: -3.118129477251082 and parameters: {'n_layers_yy': 1, 'hidden_size_yy_l0': 6, 'context_size_yy': 4, 'num_mix_components_yy': 1, 'context_extractor_yy': 'gru', 'activation_func_yy': 'ReLU', 'L2_weight_yy': 2.188728763561814e-06, 'L_entropy_weight_yy': 1.6842202389192728e-09, 'L_sep_weight_yy': 5.887080155492032e-09, 'L_scale_weight_yy': 2.130420225345757e-06, 'learning_rate_yy': 0.006758329076779265}. Best is trial 22 with value: -3.1523755105572735.
[I 2026-03-17 17:27:17,231] Trial 45 pruned. 
[I 2026-03-17 17:27:17,400] Trial 48 pruned. 
[I 2026-03-17 17:27:17,999] Trial 19 pruned. 
[I 2026-03-17 17:27:18,354] Trial 24 pruned. 
[I 2026-03-17 17:27:18,604] Trial 42 pruned. 
[I 2026-03-17 17:27:19,471] Trial 49 pruned. 
Optimize task 13: group_id: POm, neuron_id: 47
Starting optimization for task 13...

--- Data Summary ---
Total events for target process 12731
Data Time: 900 seconds
Using device: cuda
Number of events in target process: 12731
Only one process provided, preparing dataloaders for the reduced model.
Reduced model ln_yy : 529.16958 nats/sec, 37.40889 nats/event
Reduced model Log loss : -1.71852
Number of events in target process: 12731
Only one process provided, preparing dataloaders for the reduced model.
Reduced model ln_yy : 543.10698 nats/sec, 38.39418 nats/event
Reduced model Log loss : -1.78022
Number of events in target process: 12731
Only one process provided, preparing dataloaders for the reduced model.
Reduced model ln_yy : 549.51041 nats/sec, 38.84686 nats/event
Reduced model Log loss : -1.78280
Number of events in target process: 12731
Only one process provided, preparing dataloaders for the reduced model.
Number of events in target process: 12731
Only one process provided, preparing dataloaders for the reduced model.
Reduced model ln_yy : 550.09091 nats/sec, 38.88790 nats/event
Reduced model Log loss : -1.78283
Number of events in target process: 12731
Only one process provided, preparing dataloaders for the reduced model.
Reduced model ln_yy : 548.95667 nats/sec, 38.80771 nats/event
Reduced model Log loss : -1.77988
Number of events in target process: 12731
Only one process provided, preparing dataloaders for the reduced model.
Number of events in target process: 12731
Only one process provided, preparing dataloaders for the reduced model.
Reduced model ln_yy : 548.10065 nats/sec, 38.74720 nats/event
Reduced model Log loss : -1.78091
Number of events in target process: 12731
Only one process provided, preparing dataloaders for the reduced model.
Reduced model ln_yy : 542.81006 nats/sec, 38.37319 nats/event
Reduced model Log loss : -1.78667
Number of events in target process: 12731
Only one process provided, preparing dataloaders for the reduced model.
Number of events in target process: 12731
Only one process provided, preparing dataloaders for the reduced model.
Number of events in target process: 12731
Only one process provided, preparing dataloaders for the reduced model.
Number of events in target process: 12731
Only one process provided, preparing dataloaders for the reduced model.
Number of events in target process: 12731
Only one process provided, preparing dataloaders for the reduced model.
Number of events in target process: 12731
Only one process provided, preparing dataloaders for the reduced model.
Number of events in target process: 12731
Only one process provided, preparing dataloaders for the reduced model.
Number of events in target process: 12731
Only one process provided, preparing dataloaders for the reduced model.
Number of events in target process: 12731
Only one process provided, preparing dataloaders for the reduced model.
Number of events in target process: 12731
Only one process provided, preparing dataloaders for the reduced model.
Reduced model ln_yy : 549.22241 nats/sec, 38.82650 nats/event
Reduced model Log loss : -1.78280
Number of events in target process: 12731
Only one process provided, preparing dataloaders for the reduced model.
Number of events in target process: 12731
Only one process provided, preparing dataloaders for the reduced model.
Number of events in target process: 12731
Only one process provided, preparing dataloaders for the reduced model.
Number of events in target process: 12731
Only one process provided, preparing dataloaders for the reduced model.
Number of events in target process: 12731
Only one process provided, preparing dataloaders for the reduced model.
Reduced model ln_yy : 546.40999 nats/sec, 38.62768 nats/event
Reduced model Log loss : -1.78241
Number of events in target process: 12731
Only one process provided, preparing dataloaders for the reduced model.
Number of events in target process: 12731
Only one process provided, preparing dataloaders for the reduced model.
Number of events in target process: 12731
Only one process provided, preparing dataloaders for the reduced model.
Number of events in target process: 12731
Only one process provided, preparing dataloaders for the reduced model.
Number of events in target process: 12731
Only one process provided, preparing dataloaders for the reduced model.
Number of events in target process: 12731
Only one process provided, preparing dataloaders for the reduced model.
Number of events in target process: 12731
Only one process provided, preparing dataloaders for the reduced model.
Reduced model ln_yy : 544.35316 nats/sec, 38.48227 nats/event
Reduced model Log loss : -1.77528
Number of events in target process: 12731
Only one process provided, preparing dataloaders for the reduced model.
Number of events in target process: 12731
Only one process provided, preparing dataloaders for the reduced model.
Number of events in target process: 12731
Only one process provided, preparing dataloaders for the reduced model.
Number of events in target process: 12731
Only one process provided, preparing dataloaders for the reduced model.
Number of events in target process: 12731
Only one process provided, preparing dataloaders for the reduced model.
Number of events in target process: 12731
Only one process provided, preparing dataloaders for the reduced model.
Number of events in target process: 12731
Only one process provided, preparing dataloaders for the reduced model.
Number of events in target process: 12731
Only one process provided, preparing dataloaders for the reduced model.
Number of events in target process: 12731
Only one process provided, preparing dataloaders for the reduced model.
Number of events in target process: 12731
Only one process provided, preparing dataloaders for the reduced model.
Number of events in target process: 12731
Only one process provided, preparing dataloaders for the reduced model.
Reduced model ln_yy : 546.69198 nats/sec, 38.64761 nats/event
Reduced model Log loss : -1.78230
Number of events in target process: 12731
Only one process provided, preparing dataloaders for the reduced model.
Number of events in target process: 12731
Only one process provided, preparing dataloaders for the reduced model.
Reduced model ln_yy : 546.89964 nats/sec, 38.66229 nats/event
Reduced model Log loss : -1.78033
Number of events in target process: 12731
Only one process provided, preparing dataloaders for the reduced model.
Reduced model ln_yy : 544.44466 nats/sec, 38.48874 nats/event
Reduced model Log loss : -1.78170
Number of events in target process: 12731
Only one process provided, preparing dataloaders for the reduced model.
Number of events in target process: 12731
Only one process provided, preparing dataloaders for the reduced model.
Number of events in target process: 12731
Only one process provided, preparing dataloaders for the reduced model.
Number of events in target process: 12731
Only one process provided, preparing dataloaders for the reduced model.
Number of events in target process: 12731
Only one process provided, preparing dataloaders for the reduced model.
Best trial:
  Value: -1.786668244949495
  Params: {'n_layers_yy': 2, 'hidden_size_yy_l0': 2, 'hidden_size_yy_l1': 6, 'context_size_yy': 1, 'num_mix_components_yy': 5, 'context_extractor_yy': 'gru', 'activation_func_yy': 'GELU', 'L2_weight_yy': 1.2487382032667461e-05, 'L_entropy_weight_yy': 3.225521192183634e-05, 'L_sep_weight_yy': 5.892133741615616e-09, 'L_scale_weight_yy': 1.3130531262149028e-09, 'learning_rate_yy': 0.0034758811719571136}
Full best configuration saved to results/opt/opt_reduced_13_best_config.txt
Optimization finished.
[I 2026-03-17 17:27:20,771] Trial 47 finished with value: -2.63965485570872 and parameters: {'n_layers_yy': 1, 'hidden_size_yy_l0': 5, 'context_size_yy': 4, 'num_mix_components_yy': 4, 'context_extractor_yy': 'lstm', 'activation_func_yy': 'ReLU', 'L2_weight_yy': 1.0851826276703666e-06, 'L_entropy_weight_yy': 2.599867522177554e-09, 'L_sep_weight_yy': 1.0942613517446583e-05, 'L_scale_weight_yy': 0.00038599832806693557, 'learning_rate_yy': 0.009352280747323147}. Best is trial 44 with value: -2.639695928418474.
[I 2026-03-17 17:27:22,506] Trial 24 finished with value: -2.2895590587228427 and parameters: {'n_layers_yy': 1, 'hidden_size_yy_l0': 6, 'context_size_yy': 4, 'num_mix_components_yy': 2, 'context_extractor_yy': 'lstm', 'activation_func_yy': 'GELU', 'L2_weight_yy': 3.726585736804011e-05, 'L_entropy_weight_yy': 2.1006867835151078e-08, 'L_sep_weight_yy': 0.00016280059514898646, 'L_scale_weight_yy': 0.0001414421190392277, 'learning_rate_yy': 0.006581174609596337}. Best is trial 24 with value: -2.2895590587228427.
[I 2026-03-17 17:27:23,101] Trial 46 pruned. 
[I 2026-03-17 17:27:23,394] Trial 43 pruned. 
[I 2026-03-17 17:27:34,828] Trial 31 pruned. 
[I 2026-03-17 17:27:36,520] Trial 44 pruned. 
[I 2026-03-17 17:27:36,988] Trial 39 finished with value: -2.3740229382349183 and parameters: {'n_layers_yy': 2, 'hidden_size_yy_l0': 2, 'hidden_size_yy_l1': 6, 'context_size_yy': 1, 'num_mix_components_yy': 3, 'context_extractor_yy': 'lstm', 'activation_func_yy': 'Tanh', 'L2_weight_yy': 3.0089280244960866e-09, 'L_entropy_weight_yy': 0.0008474428793609933, 'L_sep_weight_yy': 6.793650139192177e-09, 'L_scale_weight_yy': 1.4729314612740505e-07, 'learning_rate_yy': 0.008865667320337984}. Best is trial 22 with value: -2.3759054172258436.
[I 2026-03-17 17:27:39,192] Trial 40 pruned. 
[I 2026-03-17 17:27:42,524] Trial 23 pruned. 
[I 2026-03-17 17:27:42,837] Trial 32 pruned. 
[I 2026-03-17 17:27:45,652] Trial 25 pruned. 
[I 2026-03-17 17:27:46,956] Trial 24 pruned. 
[I 2026-03-17 17:27:49,405] Trial 48 finished with value: -2.6396947710365732 and parameters: {'n_layers_yy': 1, 'hidden_size_yy_l0': 5, 'context_size_yy': 4, 'num_mix_components_yy': 4, 'context_extractor_yy': 'lstm', 'activation_func_yy': 'ReLU', 'L2_weight_yy': 1.8403407761923583e-07, 'L_entropy_weight_yy': 1.83447704100611e-09, 'L_sep_weight_yy': 2.10329727333193e-06, 'L_scale_weight_yy': 0.00036837093834728217, 'learning_rate_yy': 0.009248215627148585}. Best is trial 44 with value: -2.639695928418474.
[I 2026-03-17 17:27:53,209] Trial 20 pruned. 
[I 2026-03-17 17:27:55,489] Trial 26 pruned. 
[I 2026-03-17 17:27:59,058] Trial 49 pruned. 
Optimize task 7: group_id: BC, neuron_id: 5
Starting optimization for task 7...

--- Data Summary ---
Total events for target process 32635
Data Time: 900 seconds
Using device: cuda
Number of events in target process: 32635
Only one process provided, preparing dataloaders for the reduced model.
Reduced model ln_yy : 4631.88805 nats/sec, 127.73707 nats/event
Reduced model Log loss : -2.62843
Number of events in target process: 32635
Only one process provided, preparing dataloaders for the reduced model.
Reduced model ln_yy : 4673.22991 nats/sec, 128.87718 nats/event
Reduced model Log loss : -2.63215
Number of events in target process: 32635
Only one process provided, preparing dataloaders for the reduced model.
Number of events in target process: 32635
Only one process provided, preparing dataloaders for the reduced model.
Number of events in target process: 32635
Only one process provided, preparing dataloaders for the reduced model.
Number of events in target process: 32635
Only one process provided, preparing dataloaders for the reduced model.
Number of events in target process: 32635
Only one process provided, preparing dataloaders for the reduced model.
Reduced model ln_yy : 4576.07261 nats/sec, 126.19780 nats/event
Reduced model Log loss : -2.59662
Number of events in target process: 32635
Only one process provided, preparing dataloaders for the reduced model.
Reduced model ln_yy : 4653.43213 nats/sec, 128.33121 nats/event
Reduced model Log loss : -2.63268
Number of events in target process: 32635
Only one process provided, preparing dataloaders for the reduced model.
Number of events in target process: 32635
Only one process provided, preparing dataloaders for the reduced model.
Number of events in target process: 32635
Only one process provided, preparing dataloaders for the reduced model.
Number of events in target process: 32635
Only one process provided, preparing dataloaders for the reduced model.
Number of events in target process: 32635
Only one process provided, preparing dataloaders for the reduced model.
Number of events in target process: 32635
Only one process provided, preparing dataloaders for the reduced model.
Number of events in target process: 32635
Only one process provided, preparing dataloaders for the reduced model.
Number of events in target process: 32635
Only one process provided, preparing dataloaders for the reduced model.
Number of events in target process: 32635
Only one process provided, preparing dataloaders for the reduced model.
Number of events in target process: 32635
Only one process provided, preparing dataloaders for the reduced model.
Number of events in target process: 32635
Only one process provided, preparing dataloaders for the reduced model.
Number of events in target process: 32635
Only one process provided, preparing dataloaders for the reduced model.
Number of events in target process: 32635
Only one process provided, preparing dataloaders for the reduced model.
Number of events in target process: 32635
Only one process provided, preparing dataloaders for the reduced model.
Number of events in target process: 32635
Only one process provided, preparing dataloaders for the reduced model.
Number of events in target process: 32635
Only one process provided, preparing dataloaders for the reduced model.
Number of events in target process: 32635
Only one process provided, preparing dataloaders for the reduced model.
Number of events in target process: 32635
Only one process provided, preparing dataloaders for the reduced model.
Number of events in target process: 32635
Only one process provided, preparing dataloaders for the reduced model.
Number of events in target process: 32635
Only one process provided, preparing dataloaders for the reduced model.
Number of events in target process: 32635
Only one process provided, preparing dataloaders for the reduced model.
Reduced model ln_yy : 4622.88798 nats/sec, 127.48887 nats/event
Reduced model Log loss : -2.60238
Number of events in target process: 32635
Only one process provided, preparing dataloaders for the reduced model.
Number of events in target process: 32635
Only one process provided, preparing dataloaders for the reduced model.
Number of events in target process: 32635
Only one process provided, preparing dataloaders for the reduced model.
Reduced model ln_yy : 4623.41136 nats/sec, 127.50330 nats/event
Reduced model Log loss : -2.60239
Number of events in target process: 32635
Only one process provided, preparing dataloaders for the reduced model.
Reduced model ln_yy : 4641.49563 nats/sec, 128.00202 nats/event
Reduced model Log loss : -2.60207
Number of events in target process: 32635
Only one process provided, preparing dataloaders for the reduced model.
Number of events in target process: 32635
Only one process provided, preparing dataloaders for the reduced model.
Reduced model ln_yy : 4667.99893 nats/sec, 128.73293 nats/event
Reduced model Log loss : -2.63839
Number of events in target process: 32635
Only one process provided, preparing dataloaders for the reduced model.
Number of events in target process: 32635
Only one process provided, preparing dataloaders for the reduced model.
Number of events in target process: 32635
Only one process provided, preparing dataloaders for the reduced model.
Number of events in target process: 32635
Only one process provided, preparing dataloaders for the reduced model.
Number of events in target process: 32635
Only one process provided, preparing dataloaders for the reduced model.
Number of events in target process: 32635
Only one process provided, preparing dataloaders for the reduced model.
Number of events in target process: 32635
Only one process provided, preparing dataloaders for the reduced model.
Reduced model ln_yy : 4686.21513 nats/sec, 129.23529 nats/event
Reduced model Log loss : -2.63943
Number of events in target process: 32635
Only one process provided, preparing dataloaders for the reduced model.
Reduced model ln_yy : 4685.19287 nats/sec, 129.20710 nats/event
Reduced model Log loss : -2.63956
Number of events in target process: 32635
Only one process provided, preparing dataloaders for the reduced model.
Reduced model ln_yy : 4667.79274 nats/sec, 128.72724 nats/event
Reduced model Log loss : -2.63969
Number of events in target process: 32635
Only one process provided, preparing dataloaders for the reduced model.
Reduced model ln_yy : 4668.17115 nats/sec, 128.73768 nats/event
Reduced model Log loss : -2.63970
Number of events in target process: 32635
Only one process provided, preparing dataloaders for the reduced model.
Reduced model ln_yy : 4667.97681 nats/sec, 128.73232 nats/event
Reduced model Log loss : -2.63966
Number of events in target process: 32635
Only one process provided, preparing dataloaders for the reduced model.
Reduced model ln_yy : 4670.05411 nats/sec, 128.78960 nats/event
Reduced model Log loss : -2.63965
Number of events in target process: 32635
Only one process provided, preparing dataloaders for the reduced model.
Reduced model ln_yy : 4686.24357 nats/sec, 129.23607 nats/event
Reduced model Log loss : -2.63965
Number of events in target process: 32635
Only one process provided, preparing dataloaders for the reduced model.
Reduced model ln_yy : 4668.61473 nats/sec, 128.74991 nats/event
Reduced model Log loss : -2.63969
Number of events in target process: 32635
Only one process provided, preparing dataloaders for the reduced model.
Best trial:
  Value: -2.639695928418474
  Params: {'n_layers_yy': 1, 'hidden_size_yy_l0': 5, 'context_size_yy': 4, 'num_mix_components_yy': 4, 'context_extractor_yy': 'lstm', 'activation_func_yy': 'ReLU', 'L2_weight_yy': 1.5014170293221804e-06, 'L_entropy_weight_yy': 8.514993050209167e-09, 'L_sep_weight_yy': 5.0259863224704565e-06, 'L_scale_weight_yy': 0.00027980329962064, 'learning_rate_yy': 0.00893735717486313}
Full best configuration saved to results/opt/opt_reduced_7_best_config.txt
Optimization finished.
[I 2026-03-17 17:27:59,256] Trial 25 pruned. 
[I 2026-03-17 17:28:03,542] Trial 26 pruned. 
[I 2026-03-17 17:28:04,895] Trial 27 pruned. 
[I 2026-03-17 17:28:07,690] Trial 45 finished with value: -2.835105347578859 and parameters: {'n_layers_yy': 1, 'hidden_size_yy_l0': 6, 'context_size_yy': 4, 'num_mix_components_yy': 4, 'context_extractor_yy': 'gru', 'activation_func_yy': 'ReLU', 'L2_weight_yy': 1.7121215304014285e-09, 'L_entropy_weight_yy': 5.670802116805767e-10, 'L_sep_weight_yy': 3.990623687545839e-08, 'L_scale_weight_yy': 9.224511606385962e-10, 'learning_rate_yy': 0.006453188147888027}. Best is trial 35 with value: -2.838645471907643.
[I 2026-03-17 17:28:07,752] Trial 29 finished with value: -2.511381164033047 and parameters: {'n_layers_yy': 2, 'hidden_size_yy_l0': 5, 'hidden_size_yy_l1': 4, 'context_size_yy': 1, 'num_mix_components_yy': 2, 'context_extractor_yy': 'lstm', 'activation_func_yy': 'GELU', 'L2_weight_yy': 5.705726585963365e-10, 'L_entropy_weight_yy': 3.4979133240620545e-08, 'L_sep_weight_yy': 0.0003540955494201563, 'L_scale_weight_yy': 2.156332712276082e-10, 'learning_rate_yy': 0.008707440507836903}. Best is trial 21 with value: -2.5142283361436735.
[I 2026-03-17 17:28:07,862] Trial 27 pruned. 
[I 2026-03-17 17:28:08,221] Trial 28 pruned. 
[I 2026-03-17 17:28:11,955] Trial 46 pruned. 
[I 2026-03-17 17:28:12,038] Trial 47 finished with value: -2.0921868047600203 and parameters: {'n_layers_yy': 2, 'hidden_size_yy_l0': 4, 'hidden_size_yy_l1': 4, 'context_size_yy': 3, 'num_mix_components_yy': 5, 'context_extractor_yy': 'gru', 'activation_func_yy': 'ReLU', 'L2_weight_yy': 5.5185685660992944e-08, 'L_entropy_weight_yy': 5.606079463437953e-08, 'L_sep_weight_yy': 4.707828111095521e-07, 'L_scale_weight_yy': 6.363274662876838e-05, 'learning_rate_yy': 0.007371292307024164}. Best is trial 41 with value: -2.093922187128181.
[I 2026-03-17 17:28:15,374] Trial 25 finished with value: -2.289226107089581 and parameters: {'n_layers_yy': 1, 'hidden_size_yy_l0': 6, 'context_size_yy': 4, 'num_mix_components_yy': 2, 'context_extractor_yy': 'lstm', 'activation_func_yy': 'GELU', 'L2_weight_yy': 9.269825021486915e-05, 'L_entropy_weight_yy': 8.256039973467918e-09, 'L_sep_weight_yy': 0.00010956010926005966, 'L_scale_weight_yy': 0.0001108910067182919, 'learning_rate_yy': 0.007296976624732865}. Best is trial 24 with value: -2.2895590587228427.
[I 2026-03-17 17:28:16,291] Trial 47 pruned. 
[I 2026-03-17 17:28:20,059] Trial 33 finished with value: -2.4917917640280853 and parameters: {'n_layers_yy': 2, 'hidden_size_yy_l0': 2, 'hidden_size_yy_l1': 4, 'context_size_yy': 4, 'num_mix_components_yy': 5, 'context_extractor_yy': 'gru', 'activation_func_yy': 'GELU', 'L2_weight_yy': 1.8271116994914135e-05, 'L_entropy_weight_yy': 5.88077934984034e-10, 'L_sep_weight_yy': 5.629600522682924e-09, 'L_scale_weight_yy': 1.7857121491915644e-05, 'learning_rate_yy': 0.007549343594059666}. Best is trial 24 with value: -2.4926837718550585.
[I 2026-03-17 17:28:25,032] Trial 26 finished with value: -2.969271953696262 and parameters: {'n_layers_yy': 1, 'hidden_size_yy_l0': 6, 'context_size_yy': 3, 'num_mix_components_yy': 4, 'context_extractor_yy': 'lstm', 'activation_func_yy': 'Tanh', 'L2_weight_yy': 8.6812728321818e-06, 'L_entropy_weight_yy': 7.938503270466807e-06, 'L_sep_weight_yy': 0.00015548600882871698, 'L_scale_weight_yy': 7.71660460621663e-08, 'learning_rate_yy': 0.009644710087994723}. Best is trial 9 with value: -2.9754424140841684.
[I 2026-03-17 17:28:27,328] Trial 48 pruned. 
[I 2026-03-17 17:28:28,186] Trial 48 pruned. 
[I 2026-03-17 17:28:29,543] Trial 41 finished with value: -2.3744969436239853 and parameters: {'n_layers_yy': 2, 'hidden_size_yy_l0': 2, 'hidden_size_yy_l1': 6, 'context_size_yy': 1, 'num_mix_components_yy': 3, 'context_extractor_yy': 'lstm', 'activation_func_yy': 'Tanh', 'L2_weight_yy': 6.168709342331717e-10, 'L_entropy_weight_yy': 0.00030143958940526393, 'L_sep_weight_yy': 5.47411559716558e-09, 'L_scale_weight_yy': 8.023852046182026e-08, 'learning_rate_yy': 0.007416366677951004}. Best is trial 22 with value: -2.3759054172258436.
[I 2026-03-17 17:28:33,383] Trial 30 pruned. 
[I 2026-03-17 17:28:35,425] Trial 29 pruned. 
[I 2026-03-17 17:28:38,779] Trial 30 pruned. 
[I 2026-03-17 17:28:42,105] Trial 31 pruned. 
[I 2026-03-17 17:28:42,154] Trial 31 pruned. 
[I 2026-03-17 17:28:42,500] Trial 28 pruned. 
[I 2026-03-17 17:28:42,688] Trial 49 pruned. 
Optimize task 28: group_id: POm, neuron_id: 62
Starting optimization for task 28...

--- Data Summary ---
Total events for target process 16159
Data Time: 900 seconds
Using device: cuda
Number of events in target process: 16159
Only one process provided, preparing dataloaders for the reduced model.
Reduced model ln_yy : 968.49465 nats/sec, 53.94178 nats/event
Reduced model Log loss : -2.07819
Number of events in target process: 16159
Only one process provided, preparing dataloaders for the reduced model.
Reduced model ln_yy : 983.77289 nats/sec, 54.79272 nats/event
Reduced model Log loss : -2.08937
Number of events in target process: 16159
Only one process provided, preparing dataloaders for the reduced model.
Reduced model ln_yy : 991.56478 nats/sec, 55.22670 nats/event
Reduced model Log loss : -2.08514
Number of events in target process: 16159
Only one process provided, preparing dataloaders for the reduced model.
Number of events in target process: 16159
Only one process provided, preparing dataloaders for the reduced model.
Number of events in target process: 16159
Only one process provided, preparing dataloaders for the reduced model.
Number of events in target process: 16159
Only one process provided, preparing dataloaders for the reduced model.
Reduced model ln_yy : 980.23318 nats/sec, 54.59557 nats/event
Reduced model Log loss : -2.09007
Number of events in target process: 16159
Only one process provided, preparing dataloaders for the reduced model.
Number of events in target process: 16159
Only one process provided, preparing dataloaders for the reduced model.
Number of events in target process: 16159
Only one process provided, preparing dataloaders for the reduced model.
Number of events in target process: 16159
Only one process provided, preparing dataloaders for the reduced model.
Number of events in target process: 16159
Only one process provided, preparing dataloaders for the reduced model.
Number of events in target process: 16159
Only one process provided, preparing dataloaders for the reduced model.
Number of events in target process: 16159
Only one process provided, preparing dataloaders for the reduced model.
Number of events in target process: 16159
Only one process provided, preparing dataloaders for the reduced model.
Number of events in target process: 16159
Only one process provided, preparing dataloaders for the reduced model.
Number of events in target process: 16159
Only one process provided, preparing dataloaders for the reduced model.
Number of events in target process: 16159
Only one process provided, preparing dataloaders for the reduced model.
Number of events in target process: 16159
Only one process provided, preparing dataloaders for the reduced model.
Number of events in target process: 16159
Only one process provided, preparing dataloaders for the reduced model.
Number of events in target process: 16159
Only one process provided, preparing dataloaders for the reduced model.
Number of events in target process: 16159
Only one process provided, preparing dataloaders for the reduced model.
Reduced model ln_yy : 978.60298 nats/sec, 54.50478 nats/event
Reduced model Log loss : -2.09181
Number of events in target process: 16159
Only one process provided, preparing dataloaders for the reduced model.
Reduced model ln_yy : 977.34574 nats/sec, 54.43475 nats/event
Reduced model Log loss : -2.09185
Number of events in target process: 16159
Only one process provided, preparing dataloaders for the reduced model.
Number of events in target process: 16159
Only one process provided, preparing dataloaders for the reduced model.
Number of events in target process: 16159
Only one process provided, preparing dataloaders for the reduced model.
Number of events in target process: 16159
Only one process provided, preparing dataloaders for the reduced model.
Number of events in target process: 16159
Only one process provided, preparing dataloaders for the reduced model.
Number of events in target process: 16159
Only one process provided, preparing dataloaders for the reduced model.
Number of events in target process: 16159
Only one process provided, preparing dataloaders for the reduced model.
Number of events in target process: 16159
Only one process provided, preparing dataloaders for the reduced model.
Number of events in target process: 16159
Only one process provided, preparing dataloaders for the reduced model.
Number of events in target process: 16159
Only one process provided, preparing dataloaders for the reduced model.
Number of events in target process: 16159
Only one process provided, preparing dataloaders for the reduced model.
Number of events in target process: 16159
Only one process provided, preparing dataloaders for the reduced model.
Number of events in target process: 16159
Only one process provided, preparing dataloaders for the reduced model.
Number of events in target process: 16159
Only one process provided, preparing dataloaders for the reduced model.
Number of events in target process: 16159
Only one process provided, preparing dataloaders for the reduced model.
Number of events in target process: 16159
Only one process provided, preparing dataloaders for the reduced model.
Number of events in target process: 16159
Only one process provided, preparing dataloaders for the reduced model.
Reduced model ln_yy : 976.74933 nats/sec, 54.40153 nats/event
Reduced model Log loss : -2.09338
Number of events in target process: 16159
Only one process provided, preparing dataloaders for the reduced model.
Number of events in target process: 16159
Only one process provided, preparing dataloaders for the reduced model.
Reduced model ln_yy : 978.58904 nats/sec, 54.50400 nats/event
Reduced model Log loss : -2.09392
Number of events in target process: 16159
Only one process provided, preparing dataloaders for the reduced model.
Reduced model ln_yy : 976.34288 nats/sec, 54.37890 nats/event
Reduced model Log loss : -2.06974
Number of events in target process: 16159
Only one process provided, preparing dataloaders for the reduced model.
Reduced model ln_yy : 981.15907 nats/sec, 54.64714 nats/event
Reduced model Log loss : -2.09168
Number of events in target process: 16159
Only one process provided, preparing dataloaders for the reduced model.
Reduced model ln_yy : 983.62504 nats/sec, 54.78449 nats/event
Reduced model Log loss : -2.09222
Number of events in target process: 16159
Only one process provided, preparing dataloaders for the reduced model.
Number of events in target process: 16159
Only one process provided, preparing dataloaders for the reduced model.
Number of events in target process: 16159
Only one process provided, preparing dataloaders for the reduced model.
Reduced model ln_yy : 990.41534 nats/sec, 55.16268 nats/event
Reduced model Log loss : -2.09219
Number of events in target process: 16159
Only one process provided, preparing dataloaders for the reduced model.
Number of events in target process: 16159
Only one process provided, preparing dataloaders for the reduced model.
Best trial:
  Value: -2.093922187128181
  Params: {'n_layers_yy': 2, 'hidden_size_yy_l0': 4, 'hidden_size_yy_l1': 4, 'context_size_yy': 4, 'num_mix_components_yy': 5, 'context_extractor_yy': 'gru', 'activation_func_yy': 'ReLU', 'L2_weight_yy': 4.7658845011481224e-09, 'L_entropy_weight_yy': 5.2352781815420604e-08, 'L_sep_weight_yy': 1.2867891704042007e-07, 'L_scale_weight_yy': 7.162319870803142e-06, 'learning_rate_yy': 0.004889880737598432}
Full best configuration saved to results/opt/opt_reduced_28_best_config.txt
Optimization finished.
[I 2026-03-17 17:28:42,760] Trial 34 pruned. 
[I 2026-03-17 17:28:44,744] Trial 27 pruned. 
[I 2026-03-17 17:28:45,386] Trial 32 pruned. 
[I 2026-03-17 17:28:45,433] Trial 35 pruned. 
[I 2026-03-17 17:28:47,274] Trial 28 pruned. 
[I 2026-03-17 17:28:50,962] Trial 32 pruned. 
[I 2026-03-17 17:28:53,458] Trial 33 finished with value: -3.153503458157452 and parameters: {'n_layers_yy': 1, 'hidden_size_yy_l0': 5, 'context_size_yy': 4, 'num_mix_components_yy': 3, 'context_extractor_yy': 'gru', 'activation_func_yy': 'ReLU', 'L2_weight_yy': 5.292249247129385e-07, 'L_entropy_weight_yy': 5.987491978038624e-07, 'L_sep_weight_yy': 3.51242743189951e-07, 'L_scale_weight_yy': 3.809694569376972e-07, 'learning_rate_yy': 0.006518653913718873}. Best is trial 33 with value: -3.153503458157452.
[I 2026-03-17 17:28:54,055] Trial 33 pruned. 
[I 2026-03-17 17:28:54,497] Trial 33 pruned. 
[I 2026-03-17 17:28:54,529] Trial 29 pruned. 
[I 2026-03-17 17:28:57,067] Trial 34 pruned. 
[I 2026-03-17 17:28:57,879] Trial 26 finished with value: -2.286178024833614 and parameters: {'n_layers_yy': 1, 'hidden_size_yy_l0': 6, 'context_size_yy': 4, 'num_mix_components_yy': 2, 'context_extractor_yy': 'gru', 'activation_func_yy': 'GELU', 'L2_weight_yy': 5.3514896650690575e-05, 'L_entropy_weight_yy': 6.417312631151558e-08, 'L_sep_weight_yy': 2.1799058453970247e-05, 'L_scale_weight_yy': 0.00018116743720114492, 'learning_rate_yy': 0.00612761713188139}. Best is trial 24 with value: -2.2895590587228427.
[I 2026-03-17 17:28:59,364] Trial 34 pruned. 
[I 2026-03-17 17:29:00,031] Trial 35 pruned. 
[I 2026-03-17 17:29:03,113] Trial 36 pruned. 
[I 2026-03-17 17:29:03,740] Trial 34 pruned. 
[I 2026-03-17 17:29:05,478] Trial 35 pruned. 
[I 2026-03-17 17:29:07,169] Trial 36 pruned. 
[I 2026-03-17 17:29:07,965] Trial 49 finished with value: -2.837943970687746 and parameters: {'n_layers_yy': 1, 'hidden_size_yy_l0': 6, 'context_size_yy': 4, 'num_mix_components_yy': 3, 'context_extractor_yy': 'gru', 'activation_func_yy': 'ReLU', 'L2_weight_yy': 2.5566902877495106e-07, 'L_entropy_weight_yy': 8.218952638849817e-06, 'L_sep_weight_yy': 1.3530418622567913e-08, 'L_scale_weight_yy': 2.566211061570713e-09, 'learning_rate_yy': 0.00864195688018568}. Best is trial 35 with value: -2.838645471907643.
Optimize task 17: group_id: POm, neuron_id: 51
Starting optimization for task 17...

--- Data Summary ---
Total events for target process 40082
Data Time: 900 seconds
Using device: cuda
Number of events in target process: 40082
Only one process provided, preparing dataloaders for the reduced model.
Reduced model ln_yy : 7449.72009 nats/sec, 167.27579 nats/event
Reduced model Log loss : -2.81057
Number of events in target process: 40082
Only one process provided, preparing dataloaders for the reduced model.
Reduced model ln_yy : 7399.61189 nats/sec, 166.15066 nats/event
Reduced model Log loss : -2.80997
Number of events in target process: 40082
Only one process provided, preparing dataloaders for the reduced model.
Number of events in target process: 40082
Only one process provided, preparing dataloaders for the reduced model.
Number of events in target process: 40082
Only one process provided, preparing dataloaders for the reduced model.
Reduced model ln_yy : 7399.28175 nats/sec, 166.14325 nats/event
Reduced model Log loss : -2.80883
Number of events in target process: 40082
Only one process provided, preparing dataloaders for the reduced model.
Number of events in target process: 40082
Only one process provided, preparing dataloaders for the reduced model.
Number of events in target process: 40082
Only one process provided, preparing dataloaders for the reduced model.
Number of events in target process: 40082
Only one process provided, preparing dataloaders for the reduced model.
Number of events in target process: 40082
Only one process provided, preparing dataloaders for the reduced model.
Number of events in target process: 40082
Only one process provided, preparing dataloaders for the reduced model.
Number of events in target process: 40082
Only one process provided, preparing dataloaders for the reduced model.
Reduced model ln_yy : 7445.62945 nats/sec, 167.18394 nats/event
Reduced model Log loss : -2.83523
Number of events in target process: 40082
Only one process provided, preparing dataloaders for the reduced model.
Number of events in target process: 40082
Only one process provided, preparing dataloaders for the reduced model.
Reduced model ln_yy : 7494.18003 nats/sec, 168.27409 nats/event
Reduced model Log loss : -2.83371
Number of events in target process: 40082
Only one process provided, preparing dataloaders for the reduced model.
Number of events in target process: 40082
Only one process provided, preparing dataloaders for the reduced model.
Number of events in target process: 40082
Only one process provided, preparing dataloaders for the reduced model.
Number of events in target process: 40082
Only one process provided, preparing dataloaders for the reduced model.
Reduced model ln_yy : 7403.85379 nats/sec, 166.24591 nats/event
Reduced model Log loss : -2.81323
Number of events in target process: 40082
Only one process provided, preparing dataloaders for the reduced model.
Number of events in target process: 40082
Only one process provided, preparing dataloaders for the reduced model.
Reduced model ln_yy : 7407.38741 nats/sec, 166.32525 nats/event
Reduced model Log loss : -2.81041
Number of events in target process: 40082
Only one process provided, preparing dataloaders for the reduced model.
Number of events in target process: 40082
Only one process provided, preparing dataloaders for the reduced model.
Reduced model ln_yy : 7398.46100 nats/sec, 166.12482 nats/event
Reduced model Log loss : -2.81326
Number of events in target process: 40082
Only one process provided, preparing dataloaders for the reduced model.
Reduced model ln_yy : 7399.84120 nats/sec, 166.15581 nats/event
Reduced model Log loss : -2.81325
Number of events in target process: 40082
Only one process provided, preparing dataloaders for the reduced model.
Number of events in target process: 40082
Only one process provided, preparing dataloaders for the reduced model.
Number of events in target process: 40082
Only one process provided, preparing dataloaders for the reduced model.
Number of events in target process: 40082
Only one process provided, preparing dataloaders for the reduced model.
Reduced model ln_yy : 7492.86528 nats/sec, 168.24457 nats/event
Reduced model Log loss : -2.83629
Number of events in target process: 40082
Only one process provided, preparing dataloaders for the reduced model.
Number of events in target process: 40082
Only one process provided, preparing dataloaders for the reduced model.
Number of events in target process: 40082
Only one process provided, preparing dataloaders for the reduced model.
Number of events in target process: 40082
Only one process provided, preparing dataloaders for the reduced model.
Reduced model ln_yy : 7494.66384 nats/sec, 168.28495 nats/event
Reduced model Log loss : -2.83597
Number of events in target process: 40082
Only one process provided, preparing dataloaders for the reduced model.
Reduced model ln_yy : 7494.51598 nats/sec, 168.28163 nats/event
Reduced model Log loss : -2.83597
Number of events in target process: 40082
Only one process provided, preparing dataloaders for the reduced model.
Number of events in target process: 40082
Only one process provided, preparing dataloaders for the reduced model.
Number of events in target process: 40082
Only one process provided, preparing dataloaders for the reduced model.
Number of events in target process: 40082
Only one process provided, preparing dataloaders for the reduced model.
Reduced model ln_yy : 7503.50202 nats/sec, 168.48340 nats/event
Reduced model Log loss : -2.83865
Number of events in target process: 40082
Only one process provided, preparing dataloaders for the reduced model.
Number of events in target process: 40082
Only one process provided, preparing dataloaders for the reduced model.
Reduced model ln_yy : 7430.38625 nats/sec, 166.84167 nats/event
Reduced model Log loss : -2.80864
Number of events in target process: 40082
Only one process provided, preparing dataloaders for the reduced model.
Number of events in target process: 40082
Only one process provided, preparing dataloaders for the reduced model.
Reduced model ln_yy : 7514.16397 nats/sec, 168.72281 nats/event
Reduced model Log loss : -2.83570
Number of events in target process: 40082
Only one process provided, preparing dataloaders for the reduced model.
Reduced model ln_yy : 7503.42833 nats/sec, 168.48175 nats/event
Reduced model Log loss : -2.83543
Number of events in target process: 40082
Only one process provided, preparing dataloaders for the reduced model.
Number of events in target process: 40082
Only one process provided, preparing dataloaders for the reduced model.
Number of events in target process: 40082
Only one process provided, preparing dataloaders for the reduced model.
Number of events in target process: 40082
Only one process provided, preparing dataloaders for the reduced model.
Number of events in target process: 40082
Only one process provided, preparing dataloaders for the reduced model.
Reduced model ln_yy : 7505.90124 nats/sec, 168.53728 nats/event
Reduced model Log loss : -2.83511
Number of events in target process: 40082
Only one process provided, preparing dataloaders for the reduced model.
Number of events in target process: 40082
Only one process provided, preparing dataloaders for the reduced model.
Number of events in target process: 40082
Only one process provided, preparing dataloaders for the reduced model.
Number of events in target process: 40082
Only one process provided, preparing dataloaders for the reduced model.
Reduced model ln_yy : 7470.70173 nats/sec, 167.74691 nats/event
Reduced model Log loss : -2.83794
Best trial:
  Value: -2.838645471907643
  Params: {'n_layers_yy': 1, 'hidden_size_yy_l0': 6, 'context_size_yy': 4, 'num_mix_components_yy': 3, 'context_extractor_yy': 'gru', 'activation_func_yy': 'ReLU', 'L2_weight_yy': 1.0986045195181261e-09, 'L_entropy_weight_yy': 1.4516427239538372e-09, 'L_sep_weight_yy': 1.0219723078020309e-09, 'L_scale_weight_yy': 1.4906906605462781e-09, 'learning_rate_yy': 0.008273118930690673}
Full best configuration saved to results/opt/opt_reduced_17_best_config.txt
Optimization finished.
[I 2026-03-17 17:29:11,207] Trial 37 pruned. 
[I 2026-03-17 17:29:11,350] Trial 36 pruned. 
[I 2026-03-17 17:29:12,702] Trial 35 pruned. 
[I 2026-03-17 17:29:13,807] Trial 30 pruned. 
[I 2026-03-17 17:29:14,272] Trial 38 pruned. 
[I 2026-03-17 17:29:14,931] Trial 37 pruned. 
[I 2026-03-17 17:29:16,679] Trial 42 finished with value: -2.369662076173872 and parameters: {'n_layers_yy': 2, 'hidden_size_yy_l0': 2, 'hidden_size_yy_l1': 6, 'context_size_yy': 1, 'num_mix_components_yy': 4, 'context_extractor_yy': 'lstm', 'activation_func_yy': 'Tanh', 'L2_weight_yy': 4.3434600131299425e-10, 'L_entropy_weight_yy': 0.00035151322541159853, 'L_sep_weight_yy': 7.059157028742273e-09, 'L_scale_weight_yy': 1.4380339843073904e-07, 'learning_rate_yy': 0.007362793846751383}. Best is trial 22 with value: -2.3759054172258436.
[I 2026-03-17 17:29:17,312] Trial 39 pruned. 
[I 2026-03-17 17:29:22,443] Trial 21 finished with value: -3.264966552734375 and parameters: {'n_layers_yy': 1, 'hidden_size_yy_l0': 6, 'context_size_yy': 4, 'num_mix_components_yy': 4, 'context_extractor_yy': 'gru', 'activation_func_yy': 'ReLU', 'L2_weight_yy': 1.2608557055532282e-09, 'L_entropy_weight_yy': 1.927593691474682e-07, 'L_sep_weight_yy': 2.64716293267085e-10, 'L_scale_weight_yy': 8.626608697833213e-10, 'learning_rate_yy': 0.006418793701339763}. Best is trial 16 with value: -3.2663029296875.
[I 2026-03-17 17:29:22,881] Trial 43 pruned. 
[I 2026-03-17 17:29:27,295] Trial 37 pruned. 
[I 2026-03-17 17:29:33,180] Trial 38 pruned. 
[I 2026-03-17 17:29:39,177] Trial 36 pruned. 
[I 2026-03-17 17:29:40,325] Trial 40 pruned. 
[I 2026-03-17 17:29:40,325] Trial 44 pruned. 
[I 2026-03-17 17:29:42,429] Trial 31 finished with value: -2.910376413627159 and parameters: {'n_layers_yy': 1, 'hidden_size_yy_l0': 6, 'context_size_yy': 4, 'num_mix_components_yy': 5, 'context_extractor_yy': 'lstm', 'activation_func_yy': 'GELU', 'L2_weight_yy': 1.3451767036086952e-09, 'L_entropy_weight_yy': 9.224936510014857e-07, 'L_sep_weight_yy': 0.0001601922639562493, 'L_scale_weight_yy': 8.230906228083949e-05, 'learning_rate_yy': 0.009810539599020968}. Best is trial 9 with value: -2.9754424140841684.
[I 2026-03-17 17:29:43,282] Trial 41 pruned. 
[I 2026-03-17 17:29:46,226] Trial 42 pruned. 
[I 2026-03-17 17:29:48,740] Trial 32 pruned. 
[I 2026-03-17 17:29:49,172] Trial 43 pruned. 
[I 2026-03-17 17:29:50,356] Trial 38 finished with value: -2.4908565993954883 and parameters: {'n_layers_yy': 2, 'hidden_size_yy_l0': 4, 'hidden_size_yy_l1': 5, 'context_size_yy': 4, 'num_mix_components_yy': 5, 'context_extractor_yy': 'lstm', 'activation_func_yy': 'GELU', 'L2_weight_yy': 1.5805349230688938e-07, 'L_entropy_weight_yy': 1.0016404149410148e-08, 'L_sep_weight_yy': 5.3324982440730554e-05, 'L_scale_weight_yy': 7.274835814884882e-07, 'learning_rate_yy': 0.007865079112947674}. Best is trial 24 with value: -2.4926837718550585.
[I 2026-03-17 17:29:51,153] Trial 33 pruned. 
[I 2026-03-17 17:29:52,099] Trial 44 pruned. 
[I 2026-03-17 17:29:54,986] Trial 45 pruned. 
[I 2026-03-17 17:29:56,787] Trial 27 finished with value: -2.290475318189642 and parameters: {'n_layers_yy': 1, 'hidden_size_yy_l0': 6, 'context_size_yy': 4, 'num_mix_components_yy': 2, 'context_extractor_yy': 'lstm', 'activation_func_yy': 'GELU', 'L2_weight_yy': 0.0001546810466363547, 'L_entropy_weight_yy': 1.2442493296294998e-08, 'L_sep_weight_yy': 5.426142333325868e-06, 'L_scale_weight_yy': 3.932908482805081e-05, 'learning_rate_yy': 0.00718048815262317}. Best is trial 27 with value: -2.290475318189642.
[I 2026-03-17 17:29:57,463] Trial 34 pruned. 
[I 2026-03-17 17:29:57,813] Trial 39 pruned. 
[I 2026-03-17 17:29:57,953] Trial 45 pruned. 
[I 2026-03-17 17:29:59,843] Trial 35 pruned. 
[I 2026-03-17 17:30:00,507] Trial 40 pruned. 
[I 2026-03-17 17:30:02,051] Trial 36 pruned. 
[I 2026-03-17 17:30:03,255] Trial 46 pruned. 
[I 2026-03-17 17:30:04,047] Trial 46 pruned. 
[I 2026-03-17 17:30:06,213] Trial 47 pruned. 
[I 2026-03-17 17:30:06,402] Trial 47 pruned. 
[I 2026-03-17 17:30:09,080] Trial 48 pruned. 
[I 2026-03-17 17:30:12,416] Trial 48 pruned. 
[I 2026-03-17 17:30:14,632] Trial 28 pruned. 
[I 2026-03-17 17:30:14,734] Trial 49 pruned. 
Optimize task 9: group_id: BC, neuron_id: 7
Starting optimization for task 9...

--- Data Summary ---
Total events for target process 20158
Data Time: 900 seconds
Using device: cuda
Number of events in target process: 20158
Only one process provided, preparing dataloaders for the reduced model.
Reduced model ln_yy : 1645.58014 nats/sec, 73.47069 nats/event
Reduced model Log loss : -2.36401
Number of events in target process: 20158
Only one process provided, preparing dataloaders for the reduced model.
Number of events in target process: 20158
Only one process provided, preparing dataloaders for the reduced model.
Reduced model ln_yy : 1639.85082 nats/sec, 73.21489 nats/event
Reduced model Log loss : -2.34616
Number of events in target process: 20158
Only one process provided, preparing dataloaders for the reduced model.
Number of events in target process: 20158
Only one process provided, preparing dataloaders for the reduced model.
Reduced model ln_yy : 1658.20403 nats/sec, 74.03431 nats/event
Reduced model Log loss : -2.37055
Number of events in target process: 20158
Only one process provided, preparing dataloaders for the reduced model.
Number of events in target process: 20158
Only one process provided, preparing dataloaders for the reduced model.
Reduced model ln_yy : 1649.99854 nats/sec, 73.66796 nats/event
Reduced model Log loss : -2.37359
Number of events in target process: 20158
Only one process provided, preparing dataloaders for the reduced model.
Number of events in target process: 20158
Only one process provided, preparing dataloaders for the reduced model.
Number of events in target process: 20158
Only one process provided, preparing dataloaders for the reduced model.
Reduced model ln_yy : 1664.79629 nats/sec, 74.32864 nats/event
Reduced model Log loss : -2.37369
Number of events in target process: 20158
Only one process provided, preparing dataloaders for the reduced model.
Reduced model ln_yy : 1648.71636 nats/sec, 73.61071 nats/event
Reduced model Log loss : -2.34898
Number of events in target process: 20158
Only one process provided, preparing dataloaders for the reduced model.
Number of events in target process: 20158
Only one process provided, preparing dataloaders for the reduced model.
Number of events in target process: 20158
Only one process provided, preparing dataloaders for the reduced model.
Reduced model ln_yy : 1637.90285 nats/sec, 73.12792 nats/event
Reduced model Log loss : -2.34029
Number of events in target process: 20158
Only one process provided, preparing dataloaders for the reduced model.
Number of events in target process: 20158
Only one process provided, preparing dataloaders for the reduced model.
Reduced model ln_yy : 1656.44636 nats/sec, 73.95583 nats/event
Reduced model Log loss : -2.37276
Number of events in target process: 20158
Only one process provided, preparing dataloaders for the reduced model.
Number of events in target process: 20158
Only one process provided, preparing dataloaders for the reduced model.
Number of events in target process: 20158
Only one process provided, preparing dataloaders for the reduced model.
Number of events in target process: 20158
Only one process provided, preparing dataloaders for the reduced model.
Number of events in target process: 20158
Only one process provided, preparing dataloaders for the reduced model.
Number of events in target process: 20158
Only one process provided, preparing dataloaders for the reduced model.
Number of events in target process: 20158
Only one process provided, preparing dataloaders for the reduced model.
Reduced model ln_yy : 1667.03533 nats/sec, 74.42860 nats/event
Reduced model Log loss : -2.37591
Number of events in target process: 20158
Only one process provided, preparing dataloaders for the reduced model.
Number of events in target process: 20158
Only one process provided, preparing dataloaders for the reduced model.
Number of events in target process: 20158
Only one process provided, preparing dataloaders for the reduced model.
Number of events in target process: 20158
Only one process provided, preparing dataloaders for the reduced model.
Number of events in target process: 20158
Only one process provided, preparing dataloaders for the reduced model.
Number of events in target process: 20158
Only one process provided, preparing dataloaders for the reduced model.
Reduced model ln_yy : 1648.53976 nats/sec, 73.60283 nats/event
Reduced model Log loss : -2.36939
Number of events in target process: 20158
Only one process provided, preparing dataloaders for the reduced model.
Number of events in target process: 20158
Only one process provided, preparing dataloaders for the reduced model.
Reduced model ln_yy : 1637.42270 nats/sec, 73.10648 nats/event
Reduced model Log loss : -2.33565
Number of events in target process: 20158
Only one process provided, preparing dataloaders for the reduced model.
Number of events in target process: 20158
Only one process provided, preparing dataloaders for the reduced model.
Number of events in target process: 20158
Only one process provided, preparing dataloaders for the reduced model.
Number of events in target process: 20158
Only one process provided, preparing dataloaders for the reduced model.
Number of events in target process: 20158
Only one process provided, preparing dataloaders for the reduced model.
Number of events in target process: 20158
Only one process provided, preparing dataloaders for the reduced model.
Number of events in target process: 20158
Only one process provided, preparing dataloaders for the reduced model.
Number of events in target process: 20158
Only one process provided, preparing dataloaders for the reduced model.
Number of events in target process: 20158
Only one process provided, preparing dataloaders for the reduced model.
Reduced model ln_yy : 1652.33823 nats/sec, 73.77242 nats/event
Reduced model Log loss : -2.37402
Number of events in target process: 20158
Only one process provided, preparing dataloaders for the reduced model.
Number of events in target process: 20158
Only one process provided, preparing dataloaders for the reduced model.
Reduced model ln_yy : 1648.46638 nats/sec, 73.59955 nats/event
Reduced model Log loss : -2.37450
Number of events in target process: 20158
Only one process provided, preparing dataloaders for the reduced model.
Reduced model ln_yy : 1661.86051 nats/sec, 74.19756 nats/event
Reduced model Log loss : -2.36966
Number of events in target process: 20158
Only one process provided, preparing dataloaders for the reduced model.
Number of events in target process: 20158
Only one process provided, preparing dataloaders for the reduced model.
Number of events in target process: 20158
Only one process provided, preparing dataloaders for the reduced model.
Number of events in target process: 20158
Only one process provided, preparing dataloaders for the reduced model.
Number of events in target process: 20158
Only one process provided, preparing dataloaders for the reduced model.
Number of events in target process: 20158
Only one process provided, preparing dataloaders for the reduced model.
Number of events in target process: 20158
Only one process provided, preparing dataloaders for the reduced model.
Best trial:
  Value: -2.3759054172258436
  Params: {'n_layers_yy': 2, 'hidden_size_yy_l0': 6, 'hidden_size_yy_l1': 3, 'context_size_yy': 2, 'num_mix_components_yy': 3, 'context_extractor_yy': 'lstm', 'activation_func_yy': 'Tanh', 'L2_weight_yy': 7.998719454973881e-08, 'L_entropy_weight_yy': 8.849580848190812e-05, 'L_sep_weight_yy': 3.59849035700207e-10, 'L_scale_weight_yy': 3.8934504922921264e-07, 'learning_rate_yy': 0.007465066848497743}
Full best configuration saved to results/opt/opt_reduced_9_best_config.txt
Optimization finished.
[I 2026-03-17 17:30:19,368] Trial 22 finished with value: -3.258259065755208 and parameters: {'n_layers_yy': 1, 'hidden_size_yy_l0': 6, 'context_size_yy': 4, 'num_mix_components_yy': 4, 'context_extractor_yy': 'gru', 'activation_func_yy': 'ReLU', 'L2_weight_yy': 1.0425216693020323e-09, 'L_entropy_weight_yy': 6.865444805098381e-08, 'L_sep_weight_yy': 1.0581746894798595e-10, 'L_scale_weight_yy': 5.161103902007514e-10, 'learning_rate_yy': 0.007273900530274999}. Best is trial 16 with value: -3.2663029296875.
[I 2026-03-17 17:30:21,338] Trial 39 finished with value: -3.1498489731533956 and parameters: {'n_layers_yy': 1, 'hidden_size_yy_l0': 6, 'context_size_yy': 4, 'num_mix_components_yy': 4, 'context_extractor_yy': 'gru', 'activation_func_yy': 'ReLU', 'L2_weight_yy': 1.9462969234981453e-05, 'L_entropy_weight_yy': 5.801927119547389e-05, 'L_sep_weight_yy': 4.523148572574005e-07, 'L_scale_weight_yy': 2.3218510248020648e-06, 'learning_rate_yy': 0.006680927550078361}. Best is trial 33 with value: -3.153503458157452.
[I 2026-03-17 17:30:24,720] Trial 29 finished with value: -2.728802095088405 and parameters: {'n_layers_yy': 1, 'hidden_size_yy_l0': 5, 'context_size_yy': 2, 'num_mix_components_yy': 1, 'context_extractor_yy': 'lstm', 'activation_func_yy': 'Tanh', 'L2_weight_yy': 7.358699184414174e-08, 'L_entropy_weight_yy': 6.461357284157469e-07, 'L_sep_weight_yy': 4.837950016165477e-10, 'L_scale_weight_yy': 1.8702299281914313e-08, 'learning_rate_yy': 0.0022717572676475245}. Best is trial 9 with value: -2.7636669680656607.
[I 2026-03-17 17:30:30,658] Trial 23 pruned. 
[I 2026-03-17 17:30:31,809] Trial 29 finished with value: -2.263652331796971 and parameters: {'n_layers_yy': 1, 'hidden_size_yy_l0': 6, 'context_size_yy': 4, 'num_mix_components_yy': 2, 'context_extractor_yy': 'lstm', 'activation_func_yy': 'GELU', 'L2_weight_yy': 0.00010164014391441415, 'L_entropy_weight_yy': 1.8251312253764502e-08, 'L_sep_weight_yy': 1.0569893286389907e-06, 'L_scale_weight_yy': 0.0003401311898188266, 'learning_rate_yy': 0.005625353908540176}. Best is trial 27 with value: -2.290475318189642.
[I 2026-03-17 17:30:33,153] Trial 49 pruned. 
Optimize task 19: group_id: POm, neuron_id: 53
Starting optimization for task 19...

--- Data Summary ---
Total events for target process 27060
Data Time: 900 seconds
Using device: cuda
Number of events in target process: 27060
Only one process provided, preparing dataloaders for the reduced model.
Reduced model ln_yy : 3096.96033 nats/sec, 103.00312 nats/event
Reduced model Log loss : -2.49116
Number of events in target process: 27060
Only one process provided, preparing dataloaders for the reduced model.
Reduced model ln_yy : 3120.10092 nats/sec, 103.77276 nats/event
Reduced model Log loss : -2.51025
Number of events in target process: 27060
Only one process provided, preparing dataloaders for the reduced model.
Number of events in target process: 27060
Only one process provided, preparing dataloaders for the reduced model.
Reduced model ln_yy : 3110.42893 nats/sec, 103.45107 nats/event
Reduced model Log loss : -2.50946
Number of events in target process: 27060
Only one process provided, preparing dataloaders for the reduced model.
Number of events in target process: 27060
Only one process provided, preparing dataloaders for the reduced model.
Reduced model ln_yy : 3126.36610 nats/sec, 103.98113 nats/event
Reduced model Log loss : -2.51147
Number of events in target process: 27060
Only one process provided, preparing dataloaders for the reduced model.
Reduced model ln_yy : 3133.02008 nats/sec, 104.20244 nats/event
Reduced model Log loss : -2.51202
Number of events in target process: 27060
Only one process provided, preparing dataloaders for the reduced model.
Number of events in target process: 27060
Only one process provided, preparing dataloaders for the reduced model.
Number of events in target process: 27060
Only one process provided, preparing dataloaders for the reduced model.
Number of events in target process: 27060
Only one process provided, preparing dataloaders for the reduced model.
Number of events in target process: 27060
Only one process provided, preparing dataloaders for the reduced model.
Number of events in target process: 27060
Only one process provided, preparing dataloaders for the reduced model.
Number of events in target process: 27060
Only one process provided, preparing dataloaders for the reduced model.
Number of events in target process: 27060
Only one process provided, preparing dataloaders for the reduced model.
Number of events in target process: 27060
Only one process provided, preparing dataloaders for the reduced model.
Number of events in target process: 27060
Only one process provided, preparing dataloaders for the reduced model.
Number of events in target process: 27060
Only one process provided, preparing dataloaders for the reduced model.
Number of events in target process: 27060
Only one process provided, preparing dataloaders for the reduced model.
Number of events in target process: 27060
Only one process provided, preparing dataloaders for the reduced model.
Number of events in target process: 27060
Only one process provided, preparing dataloaders for the reduced model.
Number of events in target process: 27060
Only one process provided, preparing dataloaders for the reduced model.
Reduced model ln_yy : 3125.07444 nats/sec, 103.93817 nats/event
Reduced model Log loss : -2.51423
Number of events in target process: 27060
Only one process provided, preparing dataloaders for the reduced model.
Reduced model ln_yy : 3102.25020 nats/sec, 103.17905 nats/event
Reduced model Log loss : -2.51057
Number of events in target process: 27060
Only one process provided, preparing dataloaders for the reduced model.
Reduced model ln_yy : 3121.00180 nats/sec, 103.80272 nats/event
Reduced model Log loss : -2.51165
Number of events in target process: 27060
Only one process provided, preparing dataloaders for the reduced model.
Reduced model ln_yy : 3115.40048 nats/sec, 103.61642 nats/event
Reduced model Log loss : -2.49740
Number of events in target process: 27060
Only one process provided, preparing dataloaders for the reduced model.
Number of events in target process: 27060
Only one process provided, preparing dataloaders for the reduced model.
Number of events in target process: 27060
Only one process provided, preparing dataloaders for the reduced model.
Reduced model ln_yy : 3106.61429 nats/sec, 103.32420 nats/event
Reduced model Log loss : -2.49779
Number of events in target process: 27060
Only one process provided, preparing dataloaders for the reduced model.
Number of events in target process: 27060
Only one process provided, preparing dataloaders for the reduced model.
Reduced model ln_yy : 3110.84757 nats/sec, 103.46500 nats/event
Reduced model Log loss : -2.51138
Number of events in target process: 27060
Only one process provided, preparing dataloaders for the reduced model.
Number of events in target process: 27060
Only one process provided, preparing dataloaders for the reduced model.
Number of events in target process: 27060
Only one process provided, preparing dataloaders for the reduced model.
Number of events in target process: 27060
Only one process provided, preparing dataloaders for the reduced model.
Number of events in target process: 27060
Only one process provided, preparing dataloaders for the reduced model.
Number of events in target process: 27060
Only one process provided, preparing dataloaders for the reduced model.
Number of events in target process: 27060
Only one process provided, preparing dataloaders for the reduced model.
Number of events in target process: 27060
Only one process provided, preparing dataloaders for the reduced model.
Number of events in target process: 27060
Only one process provided, preparing dataloaders for the reduced model.
Number of events in target process: 27060
Only one process provided, preparing dataloaders for the reduced model.
Number of events in target process: 27060
Only one process provided, preparing dataloaders for the reduced model.
Number of events in target process: 27060
Only one process provided, preparing dataloaders for the reduced model.
Number of events in target process: 27060
Only one process provided, preparing dataloaders for the reduced model.
Number of events in target process: 27060
Only one process provided, preparing dataloaders for the reduced model.
Number of events in target process: 27060
Only one process provided, preparing dataloaders for the reduced model.
Number of events in target process: 27060
Only one process provided, preparing dataloaders for the reduced model.
Number of events in target process: 27060
Only one process provided, preparing dataloaders for the reduced model.
Number of events in target process: 27060
Only one process provided, preparing dataloaders for the reduced model.
Number of events in target process: 27060
Only one process provided, preparing dataloaders for the reduced model.
Number of events in target process: 27060
Only one process provided, preparing dataloaders for the reduced model.
Best trial:
  Value: -2.5142283361436735
  Params: {'n_layers_yy': 2, 'hidden_size_yy_l0': 6, 'hidden_size_yy_l1': 5, 'context_size_yy': 1, 'num_mix_components_yy': 2, 'context_extractor_yy': 'lstm', 'activation_func_yy': 'Tanh', 'L2_weight_yy': 3.1801419939158256e-09, 'L_entropy_weight_yy': 1.336308743924069e-06, 'L_sep_weight_yy': 1.5031910162007554e-06, 'L_scale_weight_yy': 1.2067971876387202e-09, 'learning_rate_yy': 0.005108387768153293}
Full best configuration saved to results/opt/opt_reduced_19_best_config.txt
Optimization finished.
[I 2026-03-17 17:30:36,376] Trial 30 pruned. 
[I 2026-03-17 17:30:39,719] Trial 41 finished with value: -2.4919600944157834 and parameters: {'n_layers_yy': 2, 'hidden_size_yy_l0': 4, 'hidden_size_yy_l1': 5, 'context_size_yy': 4, 'num_mix_components_yy': 5, 'context_extractor_yy': 'lstm', 'activation_func_yy': 'GELU', 'L2_weight_yy': 7.442644436758623e-08, 'L_entropy_weight_yy': 3.320677250486729e-08, 'L_sep_weight_yy': 4.769553604849884e-05, 'L_scale_weight_yy': 6.068649364027269e-07, 'learning_rate_yy': 0.007644865365067818}. Best is trial 24 with value: -2.4926837718550585.
[I 2026-03-17 17:30:43,772] Trial 37 finished with value: -2.8051642753589836 and parameters: {'n_layers_yy': 2, 'hidden_size_yy_l0': 5, 'hidden_size_yy_l1': 3, 'context_size_yy': 3, 'num_mix_components_yy': 3, 'context_extractor_yy': 'lstm', 'activation_func_yy': 'ReLU', 'L2_weight_yy': 1.5727455074162842e-09, 'L_entropy_weight_yy': 1.6961483740819168e-07, 'L_sep_weight_yy': 1.8984278429205055e-07, 'L_scale_weight_yy': 0.0007627645521042556, 'learning_rate_yy': 0.009806313337422698}. Best is trial 16 with value: -2.8104182726972877.
[I 2026-03-17 17:30:49,444] Trial 30 pruned. 
[I 2026-03-17 17:30:55,564] Trial 31 pruned. 
[I 2026-03-17 17:30:57,577] Trial 37 pruned. 
[I 2026-03-17 17:30:59,914] Trial 38 pruned. 
[I 2026-03-17 17:31:01,501] Trial 32 pruned. 
[I 2026-03-17 17:31:02,145] Trial 39 pruned. 
[I 2026-03-17 17:31:02,968] Trial 24 pruned. 
[I 2026-03-17 17:31:07,664] Trial 33 pruned. 
[I 2026-03-17 17:31:08,202] Trial 40 pruned. 
[I 2026-03-17 17:31:09,312] Trial 40 pruned. 
[I 2026-03-17 17:31:09,697] Trial 31 pruned. 
[I 2026-03-17 17:31:09,966] Trial 34 pruned. 
[I 2026-03-17 17:31:14,528] Trial 41 pruned. 
[I 2026-03-17 17:31:19,140] Trial 42 finished with value: -2.4917246982265078 and parameters: {'n_layers_yy': 2, 'hidden_size_yy_l0': 4, 'hidden_size_yy_l1': 5, 'context_size_yy': 4, 'num_mix_components_yy': 5, 'context_extractor_yy': 'lstm', 'activation_func_yy': 'GELU', 'L2_weight_yy': 7.074302427381325e-08, 'L_entropy_weight_yy': 1.4641784018735807e-08, 'L_sep_weight_yy': 3.158507521685729e-06, 'L_scale_weight_yy': 5.70289182963063e-07, 'learning_rate_yy': 0.007126562849421296}. Best is trial 24 with value: -2.4926837718550585.
[I 2026-03-17 17:31:27,462] Trial 35 pruned. 
[I 2026-03-17 17:31:29,798] Trial 36 pruned. 
[I 2026-03-17 17:31:31,459] Trial 38 finished with value: -2.803424249048846 and parameters: {'n_layers_yy': 2, 'hidden_size_yy_l0': 6, 'hidden_size_yy_l1': 3, 'context_size_yy': 4, 'num_mix_components_yy': 3, 'context_extractor_yy': 'lstm', 'activation_func_yy': 'ReLU', 'L2_weight_yy': 2.1502408356766816e-09, 'L_entropy_weight_yy': 1.7170291769862028e-07, 'L_sep_weight_yy': 7.850262311972807e-10, 'L_scale_weight_yy': 0.0005447741351539314, 'learning_rate_yy': 0.009790659604878954}. Best is trial 16 with value: -2.8104182726972877.
[I 2026-03-17 17:31:32,047] Trial 37 pruned. 
[I 2026-03-17 17:31:32,532] Trial 42 pruned. 
[I 2026-03-17 17:31:34,873] Trial 39 pruned. 
[I 2026-03-17 17:31:35,697] Trial 25 pruned. 
[I 2026-03-17 17:31:38,581] Trial 43 pruned. 
[I 2026-03-17 17:31:39,669] Trial 26 pruned. 
[I 2026-03-17 17:31:43,341] Trial 32 pruned. 
[I 2026-03-17 17:31:44,246] Trial 40 pruned. 
[I 2026-03-17 17:31:44,724] Trial 44 pruned. 
[I 2026-03-17 17:31:46,008] Trial 41 finished with value: -3.1190525428471276 and parameters: {'n_layers_yy': 1, 'hidden_size_yy_l0': 6, 'context_size_yy': 4, 'num_mix_components_yy': 5, 'context_extractor_yy': 'gru', 'activation_func_yy': 'ReLU', 'L2_weight_yy': 4.1235297189849373e-07, 'L_entropy_weight_yy': 0.000246272116448859, 'L_sep_weight_yy': 1.8895268835430943e-06, 'L_scale_weight_yy': 5.9243773788225286e-06, 'learning_rate_yy': 0.005956417748918399}. Best is trial 33 with value: -3.153503458157452.
[I 2026-03-17 17:31:47,337] Trial 33 pruned. 
[I 2026-03-17 17:31:47,620] Trial 41 pruned. 
[I 2026-03-17 17:31:49,538] Trial 38 pruned. 
[I 2026-03-17 17:31:55,632] Trial 39 pruned. 
[I 2026-03-17 17:31:58,406] Trial 34 pruned. 
[I 2026-03-17 17:31:58,416] Trial 43 finished with value: -2.4905195491409144 and parameters: {'n_layers_yy': 2, 'hidden_size_yy_l0': 4, 'hidden_size_yy_l1': 5, 'context_size_yy': 4, 'num_mix_components_yy': 5, 'context_extractor_yy': 'lstm', 'activation_func_yy': 'GELU', 'L2_weight_yy': 1.5751232696612358e-08, 'L_entropy_weight_yy': 4.975796578344666e-08, 'L_sep_weight_yy': 2.8970570784251155e-05, 'L_scale_weight_yy': 6.72584497562215e-07, 'learning_rate_yy': 0.005889062897521567}. Best is trial 24 with value: -2.4926837718550585.
[I 2026-03-17 17:32:02,397] Trial 45 pruned. 
[I 2026-03-17 17:32:09,737] Trial 35 pruned. 
[I 2026-03-17 17:32:12,961] Trial 40 pruned. 
[I 2026-03-17 17:32:19,692] Trial 44 pruned. 
[I 2026-03-17 17:32:20,878] Trial 36 pruned. 
[I 2026-03-17 17:32:25,037] Trial 37 pruned. 
[I 2026-03-17 17:32:32,428] Trial 42 finished with value: -3.1500149754587117 and parameters: {'n_layers_yy': 1, 'hidden_size_yy_l0': 6, 'context_size_yy': 4, 'num_mix_components_yy': 4, 'context_extractor_yy': 'gru', 'activation_func_yy': 'ReLU', 'L2_weight_yy': 2.0761739065786985e-07, 'L_entropy_weight_yy': 0.0001031234979410624, 'L_sep_weight_yy': 5.163528266809635e-06, 'L_scale_weight_yy': 1.2865376665433614e-06, 'learning_rate_yy': 0.004507943913876418}. Best is trial 33 with value: -3.153503458157452.
[I 2026-03-17 17:32:37,653] Trial 27 finished with value: -3.252384114583333 and parameters: {'n_layers_yy': 1, 'hidden_size_yy_l0': 6, 'context_size_yy': 3, 'num_mix_components_yy': 3, 'context_extractor_yy': 'gru', 'activation_func_yy': 'ReLU', 'L2_weight_yy': 7.860336316072315e-10, 'L_entropy_weight_yy': 2.2722454905014168e-07, 'L_sep_weight_yy': 3.8013379268597734e-10, 'L_scale_weight_yy': 3.7719874832320107e-08, 'learning_rate_yy': 0.005488410867417144}. Best is trial 16 with value: -3.2663029296875.
[I 2026-03-17 17:32:52,783] Trial 41 finished with value: -2.2880324775761167 and parameters: {'n_layers_yy': 1, 'hidden_size_yy_l0': 6, 'context_size_yy': 4, 'num_mix_components_yy': 2, 'context_extractor_yy': 'lstm', 'activation_func_yy': 'GELU', 'L2_weight_yy': 1.9688762384165673e-06, 'L_entropy_weight_yy': 9.801303364699312e-09, 'L_sep_weight_yy': 0.000129076289334305, 'L_scale_weight_yy': 0.00011811667357023559, 'learning_rate_yy': 0.009859181430812495}. Best is trial 27 with value: -2.290475318189642.
[I 2026-03-17 17:32:57,036] Trial 46 pruned. 
[I 2026-03-17 17:32:57,487] Trial 38 pruned. 
[I 2026-03-17 17:32:59,248] Trial 47 pruned. 
[I 2026-03-17 17:33:01,602] Trial 48 pruned. 
[I 2026-03-17 17:33:01,697] Trial 42 finished with value: -2.7939229599096405 and parameters: {'n_layers_yy': 2, 'hidden_size_yy_l0': 5, 'hidden_size_yy_l1': 2, 'context_size_yy': 3, 'num_mix_components_yy': 3, 'context_extractor_yy': 'lstm', 'activation_func_yy': 'ReLU', 'L2_weight_yy': 3.4190305016077e-08, 'L_entropy_weight_yy': 2.716617183577411e-08, 'L_sep_weight_yy': 4.772673895327807e-07, 'L_scale_weight_yy': 2.780970651766661e-10, 'learning_rate_yy': 0.005418781615158839}. Best is trial 16 with value: -2.8104182726972877.
[I 2026-03-17 17:33:03,032] Trial 45 finished with value: -2.490387779540513 and parameters: {'n_layers_yy': 2, 'hidden_size_yy_l0': 4, 'hidden_size_yy_l1': 5, 'context_size_yy': 4, 'num_mix_components_yy': 5, 'context_extractor_yy': 'lstm', 'activation_func_yy': 'GELU', 'L2_weight_yy': 4.3208916454613336e-08, 'L_entropy_weight_yy': 3.942352626688286e-08, 'L_sep_weight_yy': 6.642329218527448e-07, 'L_scale_weight_yy': 1.9594938336170373e-07, 'learning_rate_yy': 0.005240107502905529}. Best is trial 24 with value: -2.4926837718550585.
[I 2026-03-17 17:33:05,009] Trial 43 pruned. 
[I 2026-03-17 17:33:08,057] Trial 49 pruned. 
Optimize task 2: group_id: BC, neuron_id: 10
Starting optimization for task 2...

--- Data Summary ---
Total events for target process 20315
Data Time: 900 seconds
Using device: cuda
Number of events in target process: 20315
Only one process provided, preparing dataloaders for the reduced model.
Reduced model ln_yy : 1962.54779 nats/sec, 86.94526 nats/event
Reduced model Log loss : -2.97155
Number of events in target process: 20315
Only one process provided, preparing dataloaders for the reduced model.
Reduced model ln_yy : 1912.24856 nats/sec, 84.71689 nats/event
Reduced model Log loss : -2.90542
Number of events in target process: 20315
Only one process provided, preparing dataloaders for the reduced model.
Number of events in target process: 20315
Only one process provided, preparing dataloaders for the reduced model.
Number of events in target process: 20315
Only one process provided, preparing dataloaders for the reduced model.
Number of events in target process: 20315
Only one process provided, preparing dataloaders for the reduced model.
Number of events in target process: 20315
Only one process provided, preparing dataloaders for the reduced model.
Number of events in target process: 20315
Only one process provided, preparing dataloaders for the reduced model.
Reduced model ln_yy : 1867.34058 nats/sec, 82.72737 nats/event
Reduced model Log loss : -2.79958
Number of events in target process: 20315
Only one process provided, preparing dataloaders for the reduced model.
Number of events in target process: 20315
Only one process provided, preparing dataloaders for the reduced model.
Reduced model ln_yy : 1958.91756 nats/sec, 86.78444 nats/event
Reduced model Log loss : -2.97544
Number of events in target process: 20315
Only one process provided, preparing dataloaders for the reduced model.
Number of events in target process: 20315
Only one process provided, preparing dataloaders for the reduced model.
Reduced model ln_yy : 1913.86860 nats/sec, 84.78867 nats/event
Reduced model Log loss : -2.90730
Number of events in target process: 20315
Only one process provided, preparing dataloaders for the reduced model.
Number of events in target process: 20315
Only one process provided, preparing dataloaders for the reduced model.
Reduced model ln_yy : 1961.77610 nats/sec, 86.91107 nats/event
Reduced model Log loss : -2.96570
Number of events in target process: 20315
Only one process provided, preparing dataloaders for the reduced model.
Reduced model ln_yy : 1966.55512 nats/sec, 87.12280 nats/event
Reduced model Log loss : -2.97493
Number of events in target process: 20315
Only one process provided, preparing dataloaders for the reduced model.
Reduced model ln_yy : 1960.21682 nats/sec, 86.84200 nats/event
Reduced model Log loss : -2.96760
Number of events in target process: 20315
Only one process provided, preparing dataloaders for the reduced model.
Number of events in target process: 20315
Only one process provided, preparing dataloaders for the reduced model.
Number of events in target process: 20315
Only one process provided, preparing dataloaders for the reduced model.
Number of events in target process: 20315
Only one process provided, preparing dataloaders for the reduced model.
Number of events in target process: 20315
Only one process provided, preparing dataloaders for the reduced model.
Number of events in target process: 20315
Only one process provided, preparing dataloaders for the reduced model.
Number of events in target process: 20315
Only one process provided, preparing dataloaders for the reduced model.
Reduced model ln_yy : 1958.95983 nats/sec, 86.78631 nats/event
Reduced model Log loss : -2.97412
Number of events in target process: 20315
Only one process provided, preparing dataloaders for the reduced model.
Number of events in target process: 20315
Only one process provided, preparing dataloaders for the reduced model.
Reduced model ln_yy : 1964.69884 nats/sec, 87.04056 nats/event
Reduced model Log loss : -2.96305
Number of events in target process: 20315
Only one process provided, preparing dataloaders for the reduced model.
Number of events in target process: 20315
Only one process provided, preparing dataloaders for the reduced model.
Reduced model ln_yy : 1950.01895 nats/sec, 86.39021 nats/event
Reduced model Log loss : -2.96927
Number of events in target process: 20315
Only one process provided, preparing dataloaders for the reduced model.
Number of events in target process: 20315
Only one process provided, preparing dataloaders for the reduced model.
Number of events in target process: 20315
Only one process provided, preparing dataloaders for the reduced model.
Number of events in target process: 20315
Only one process provided, preparing dataloaders for the reduced model.
Number of events in target process: 20315
Only one process provided, preparing dataloaders for the reduced model.
Reduced model ln_yy : 1925.70757 nats/sec, 85.31316 nats/event
Reduced model Log loss : -2.91038
Number of events in target process: 20315
Only one process provided, preparing dataloaders for the reduced model.
Number of events in target process: 20315
Only one process provided, preparing dataloaders for the reduced model.
Number of events in target process: 20315
Only one process provided, preparing dataloaders for the reduced model.
Number of events in target process: 20315
Only one process provided, preparing dataloaders for the reduced model.
Number of events in target process: 20315
Only one process provided, preparing dataloaders for the reduced model.
Number of events in target process: 20315
Only one process provided, preparing dataloaders for the reduced model.
Number of events in target process: 20315
Only one process provided, preparing dataloaders for the reduced model.
Number of events in target process: 20315
Only one process provided, preparing dataloaders for the reduced model.
Number of events in target process: 20315
Only one process provided, preparing dataloaders for the reduced model.
Number of events in target process: 20315
Only one process provided, preparing dataloaders for the reduced model.
Number of events in target process: 20315
Only one process provided, preparing dataloaders for the reduced model.
Number of events in target process: 20315
Only one process provided, preparing dataloaders for the reduced model.
Number of events in target process: 20315
Only one process provided, preparing dataloaders for the reduced model.
Number of events in target process: 20315
Only one process provided, preparing dataloaders for the reduced model.
Number of events in target process: 20315
Only one process provided, preparing dataloaders for the reduced model.
Number of events in target process: 20315
Only one process provided, preparing dataloaders for the reduced model.
Number of events in target process: 20315
Only one process provided, preparing dataloaders for the reduced model.
Number of events in target process: 20315
Only one process provided, preparing dataloaders for the reduced model.
Best trial:
  Value: -2.9754424140841684
  Params: {'n_layers_yy': 2, 'hidden_size_yy_l0': 6, 'hidden_size_yy_l1': 3, 'context_size_yy': 4, 'num_mix_components_yy': 5, 'context_extractor_yy': 'gru', 'activation_func_yy': 'Tanh', 'L2_weight_yy': 8.789780667177671e-06, 'L_entropy_weight_yy': 6.227979304441126e-08, 'L_sep_weight_yy': 1.1228874168969943e-07, 'L_scale_weight_yy': 1.159101240238555e-07, 'learning_rate_yy': 0.0056707017823368865}
Full best configuration saved to results/opt/opt_reduced_2_best_config.txt
Optimization finished.
[I 2026-03-17 17:33:10,485] Trial 46 pruned. 
[I 2026-03-17 17:33:14,481] Trial 44 pruned. 
[I 2026-03-17 17:33:17,735] Trial 47 pruned. 
[I 2026-03-17 17:33:18,495] Trial 43 pruned. 
[I 2026-03-17 17:33:20,410] Trial 48 pruned. 
[I 2026-03-17 17:33:22,863] Trial 49 pruned. 
Optimize task 8: group_id: BC, neuron_id: 6
Starting optimization for task 8...

--- Data Summary ---
Total events for target process 24874
Data Time: 900 seconds
Using device: cuda
Number of events in target process: 24874
Only one process provided, preparing dataloaders for the reduced model.
Reduced model ln_yy : 2624.86030 nats/sec, 94.97364 nats/event
Reduced model Log loss : -2.47161
Number of events in target process: 24874
Only one process provided, preparing dataloaders for the reduced model.
Reduced model ln_yy : 2606.19410 nats/sec, 94.29825 nats/event
Reduced model Log loss : -2.47444
Number of events in target process: 24874
Only one process provided, preparing dataloaders for the reduced model.
Reduced model ln_yy : 2634.59204 nats/sec, 95.32576 nats/event
Reduced model Log loss : -2.48914
Number of events in target process: 24874
Only one process provided, preparing dataloaders for the reduced model.
Reduced model ln_yy : 2623.75917 nats/sec, 94.93380 nats/event
Reduced model Log loss : -2.47175
Number of events in target process: 24874
Only one process provided, preparing dataloaders for the reduced model.
Number of events in target process: 24874
Only one process provided, preparing dataloaders for the reduced model.
Reduced model ln_yy : 2576.04031 nats/sec, 93.20722 nats/event
Reduced model Log loss : -2.43851
Number of events in target process: 24874
Only one process provided, preparing dataloaders for the reduced model.
Number of events in target process: 24874
Only one process provided, preparing dataloaders for the reduced model.
Number of events in target process: 24874
Only one process provided, preparing dataloaders for the reduced model.
Number of events in target process: 24874
Only one process provided, preparing dataloaders for the reduced model.
Number of events in target process: 24874
Only one process provided, preparing dataloaders for the reduced model.
Number of events in target process: 24874
Only one process provided, preparing dataloaders for the reduced model.
Number of events in target process: 24874
Only one process provided, preparing dataloaders for the reduced model.
Number of events in target process: 24874
Only one process provided, preparing dataloaders for the reduced model.
Number of events in target process: 24874
Only one process provided, preparing dataloaders for the reduced model.
Number of events in target process: 24874
Only one process provided, preparing dataloaders for the reduced model.
Reduced model ln_yy : 2573.65116 nats/sec, 93.12077 nats/event
Reduced model Log loss : -2.43372
Number of events in target process: 24874
Only one process provided, preparing dataloaders for the reduced model.
Number of events in target process: 24874
Only one process provided, preparing dataloaders for the reduced model.
Reduced model ln_yy : 2607.83630 nats/sec, 94.35767 nats/event
Reduced model Log loss : -2.49071
Number of events in target process: 24874
Only one process provided, preparing dataloaders for the reduced model.
Reduced model ln_yy : 2631.98405 nats/sec, 95.23139 nats/event
Reduced model Log loss : -2.49207
Number of events in target process: 24874
Only one process provided, preparing dataloaders for the reduced model.
Reduced model ln_yy : 2623.93731 nats/sec, 94.94024 nats/event
Reduced model Log loss : -2.48870
Number of events in target process: 24874
Only one process provided, preparing dataloaders for the reduced model.
Reduced model ln_yy : 2633.17471 nats/sec, 95.27447 nats/event
Reduced model Log loss : -2.49070
Number of events in target process: 24874
Only one process provided, preparing dataloaders for the reduced model.
Number of events in target process: 24874
Only one process provided, preparing dataloaders for the reduced model.
Number of events in target process: 24874
Only one process provided, preparing dataloaders for the reduced model.
Reduced model ln_yy : 2635.43756 nats/sec, 95.35635 nats/event
Reduced model Log loss : -2.49142
Number of events in target process: 24874
Only one process provided, preparing dataloaders for the reduced model.
Reduced model ln_yy : 2624.31018 nats/sec, 94.95373 nats/event
Reduced model Log loss : -2.49268
Number of events in target process: 24874
Only one process provided, preparing dataloaders for the reduced model.
Number of events in target process: 24874
Only one process provided, preparing dataloaders for the reduced model.
Reduced model ln_yy : 2598.73998 nats/sec, 94.02854 nats/event
Reduced model Log loss : -2.43151
Number of events in target process: 24874
Only one process provided, preparing dataloaders for the reduced model.
Number of events in target process: 24874
Only one process provided, preparing dataloaders for the reduced model.
Number of events in target process: 24874
Only one process provided, preparing dataloaders for the reduced model.
Number of events in target process: 24874
Only one process provided, preparing dataloaders for the reduced model.
Number of events in target process: 24874
Only one process provided, preparing dataloaders for the reduced model.
Number of events in target process: 24874
Only one process provided, preparing dataloaders for the reduced model.
Number of events in target process: 24874
Only one process provided, preparing dataloaders for the reduced model.
Reduced model ln_yy : 2617.68560 nats/sec, 94.71404 nats/event
Reduced model Log loss : -2.49179
Number of events in target process: 24874
Only one process provided, preparing dataloaders for the reduced model.
Number of events in target process: 24874
Only one process provided, preparing dataloaders for the reduced model.
Number of events in target process: 24874
Only one process provided, preparing dataloaders for the reduced model.
Number of events in target process: 24874
Only one process provided, preparing dataloaders for the reduced model.
Number of events in target process: 24874
Only one process provided, preparing dataloaders for the reduced model.
Reduced model ln_yy : 2637.68323 nats/sec, 95.43760 nats/event
Reduced model Log loss : -2.49086
Number of events in target process: 24874
Only one process provided, preparing dataloaders for the reduced model.
Number of events in target process: 24874
Only one process provided, preparing dataloaders for the reduced model.
Number of events in target process: 24874
Only one process provided, preparing dataloaders for the reduced model.
Reduced model ln_yy : 2635.28956 nats/sec, 95.35099 nats/event
Reduced model Log loss : -2.49196
Number of events in target process: 24874
Only one process provided, preparing dataloaders for the reduced model.
Reduced model ln_yy : 2633.08277 nats/sec, 95.27115 nats/event
Reduced model Log loss : -2.49172
Number of events in target process: 24874
Only one process provided, preparing dataloaders for the reduced model.
Reduced model ln_yy : 2638.97728 nats/sec, 95.48442 nats/event
Reduced model Log loss : -2.49052
Number of events in target process: 24874
Only one process provided, preparing dataloaders for the reduced model.
Number of events in target process: 24874
Only one process provided, preparing dataloaders for the reduced model.
Reduced model ln_yy : 2635.72874 nats/sec, 95.36688 nats/event
Reduced model Log loss : -2.49039
Number of events in target process: 24874
Only one process provided, preparing dataloaders for the reduced model.
Number of events in target process: 24874
Only one process provided, preparing dataloaders for the reduced model.
Number of events in target process: 24874
Only one process provided, preparing dataloaders for the reduced model.
Number of events in target process: 24874
Only one process provided, preparing dataloaders for the reduced model.
Best trial:
  Value: -2.4926837718550585
  Params: {'n_layers_yy': 2, 'hidden_size_yy_l0': 3, 'hidden_size_yy_l1': 4, 'context_size_yy': 4, 'num_mix_components_yy': 5, 'context_extractor_yy': 'gru', 'activation_func_yy': 'GELU', 'L2_weight_yy': 6.885093703959191e-07, 'L_entropy_weight_yy': 2.7753811190250163e-09, 'L_sep_weight_yy': 9.822537148968771e-06, 'L_scale_weight_yy': 2.414049697895814e-06, 'learning_rate_yy': 0.009959145722324569}
Full best configuration saved to results/opt/opt_reduced_8_best_config.txt
Optimization finished.
[I 2026-03-17 17:33:23,448] Trial 45 pruned. 
[I 2026-03-17 17:33:32,206] Trial 46 pruned. 
[I 2026-03-17 17:33:35,435] Trial 47 pruned. 
[I 2026-03-17 17:33:36,077] Trial 42 finished with value: -2.288168293872399 and parameters: {'n_layers_yy': 1, 'hidden_size_yy_l0': 6, 'context_size_yy': 4, 'num_mix_components_yy': 2, 'context_extractor_yy': 'lstm', 'activation_func_yy': 'GELU', 'L2_weight_yy': 4.2878785124059806e-05, 'L_entropy_weight_yy': 1.997402389046957e-08, 'L_sep_weight_yy': 0.00012705053016769636, 'L_scale_weight_yy': 0.0008798024694234729, 'learning_rate_yy': 0.00809162510064829}. Best is trial 27 with value: -2.290475318189642.
[I 2026-03-17 17:33:42,048] Trial 43 pruned. 
[I 2026-03-17 17:33:44,195] Trial 48 pruned. 
[I 2026-03-17 17:33:47,182] Trial 49 pruned. 
Optimize task 0: group_id: BC, neuron_id: 0
Starting optimization for task 0...

--- Data Summary ---
Total events for target process 31112
Data Time: 900 seconds
Using device: cuda
Number of events in target process: 31112
Only one process provided, preparing dataloaders for the reduced model.
Reduced model ln_yy : 4435.13467 nats/sec, 128.29844 nats/event
Reduced model Log loss : -2.79449
Number of events in target process: 31112
Only one process provided, preparing dataloaders for the reduced model.
Reduced model ln_yy : 4430.94729 nats/sec, 128.17731 nats/event
Reduced model Log loss : -2.80179
Number of events in target process: 31112
Only one process provided, preparing dataloaders for the reduced model.
Reduced model ln_yy : 4448.22825 nats/sec, 128.67721 nats/event
Reduced model Log loss : -2.80485
Number of events in target process: 31112
Only one process provided, preparing dataloaders for the reduced model.
Reduced model ln_yy : 4434.91623 nats/sec, 128.29213 nats/event
Reduced model Log loss : -2.80486
Number of events in target process: 31112
Only one process provided, preparing dataloaders for the reduced model.
Number of events in target process: 31112
Only one process provided, preparing dataloaders for the reduced model.
Number of events in target process: 31112
Only one process provided, preparing dataloaders for the reduced model.
Number of events in target process: 31112
Only one process provided, preparing dataloaders for the reduced model.
Reduced model ln_yy : 4427.58058 nats/sec, 128.07992 nats/event
Reduced model Log loss : -2.79669
Number of events in target process: 31112
Only one process provided, preparing dataloaders for the reduced model.
Number of events in target process: 31112
Only one process provided, preparing dataloaders for the reduced model.
Number of events in target process: 31112
Only one process provided, preparing dataloaders for the reduced model.
Number of events in target process: 31112
Only one process provided, preparing dataloaders for the reduced model.
Reduced model ln_yy : 4431.07007 nats/sec, 128.18086 nats/event
Reduced model Log loss : -2.80003
Number of events in target process: 31112
Only one process provided, preparing dataloaders for the reduced model.
Reduced model ln_yy : 4438.83206 nats/sec, 128.40540 nats/event
Reduced model Log loss : -2.80698
Number of events in target process: 31112
Only one process provided, preparing dataloaders for the reduced model.
Reduced model ln_yy : 4442.29028 nats/sec, 128.50544 nats/event
Reduced model Log loss : -2.80069
Number of events in target process: 31112
Only one process provided, preparing dataloaders for the reduced model.
Number of events in target process: 31112
Only one process provided, preparing dataloaders for the reduced model.
Number of events in target process: 31112
Only one process provided, preparing dataloaders for the reduced model.
Reduced model ln_yy : 4496.23175 nats/sec, 130.06585 nats/event
Reduced model Log loss : -2.81042
Number of events in target process: 31112
Only one process provided, preparing dataloaders for the reduced model.
Number of events in target process: 31112
Only one process provided, preparing dataloaders for the reduced model.
Number of events in target process: 31112
Only one process provided, preparing dataloaders for the reduced model.
Number of events in target process: 31112
Only one process provided, preparing dataloaders for the reduced model.
Number of events in target process: 31112
Only one process provided, preparing dataloaders for the reduced model.
Number of events in target process: 31112
Only one process provided, preparing dataloaders for the reduced model.
Number of events in target process: 31112
Only one process provided, preparing dataloaders for the reduced model.
Number of events in target process: 31112
Only one process provided, preparing dataloaders for the reduced model.
Number of events in target process: 31112
Only one process provided, preparing dataloaders for the reduced model.
Number of events in target process: 31112
Only one process provided, preparing dataloaders for the reduced model.
Number of events in target process: 31112
Only one process provided, preparing dataloaders for the reduced model.
Number of events in target process: 31112
Only one process provided, preparing dataloaders for the reduced model.
Number of events in target process: 31112
Only one process provided, preparing dataloaders for the reduced model.
Number of events in target process: 31112
Only one process provided, preparing dataloaders for the reduced model.
Number of events in target process: 31112
Only one process provided, preparing dataloaders for the reduced model.
Number of events in target process: 31112
Only one process provided, preparing dataloaders for the reduced model.
Number of events in target process: 31112
Only one process provided, preparing dataloaders for the reduced model.
Number of events in target process: 31112
Only one process provided, preparing dataloaders for the reduced model.
Number of events in target process: 31112
Only one process provided, preparing dataloaders for the reduced model.
Number of events in target process: 31112
Only one process provided, preparing dataloaders for the reduced model.
Number of events in target process: 31112
Only one process provided, preparing dataloaders for the reduced model.
Reduced model ln_yy : 4454.65357 nats/sec, 128.86308 nats/event
Reduced model Log loss : -2.80516
Number of events in target process: 31112
Only one process provided, preparing dataloaders for the reduced model.
Reduced model ln_yy : 4448.02261 nats/sec, 128.67126 nats/event
Reduced model Log loss : -2.80342
Number of events in target process: 31112
Only one process provided, preparing dataloaders for the reduced model.
Number of events in target process: 31112
Only one process provided, preparing dataloaders for the reduced model.
Number of events in target process: 31112
Only one process provided, preparing dataloaders for the reduced model.
Number of events in target process: 31112
Only one process provided, preparing dataloaders for the reduced model.
Reduced model ln_yy : 4404.21854 nats/sec, 127.40411 nats/event
Reduced model Log loss : -2.79392
Number of events in target process: 31112
Only one process provided, preparing dataloaders for the reduced model.
Number of events in target process: 31112
Only one process provided, preparing dataloaders for the reduced model.
Number of events in target process: 31112
Only one process provided, preparing dataloaders for the reduced model.
Number of events in target process: 31112
Only one process provided, preparing dataloaders for the reduced model.
Number of events in target process: 31112
Only one process provided, preparing dataloaders for the reduced model.
Number of events in target process: 31112
Only one process provided, preparing dataloaders for the reduced model.
Number of events in target process: 31112
Only one process provided, preparing dataloaders for the reduced model.
Best trial:
  Value: -2.8104182726972877
  Params: {'n_layers_yy': 1, 'hidden_size_yy_l0': 6, 'context_size_yy': 3, 'num_mix_components_yy': 3, 'context_extractor_yy': 'lstm', 'activation_func_yy': 'Tanh', 'L2_weight_yy': 2.4458328841779396e-08, 'L_entropy_weight_yy': 2.909994802486671e-09, 'L_sep_weight_yy': 1.593051980139751e-10, 'L_scale_weight_yy': 6.706760671055146e-09, 'learning_rate_yy': 0.009997364388539149}
Full best configuration saved to results/opt/opt_reduced_0_best_config.txt
Optimization finished.
[I 2026-03-17 17:33:59,207] Trial 44 pruned. 
[I 2026-03-17 17:34:03,588] Trial 44 finished with value: -3.1501423966098554 and parameters: {'n_layers_yy': 1, 'hidden_size_yy_l0': 6, 'context_size_yy': 4, 'num_mix_components_yy': 4, 'context_extractor_yy': 'gru', 'activation_func_yy': 'ReLU', 'L2_weight_yy': 1.016752826665728e-06, 'L_entropy_weight_yy': 2.7005511030233914e-05, 'L_sep_weight_yy': 4.496179848734427e-05, 'L_scale_weight_yy': 2.7972715973080943e-07, 'learning_rate_yy': 0.006856065950217909}. Best is trial 33 with value: -3.153503458157452.
[I 2026-03-17 17:34:03,832] Trial 28 finished with value: -3.259461319986979 and parameters: {'n_layers_yy': 1, 'hidden_size_yy_l0': 5, 'context_size_yy': 4, 'num_mix_components_yy': 4, 'context_extractor_yy': 'gru', 'activation_func_yy': 'ReLU', 'L2_weight_yy': 5.664907375691544e-10, 'L_entropy_weight_yy': 3.7612206623524655e-08, 'L_sep_weight_yy': 4.288215277041243e-09, 'L_scale_weight_yy': 1.2274551038354629e-06, 'learning_rate_yy': 0.0070217176254176745}. Best is trial 16 with value: -3.2663029296875.
[I 2026-03-17 17:34:23,019] Trial 39 finished with value: -2.7644834187235348 and parameters: {'n_layers_yy': 1, 'hidden_size_yy_l0': 3, 'context_size_yy': 2, 'num_mix_components_yy': 4, 'context_extractor_yy': 'gru', 'activation_func_yy': 'GELU', 'L2_weight_yy': 1.354293294920085e-08, 'L_entropy_weight_yy': 1.5719353393532017e-08, 'L_sep_weight_yy': 7.595539964555183e-05, 'L_scale_weight_yy': 2.73331078399562e-10, 'learning_rate_yy': 0.008602419486620652}. Best is trial 39 with value: -2.7644834187235348.
[I 2026-03-17 17:34:35,294] Trial 29 pruned. 
[I 2026-03-17 17:34:39,117] Trial 30 pruned. 
[I 2026-03-17 17:34:48,644] Trial 45 finished with value: -3.149995535609303 and parameters: {'n_layers_yy': 1, 'hidden_size_yy_l0': 6, 'context_size_yy': 4, 'num_mix_components_yy': 4, 'context_extractor_yy': 'gru', 'activation_func_yy': 'ReLU', 'L2_weight_yy': 1.1249174509784175e-06, 'L_entropy_weight_yy': 0.0009377845903528935, 'L_sep_weight_yy': 5.986822381017264e-05, 'L_scale_weight_yy': 3.5305309469542535e-06, 'learning_rate_yy': 0.006859360050108094}. Best is trial 33 with value: -3.153503458157452.
[I 2026-03-17 17:34:55,083] Trial 40 pruned. 
[I 2026-03-17 17:35:05,924] Trial 41 pruned. 
[I 2026-03-17 17:35:09,975] Trial 42 pruned. 
[I 2026-03-17 17:35:11,532] Trial 45 finished with value: -2.289321133673118 and parameters: {'n_layers_yy': 1, 'hidden_size_yy_l0': 5, 'context_size_yy': 4, 'num_mix_components_yy': 2, 'context_extractor_yy': 'lstm', 'activation_func_yy': 'GELU', 'L2_weight_yy': 7.407054043350106e-08, 'L_entropy_weight_yy': 5.7239384782947645e-06, 'L_sep_weight_yy': 3.841287195111398e-07, 'L_scale_weight_yy': 0.0003265601983203932, 'learning_rate_yy': 0.006654187374841723}. Best is trial 27 with value: -2.290475318189642.
[I 2026-03-17 17:35:17,342] Trial 46 pruned. 
[I 2026-03-17 17:35:21,066] Trial 43 pruned. 
[I 2026-03-17 17:35:23,390] Trial 47 pruned. 
[I 2026-03-17 17:35:29,165] Trial 48 pruned. 
[I 2026-03-17 17:35:32,149] Trial 44 pruned. 
[I 2026-03-17 17:35:35,016] Trial 49 pruned. 
Optimize task 12: group_id: POm, neuron_id: 46
Starting optimization for task 12...

--- Data Summary ---
Total events for target process 20800
Data Time: 900 seconds
Using device: cuda
Number of events in target process: 20800
Only one process provided, preparing dataloaders for the reduced model.
Reduced model ln_yy : 1724.24875 nats/sec, 74.60692 nats/event
Reduced model Log loss : -2.28911
Number of events in target process: 20800
Only one process provided, preparing dataloaders for the reduced model.
Reduced model ln_yy : 1697.60681 nats/sec, 73.45414 nats/event
Reduced model Log loss : -2.26094
Number of events in target process: 20800
Only one process provided, preparing dataloaders for the reduced model.
Reduced model ln_yy : 1727.52574 nats/sec, 74.74871 nats/event
Reduced model Log loss : -2.27883
Number of events in target process: 20800
Only one process provided, preparing dataloaders for the reduced model.
Reduced model ln_yy : 1711.65439 nats/sec, 74.06197 nats/event
Reduced model Log loss : -2.28507
Number of events in target process: 20800
Only one process provided, preparing dataloaders for the reduced model.
Reduced model ln_yy : 1706.18034 nats/sec, 73.82511 nats/event
Reduced model Log loss : -2.27630
Number of events in target process: 20800
Only one process provided, preparing dataloaders for the reduced model.
Number of events in target process: 20800
Only one process provided, preparing dataloaders for the reduced model.
Number of events in target process: 20800
Only one process provided, preparing dataloaders for the reduced model.
Number of events in target process: 20800
Only one process provided, preparing dataloaders for the reduced model.
Reduced model ln_yy : 1697.05347 nats/sec, 73.43020 nats/event
Reduced model Log loss : -2.27165
Number of events in target process: 20800
Only one process provided, preparing dataloaders for the reduced model.
Reduced model ln_yy : 1718.67718 nats/sec, 74.36584 nats/event
Reduced model Log loss : -2.26875
Number of events in target process: 20800
Only one process provided, preparing dataloaders for the reduced model.
Reduced model ln_yy : 1710.49474 nats/sec, 74.01179 nats/event
Reduced model Log loss : -2.28202
Number of events in target process: 20800
Only one process provided, preparing dataloaders for the reduced model.
Number of events in target process: 20800
Only one process provided, preparing dataloaders for the reduced model.
Number of events in target process: 20800
Only one process provided, preparing dataloaders for the reduced model.
Number of events in target process: 20800
Only one process provided, preparing dataloaders for the reduced model.
Number of events in target process: 20800
Only one process provided, preparing dataloaders for the reduced model.
Number of events in target process: 20800
Only one process provided, preparing dataloaders for the reduced model.
Number of events in target process: 20800
Only one process provided, preparing dataloaders for the reduced model.
Number of events in target process: 20800
Only one process provided, preparing dataloaders for the reduced model.
Number of events in target process: 20800
Only one process provided, preparing dataloaders for the reduced model.
Reduced model ln_yy : 1718.30488 nats/sec, 74.34973 nats/event
Reduced model Log loss : -2.27978
Number of events in target process: 20800
Only one process provided, preparing dataloaders for the reduced model.
Number of events in target process: 20800
Only one process provided, preparing dataloaders for the reduced model.
Number of events in target process: 20800
Only one process provided, preparing dataloaders for the reduced model.
Number of events in target process: 20800
Only one process provided, preparing dataloaders for the reduced model.
Reduced model ln_yy : 1719.00670 nats/sec, 74.38010 nats/event
Reduced model Log loss : -2.28709
Number of events in target process: 20800
Only one process provided, preparing dataloaders for the reduced model.
Reduced model ln_yy : 1720.24067 nats/sec, 74.43349 nats/event
Reduced model Log loss : -2.28956
Number of events in target process: 20800
Only one process provided, preparing dataloaders for the reduced model.
Reduced model ln_yy : 1705.36535 nats/sec, 73.78985 nats/event
Reduced model Log loss : -2.28923
Number of events in target process: 20800
Only one process provided, preparing dataloaders for the reduced model.
Reduced model ln_yy : 1731.15433 nats/sec, 74.90572 nats/event
Reduced model Log loss : -2.28618
Number of events in target process: 20800
Only one process provided, preparing dataloaders for the reduced model.
Reduced model ln_yy : 1727.52157 nats/sec, 74.74853 nats/event
Reduced model Log loss : -2.29048
Number of events in target process: 20800
Only one process provided, preparing dataloaders for the reduced model.
Number of events in target process: 20800
Only one process provided, preparing dataloaders for the reduced model.
Reduced model ln_yy : 1701.07707 nats/sec, 73.60430 nats/event
Reduced model Log loss : -2.26365
Number of events in target process: 20800
Only one process provided, preparing dataloaders for the reduced model.
Number of events in target process: 20800
Only one process provided, preparing dataloaders for the reduced model.
Number of events in target process: 20800
Only one process provided, preparing dataloaders for the reduced model.
Number of events in target process: 20800
Only one process provided, preparing dataloaders for the reduced model.
Number of events in target process: 20800
Only one process provided, preparing dataloaders for the reduced model.
Number of events in target process: 20800
Only one process provided, preparing dataloaders for the reduced model.
Number of events in target process: 20800
Only one process provided, preparing dataloaders for the reduced model.
Number of events in target process: 20800
Only one process provided, preparing dataloaders for the reduced model.
Number of events in target process: 20800
Only one process provided, preparing dataloaders for the reduced model.
Number of events in target process: 20800
Only one process provided, preparing dataloaders for the reduced model.
Number of events in target process: 20800
Only one process provided, preparing dataloaders for the reduced model.
Number of events in target process: 20800
Only one process provided, preparing dataloaders for the reduced model.
Reduced model ln_yy : 1715.30229 nats/sec, 74.21981 nats/event
Reduced model Log loss : -2.28803
Number of events in target process: 20800
Only one process provided, preparing dataloaders for the reduced model.
Reduced model ln_yy : 1715.85033 nats/sec, 74.24352 nats/event
Reduced model Log loss : -2.28817
Number of events in target process: 20800
Only one process provided, preparing dataloaders for the reduced model.
Number of events in target process: 20800
Only one process provided, preparing dataloaders for the reduced model.
Number of events in target process: 20800
Only one process provided, preparing dataloaders for the reduced model.
Reduced model ln_yy : 1732.17319 nats/sec, 74.94980 nats/event
Reduced model Log loss : -2.28932
Number of events in target process: 20800
Only one process provided, preparing dataloaders for the reduced model.
Number of events in target process: 20800
Only one process provided, preparing dataloaders for the reduced model.
Number of events in target process: 20800
Only one process provided, preparing dataloaders for the reduced model.
Number of events in target process: 20800
Only one process provided, preparing dataloaders for the reduced model.
Best trial:
  Value: -2.290475318189642
  Params: {'n_layers_yy': 1, 'hidden_size_yy_l0': 6, 'context_size_yy': 4, 'num_mix_components_yy': 2, 'context_extractor_yy': 'lstm', 'activation_func_yy': 'GELU', 'L2_weight_yy': 0.0001546810466363547, 'L_entropy_weight_yy': 1.2442493296294998e-08, 'L_sep_weight_yy': 5.426142333325868e-06, 'L_scale_weight_yy': 3.932908482805081e-05, 'learning_rate_yy': 0.00718048815262317}
Full best configuration saved to results/opt/opt_reduced_12_best_config.txt
Optimization finished.
[I 2026-03-17 17:35:42,972] Trial 46 finished with value: -3.1464230814878067 and parameters: {'n_layers_yy': 1, 'hidden_size_yy_l0': 6, 'context_size_yy': 4, 'num_mix_components_yy': 4, 'context_extractor_yy': 'gru', 'activation_func_yy': 'Tanh', 'L2_weight_yy': 1.3968386928346208e-06, 'L_entropy_weight_yy': 0.0009579045061754254, 'L_sep_weight_yy': 7.127691485189332e-05, 'L_scale_weight_yy': 3.370846941152433e-05, 'learning_rate_yy': 0.0030948859847832}. Best is trial 33 with value: -3.153503458157452.
[I 2026-03-17 17:36:15,302] Trial 31 finished with value: -3.2635159261067708 and parameters: {'n_layers_yy': 1, 'hidden_size_yy_l0': 5, 'context_size_yy': 4, 'num_mix_components_yy': 4, 'context_extractor_yy': 'gru', 'activation_func_yy': 'ReLU', 'L2_weight_yy': 2.7029886038189e-08, 'L_entropy_weight_yy': 2.583867517996168e-07, 'L_sep_weight_yy': 4.95962539577594e-10, 'L_scale_weight_yy': 1.6313566864095387e-10, 'learning_rate_yy': 0.007185752082465205}. Best is trial 16 with value: -3.2663029296875.
[I 2026-03-17 17:36:47,063] Trial 47 finished with value: -3.1518945206861124 and parameters: {'n_layers_yy': 1, 'hidden_size_yy_l0': 6, 'context_size_yy': 4, 'num_mix_components_yy': 4, 'context_extractor_yy': 'gru', 'activation_func_yy': 'ReLU', 'L2_weight_yy': 1.3928021697187261e-08, 'L_entropy_weight_yy': 2.5432152036761483e-05, 'L_sep_weight_yy': 0.00014489304014639863, 'L_scale_weight_yy': 7.997224554805182e-06, 'learning_rate_yy': 0.00535395428655917}. Best is trial 33 with value: -3.153503458157452.
[I 2026-03-17 17:37:31,980] Trial 48 pruned. 
[I 2026-03-17 17:37:34,176] Trial 32 finished with value: -3.27877421875 and parameters: {'n_layers_yy': 1, 'hidden_size_yy_l0': 6, 'context_size_yy': 4, 'num_mix_components_yy': 3, 'context_extractor_yy': 'gru', 'activation_func_yy': 'ReLU', 'L2_weight_yy': 5.714408003169351e-08, 'L_entropy_weight_yy': 5.033333744064336e-07, 'L_sep_weight_yy': 4.574119601469976e-10, 'L_scale_weight_yy': 1.0043428741080172e-10, 'learning_rate_yy': 0.007393905487563901}. Best is trial 32 with value: -3.27877421875.
[I 2026-03-17 17:37:36,753] Trial 45 finished with value: -2.7593495784956192 and parameters: {'n_layers_yy': 2, 'hidden_size_yy_l0': 4, 'hidden_size_yy_l1': 3, 'context_size_yy': 2, 'num_mix_components_yy': 4, 'context_extractor_yy': 'lstm', 'activation_func_yy': 'Tanh', 'L2_weight_yy': 1.1274305507353762e-08, 'L_entropy_weight_yy': 4.628833878795046e-05, 'L_sep_weight_yy': 0.0001781155203949724, 'L_scale_weight_yy': 4.285092385140085e-09, 'learning_rate_yy': 0.0010908012491698338}. Best is trial 39 with value: -2.7644834187235348.
[I 2026-03-17 17:37:46,705] Trial 49 pruned. 
Optimize task 4: group_id: BC, neuron_id: 12
Starting optimization for task 4...

--- Data Summary ---
Total events for target process 54211
Data Time: 900 seconds
Using device: cuda
Number of events in target process: 54211
Only one process provided, preparing dataloaders for the reduced model.
Reduced model ln_yy : 14642.84674 nats/sec, 243.09756 nats/event
Reduced model Log loss : -3.11695
Number of events in target process: 54211
Only one process provided, preparing dataloaders for the reduced model.
Reduced model ln_yy : 14527.06610 nats/sec, 241.17540 nats/event
Reduced model Log loss : -3.10950
Number of events in target process: 54211
Only one process provided, preparing dataloaders for the reduced model.
Reduced model ln_yy : 14542.95795 nats/sec, 241.43923 nats/event
Reduced model Log loss : -3.11203
Number of events in target process: 54211
Only one process provided, preparing dataloaders for the reduced model.
Number of events in target process: 54211
Only one process provided, preparing dataloaders for the reduced model.
Reduced model ln_yy : 14591.36597 nats/sec, 242.24289 nats/event
Reduced model Log loss : -3.11832
Number of events in target process: 54211
Only one process provided, preparing dataloaders for the reduced model.
Number of events in target process: 54211
Only one process provided, preparing dataloaders for the reduced model.
Number of events in target process: 54211
Only one process provided, preparing dataloaders for the reduced model.
Reduced model ln_yy : 14568.74027 nats/sec, 241.86726 nats/event
Reduced model Log loss : -3.11870
Number of events in target process: 54211
Only one process provided, preparing dataloaders for the reduced model.
Number of events in target process: 54211
Only one process provided, preparing dataloaders for the reduced model.
Number of events in target process: 54211
Only one process provided, preparing dataloaders for the reduced model.
Number of events in target process: 54211
Only one process provided, preparing dataloaders for the reduced model.
Number of events in target process: 54211
Only one process provided, preparing dataloaders for the reduced model.
Reduced model ln_yy : 14712.15604 nats/sec, 244.24822 nats/event
Reduced model Log loss : -3.14680
Number of events in target process: 54211
Only one process provided, preparing dataloaders for the reduced model.
Reduced model ln_yy : 14598.92796 nats/sec, 242.36843 nats/event
Reduced model Log loss : -3.11688
Number of events in target process: 54211
Only one process provided, preparing dataloaders for the reduced model.
Number of events in target process: 54211
Only one process provided, preparing dataloaders for the reduced model.
Reduced model ln_yy : 14723.95831 nats/sec, 244.44416 nats/event
Reduced model Log loss : -3.14374
Number of events in target process: 54211
Only one process provided, preparing dataloaders for the reduced model.
Number of events in target process: 54211
Only one process provided, preparing dataloaders for the reduced model.
Number of events in target process: 54211
Only one process provided, preparing dataloaders for the reduced model.
Number of events in target process: 54211
Only one process provided, preparing dataloaders for the reduced model.
Number of events in target process: 54211
Only one process provided, preparing dataloaders for the reduced model.
Reduced model ln_yy : 14644.94198 nats/sec, 243.13235 nats/event
Reduced model Log loss : -3.11708
Number of events in target process: 54211
Only one process provided, preparing dataloaders for the reduced model.
Number of events in target process: 54211
Only one process provided, preparing dataloaders for the reduced model.
Reduced model ln_yy : 14724.82051 nats/sec, 244.45848 nats/event
Reduced model Log loss : -3.15238
Number of events in target process: 54211
Only one process provided, preparing dataloaders for the reduced model.
Number of events in target process: 54211
Only one process provided, preparing dataloaders for the reduced model.
Number of events in target process: 54211
Only one process provided, preparing dataloaders for the reduced model.
Number of events in target process: 54211
Only one process provided, preparing dataloaders for the reduced model.
Number of events in target process: 54211
Only one process provided, preparing dataloaders for the reduced model.
Number of events in target process: 54211
Only one process provided, preparing dataloaders for the reduced model.
Number of events in target process: 54211
Only one process provided, preparing dataloaders for the reduced model.
Number of events in target process: 54211
Only one process provided, preparing dataloaders for the reduced model.
Number of events in target process: 54211
Only one process provided, preparing dataloaders for the reduced model.
Reduced model ln_yy : 14573.41295 nats/sec, 241.94484 nats/event
Reduced model Log loss : -3.11870
Number of events in target process: 54211
Only one process provided, preparing dataloaders for the reduced model.
Reduced model ln_yy : 14579.25839 nats/sec, 242.04188 nats/event
Reduced model Log loss : -3.11813
Number of events in target process: 54211
Only one process provided, preparing dataloaders for the reduced model.
Reduced model ln_yy : 14781.49942 nats/sec, 245.39945 nats/event
Reduced model Log loss : -3.15350
Number of events in target process: 54211
Only one process provided, preparing dataloaders for the reduced model.
Number of events in target process: 54211
Only one process provided, preparing dataloaders for the reduced model.
Number of events in target process: 54211
Only one process provided, preparing dataloaders for the reduced model.
Number of events in target process: 54211
Only one process provided, preparing dataloaders for the reduced model.
Number of events in target process: 54211
Only one process provided, preparing dataloaders for the reduced model.
Number of events in target process: 54211
Only one process provided, preparing dataloaders for the reduced model.
Reduced model ln_yy : 14656.53852 nats/sec, 243.32487 nats/event
Reduced model Log loss : -3.14985
Number of events in target process: 54211
Only one process provided, preparing dataloaders for the reduced model.
Number of events in target process: 54211
Only one process provided, preparing dataloaders for the reduced model.
Reduced model ln_yy : 14633.37295 nats/sec, 242.94028 nats/event
Reduced model Log loss : -3.11905
Number of events in target process: 54211
Only one process provided, preparing dataloaders for the reduced model.
Reduced model ln_yy : 14785.73445 nats/sec, 245.46976 nats/event
Reduced model Log loss : -3.15001
Number of events in target process: 54211
Only one process provided, preparing dataloaders for the reduced model.
Number of events in target process: 54211
Only one process provided, preparing dataloaders for the reduced model.
Reduced model ln_yy : 14659.33741 nats/sec, 243.37134 nats/event
Reduced model Log loss : -3.15014
Number of events in target process: 54211
Only one process provided, preparing dataloaders for the reduced model.
Reduced model ln_yy : 14666.46961 nats/sec, 243.48975 nats/event
Reduced model Log loss : -3.15000
Number of events in target process: 54211
Only one process provided, preparing dataloaders for the reduced model.
Reduced model ln_yy : 14752.80290 nats/sec, 244.92303 nats/event
Reduced model Log loss : -3.14642
Number of events in target process: 54211
Only one process provided, preparing dataloaders for the reduced model.
Reduced model ln_yy : 14802.53436 nats/sec, 245.74867 nats/event
Reduced model Log loss : -3.15189
Number of events in target process: 54211
Only one process provided, preparing dataloaders for the reduced model.
Number of events in target process: 54211
Only one process provided, preparing dataloaders for the reduced model.
Best trial:
  Value: -3.153503458157452
  Params: {'n_layers_yy': 1, 'hidden_size_yy_l0': 5, 'context_size_yy': 4, 'num_mix_components_yy': 3, 'context_extractor_yy': 'gru', 'activation_func_yy': 'ReLU', 'L2_weight_yy': 5.292249247129385e-07, 'L_entropy_weight_yy': 5.987491978038624e-07, 'L_sep_weight_yy': 3.51242743189951e-07, 'L_scale_weight_yy': 3.809694569376972e-07, 'learning_rate_yy': 0.006518653913718873}
Full best configuration saved to results/opt/opt_reduced_4_best_config.txt
Optimization finished.
[I 2026-03-17 17:38:28,677] Trial 46 finished with value: -2.7606200998361152 and parameters: {'n_layers_yy': 2, 'hidden_size_yy_l0': 4, 'hidden_size_yy_l1': 3, 'context_size_yy': 2, 'num_mix_components_yy': 4, 'context_extractor_yy': 'lstm', 'activation_func_yy': 'Tanh', 'L2_weight_yy': 4.335949266659721e-08, 'L_entropy_weight_yy': 1.2293086107330101e-08, 'L_sep_weight_yy': 4.976962742059335e-06, 'L_scale_weight_yy': 4.964031136322864e-09, 'learning_rate_yy': 0.009505075134524763}. Best is trial 39 with value: -2.7644834187235348.
[I 2026-03-17 17:38:58,991] Trial 33 finished with value: -3.279313728841146 and parameters: {'n_layers_yy': 1, 'hidden_size_yy_l0': 6, 'context_size_yy': 4, 'num_mix_components_yy': 3, 'context_extractor_yy': 'gru', 'activation_func_yy': 'ReLU', 'L2_weight_yy': 4.5093104299384224e-08, 'L_entropy_weight_yy': 6.684326502732164e-07, 'L_sep_weight_yy': 6.38723819713476e-10, 'L_scale_weight_yy': 1.9210356269063102e-10, 'learning_rate_yy': 0.008196967974608107}. Best is trial 33 with value: -3.279313728841146.
[I 2026-03-17 17:39:09,422] Trial 34 pruned. 
[I 2026-03-17 17:39:13,184] Trial 35 pruned. 
[I 2026-03-17 17:39:18,361] Trial 47 finished with value: -2.7610537198477307 and parameters: {'n_layers_yy': 2, 'hidden_size_yy_l0': 4, 'hidden_size_yy_l1': 3, 'context_size_yy': 2, 'num_mix_components_yy': 4, 'context_extractor_yy': 'lstm', 'activation_func_yy': 'Tanh', 'L2_weight_yy': 1.3961163518764916e-08, 'L_entropy_weight_yy': 8.600055027139374e-09, 'L_sep_weight_yy': 1.2218519044964407e-05, 'L_scale_weight_yy': 0.000955685585310346, 'learning_rate_yy': 0.009837955918384777}. Best is trial 39 with value: -2.7644834187235348.
[I 2026-03-17 17:39:43,732] Trial 36 pruned. 
[I 2026-03-17 17:39:47,515] Trial 37 pruned. 
[I 2026-03-17 17:39:51,236] Trial 38 pruned. 
[I 2026-03-17 17:40:07,971] Trial 48 finished with value: -2.761008294015762 and parameters: {'n_layers_yy': 2, 'hidden_size_yy_l0': 4, 'hidden_size_yy_l1': 3, 'context_size_yy': 2, 'num_mix_components_yy': 4, 'context_extractor_yy': 'lstm', 'activation_func_yy': 'Tanh', 'L2_weight_yy': 9.631599557886916e-09, 'L_entropy_weight_yy': 1.5105010357433843e-08, 'L_sep_weight_yy': 3.412368298767729e-06, 'L_scale_weight_yy': 4.782693982746754e-09, 'learning_rate_yy': 0.009753816437876267}. Best is trial 39 with value: -2.7644834187235348.
[I 2026-03-17 17:40:21,623] Trial 39 pruned. 
[I 2026-03-17 17:40:25,605] Trial 40 pruned. 
[I 2026-03-17 17:40:39,488] Trial 49 pruned. 
Optimize task 10: group_id: BC, neuron_id: 8
Starting optimization for task 10...

--- Data Summary ---
Total events for target process 39192
Data Time: 900 seconds
Using device: cuda
Number of events in target process: 39192
Only one process provided, preparing dataloaders for the reduced model.
Reduced model ln_yy : 6950.14397 nats/sec, 159.60220 nats/event
Reduced model Log loss : -2.72940
Number of events in target process: 39192
Only one process provided, preparing dataloaders for the reduced model.
Reduced model ln_yy : 7050.89467 nats/sec, 161.91583 nats/event
Reduced model Log loss : -2.75220
Number of events in target process: 39192
Only one process provided, preparing dataloaders for the reduced model.
Number of events in target process: 39192
Only one process provided, preparing dataloaders for the reduced model.
Reduced model ln_yy : 7055.92507 nats/sec, 162.03135 nats/event
Reduced model Log loss : -2.75722
Number of events in target process: 39192
Only one process provided, preparing dataloaders for the reduced model.
Reduced model ln_yy : 6967.25520 nats/sec, 159.99514 nats/event
Reduced model Log loss : -2.72955
Number of events in target process: 39192
Only one process provided, preparing dataloaders for the reduced model.
Reduced model ln_yy : 6970.83019 nats/sec, 160.07724 nats/event
Reduced model Log loss : -2.73130
Number of events in target process: 39192
Only one process provided, preparing dataloaders for the reduced model.
Reduced model ln_yy : 6962.09016 nats/sec, 159.87653 nats/event
Reduced model Log loss : -2.72464
Number of events in target process: 39192
Only one process provided, preparing dataloaders for the reduced model.
Number of events in target process: 39192
Only one process provided, preparing dataloaders for the reduced model.
Number of events in target process: 39192
Only one process provided, preparing dataloaders for the reduced model.
Reduced model ln_yy : 7091.85657 nats/sec, 162.85647 nats/event
Reduced model Log loss : -2.76367
Number of events in target process: 39192
Only one process provided, preparing dataloaders for the reduced model.
Number of events in target process: 39192
Only one process provided, preparing dataloaders for the reduced model.
Number of events in target process: 39192
Only one process provided, preparing dataloaders for the reduced model.
Number of events in target process: 39192
Only one process provided, preparing dataloaders for the reduced model.
Number of events in target process: 39192
Only one process provided, preparing dataloaders for the reduced model.
Number of events in target process: 39192
Only one process provided, preparing dataloaders for the reduced model.
Number of events in target process: 39192
Only one process provided, preparing dataloaders for the reduced model.
Number of events in target process: 39192
Only one process provided, preparing dataloaders for the reduced model.
Number of events in target process: 39192
Only one process provided, preparing dataloaders for the reduced model.
Number of events in target process: 39192
Only one process provided, preparing dataloaders for the reduced model.
Number of events in target process: 39192
Only one process provided, preparing dataloaders for the reduced model.
Number of events in target process: 39192
Only one process provided, preparing dataloaders for the reduced model.
Number of events in target process: 39192
Only one process provided, preparing dataloaders for the reduced model.
Reduced model ln_yy : 7020.82889 nats/sec, 161.22540 nats/event
Reduced model Log loss : -2.75285
Number of events in target process: 39192
Only one process provided, preparing dataloaders for the reduced model.
Number of events in target process: 39192
Only one process provided, preparing dataloaders for the reduced model.
Number of events in target process: 39192
Only one process provided, preparing dataloaders for the reduced model.
Number of events in target process: 39192
Only one process provided, preparing dataloaders for the reduced model.
Number of events in target process: 39192
Only one process provided, preparing dataloaders for the reduced model.
Number of events in target process: 39192
Only one process provided, preparing dataloaders for the reduced model.
Number of events in target process: 39192
Only one process provided, preparing dataloaders for the reduced model.
Reduced model ln_yy : 6950.07475 nats/sec, 159.60061 nats/event
Reduced model Log loss : -2.72880
Number of events in target process: 39192
Only one process provided, preparing dataloaders for the reduced model.
Number of events in target process: 39192
Only one process provided, preparing dataloaders for the reduced model.
Number of events in target process: 39192
Only one process provided, preparing dataloaders for the reduced model.
Number of events in target process: 39192
Only one process provided, preparing dataloaders for the reduced model.
Number of events in target process: 39192
Only one process provided, preparing dataloaders for the reduced model.
Number of events in target process: 39192
Only one process provided, preparing dataloaders for the reduced model.
Number of events in target process: 39192
Only one process provided, preparing dataloaders for the reduced model.
Number of events in target process: 39192
Only one process provided, preparing dataloaders for the reduced model.
Number of events in target process: 39192
Only one process provided, preparing dataloaders for the reduced model.
Number of events in target process: 39192
Only one process provided, preparing dataloaders for the reduced model.
Reduced model ln_yy : 7060.29983 nats/sec, 162.13181 nats/event
Reduced model Log loss : -2.76448
Number of events in target process: 39192
Only one process provided, preparing dataloaders for the reduced model.
Number of events in target process: 39192
Only one process provided, preparing dataloaders for the reduced model.
Number of events in target process: 39192
Only one process provided, preparing dataloaders for the reduced model.
Number of events in target process: 39192
Only one process provided, preparing dataloaders for the reduced model.
Number of events in target process: 39192
Only one process provided, preparing dataloaders for the reduced model.
Number of events in target process: 39192
Only one process provided, preparing dataloaders for the reduced model.
Reduced model ln_yy : 7042.61591 nats/sec, 161.72572 nats/event
Reduced model Log loss : -2.75935
Number of events in target process: 39192
Only one process provided, preparing dataloaders for the reduced model.
Reduced model ln_yy : 7063.55435 nats/sec, 162.20654 nats/event
Reduced model Log loss : -2.76062
Number of events in target process: 39192
Only one process provided, preparing dataloaders for the reduced model.
Reduced model ln_yy : 7023.14522 nats/sec, 161.27859 nats/event
Reduced model Log loss : -2.76105
Number of events in target process: 39192
Only one process provided, preparing dataloaders for the reduced model.
Reduced model ln_yy : 7022.77496 nats/sec, 161.27009 nats/event
Reduced model Log loss : -2.76101
Number of events in target process: 39192
Only one process provided, preparing dataloaders for the reduced model.
Best trial:
  Value: -2.7644834187235348
  Params: {'n_layers_yy': 1, 'hidden_size_yy_l0': 3, 'context_size_yy': 2, 'num_mix_components_yy': 4, 'context_extractor_yy': 'gru', 'activation_func_yy': 'GELU', 'L2_weight_yy': 1.354293294920085e-08, 'L_entropy_weight_yy': 1.5719353393532017e-08, 'L_sep_weight_yy': 7.595539964555183e-05, 'L_scale_weight_yy': 2.73331078399562e-10, 'learning_rate_yy': 0.008602419486620652}
Full best configuration saved to results/opt/opt_reduced_10_best_config.txt
Optimization finished.
[I 2026-03-17 17:41:52,192] Trial 41 finished with value: -3.2776663736979166 and parameters: {'n_layers_yy': 1, 'hidden_size_yy_l0': 6, 'context_size_yy': 4, 'num_mix_components_yy': 3, 'context_extractor_yy': 'gru', 'activation_func_yy': 'ReLU', 'L2_weight_yy': 3.1596081309590353e-08, 'L_entropy_weight_yy': 2.7120716903233607e-07, 'L_sep_weight_yy': 8.471964212319347e-10, 'L_scale_weight_yy': 1.9099913251849568e-10, 'learning_rate_yy': 0.0068318239293219145}. Best is trial 33 with value: -3.279313728841146.
[I 2026-03-17 17:43:16,478] Trial 42 finished with value: -3.2775878255208335 and parameters: {'n_layers_yy': 1, 'hidden_size_yy_l0': 6, 'context_size_yy': 4, 'num_mix_components_yy': 3, 'context_extractor_yy': 'gru', 'activation_func_yy': 'ReLU', 'L2_weight_yy': 3.2447368027868156e-08, 'L_entropy_weight_yy': 1.3671731603645233e-07, 'L_sep_weight_yy': 1.0413634997156106e-09, 'L_scale_weight_yy': 4.036465181778729e-10, 'learning_rate_yy': 0.006404806648325554}. Best is trial 33 with value: -3.279313728841146.
[I 2026-03-17 17:44:33,369] Trial 43 finished with value: -3.280809130859375 and parameters: {'n_layers_yy': 1, 'hidden_size_yy_l0': 6, 'context_size_yy': 4, 'num_mix_components_yy': 3, 'context_extractor_yy': 'gru', 'activation_func_yy': 'ReLU', 'L2_weight_yy': 3.099111327924815e-08, 'L_entropy_weight_yy': 5.085821509509091e-07, 'L_sep_weight_yy': 1.1305118811003212e-09, 'L_scale_weight_yy': 3.1099180038125776e-10, 'learning_rate_yy': 0.007683899264880692}. Best is trial 43 with value: -3.280809130859375.
[I 2026-03-17 17:45:50,368] Trial 44 finished with value: -3.280752506510417 and parameters: {'n_layers_yy': 1, 'hidden_size_yy_l0': 6, 'context_size_yy': 4, 'num_mix_components_yy': 3, 'context_extractor_yy': 'gru', 'activation_func_yy': 'ReLU', 'L2_weight_yy': 3.5418117440936063e-07, 'L_entropy_weight_yy': 6.321216564296382e-07, 'L_sep_weight_yy': 1.058733088155269e-09, 'L_scale_weight_yy': 2.894873304909368e-10, 'learning_rate_yy': 0.007700380891255647}. Best is trial 43 with value: -3.280809130859375.
[I 2026-03-17 17:46:00,807] Trial 45 pruned. 
[I 2026-03-17 17:46:30,644] Trial 46 pruned. 
[I 2026-03-17 17:46:40,944] Trial 47 pruned. 
[I 2026-03-17 17:46:51,094] Trial 48 pruned. 
[I 2026-03-17 17:46:54,890] Trial 49 pruned. 
Optimize task 18: group_id: POm, neuron_id: 52
Starting optimization for task 18...

--- Data Summary ---
Total events for target process 38515
Data Time: 900 seconds
Using device: cuda
Number of events in target process: 38515
Only one process provided, preparing dataloaders for the reduced model.
Reduced model ln_yy : 7612.28586 nats/sec, 177.88024 nats/event
Reduced model Log loss : -3.24436
Number of events in target process: 38515
Only one process provided, preparing dataloaders for the reduced model.
Reduced model ln_yy : 7615.60873 nats/sec, 177.95788 nats/event
Reduced model Log loss : -3.22616
Number of events in target process: 38515
Only one process provided, preparing dataloaders for the reduced model.
Number of events in target process: 38515
Only one process provided, preparing dataloaders for the reduced model.
Reduced model ln_yy : 7616.50188 nats/sec, 177.97875 nats/event
Reduced model Log loss : -3.24881
Number of events in target process: 38515
Only one process provided, preparing dataloaders for the reduced model.
Number of events in target process: 38515
Only one process provided, preparing dataloaders for the reduced model.
Number of events in target process: 38515
Only one process provided, preparing dataloaders for the reduced model.
Reduced model ln_yy : 7622.44875 nats/sec, 178.11772 nats/event
Reduced model Log loss : -3.23996
Number of events in target process: 38515
Only one process provided, preparing dataloaders for the reduced model.
Number of events in target process: 38515
Only one process provided, preparing dataloaders for the reduced model.
Number of events in target process: 38515
Only one process provided, preparing dataloaders for the reduced model.
Number of events in target process: 38515
Only one process provided, preparing dataloaders for the reduced model.
Reduced model ln_yy : 7632.90655 nats/sec, 178.36209 nats/event
Reduced model Log loss : -3.24484
Number of events in target process: 38515
Only one process provided, preparing dataloaders for the reduced model.
Number of events in target process: 38515
Only one process provided, preparing dataloaders for the reduced model.
Reduced model ln_yy : 7690.92116 nats/sec, 179.71775 nats/event
Reduced model Log loss : -3.25385
Number of events in target process: 38515
Only one process provided, preparing dataloaders for the reduced model.
Number of events in target process: 38515
Only one process provided, preparing dataloaders for the reduced model.
Number of events in target process: 38515
Only one process provided, preparing dataloaders for the reduced model.
Number of events in target process: 38515
Only one process provided, preparing dataloaders for the reduced model.
Reduced model ln_yy : 7668.54678 nats/sec, 179.19491 nats/event
Reduced model Log loss : -3.26630
Number of events in target process: 38515
Only one process provided, preparing dataloaders for the reduced model.
Reduced model ln_yy : 7679.58138 nats/sec, 179.45277 nats/event
Reduced model Log loss : -3.25888
Number of events in target process: 38515
Only one process provided, preparing dataloaders for the reduced model.
Reduced model ln_yy : 7692.09572 nats/sec, 179.74519 nats/event
Reduced model Log loss : -3.25751
Number of events in target process: 38515
Only one process provided, preparing dataloaders for the reduced model.
Number of events in target process: 38515
Only one process provided, preparing dataloaders for the reduced model.
Number of events in target process: 38515
Only one process provided, preparing dataloaders for the reduced model.
Reduced model ln_yy : 7641.70060 nats/sec, 178.56759 nats/event
Reduced model Log loss : -3.26497
Number of events in target process: 38515
Only one process provided, preparing dataloaders for the reduced model.
Reduced model ln_yy : 7629.20397 nats/sec, 178.27557 nats/event
Reduced model Log loss : -3.25826
Number of events in target process: 38515
Only one process provided, preparing dataloaders for the reduced model.
Number of events in target process: 38515
Only one process provided, preparing dataloaders for the reduced model.
Number of events in target process: 38515
Only one process provided, preparing dataloaders for the reduced model.
Number of events in target process: 38515
Only one process provided, preparing dataloaders for the reduced model.
Number of events in target process: 38515
Only one process provided, preparing dataloaders for the reduced model.
Reduced model ln_yy : 7603.29334 nats/sec, 177.67010 nats/event
Reduced model Log loss : -3.25238
Number of events in target process: 38515
Only one process provided, preparing dataloaders for the reduced model.
Reduced model ln_yy : 7661.38109 nats/sec, 179.02747 nats/event
Reduced model Log loss : -3.25946
Number of events in target process: 38515
Only one process provided, preparing dataloaders for the reduced model.
Number of events in target process: 38515
Only one process provided, preparing dataloaders for the reduced model.
Number of events in target process: 38515
Only one process provided, preparing dataloaders for the reduced model.
Reduced model ln_yy : 7631.42822 nats/sec, 178.32755 nats/event
Reduced model Log loss : -3.26352
Number of events in target process: 38515
Only one process provided, preparing dataloaders for the reduced model.
Reduced model ln_yy : 7686.86169 nats/sec, 179.62289 nats/event
Reduced model Log loss : -3.27877
Number of events in target process: 38515
Only one process provided, preparing dataloaders for the reduced model.
Reduced model ln_yy : 7655.41232 nats/sec, 178.88799 nats/event
Reduced model Log loss : -3.27931
Number of events in target process: 38515
Only one process provided, preparing dataloaders for the reduced model.
Number of events in target process: 38515
Only one process provided, preparing dataloaders for the reduced model.
Number of events in target process: 38515
Only one process provided, preparing dataloaders for the reduced model.
Number of events in target process: 38515
Only one process provided, preparing dataloaders for the reduced model.
Number of events in target process: 38515
Only one process provided, preparing dataloaders for the reduced model.
Number of events in target process: 38515
Only one process provided, preparing dataloaders for the reduced model.
Number of events in target process: 38515
Only one process provided, preparing dataloaders for the reduced model.
Number of events in target process: 38515
Only one process provided, preparing dataloaders for the reduced model.
Reduced model ln_yy : 7618.18474 nats/sec, 178.01808 nats/event
Reduced model Log loss : -3.27767
Number of events in target process: 38515
Only one process provided, preparing dataloaders for the reduced model.
Reduced model ln_yy : 7620.86232 nats/sec, 178.08065 nats/event
Reduced model Log loss : -3.27759
Number of events in target process: 38515
Only one process provided, preparing dataloaders for the reduced model.
Reduced model ln_yy : 7725.96269 nats/sec, 180.53658 nats/event
Reduced model Log loss : -3.28081
Number of events in target process: 38515
Only one process provided, preparing dataloaders for the reduced model.
Reduced model ln_yy : 7732.09266 nats/sec, 180.67982 nats/event
Reduced model Log loss : -3.28075
Number of events in target process: 38515
Only one process provided, preparing dataloaders for the reduced model.
Number of events in target process: 38515
Only one process provided, preparing dataloaders for the reduced model.
Number of events in target process: 38515
Only one process provided, preparing dataloaders for the reduced model.
Number of events in target process: 38515
Only one process provided, preparing dataloaders for the reduced model.
Number of events in target process: 38515
Only one process provided, preparing dataloaders for the reduced model.
Best trial:
  Value: -3.280809130859375
  Params: {'n_layers_yy': 1, 'hidden_size_yy_l0': 6, 'context_size_yy': 4, 'num_mix_components_yy': 3, 'context_extractor_yy': 'gru', 'activation_func_yy': 'ReLU', 'L2_weight_yy': 3.099111327924815e-08, 'L_entropy_weight_yy': 5.085821509509091e-07, 'L_sep_weight_yy': 1.1305118811003212e-09, 'L_scale_weight_yy': 3.1099180038125776e-10, 'learning_rate_yy': 0.007683899264880692}
Full best configuration saved to results/opt/opt_reduced_18_best_config.txt
Optimization finished.
